Player,Nation,Pos,Squad,Age,Born,MP,Starts,Min,90s,Gls,Ast,G+A,G-PK,PK,PKatt,CrdY,CrdR,xG,npxG,xAG,npxG+xAG,PrgC,PrgP,PrgR,Gls,Ast,G+A,G-PK,G+A-PK,xG,xAG,xG+xAG,npxG,npxG+xAG
David Abraham,ar ARG,DF,Eint Frankfurt,34,1986,14,14,1 222,13.juin,1,0,1,1,0,0,5,1,0.6,0.6,0.4,1.0,12,55,21,0.07,0.00,0.07,0.07,0.07,0.04,0.03,0.07,0.04,0.07
Amir Abrashi,al ALB,MF DF,Freiburg,30,1990,5,0,60,0.7,0,0,0,0,0,0,0,0,0.0,0.0,0.0,0.0,1,0,1,0.00,0.00,0.00,0.00,0.00,0.00,0.00,0.00,0.00,0.00
Ragnar Ache,de GER,FW DF,Eint Frankfurt,22,1998,7,0,100,01.janv,1,0,1,1,0,0,1,0,0.1,0.1,0.0,0.1,3,3,12,0.90,0.00,0.90,0.90,0.90,0.13,0.00,0.13,0.13,0.13
Tyler Adams,us USA,MF DF,RB Leipzig,21,1999,27,21,1 85,20.juin,1,1,2,1,0,0,3,0,01.mars,01.mars,0.9,02.févr,27,113,70,0.05,0.05,0.10,0.05,0.10,0.07,0.04,0.11,0.07,0.11
Sargis Adamyan,am ARM,FW MF,Hoffenheim,27,1993,18,3,479,05.mars,2,3,5,2,0,0,2,0,02.janv,02.janv,02.mars,04.mai,20,17,58,0.38,0.56,0.94,0.38,0.94,0.40,0.44,0.84,0.40,0.84
Felix Agu,ng NGA,DF,Werder Bremen,20,1999,15,8,701,07.août,1,0,1,1,0,0,0,0,0.6,0.6,0.5,01.janv,7,9,33,0.13,0.00,0.13,0.13,0.13,0.08,0.06,0.14,0.08,0.14
Naouirou Ahamada,fr FRA,MF,Stuttgart,18,2002,6,3,252,02.août,0,0,0,0,0,0,2,1,0.2,0.2,0.0,0.3,8,11,3,0.00,0.00,0.00,0.00,0.00,0.08,0.01,0.09,0.08,0.09
Manuel Akanji,ch SUI,DF,Dortmund,25,1995,28,26,2 35,26.janv,2,0,2,2,0,0,4,0,01.juil,01.juil,0.3,2.0,26,159,7,0.08,0.00,0.08,0.08,0.08,0.06,0.01,0.08,0.06,0.08
Kevin Akpoguma,ng NGA,DF,Hoffenheim,25,1995,16,14,1 184,13.févr,1,0,1,1,0,0,1,0,0.1,0.1,0.4,0.5,10,56,14,0.08,0.00,0.08,0.08,0.08,0.01,0.03,0.04,0.01,0.04
David Alaba,at AUT,DF MF,Bayern Munich,28,1992,32,30,2 675,29.juil,2,4,6,2,0,0,4,0,01.févr,01.févr,02.janv,03.mars,56,242,70,0.07,0.13,0.20,0.07,0.20,0.04,0.07,0.11,0.04,0.11
Lucas Alario,ar ARG,FW,Leverkusen,27,1992,25,12,1 245,13.août,11,2,13,9,2,2,2,0,07.févr,05.juil,0.9,06.juin,7,21,75,0.80,0.14,0.94,0.65,0.80,0.52,0.07,0.59,0.41,0.48
Omar Alderete,py PAR,DF,Hertha BSC,23,1996,17,14,1 299,14.avr,0,0,0,0,0,0,2,0,0.3,0.3,0.1,0.4,8,55,3,0.00,0.00,0.00,0.00,0.00,0.02,0.01,0.03,0.02,0.03
Nadiem Amiri,de GER,MF,Leverkusen,23,1996,29,20,1 89,21.0,2,6,8,2,0,0,5,0,02.févr,02.févr,03.janv,05.mars,45,113,82,0.10,0.29,0.38,0.10,0.38,0.10,0.15,0.25,0.10,0.25
Sebastian Andersson,se SWE,FW,Köln,29,1991,16,14,1 126,12.mai,3,0,3,2,1,1,1,0,06.févr,05.avr,0.3,05.juil,6,20,55,0.24,0.00,0.24,0.16,0.16,0.49,0.03,0.52,0.43,0.46
Robert Andrich,de GER,MF,Union Berlin,25,1994,29,29,2 526,28.janv,5,2,7,5,0,0,5,1,02.juin,02.juin,2.0,04.mai,25,128,31,0.18,0.07,0.25,0.18,0.25,0.09,0.07,0.16,0.09,0.16
Angeliño,es ESP,DF FW,RB Leipzig,23,1997,26,24,2 161,24.0,4,4,8,4,0,0,2,0,04.févr,04.févr,05.mai,09.juil,47,93,242,0.17,0.17,0.33,0.17,0.33,0.17,0.23,0.40,0.17,0.40
Waldemar Anton,de GER,DF,Stuttgart,24,1996,31,30,2 711,30.janv,0,1,1,0,0,0,3,0,01.mars,01.mars,0.9,02.févr,24,116,12,0.00,0.03,0.03,0.00,0.03,0.04,0.03,0.07,0.04,0.07
Charles Aránguiz,cl CHI,MF,Leverkusen,31,1989,21,20,1 669,18.mai,0,0,0,0,0,0,4,0,0.6,0.6,0.6,01.janv,11,119,18,0.00,0.00,0.00,0.00,0.00,0.03,0.03,0.06,0.03,0.06
Santiago Arias,co COL,DF,Leverkusen,28,1992,1,1,90,1.0,0,0,0,0,0,0,0,0,0.0,0.0,0.1,0.1,2,5,4,0.00,0.00,0.00,0.00,0.00,0.00,0.05,0.05,0.00,0.05
Maximilian Arnold,de GER,MF,Wolfsburg,26,1994,30,30,2 585,28.juil,3,6,9,3,0,0,7,1,02.avr,02.avr,04.févr,06.juin,30,180,33,0.10,0.21,0.31,0.10,0.31,0.08,0.15,0.23,0.08,0.23
Tolu Arokodare,ng NGA,FW MF,Köln,19,2000,10,0,112,01.févr,0,0,0,0,0,0,0,0,0.2,0.2,0.2,0.5,1,4,11,0.00,0.00,0.00,0.00,0.00,0.20,0.20,0.40,0.20,0.40
Santiago Ascacíbar,ar ARG,MF,Hertha BSC,23,1997,13,8,762,08.mai,1,0,1,1,0,0,2,0,0.3,0.3,0.3,0.6,7,31,8,0.12,0.00,0.12,0.12,0.12,0.03,0.03,0.07,0.03,0.07
Ludwig Augustinsson,se SWE,DF FW,Werder Bremen,26,1994,23,21,1 957,21.juil,0,4,4,0,0,0,4,0,0.9,0.9,02.juil,03.juin,38,60,108,0.00,0.18,0.18,0.00,0.18,0.04,0.13,0.17,0.04,0.17
Taiwo Awoniyi,ng NGA,FW,Union Berlin,22,1997,21,16,1 359,15.janv,5,2,7,5,0,0,0,0,06.janv,06.janv,01.mars,07.avr,19,16,108,0.33,0.13,0.46,0.33,0.46,0.40,0.08,0.49,0.40,0.49
Mehmet Aydin,de GER,DF,Schalke 04,18,2002,6,6,500,05.juin,0,0,0,0,0,0,0,0,0.0,0.0,0.5,0.5,6,7,10,0.00,0.00,0.00,0.00,0.00,0.00,0.09,0.09,0.00,0.09
Player,Nation,Pos,Squad,Age,Born,MP,Starts,Min,90s,Gls,Ast,G+A,G-PK,PK,PKatt,CrdY,CrdR,xG,npxG,xAG,npxG+xAG,PrgC,PrgP,PrgR,Gls,Ast,G+A,G-PK,G+A-PK,xG,xAG,xG+xAG,npxG,npxG+xAG
Leon Bailey,jm JAM,FW MF,Leverkusen,22,1997,30,25,2 141,23.août,9,8,17,9,0,0,6,0,06.févr,06.févr,6.0,12.févr,112,63,254,0.38,0.34,0.71,0.38,0.71,0.26,0.25,0.51,0.26,0.51
Ridle Baku,de GER,FW DF,Wolfsburg,22,1998,32,31,2 678,29.août,6,7,13,6,0,0,1,0,03.avr,03.avr,04.janv,07.juin,69,104,243,0.20,0.24,0.44,0.20,0.44,0.12,0.14,0.25,0.12,0.25
Ridle Baku,de GER,DF,Mainz 05,22,1998,2,2,180,2.0,0,0,0,0,0,0,0,0,0.0,0.0,0.0,0.0,7,11,7,0.00,0.00,0.00,0.00,0.00,0.00,0.00,0.00,0.00,0.00
Philipp Bargfrede,de GER,MF,Werder Bremen,31,1989,1,0,27,0.3,0,0,0,0,0,0,0,0,0.0,0.0,0.0,0.0,1,2,1,0.00,0.00,0.00,0.00,0.00,0.00,0.00,0.00,0.00,0.00
Aymen Barkok,ma MAR,MF DF,Eint Frankfurt,22,1998,26,9,977,10.sept,2,3,5,2,0,0,5,0,01.sept,01.sept,03.févr,5.0,30,46,76,0.18,0.28,0.46,0.18,0.46,0.17,0.29,0.47,0.17,0.47
Leandro Barreiro Martins,lu LUX,MF,Mainz 05,20,2000,29,27,2 303,25.juin,2,2,4,2,0,0,5,0,04.mai,04.mai,02.juil,07.janv,11,76,42,0.08,0.08,0.16,0.08,0.16,0.17,0.10,0.28,0.17,0.28
Jacob Barrett Laursen,dk DEN,DF,Arminia,25,1994,16,13,1 108,12.mars,0,1,1,0,0,0,1,0,0.1,0.1,01.janv,01.févr,13,30,20,0.00,0.08,0.08,0.00,0.08,0.01,0.09,0.10,0.01,0.10
Oliver Baumann,de GER,GK,Hoffenheim,30,1990,31,31,2 79,31.0,0,0,0,0,0,0,1,0,0.0,0.0,0.0,0.0,0,2,1,0.00,0.00,0.00,0.00,0.00,0.00,0.00,0.00,0.00,0.00
Julian Baumgartlinger,at AUT,MF,Leverkusen,32,1988,17,12,1 072,11.sept,2,0,2,2,0,0,1,0,1.0,1.0,0.2,01.févr,3,51,8,0.17,0.00,0.17,0.17,0.17,0.08,0.01,0.10,0.08,0.10
Christoph Baumgartner,at AUT,MF FW,Hoffenheim,20,1999,31,28,2 369,26.mars,6,3,9,6,0,0,6,0,05.sept,05.sept,03.mai,09.avr,68,110,133,0.23,0.11,0.34,0.23,0.34,0.23,0.13,0.36,0.23,0.36
Noah Joel Sarenren Bazee,ng NGA,FW MF,Augsburg,23,1996,5,0,36,0.4,0,1,1,0,0,0,1,0,0.0,0.0,0.7,0.7,1,0,4,0.00,févr.50,févr.50,0.00,févr.50,0.00,janv.85,janv.85,0.00,janv.85
Ihlas Bebou,tg TOG,FW MF,Hoffenheim,26,1994,32,23,2 2,24.avr,9,7,16,9,0,0,3,0,09.sept,09.sept,5.0,14.août,70,52,225,0.37,0.29,0.65,0.37,0.65,0.40,0.20,0.61,0.40,0.61
Sheraldo Becker,sr SUR,FW MF,Union Berlin,25,1995,18,15,1 106,12.mars,3,3,6,3,0,0,2,0,01.mai,01.mai,03.janv,04.juin,61,22,87,0.24,0.24,0.49,0.24,0.49,0.12,0.25,0.37,0.12,0.37
Timo Becker,de GER,DF,Schalke 04,23,1997,20,18,1 64,18.févr,0,0,0,0,0,0,1,0,0.3,0.3,0.4,0.7,21,44,48,0.00,0.00,0.00,0.00,0.00,0.01,0.02,0.04,0.01,0.04
Brian Behrendt,de GER,DF,Arminia,28,1991,3,0,79,0.9,0,0,0,0,0,0,0,0,0.0,0.0,0.0,0.0,0,2,2,0.00,0.00,0.00,0.00,0.00,0.04,0.00,0.04,0.04,0.04
Maximilian Beier,de GER,FW DF,Hoffenheim,17,2002,3,0,10,0.1,0,0,0,0,0,0,0,0,0.0,0.0,0.0,0.0,0,0,0,0.00,0.00,0.00,0.00,0.00,0.00,0.00,0.00,0.00,0.00
Ishak Belfodil,dz ALG,FW MF,Hoffenheim,28,1992,14,7,596,06.juin,0,1,1,0,0,0,0,0,01.mai,01.mai,0.9,02.avr,9,8,54,0.00,0.15,0.15,0.00,0.15,0.23,0.13,0.36,0.23,0.36
Stefan Bell,de GER,DF,Mainz 05,28,1991,16,16,1 266,14.janv,1,1,2,1,0,0,6,0,0.5,0.5,0.8,01.mars,1,25,3,0.07,0.07,0.14,0.07,0.14,0.04,0.06,0.09,0.04,0.09
Karim Bellarabi,de GER,FW MF,Leverkusen,30,1990,22,7,798,08.sept,0,0,0,0,0,0,2,0,01.août,01.août,02.juin,04.avr,42,25,109,0.00,0.00,0.00,0.00,0.00,0.20,0.29,0.50,0.20,0.50
Jude Bellingham,eng ENG,MF,Dortmund,17,2003,29,19,1 697,18.sept,1,3,4,1,0,0,6,1,02.mai,02.mai,03.févr,05.août,28,93,80,0.05,0.16,0.21,0.05,0.21,0.13,0.17,0.31,0.13,0.31
Lars Bender,de GER,DF,Leverkusen,31,1989,14,12,936,10.avr,1,2,3,0,1,1,2,0,01.juil,0.9,0.6,01.mai,15,55,31,0.10,0.19,0.29,0.00,0.19,0.16,0.06,0.22,0.08,0.14
Sven Bender,de GER,DF,Leverkusen,31,1989,18,14,1 17,13.0,0,0,0,0,0,0,1,0,0.2,0.2,0.2,0.4,1,42,2,0.00,0.00,0.00,0.00,0.00,0.01,0.02,0.03,0.01,0.03
László Bénes,sk SVK,MF,Augsburg,22,1997,12,9,660,07.mars,1,1,2,1,0,0,3,0,0.5,0.5,0.9,01.mars,7,19,20,0.14,0.14,0.27,0.14,0.27,0.07,0.12,0.18,0.07,0.18
László Bénes,sk SVK,MF,Gladbach,22,1997,7,1,150,01.juil,0,1,1,0,0,0,0,0,0.1,0.1,0.2,0.3,2,7,6,0.00,0.60,0.60,0.00,0.60,0.03,0.14,0.17,0.03,0.17
Ramy Bensebaini,dz ALG,DF,Gladbach,25,1995,25,20,1 811,20.janv,4,0,4,3,1,1,7,0,02.mars,01.juin,01.févr,02.juil,27,83,64,0.20,0.00,0.20,0.15,0.15,0.12,0.06,0.17,0.08,0.14
Player,Nation,Pos,Squad,Age,Born,MP,Starts,Min,90s,Gls,Ast,G+A,G-PK,PK,PKatt,CrdY,CrdR,xG,npxG,xAG,npxG+xAG,PrgC,PrgP,PrgR,Gls,Ast,G+A,G-PK,G+A-PK,xG,xAG,xG+xAG,npxG,npxG+xAG
Nabil Bentaleb,dz ALG,MF,Schalke 04,25,1994,9,6,548,06.janv,0,0,0,0,0,1,2,0,0.8,0.0,0.0,0.0,6,29,5,0.00,0.00,0.00,0.00,0.00,0.13,0.01,0.14,0.00,0.01
Jordan Beyer,de GER,DF,Gladbach,20,2000,4,2,188,02.janv,0,0,0,0,0,0,0,0,0.0,0.0,0.0,0.0,1,5,2,0.00,0.00,0.00,0.00,0.00,0.00,0.00,0.00,0.00,0.00
Bartosz Białek,pl POL,FW MF,Wolfsburg,18,2001,19,1,270,3.0,2,0,2,2,0,0,1,0,01.sept,01.sept,0.2,02.janv,3,12,15,0.67,0.00,0.67,0.67,0.67,0.64,0.07,0.71,0.64,0.71
Ermin Bičakčić,ba BIH,DF,Hoffenheim,30,1990,2,2,128,01.avr,1,0,1,1,0,0,1,0,0.4,0.4,0.0,0.4,0,4,0,0.70,0.00,0.70,0.70,0.70,0.25,0.00,0.25,0.25,0.25
Leonardo Bittencourt,de GER,MF FW,Werder Bremen,26,1993,27,19,1 514,16.août,4,1,5,3,1,1,3,0,04.mars,03.juin,1.0,04.juin,40,42,106,0.24,0.06,0.30,0.18,0.24,0.26,0.06,0.32,0.21,0.27
Jérôme Boateng,de GER,DF,Bayern Munich,31,1988,29,29,2 368,26.mars,1,1,2,1,0,0,6,0,0.4,0.4,0.5,0.9,8,184,7,0.04,0.04,0.08,0.04,0.08,0.01,0.02,0.03,0.01,0.03
Jean-Paul Boëtius,sr SUR,MF FW,Mainz 05,26,1994,31,23,2 065,22.sept,2,4,6,2,0,0,5,0,02.juin,02.juin,06.janv,08.juil,33,109,96,0.09,0.17,0.26,0.09,0.26,0.11,0.27,0.38,0.11,0.38
Melayro Bogarde,nl NED,DF MF,Hoffenheim,18,2002,9,2,277,03.janv,0,1,1,0,0,0,1,0,0.2,0.2,0.2,0.4,5,18,9,0.00,0.32,0.32,0.00,0.32,0.05,0.08,0.13,0.05,0.13
Elias Bördner,de GER,GK,Eint Frankfurt,18,2002,1,1,90,1.0,0,0,0,0,0,0,0,0,0.0,0.0,0.0,0.0,0,0,0,0.00,0.00,0.00,0.00,0.00,0.00,0.00,0.00,0.00,0.00
Dennis Borkowski,de GER,MF FW,RB Leipzig,18,2002,2,0,11,0.1,0,0,0,0,0,0,0,0,0.0,0.0,0.0,0.0,0,0,4,0.00,0.00,0.00,0.00,0.00,0.00,0.00,0.00,0.00,0.00
Sebastiaan Bornauw,be BEL,DF,Köln,21,1999,24,23,2 083,23.janv,1,1,2,1,0,0,3,0,01.mai,01.mai,0.0,01.mai,4,43,4,0.04,0.04,0.09,0.04,0.09,0.07,0.00,0.07,0.06,0.06
Nassim Boujellab,ma MAR,MF FW,Schalke 04,21,1999,12,6,605,06.juil,1,0,1,1,0,0,2,0,01.juin,01.juin,0.2,01.août,9,22,29,0.15,0.00,0.15,0.15,0.15,0.23,0.03,0.26,0.23,0.26
Dedryck Boyata,be BEL,DF,Hertha BSC,29,1990,19,17,1 545,17.févr,1,0,1,1,0,0,3,0,0.6,0.6,0.8,01.avr,2,44,3,0.06,0.00,0.06,0.06,0.06,0.04,0.04,0.08,0.04,0.08
Can Bozdogan,de GER,MF FW,Schalke 04,19,2001,14,5,651,07.févr,0,2,2,0,0,0,0,0,0.5,0.5,0.7,01.févr,9,16,18,0.00,0.28,0.28,0.00,0.28,0.07,0.09,0.17,0.07,0.17
Julian Brandt,de GER,FW MF,Dortmund,24,1996,31,17,1 495,16.juin,3,2,5,3,0,0,0,0,02.févr,02.févr,02.mars,04.juin,39,102,142,0.18,0.12,0.30,0.18,0.30,0.14,0.14,0.28,0.14,0.28
Fabian Bredlow,de GER,GK,Stuttgart,25,1995,1,1,90,1.0,0,0,0,0,0,0,0,0,0.0,0.0,0.0,0.0,0,0,0,0.00,0.00,0.00,0.00,0.00,0.00,0.00,0.00,0.00,0.00
Josip Brekalo,hr CRO,FW,Wolfsburg,22,1998,29,22,1 814,20.févr,7,3,10,7,0,0,1,0,03.juin,03.juin,03.août,07.avr,69,82,155,0.35,0.15,0.50,0.35,0.50,0.18,0.19,0.37,0.18,0.37
Joshua Brenet,cw CUW,DF,Hoffenheim,26,1994,1,0,1,0.0,0,0,0,0,0,0,0,0,0.0,0.0,0.0,0.0,1,0,0,0.00,0.00,0.00,0.00,0.00,0.00,0.00,0.00,0.00,0.00
John Brooks,us USA,DF,Wolfsburg,27,1993,32,31,2 774,30.août,2,0,2,2,0,0,5,0,01.juin,01.juin,0.4,02.janv,28,144,6,0.06,0.00,0.06,0.06,0.06,0.05,0.01,0.07,0.05,0.07
Daniel Brosinski,de GER,DF FW,Mainz 05,32,1988,21,16,1 43,15.sept,2,1,3,0,2,2,0,0,2.0,0.4,02.sept,03.mars,21,64,66,0.13,0.06,0.19,0.00,0.06,0.12,0.18,0.31,0.02,0.21
Cédric Brunner,ch SUI,DF,Arminia,26,1994,31,30,2 655,29.mai,0,1,1,0,0,0,6,0,0.5,0.5,01.mars,01.août,28,87,41,0.00,0.03,0.03,0.00,0.03,0.02,0.04,0.06,0.02,0.06
Jacob Bruun Larsen,dk DEN,MF FW,Hoffenheim,21,1998,2,1,89,1.0,0,0,0,0,0,0,0,0,0.0,0.0,0.0,0.0,1,0,11,0.00,0.00,0.00,0.00,0.00,0.00,0.03,0.03,0.00,0.03
Marius Bülter,de GER,FW MF,Union Berlin,27,1993,26,8,977,10.sept,1,0,1,1,0,0,1,0,01.mai,01.mai,0.9,02.avr,24,17,71,0.09,0.00,0.09,0.09,0.09,0.14,0.08,0.22,0.14,0.22
Jonathan Burkardt,de GER,FW MF,Mainz 05,20,2000,29,16,1 373,15.mars,2,0,2,2,0,0,0,0,03.juil,03.juil,01.sept,05.juin,39,33,97,0.13,0.00,0.13,0.13,0.13,0.24,0.13,0.37,0.24,0.37
Nishan Burkart,ch SUI,MF,Freiburg,20,2000,1,0,15,0.2,0,0,0,0,0,0,0,0,0.0,0.0,0.0,0.0,0,1,3,0.00,0.00,0.00,0.00,0.00,0.00,0.00,0.00,0.00,0.00
Player,Nation,Pos,Squad,Age,Born,MP,Starts,Min,90s,Gls,Ast,G+A,G-PK,PK,PKatt,CrdY,CrdR,xG,npxG,xAG,npxG+xAG,PrgC,PrgP,PrgR,Gls,Ast,G+A,G-PK,G+A-PK,xG,xAG,xG+xAG,npxG,npxG+xAG
Roman Bürki,ch SUI,GK,Dortmund,29,1990,19,18,1 665,18.mai,0,0,0,0,0,0,0,0,0.0,0.0,0.0,0.0,0,1,0,0.00,0.00,0.00,0.00,0.00,0.00,0.00,0.00,0.00,0.00
Kerim Calhanoglu,de GER,DF,Schalke 04,17,2002,4,4,296,03.mars,0,0,0,0,0,0,0,0,0.1,0.1,0.0,0.1,2,9,13,0.00,0.00,0.00,0.00,0.00,0.02,0.00,0.02,0.02,0.02
Daniel Caligiuri,it ITA,MF FW,Augsburg,32,1988,33,31,2 665,29.juin,6,4,10,4,2,3,5,0,04.août,02.avr,04.juin,7.0,64,114,136,0.20,0.14,0.34,0.14,0.27,0.16,0.16,0.32,0.08,0.24
Emre Can,de GER,DF MF,Dortmund,26,1994,28,23,2 133,23.juil,1,4,5,1,0,0,5,0,1.0,1.0,02.sept,03.sept,53,133,32,0.04,0.17,0.21,0.04,0.21,0.04,0.12,0.17,0.04,0.17
Koen Casteels,be BEL,GK,Wolfsburg,28,1992,32,32,2 88,32.0,0,0,0,0,0,0,0,0,0.0,0.0,0.0,0.0,0,0,0,0.00,0.00,0.00,0.00,0.00,0.00,0.00,0.00,0.00,0.00
Gonzalo Castro,de GER,MF,Stuttgart,33,1987,26,23,1 729,19.févr,4,2,6,4,0,0,9,0,03.mars,03.mars,02.août,06.févr,55,119,108,0.21,0.10,0.31,0.21,0.31,0.17,0.15,0.32,0.17,0.32
Sava Cestic,rs SRB,DF,Köln,19,2001,11,11,899,10.0,0,0,0,0,0,0,3,0,0.2,0.2,0.1,0.3,3,19,0,0.00,0.00,0.00,0.00,0.00,0.02,0.01,0.03,0.02,0.03
Timothy Chandler,us USA,DF,Eint Frankfurt,30,1990,15,3,432,04.août,1,0,1,1,0,0,2,0,0.8,0.8,0.2,1.0,14,19,45,0.21,0.00,0.21,0.21,0.21,0.16,0.05,0.22,0.16,0.22
Kwon Chang-hoon,kr KOR,MF FW,Freiburg,26,1994,12,1,216,02.avr,0,0,0,0,0,0,2,0,0.2,0.2,0.1,0.3,3,6,24,0.00,0.00,0.00,0.00,0.00,0.07,0.05,0.12,0.07,0.12
Tahith Chong,cw CUW,MF FW,Werder Bremen,20,1999,13,4,386,04.mars,0,1,1,0,0,0,1,0,0.3,0.3,0.6,1.0,12,12,26,0.00,0.23,0.23,0.00,0.23,0.08,0.15,0.23,0.08,0.23
Darko Churlinov,mk MKD,DF MF,Stuttgart,20,2000,14,0,216,02.avr,0,1,1,0,0,0,0,0,0.1,0.1,0.7,0.8,10,6,23,0.00,0.42,0.42,0.00,0.42,0.05,0.30,0.34,0.05,0.34
Tim Civeja,al ALB,MF,Augsburg,18,2002,3,0,34,0.4,0,0,0,0,0,0,0,0,0.0,0.0,0.0,0.0,0,2,0,0.00,0.00,0.00,0.00,0.00,0.00,0.00,0.00,0.00,0.00
Kingsley Coman,fr FRA,FW MF,Bayern Munich,24,1996,29,23,1 752,19.mai,5,10,15,5,0,0,1,0,04.févr,04.févr,06.avr,10.juin,103,76,268,0.26,0.51,0.77,0.26,0.77,0.21,0.33,0.55,0.21,0.55
Jhon Córdoba,co COL,FW,Hertha BSC,27,1993,21,17,1 537,17.janv,7,1,8,7,0,0,3,0,06.sept,06.sept,01.juin,08.mai,22,16,97,0.41,0.06,0.47,0.41,0.47,0.41,0.09,0.50,0.41,0.50
Sergio Córdova,ve VEN,FW MF,Arminia,22,1997,23,13,1 09,12.janv,2,1,3,2,0,0,0,0,03.mai,03.mai,0.9,04.avr,17,21,77,0.17,0.08,0.25,0.17,0.25,0.29,0.08,0.36,0.29,0.36
Danny da Costa,de GER,DF FW,Mainz 05,27,1993,16,15,1 208,13.avr,0,1,1,0,0,0,2,0,0.1,0.1,02.mars,02.mai,23,48,41,0.00,0.07,0.07,0.00,0.07,0.01,0.17,0.18,0.01,0.18
Danny da Costa,de GER,DF,Eint Frankfurt,27,1993,6,1,110,01.févr,0,0,0,0,0,0,0,0,0.2,0.2,0.0,0.2,4,5,7,0.00,0.00,0.00,0.00,0.00,0.13,0.00,0.13,0.13,0.13
Douglas Costa,br BRA,FW MF,Bayern Munich,29,1990,11,3,320,03.juin,1,1,2,1,0,0,0,0,0.2,0.2,0.8,0.9,15,17,40,0.28,0.28,0.56,0.28,0.56,0.04,0.21,0.26,0.04,0.26
Tanguy Coulibaly,fr FRA,DF FW,Stuttgart,19,2001,31,17,1 506,16.juil,2,1,3,2,0,0,2,0,02.août,02.août,02.juin,05.avr,46,29,149,0.12,0.06,0.18,0.12,0.18,0.16,0.16,0.32,0.16,0.32
Mickaël Cuisance,fr FRA,FW,Bayern Munich,20,1999,1,0,18,0.2,0,0,0,0,0,0,0,0,0.0,0.0,0.0,0.0,1,0,1,0.00,0.00,0.00,0.00,0.00,0.00,0.00,0.00,0.00,0.00
Matheus Cunha,br BRA,FW MF,Hertha BSC,21,1999,27,25,2 149,23.sept,7,4,11,5,2,3,9,0,08.avr,06.janv,04.mai,10.juin,91,85,137,0.29,0.17,0.46,0.21,0.38,0.35,0.19,0.54,0.25,0.44
Rafael Czichos,de GER,DF,Köln,30,1990,28,26,2 259,25.janv,1,0,1,1,0,0,7,0,01.août,01.août,0.1,01.sept,21,103,6,0.04,0.00,0.04,0.04,0.04,0.07,0.01,0.08,0.07,0.08
Moanes Dabbur,il ISR,FW MF,Hoffenheim,28,1992,22,11,999,11.janv,4,0,4,4,0,1,2,0,05.mars,04.mai,0.6,05.janv,20,35,80,0.36,0.00,0.36,0.36,0.36,0.48,0.05,0.53,0.41,0.46
Finn Dahmen,de GER,GK,Mainz 05,22,1998,3,3,270,3.0,0,0,0,0,0,0,0,0,0.0,0.0,0.0,0.0,0,0,0,0.00,0.00,0.00,0.00,0.00,0.00,0.00,0.00,0.00,0.00
Mahmoud Dahoud,de GER,MF,Dortmund,24,1996,21,15,1 258,14.0,1,1,2,1,0,0,2,0,0.6,0.6,01.avr,2.0,21,93,30,0.07,0.07,0.14,0.07,0.14,0.04,0.10,0.14,0.04,0.14
Player,Nation,Pos,Squad,Age,Born,MP,Starts,Min,90s,Gls,Ast,G+A,G-PK,PK,PKatt,CrdY,CrdR,xG,npxG,xAG,npxG+xAG,PrgC,PrgP,PrgR,Gls,Ast,G+A,G-PK,G+A-PK,xG,xAG,xG+xAG,npxG,npxG+xAG
Leon Dajaku,de GER,FW,Union Berlin,19,2001,2,0,37,0.4,0,0,0,0,0,0,0,0,0.0,0.0,0.0,0.0,0,1,2,0.00,0.00,0.00,0.00,0.00,0.00,0.00,0.00,0.00,0.00
Tiago Dantas,pt POR,MF,Bayern Munich,19,2000,2,1,69,0.8,0,0,0,0,0,0,0,0,0.0,0.0,0.1,0.1,1,3,3,0.00,0.00,0.00,0.00,0.00,0.00,0.15,0.15,0.00,0.15
Márton Dárdai,hu HUN,DF MF,Hertha BSC,18,2002,12,9,821,09.janv,0,1,1,0,0,0,0,0,0.1,0.1,0.3,0.4,10,41,1,0.00,0.11,0.11,0.00,0.11,0.01,0.03,0.04,0.01,0.04
Vladimír Darida,cz CZE,MF,Hertha BSC,29,1990,27,24,1 903,21.janv,1,6,7,1,0,0,5,1,01.juil,01.juil,05.févr,06.sept,35,101,105,0.05,0.28,0.33,0.05,0.33,0.08,0.25,0.33,0.08,0.33
Alphonso Davies,ca CAN,DF,Bayern Munich,19,2000,23,22,1 763,19.juin,1,2,3,1,0,0,2,1,0.2,0.2,01.sept,02.janv,80,123,131,0.05,0.10,0.15,0.05,0.15,0.01,0.10,0.11,0.01,0.11
Thomas Delaney,dk DEN,MF,Dortmund,28,1991,20,14,1 286,14.mars,1,1,2,1,0,0,6,0,0.6,0.6,0.2,0.7,5,58,19,0.07,0.07,0.14,0.07,0.14,0.04,0.01,0.05,0.04,0.05
Kerem Demirbay,de GER,MF,Leverkusen,27,1993,29,20,1 744,19.avr,4,3,7,4,0,0,2,0,03.mai,03.mai,03.juil,07.janv,41,130,74,0.21,0.15,0.36,0.21,0.36,0.18,0.19,0.37,0.18,0.37
Ermedin Demirović,ba BIH,FW,Freiburg,22,1998,30,19,1 498,16.juin,5,6,11,5,0,0,7,0,04.sept,04.sept,04.mars,09.mars,16,39,88,0.30,0.36,0.66,0.30,0.66,0.30,0.26,0.56,0.30,0.56
Emmanuel Dennis,ng NGA,FW,Köln,22,1997,9,6,474,05.mars,0,1,1,0,0,0,0,0,0.6,0.6,0.2,0.8,11,4,44,0.00,0.19,0.19,0.00,0.19,0.12,0.03,0.15,0.12,0.15
Mike van der Hoorn,nl NED,DF,Arminia,27,1992,22,15,1 356,15.janv,0,0,0,0,0,0,3,0,0.4,0.4,0.2,0.6,4,36,3,0.00,0.00,0.00,0.00,0.00,0.03,0.01,0.04,0.03,0.04
Moussa Diaby,fr FRA,FW MF,Leverkusen,21,1999,32,28,2 388,26.mai,4,11,15,4,0,0,5,0,04.juin,04.juin,06.juil,11.mars,142,62,270,0.15,0.41,0.57,0.15,0.57,0.17,0.25,0.43,0.17,0.43
Daniel Didavi,de GER,MF FW,Stuttgart,30,1990,23,10,970,10.août,4,3,7,4,0,0,2,0,02.août,02.août,02.juil,05.juin,21,62,83,0.37,0.28,0.65,0.37,0.65,0.26,0.25,0.52,0.26,0.52
Javairô Dilrosun,nl NED,FW MF,Hertha BSC,22,1998,12,5,529,05.sept,0,1,1,0,0,0,0,0,0.4,0.4,0.3,0.7,16,18,40,0.00,0.17,0.17,0.00,0.17,0.07,0.05,0.12,0.07,0.12
Eren Dinkçi,de GER,MF FW,Werder Bremen,18,2001,8,1,108,01.févr,1,0,1,1,0,0,0,1,0.5,0.5,0.2,0.7,2,4,5,0.83,0.00,0.83,0.83,0.83,0.43,0.17,0.60,0.43,0.60
Jonas Dirkner,de GER,MF,Hertha BSC,18,2002,1,0,16,0.2,0,0,0,0,0,0,0,0,0.0,0.0,0.0,0.0,0,0,0,0.00,0.00,0.00,0.00,0.00,0.00,0.00,0.00,0.00,0.00
Ritsu Doan,jp JPN,MF FW,Arminia,22,1998,34,33,2 768,30.août,5,2,7,5,0,0,1,0,05.févr,05.janv,03.juin,08.juil,88,86,169,0.16,0.07,0.23,0.16,0.23,0.17,0.12,0.29,0.17,0.28
Ji Dong-won,kr KOR,FW,Mainz 05,29,1991,6,0,62,0.7,0,0,0,0,0,0,1,0,0.0,0.0,0.0,0.0,1,2,4,0.00,0.00,0.00,0.00,0.00,0.00,0.05,0.05,0.00,0.05
Bas Dost,nl NED,FW,Eint Frankfurt,31,1989,12,9,817,09.janv,4,2,6,3,1,1,3,0,4.0,03.févr,02.juin,05.août,3,30,40,0.44,0.22,0.66,0.33,0.55,0.44,0.29,0.73,0.35,0.64
Aleksandar Dragović,at AUT,DF,Leverkusen,29,1991,18,11,1 136,12.juin,1,0,1,1,0,0,3,0,0.2,0.2,0.6,0.8,15,99,16,0.08,0.00,0.08,0.08,0.08,0.02,0.05,0.06,0.02,0.06
Dominick Drexler,de GER,MF FW,Köln,30,1990,27,11,1 233,13.juil,2,1,3,2,0,0,1,0,02.janv,02.janv,02.juil,04.août,33,56,98,0.15,0.07,0.22,0.15,0.22,0.15,0.20,0.35,0.15,0.35
Ondrej Duda,sk SVK,FW MF,Köln,25,1994,32,32,2 537,28.févr,7,5,12,4,3,4,8,1,06.avr,03.mars,03.sept,07.févr,32,126,132,0.25,0.18,0.43,0.14,0.32,0.23,0.14,0.37,0.12,0.26
Erik Durm,de GER,DF,Eint Frankfurt,28,1992,21,19,1 48,16.avr,1,2,3,1,0,0,1,0,01.avr,01.avr,01.sept,03.mars,25,47,90,0.06,0.12,0.18,0.06,0.18,0.09,0.11,0.20,0.09,0.20
Johannes Eggestein,de GER,FW MF,Werder Bremen,22,1998,2,0,33,0.4,0,0,0,0,0,0,0,0,0.0,0.0,0.0,0.0,1,1,2,0.00,0.00,0.00,0.00,0.00,0.00,0.12,0.12,0.00,0.12
Maximilian Eggestein,de GER,MF,Werder Bremen,23,1996,33,33,2 942,32.7,2,5,7,2,0,0,5,0,1.0,1.0,03.mars,04.mars,45,192,68,0.06,0.15,0.21,0.06,0.21,0.03,0.10,0.13,0.03,0.13
Lilian Egloff,de GER,MF,Stuttgart,17,2002,2,0,16,0.2,0,0,0,0,0,0,0,0,0.0,0.0,0.0,0.0,0,0,2,0.00,0.00,0.00,0.00,0.00,0.00,0.00,0.00,0.00,0.00
Player,Nation,Pos,Squad,Age,Born,MP,Starts,Min,90s,Gls,Ast,G+A,G-PK,PK,PKatt,CrdY,CrdR,xG,npxG,xAG,npxG+xAG,PrgC,PrgP,PrgR,Gls,Ast,G+A,G-PK,G+A-PK,xG,xAG,xG+xAG,npxG,npxG+xAG
Kingsley Ehizibue,nl NED,DF,Köln,25,1995,21,15,1 133,12.juin,0,1,1,0,0,0,5,0,0.6,0.6,0.6,01.févr,25,30,44,0.00,0.08,0.08,0.00,0.08,0.05,0.05,0.10,0.05,0.10
Nico Elvedi,ch SUI,DF,Gladbach,23,1996,29,29,2 536,28.févr,3,1,4,3,0,0,1,0,01.juil,01.juil,0.1,01.août,10,69,3,0.11,0.04,0.14,0.11,0.14,0.06,0.00,0.06,0.06,0.06
Breel Embolo,ch SUI,FW MF,Gladbach,23,1997,31,16,1 44,16.0,5,2,7,5,0,0,4,0,07.juil,07.juil,01.mars,9.0,36,31,124,0.31,0.12,0.44,0.31,0.44,0.48,0.08,0.56,0.48,0.56
Keita Endo,jp JPN,MF FW,Union Berlin,22,1997,16,4,456,05.janv,1,0,1,1,0,0,0,0,01.avr,01.avr,01.sept,03.mars,16,7,33,0.20,0.00,0.20,0.20,0.20,0.28,0.37,0.64,0.28,0.64
Wataru Endo,jp JPN,MF,Stuttgart,27,1993,33,33,2 955,32.8,3,3,6,3,0,0,5,0,02.juin,02.juin,01.août,04.avr,35,187,39,0.09,0.09,0.18,0.09,0.18,0.08,0.06,0.13,0.08,0.13
Patrick Erras,de GER,FW MF,Werder Bremen,25,1995,4,0,26,0.3,0,0,0,0,0,0,0,0,0.0,0.0,0.0,0.0,0,1,7,0.00,0.00,0.00,0.00,0.00,0.00,0.09,0.09,0.00,0.09
Ralf Fährmann,de GER,GK,Schalke 04,31,1988,22,22,1 876,20.août,0,0,0,0,0,0,2,0,0.1,0.1,0.1,0.2,0,0,0,0.00,0.00,0.00,0.00,0.00,0.01,0.00,0.01,0.01,0.01
Ohis Felix Uduokhai,de GER,DF,Augsburg,22,1997,29,29,2 61,29.0,1,0,1,1,0,0,5,0,01.juil,01.juil,0.3,2.0,21,94,13,0.03,0.00,0.03,0.03,0.03,0.06,0.01,0.07,0.06,0.07
Edimilson Fernandes,ch SUI,MF FW,Mainz 05,24,1996,14,9,841,09.mars,0,1,1,0,0,0,1,0,0.5,0.5,01.mars,01.août,6,23,19,0.00,0.11,0.11,0.00,0.11,0.05,0.14,0.20,0.05,0.20
Alfreð Finnbogason,is ISL,FW,Augsburg,31,1989,17,4,544,6.0,0,1,1,0,0,2,0,0,03.janv,01.mai,0.9,02.mai,5,18,47,0.00,0.17,0.17,0.00,0.17,0.51,0.15,0.67,0.25,0.41
Mark Flekken,nl NED,GK,Freiburg,27,1993,3,3,270,3.0,0,0,0,0,0,0,0,0,0.0,0.0,0.0,0.0,0,0,0,0.00,0.00,0.00,0.00,0.00,0.00,0.00,0.00,0.00,0.00
Florian Flick,de GER,MF,Schalke 04,20,2000,4,4,360,4.0,1,0,1,1,0,0,1,0,0.5,0.5,0.0,0.5,1,6,1,0.25,0.00,0.25,0.25,0.25,0.12,0.00,0.12,0.12,0.12
Emil Forsberg,se SWE,FW MF,RB Leipzig,28,1991,29,20,1 539,17.janv,7,4,11,5,2,3,0,0,06.janv,03.juil,04.août,08.mai,36,71,112,0.41,0.23,0.64,0.29,0.53,0.36,0.28,0.64,0.22,0.50
Philipp Förster,de GER,MF,Stuttgart,25,1995,25,17,1 509,16.août,3,1,4,3,0,1,4,0,03.mai,02.juil,02.mars,5.0,69,93,117,0.18,0.06,0.24,0.18,0.24,0.21,0.14,0.35,0.16,0.30
Timothy Fosu-Mensah,nl NED,DF,Leverkusen,22,1998,6,5,409,04.mai,0,0,0,0,0,0,2,0,0.2,0.2,0.1,0.2,8,35,17,0.00,0.00,0.00,0.00,0.00,0.03,0.01,0.05,0.03,0.05
Raphael Framberger,de GER,DF,Augsburg,24,1995,21,19,1 54,17.janv,0,1,1,0,0,0,6,1,0.0,0.0,2.0,02.janv,48,36,63,0.00,0.06,0.06,0.00,0.06,0.00,0.12,0.12,0.00,0.12
Marco Friedl,at AUT,DF,Werder Bremen,22,1998,32,31,2 785,30.sept,0,0,0,0,0,0,6,0,0.4,0.4,0.8,01.févr,25,125,15,0.00,0.00,0.00,0.00,0.00,0.01,0.02,0.04,0.01,0.04
Marvin Friedrich,de GER,DF,Union Berlin,24,1995,34,34,3 06,34.0,5,2,7,5,0,0,1,0,01.juin,01.juin,02.mai,04.janv,30,123,13,0.15,0.06,0.21,0.15,0.21,0.05,0.07,0.12,0.05,0.12
Jeremie Frimpong,nl NED,DF FW,Leverkusen,19,2000,10,4,436,04.août,0,0,0,0,0,0,1,0,0.2,0.2,0.9,01.janv,30,29,47,0.00,0.00,0.00,0.00,0.00,0.03,0.19,0.22,0.03,0.22
Niclas Füllkrug,de GER,FW,Werder Bremen,27,1993,19,10,877,09.juil,6,0,6,4,2,2,1,0,5.0,03.mai,0.2,03.juil,9,22,68,0.62,0.00,0.62,0.41,0.41,0.52,0.02,0.54,0.35,0.38
Mijat Gaćinović,rs SRB,DF MF,Hoffenheim,25,1995,23,7,822,09.janv,0,2,2,0,0,0,5,0,2.0,2.0,2.0,4.0,16,29,46,0.00,0.22,0.22,0.00,0.22,0.22,0.22,0.44,0.22,0.44
Christian Gebauer,at AUT,MF FW,Arminia,26,1993,23,5,687,07.juin,1,1,2,1,0,0,0,0,01.sept,01.sept,1.0,3.0,8,14,41,0.13,0.13,0.26,0.13,0.26,0.25,0.14,0.39,0.25,0.39
Theodor Gebre Selassie,cz CZE,DF,Werder Bremen,33,1986,34,34,3 032,33.7,3,1,4,3,0,0,3,0,01.mai,01.mai,01.janv,02.juil,37,84,123,0.09,0.03,0.12,0.09,0.12,0.05,0.03,0.08,0.05,0.08
Emrehan Gedikli,de GER,FW,Leverkusen,17,2003,1,0,25,0.3,0,0,0,0,0,0,0,0,0.0,0.0,0.0,0.0,0,1,0,0.00,0.00,0.00,0.00,0.00,0.00,0.00,0.00,0.00,0.00
Dennis Geiger,de GER,MF,Hoffenheim,22,1998,9,9,658,07.mars,1,1,2,1,0,0,4,1,0.3,0.3,01.mai,01.août,10,46,18,0.14,0.14,0.27,0.14,0.27,0.04,0.21,0.25,0.04,0.25
Player,Nation,Pos,Squad,Age,Born,MP,Starts,Min,90s,Gls,Ast,G+A,G-PK,PK,PKatt,CrdY,CrdR,xG,npxG,xAG,npxG+xAG,PrgC,PrgP,PrgR,Gls,Ast,G+A,G-PK,G+A-PK,xG,xAG,xG+xAG,npxG,npxG+xAG
Christian Gentner,de GER,MF,Union Berlin,34,1985,22,13,1 033,11.mai,0,0,0,0,0,0,0,0,0.4,0.4,0.8,01.mars,8,45,24,0.00,0.00,0.00,0.00,0.00,0.04,0.07,0.11,0.04,0.11
Yannick Gerhardt,de GER,MF FW,Wolfsburg,26,1994,29,21,1 936,21.mai,2,4,6,2,0,0,3,0,03.sept,03.sept,03.avr,07.mars,51,74,107,0.09,0.19,0.28,0.09,0.28,0.18,0.16,0.34,0.18,0.34
Hamadi Al Ghaddioui,ma MAR,FW,Stuttgart,29,1990,6,0,46,0.5,0,0,0,0,0,0,0,0,0.3,0.3,0.0,0.3,1,1,2,0.00,0.00,0.00,0.00,0.00,0.50,0.00,0.50,0.50,0.50
Niko Gießelmann,de GER,DF,Union Berlin,28,1991,13,4,430,04.août,0,0,0,0,0,0,3,0,0.1,0.1,0.2,0.4,5,23,24,0.00,0.00,0.00,0.00,0.00,0.02,0.05,0.07,0.02,0.07
Rafał Gikiewicz,pl POL,GK,Augsburg,32,1987,34,34,3 06,34.0,0,0,0,0,0,0,3,0,0.0,0.0,0.0,0.0,0,1,0,0.00,0.00,0.00,0.00,0.00,0.00,0.00,0.00,0.00,0.00
Daniel Ginczek,de GER,FW MF,Wolfsburg,29,1991,11,1,215,02.avr,0,0,0,0,0,0,0,0,0.2,0.2,0.2,0.3,2,9,14,0.00,0.00,0.00,0.00,0.00,0.07,0.06,0.13,0.07,0.13
Matthias Ginter,de GER,DF,Gladbach,26,1994,34,34,3 06,34.0,2,1,3,2,0,0,2,0,01.avr,01.avr,01.août,03.févr,47,178,21,0.06,0.03,0.09,0.06,0.09,0.04,0.05,0.09,0.04,0.09
Robert Glatzel,de GER,FW,Mainz 05,26,1994,13,3,359,4.0,2,1,3,2,0,0,0,0,02.août,02.août,0.5,03.mars,9,12,38,0.50,0.25,0.75,0.50,0.75,0.70,0.12,0.82,0.70,0.82
Serge Gnabry,de GER,FW MF,Bayern Munich,25,1995,27,20,1 644,18.mars,10,2,12,10,0,0,4,0,8.0,8.0,6.0,14.janv,82,93,216,0.55,0.11,0.66,0.55,0.66,0.44,0.33,0.77,0.44,0.77
Akaki Gogia,de GER,FW MF,Union Berlin,28,1992,7,0,140,01.juin,0,1,1,0,0,0,1,0,0.1,0.1,0.5,0.6,5,7,17,0.00,0.64,0.64,0.00,0.64,0.07,0.33,0.39,0.07,0.39
Nicolás González,ar ARG,FW MF,Stuttgart,22,1998,15,10,934,10.avr,6,2,8,3,3,4,5,0,07.avr,04.mars,2.0,06.mars,32,27,65,0.58,0.19,0.77,0.29,0.48,0.71,0.19,0.90,0.41,0.60
Leon Goretzka,de GER,MF,Bayern Munich,25,1995,24,18,1 705,18.sept,5,5,10,5,0,0,2,0,03.juil,03.juil,02.août,06.mai,45,137,42,0.26,0.26,0.53,0.26,0.53,0.19,0.15,0.34,0.19,0.34
Jeffrey Gouweleeuw,nl NED,DF,Augsburg,29,1991,32,32,2 835,31.mai,1,0,1,1,0,0,9,0,0.3,0.3,0.6,0.9,27,131,8,0.03,0.00,0.03,0.03,0.03,0.01,0.02,0.03,0.01,0.03
Demarai Gray,jm JAM,FW,Leverkusen,24,1996,10,5,442,04.sept,1,2,3,1,0,0,0,0,01.avr,01.avr,0.9,02.mars,27,12,44,0.20,0.41,0.61,0.20,0.61,0.28,0.18,0.46,0.28,0.46
Michael Gregoritsch,at AUT,FW MF,Augsburg,26,1994,24,9,835,09.mars,1,2,3,1,0,0,1,0,01.mai,01.mai,01.mai,3.0,12,26,48,0.11,0.22,0.32,0.11,0.32,0.16,0.16,0.32,0.16,0.32
Sebastian Griesbeck,de GER,MF,Union Berlin,29,1990,24,8,890,09.sept,0,0,0,0,0,0,3,0,0.5,0.5,0.0,0.5,3,20,24,0.00,0.00,0.00,0.00,0.00,0.05,0.00,0.05,0.05,0.05
Vincenzo Grifo,it ITA,MF FW,Freiburg,27,1993,31,27,2 313,25.juil,9,10,19,5,4,4,2,0,08.janv,04.sept,07.janv,12.0,68,135,153,0.35,0.39,0.74,0.19,0.58,0.31,0.27,0.59,0.19,0.47
Lennart Grill,de GER,GK,Leverkusen,21,1999,4,4,360,4.0,0,0,0,0,0,0,0,0,0.0,0.0,0.0,0.0,0,0,0,0.00,0.00,0.00,0.00,0.00,0.00,0.00,0.00,0.00,0.00
Florian Grillitsch,at AUT,MF DF,Hoffenheim,24,1995,26,22,1 879,20.sept,2,1,3,2,0,0,6,1,02.mai,02.mai,01.juin,04.févr,29,160,43,0.10,0.05,0.14,0.10,0.14,0.12,0.08,0.20,0.12,0.20
Christian Groß,de GER,MF DF,Werder Bremen,31,1989,23,17,1 468,16.mars,0,1,1,0,0,0,8,1,0.3,0.3,0.6,1.0,14,55,9,0.00,0.06,0.06,0.00,0.06,0.02,0.04,0.06,0.02,0.06
Ilia Gruev,bg BUL,FW,Werder Bremen,20,2000,1,0,1,0.0,0,0,0,0,0,0,0,0,0.0,0.0,0.0,0.0,0,0,0,0.00,0.00,0.00,0.00,0.00,0.00,0.00,0.00,0.00,0.00
Carlos Gruezo,ec ECU,MF,Augsburg,25,1995,28,23,2 084,23.févr,0,0,0,0,0,0,4,0,0.4,0.4,0.5,0.9,5,79,8,0.00,0.00,0.00,0.00,0.00,0.02,0.02,0.04,0.02,0.04
Mattéo Guendouzi,fr FRA,MF,Hertha BSC,21,1999,24,19,1 818,20.févr,2,1,3,2,0,0,5,0,1.0,1.0,01.juin,02.juin,40,125,61,0.10,0.05,0.15,0.10,0.15,0.05,0.08,0.13,0.05,0.13
Raphaël Guerreiro,pt POR,DF,Dortmund,26,1993,27,25,2 218,24.juin,5,10,15,5,0,0,1,0,03.août,03.août,07.avr,11.févr,86,243,169,0.20,0.41,0.61,0.20,0.61,0.15,0.30,0.45,0.15,0.45
Josuha Guilavogui,fr FRA,MF DF,Wolfsburg,29,1990,20,7,747,08.mars,0,1,1,0,0,0,3,0,0.4,0.4,0.7,1.0,2,39,7,0.00,0.12,0.12,0.00,0.12,0.05,0.08,0.12,0.05,0.12
Player,Nation,Pos,Squad,Age,Born,MP,Starts,Min,90s,Gls,Ast,G+A,G-PK,PK,PKatt,CrdY,CrdR,xG,npxG,xAG,npxG+xAG,PrgC,PrgP,PrgR,Gls,Ast,G+A,G-PK,G+A-PK,xG,xAG,xG+xAG,npxG,npxG+xAG
Péter Gulácsi,hu HUN,GK,RB Leipzig,30,1990,33,33,2 97,33.0,0,0,0,0,0,0,0,0,0.0,0.0,0.0,0.0,0,3,0,0.00,0.00,0.00,0.00,0.00,0.00,0.00,0.00,0.00,0.00
Manuel Gulde,de GER,DF,Freiburg,29,1991,27,22,1 954,21.juil,2,0,2,2,0,0,3,0,0.8,0.8,0.0,0.8,9,54,7,0.09,0.00,0.09,0.09,0.09,0.04,0.00,0.04,0.04,0.04
Robert Gumny,pl POL,DF,Augsburg,22,1998,24,14,1 377,15.mars,1,0,1,1,0,0,4,0,0.5,0.5,0.6,01.janv,24,27,62,0.07,0.00,0.07,0.07,0.07,0.03,0.04,0.07,0.03,0.07
Christian Günter,de GER,DF MF,Freiburg,27,1993,34,34,3 06,34.0,3,3,6,3,0,0,2,0,1.0,1.0,05.sept,06.sept,67,115,188,0.09,0.09,0.18,0.09,0.18,0.03,0.17,0.20,0.03,0.20
Erling Haaland,no NOR,FW,Dortmund,20,2000,28,27,2 407,26.juil,27,6,33,25,2,4,2,0,23.mai,20.mars,03.mai,23.août,47,39,157,01.janv,0.22,janv.23,0.93,janv.16,0.88,0.13,01.janv,0.76,0.89
Janik Haberer,de GER,MF FW,Freiburg,26,1994,14,5,486,05.avr,0,0,0,0,0,0,0,0,0.9,0.9,0.1,1.0,8,19,23,0.00,0.00,0.00,0.00,0.00,0.17,0.01,0.18,0.17,0.18
Alexander Hack,de GER,DF,Mainz 05,26,1993,21,14,1 37,15.févr,1,0,1,1,0,0,2,0,0.5,0.5,0.3,0.8,7,51,2,0.07,0.00,0.07,0.07,0.07,0.03,0.02,0.05,0.03,0.05
André Hahn,de GER,FW MF,Augsburg,29,1990,29,24,2 037,22.juin,8,3,11,8,0,0,4,0,5.0,5.0,02.janv,07.janv,22,29,82,0.35,0.13,0.49,0.35,0.49,0.22,0.09,0.31,0.22,0.31
Amadou Haidara,ml MLI,MF FW,RB Leipzig,22,1998,31,21,1 905,21.févr,3,1,4,3,0,0,4,0,03.sept,03.sept,3.0,06.août,53,99,121,0.14,0.05,0.19,0.14,0.19,0.18,0.14,0.32,0.18,0.32
Marcel Halstenberg,de GER,DF,RB Leipzig,28,1991,24,19,1 651,18.mars,2,2,4,1,1,1,2,0,01.sept,01.janv,01.juil,02.sept,43,143,59,0.11,0.11,0.22,0.05,0.16,0.11,0.09,0.20,0.06,0.16
Amine Harit,ma MAR,MF FW,Schalke 04,23,1997,28,25,2 101,23.mars,2,5,7,2,0,0,4,0,01.mai,01.mai,05.janv,06.juil,83,93,152,0.09,0.21,0.30,0.09,0.30,0.07,0.22,0.29,0.07,0.29
Marcel Hartel,de GER,MF,Arminia,24,1996,22,20,1 681,18.juil,0,0,0,0,0,0,1,0,01.févr,01.févr,01.mars,02.mai,18,69,39,0.00,0.00,0.00,0.00,0.00,0.07,0.07,0.14,0.07,0.14
Makoto Hasebe,jp JPN,DF MF,Eint Frankfurt,36,1984,29,26,2 288,25.avr,0,0,0,0,0,0,5,0,0.1,0.1,0.3,0.4,28,167,13,0.00,0.00,0.00,0.00,0.00,0.00,0.01,0.01,0.00,0.01
Thorgan Hazard,be BEL,MF FW,Dortmund,27,1993,16,8,654,07.mars,1,3,4,1,0,0,0,0,0.8,0.8,03.mai,04.mars,20,31,56,0.14,0.41,0.55,0.14,0.55,0.11,0.48,0.59,0.11,0.59
Jonas Hector,de GER,MF FW,Köln,30,1990,19,15,1 29,14.mars,3,1,4,3,0,0,2,0,03.janv,03.janv,01.juin,04.juil,8,60,57,0.21,0.07,0.28,0.21,0.28,0.22,0.11,0.33,0.22,0.33
Hwang Hee-chan,kr KOR,FW MF,RB Leipzig,24,1996,18,3,460,05.janv,0,1,1,0,0,0,2,0,01.août,01.août,0.5,02.mars,14,7,40,0.00,0.20,0.20,0.00,0.20,0.35,0.11,0.46,0.35,0.46
Dominique Heintz,de GER,DF,Freiburg,26,1993,21,14,1 369,15.févr,0,0,0,0,0,0,3,0,0.2,0.2,0.3,0.5,11,78,4,0.00,0.00,0.00,0.00,0.00,0.01,0.02,0.03,0.01,0.03
Benjamin Henrichs,de GER,DF MF,RB Leipzig,23,1997,13,5,540,6.0,0,1,1,0,0,0,3,0,0.2,0.2,0.6,0.8,12,33,32,0.00,0.17,0.17,0.00,0.17,0.03,0.11,0.14,0.03,0.14
Lucas Hernández,fr FRA,DF,Bayern Munich,24,1996,23,18,1 597,17.juil,0,2,2,0,0,0,4,0,0.7,0.7,01.août,02.mai,42,86,81,0.00,0.11,0.11,0.00,0.11,0.04,0.10,0.14,0.04,0.14
Patrick Herrmann,de GER,FW MF,Gladbach,29,1991,27,9,876,09.juil,0,3,3,0,0,0,3,0,02.mars,02.mars,02.mai,04.sept,23,24,80,0.00,0.31,0.31,0.00,0.31,0.24,0.26,0.50,0.24,0.50
Martin Hinteregger,at AUT,DF,Eint Frankfurt,27,1992,29,29,2 527,28.janv,2,1,3,2,0,0,4,0,02.avr,02.avr,01.févr,03.mai,23,152,18,0.07,0.04,0.11,0.07,0.11,0.08,0.04,0.13,0.08,0.13
Marwin Hitz,ch SUI,GK,Dortmund,32,1987,16,16,1 395,15.mai,0,0,0,0,0,0,1,0,0.0,0.0,0.0,0.0,0,0,0,0.00,0.00,0.00,0.00,0.00,0.00,0.00,0.00,0.00,0.00
Nicolas Höfler,de GER,MF,Freiburg,30,1990,31,30,2 729,30.mars,1,3,4,1,0,0,11,0,01.avr,01.avr,01.mars,02.août,26,122,14,0.03,0.10,0.13,0.03,0.13,0.05,0.04,0.09,0.05,0.09
Jonas Hofmann,de GER,FW MF,Gladbach,28,1992,24,21,1 817,20.févr,6,11,17,3,3,3,1,0,04.sept,02.mai,05.mars,07.sept,46,73,106,0.30,0.54,0.84,0.15,0.69,0.24,0.26,0.51,0.13,0.39
Marco Höger,de GER,DF MF,Köln,30,1989,3,1,53,0.6,0,0,0,0,0,0,0,0,0.0,0.0,0.0,0.0,1,4,3,0.00,0.00,0.00,0.00,0.00,0.00,0.00,0.00,0.00,0.00
Player,Nation,Pos,Squad,Age,Born,MP,Starts,Min,90s,Gls,Ast,G+A,G-PK,PK,PKatt,CrdY,CrdR,xG,npxG,xAG,npxG+xAG,PrgC,PrgP,PrgR,Gls,Ast,G+A,G-PK,G+A-PK,xG,xAG,xG+xAG,npxG,npxG+xAG
Lucas Höler,de GER,FW MF,Freiburg,26,1994,33,22,2 089,23.févr,4,4,8,4,0,0,5,0,08.mai,08.mai,02.août,11.mars,57,46,148,0.17,0.17,0.34,0.17,0.34,0.37,0.12,0.49,0.37,0.49
Matthew Hoppe,us USA,FW,Schalke 04,19,2001,22,15,1 305,14.mai,6,1,7,6,0,0,3,0,03.août,03.août,0.8,04.juin,17,14,69,0.41,0.07,0.48,0.41,0.48,0.26,0.06,0.32,0.26,0.32
Jannes Horn,de GER,DF,Köln,23,1997,29,20,1 768,19.juin,0,1,1,0,0,0,6,0,0.2,0.2,01.juin,01.août,34,62,37,0.00,0.05,0.05,0.00,0.05,0.01,0.08,0.09,0.01,0.09
Timo Horn,de GER,GK,Köln,27,1993,34,34,3 009,33.4,0,0,0,0,0,0,0,0,0.0,0.0,0.1,0.1,0,2,0,0.00,0.00,0.00,0.00,0.00,0.00,0.00,0.00,0.00,0.00
Lukáš Hrádecký,fi FIN,GK,Leverkusen,30,1989,29,29,2 565,28.mai,0,0,0,0,0,0,1,0,0.0,0.0,0.0,0.0,0,1,0,0.00,0.00,0.00,0.00,0.00,0.00,0.00,0.00,0.00,0.00
Ajdin Hrustic,au AUS,MF DF,Eint Frankfurt,24,1996,11,1,272,3.0,1,0,1,1,0,0,2,0,0.3,0.3,0.1,0.5,9,28,9,0.33,0.00,0.33,0.33,0.33,0.11,0.05,0.16,0.11,0.16
Florian Hübner,de GER,DF,Union Berlin,29,1991,6,6,525,05.août,0,0,0,0,0,0,3,0,0.1,0.1,0.0,0.2,2,17,2,0.00,0.00,0.00,0.00,0.00,0.02,0.01,0.03,0.02,0.03
Mats Hummels,de GER,DF,Dortmund,31,1988,33,32,2 813,31.mars,5,0,5,5,0,0,6,0,04.juin,04.juin,0.8,05.avr,17,149,7,0.16,0.00,0.16,0.16,0.16,0.15,0.03,0.17,0.15,0.17
Klaas-Jan Huntelaar,nl NED,FW,Schalke 04,36,1983,9,7,588,06.mai,2,1,3,2,0,1,2,0,03.mai,02.juil,0.3,3.0,1,14,21,0.31,0.15,0.46,0.31,0.46,0.54,0.05,0.59,0.41,0.46
Iago,br BRA,DF,Augsburg,23,1997,18,18,1 56,17.mars,1,1,2,1,0,0,2,0,01.janv,01.janv,01.janv,02.janv,39,37,67,0.06,0.06,0.12,0.06,0.12,0.06,0.06,0.12,0.06,0.12
Vedad Ibišević,ba BIH,FW,Schalke 04,35,1984,4,1,156,01.juil,0,0,0,0,0,0,1,0,01.janv,01.janv,0.1,01.févr,1,1,9,0.00,0.00,0.00,0.00,0.00,0.65,0.04,0.69,0.65,0.69
Blendi Idrizi,xk KVX,MF,Schalke 04,22,1998,3,3,238,02.juin,1,0,1,1,0,0,1,0,0.2,0.2,0.3,0.5,6,5,2,0.38,0.00,0.38,0.38,0.38,0.08,0.13,0.21,0.08,0.21
Stefan Ilsanker,at AUT,MF DF,Eint Frankfurt,31,1989,27,17,1 578,17.mai,1,0,1,1,0,0,4,0,01.mars,01.mars,0.2,01.mai,14,77,13,0.06,0.00,0.06,0.06,0.06,0.07,0.01,0.09,0.07,0.09
Marcus Ingvartsen,dk DEN,MF FW,Union Berlin,24,1996,30,24,1 963,21.août,3,5,8,3,0,1,4,0,4.0,03.févr,02.janv,05.mars,29,53,107,0.14,0.23,0.37,0.14,0.37,0.18,0.09,0.28,0.15,0.24
Abass Issah,gh GHA,DF FW,Mainz 05,21,1998,2,0,18,0.2,0,0,0,0,0,0,0,0,0.0,0.0,0.0,0.0,1,1,1,0.00,0.00,0.00,0.00,0.00,0.00,0.00,0.00,0.00,0.00
Ismail Jakobs,sn SEN,MF FW,Köln,20,1999,23,18,1 726,19.févr,1,1,2,1,0,0,6,0,02.avr,02.avr,01.sept,04.mars,34,34,134,0.05,0.05,0.10,0.05,0.10,0.13,0.10,0.23,0.13,0.23
Tony Jantschke,de GER,DF,Gladbach,30,1990,8,3,269,3.0,0,0,0,0,0,0,1,0,0.2,0.2,0.0,0.2,0,16,1,0.00,0.00,0.00,0.00,0.00,0.05,0.00,0.05,0.05,0.05
Rune Jarstein,no NOR,GK,Hertha BSC,35,1984,8,8,720,8.0,0,0,0,0,0,0,0,0,0.0,0.0,0.0,0.0,0,0,0,0.00,0.00,0.00,0.00,0.00,0.00,0.00,0.00,0.00,0.00
Tin Jedvaj,hr CRO,DF,Leverkusen,24,1995,3,2,152,01.juil,0,0,0,0,0,0,0,0,0.0,0.0,0.0,0.0,0,9,0,0.00,0.00,0.00,0.00,0.00,0.02,0.00,0.02,0.02,0.02
Fredrik Jensen,fi FIN,FW MF,Augsburg,22,1997,13,1,377,04.févr,0,1,1,0,0,0,0,0,0.3,0.3,01.févr,01.mai,4,11,26,0.00,0.24,0.24,0.00,0.24,0.07,0.28,0.35,0.07,0.35
Marco John,de GER,DF,Hoffenheim,18,2002,14,12,997,11.janv,0,0,0,0,0,0,1,0,0.1,0.1,2.0,02.janv,21,47,63,0.00,0.00,0.00,0.00,0.00,0.01,0.18,0.19,0.01,0.19
Luka Jović,rs SRB,FW,Eint Frankfurt,22,1997,18,8,894,09.sept,4,1,5,4,0,0,2,0,02.sept,02.sept,0.7,03.juin,15,37,62,0.40,0.10,0.50,0.40,0.50,0.29,0.07,0.36,0.29,0.36
Ozan Kabak,tr TUR,DF,Schalke 04,20,2000,14,14,1 243,13.août,0,0,0,0,0,0,6,1,1.0,1.0,0.3,01.mars,9,54,1,0.00,0.00,0.00,0.00,0.00,0.07,0.02,0.10,0.07,0.10
Pavel Kadeřábek,cz CZE,DF FW,Hoffenheim,28,1992,20,17,1 588,17.juin,0,4,4,0,0,0,3,0,01.janv,01.janv,02.août,4.0,38,86,149,0.00,0.23,0.23,0.00,0.23,0.07,0.16,0.23,0.07,0.23
Florian Kainz,at AUT,MF FW,Köln,27,1992,8,6,447,5.0,1,0,1,1,0,0,0,0,0.5,0.5,01.mai,2.0,10,27,27,0.20,0.00,0.20,0.20,0.20,0.09,0.31,0.40,0.09,0.40
Player,Nation,Pos,Squad,Age,Born,MP,Starts,Min,90s,Gls,Ast,G+A,G-PK,PK,PKatt,CrdY,CrdR,xG,npxG,xAG,npxG+xAG,PrgC,PrgP,PrgR,Gls,Ast,G+A,G-PK,G+A-PK,xG,xAG,xG+xAG,npxG,npxG+xAG
Sasa Kalajdzic,at AUT,FW,Stuttgart,23,1997,33,23,2 136,23.juil,16,5,21,16,0,0,1,0,10.avr,10.avr,03.juil,14.0,18,46,166,0.67,0.21,0.88,0.67,0.88,0.44,0.15,0.59,0.44,0.59
Daichi Kamada,jp JPN,MF,Eint Frankfurt,23,1996,32,28,2 356,26.févr,5,12,17,5,0,0,3,0,05.juin,05.juin,07.mai,13.janv,63,124,210,0.19,0.46,0.65,0.19,0.65,0.21,0.29,0.50,0.21,0.50
Marcin Kamiński,pl POL,DF,Stuttgart,28,1992,5,2,219,02.avr,0,0,0,0,0,0,0,0,0.0,0.0,0.3,0.3,5,36,5,0.00,0.00,0.00,0.00,0.00,0.00,0.12,0.12,0.00,0.12
Kevin Kampl,si SVN,MF,RB Leipzig,29,1990,27,24,1 932,21.mai,0,1,1,0,0,0,6,0,01.janv,01.janv,01.juin,02.juil,25,117,24,0.00,0.05,0.05,0.00,0.05,0.05,0.07,0.13,0.05,0.13
Jimmy Kaparos,do DOM,MF,Schalke 04,18,2001,1,0,18,0.2,0,0,0,0,0,0,0,0,0.0,0.0,0.0,0.0,0,0,0,0.00,0.00,0.00,0.00,0.00,0.00,0.00,0.00,0.00,0.00
Atakan Karazor,,DF MF,Stuttgart,23,1996,19,10,1 037,11.mai,0,0,0,0,0,0,3,0,0.1,0.1,0.1,0.2,4,33,6,0.00,0.00,0.00,0.00,0.00,0.01,0.01,0.02,0.01,0.02
Loris Karius,de GER,GK,Union Berlin,27,1993,4,3,292,03.févr,0,0,0,0,0,0,0,0,0.0,0.0,0.0,0.0,0,0,0,0.00,0.00,0.00,0.00,0.00,0.00,0.00,0.00,0.00,0.00
Silas Katompa,cd COD,DF FW,Stuttgart,21,1998,25,24,1 919,21.mars,11,4,15,8,3,3,6,0,07.mars,5.0,04.avr,09.avr,74,33,165,0.52,0.19,0.70,0.38,0.56,0.34,0.21,0.55,0.23,0.44
Noah Katterbach,de GER,DF MF,Köln,19,2001,21,12,1 111,12.mars,0,0,0,0,0,0,1,0,0.3,0.3,01.janv,01.avr,27,60,47,0.00,0.00,0.00,0.00,0.00,0.02,0.09,0.11,0.02,0.11
Yannik Keitel,de GER,MF,Freiburg,20,2000,12,4,498,05.mai,0,0,0,0,0,0,1,0,0.3,0.3,0.1,0.4,1,25,10,0.00,0.00,0.00,0.00,0.00,0.05,0.03,0.07,0.05,0.07
Marc-Oliver Kempf,de GER,DF,Stuttgart,25,1995,32,32,2 727,30.mars,2,1,3,2,0,0,5,0,01.janv,01.janv,0.5,01.juin,51,199,13,0.07,0.03,0.10,0.07,0.10,0.04,0.02,0.05,0.04,0.05
Rani Khedira,de GER,MF,Augsburg,26,1994,27,23,1 818,20.févr,1,0,1,1,0,0,5,0,01.janv,01.janv,0.2,01.mars,9,56,15,0.05,0.00,0.05,0.05,0.05,0.06,0.01,0.07,0.06,0.07
Sami Khedira,de GER,MF,Hertha BSC,33,1987,9,4,395,04.avr,0,1,1,0,0,0,1,0,0.0,0.0,01.janv,01.févr,3,15,7,0.00,0.23,0.23,0.00,0.23,0.01,0.25,0.26,0.01,0.26
Luca Kilian,de GER,DF,Mainz 05,20,1999,6,4,381,04.févr,0,0,0,0,0,0,1,0,0.1,0.1,0.0,0.1,2,7,0,0.00,0.00,0.00,0.00,0.00,0.02,0.01,0.02,0.02,0.02
Joshua Kimmich,de GER,MF,Bayern Munich,25,1995,27,25,2 194,24.avr,4,10,14,4,0,0,4,0,02.mars,02.mars,06.juil,09.janv,54,288,66,0.16,0.41,0.57,0.16,0.57,0.10,0.28,0.37,0.10,0.37
Davy Klaassen,nl NED,MF,Werder Bremen,27,1993,3,3,222,02.mai,0,0,0,0,0,0,1,0,0.1,0.1,0.1,0.2,1,10,2,0.00,0.00,0.00,0.00,0.00,0.05,0.03,0.08,0.05,0.08
Felix Klaus,de GER,DF MF,Wolfsburg,27,1992,6,1,137,01.mai,0,0,0,0,0,0,0,0,0.0,0.0,0.0,0.0,2,3,5,0.00,0.00,0.00,0.00,0.00,0.01,0.00,0.01,0.01,0.01
Klauss,br BRA,MF FW,Hoffenheim,23,1997,4,0,51,0.6,0,0,0,0,0,0,0,0,0.1,0.1,0.1,0.2,1,3,3,0.00,0.00,0.00,0.00,0.00,0.12,0.22,0.34,0.12,0.34
Philipp Klement,de GER,MF FW,Stuttgart,27,1992,18,2,421,04.juil,1,2,3,1,0,0,0,0,0.3,0.3,01.juin,01.sept,13,42,26,0.21,0.43,0.64,0.21,0.64,0.06,0.35,0.41,0.06,0.41
Mateo Klimowicz,de GER,MF FW,Stuttgart,20,2000,25,12,1 198,13.mars,1,1,2,1,0,0,1,0,3.0,3.0,1.0,4.0,35,36,74,0.08,0.08,0.15,0.08,0.15,0.22,0.07,0.30,0.22,0.30
Fabian Klos,de GER,FW,Arminia,32,1987,34,32,2 709,30.janv,5,2,7,4,1,2,4,0,07.sept,06.mars,04.août,11.janv,24,79,141,0.17,0.07,0.23,0.13,0.20,0.26,0.16,0.42,0.21,0.37
Lukas Klostermann,de GER,DF,RB Leipzig,24,1996,23,15,1 446,16.janv,1,0,1,1,0,0,2,0,0.8,0.8,0.8,01.juin,13,106,23,0.06,0.00,0.06,0.06,0.06,0.05,0.05,0.10,0.05,0.10
Justin Kluivert,nl NED,FW MF,RB Leipzig,21,1999,19,8,813,9.0,3,1,4,3,0,0,2,0,03.juin,03.juin,1.0,04.juin,42,11,108,0.33,0.11,0.44,0.33,0.44,0.40,0.11,0.51,0.40,0.51
Lukas Klünter,de GER,DF,Hertha BSC,24,1996,11,11,990,11.0,0,0,0,0,0,0,0,0,0.0,0.0,0.3,0.3,14,36,15,0.00,0.00,0.00,0.00,0.00,0.00,0.03,0.03,0.00,0.03
Ansgar Knauff,de GER,MF FW,Dortmund,18,2002,4,0,71,0.8,1,1,2,1,0,0,0,0,0.1,0.1,01.janv,01.févr,9,2,7,janv.27,janv.27,févr.54,janv.27,févr.54,0.10,janv.38,janv.48,0.10,janv.48
Player,Nation,Pos,Squad,Age,Born,MP,Starts,Min,90s,Gls,Ast,G+A,G-PK,PK,PKatt,CrdY,CrdR,xG,npxG,xAG,npxG+xAG,PrgC,PrgP,PrgR,Gls,Ast,G+A,G-PK,G+A-PK,xG,xAG,xG+xAG,npxG,npxG+xAG
Robin Knoche,de GER,DF,Union Berlin,28,1992,34,34,3 042,33.8,1,0,1,1,0,0,4,0,01.mars,01.mars,0.2,01.mai,16,102,2,0.03,0.00,0.03,0.03,0.03,0.04,0.01,0.04,0.04,0.04
Gregor Kobel,ch SUI,GK,Stuttgart,22,1997,33,33,2 97,33.0,0,0,0,0,0,0,0,0,0.0,0.0,0.1,0.1,0,0,0,0.00,0.00,0.00,0.00,0.00,0.00,0.00,0.00,0.00,0.00
Dominik Kohr,de GER,MF,Mainz 05,26,1994,17,14,1 268,14.janv,1,1,2,1,0,0,3,0,0.9,0.9,0.7,01.juin,17,62,25,0.07,0.07,0.14,0.07,0.14,0.07,0.05,0.12,0.07,0.12
Dominik Kohr,de GER,MF DF,Eint Frankfurt,26,1994,7,2,260,02.sept,0,0,0,0,0,0,1,0,1.0,1.0,0.0,1.0,6,24,12,0.00,0.00,0.00,0.00,0.00,0.35,0.01,0.36,0.35,0.36
Sead Kolašinac,ba BIH,DF MF,Schalke 04,27,1993,17,16,1 426,15.août,1,1,2,1,0,0,5,0,0.3,0.3,01.avr,01.juil,33,51,61,0.06,0.06,0.13,0.06,0.13,0.02,0.09,0.11,0.02,0.11
Ibrahima Konaté,fr FRA,DF,RB Leipzig,21,1999,14,8,695,07.juil,1,0,1,1,0,0,2,0,0.7,0.7,0.0,0.7,6,29,1,0.13,0.00,0.13,0.13,0.13,0.09,0.00,0.09,0.09,0.09
Filip Kostić,rs SRB,DF,Eint Frankfurt,27,1992,30,29,2 534,28.févr,4,14,18,4,0,0,4,0,04.avr,04.avr,12.août,17.févr,124,108,288,0.14,0.50,0.64,0.14,0.64,0.16,0.45,0.61,0.16,0.61
Andrej Kramarić,hr CRO,FW MF,Hoffenheim,29,1991,28,26,2 379,26.avr,20,5,25,15,5,5,2,0,14.août,10.août,04.févr,15.janv,88,106,235,0.76,0.19,0.95,0.57,0.76,0.56,0.16,0.72,0.41,0.57
Christoph Kramer,de GER,MF,Gladbach,29,1991,28,23,2 033,22.juin,0,2,2,0,0,0,5,0,0.3,0.3,1.0,01.mars,20,113,17,0.00,0.09,0.09,0.00,0.09,0.01,0.04,0.06,0.01,0.06
Max Kruse,de GER,FW MF,Union Berlin,32,1988,22,19,1 629,18.janv,11,5,16,6,5,6,0,0,06.août,2.0,04.févr,06.févr,38,74,116,0.61,0.28,0.88,0.33,0.61,0.38,0.23,0.61,0.11,0.34
Lukas Kübler,de GER,DF MF,Freiburg,27,1992,19,11,884,09.août,0,1,1,0,0,0,2,0,0.1,0.1,0.5,0.5,7,37,24,0.00,0.10,0.10,0.00,0.10,0.01,0.05,0.06,0.01,0.06
Pierre Kunde,cm CMR,MF,Mainz 05,25,1995,11,6,513,05.juil,0,0,0,0,0,0,1,0,0.2,0.2,0.7,0.9,6,23,7,0.00,0.00,0.00,0.00,0.00,0.03,0.12,0.15,0.03,0.15
Fabian Kunze,de GER,MF,Arminia,22,1998,26,12,1 27,14.janv,0,0,0,0,0,0,6,0,0.3,0.3,0.5,0.9,13,57,17,0.00,0.00,0.00,0.00,0.00,0.02,0.04,0.06,0.02,0.06
Ahmed Kutucu,tr TUR,FW MF,Schalke 04,20,2000,7,0,108,01.févr,0,0,0,0,0,0,1,0,0.1,0.1,0.0,0.1,2,1,10,0.00,0.00,0.00,0.00,0.00,0.05,0.02,0.07,0.05,0.07
Maxence Lacroix,fr FRA,DF,Wolfsburg,20,2000,30,29,2 59,28.août,1,1,2,1,0,0,5,0,01.avr,01.avr,0.3,01.juil,21,126,6,0.03,0.03,0.07,0.03,0.07,0.05,0.01,0.06,0.05,0.06
Konrad Laimer,at AUT,DF MF,RB Leipzig,23,1997,3,1,84,0.9,0,0,0,0,0,0,0,0,0.2,0.2,0.0,0.2,0,3,5,0.00,0.00,0.00,0.00,0.00,0.22,0.00,0.22,0.22,0.22
Stefan Lainer,at AUT,DF,Gladbach,27,1992,33,31,2 768,30.août,2,2,4,2,0,0,2,0,01.août,01.août,03.janv,5.0,79,136,171,0.07,0.07,0.13,0.07,0.13,0.06,0.10,0.16,0.06,0.16
Michael Langer,at AUT,GK,Schalke 04,35,1985,3,2,239,02.juil,0,0,0,0,0,0,0,0,0.0,0.0,0.0,0.0,0,0,0,0.00,0.00,0.00,0.00,0.00,0.00,0.00,0.00,0.00,0.00
Danny Latza,de GER,MF,Mainz 05,30,1989,29,21,1 8,20.0,0,2,2,0,0,0,8,0,02.janv,02.janv,02.févr,04.mars,10,67,42,0.00,0.10,0.10,0.00,0.10,0.11,0.11,0.22,0.11,0.22
Valentino Lazaro,at AUT,DF FW,Gladbach,24,1996,22,13,1 24,13.août,2,0,2,2,0,0,3,0,02.mars,02.mars,01.févr,03.avr,33,30,71,0.15,0.00,0.15,0.15,0.15,0.16,0.08,0.25,0.16,0.25
Mathew Leckie,au AUS,FW DF,Hertha BSC,29,1991,17,5,506,05.juin,0,1,1,0,0,0,0,0,0.1,0.1,0.5,0.6,10,15,35,0.00,0.18,0.18,0.00,0.18,0.02,0.09,0.11,0.02,0.11
Christopher Lenz,de GER,DF FW,Union Berlin,25,1994,27,27,2 248,25.0,0,3,3,0,0,0,3,0,1.0,1.0,02.août,03.août,46,94,109,0.00,0.12,0.12,0.00,0.12,0.04,0.11,0.15,0.04,0.15
Robert Lewandowski,pl POL,FW,Bayern Munich,31,1988,29,28,2 458,27.mars,41,7,48,33,8,9,4,0,31.mars,24.févr,04.juil,28.août,51,67,185,janv.50,0.26,janv.76,janv.21,janv.46,janv.14,0.17,janv.31,0.88,01.juin
Philipp Lienhart,at AUT,DF,Freiburg,24,1996,34,34,2 993,33.3,4,0,4,4,0,0,4,0,01.sept,01.sept,0.2,2.0,16,76,7,0.12,0.00,0.12,0.12,0.12,0.06,0.01,0.06,0.06,0.06
Dimitris Limnios,gr GRE,MF FW,Köln,22,1998,12,2,378,04.févr,0,0,0,0,0,0,0,0,0.4,0.4,0.6,0.9,10,10,27,0.00,0.00,0.00,0.00,0.00,0.09,0.14,0.23,0.09,0.23
Player,Nation,Pos,Squad,Age,Born,MP,Starts,Min,90s,Gls,Ast,G+A,G-PK,PK,PKatt,CrdY,CrdR,xG,npxG,xAG,npxG+xAG,PrgC,PrgP,PrgR,Gls,Ast,G+A,G-PK,G+A-PK,xG,xAG,xG+xAG,npxG,npxG+xAG
Niklas Lomb,de GER,GK,Leverkusen,27,1993,2,1,135,01.mai,0,0,0,0,0,0,0,0,0.0,0.0,0.0,0.0,0,0,0,0.00,0.00,0.00,0.00,0.00,0.00,0.00,0.00,0.00,0.00
Eduard Löwen,de GER,MF DF,Hertha BSC,23,1997,7,1,85,0.9,0,0,0,0,0,0,0,0,0.0,0.0,0.0,0.0,3,5,4,0.00,0.00,0.00,0.00,0.00,0.04,0.00,0.04,0.04,0.04
Jan Luca Schuler,de GER,FW,Schalke 04,21,1999,2,0,40,0.4,0,0,0,0,0,0,0,0,0.0,0.0,0.0,0.0,0,0,0,0.00,0.00,0.00,0.00,0.00,0.11,0.00,0.11,0.11,0.11
Anderson Lucoqui,ao ANG,DF,Arminia,23,1997,21,18,1 604,17.août,0,0,0,0,0,0,5,0,0.2,0.2,0.2,0.4,18,45,23,0.00,0.00,0.00,0.00,0.00,0.01,0.01,0.02,0.01,0.02
Kilian Ludewig,de GER,DF FW,Schalke 04,20,2000,6,6,520,05.août,0,0,0,0,0,0,1,0,0.0,0.0,0.3,0.3,9,11,24,0.00,0.00,0.00,0.00,0.00,0.00,0.05,0.05,0.00,0.05
Dodi Lukebakio,be BEL,FW MF,Hertha BSC,22,1997,29,21,1 855,20.juin,5,5,10,3,2,2,4,1,06.sept,05.mars,02.août,08.janv,49,39,124,0.24,0.24,0.49,0.15,0.39,0.34,0.13,0.47,0.26,0.39
Andreas Luthe,de GER,GK,Union Berlin,33,1987,31,31,2 768,30.août,0,0,0,0,0,0,1,0,0.0,0.0,0.0,0.0,0,0,0,0.00,0.00,0.00,0.00,0.00,0.00,0.00,0.00,0.00,0.00
Tim Maciejewski,de GER,FW,Union Berlin,19,2001,1,0,8,0.1,0,0,0,0,0,0,0,0,0.0,0.0,0.0,0.0,0,0,2,0.00,0.00,0.00,0.00,0.00,0.00,0.00,0.00,0.00,0.00
Luca Mack,de GER,MF,Stuttgart,20,2000,1,0,6,0.1,0,0,0,0,0,0,0,0,0.0,0.0,0.0,0.0,0,0,0,0.00,0.00,0.00,0.00,0.00,0.00,0.00,0.00,0.00,0.00
Mikail Maden,no NOR,FW,Schalke 04,18,2002,1,0,6,0.1,0,0,0,0,0,0,0,0,0.0,0.0,0.0,0.0,0,0,0,0.00,0.00,0.00,0.00,0.00,0.00,0.00,0.00,0.00,0.00
Arne Maier,de GER,MF,Arminia,21,1999,16,13,1 034,11.mai,0,0,0,0,0,0,0,0,0.6,0.6,01.févr,01.août,17,29,22,0.00,0.00,0.00,0.00,0.00,0.05,0.11,0.16,0.05,0.16
Arne Maier,de GER,MF,Hertha BSC,21,1999,2,0,30,0.3,0,0,0,0,0,0,0,0,0.0,0.0,0.1,0.1,0,3,0,0.00,0.00,0.00,0.00,0.00,0.00,0.24,0.24,0.00,0.24
Yunus Mallı,tr TUR,MF,Wolfsburg,28,1992,1,1,58,0.6,0,0,0,0,0,0,0,0,0.0,0.0,0.1,0.1,0,2,1,0.00,0.00,0.00,0.00,0.00,0.00,0.15,0.15,0.00,0.15
Orel Mangala,be BEL,MF,Stuttgart,22,1998,24,24,2 109,23.avr,1,3,4,1,0,0,4,0,01.févr,01.févr,01.mai,02.juil,43,116,76,0.04,0.13,0.17,0.04,0.17,0.05,0.06,0.11,0.05,0.11
Omar Marmoush,eg EGY,FW,Wolfsburg,21,1999,1,0,1,0.0,0,0,0,0,0,0,0,0,0.0,0.0,0.0,0.0,0,0,1,0.00,0.00,0.00,0.00,0.00,0.00,0.00,0.00,0.00,0.00
Aarón Martín,es ESP,DF FW,Mainz 05,23,1997,5,3,262,02.sept,0,0,0,0,0,0,0,0,0.0,0.0,0.3,0.3,5,9,18,0.00,0.00,0.00,0.00,0.00,0.01,0.09,0.10,0.01,0.10
Javi Martínez,es ESP,DF MF,Bayern Munich,31,1988,19,4,466,05.févr,0,0,0,0,0,0,0,0,0.1,0.1,0.1,0.3,7,36,5,0.00,0.00,0.00,0.00,0.00,0.03,0.03,0.05,0.03,0.05
Josep Martinez,es ESP,GK,RB Leipzig,22,1998,1,1,90,1.0,0,0,0,0,0,0,0,0,0.0,0.0,0.0,0.0,0,0,0,0.00,0.00,0.00,0.00,0.00,0.00,0.00,0.00,0.00,0.00
Omar Mascarell,gq EQG,MF,Schalke 04,27,1993,24,21,1 762,19.juin,1,1,2,1,0,0,6,0,0.4,0.4,0.6,1.0,10,69,5,0.05,0.05,0.10,0.05,0.10,0.02,0.03,0.05,0.02,0.05
Roberto Massimo,de GER,DF FW,Stuttgart,19,2000,18,7,757,08.avr,0,0,0,0,0,0,2,0,01.mars,01.mars,1.0,02.mars,23,17,79,0.00,0.00,0.00,0.00,0.00,0.16,0.12,0.27,0.16,0.27
Jean-Philippe Mateta,fr FRA,FW,Mainz 05,23,1997,15,12,997,11.janv,7,1,8,6,1,1,2,0,08.juin,07.août,01.avr,09.févr,14,10,74,0.63,0.09,0.72,0.54,0.63,0.78,0.13,0.90,0.70,0.83
Rabbi Matondo,wls WAL,FW MF,Schalke 04,19,2000,3,3,220,02.avr,0,0,0,0,0,0,0,0,0.0,0.0,0.2,0.2,4,4,11,0.00,0.00,0.00,0.00,0.00,0.00,0.06,0.06,0.00,0.06
Henning Matriciani,de GER,DF,Schalke 04,20,2000,1,0,24,0.3,0,0,0,0,0,0,0,0,0.0,0.0,0.0,0.0,1,0,0,0.00,0.00,0.00,0.00,0.00,0.00,0.00,0.00,0.00,0.00
Konstantinos Mavropanos,gr GRE,DF,Stuttgart,22,1997,21,19,1 463,16.mars,0,0,0,0,0,0,5,0,01.juin,01.juin,0.3,01.août,10,82,2,0.00,0.00,0.00,0.00,0.00,0.10,0.02,0.11,0.10,0.11
Eric Maxim Choupo-Moting,cm CMR,FW MF,Bayern Munich,31,1989,22,8,820,09.janv,3,0,3,3,0,0,2,0,04.juil,04.juil,01.mai,06.janv,9,19,63,0.33,0.00,0.33,0.33,0.33,0.51,0.16,0.67,0.51,0.67
Player,Nation,Pos,Squad,Age,Born,MP,Starts,Min,90s,Gls,Ast,G+A,G-PK,PK,PKatt,CrdY,CrdR,xG,npxG,xAG,npxG+xAG,PrgC,PrgP,PrgR,Gls,Ast,G+A,G-PK,G+A-PK,xG,xAG,xG+xAG,npxG,npxG+xAG
Kevin Mbabu,ch SUI,DF,Wolfsburg,25,1995,22,19,1 642,18.févr,0,1,1,0,0,0,7,0,0.6,0.6,1.0,01.juin,59,117,80,0.00,0.05,0.05,0.00,0.05,0.03,0.06,0.09,0.03,0.09
Jean-Manuel Mbom,de GER,MF DF,Werder Bremen,20,2000,21,15,1 16,12.sept,0,1,1,0,0,0,7,0,0.3,0.3,0.4,0.8,14,21,44,0.00,0.08,0.08,0.00,0.08,0.02,0.03,0.06,0.02,0.06
Nathan de Medina,be BEL,DF,Arminia,22,1997,16,7,639,07.janv,0,1,1,0,0,0,5,1,0.0,0.0,0.5,0.5,4,13,8,0.00,0.14,0.14,0.00,0.14,0.00,0.07,0.07,0.00,0.07
Joshua Mees,de GER,FW,Union Berlin,24,1996,1,0,5,0.1,0,0,0,0,0,0,0,0,0.1,0.1,0.0,0.1,0,0,2,0.00,0.00,0.00,0.00,0.00,févr.41,0.00,févr.41,févr.41,févr.41
Admir Mehmedi,ch SUI,MF FW,Wolfsburg,29,1991,18,8,820,09.janv,0,2,2,0,0,0,0,0,0.6,0.6,02.avr,3.0,17,71,60,0.00,0.22,0.22,0.00,0.22,0.07,0.27,0.33,0.07,0.33
Hamza Mendyl,ma MAR,FW DF,Schalke 04,22,1997,3,1,95,01.janv,0,0,0,0,0,0,1,0,0.1,0.1,0.0,0.1,4,4,8,0.00,0.00,0.00,0.00,0.00,0.09,0.00,0.09,0.09,0.09
Levent Mercan,de GER,FW,Schalke 04,19,2000,1,0,5,0.1,0,0,0,0,0,0,0,0,0.0,0.0,0.0,0.0,0,0,0,0.00,0.00,0.00,0.00,0.00,0.00,0.00,0.00,0.00,0.00
Jorge Meré,es ESP,DF,Köln,23,1997,16,14,1 3,14.avr,0,0,0,0,0,0,2,0,0.0,0.0,0.2,0.3,2,28,2,0.00,0.00,0.00,0.00,0.00,0.00,0.01,0.02,0.00,0.02
Thomas Meunier,be BEL,DF,Dortmund,28,1991,21,17,1 472,16.avr,1,1,2,1,0,0,3,0,1.0,1.0,01.mai,02.avr,77,92,128,0.06,0.06,0.12,0.06,0.12,0.06,0.09,0.15,0.06,0.15
Max Meyer,de GER,MF,Köln,24,1995,10,3,351,03.sept,0,0,0,0,0,0,0,0,0.8,0.8,0.5,01.mars,6,34,9,0.00,0.00,0.00,0.00,0.00,0.21,0.12,0.33,0.21,0.33
Jonas Michelbrink,de GER,MF,Hertha BSC,19,2001,2,0,39,0.4,0,0,0,0,0,0,1,0,0.0,0.0,0.0,0.0,2,2,2,0.00,0.00,0.00,0.00,0.00,0.00,0.00,0.00,0.00,0.00
Maximilian Mittelstädt,de GER,DF FW,Hertha BSC,23,1997,27,22,1 797,20.0,0,2,2,0,0,0,3,0,0.5,0.5,2.0,02.mai,49,89,74,0.00,0.10,0.10,0.00,0.10,0.03,0.10,0.13,0.03,0.13
Anthony Modeste,fr FRA,FW,Köln,32,1988,8,1,221,02.mai,0,0,0,0,0,1,1,0,01.août,1.0,0.0,1.0,1,0,10,0.00,0.00,0.00,0.00,0.00,0.74,0.01,0.75,0.42,0.43
Kevin Möhwald,de GER,MF,Werder Bremen,27,1993,27,17,1 555,17.mars,5,1,6,5,0,0,4,1,01.juil,01.juil,0.8,02.avr,12,76,24,0.29,0.06,0.35,0.29,0.35,0.10,0.04,0.14,0.10,0.14
Niklas Moisander,fi FIN,DF,Werder Bremen,34,1985,18,12,1 222,13.juin,0,0,0,0,0,0,3,0,0.0,0.0,0.1,0.1,14,57,0,0.00,0.00,0.00,0.00,0.00,0.00,0.00,0.00,0.00,0.00
Alkhaly Momo Cissé,gn GUI,FW DF,Stuttgart,17,2002,5,0,38,0.4,0,0,0,0,0,0,1,0,0.0,0.0,0.0,0.0,1,2,3,0.00,0.00,0.00,0.00,0.00,0.00,0.06,0.06,0.00,0.06
Jan Morávek,cz CZE,MF,Augsburg,30,1989,5,3,267,3.0,0,0,0,0,0,0,0,0,0.1,0.1,0.0,0.1,4,14,5,0.00,0.00,0.00,0.00,0.00,0.03,0.01,0.04,0.03,0.04
Mateu Morey,es ESP,DF,Dortmund,20,2000,13,10,829,09.févr,0,2,2,0,0,0,1,0,0.1,0.1,1.0,01.févr,23,43,53,0.00,0.22,0.22,0.00,0.22,0.01,0.11,0.12,0.01,0.12
Youssoufa Moukoko,de GER,FW MF,Dortmund,15,2004,14,2,422,04.juil,3,0,3,3,0,0,0,0,02.févr,02.févr,0.8,3.0,6,7,43,0.64,0.00,0.64,0.64,0.64,0.47,0.18,0.65,0.47,0.65
Nordi Mukiele,fr FRA,DF,RB Leipzig,22,1997,28,21,1 677,18.juin,3,1,4,3,0,0,5,0,02.juin,02.juin,01.mai,04.janv,39,73,117,0.16,0.05,0.21,0.16,0.21,0.14,0.08,0.22,0.14,0.22
Florian Müller,de GER,GK,Freiburg,22,1997,31,31,2 79,31.0,0,0,0,0,0,0,0,0,0.0,0.0,0.0,0.0,0,0,0,0.00,0.00,0.00,0.00,0.00,0.00,0.00,0.00,0.00,0.00
Sebastian Müller,de GER,MF DF,Arminia,19,2001,2,0,4,0.0,0,0,0,0,0,0,0,0,0.0,0.0,0.0,0.0,0,0,1,0.00,0.00,0.00,0.00,0.00,0.00,0.00,0.00,0.00,0.00
Thomas Müller,de GER,MF,Bayern Munich,30,1989,32,31,2 674,29.juil,11,19,30,10,1,1,0,0,08.févr,07.avr,10.0,17.avr,51,151,325,0.37,0.64,01.janv,0.34,0.98,0.27,0.34,0.61,0.25,0.59
Petar Musa,hr CRO,FW,Union Berlin,22,1998,14,8,715,07.sept,1,3,4,1,0,0,2,0,03.févr,03.févr,1.0,04.févr,5,10,46,0.13,0.38,0.50,0.13,0.50,0.41,0.12,0.53,0.41,0.53
Jamal Musiala,de GER,FW MF,Bayern Munich,17,2003,26,7,881,09.août,6,1,7,6,0,0,0,0,02.sept,02.sept,0.7,03.juin,29,39,66,0.61,0.10,0.72,0.61,0.72,0.29,0.08,0.37,0.29,0.37
Player,Nation,Pos,Squad,Age,Born,MP,Starts,Min,90s,Gls,Ast,G+A,G-PK,PK,PKatt,CrdY,CrdR,xG,npxG,xAG,npxG+xAG,PrgC,PrgP,PrgR,Gls,Ast,G+A,G-PK,G+A-PK,xG,xAG,xG+xAG,npxG,npxG+xAG
Shkodran Mustafi,de GER,DF,Schalke 04,28,1992,13,11,1 037,11.mai,1,0,1,1,0,0,1,0,0.6,0.6,0.0,0.6,7,22,2,0.09,0.00,0.09,0.09,0.09,0.05,0.00,0.06,0.05,0.06
Phillipp Mwene,at AUT,DF MF,Mainz 05,26,1994,20,19,1 674,18.juin,1,2,3,1,0,0,3,0,0.5,0.5,01.juin,02.janv,24,39,72,0.05,0.11,0.16,0.05,0.16,0.03,0.09,0.11,0.03,0.11
Obite N'Dicka,ci CIV,DF,Eint Frankfurt,20,1999,23,23,2 044,22.juil,3,1,4,3,0,0,10,0,01.avr,01.avr,0.4,01.août,43,95,29,0.13,0.04,0.18,0.13,0.18,0.06,0.02,0.08,0.06,0.08
Matija Nastasić,rs SRB,DF,Schalke 04,27,1993,15,14,1 221,13.juin,0,0,0,0,0,0,2,0,0.4,0.4,0.1,0.5,1,20,0,0.00,0.00,0.00,0.00,0.00,0.03,0.00,0.03,0.03,0.03
Paul Nebel,de GER,MF FW,Mainz 05,17,2002,4,0,51,0.6,0,0,0,0,0,0,0,0,0.0,0.0,0.0,0.0,1,2,1,0.00,0.00,0.00,0.00,0.00,0.00,0.00,0.00,0.00,0.00
Luca Netz,de GER,DF FW,Hertha BSC,17,2003,11,2,309,03.avr,1,0,1,1,0,0,0,0,0.7,0.7,0.1,0.8,12,9,24,0.29,0.00,0.29,0.29,0.29,0.21,0.03,0.24,0.21,0.24
Manuel Neuer,de GER,GK,Bayern Munich,34,1986,33,33,2 97,33.0,0,0,0,0,0,0,1,0,0.0,0.0,0.3,0.3,0,5,0,0.00,0.00,0.00,0.00,0.00,0.00,0.01,0.01,0.00,0.01
Florian Neuhaus,de GER,MF,Gladbach,23,1997,33,30,2 622,29.janv,6,5,11,6,0,0,9,0,02.juil,02.juil,02.sept,05.juin,63,201,57,0.21,0.17,0.38,0.21,0.38,0.09,0.10,0.19,0.09,0.19
Jessic Ngankam,de GER,FW,Hertha BSC,20,2000,15,2,296,03.mars,2,0,2,2,0,0,1,0,0.4,0.4,0.1,0.5,3,1,12,0.61,0.00,0.61,0.61,0.61,0.12,0.03,0.14,0.12,0.14
Moussa Niakhate,sn SEN,DF,Mainz 05,24,1996,32,32,2 866,31.août,3,1,4,2,1,1,10,1,02.mars,01.mai,02.janv,03.juil,47,117,18,0.09,0.03,0.13,0.06,0.09,0.07,0.07,0.14,0.05,0.12
Tanguy Nianzou,fr FRA,DF FW,Bayern Munich,18,2002,6,0,118,01.mars,0,0,0,0,0,0,1,1,0.0,0.0,0.0,0.0,3,13,0,0.00,0.00,0.00,0.00,0.00,0.00,0.00,0.00,0.00,0.00
Florian Niederlechner,de GER,FW,Augsburg,29,1990,28,21,1 737,19.mars,5,4,9,5,0,0,3,1,6.0,6.0,02.févr,08.mars,18,31,87,0.26,0.21,0.47,0.26,0.47,0.31,0.12,0.43,0.31,0.43
Joakim Nilsson,se SWE,DF,Arminia,26,1994,25,24,2 162,24.0,0,0,0,0,0,0,1,0,0.9,0.9,0.2,1.0,5,47,5,0.00,0.00,0.00,0.00,0.00,0.04,0.01,0.04,0.04,0.04
Christopher Nkunku,fr FRA,FW MF,RB Leipzig,22,1997,28,19,1 892,21.0,6,6,12,6,0,0,2,0,06.sept,06.sept,07.janv,13.sept,65,76,206,0.29,0.29,0.57,0.29,0.57,0.33,0.34,0.66,0.33,0.66
Håvard Nordtveit,no NOR,DF,Hoffenheim,30,1990,12,6,700,07.août,0,0,0,0,0,0,1,0,0.2,0.2,0.6,0.7,2,31,1,0.00,0.00,0.00,0.00,0.00,0.02,0.07,0.10,0.02,0.10
Alexander Nübel,de GER,GK,Bayern Munich,23,1996,1,1,90,1.0,0,0,0,0,0,0,0,0,0.0,0.0,0.0,0.0,0,0,0,0.00,0.00,0.00,0.00,0.00,0.00,0.00,0.00,0.00,0.00
Kasim Nuhu,gh GHA,DF,Hoffenheim,25,1995,12,11,987,11.0,0,0,0,0,0,0,0,0,0.5,0.5,0.0,0.6,17,62,7,0.00,0.00,0.00,0.00,0.00,0.05,0.00,0.05,0.05,0.05
Bastian Oczipka,de GER,DF FW,Schalke 04,31,1989,27,20,1 922,21.avr,0,2,2,0,0,0,1,0,0.3,0.3,01.juil,01.sept,40,71,60,0.00,0.09,0.09,0.00,0.09,0.01,0.08,0.09,0.01,0.09
Masaya Okugawa,jp JPN,MF,Arminia,24,1996,13,11,914,10.févr,1,0,1,1,0,0,0,0,01.janv,01.janv,0.6,01.juil,9,17,39,0.10,0.00,0.10,0.10,0.10,0.11,0.06,0.17,0.11,0.17
Dani Olmo,es ESP,MF,RB Leipzig,22,1998,32,26,2 194,24.avr,5,9,14,4,1,1,1,0,06.juin,05.août,05.janv,10.sept,52,175,176,0.21,0.37,0.57,0.16,0.53,0.27,0.21,0.48,0.24,0.45
Karim Onisiwo,at AUT,FW MF,Mainz 05,28,1992,31,19,1 843,20.mai,4,0,4,4,0,0,2,0,06.févr,06.févr,01.août,8.0,54,36,153,0.20,0.00,0.20,0.20,0.20,0.30,0.09,0.39,0.30,0.39
Willi Orban,hu HUN,DF,RB Leipzig,27,1992,29,25,2 363,26.mars,4,1,5,4,0,0,4,0,03.août,03.août,01.juin,05.avr,33,166,5,0.15,0.04,0.19,0.15,0.19,0.14,0.06,0.21,0.14,0.21
Stefan Ortega,de GER,GK,Arminia,27,1992,34,34,3 06,34.0,0,1,1,0,0,0,1,0,0.0,0.0,0.6,0.6,0,2,0,0.00,0.03,0.03,0.00,0.03,0.00,0.02,0.02,0.00,0.02
Yuya Osako,jp JPN,MF FW,Werder Bremen,30,1990,24,7,762,08.mai,0,1,1,0,0,0,3,0,0.5,0.5,01.juil,02.févr,14,30,42,0.00,0.12,0.12,0.00,0.12,0.06,0.20,0.26,0.06,0.26
Paulo Otávio,br BRA,DF,Wolfsburg,25,1994,23,19,1 737,19.mars,0,2,2,0,0,0,7,1,0.5,0.5,01.août,02.avr,69,58,83,0.00,0.10,0.10,0.00,0.10,0.03,0.09,0.12,0.03,0.12
Player,Nation,Pos,Squad,Age,Born,MP,Starts,Min,90s,Gls,Ast,G+A,G-PK,PK,PKatt,CrdY,CrdR,xG,npxG,xAG,npxG+xAG,PrgC,PrgP,PrgR,Gls,Ast,G+A,G-PK,G+A-PK,xG,xAG,xG+xAG,npxG,npxG+xAG
Reece Oxford,eng ENG,DF,Augsburg,21,1998,24,13,1 358,15.janv,0,0,0,0,0,0,2,0,01.févr,01.févr,0.0,01.févr,6,63,1,0.00,0.00,0.00,0.00,0.00,0.08,0.00,0.08,0.08,0.08
Salih Özcan,tr TUR,MF,Köln,22,1998,28,15,1 371,15.févr,0,1,1,0,0,0,3,0,0.5,0.5,01.mars,01.août,16,49,50,0.00,0.07,0.07,0.00,0.07,0.03,0.09,0.12,0.03,0.12
Levin Öztunalı,de GER,DF FW,Mainz 05,24,1996,17,7,758,08.avr,1,2,3,1,0,0,0,0,0.6,0.6,0.9,01.mai,25,19,38,0.12,0.24,0.36,0.12,0.36,0.07,0.11,0.18,0.07,0.18
Gonçalo Paciência,pt POR,FW,Schalke 04,25,1994,15,9,749,08.mars,1,1,2,1,0,0,2,0,01.juin,01.juin,01.janv,02.juil,12,11,44,0.12,0.12,0.24,0.12,0.24,0.19,0.13,0.32,0.19,0.32
Exequiel Palacios,ar ARG,MF,Leverkusen,21,1998,9,7,572,06.avr,0,0,0,0,0,0,1,0,0.1,0.1,0.7,0.8,4,34,5,0.00,0.00,0.00,0.00,0.00,0.02,0.10,0.12,0.02,0.12
Merveille Papela,de GER,DF,Mainz 05,19,2001,1,0,2,0.0,0,0,0,0,0,0,0,0,0.0,0.0,0.0,0.0,0,0,0,0.00,0.00,0.00,0.00,0.00,0.00,0.00,0.00,0.00,0.00
Felix Passlack,de GER,DF,Dortmund,22,1998,7,3,362,4.0,1,0,1,1,0,0,0,0,0.6,0.6,0.2,0.9,15,14,22,0.25,0.00,0.25,0.25,0.25,0.16,0.06,0.21,0.16,0.21
Paulinho,br BRA,FW,Leverkusen,20,2000,1,1,65,0.7,0,0,0,0,0,0,0,0,0.2,0.2,0.0,0.2,1,2,6,0.00,0.00,0.00,0.00,0.00,0.28,0.00,0.28,0.28,0.28
Benjamin Pavard,fr FRA,DF,Bayern Munich,24,1996,24,22,1 943,21.juin,0,0,0,0,0,0,3,0,0.4,0.4,01.mars,01.juil,49,162,167,0.00,0.00,0.00,0.00,0.00,0.02,0.06,0.08,0.02,0.08
Jiří Pavlenka,cz CZE,GK,Werder Bremen,28,1992,34,34,3 06,34.0,0,0,0,0,0,0,2,0,0.0,0.0,0.0,0.0,0,0,0,0.00,0.00,0.00,0.00,0.00,0.00,0.00,0.00,0.00,0.00
Vasileios Pavlidis,gr GRE,FW,Schalke 04,17,2002,1,0,2,0.0,0,0,0,0,0,0,0,0,0.0,0.0,0.0,0.0,0,0,0,0.00,0.00,0.00,0.00,0.00,0.00,0.00,0.00,0.00,0.00
Mads Pedersen,dk DEN,DF,Augsburg,23,1996,15,9,887,09.sept,0,0,0,0,0,0,1,0,0.0,0.0,01.mars,01.mars,26,12,20,0.00,0.00,0.00,0.00,0.00,0.00,0.13,0.13,0.00,0.13
Peter Pekarík,sk SVK,DF,Hertha BSC,33,1986,23,22,1 692,18.août,3,1,4,3,0,0,4,0,01.août,01.août,0.8,02.juin,42,61,74,0.16,0.05,0.21,0.16,0.21,0.09,0.04,0.14,0.09,0.14
Philipp Pentke,de GER,GK,Hoffenheim,35,1985,3,3,270,3.0,0,0,0,0,0,0,0,0,0.0,0.0,0.0,0.0,0,0,0,0.00,0.00,0.00,0.00,0.00,0.00,0.00,0.00,0.00,0.00
Pavao Pervan,at AUT,GK,Wolfsburg,32,1987,2,2,180,2.0,0,0,0,0,0,0,0,0,0.0,0.0,0.0,0.0,0,0,0,0.00,0.00,0.00,0.00,0.00,0.00,0.00,0.00,0.00,0.00
Nils Petersen,de GER,FW,Freiburg,31,1988,32,12,1 301,14.mai,8,0,8,7,1,1,0,0,06.mars,05.mai,0.5,6.0,4,16,60,0.55,0.00,0.55,0.48,0.48,0.44,0.04,0.47,0.38,0.42
Lukas Petkov,bg BUL,MF,Augsburg,19,2000,1,0,4,0.0,0,0,0,0,0,0,0,0,0.0,0.0,0.0,0.0,0,0,0,0.00,0.00,0.00,0.00,0.00,0.00,0.00,0.00,0.00,0.00
Maximilian Philipp,de GER,MF,Wolfsburg,26,1994,24,13,1 111,12.mars,6,2,8,6,0,0,3,0,03.mai,03.mai,01.janv,04.mai,8,28,71,0.49,0.16,0.65,0.49,0.65,0.28,0.09,0.37,0.28,0.37
Krzysztof Piątek,pl POL,FW,Hertha BSC,25,1995,32,18,1 63,18.janv,7,1,8,7,0,1,4,0,06.avr,05.juin,01.janv,06.juin,18,21,105,0.39,0.06,0.44,0.39,0.44,0.35,0.06,0.41,0.31,0.37
Amos Pieper,de GER,DF,Arminia,22,1998,30,30,2 682,29.août,1,1,2,1,0,0,6,0,01.févr,01.févr,0.5,01.juil,21,86,6,0.03,0.03,0.07,0.03,0.07,0.04,0.02,0.06,0.04,0.06
Łukasz Piszczek,pl POL,DF,Dortmund,35,1985,11,5,455,05.janv,0,0,0,0,0,0,0,0,0.0,0.0,0.2,0.2,10,20,10,0.00,0.00,0.00,0.00,0.00,0.01,0.04,0.05,0.01,0.05
Marvin Plattenhardt,de GER,DF,Hertha BSC,28,1992,16,12,1 071,11.sept,0,2,2,0,0,0,1,0,0.1,0.1,01.févr,01.mars,28,56,46,0.00,0.17,0.17,0.00,0.17,0.01,0.10,0.11,0.01,0.11
Alassane Pléa,fr FRA,FW,Gladbach,27,1993,29,19,1 803,20.0,6,1,7,6,0,0,2,0,05.juil,05.juil,04.juin,10.avr,55,75,178,0.30,0.05,0.35,0.30,0.35,0.29,0.23,0.52,0.29,0.52
Joel Pohjanpalo,fi FIN,FW,Union Berlin,25,1994,19,10,851,09.mai,6,0,6,6,0,0,0,0,06.juin,06.juin,01.févr,07.août,6,26,39,0.63,0.00,0.63,0.63,0.63,0.70,0.13,0.83,0.70,0.83
Joel Pohjanpalo,fi FIN,MF,Leverkusen,25,1994,1,0,6,0.1,0,0,0,0,0,0,0,0,0.0,0.0,0.0,0.0,0,0,1,0.00,0.00,0.00,0.00,0.00,0.00,0.00,0.00,0.00,0.00
Player,Nation,Pos,Squad,Age,Born,MP,Starts,Min,90s,Gls,Ast,G+A,G-PK,PK,PKatt,CrdY,CrdR,xG,npxG,xAG,npxG+xAG,PrgC,PrgP,PrgR,Gls,Ast,G+A,G-PK,G+A-PK,xG,xAG,xG+xAG,npxG,npxG+xAG
Marin Pongračić,hr CRO,DF,Wolfsburg,22,1997,10,7,575,06.avr,0,0,0,0,0,0,2,1,0.1,0.1,0.0,0.1,2,20,0,0.00,0.00,0.00,0.00,0.00,0.01,0.00,0.01,0.01,0.01
Stefan Posch,at AUT,DF,Hoffenheim,23,1997,26,25,2 119,23.mai,0,0,0,0,0,0,11,1,0.7,0.7,0.7,01.avr,35,133,26,0.00,0.00,0.00,0.00,0.00,0.03,0.03,0.06,0.03,0.06
Yussuf Poulsen,dk DEN,FW,RB Leipzig,26,1994,27,14,1 354,15.0,5,4,9,5,0,0,1,0,04.juin,04.juin,01.août,06.avr,23,37,118,0.33,0.27,0.60,0.33,0.60,0.31,0.12,0.42,0.31,0.42
Manuel Prietl,at AUT,MF,Arminia,28,1991,28,28,2 517,28.0,1,1,2,1,0,0,3,0,0.8,0.8,01.août,02.juin,14,67,18,0.04,0.04,0.07,0.04,0.07,0.03,0.06,0.09,0.03,0.09
Grischa Prömel,de GER,MF,Union Berlin,25,1995,24,21,1 816,20.févr,3,1,4,3,0,0,7,0,01.août,01.août,1.0,02.juil,18,66,33,0.15,0.05,0.20,0.15,0.20,0.09,0.05,0.14,0.09,0.14
Robin Quaison,se SWE,FW MF,Mainz 05,26,1993,28,18,1 476,16.avr,6,2,8,5,1,1,1,0,06.févr,05.avr,02.juin,8.0,14,40,68,0.37,0.12,0.49,0.30,0.43,0.38,0.16,0.53,0.33,0.49
Nemanja Radonjić,rs SRB,FW MF,Hertha BSC,24,1996,12,5,611,06.août,1,2,3,1,0,0,1,0,01.sept,01.sept,1.0,02.sept,40,31,77,0.15,0.29,0.44,0.15,0.44,0.29,0.15,0.43,0.29,0.43
Benito Raman,be BEL,FW MF,Schalke 04,25,1994,25,13,1 246,13.août,2,0,2,2,0,0,2,0,02.mars,02.févr,01.févr,03.mai,14,30,75,0.14,0.00,0.14,0.14,0.14,0.17,0.09,0.26,0.16,0.25
Milot Rashica,xk KVX,FW MF,Werder Bremen,24,1996,24,14,1 462,16.févr,3,2,5,2,1,1,0,0,04.avr,03.juin,01.juin,05.févr,52,31,134,0.18,0.12,0.31,0.12,0.25,0.27,0.10,0.37,0.22,0.32
Daishawn Redan,nl NED,FW MF,Hertha BSC,19,2001,7,0,102,01.janv,0,0,0,0,0,0,0,0,0.7,0.7,0.0,0.7,5,4,10,0.00,0.00,0.00,0.00,0.00,0.58,0.02,0.60,0.58,0.60
Reinier,br BRA,MF FW,Dortmund,18,2002,14,1,257,02.sept,1,1,2,1,0,0,0,0,0.5,0.5,0.3,0.7,7,5,11,0.35,0.35,0.70,0.35,0.70,0.17,0.09,0.26,0.17,0.26
Rocco Reitz,de GER,MF,Gladbach,18,2002,2,1,60,0.7,0,0,0,0,0,0,1,0,0.0,0.0,0.1,0.1,0,6,0,0.00,0.00,0.00,0.00,0.00,0.00,0.17,0.17,0.00,0.17
Marco Reus,de GER,MF FW,Dortmund,31,1989,32,27,2 279,25.mars,8,6,14,8,0,2,1,0,10.févr,07.mai,7.0,14.mai,61,107,208,0.32,0.24,0.55,0.32,0.55,0.40,0.28,0.68,0.30,0.57
Elvis Rexhbeçaj,xk KVX,MF FW,Köln,22,1997,30,20,1 833,20.avr,5,2,7,5,0,0,4,0,02.mars,02.mars,02.juin,04.août,27,67,73,0.25,0.10,0.34,0.25,0.34,0.11,0.13,0.24,0.11,0.24
Gio Reyna,us USA,MF FW,Dortmund,17,2002,32,23,1 976,22.0,4,5,9,4,0,0,1,0,04.janv,04.janv,05.févr,09.févr,65,64,215,0.18,0.23,0.41,0.18,0.41,0.18,0.24,0.42,0.18,0.42
Chris Richards,us USA,DF,Hoffenheim,20,2000,11,11,944,10.mai,0,1,1,0,0,0,1,0,0.1,0.1,0.3,0.4,4,45,2,0.00,0.10,0.10,0.00,0.10,0.01,0.03,0.04,0.01,0.04
Chris Richards,us USA,DF,Bayern Munich,20,2000,3,1,89,1.0,0,1,1,0,0,0,0,0,0.0,0.0,0.5,0.5,1,5,10,0.00,01.janv,01.janv,0.00,01.janv,0.00,0.47,0.47,0.00,0.47
Marco Richter,de GER,FW MF,Augsburg,22,1997,29,16,1 416,15.juil,3,1,4,3,0,0,4,1,05.janv,05.janv,01.juil,06.août,32,38,107,0.19,0.06,0.25,0.19,0.25,0.32,0.11,0.43,0.32,0.43
Marc Roca,es ESP,MF,Bayern Munich,23,1996,6,2,177,2.0,0,0,0,0,0,0,1,0,0.2,0.2,0.0,0.2,1,20,1,0.00,0.00,0.00,0.00,0.00,0.11,0.01,0.12,0.11,0.12
Sebastian Rode,de GER,MF,Eint Frankfurt,29,1990,27,19,1 625,18.janv,1,0,1,1,0,0,10,0,0.1,0.1,01.janv,01.févr,36,112,34,0.06,0.00,0.06,0.06,0.06,0.00,0.06,0.07,0.00,0.07
Jérôme Roussillon,fr FRA,DF,Wolfsburg,27,1993,20,14,1 229,13.juil,0,2,2,0,0,0,0,0,0.8,0.8,01.juil,02.mai,35,43,69,0.00,0.15,0.15,0.00,0.15,0.06,0.12,0.18,0.06,0.18
Sebastian Rudy,de GER,MF FW,Hoffenheim,30,1990,25,21,1 678,18.juin,1,3,4,1,0,0,4,0,0.8,0.8,02.mars,03.janv,19,111,67,0.05,0.16,0.21,0.05,0.21,0.04,0.12,0.16,0.04,0.16
Sebastian Rudy,de GER,DF,Schalke 04,30,1990,2,2,180,2.0,0,0,0,0,0,0,0,0,0.0,0.0,0.1,0.1,0,11,7,0.00,0.00,0.00,0.00,0.00,0.01,0.07,0.07,0.01,0.07
Georginio Rutter,fr FRA,FW,Hoffenheim,18,2002,9,2,241,02.juil,1,0,1,1,0,0,0,0,0.7,0.7,0.1,0.8,4,6,29,0.37,0.00,0.37,0.37,0.37,0.25,0.04,0.28,0.25,0.28
Julian Ryerson,no NOR,DF MF,Union Berlin,22,1997,24,10,1 069,11.sept,0,2,2,0,0,0,2,0,0.2,0.2,0.9,01.janv,15,32,38,0.00,0.17,0.17,0.00,0.17,0.02,0.07,0.10,0.02,0.10
Player,Nation,Pos,Squad,Age,Born,MP,Starts,Min,90s,Gls,Ast,G+A,G-PK,PK,PKatt,CrdY,CrdR,xG,npxG,xAG,npxG+xAG,PrgC,PrgP,PrgR,Gls,Ast,G+A,G-PK,G+A-PK,xG,xAG,xG+xAG,npxG,npxG+xAG
Frederik Rønnow,dk DEN,GK,Schalke 04,27,1992,11,10,945,10.mai,0,0,0,0,0,0,0,0,0.0,0.0,0.0,0.0,0,0,0,0.00,0.00,0.00,0.00,0.00,0.00,0.00,0.00,0.00,0.00
Victor Sá,br BRA,FW,Wolfsburg,26,1994,21,3,469,05.févr,1,1,2,1,0,0,0,0,0.5,0.5,01.janv,01.juin,20,15,66,0.19,0.19,0.38,0.19,0.38,0.09,0.22,0.31,0.09,0.31
Marcel Sabitzer,at AUT,MF,RB Leipzig,26,1994,27,24,2 026,22.mai,8,3,11,4,4,4,8,0,07.juin,04.avr,02.juil,07.janv,24,171,78,0.36,0.13,0.49,0.18,0.31,0.34,0.12,0.46,0.19,0.32
Roland Sallai,hu HUN,MF FW,Freiburg,23,1997,28,22,1 661,18.mai,8,3,11,7,1,1,5,0,06.avr,05.juin,01.avr,7.0,54,65,118,0.43,0.16,0.60,0.38,0.54,0.35,0.07,0.42,0.30,0.38
Lazar Samardzic,rs SRB,MF,RB Leipzig,18,2002,7,2,200,02.févr,0,1,1,0,0,0,0,0,0.0,0.0,0.6,0.6,3,2,8,0.00,0.45,0.45,0.00,0.45,0.01,0.26,0.27,0.01,0.27
Diadie Samassékou,ml MLI,MF,Hoffenheim,24,1996,31,31,2 563,28.mai,0,2,2,0,0,0,3,0,0.6,0.6,01.août,02.mars,11,112,32,0.00,0.07,0.07,0.00,0.07,0.02,0.06,0.08,0.02,0.08
Jadon Sancho,eng ENG,FW MF,Dortmund,20,2000,26,24,2 062,22.sept,8,11,19,7,1,1,0,0,06.juin,05.août,07.juil,13.mai,114,178,276,0.35,0.48,0.83,0.31,0.79,0.29,0.34,0.62,0.25,0.59
Leroy Sané,de GER,FW MF,Bayern Munich,24,1996,32,18,1 805,20.janv,6,9,15,6,0,0,2,0,05.avr,05.avr,06.août,12.janv,73,84,230,0.30,0.45,0.75,0.30,0.75,0.27,0.34,0.61,0.27,0.61
Salif Sané,sn SEN,DF,Schalke 04,29,1990,14,11,1 071,11.sept,0,0,0,0,0,0,5,0,0.4,0.4,01.janv,01.mai,11,29,6,0.00,0.00,0.00,0.00,0.00,0.03,0.09,0.12,0.03,0.12
Mohamed Sankoh,nl NED,MF,Stuttgart,16,2003,1,0,17,0.2,0,0,0,0,0,0,0,0,0.0,0.0,0.0,0.0,0,0,1,0.00,0.00,0.00,0.00,0.00,0.00,0.00,0.00,0.00,0.00
Baptiste Santamaria,fr FRA,MF,Freiburg,25,1995,30,28,2 209,24.mai,1,2,3,1,0,0,5,0,02.févr,02.févr,01.avr,03.juil,30,96,58,0.04,0.08,0.12,0.04,0.12,0.09,0.06,0.15,0.09,0.15
Josh Sargent,us USA,FW MF,Werder Bremen,20,2000,32,30,2 506,27.août,5,2,7,5,0,0,7,0,05.mai,05.mai,03.août,09.mars,28,45,114,0.18,0.07,0.25,0.18,0.25,0.20,0.14,0.34,0.20,0.34
Bouna Sarr,sn SEN,DF,Bayern Munich,28,1992,8,5,452,5.0,0,1,1,0,0,0,1,0,0.1,0.1,0.1,0.2,18,32,29,0.00,0.20,0.20,0.00,0.20,0.01,0.02,0.04,0.01,0.04
Patrik Schick,cz CZE,FW,Leverkusen,24,1996,29,20,1 866,20.juil,9,1,10,9,0,0,4,0,09.févr,09.févr,02.mai,11.juil,19,19,132,0.43,0.05,0.48,0.43,0.48,0.44,0.12,0.56,0.44,0.56
Sven Schipplock,de GER,FW MF,Arminia,31,1988,32,5,744,08.mars,1,0,1,1,0,0,4,0,01.mai,01.mai,0.6,02.janv,16,17,37,0.12,0.00,0.12,0.12,0.12,0.18,0.07,0.25,0.18,0.25
Xaver Schlager,at AUT,MF,Wolfsburg,22,1997,32,30,2 626,29.2,2,4,6,2,0,0,7,0,03.janv,03.janv,03.sept,7.0,47,141,62,0.07,0.14,0.21,0.07,0.21,0.11,0.13,0.24,0.11,0.24
Keven Schlotterbeck,de GER,DF,Freiburg,23,1997,24,18,1 654,18.avr,0,0,0,0,0,0,3,0,0.5,0.5,0.1,0.5,2,56,6,0.00,0.00,0.00,0.00,0.00,0.02,0.00,0.03,0.02,0.03
Nico Schlotterbeck,de GER,DF,Union Berlin,20,1999,16,15,1 285,14.mars,1,0,1,1,0,0,4,1,02.mars,02.mars,0.6,02.sept,23,74,5,0.07,0.00,0.07,0.07,0.07,0.16,0.04,0.20,0.16,0.20
Jonathan Schmid,fr FRA,MF DF,Freiburg,30,1990,31,27,2 393,26.juin,2,2,4,2,0,0,4,0,01.janv,01.janv,02.avr,03.mai,49,130,122,0.08,0.08,0.15,0.08,0.15,0.04,0.09,0.13,0.04,0.13
Romano Schmid,at AUT,MF FW,Werder Bremen,20,2000,22,13,1 177,13.janv,0,3,3,0,0,0,2,0,0.7,0.7,01.mars,2.0,19,57,63,0.00,0.23,0.23,0.00,0.23,0.05,0.10,0.15,0.05,0.15
Benno Schmitz,de GER,DF,Köln,25,1994,12,4,416,04.juin,0,1,1,0,0,0,0,0,0.2,0.2,0.3,0.5,7,26,18,0.00,0.22,0.22,0.00,0.22,0.04,0.07,0.11,0.04,0.11
Alessandro Schöpf,at AUT,FW MF,Schalke 04,26,1994,19,10,942,10.mai,0,0,0,0,0,0,0,0,0.5,0.5,0.2,0.7,19,22,63,0.00,0.00,0.00,0.00,0.00,0.04,0.02,0.07,0.04,0.07
Nico Schulz,de GER,DF,Dortmund,27,1993,13,6,610,06.août,0,0,0,0,0,0,1,0,0.1,0.1,0.4,0.5,23,30,36,0.00,0.00,0.00,0.00,0.00,0.01,0.06,0.07,0.01,0.07
Alexander Schwolow,de GER,GK,Hertha BSC,28,1992,26,26,2 34,26.0,0,0,0,0,0,0,0,0,0.0,0.0,0.0,0.0,0,1,0,0.00,0.00,0.00,0.00,0.00,0.00,0.00,0.00,0.00,0.00
Christopher Scott,de GER,MF FW,Bayern Munich,18,2002,2,0,34,0.4,0,0,0,0,0,0,0,0,0.0,0.0,0.0,0.0,2,1,3,0.00,0.00,0.00,0.00,0.00,0.08,0.00,0.08,0.08,0.08
Player,Nation,Pos,Squad,Age,Born,MP,Starts,Min,90s,Gls,Ast,G+A,G-PK,PK,PKatt,CrdY,CrdR,xG,npxG,xAG,npxG+xAG,PrgC,PrgP,PrgR,Gls,Ast,G+A,G-PK,G+A-PK,xG,xAG,xG+xAG,npxG,npxG+xAG
Davie Selke,de GER,FW,Werder Bremen,25,1995,23,7,813,9.0,3,1,4,2,1,1,4,0,03.juil,02.sept,0.4,03.mars,10,15,46,0.33,0.11,0.44,0.22,0.33,0.41,0.05,0.46,0.32,0.37
Suat Serdar,de GER,MF,Schalke 04,23,1997,25,24,1 953,21.juil,1,3,4,1,0,0,3,0,02.janv,02.janv,01.mars,03.avr,44,67,52,0.05,0.14,0.18,0.05,0.18,0.10,0.06,0.16,0.10,0.16
Ryan Sessegnon,eng ENG,DF FW,Hoffenheim,20,2000,23,17,1 574,17.mai,2,3,5,2,0,0,4,0,0.8,0.8,01.juil,02.mai,45,68,103,0.11,0.17,0.29,0.11,0.29,0.05,0.10,0.14,0.05,0.14
Nils Seufert,de GER,MF FW,Arminia,23,1997,13,2,343,03.août,0,1,1,0,0,0,1,0,0.0,0.0,0.3,0.4,1,19,8,0.00,0.26,0.26,0.00,0.26,0.01,0.09,0.10,0.01,0.10
Tim Siersleben,de GER,DF,Wolfsburg,20,2000,1,0,34,0.4,0,0,0,0,0,0,0,0,0.1,0.1,0.0,0.1,0,1,0,0.00,0.00,0.00,0.00,0.00,0.13,0.00,0.13,0.13,0.13
André Silva,pt POR,FW,Eint Frankfurt,24,1995,32,32,2 76,30.juil,28,7,35,21,7,7,1,0,25.juin,20.janv,04.juil,24.août,46,67,255,0.91,0.23,janv.14,0.68,0.91,0.83,0.15,0.99,0.65,0.81
Jóan Símun Edmundsson,fo FRO,FW MF,Arminia,29,1991,5,0,58,0.6,1,0,1,1,0,0,0,0,0.4,0.4,0.0,0.4,2,0,6,janv.55,0.00,janv.55,janv.55,janv.55,0.66,0.00,0.66,0.66,0.66
Daley Sinkgraven,nl NED,DF,Leverkusen,25,1995,22,19,1 57,17.avr,0,0,0,0,0,0,4,0,0.3,0.3,0.6,0.9,56,78,66,0.00,0.00,0.00,0.00,0.00,0.02,0.03,0.05,0.02,0.05
Tobias Sippel,de GER,GK,Gladbach,32,1988,4,3,344,03.août,0,0,0,0,0,0,0,0,0.0,0.0,0.0,0.0,0,0,0,0.00,0.00,0.00,0.00,0.00,0.00,0.00,0.00,0.00,0.00
Ellyes Skhiri,tn TUN,MF,Köln,25,1995,32,32,2 785,30.sept,5,2,7,5,0,0,5,0,04.mai,04.mai,1.0,05.mai,19,109,28,0.16,0.06,0.23,0.16,0.23,0.15,0.03,0.18,0.15,0.18
Robert Skov,dk DEN,FW MF,Hoffenheim,24,1996,23,12,1 164,12.sept,1,0,1,1,0,0,0,1,01.sept,01.sept,02.mai,04.avr,25,42,98,0.08,0.00,0.08,0.08,0.08,0.15,0.19,0.34,0.15,0.34
Steven Skrzybski,de GER,FW DF,Schalke 04,27,1992,13,3,419,04.juil,0,0,0,0,0,1,2,0,01.janv,0.3,0.1,0.4,6,10,23,0.00,0.00,0.00,0.00,0.00,0.23,0.02,0.25,0.06,0.08
Yann Sommer,ch SUI,GK,Gladbach,31,1988,31,31,2 712,30.janv,0,0,0,0,0,0,1,1,0.0,0.0,0.0,0.0,0,2,0,0.00,0.00,0.00,0.00,0.00,0.00,0.00,0.00,0.00,0.00
Borna Sosa,hr CRO,DF FW,Stuttgart,22,1998,26,25,2 042,22.juil,0,9,9,0,0,0,2,0,0.6,0.6,05.juin,06.févr,88,88,200,0.00,0.40,0.40,0.00,0.40,0.03,0.25,0.28,0.03,0.28
Cebio Soukou,bj BEN,FW MF,Arminia,27,1992,14,5,458,05.janv,1,0,1,1,0,0,2,0,0.7,0.7,0.2,0.9,5,8,29,0.20,0.00,0.20,0.20,0.20,0.13,0.04,0.17,0.13,0.17
Djibril Sow,ch SUI,MF,Eint Frankfurt,23,1997,28,25,2 175,24.févr,0,2,2,0,0,0,6,0,0.5,0.5,01.févr,01.juil,41,119,45,0.00,0.08,0.08,0.00,0.08,0.02,0.05,0.07,0.02,0.07
Jerry St. Juste,nl NED,DF,Mainz 05,23,1996,32,32,2 88,32.0,0,1,1,0,0,0,4,0,01.sept,01.sept,0.3,02.févr,36,99,13,0.00,0.03,0.03,0.00,0.03,0.06,0.01,0.07,0.06,0.07
Benjamin Stambouli,fr FRA,DF MF,Schalke 04,29,1990,24,22,1 956,21.juil,0,2,2,0,0,0,5,0,0.1,0.1,0.4,0.5,16,102,9,0.00,0.09,0.09,0.00,0.09,0.00,0.02,0.02,0.00,0.02
Josip Stanišić,hr CRO,DF,Bayern Munich,20,2000,1,1,90,1.0,0,0,0,0,0,0,0,0,0.2,0.2,0.0,0.2,0,4,5,0.00,0.00,0.00,0.00,0.00,0.15,0.00,0.15,0.15,0.15
Niklas Stark,de GER,DF MF,Hertha BSC,25,1995,33,31,2 793,31.0,0,0,0,0,0,0,2,0,01.janv,01.janv,0.8,01.sept,23,113,15,0.00,0.00,0.00,0.00,0.00,0.03,0.03,0.06,0.03,0.06
Renato Steffen,ch SUI,FW MF,Wolfsburg,28,1991,21,19,1 566,17.avr,5,4,9,5,0,0,3,0,04.janv,04.janv,02.mars,06.avr,39,69,113,0.29,0.23,0.52,0.29,0.52,0.24,0.13,0.37,0.24,0.37
Pascal Stenzel,de GER,DF,Stuttgart,24,1996,23,14,1 276,14.févr,0,1,1,0,0,0,3,1,0.2,0.2,0.3,0.5,10,73,13,0.00,0.07,0.07,0.00,0.07,0.01,0.02,0.03,0.01,0.03
Lars Stindl,de GER,MF FW,Gladbach,31,1988,30,23,1 961,21.août,14,8,22,8,6,7,6,0,10.janv,04.juin,04.août,09.avr,22,116,111,0.64,0.37,01.janv,0.37,0.73,0.46,0.22,0.68,0.21,0.43
Kevin Stöger,at AUT,MF FW,Mainz 05,26,1993,19,4,538,6.0,3,0,3,3,0,0,3,0,01.août,01.août,0.7,02.mai,22,38,36,0.50,0.00,0.50,0.50,0.50,0.30,0.12,0.42,0.30,0.42
Tobias Strobl,de GER,MF,Augsburg,30,1990,29,21,1 846,20.mai,0,0,0,0,0,0,4,0,0.9,0.9,0.8,01.juil,9,81,34,0.00,0.00,0.00,0.00,0.00,0.04,0.04,0.08,0.04,0.08
Player,Nation,Pos,Squad,Age,Born,MP,Starts,Min,90s,Gls,Ast,G+A,G-PK,PK,PKatt,CrdY,CrdR,xG,npxG,xAG,npxG+xAG,PrgC,PrgP,PrgR,Gls,Ast,G+A,G-PK,G+A-PK,xG,xAG,xG+xAG,npxG,npxG+xAG
Marek Suchý,cz CZE,DF,Augsburg,32,1988,5,3,305,03.avr,0,0,0,0,0,0,2,0,0.0,0.0,0.0,0.0,0,7,0,0.00,0.00,0.00,0.00,0.00,0.00,0.00,0.00,0.00,0.00
Niklas Süle,de GER,DF,Bayern Munich,24,1995,20,16,1 505,16.juil,1,0,1,1,0,0,1,0,1.0,1.0,0.3,01.mars,36,129,29,0.06,0.00,0.06,0.06,0.06,0.06,0.02,0.08,0.06,0.08
Ádám Szalai,hu HUN,FW,Mainz 05,32,1987,18,8,733,08.janv,1,0,1,1,0,0,1,0,02.avr,02.avr,0.6,3.0,5,20,52,0.12,0.00,0.12,0.12,0.12,0.29,0.08,0.37,0.29,0.37
Frederik Sørensen,dk DEN,DF,Köln,28,1992,3,1,99,01.janv,0,0,0,0,0,0,2,0,0.0,0.0,0.1,0.1,1,6,2,0.00,0.00,0.00,0.00,0.00,0.00,0.06,0.06,0.00,0.06
Alexander Sørloth,no NOR,FW,RB Leipzig,24,1995,29,13,1 443,16.0,5,3,8,5,0,1,2,0,06.avr,05.juin,02.juil,08.mars,43,34,143,0.31,0.19,0.50,0.31,0.50,0.40,0.17,0.57,0.35,0.52
Jonathan Tah,de GER,DF,Leverkusen,24,1996,27,24,2 219,24.juil,1,0,1,1,0,0,3,0,0.8,0.8,0.0,0.9,13,125,12,0.04,0.00,0.04,0.04,0.04,0.03,0.00,0.03,0.03,0.03
Edmond Tapsoba,bf BFA,DF,Leverkusen,21,1999,31,29,2 652,29.mai,1,0,1,1,0,0,5,0,1.0,1.0,0.5,01.mai,25,167,8,0.03,0.00,0.03,0.03,0.03,0.03,0.02,0.05,0.03,0.05
Niklas Tauer,de GER,MF DF,Mainz 05,19,2001,5,0,69,0.8,0,0,0,0,0,0,0,0,0.0,0.0,0.1,0.1,1,3,1,0.00,0.00,0.00,0.00,0.00,0.00,0.09,0.09,0.00,0.09
Lino Tempelmann,de GER,MF,Freiburg,21,1999,10,2,270,3.0,0,0,0,0,0,0,2,0,0.2,0.2,0.0,0.2,3,8,4,0.00,0.00,0.00,0.00,0.00,0.06,0.01,0.06,0.06,0.06
Cedric Teuchert,de GER,FW MF,Union Berlin,23,1997,24,5,754,08.avr,3,1,4,3,0,0,2,0,03.juil,03.juil,0.7,04.avr,23,17,32,0.36,0.12,0.48,0.36,0.48,0.44,0.08,0.52,0.44,0.52
Malick Thiaw,de GER,DF,Schalke 04,18,2001,19,15,1 452,16.janv,1,0,1,1,0,0,5,1,0.7,0.7,0.1,0.8,4,28,10,0.06,0.00,0.06,0.06,0.06,0.04,0.01,0.05,0.04,0.05
Jan Thielmann,de GER,FW MF,Köln,18,2002,24,9,1 029,11.avr,2,3,5,2,0,0,0,0,01.avr,01.avr,0.8,02.févr,18,28,70,0.17,0.26,0.44,0.17,0.44,0.12,0.07,0.19,0.12,0.19
Erik Thommy,de GER,MF DF,Stuttgart,25,1994,8,3,313,03.mai,0,2,2,0,0,0,0,0,0.5,0.5,1.0,01.juin,25,13,30,0.00,0.58,0.58,0.00,0.58,0.15,0.30,0.45,0.15,0.45
Marcus Thuram,fr FRA,FW MF,Gladbach,22,1997,29,20,1 731,19.févr,8,3,11,8,0,0,3,1,08.janv,08.janv,02.avr,10.mai,77,44,162,0.42,0.16,0.57,0.42,0.57,0.42,0.13,0.55,0.42,0.55
Steffen Tigges,de GER,FW DF,Dortmund,22,1998,6,0,56,0.6,0,0,0,0,0,0,0,0,0.1,0.1,0.0,0.2,0,3,2,0.00,0.00,0.00,0.00,0.00,0.23,0.05,0.28,0.23,0.28
Guus Til,nl NED,FW,Freiburg,22,1997,7,1,125,01.avr,0,0,0,0,0,0,1,0,0.7,0.7,0.0,0.7,3,0,15,0.00,0.00,0.00,0.00,0.00,0.48,0.03,0.51,0.48,0.51
Corentin Tolisso,fr FRA,MF,Bayern Munich,25,1994,16,7,781,08.juil,1,0,1,1,0,0,1,1,02.févr,02.févr,0.4,02.juin,12,68,27,0.12,0.00,0.12,0.12,0.12,0.25,0.05,0.30,0.25,0.30
Ömer Toprak,tr TUR,DF,Werder Bremen,31,1989,26,24,1 94,21.juin,2,0,2,2,0,0,1,0,0.7,0.7,0.0,0.8,12,52,1,0.09,0.00,0.09,0.09,0.09,0.03,0.00,0.04,0.03,0.04
Jordan Torunarigha,de GER,DF,Hertha BSC,22,1997,14,11,969,10.août,0,0,0,0,0,0,5,0,0.2,0.2,0.4,0.6,10,44,9,0.00,0.00,0.00,0.00,0.00,0.02,0.04,0.06,0.02,0.06
Almamy Touré,ml MLI,DF,Eint Frankfurt,24,1996,17,8,704,07.août,1,1,2,1,0,0,2,0,01.sept,01.sept,2.0,03.sept,17,27,70,0.13,0.13,0.26,0.13,0.26,0.24,0.26,0.49,0.24,0.49
Lucas Tousart,fr FRA,MF,Hertha BSC,23,1997,26,25,2 09,23.févr,1,0,1,1,0,0,7,0,01.mai,01.mai,01.juin,3.0,24,84,23,0.04,0.00,0.04,0.04,0.04,0.06,0.07,0.13,0.06,0.13
Ibrahima Traoré,gn GUI,FW DF,Gladbach,32,1988,7,1,98,01.janv,0,0,0,0,0,0,0,0,0.0,0.0,0.2,0.2,2,2,8,0.00,0.00,0.00,0.00,0.00,0.00,0.22,0.22,0.00,0.22
Kevin Trapp,de GER,GK,Eint Frankfurt,30,1990,33,33,2 97,33.0,0,0,0,0,0,0,0,0,0.0,0.0,0.0,0.0,0,0,0,0.00,0.00,0.00,0.00,0.00,0.00,0.00,0.00,0.00,0.00
Christopher Trimmel,at AUT,DF FW,Union Berlin,33,1987,31,30,2 572,28.juin,1,9,10,1,0,0,9,0,0.3,0.3,05.sept,06.mars,47,85,78,0.03,0.31,0.35,0.03,0.35,0.01,0.21,0.22,0.01,0.22
Tuta,br BRA,DF,Eint Frankfurt,21,1999,19,16,1 459,16.févr,0,0,0,0,0,0,5,0,0.2,0.2,0.2,0.4,24,87,15,0.00,0.00,0.00,0.00,0.00,0.01,0.01,0.03,0.01,0.03
Player,Nation,Pos,Squad,Age,Born,MP,Starts,Min,90s,Gls,Ast,G+A,G-PK,PK,PKatt,CrdY,CrdR,xG,npxG,xAG,npxG+xAG,PrgC,PrgP,PrgR,Gls,Ast,G+A,G-PK,G+A-PK,xG,xAG,xG+xAG,npxG,npxG+xAG
Dayot Upamecano,fr FRA,DF,RB Leipzig,21,1998,29,27,2 33,25.sept,1,0,1,1,0,0,6,0,01.mars,01.mars,0.6,01.sept,24,155,11,0.04,0.00,0.04,0.04,0.04,0.05,0.02,0.07,0.05,0.07
Mark Uth,de GER,FW MF,Schalke 04,28,1991,20,18,1 494,16.juin,3,1,4,3,0,0,5,0,03.févr,03.févr,01.sept,05.janv,34,53,69,0.18,0.06,0.24,0.18,0.24,0.19,0.12,0.31,0.19,0.31
Ruben Vargas,ch SUI,MF FW,Augsburg,21,1998,30,18,1 612,17.sept,6,3,9,6,0,0,2,1,04.janv,04.janv,02.août,7.0,48,61,124,0.33,0.17,0.50,0.33,0.50,0.23,0.16,0.39,0.23,0.39
Miloš Veljković,rs SRB,DF,Werder Bremen,24,1995,23,19,1 723,19.janv,0,0,0,0,0,0,1,0,0.3,0.3,0.0,0.3,3,56,3,0.00,0.00,0.00,0.00,0.00,0.02,0.00,0.02,0.02,0.02
Michel Vlap,nl NED,MF FW,Arminia,23,1997,7,5,371,04.janv,1,1,2,1,0,0,0,0,0.5,0.5,0.6,01.janv,3,8,20,0.24,0.24,0.49,0.24,0.49,0.13,0.15,0.28,0.13,0.28
Andreas Voglsammer,de GER,FW MF,Arminia,28,1992,18,11,1,11.janv,2,2,4,2,0,0,1,0,03.sept,03.sept,01.sept,05.août,20,23,71,0.18,0.18,0.36,0.18,0.36,0.35,0.17,0.52,0.35,0.52
Kevin Vogt,de GER,DF,Hoffenheim,28,1991,24,20,1 841,20.mai,0,1,1,0,0,0,6,0,0.0,0.0,0.4,0.4,12,128,3,0.00,0.05,0.05,0.00,0.05,0.00,0.02,0.02,0.00,0.02
Wout Weghorst,nl NED,FW,Wolfsburg,27,1992,34,33,2 941,32.7,20,8,28,18,2,3,3,0,17.0,14.août,05.févr,20.0,22,59,184,0.61,0.24,0.86,0.55,0.80,0.52,0.16,0.68,0.45,0.61
Mitchell Weiser,de GER,DF,Leverkusen,26,1994,5,2,226,02.mai,1,0,1,1,0,0,0,0,0.1,0.1,0.0,0.1,4,18,9,0.40,0.00,0.40,0.40,0.40,0.04,0.00,0.04,0.04,0.04
Wendell,br BRA,DF,Leverkusen,27,1993,22,15,1 457,16.févr,0,0,0,0,0,0,3,0,0.5,0.5,0.1,0.6,47,93,66,0.00,0.00,0.00,0.00,0.00,0.03,0.00,0.03,0.03,0.03
Oscar Wendt,se SWE,DF,Gladbach,34,1985,22,15,1 254,13.sept,1,1,2,1,0,0,3,0,1.0,1.0,0.9,01.sept,6,47,52,0.07,0.07,0.14,0.07,0.14,0.07,0.06,0.13,0.07,0.13
William,br BRA,MF FW,Wolfsburg,25,1995,2,0,2,0.0,0,0,0,0,0,0,0,0,0.0,0.0,0.0,0.0,0,0,0,0.00,0.00,0.00,0.00,0.00,0.00,0.00,0.00,0.00,0.00
William,br BRA,DF FW,Schalke 04,25,1995,8,7,474,05.mars,0,0,0,0,0,0,2,0,0.2,0.2,0.0,0.3,10,13,19,0.00,0.00,0.00,0.00,0.00,0.04,0.01,0.05,0.04,0.05
Marten Winkler,de GER,FW,Hertha BSC,17,2002,1,0,1,0.0,0,0,0,0,0,0,0,0,0.0,0.0,0.0,0.0,0,0,1,0.00,0.00,0.00,0.00,0.00,0.00,0.00,0.00,0.00,0.00
Florian Wirtz,de GER,MF,Leverkusen,17,2003,29,25,2 224,24.juil,5,6,11,5,0,0,1,0,4.0,4.0,03.avr,07.avr,54,114,154,0.20,0.24,0.45,0.20,0.45,0.16,0.14,0.30,0.16,0.30
Axel Witsel,be BEL,MF,Dortmund,31,1989,15,13,1 13,12.juin,0,0,0,0,0,0,4,0,0.6,0.6,0.4,1.0,10,72,23,0.00,0.00,0.00,0.00,0.00,0.05,0.03,0.08,0.05,0.08
Hannes Wolf,at AUT,MF FW,Gladbach,21,1999,32,14,1 378,15.mars,3,2,5,3,0,0,2,0,01.août,01.août,02.mai,04.mars,34,56,102,0.20,0.13,0.33,0.20,0.33,0.12,0.16,0.28,0.12,0.28
Marius Wolf,de GER,MF DF,Köln,25,1995,31,29,2 551,28.mars,2,2,4,2,0,0,3,0,03.févr,03.févr,02.avr,05.mai,72,120,132,0.07,0.07,0.14,0.07,0.14,0.11,0.08,0.20,0.11,0.20
Nick Woltemade,de GER,MF FW,Werder Bremen,18,2002,6,1,147,01.juin,0,1,1,0,0,0,1,0,0.3,0.3,0.1,0.5,4,6,10,0.00,0.61,0.61,0.00,0.61,0.20,0.09,0.29,0.20,0.29
Jeong Woo-yeong,kr KOR,FW MF,Freiburg,20,1999,26,7,823,09.janv,4,0,4,4,0,0,0,0,01.mars,01.mars,01.janv,02.avr,28,46,78,0.44,0.00,0.44,0.44,0.44,0.14,0.12,0.27,0.14,0.27
Joscha Wosz,de GER,DF,RB Leipzig,18,2002,2,0,34,0.4,0,0,0,0,0,0,0,0,0.0,0.0,0.0,0.0,0,1,0,0.00,0.00,0.00,0.00,0.00,0.00,0.00,0.00,0.00,0.00
Reinhold Yabo,de GER,MF FW,Arminia,28,1992,13,8,647,07.févr,1,0,1,1,0,0,1,0,0.5,0.5,0.1,0.7,10,18,31,0.14,0.00,0.14,0.14,0.14,0.07,0.02,0.09,0.07,0.09
Amin Younes,de GER,MF,Eint Frankfurt,26,1993,26,16,1 391,15.mai,3,3,6,3,0,0,5,0,02.août,02.août,01.juin,04.mai,61,98,119,0.19,0.19,0.39,0.19,0.39,0.18,0.11,0.29,0.18,0.29
Dan-Axel Zagadou,fr FRA,DF,Dortmund,21,1999,9,3,276,03.janv,0,0,0,0,0,0,0,0,0.0,0.0,0.0,0.1,1,7,1,0.00,0.00,0.00,0.00,0.00,0.02,0.01,0.02,0.02,0.02
Denis Zakaria,ch SUI,MF DF,Gladbach,23,1996,25,15,1 419,15.août,1,1,2,1,0,0,5,0,01.mai,01.mai,01.janv,02.mai,29,57,27,0.06,0.06,0.13,0.06,0.13,0.09,0.07,0.16,0.09,0.16
Player,Nation,Pos,Squad,Age,Born,MP,Starts,Min,90s,Gls,Ast,G+A,G-PK,PK,PKatt,CrdY,CrdR,xG,npxG,xAG,npxG+xAG,PrgC,PrgP,PrgR,Gls,Ast,G+A,G-PK,G+A-PK,xG,xAG,xG+xAG,npxG,npxG+xAG
Deyovaisio Zeefuik,nl NED,DF FW,Hertha BSC,22,1998,22,10,905,10.janv,1,0,1,1,0,0,4,1,0.2,0.2,01.janv,01.févr,23,31,51,0.10,0.00,0.10,0.10,0.10,0.02,0.10,0.12,0.02,0.12
Robin Zentner,de GER,GK,Mainz 05,25,1994,31,31,2 79,31.0,0,0,0,0,0,0,2,0,0.1,0.1,0.1,0.2,0,0,0,0.00,0.00,0.00,0.00,0.00,0.00,0.00,0.01,0.00,0.01
Ron-Robert Zieler,de GER,GK,Köln,31,1989,1,0,51,0.6,0,0,0,0,0,0,0,0,0.0,0.0,0.0,0.0,0,0,0,0.00,0.00,0.00,0.00,0.00,0.00,0.00,0.00,0.00,0.00
Joshua Zirkzee,nl NED,FW,Bayern Munich,19,2001,3,1,92,1.0,0,0,0,0,0,0,0,0,0.2,0.2,0.1,0.3,0,0,3,0.00,0.00,0.00,0.00,0.00,0.23,0.09,0.31,0.23,0.31
Steven Zuber,ch SUI,DF MF,Eint Frankfurt,28,1991,20,6,585,06.mai,0,3,3,0,0,0,1,0,0.5,0.5,02.févr,02.août,23,21,51,0.00,0.46,0.46,0.00,0.46,0.08,0.35,0.43,0.08,0.43
