Player,Nation,Pos,Squad,Age,Born,MP,Starts,Min,90s,Gls,Ast,G+A,G-PK,PK,PKatt,CrdY,CrdR,xG,npxG,xAG,npxG+xAG,PrgC,PrgP,PrgR,Gls,Ast,G+A,G-PK,G+A-PK,xG,xAG,xG+xAG,npxG,npxG+xAG
Suleiman Abdullahi,ng NGA,FW MF,Union Berlin,22,1996,6,1,157,01.juil,1,0,1,1,0,0,1,0,01.janv,01.janv,0.2,01.mars,2,3,10,0.57,0.00,0.57,0.57,0.57,0.65,0.09,0.74,0.65,0.74
David Abraham,ar ARG,DF,Eint Frankfurt,33,1986,20,19,1 688,18.août,2,0,2,2,0,0,2,1,01.juin,01.juin,0.1,01.juil,18,99,12,0.11,0.00,0.11,0.11,0.11,0.08,0.01,0.09,0.08,0.09
Amir Abrashi,al ALB,MF,Freiburg,29,1990,13,8,663,07.avr,0,0,0,0,0,0,3,0,0.5,0.5,0.1,0.6,8,27,13,0.00,0.00,0.00,0.00,0.00,0.07,0.02,0.08,0.07,0.08
Tyler Adams,us USA,MF DF,RB Leipzig,20,1999,14,10,953,10.juin,0,0,0,0,0,0,0,0,0.4,0.4,0.6,1.0,11,34,49,0.00,0.00,0.00,0.00,0.00,0.04,0.06,0.10,0.04,0.10
Sargis Adamyan,am ARM,FW MF,Hoffenheim,26,1993,15,6,746,08.mars,5,1,6,5,0,0,1,0,05.sept,05.sept,0.6,06.mai,19,16,67,0.60,0.12,0.72,0.60,0.72,0.71,0.08,0.78,0.71,0.78
Manuel Akanji,ch SUI,DF,Dortmund,24,1995,29,25,2 309,25.juil,0,1,1,0,0,0,2,0,0.4,0.4,0.4,0.9,18,104,6,0.00,0.04,0.04,0.00,0.04,0.02,0.02,0.03,0.02,0.03
Kevin Akpoguma,ng NGA,DF,Hoffenheim,24,1995,18,12,1 142,12.juil,0,0,0,0,0,0,2,0,0.1,0.1,0.1,0.2,7,32,5,0.00,0.00,0.00,0.00,0.00,0.01,0.01,0.02,0.01,0.02
David Alaba,at AUT,DF,Bayern Munich,27,1992,28,27,2 498,27.août,1,1,2,1,0,0,0,0,1.0,1.0,02.avr,03.mars,69,285,42,0.04,0.04,0.07,0.04,0.07,0.03,0.08,0.12,0.03,0.12
Lucas Alario,ar ARG,FW,Leverkusen,26,1992,24,11,1 174,13.0,7,1,8,6,1,1,6,0,07.mars,06.mai,01.juin,08.janv,7,16,63,0.54,0.08,0.61,0.46,0.54,0.56,0.12,0.68,0.50,0.62
Paco Alcácer,es ESP,FW,Dortmund,25,1993,11,6,530,05.sept,5,1,6,5,0,0,0,0,03.sept,03.sept,0.9,04.août,1,8,37,0.85,0.17,01.févr,0.85,01.févr,0.67,0.14,0.81,0.67,0.81
Thiago Alcántara,es ESP,MF,Bayern Munich,28,1991,24,20,1 771,19.juil,3,0,3,3,0,0,7,0,02.avr,02.avr,0.9,03.mars,27,230,43,0.15,0.00,0.15,0.15,0.15,0.12,0.05,0.17,0.12,0.17
Nadiem Amiri,de GER,MF FW,Leverkusen,22,1996,30,22,1 857,20.juin,1,2,3,1,0,0,3,0,02.févr,02.févr,06.mars,08.avr,53,106,95,0.05,0.10,0.15,0.05,0.15,0.10,0.30,0.41,0.10,0.41
Ethan Ampadu,wls WAL,DF,RB Leipzig,18,2000,3,0,81,0.9,0,0,0,0,0,0,0,0,0.1,0.1,0.0,0.1,0,3,0,0.00,0.00,0.00,0.00,0.00,0.11,0.00,0.11,0.11,0.11
Opoku Ampomah,gh GHA,FW MF,Düsseldorf,23,1996,12,5,500,05.juin,0,0,0,0,0,0,1,0,0.7,0.7,0.3,1.0,23,12,50,0.00,0.00,0.00,0.00,0.00,0.13,0.06,0.19,0.13,0.19
Sebastian Andersson,se SWE,FW,Union Berlin,28,1991,33,31,2 682,29.août,12,1,13,11,1,2,5,0,11.sept,10.mars,01.sept,12.févr,34,54,204,0.40,0.03,0.44,0.37,0.40,0.40,0.06,0.46,0.35,0.41
Robert Andrich,de GER,MF,Union Berlin,24,1994,30,30,2 572,28.juin,1,2,3,1,0,0,13,1,02.juin,02.juin,02.janv,04.juil,25,151,31,0.03,0.07,0.10,0.03,0.10,0.09,0.07,0.16,0.09,0.16
Angeliño,es ESP,DF FW,RB Leipzig,22,1997,13,12,1 095,12.févr,1,2,3,1,0,0,2,0,0.9,0.9,2.0,02.sept,24,56,92,0.08,0.16,0.25,0.08,0.25,0.07,0.16,0.24,0.07,0.24
Christopher Antwi-Adjei,gh GHA,MF FW,Paderborn 07,25,1994,34,28,2 47,27.avr,1,2,3,1,0,0,2,0,03.août,03.août,04.févr,8.0,114,68,155,0.04,0.07,0.11,0.04,0.11,0.14,0.15,0.29,0.14,0.29
Charles Aránguiz,cl CHI,MF,Leverkusen,30,1989,27,23,2 118,23.mai,1,3,4,1,0,0,2,0,01.avr,01.avr,02.mai,03.sept,14,155,19,0.04,0.13,0.17,0.04,0.17,0.06,0.11,0.16,0.06,0.16
Maximilian Arnold,de GER,MF,Wolfsburg,25,1994,33,32,2 821,31.mars,4,8,12,4,0,0,8,0,02.sept,02.sept,05.mai,08.avr,35,151,48,0.13,0.26,0.38,0.13,0.38,0.09,0.18,0.27,0.09,0.27
Santiago Ascacíbar,ar ARG,MF,Hertha BSC,22,1997,8,7,634,7.0,0,1,1,0,0,0,2,0,0.1,0.1,0.1,0.2,3,26,3,0.00,0.14,0.14,0.00,0.14,0.01,0.01,0.02,0.01,0.02
Ludwig Augustinsson,se SWE,DF MF,Werder Bremen,25,1994,12,10,924,10.mars,0,1,1,0,0,0,2,0,0.2,0.2,01.août,2.0,24,29,62,0.00,0.10,0.10,0.00,0.10,0.02,0.18,0.20,0.02,0.20
Taiwo Awoniyi,ng NGA,FW MF,Mainz 05,21,1997,12,5,483,05.avr,1,0,1,1,0,0,1,0,03.févr,03.févr,0.8,4.0,12,7,43,0.19,0.00,0.19,0.19,0.19,0.59,0.15,0.74,0.59,0.74
Kaan Ayhan,tr TUR,DF,Düsseldorf,24,1994,31,31,2 731,30.mars,2,3,5,2,0,0,10,0,02.févr,02.févr,02.mars,04.mai,52,161,25,0.07,0.10,0.16,0.07,0.16,0.07,0.08,0.15,0.07,0.15
Matthias Bader,de GER,DF,Köln,22,1997,1,0,12,0.1,0,0,0,0,0,0,0,0,0.0,0.0,0.0,0.0,0,0,1,0.00,0.00,0.00,0.00,0.00,0.00,0.00,0.00,0.00,0.00
Player,Nation,Pos,Squad,Age,Born,MP,Starts,Min,90s,Gls,Ast,G+A,G-PK,PK,PKatt,CrdY,CrdR,xG,npxG,xAG,npxG+xAG,PrgC,PrgP,PrgR,Gls,Ast,G+A,G-PK,G+A-PK,xG,xAG,xG+xAG,npxG,npxG+xAG
Daniel Baier,de GER,MF,Augsburg,35,1984,23,22,1 941,21.juin,1,0,1,1,0,0,6,0,0.5,0.5,0.9,01.avr,7,77,12,0.05,0.00,0.05,0.05,0.05,0.02,0.04,0.07,0.02,0.07
Leon Bailey,jm JAM,FW MF,Leverkusen,21,1997,22,12,1 09,12.janv,5,3,8,5,0,0,0,2,04.mars,04.mars,02.févr,06.mai,61,36,132,0.41,0.25,0.66,0.41,0.66,0.36,0.18,0.54,0.36,0.54
Lewis Baker,eng ENG,MF,Düsseldorf,24,1995,8,7,545,06.janv,0,0,0,0,0,0,1,0,0.6,0.6,0.5,01.janv,10,23,6,0.00,0.00,0.00,0.00,0.00,0.09,0.09,0.18,0.09,0.18
Ridle Baku,de GER,DF MF,Mainz 05,21,1998,30,26,2 351,26.janv,1,3,4,1,0,0,5,1,1.0,1.0,03.avr,04.mai,42,109,118,0.04,0.11,0.15,0.04,0.15,0.04,0.13,0.17,0.04,0.17
Leonardo Balerdi,ar ARG,DF MF,Dortmund,20,1999,7,1,133,01.mai,0,0,0,0,0,0,1,0,0.0,0.0,0.0,0.0,1,5,0,0.00,0.00,0.00,0.00,0.00,0.00,0.00,0.00,0.00,0.00
Philipp Bargfrede,de GER,MF,Werder Bremen,30,1989,15,6,586,06.mai,0,0,0,0,0,0,3,1,0.2,0.2,0.1,0.3,2,35,4,0.00,0.00,0.00,0.00,0.00,0.04,0.02,0.05,0.04,0.05
Aymen Barkok,ma MAR,FW MF,Düsseldorf,21,1998,3,1,79,0.9,0,0,0,0,0,0,0,0,0.0,0.0,0.0,0.0,0,3,3,0.00,0.00,0.00,0.00,0.00,0.00,0.00,0.00,0.00,0.00
Leandro Barreiro Martins,lu LUX,MF,Mainz 05,19,2000,18,11,938,10.avr,0,2,2,0,0,0,4,0,0.4,0.4,0.3,0.7,6,41,13,0.00,0.19,0.19,0.00,0.19,0.04,0.03,0.07,0.04,0.07
Fin Bartels,de GER,MF FW,Werder Bremen,32,1987,14,1,340,03.août,0,0,0,0,0,0,2,0,0.3,0.3,0.3,0.6,9,20,32,0.00,0.00,0.00,0.00,0.00,0.08,0.07,0.15,0.08,0.15
Oliver Batista-Meier,de GER,MF,Bayern Munich,18,2001,1,0,13,0.1,0,0,0,0,0,0,0,0,0.0,0.0,0.0,0.0,1,0,2,0.00,0.00,0.00,0.00,0.00,0.00,0.00,0.00,0.00,0.00
Oliver Baumann,de GER,GK,Hoffenheim,29,1990,30,30,2 7,30.0,0,0,0,0,0,0,1,0,0.0,0.0,0.0,0.0,0,1,0,0.00,0.00,0.00,0.00,0.00,0.00,0.00,0.00,0.00,0.00
Julian Baumgartlinger,at AUT,MF,Leverkusen,31,1988,27,20,1 791,19.sept,2,2,4,2,0,0,4,0,2.0,2.0,02.mars,04.mars,9,77,23,0.10,0.10,0.20,0.10,0.20,0.10,0.12,0.22,0.10,0.22
Christoph Baumgartner,at AUT,MF FW,Hoffenheim,19,1999,26,17,1 493,16.juin,7,2,9,7,0,0,3,0,08.août,08.août,02.janv,11.0,39,35,105,0.42,0.12,0.54,0.42,0.54,0.53,0.13,0.66,0.53,0.66
Noah Joel Sarenren Bazee,ng NGA,FW,Augsburg,22,1996,10,4,381,04.févr,1,0,1,1,0,0,1,0,1.0,1.0,0.6,01.juin,5,4,27,0.24,0.00,0.24,0.24,0.24,0.23,0.15,0.37,0.23,0.37
Ihlas Bebou,tg TOG,FW MF,Hoffenheim,25,1994,32,20,2 102,23.avr,6,1,7,6,0,0,1,0,04.mai,04.mai,03.juil,08.févr,77,48,182,0.26,0.04,0.30,0.26,0.30,0.19,0.16,0.35,0.19,0.35
Sheraldo Becker,sr SUR,MF FW,Union Berlin,24,1995,13,5,540,6.0,0,2,2,0,0,0,1,0,0.2,0.2,0.9,1.0,17,5,33,0.00,0.33,0.33,0.00,0.33,0.03,0.14,0.17,0.03,0.17
Timo Becker,de GER,DF MF,Schalke 04,22,1997,10,4,336,03.juil,0,0,0,0,0,0,0,0,0.2,0.2,0.2,0.4,15,14,6,0.00,0.00,0.00,0.00,0.00,0.06,0.06,0.12,0.06,0.12
Maximilian Beier,de GER,FW,Hoffenheim,16,2002,6,0,109,01.févr,0,0,0,0,0,0,1,0,01.janv,01.janv,0.0,01.janv,6,2,14,0.00,0.00,0.00,0.00,0.00,0.91,0.03,0.94,0.91,0.94
Ishak Belfodil,dz ALG,FW MF,Hoffenheim,27,1992,5,3,269,3.0,0,0,0,0,0,0,0,0,01.mars,01.mars,0.3,01.mai,4,5,22,0.00,0.00,0.00,0.00,0.00,0.43,0.09,0.52,0.43,0.52
Karim Bellarabi,de GER,FW DF,Leverkusen,29,1990,26,17,1 424,15.août,4,6,10,4,0,0,2,0,06.avr,06.avr,5.0,11.avr,106,43,207,0.25,0.38,0.63,0.25,0.63,0.40,0.32,0.72,0.40,0.72
Lars Bender,de GER,DF MF,Leverkusen,30,1989,18,16,1 373,15.mars,2,1,3,2,0,0,3,0,0.9,0.9,01.mars,02.mars,38,109,49,0.13,0.07,0.20,0.13,0.20,0.06,0.09,0.15,0.06,0.15
Sven Bender,de GER,DF,Leverkusen,30,1989,33,33,2 726,30.mars,2,1,3,2,0,0,3,0,01.juil,01.juil,0.3,01.sept,4,91,4,0.07,0.03,0.10,0.07,0.10,0.06,0.01,0.06,0.06,0.06
László Bénes,sk SVK,MF,Gladbach,21,1997,22,10,898,10.0,0,4,4,0,0,0,3,0,01.avr,01.avr,03.juil,05.janv,17,66,48,0.00,0.40,0.40,0.00,0.40,0.14,0.37,0.52,0.14,0.52
Keanan Bennetts,eng ENG,MF,Gladbach,20,1999,1,0,1,0.0,0,0,0,0,0,0,0,0,0.0,0.0,0.0,0.0,0,0,0,0.00,0.00,0.00,0.00,0.00,0.00,0.00,0.00,0.00,0.00
Ramy Bensebaini,dz ALG,DF,Gladbach,24,1995,19,16,1 448,16.janv,5,3,8,3,2,2,8,1,04.avr,02.août,02.avr,05.févr,31,70,68,0.31,0.19,0.50,0.19,0.37,0.27,0.15,0.42,0.17,0.32
Player,Nation,Pos,Squad,Age,Born,MP,Starts,Min,90s,Gls,Ast,G+A,G-PK,PK,PKatt,CrdY,CrdR,xG,npxG,xAG,npxG+xAG,PrgC,PrgP,PrgR,Gls,Ast,G+A,G-PK,G+A-PK,xG,xAG,xG+xAG,npxG,npxG+xAG
Valon Berisha,xk KVX,MF,Düsseldorf,26,1993,13,12,941,10.mai,0,1,1,0,0,0,1,0,0.9,0.9,0.7,01.juin,10,35,54,0.00,0.10,0.10,0.00,0.10,0.09,0.07,0.16,0.09,0.16
Jordan Beyer,de GER,DF,Gladbach,19,2000,3,0,110,01.févr,0,0,0,0,0,0,1,0,0.0,0.0,0.0,0.0,1,0,1,0.00,0.00,0.00,0.00,0.00,0.00,0.00,0.00,0.00,0.00
Ermin Bičakčić,ba BIH,DF,Hoffenheim,29,1990,21,13,1 176,13.janv,2,0,2,2,0,0,0,0,0.6,0.6,0.1,0.8,17,45,4,0.15,0.00,0.15,0.15,0.15,0.05,0.01,0.06,0.05,0.06
Leonardo Bittencourt,de GER,MF,Hoffenheim,25,1993,1,0,3,0.0,0,0,0,0,0,0,1,0,0.0,0.0,0.0,0.0,2,0,1,0.00,0.00,0.00,0.00,0.00,0.99,0.00,0.99,0.99,0.99
Leonardo Bittencourt,de GER,FW MF,Werder Bremen,25,1993,28,23,1 889,21.0,4,2,6,4,0,0,6,0,02.sept,02.sept,02.avr,05.mars,58,57,162,0.19,0.10,0.29,0.19,0.29,0.14,0.11,0.25,0.14,0.25
Jérôme Boateng,de GER,DF,Bayern Munich,30,1988,24,23,1 796,20.0,0,2,2,0,0,0,5,1,0.3,0.3,01.juil,01.sept,6,128,4,0.00,0.10,0.10,0.00,0.10,0.01,0.08,0.10,0.01,0.10
Adam Bodzek,de GER,MF,Düsseldorf,33,1985,28,22,2 015,22.avr,0,0,0,0,0,0,10,0,0.8,0.8,0.3,01.janv,4,74,13,0.00,0.00,0.00,0.00,0.00,0.04,0.01,0.05,0.04,0.05
Jean-Paul Boëtius,sr SUR,MF,Mainz 05,25,1994,28,26,2 266,25.févr,4,5,9,4,0,0,5,0,03.juil,03.juil,03.mai,07.févr,56,128,100,0.16,0.20,0.36,0.16,0.36,0.15,0.14,0.29,0.15,0.29
Melayro Bogarde,nl NED,DF,Hoffenheim,17,2002,2,1,51,0.6,0,0,0,0,0,0,1,0,0.1,0.1,0.0,0.1,0,1,3,0.00,0.00,0.00,0.00,0.00,0.14,0.00,0.14,0.14,0.14
Dennis Borkowski,de GER,FW,RB Leipzig,17,2002,1,0,9,0.1,0,0,0,0,0,0,0,0,0.0,0.0,0.0,0.0,1,0,1,0.00,0.00,0.00,0.00,0.00,0.00,0.00,0.00,0.00,0.00
Robin Bormuth,de GER,DF,Düsseldorf,23,1995,3,2,181,2.0,0,0,0,0,0,0,0,0,0.0,0.0,0.0,0.0,0,3,0,0.00,0.00,0.00,0.00,0.00,0.00,0.00,0.00,0.00,0.00
Sebastiaan Bornauw,be BEL,DF,Köln,20,1999,28,28,2 447,27.févr,6,0,6,6,0,0,5,1,02.juil,02.juil,0.6,03.févr,12,76,5,0.22,0.00,0.22,0.22,0.22,0.10,0.02,0.12,0.10,0.12
Brandon Borrello,au AUS,MF FW,Freiburg,24,1995,7,4,298,03.mars,0,0,0,0,0,0,0,0,0.4,0.4,0.1,0.6,6,2,23,0.00,0.00,0.00,0.00,0.00,0.13,0.05,0.18,0.13,0.18
Nassim Boujellab,ma MAR,MF FW,Schalke 04,20,1999,11,3,419,04.juil,0,0,0,0,0,0,2,0,0.3,0.3,0.1,0.5,5,8,16,0.00,0.00,0.00,0.00,0.00,0.07,0.03,0.10,0.07,0.10
Dedryck Boyata,be BEL,DF,Hertha BSC,28,1990,28,28,2 436,27.janv,4,1,5,4,0,0,8,1,01.mai,01.mai,0.8,02.mars,11,52,4,0.15,0.04,0.18,0.15,0.18,0.06,0.03,0.09,0.06,0.09
Can Bozdogan,de GER,MF,Schalke 04,18,2001,3,3,235,02.juin,0,0,0,0,0,0,2,1,0.1,0.1,0.0,0.1,5,12,6,0.00,0.00,0.00,0.00,0.00,0.04,0.01,0.05,0.04,0.05
Julian Brandt,de GER,MF FW,Dortmund,23,1996,33,25,2 203,24.mai,3,7,10,3,0,0,0,0,03.juin,03.juin,05.avr,9.0,59,188,183,0.12,0.29,0.41,0.12,0.41,0.15,0.22,0.37,0.15,0.37
Josip Brekalo,hr CRO,MF FW,Wolfsburg,21,1998,30,19,1 67,18.juin,3,4,7,3,0,0,0,0,03.août,03.août,05.août,09.juil,82,89,146,0.16,0.22,0.38,0.16,0.38,0.21,0.31,0.52,0.21,0.52
John Brooks,us USA,DF,Wolfsburg,26,1993,25,25,2 224,24.juil,0,1,1,0,0,0,4,0,01.févr,01.févr,01.juil,02.sept,14,81,6,0.00,0.04,0.04,0.00,0.04,0.05,0.07,0.12,0.05,0.12
Daniel Brosinski,de GER,DF,Mainz 05,31,1988,26,16,1 709,19.0,2,4,6,1,1,1,3,0,2.0,01.févr,6.0,07.févr,43,77,88,0.11,0.21,0.32,0.05,0.26,0.10,0.32,0.42,0.06,0.38
Jeffrey Bruma,nl NED,DF,Wolfsburg,27,1991,9,9,810,9.0,0,0,0,0,0,0,1,0,0.8,0.8,0.0,0.8,2,13,0,0.00,0.00,0.00,0.00,0.00,0.09,0.00,0.09,0.09,0.09
Jeffrey Bruma,nl NED,DF,Mainz 05,27,1991,8,8,675,07.mai,0,0,0,0,0,0,3,0,0.6,0.6,0.0,0.6,3,18,0,0.00,0.00,0.00,0.00,0.00,0.08,0.00,0.08,0.08,0.08
Jacob Bruun Larsen,dk DEN,FW MF,Hoffenheim,20,1998,11,5,391,04.mars,0,1,1,0,0,0,0,0,0.2,0.2,01.sept,02.janv,19,11,31,0.00,0.23,0.23,0.00,0.23,0.05,0.44,0.49,0.05,0.49
Jacob Bruun Larsen,dk DEN,FW,Dortmund,20,1998,4,0,68,0.8,0,1,1,0,0,0,0,0,0.0,0.0,0.5,0.5,2,1,8,0.00,janv.32,janv.32,0.00,janv.32,0.00,0.62,0.62,0.00,0.62
Marius Bülter,de GER,MF FW,Union Berlin,26,1993,32,28,2 321,25.août,7,1,8,7,0,0,1,0,03.juil,03.juil,03.août,07.mai,70,49,132,0.27,0.04,0.31,0.27,0.31,0.14,0.15,0.29,0.14,0.29
Player,Nation,Pos,Squad,Age,Born,MP,Starts,Min,90s,Gls,Ast,G+A,G-PK,PK,PKatt,CrdY,CrdR,xG,npxG,xAG,npxG+xAG,PrgC,PrgP,PrgR,Gls,Ast,G+A,G-PK,G+A-PK,xG,xAG,xG+xAG,npxG,npxG+xAG
Guido Burgstaller,at AUT,FW,Schalke 04,30,1989,21,13,1 234,13.juil,0,1,1,0,0,0,3,0,03.sept,03.sept,01.janv,04.sept,16,26,93,0.00,0.07,0.07,0.00,0.07,0.28,0.08,0.36,0.28,0.36
Jonathan Burkardt,de GER,FW MF,Mainz 05,19,2000,8,3,253,02.août,1,0,1,1,0,0,0,0,0.7,0.7,0.1,0.8,5,3,11,0.36,0.00,0.36,0.36,0.36,0.27,0.03,0.30,0.27,0.30
Roman Bürki,ch SUI,GK,Dortmund,28,1990,31,31,2 77,30.août,0,0,0,0,0,0,0,0,0.0,0.0,0.0,0.0,0,0,0,0.00,0.00,0.00,0.00,0.00,0.00,0.00,0.00,0.00,0.00
Daniel Caligiuri,it ITA,MF FW,Schalke 04,31,1988,28,26,2 293,25.mai,2,2,4,1,1,1,5,0,03.avr,02.juin,03.févr,05.août,66,105,131,0.08,0.08,0.16,0.04,0.12,0.13,0.12,0.26,0.10,0.23
Emre Can,de GER,MF DF,Dortmund,25,1994,12,10,955,10.juin,2,0,2,2,0,0,5,0,01.févr,01.févr,0.5,01.juil,18,54,15,0.19,0.00,0.19,0.19,0.19,0.11,0.05,0.16,0.11,0.16
Koen Casteels,be BEL,GK,Wolfsburg,27,1992,26,26,2 34,26.0,0,0,0,0,0,0,1,0,0.0,0.0,0.0,0.0,0,0,0,0.00,0.00,0.00,0.00,0.00,0.00,0.00,0.00,0.00,0.00
Timothy Chandler,us USA,DF MF,Eint Frankfurt,29,1990,22,12,1 22,13.juin,5,1,6,5,0,0,4,0,2.0,2.0,01.juin,03.juin,25,46,91,0.37,0.07,0.44,0.37,0.44,0.15,0.12,0.27,0.15,0.27
Kwon Chang-hoon,kr KOR,MF FW,Freiburg,25,1994,23,6,676,07.mai,2,0,2,2,0,0,0,0,02.janv,02.janv,1.0,03.janv,14,29,62,0.27,0.00,0.27,0.27,0.27,0.28,0.14,0.42,0.28,0.42
Darko Churlinov,mk MKD,MF,Köln,19,2000,1,0,21,0.2,0,0,0,0,0,0,0,0,0.0,0.0,0.1,0.1,0,0,5,0.00,0.00,0.00,0.00,0.00,0.00,0.26,0.26,0.00,0.26
Per Ciljan Skjelbred,no NOR,MF,Hertha BSC,32,1987,24,21,1 628,18.janv,0,0,0,0,0,0,4,0,0.0,0.0,0.1,0.1,14,75,17,0.00,0.00,0.00,0.00,0.00,0.00,0.00,0.01,0.00,0.01
Christian Clemens,de GER,FW,Köln,27,1991,1,0,16,0.2,0,0,0,0,0,0,0,0,0.0,0.0,0.1,0.1,0,0,1,0.00,0.00,0.00,0.00,0.00,0.00,0.51,0.51,0.00,0.51
Jamilu Collins,ng NGA,DF,Paderborn 07,24,1994,30,30,2 668,29.juin,1,2,3,1,0,1,9,1,02.janv,01.mars,01.avr,02.juil,101,133,57,0.03,0.07,0.10,0.03,0.10,0.07,0.05,0.12,0.04,0.09
Kingsley Coman,fr FRA,FW MF,Bayern Munich,23,1996,24,17,1 505,16.juil,4,3,7,4,0,0,2,0,04.juil,04.juil,04.août,09.avr,113,75,329,0.24,0.18,0.42,0.24,0.42,0.28,0.29,0.56,0.28,0.56
Jhon Córdoba,co COL,FW,Köln,26,1993,29,23,1 998,22.févr,13,2,15,13,0,0,5,0,08.sept,08.sept,01.juin,10.avr,30,24,134,0.59,0.09,0.68,0.59,0.68,0.40,0.07,0.47,0.40,0.47
Sergio Córdova,ve VEN,FW,Augsburg,21,1997,16,4,367,04.janv,2,1,3,2,0,0,0,0,01.mars,01.mars,0.9,02.févr,8,7,11,0.49,0.25,0.74,0.49,0.74,0.32,0.22,0.53,0.32,0.53
Danny da Costa,de GER,DF FW,Eint Frankfurt,26,1993,19,15,1 389,15.avr,1,4,5,1,0,0,0,0,01.juin,01.juin,04.févr,05.août,40,52,144,0.06,0.26,0.32,0.06,0.32,0.10,0.27,0.37,0.10,0.37
Philippe Coutinho,br BRA,MF FW,Bayern Munich,27,1992,23,15,1 411,15.juil,8,6,14,7,1,1,0,0,08.juin,07.août,4.0,11.août,57,151,128,0.51,0.38,0.89,0.45,0.83,0.55,0.25,0.80,0.50,0.75
Mickaël Cuisance,fr FRA,MF FW,Bayern Munich,19,1999,9,3,307,03.avr,1,0,1,1,0,0,1,0,0.6,0.6,0.2,0.8,8,17,15,0.29,0.00,0.29,0.29,0.29,0.17,0.07,0.24,0.17,0.24
Matheus Cunha,br BRA,FW MF,Hertha BSC,20,1999,11,9,744,08.mars,5,0,5,5,0,0,3,0,03.mars,03.mars,0.5,03.août,25,21,30,0.60,0.00,0.60,0.60,0.60,0.40,0.06,0.46,0.40,0.46
Matheus Cunha,br BRA,FW MF,RB Leipzig,20,1999,10,2,279,03.janv,0,1,1,0,0,0,0,0,2.0,2.0,0.9,02.sept,9,12,13,0.00,0.32,0.32,0.00,0.32,0.64,0.29,0.93,0.64,0.93
Rafael Czichos,de GER,DF,Köln,29,1990,26,26,2 207,24.mai,1,1,2,1,0,0,4,1,01.juil,01.juil,0.5,02.févr,30,83,7,0.04,0.04,0.08,0.04,0.08,0.07,0.02,0.09,0.07,0.09
Moanes Dabbur,il ISR,FW,Hoffenheim,27,1992,14,11,766,08.mai,4,0,4,4,0,0,4,0,03.sept,03.sept,0.9,04.août,9,27,65,0.47,0.00,0.47,0.47,0.47,0.45,0.11,0.57,0.45,0.57
Mahmoud Dahoud,de GER,MF,Dortmund,23,1996,12,6,558,06.févr,0,1,1,0,0,0,1,0,0.9,0.9,0.8,01.juil,7,42,11,0.00,0.16,0.16,0.00,0.16,0.14,0.12,0.27,0.14,0.27
Leon Dajaku,de GER,DF MF,Bayern Munich,18,2001,2,0,12,0.1,0,0,0,0,0,0,0,0,0.0,0.0,0.0,0.0,0,0,0,0.00,0.00,0.00,0.00,0.00,0.00,0.00,0.00,0.00,0.00
Vladimír Darida,cz CZE,MF,Hertha BSC,28,1990,28,25,2 256,25.janv,3,4,7,3,0,0,8,1,03.janv,03.janv,04.mai,07.juil,43,117,106,0.12,0.16,0.28,0.12,0.28,0.12,0.18,0.31,0.12,0.31
Player,Nation,Pos,Squad,Age,Born,MP,Starts,Min,90s,Gls,Ast,G+A,G-PK,PK,PKatt,CrdY,CrdR,xG,npxG,xAG,npxG+xAG,PrgC,PrgP,PrgR,Gls,Ast,G+A,G-PK,G+A-PK,xG,xAG,xG+xAG,npxG,npxG+xAG
Alphonso Davies,ca CAN,DF,Bayern Munich,18,2000,29,24,2 234,24.août,3,5,8,3,0,0,4,1,02.mars,02.mars,04.mars,06.juin,121,135,191,0.12,0.20,0.32,0.12,0.32,0.09,0.17,0.27,0.09,0.27
Thomas Delaney,dk DEN,MF,Dortmund,27,1991,11,11,830,09.févr,0,0,0,0,0,0,4,0,0.6,0.6,0.0,0.6,9,28,6,0.00,0.00,0.00,0.00,0.00,0.06,0.00,0.06,0.06,0.06
Kerem Demirbay,de GER,MF,Leverkusen,26,1993,25,18,1 573,17.mai,1,5,6,1,0,0,4,1,03.févr,03.févr,04.janv,07.avr,34,102,37,0.06,0.29,0.34,0.06,0.34,0.19,0.24,0.42,0.19,0.42
Diego Demme,de GER,MF,RB Leipzig,27,1991,17,14,1 211,13.mai,0,0,0,0,0,0,3,0,0.8,0.8,1.0,01.juil,18,112,16,0.00,0.00,0.00,0.00,0.00,0.06,0.07,0.13,0.06,0.13
Moussa Diaby,fr FRA,FW MF,Leverkusen,20,1999,28,18,1 771,19.juil,5,5,10,5,0,0,3,0,05.janv,05.janv,05.juil,10.août,118,44,204,0.25,0.25,0.51,0.25,0.51,0.26,0.29,0.55,0.26,0.55
Javairô Dilrosun,nl NED,MF FW,Hertha BSC,21,1998,23,16,1 309,14.mai,4,2,6,4,0,0,2,0,02.août,02.août,01.mai,04.févr,64,43,65,0.28,0.14,0.41,0.28,0.41,0.19,0.10,0.29,0.19,0.29
Ji Dong-won,kr KOR,FW MF,Mainz 05,28,1991,4,1,102,01.janv,0,0,0,0,0,0,1,0,0.0,0.0,0.0,0.0,0,0,6,0.00,0.00,0.00,0.00,0.00,0.00,0.00,0.00,0.00,0.00
Bas Dost,nl NED,FW,Eint Frankfurt,30,1989,24,16,1 475,16.avr,8,2,10,8,0,0,2,0,07.août,07.août,02.févr,10.0,2,42,72,0.49,0.12,0.61,0.49,0.61,0.48,0.13,0.61,0.48,0.61
Mamadou Doucouré,fr FRA,MF,Gladbach,21,1998,2,0,2,0.0,0,0,0,0,0,0,0,0,0.0,0.0,0.0,0.0,0,0,0,0.00,0.00,0.00,0.00,0.00,0.00,0.00,0.00,0.00,0.00
Mohamed Dräger,tn TUN,DF,Paderborn 07,23,1996,18,16,1 455,16.févr,1,3,4,1,0,0,2,0,0.6,0.6,01.févr,01.août,61,45,61,0.06,0.19,0.25,0.06,0.25,0.04,0.08,0.11,0.04,0.11
Aleksandar Dragović,at AUT,DF,Leverkusen,28,1991,15,10,1 029,11.avr,0,0,0,0,0,0,7,1,0.7,0.7,0.1,0.8,9,73,1,0.00,0.00,0.00,0.00,0.00,0.06,0.01,0.07,0.06,0.07
Dominick Drexler,de GER,MF FW,Köln,29,1990,27,18,1 587,17.juin,3,4,7,3,0,0,5,0,01.sept,01.sept,03.mai,05.avr,50,64,103,0.17,0.23,0.40,0.17,0.40,0.11,0.20,0.31,0.11,0.31
Ondrej Duda,sk SVK,MF,Hertha BSC,24,1994,7,6,447,5.0,0,1,1,0,0,0,2,0,0.5,0.5,0.3,0.8,8,17,19,0.00,0.20,0.20,0.00,0.20,0.11,0.05,0.16,0.11,0.16
Erik Durm,de GER,DF FW,Eint Frankfurt,27,1992,9,6,511,05.juil,0,0,0,0,0,0,0,0,0.6,0.6,0.2,0.8,10,15,44,0.00,0.00,0.00,0.00,0.00,0.11,0.04,0.14,0.11,0.14
Johannes Eggestein,de GER,MF FW,Werder Bremen,21,1998,14,4,510,05.juil,1,0,1,1,0,0,3,1,0.7,0.7,0.4,01.janv,8,11,39,0.18,0.00,0.18,0.18,0.18,0.12,0.07,0.19,0.12,0.19
Maximilian Eggestein,de GER,MF,Werder Bremen,22,1996,32,32,2 855,31.juil,1,3,4,1,0,0,6,0,02.juin,02.juin,02.févr,04.sept,50,209,112,0.03,0.09,0.13,0.03,0.13,0.08,0.07,0.15,0.08,0.15
Kingsley Ehizibue,nl NED,DF,Köln,24,1995,31,29,2 329,25.sept,1,1,2,1,0,0,6,1,01.mars,01.mars,01.mars,02.juin,65,65,96,0.04,0.04,0.08,0.04,0.08,0.05,0.05,0.10,0.05,0.10
Ilay Elmkies,il ISR,MF,Hoffenheim,19,2000,1,0,1,0.0,0,0,0,0,0,0,0,0,0.0,0.0,0.0,0.0,0,0,1,0.00,0.00,0.00,0.00,0.00,0.00,0.00,0.00,0.00,0.00
Nico Elvedi,ch SUI,DF,Gladbach,22,1996,32,30,2 618,29.janv,1,0,1,1,0,0,5,0,0.8,0.8,0.1,0.9,28,70,2,0.03,0.00,0.03,0.03,0.03,0.03,0.00,0.03,0.03,0.03
Breel Embolo,ch SUI,FW MF,Gladbach,22,1997,28,17,1 55,17.févr,8,5,13,8,0,1,4,0,10.avr,09.juin,04.mars,13.sept,35,43,120,0.46,0.29,0.75,0.46,0.75,0.60,0.25,0.85,0.56,0.81
Alexander Esswein,de GER,FW MF,Hertha BSC,29,1990,7,1,213,02.avr,0,0,0,0,0,0,1,0,0.1,0.1,01.avr,01.mai,5,4,17,0.00,0.00,0.00,0.00,0.00,0.04,0.59,0.63,0.04,0.63
Antony Evans,eng ENG,MF DF,Paderborn 07,20,1998,6,2,156,01.juil,0,0,0,0,0,0,0,0,0.1,0.1,0.7,0.7,1,6,11,0.00,0.00,0.00,0.00,0.00,0.04,0.39,0.43,0.04,0.43
Simon Falette,gn GUI,DF,Eint Frankfurt,27,1992,1,1,90,1.0,0,0,0,0,0,0,0,0,0.0,0.0,0.0,0.0,0,5,0,0.00,0.00,0.00,0.00,0.00,0.00,0.03,0.03,0.00,0.03
Ohis Felix Uduokhai,de GER,DF,Augsburg,21,1997,26,21,1 966,21.août,0,0,0,0,0,0,3,0,0.2,0.2,0.2,0.4,9,55,2,0.00,0.00,0.00,0.00,0.00,0.01,0.01,0.02,0.01,0.02
Edimilson Fernandes,ch SUI,MF DF,Mainz 05,23,1996,24,18,1 484,16.mai,1,0,1,1,0,0,7,1,0.8,0.8,0.3,01.févr,12,61,29,0.06,0.00,0.06,0.06,0.06,0.05,0.02,0.07,0.05,0.07
Player,Nation,Pos,Squad,Age,Born,MP,Starts,Min,90s,Gls,Ast,G+A,G-PK,PK,PKatt,CrdY,CrdR,xG,npxG,xAG,npxG+xAG,PrgC,PrgP,PrgR,Gls,Ast,G+A,G-PK,G+A-PK,xG,xAG,xG+xAG,npxG,npxG+xAG
Gelson Fernandes,ch SUI,MF,Eint Frankfurt,32,1986,11,10,775,08.juin,0,0,0,0,0,0,5,1,0.0,0.0,0.1,0.1,0,24,1,0.00,0.00,0.00,0.00,0.00,0.00,0.01,0.01,0.00,0.01
Oliver Fink,de GER,MF FW,Düsseldorf,37,1982,14,8,675,07.mai,0,1,1,0,0,0,2,0,0.5,0.5,0.5,0.9,9,30,43,0.00,0.13,0.13,0.00,0.13,0.06,0.06,0.12,0.06,0.12
Alfreð Finnbogason,is ISL,FW,Augsburg,30,1989,21,10,966,10.juil,3,1,4,2,1,1,1,0,4.0,03.févr,02.avr,05.juin,6,21,49,0.28,0.09,0.37,0.19,0.28,0.37,0.23,0.60,0.30,0.52
Mark Flekken,nl NED,GK,Freiburg,26,1993,10,10,900,10.0,0,0,0,0,0,0,0,0,0.0,0.0,0.0,0.0,0,0,0,0.00,0.00,0.00,0.00,0.00,0.00,0.00,0.00,0.00,0.00
Emil Forsberg,se SWE,MF,RB Leipzig,27,1991,22,14,1 141,12.juil,5,2,7,3,2,2,1,0,03.juin,2.0,02.sept,04.sept,44,74,69,0.39,0.16,0.55,0.24,0.39,0.28,0.23,0.51,0.16,0.39
Raphael Framberger,de GER,DF,Augsburg,23,1995,18,12,1 175,13.janv,0,2,2,0,0,0,3,0,0.1,0.1,0.8,0.9,19,41,24,0.00,0.15,0.15,0.00,0.15,0.01,0.06,0.07,0.01,0.07
Mike Frantz,de GER,MF,Freiburg,32,1986,18,3,350,03.sept,0,1,1,0,0,0,2,0,0.4,0.4,0.9,01.mars,4,15,8,0.00,0.26,0.26,0.00,0.26,0.10,0.22,0.33,0.10,0.33
Marco Friedl,at AUT,DF MF,Werder Bremen,21,1998,27,24,2 183,24.mars,1,3,4,1,0,0,9,0,0.9,0.9,01.juil,02.juin,24,82,80,0.04,0.12,0.16,0.04,0.16,0.04,0.07,0.11,0.04,0.11
Marvin Friedrich,de GER,DF,Union Berlin,23,1995,31,31,2 789,31.0,2,0,2,2,0,0,11,1,02.mai,02.mai,0.1,02.juin,14,96,9,0.06,0.00,0.06,0.06,0.06,0.08,0.00,0.08,0.08,0.08
Samúel Friðjónsson,is ISL,MF,Paderborn 07,23,1996,5,2,192,02.janv,0,0,0,0,0,0,1,0,0.0,0.0,0.0,0.0,0,7,2,0.00,0.00,0.00,0.00,0.00,0.00,0.00,0.00,0.00,0.00
Niclas Füllkrug,de GER,FW,Werder Bremen,26,1993,8,4,403,04.mai,4,1,5,4,0,0,2,0,01.août,01.juil,0.6,02.mars,11,9,48,0.89,0.22,01.déc,0.89,01.déc,0.39,0.14,0.53,0.37,0.51
Mijat Gaćinović,rs SRB,MF FW,Eint Frankfurt,24,1995,23,11,1 048,11.juin,0,1,1,0,0,0,2,0,03.janv,03.janv,01.avr,04.mai,26,32,56,0.00,0.09,0.09,0.00,0.09,0.27,0.12,0.39,0.27,0.39
Theodor Gebre Selassie,cz CZE,DF MF,Werder Bremen,32,1986,28,28,2 427,27.0,2,2,4,2,0,0,2,0,01.mai,01.mai,01.mars,02.août,32,86,89,0.07,0.07,0.15,0.07,0.15,0.06,0.05,0.10,0.06,0.10
Dennis Geiger,de GER,MF,Hoffenheim,21,1998,21,13,1 136,12.juin,0,3,3,0,0,0,3,0,0.9,0.9,2.0,02.sept,18,75,46,0.00,0.24,0.24,0.00,0.24,0.07,0.16,0.23,0.07,0.23
Christian Gentner,de GER,MF,Union Berlin,33,1985,31,29,2 443,27.janv,3,2,5,3,0,0,4,0,02.avr,02.avr,02.mai,04.sept,23,109,71,0.11,0.07,0.18,0.11,0.18,0.09,0.09,0.18,0.09,0.18
Yannick Gerhardt,de GER,MF,Wolfsburg,25,1994,18,7,828,09.févr,2,0,2,2,0,0,1,0,2.0,2.0,0.2,02.janv,19,42,21,0.22,0.00,0.22,0.22,0.22,0.21,0.02,0.23,0.21,0.23
Niko Gießelmann,de GER,DF,Düsseldorf,27,1991,25,22,2 057,22.sept,1,1,2,1,0,0,6,0,0.6,0.6,01.juin,02.févr,34,100,60,0.04,0.04,0.09,0.04,0.09,0.03,0.07,0.10,0.03,0.10
Rafał Gikiewicz,pl POL,GK,Union Berlin,31,1987,33,33,2 97,33.0,0,0,0,0,0,0,0,0,0.3,0.3,0.3,0.5,0,0,0,0.00,0.00,0.00,0.00,0.00,0.01,0.01,0.02,0.01,0.02
Daniel Ginczek,de GER,FW,Wolfsburg,28,1991,18,9,768,08.mai,3,1,4,3,0,0,2,0,03.févr,03.févr,01.juin,04.août,11,16,66,0.35,0.12,0.47,0.35,0.47,0.37,0.19,0.56,0.37,0.56
Matthias Ginter,de GER,DF,Gladbach,25,1994,31,31,2 78,30.sept,1,1,2,1,0,0,2,0,01.juil,01.juil,01.janv,02.sept,29,149,9,0.03,0.03,0.06,0.03,0.06,0.06,0.04,0.09,0.06,0.09
Klaus Gjasula,al ALB,MF,Paderborn 07,29,1989,29,28,2 28,25.mars,2,1,3,2,0,1,17,0,02.janv,01.mars,01.avr,02.août,13,114,24,0.08,0.04,0.12,0.08,0.12,0.08,0.06,0.14,0.05,0.11
Serge Gnabry,de GER,FW MF,Bayern Munich,24,1995,31,26,2 193,24.avr,12,10,22,12,0,0,0,0,13.janv,13.janv,12.janv,25.févr,118,92,337,0.49,0.41,0.90,0.49,0.90,0.54,0.50,01.mars,0.54,01.mars
Akaki Gogia,de GER,MF FW,Union Berlin,27,1992,3,1,121,01.mars,0,0,0,0,0,0,0,0,0.0,0.0,0.3,0.3,1,5,12,0.00,0.00,0.00,0.00,0.00,0.02,0.20,0.22,0.02,0.22
Benjamin Goller,de GER,FW MF,Werder Bremen,20,1999,10,2,288,03.févr,0,0,0,0,0,0,0,0,0.1,0.1,0.1,0.2,16,4,22,0.00,0.00,0.00,0.00,0.00,0.05,0.03,0.07,0.05,0.07
Jérôme Gondorf,de GER,MF,Freiburg,31,1988,2,2,120,01.mars,0,0,0,0,0,0,1,0,0.1,0.1,0.1,0.1,0,7,1,0.00,0.00,0.00,0.00,0.00,0.04,0.04,0.08,0.04,0.08
Player,Nation,Pos,Squad,Age,Born,MP,Starts,Min,90s,Gls,Ast,G+A,G-PK,PK,PKatt,CrdY,CrdR,xG,npxG,xAG,npxG+xAG,PrgC,PrgP,PrgR,Gls,Ast,G+A,G-PK,G+A-PK,xG,xAG,xG+xAG,npxG,npxG+xAG
Leon Goretzka,de GER,MF,Bayern Munich,24,1995,24,17,1 512,16.août,6,5,11,6,0,0,2,0,05.mai,05.mai,02.sept,08.mai,29,110,63,0.36,0.30,0.65,0.36,0.65,0.33,0.18,0.50,0.33,0.50
Mario Götze,de GER,FW,Dortmund,27,1992,15,5,521,05.août,3,0,3,2,1,1,0,0,2.0,01.févr,01.mars,02.juin,10,29,56,0.52,0.00,0.52,0.35,0.35,0.35,0.23,0.58,0.21,0.45
Jeffrey Gouweleeuw,nl NED,DF,Augsburg,28,1991,21,18,1 645,18.mars,0,1,1,0,0,0,5,0,0.0,0.0,0.2,0.2,11,40,3,0.00,0.05,0.05,0.00,0.05,0.00,0.01,0.01,0.00,0.01
Michael Gregoritsch,at AUT,MF FW,Augsburg,25,1994,6,4,303,03.avr,0,0,0,0,0,0,0,0,0.2,0.2,0.6,0.8,4,9,11,0.00,0.00,0.00,0.00,0.00,0.07,0.17,0.23,0.07,0.23
Michael Gregoritsch,at AUT,FW,Schalke 04,25,1994,14,10,829,09.févr,1,1,2,1,0,0,2,0,03.sept,03.sept,0.7,04.juin,3,16,46,0.11,0.11,0.22,0.11,0.22,0.42,0.08,0.50,0.42,0.50
Vincenzo Grifo,it ITA,MF,Hoffenheim,26,1993,1,0,15,0.2,0,0,0,0,0,0,0,0,0.0,0.0,0.0,0.0,1,1,2,0.00,0.00,0.00,0.00,0.00,0.00,0.00,0.00,0.00,0.00
Vincenzo Grifo,it ITA,MF FW,Freiburg,26,1993,26,17,1 618,18.0,4,8,12,3,1,1,1,1,03.mai,02.juil,06.mars,09.janv,50,83,112,0.22,0.44,0.67,0.17,0.61,0.19,0.35,0.54,0.15,0.49
Florian Grillitsch,at AUT,MF DF,Hoffenheim,23,1995,31,28,2 408,26.août,0,3,3,0,0,0,3,0,01.mars,01.mars,02.mars,03.juin,37,156,32,0.00,0.11,0.11,0.00,0.11,0.05,0.09,0.13,0.05,0.13
Christian Groß,de GER,DF MF,Werder Bremen,30,1989,14,10,872,09.juil,0,0,0,0,0,0,2,0,0.2,0.2,0.1,0.3,13,28,1,0.00,0.00,0.00,0.00,0.00,0.02,0.01,0.03,0.02,0.03
Carlos Gruezo,ec ECU,MF,Augsburg,24,1995,11,10,886,09.août,0,1,1,0,0,0,3,0,0.2,0.2,0.2,0.3,5,34,7,0.00,0.10,0.10,0.00,0.10,0.02,0.02,0.03,0.02,0.03
Marko Grujić,rs SRB,MF,Hertha BSC,23,1996,29,29,2 415,26.août,4,1,5,4,0,0,9,0,04.sept,04.sept,0.7,05.juin,22,123,41,0.15,0.04,0.19,0.15,0.19,0.18,0.02,0.21,0.18,0.21
Raphaël Guerreiro,pt POR,DF MF,Dortmund,25,1993,29,26,2 335,25.sept,8,2,10,8,0,0,3,0,04.juin,04.juin,3.0,07.juin,75,163,131,0.31,0.08,0.39,0.31,0.39,0.18,0.12,0.29,0.18,0.29
Babacar Guèye,sn SEN,FW,Paderborn 07,24,1994,3,1,110,01.févr,0,0,0,0,0,0,0,0,0.2,0.2,0.1,0.4,0,1,6,0.00,0.00,0.00,0.00,0.00,0.20,0.10,0.30,0.20,0.30
Josuha Guilavogui,fr FRA,MF DF,Wolfsburg,28,1990,25,23,2 062,22.sept,0,1,1,0,0,0,7,1,01.mars,01.mars,1.0,02.mars,13,96,23,0.00,0.04,0.04,0.00,0.04,0.06,0.05,0.10,0.06,0.10
Péter Gulácsi,hu HUN,GK,RB Leipzig,29,1990,32,32,2 88,32.0,0,1,1,0,0,0,0,0,0.0,0.0,0.5,0.5,0,2,0,0.00,0.03,0.03,0.00,0.03,0.00,0.01,0.01,0.00,0.01
Manuel Gulde,de GER,DF,Freiburg,28,1991,17,15,1 371,15.févr,1,0,1,1,0,0,0,0,01.juin,01.juin,0.2,01.août,17,62,4,0.07,0.00,0.07,0.07,0.07,0.10,0.02,0.12,0.10,0.12
Christian Günter,de GER,DF,Freiburg,26,1993,34,34,3 029,33.7,2,8,10,2,0,0,2,0,01.mars,01.mars,08.août,10.janv,113,119,217,0.06,0.24,0.30,0.06,0.30,0.04,0.26,0.30,0.04,0.30
Jonathan de Guzmán,nl NED,MF,Eint Frankfurt,31,1987,8,0,87,1.0,0,1,1,0,0,0,1,0,0.0,0.0,0.5,0.5,3,10,7,0.00,01.mars,01.mars,0.00,01.mars,0.04,0.51,0.55,0.04,0.55
Erling Haaland,no NOR,FW,Dortmund,19,2000,15,11,1 063,11.août,13,2,15,13,0,0,0,0,08.août,08.août,01.févr,10.0,22,21,69,01.oct,0.17,janv.27,01.oct,janv.27,0.74,0.10,0.85,0.74,0.85
Janik Haberer,de GER,MF FW,Freiburg,25,1994,26,20,1 721,19.janv,2,2,4,2,0,0,5,1,0.6,0.6,01.mai,02.févr,19,76,62,0.10,0.10,0.21,0.10,0.21,0.03,0.08,0.11,0.03,0.11
Alexander Hack,de GER,DF,Mainz 05,25,1993,14,9,805,08.sept,0,0,0,0,0,0,2,0,0.5,0.5,0.3,0.8,9,37,3,0.00,0.00,0.00,0.00,0.00,0.05,0.03,0.08,0.05,0.08
André Hahn,de GER,FW MF,Augsburg,28,1990,15,8,702,07.août,1,0,1,1,0,1,6,1,02.juin,01.sept,0.6,02.mai,15,9,34,0.13,0.00,0.13,0.13,0.13,0.34,0.08,0.41,0.24,0.31
Amadou Haidara,ml MLI,MF,RB Leipzig,21,1998,19,5,756,08.avr,0,1,1,0,0,0,1,0,0.7,0.7,02.févr,02.sept,15,55,36,0.00,0.12,0.12,0.00,0.12,0.09,0.26,0.34,0.09,0.34
Achraf Hakimi,ma MAR,DF MF,Dortmund,20,1998,33,29,2 715,30.2,5,10,15,5,0,0,5,0,04.sept,04.sept,05.mars,10.févr,159,168,323,0.17,0.33,0.50,0.17,0.50,0.16,0.18,0.34,0.16,0.34
Marcel Halstenberg,de GER,DF,RB Leipzig,27,1991,29,28,2 52,28.0,3,3,6,3,0,0,6,1,02.janv,02.janv,4.0,06.janv,65,155,91,0.11,0.11,0.21,0.11,0.21,0.08,0.14,0.22,0.08,0.22
Player,Nation,Pos,Squad,Age,Born,MP,Starts,Min,90s,Gls,Ast,G+A,G-PK,PK,PKatt,CrdY,CrdR,xG,npxG,xAG,npxG+xAG,PrgC,PrgP,PrgR,Gls,Ast,G+A,G-PK,G+A-PK,xG,xAG,xG+xAG,npxG,npxG+xAG
Amine Harit,ma MAR,MF FW,Schalke 04,22,1997,25,24,2 102,23.avr,6,4,10,5,1,1,3,0,03.mars,02.mai,03.août,06.mars,94,134,149,0.26,0.17,0.43,0.21,0.39,0.14,0.16,0.30,0.11,0.27
Martin Harnik,at AUT,MF FW,Werder Bremen,32,1987,2,0,9,0.1,0,0,0,0,0,0,1,0,0.0,0.0,0.0,0.0,0,0,2,0.00,0.00,0.00,0.00,0.00,0.00,0.00,0.00,0.00,0.00
Makoto Hasebe,jp JPN,DF MF,Eint Frankfurt,35,1984,23,21,1 968,21.sept,0,0,0,0,0,0,3,0,0.0,0.0,0.4,0.4,47,132,6,0.00,0.00,0.00,0.00,0.00,0.00,0.02,0.02,0.00,0.02
Kai Havertz,de GER,MF FW,Leverkusen,20,1999,30,29,2 454,27.mars,12,6,18,11,1,1,3,0,09.janv,08.avr,07.août,16.janv,119,139,250,0.44,0.22,0.66,0.40,0.62,0.34,0.28,0.62,0.31,0.59
Thorgan Hazard,be BEL,FW MF,Dortmund,26,1993,33,28,2 38,26.avr,7,13,20,7,0,0,3,0,05.avr,05.avr,07.sept,13.avr,100,95,281,0.26,0.49,0.76,0.26,0.76,0.21,0.30,0.51,0.21,0.51
Jonas Hector,de GER,MF DF,Köln,29,1990,29,28,2 433,27.0,4,2,6,4,0,0,9,0,01.sept,01.août,03.mai,05.mars,25,128,63,0.15,0.07,0.22,0.15,0.22,0.07,0.13,0.20,0.07,0.20
Dominique Heintz,de GER,DF,Freiburg,25,1993,28,27,2 434,27.0,0,1,1,0,0,0,2,0,0.2,0.2,0.2,0.5,27,100,6,0.00,0.04,0.04,0.00,0.04,0.01,0.01,0.02,0.01,0.02
Rouwen Hennings,de GER,FW,Düsseldorf,31,1987,32,27,2 459,27.mars,15,0,15,11,4,4,4,0,10.août,07.juil,01.janv,08.juil,13,58,164,0.55,0.00,0.55,0.40,0.40,0.40,0.04,0.44,0.28,0.32
Lucas Hernández,fr FRA,DF,Bayern Munich,23,1996,19,10,920,10.févr,0,1,1,0,0,0,3,0,0.4,0.4,01.janv,01.mai,17,44,26,0.00,0.10,0.10,0.00,0.10,0.04,0.11,0.15,0.04,0.15
Patrick Herrmann,de GER,FW MF,Gladbach,28,1991,27,16,1 453,16.janv,6,6,12,6,0,0,4,0,06.sept,06.sept,04.sept,11.juil,38,35,148,0.37,0.37,0.74,0.37,0.74,0.42,0.30,0.73,0.42,0.73
Martin Hinteregger,at AUT,DF,Eint Frankfurt,26,1992,31,30,2 721,30.2,8,1,9,8,0,0,8,0,03.août,03.août,1.0,04.août,35,118,35,0.26,0.03,0.30,0.26,0.30,0.13,0.03,0.16,0.13,0.16
Marwin Hitz,ch SUI,GK,Dortmund,31,1987,4,3,290,03.févr,0,0,0,0,0,0,0,0,0.0,0.0,0.0,0.0,0,1,0,0.00,0.00,0.00,0.00,0.00,0.00,0.00,0.00,0.00,0.00
André Hoffmann,de GER,DF,Düsseldorf,26,1993,29,27,2 428,27.0,2,1,3,2,0,0,7,0,01.janv,01.janv,0.4,01.mai,3,53,2,0.07,0.04,0.11,0.07,0.11,0.04,0.02,0.06,0.04,0.06
Nicolas Höfler,de GER,MF,Freiburg,29,1990,32,31,2 783,30.sept,1,0,1,1,0,0,9,0,02.juin,02.juin,0.5,03.févr,33,145,20,0.03,0.00,0.03,0.03,0.03,0.09,0.02,0.10,0.09,0.10
Jonas Hofmann,de GER,MF FW,Gladbach,27,1992,24,18,1 633,18.janv,5,3,8,5,0,0,3,0,04.avr,04.avr,03.mai,07.sept,42,80,67,0.28,0.17,0.44,0.28,0.44,0.24,0.19,0.43,0.24,0.43
Jonas Hofmann,de GER,MF,Schalke 04,22,1997,1,0,2,0.0,0,0,0,0,0,0,0,0,0.0,0.0,0.0,0.0,0,0,0,0.00,0.00,0.00,0.00,0.00,0.00,0.00,0.00,0.00,0.00
Marco Höger,de GER,MF,Köln,29,1989,15,6,676,07.mai,0,0,0,0,0,0,2,0,0.1,0.1,0.2,0.3,7,40,9,0.00,0.00,0.00,0.00,0.00,0.01,0.03,0.04,0.01,0.04
Lucas Höler,de GER,FW MF,Freiburg,25,1994,34,28,2 485,27.juin,8,2,10,8,0,1,4,0,08.sept,08.janv,02.mars,10.avr,59,41,180,0.29,0.07,0.36,0.29,0.36,0.32,0.08,0.40,0.29,0.38
Gerrit Holtmann,ph PHI,MF DF,Paderborn 07,24,1995,24,13,1 065,11.août,1,0,1,1,0,0,1,1,01.janv,01.janv,01.avr,02.juin,59,25,75,0.08,0.00,0.08,0.08,0.08,0.10,0.12,0.22,0.10,0.22
Luca Horn,de GER,DF,Wolfsburg,20,1998,1,0,6,0.1,0,0,0,0,0,0,0,0,0.0,0.0,0.0,0.0,1,0,0,0.00,0.00,0.00,0.00,0.00,0.00,0.00,0.00,0.00,0.00
Timo Horn,de GER,GK,Köln,26,1993,34,34,3 06,34.0,0,0,0,0,0,0,0,0,0.0,0.0,0.6,0.6,0,1,0,0.00,0.00,0.00,0.00,0.00,0.00,0.02,0.02,0.00,0.02
Lukáš Hrádecký,fi FIN,GK,Leverkusen,29,1989,34,34,3 06,34.0,0,0,0,0,0,0,1,0,0.0,0.0,0.0,0.0,0,0,0,0.00,0.00,0.00,0.00,0.00,0.00,0.00,0.00,0.00,0.00
Benjamin Hübner,de GER,DF,Hoffenheim,30,1989,25,25,2 07,23.0,1,4,5,1,0,0,6,2,2.0,2.0,2.0,4.0,23,128,7,0.04,0.17,0.22,0.04,0.22,0.09,0.09,0.17,0.09,0.17
Florian Hübner,de GER,DF,Union Berlin,28,1991,11,9,850,09.avr,0,0,0,0,0,0,2,0,01.mai,01.mai,0.4,01.sept,0,12,3,0.00,0.00,0.00,0.00,0.00,0.16,0.04,0.20,0.16,0.20
Mats Hummels,de GER,DF,Dortmund,30,1988,31,31,2 581,28.juil,1,3,4,1,0,0,8,1,01.sept,01.sept,2.0,03.sept,23,142,8,0.03,0.10,0.14,0.03,0.14,0.07,0.07,0.14,0.07,0.14
Player,Nation,Pos,Squad,Age,Born,MP,Starts,Min,90s,Gls,Ast,G+A,G-PK,PK,PKatt,CrdY,CrdR,xG,npxG,xAG,npxG+xAG,PrgC,PrgP,PrgR,Gls,Ast,G+A,G-PK,G+A-PK,xG,xAG,xG+xAG,npxG,npxG+xAG
Uwe Hünemeier,de GER,DF,Paderborn 07,33,1986,16,13,1 209,13.avr,1,0,1,0,1,1,7,1,01.mai,0.7,0.3,1.0,13,68,4,0.07,0.00,0.07,0.00,0.00,0.11,0.02,0.14,0.06,0.08
Jannik Huth,de GER,GK,Paderborn 07,25,1994,6,6,540,6.0,0,0,0,0,0,0,0,0,0.0,0.0,0.0,0.0,0,1,0,0.00,0.00,0.00,0.00,0.00,0.00,0.00,0.00,0.00,0.00
Iago,br BRA,DF MF,Augsburg,22,1997,10,7,674,07.mai,1,1,2,1,0,0,0,0,0.7,0.7,0.5,01.févr,12,20,10,0.13,0.13,0.27,0.13,0.27,0.09,0.07,0.16,0.09,0.16
Vedad Ibišević,ba BIH,FW,Hertha BSC,34,1984,25,15,1 257,14.0,7,2,9,6,1,1,4,0,05.avr,04.juil,02.mai,07.janv,8,23,75,0.50,0.14,0.64,0.43,0.57,0.39,0.18,0.57,0.33,0.51
Luc Ihorst,de GER,FW,Werder Bremen,19,2000,1,0,11,0.1,0,0,0,0,0,0,0,0,0.0,0.0,0.0,0.0,0,0,2,0.00,0.00,0.00,0.00,0.00,0.00,0.00,0.00,0.00,0.00
Stefan Ilsanker,at AUT,DF,RB Leipzig,30,1989,6,5,418,04.juin,0,0,0,0,0,0,2,0,0.7,0.7,0.1,0.8,2,26,0,0.00,0.00,0.00,0.00,0.00,0.15,0.01,0.16,0.15,0.16
Stefan Ilsanker,at AUT,DF MF,Eint Frankfurt,30,1989,12,9,838,09.mars,2,1,3,2,0,0,4,0,01.janv,01.janv,0.6,01.juil,4,38,6,0.21,0.11,0.32,0.21,0.32,0.12,0.06,0.18,0.12,0.18
Marcus Ingvartsen,dk DEN,MF FW,Union Berlin,23,1996,28,20,1 716,19.janv,5,2,7,4,1,1,4,0,03.août,03.janv,01.mai,04.mai,23,30,69,0.26,0.10,0.37,0.21,0.31,0.20,0.08,0.28,0.16,0.24
Gian-Luca Itter,de GER,DF MF,Freiburg,20,1999,3,0,35,0.4,0,0,0,0,0,0,0,0,0.0,0.0,0.0,0.0,2,4,1,0.00,0.00,0.00,0.00,0.00,0.00,0.00,0.00,0.00,0.00
Ismail Jakobs,sn SEN,FW DF,Köln,19,1999,20,20,1 672,18.juin,2,2,4,2,0,0,4,0,02.mars,02.mars,01.janv,03.avr,29,25,115,0.11,0.11,0.22,0.11,0.22,0.12,0.06,0.18,0.12,0.18
Laurent Jans,lu LUX,DF,Paderborn 07,26,1992,22,19,1 571,17.mai,0,1,1,0,0,0,2,0,0.2,0.2,0.8,1.0,37,61,30,0.00,0.06,0.06,0.00,0.06,0.01,0.05,0.06,0.01,0.06
Tony Jantschke,de GER,DF,Gladbach,29,1990,17,11,1 012,11.févr,0,0,0,0,0,0,6,0,0.5,0.5,1.0,01.mai,10,54,15,0.00,0.00,0.00,0.00,0.00,0.04,0.09,0.13,0.04,0.13
Rune Jarstein,no NOR,GK,Hertha BSC,34,1984,29,29,2 547,28.mars,0,0,0,0,0,0,1,1,0.0,0.0,0.3,0.3,0,1,0,0.00,0.00,0.00,0.00,0.00,0.00,0.01,0.01,0.00,0.01
Dennis Jastrzembski,pl POL,MF FW,Paderborn 07,19,2000,6,1,177,2.0,0,0,0,0,0,0,0,0,0.3,0.3,0.1,0.5,7,1,13,0.00,0.00,0.00,0.00,0.00,0.17,0.07,0.24,0.17,0.24
Tin Jedvaj,hr CRO,DF,Augsburg,23,1995,31,30,2 638,29.mars,2,0,2,2,0,0,6,0,01.août,01.août,0.2,02.janv,19,63,12,0.07,0.00,0.07,0.07,0.07,0.06,0.01,0.07,0.06,0.07
Fredrik Jensen,fi FIN,MF FW,Augsburg,21,1997,10,5,457,05.janv,1,0,1,1,0,0,0,0,0.7,0.7,0.3,1.0,8,9,22,0.20,0.00,0.20,0.20,0.20,0.14,0.06,0.20,0.14,0.20
Fabian Johnson,us USA,MF DF,Gladbach,31,1987,6,3,271,3.0,0,0,0,0,0,0,0,0,0.0,0.0,0.6,0.6,6,10,14,0.00,0.00,0.00,0.00,0.00,0.00,0.19,0.19,0.00,0.19
Dejan Joveljić,rs SRB,FW,Eint Frankfurt,19,1999,4,2,150,01.juil,0,0,0,0,0,0,1,0,0.0,0.0,0.0,0.0,0,0,11,0.00,0.00,0.00,0.00,0.00,0.00,0.00,0.00,0.00,0.00
Mathias Jørgensen,dk DEN,DF,Düsseldorf,29,1990,9,5,498,05.mai,0,1,1,0,0,0,1,0,0.0,0.0,0.2,0.2,0,6,0,0.00,0.18,0.18,0.00,0.18,0.00,0.04,0.04,0.00,0.04
Ozan Kabak,tr TUR,DF,Schalke 04,19,2000,26,21,1 777,19.juil,3,1,4,3,0,0,4,0,01.août,01.août,0.5,02.mars,13,62,2,0.15,0.05,0.20,0.15,0.20,0.09,0.03,0.11,0.09,0.11
Pavel Kadeřábek,cz CZE,DF FW,Hoffenheim,27,1992,30,28,2 474,27.mai,2,7,9,2,0,0,2,0,02.août,02.août,05.janv,07.sept,44,87,176,0.07,0.25,0.33,0.07,0.33,0.10,0.19,0.29,0.10,0.29
Florian Kainz,at AUT,FW MF,Köln,26,1992,28,16,1 561,17.mars,5,6,11,4,1,1,5,0,04.févr,03.avr,06.août,10.févr,54,91,112,0.29,0.35,0.63,0.23,0.58,0.24,0.39,0.64,0.20,0.59
Salomon Kalou,ci CIV,FW MF,Hertha BSC,33,1985,5,1,146,01.juin,1,0,1,1,0,0,0,0,01.janv,01.janv,0.6,01.juil,2,7,17,0.62,0.00,0.62,0.62,0.62,0.65,0.38,01.mars,0.65,01.mars
Daichi Kamada,jp JPN,MF FW,Eint Frankfurt,22,1996,28,22,1 969,21.sept,2,4,6,2,0,0,5,0,06.juil,06.juil,4.0,10.juin,63,119,138,0.09,0.18,0.27,0.09,0.27,0.31,0.18,0.49,0.31,0.49
Kevin Kampl,si SVN,MF,RB Leipzig,28,1990,11,8,675,07.mai,2,2,4,2,0,0,1,0,0.3,0.3,02.mai,02.août,14,50,22,0.27,0.27,0.53,0.27,0.53,0.04,0.33,0.37,0.04,0.37
Player,Nation,Pos,Squad,Age,Born,MP,Starts,Min,90s,Gls,Ast,G+A,G-PK,PK,PKatt,CrdY,CrdR,xG,npxG,xAG,npxG+xAG,PrgC,PrgP,PrgR,Gls,Ast,G+A,G-PK,G+A-PK,xG,xAG,xG+xAG,npxG,npxG+xAG
Stefanos Kapino,gr GRE,GK,Werder Bremen,25,1994,1,1,90,1.0,0,0,0,0,0,0,0,0,0.0,0.0,0.0,0.0,0,0,0,0.00,0.00,0.00,0.00,0.00,0.00,0.00,0.00,0.00,0.00
Kenan Karaman,tr TUR,FW MF,Düsseldorf,25,1994,20,16,1 354,15.0,6,1,7,6,0,0,4,0,4.0,4.0,2.0,6.0,23,25,125,0.40,0.07,0.47,0.40,0.47,0.27,0.13,0.40,0.27,0.40
Mamoudou Karamoko,fr FRA,MF,Wolfsburg,19,1999,1,0,9,0.1,0,0,0,0,0,0,0,0,0.0,0.0,0.0,0.0,0,1,2,0.00,0.00,0.00,0.00,0.00,0.00,0.00,0.00,0.00,0.00
Florian Kastenmeier,de GER,GK,Düsseldorf,22,1997,17,17,1 53,17.0,0,0,0,0,0,0,0,0,0.0,0.0,0.4,0.4,0,0,0,0.00,0.00,0.00,0.00,0.00,0.00,0.02,0.02,0.00,0.02
Noah Katterbach,de GER,DF,Köln,18,2001,18,16,1 316,14.juin,0,0,0,0,0,0,2,0,0.1,0.1,0.4,0.5,28,60,22,0.00,0.00,0.00,0.00,0.00,0.01,0.02,0.03,0.01,0.03
Yannik Keitel,de GER,MF,Freiburg,19,2000,3,2,174,01.sept,0,0,0,0,0,0,0,0,0.1,0.1,0.2,0.3,1,5,2,0.00,0.00,0.00,0.00,0.00,0.04,0.10,0.14,0.04,0.14
Jonjoe Kenny,eng ENG,DF,Schalke 04,22,1997,31,31,2 717,30.2,2,3,5,2,0,0,5,0,01.mars,01.mars,01.avr,02.juil,40,136,125,0.07,0.10,0.17,0.07,0.17,0.04,0.05,0.09,0.04,0.09
Rani Khedira,de GER,MF,Augsburg,25,1994,32,32,2 649,29.avr,0,2,2,0,0,0,8,0,0.5,0.5,01.juil,02.févr,8,68,27,0.00,0.07,0.07,0.00,0.07,0.02,0.06,0.08,0.02,0.08
Luca Kilian,de GER,DF,Paderborn 07,19,1999,15,14,1 261,14.0,0,0,0,0,0,0,1,0,0.0,0.0,0.2,0.2,4,28,3,0.00,0.00,0.00,0.00,0.00,0.00,0.01,0.01,0.00,0.01
Joshua Kimmich,de GER,MF DF,Bayern Munich,24,1995,33,32,2 818,31.mars,4,7,11,4,0,0,7,0,01.févr,01.févr,08.mars,09.mai,57,310,106,0.13,0.22,0.35,0.13,0.35,0.04,0.27,0.30,0.04,0.30
Davy Klaassen,nl NED,MF,Werder Bremen,26,1993,33,33,2 936,32.6,7,5,12,6,1,3,7,0,07.févr,04.sept,3.0,07.août,27,139,92,0.21,0.15,0.37,0.18,0.34,0.22,0.09,0.31,0.15,0.24
Felix Klaus,de GER,MF FW,Wolfsburg,26,1992,23,6,670,07.avr,0,1,1,0,0,0,0,1,02.avr,02.avr,01.juil,04.janv,27,17,64,0.00,0.13,0.13,0.00,0.13,0.32,0.23,0.55,0.32,0.55
Lukas Klostermann,de GER,DF,RB Leipzig,23,1996,31,31,2 643,29.avr,3,1,4,3,0,0,1,0,02.juil,02.juil,02.avr,05.janv,38,132,78,0.10,0.03,0.14,0.10,0.14,0.09,0.08,0.17,0.09,0.17
Lukas Klünter,de GER,DF,Hertha BSC,23,1996,23,20,1 878,20.sept,0,2,2,0,0,0,5,0,0.3,0.3,01.juin,01.sept,44,49,44,0.00,0.10,0.10,0.00,0.10,0.01,0.08,0.09,0.01,0.09
Robin Knoche,de GER,DF,Wolfsburg,27,1992,21,17,1 594,17.juil,1,0,1,1,0,0,2,0,0.3,0.3,0.2,0.5,22,90,4,0.06,0.00,0.06,0.06,0.06,0.02,0.01,0.03,0.02,0.03
Robin Koch,de GER,DF MF,Freiburg,23,1996,32,31,2 705,30.janv,1,0,1,1,0,0,3,0,4.0,4.0,01.janv,05.janv,16,103,11,0.03,0.00,0.03,0.03,0.03,0.13,0.04,0.17,0.13,0.17
Dominik Kohr,de GER,MF,Eint Frankfurt,25,1994,26,16,1 445,16.janv,0,3,3,0,0,0,5,1,01.juil,01.juil,01.juil,03.avr,31,93,47,0.00,0.19,0.19,0.00,0.19,0.10,0.11,0.21,0.10,0.21
Ibrahima Konaté,fr FRA,DF,RB Leipzig,20,1999,8,6,569,06.mars,0,0,0,0,0,0,2,0,0.1,0.1,0.1,0.2,9,18,3,0.00,0.00,0.00,0.00,0.00,0.02,0.01,0.02,0.02,0.02
Pascal Köpke,de GER,FW,Hertha BSC,23,1995,4,1,121,01.mars,0,0,0,0,0,0,0,0,01.févr,01.févr,0.0,01.févr,4,1,12,0.00,0.00,0.00,0.00,0.00,0.92,0.00,0.92,0.92,0.92
Filip Kostić,rs SRB,DF FW,Eint Frankfurt,26,1992,33,33,2 958,32.9,4,11,15,4,0,0,4,0,06.mars,06.mars,10.mai,16.août,161,103,248,0.12,0.33,0.46,0.12,0.46,0.19,0.32,0.51,0.19,0.51
Tomáš Koubek,cz CZE,GK,Augsburg,26,1992,24,24,2 16,24.0,0,0,0,0,0,0,2,0,0.0,0.0,0.0,0.0,0,0,0,0.00,0.00,0.00,0.00,0.00,0.00,0.00,0.00,0.00,0.00
Dawid Kownacki,pl POL,FW MF,Düsseldorf,22,1997,20,11,1 093,12.janv,0,0,0,0,0,0,4,0,02.mars,02.mars,0.7,3.0,21,13,91,0.00,0.00,0.00,0.00,0.00,0.19,0.06,0.25,0.19,0.25
Thomas Kraft,de GER,GK,Hertha BSC,31,1988,4,4,360,4.0,0,0,0,0,0,0,1,0,0.0,0.0,0.0,0.0,0,0,0,0.00,0.00,0.00,0.00,0.00,0.00,0.00,0.00,0.00,0.00
Andrej Kramarić,hr CRO,FW MF,Hoffenheim,28,1991,19,14,1 422,15.août,12,2,14,10,2,2,3,0,09.juin,8.0,4.0,12.0,54,59,115,0.76,0.13,0.89,0.63,0.76,0.61,0.25,0.86,0.51,0.76
Christoph Kramer,de GER,MF,Gladbach,28,1991,22,17,1 464,16.mars,0,0,0,0,0,0,4,0,0.4,0.4,0.4,0.7,16,81,13,0.00,0.00,0.00,0.00,0.00,0.02,0.02,0.05,0.02,0.05
Player,Nation,Pos,Squad,Age,Born,MP,Starts,Min,90s,Gls,Ast,G+A,G-PK,PK,PKatt,CrdY,CrdR,xG,npxG,xAG,npxG+xAG,PrgC,PrgP,PrgR,Gls,Ast,G+A,G-PK,G+A-PK,xG,xAG,xG+xAG,npxG,npxG+xAG
Tom Krauß,de GER,MF,RB Leipzig,18,2001,1,0,4,0.0,0,0,0,0,0,0,0,0,0.0,0.0,0.0,0.0,0,0,0,0.00,0.00,0.00,0.00,0.00,0.00,0.00,0.00,0.00,0.00
Felix Kroos,de GER,MF DF,Union Berlin,28,1991,15,3,378,04.févr,0,0,0,0,0,0,1,0,0.4,0.4,0.0,0.4,1,16,3,0.00,0.00,0.00,0.00,0.00,0.09,0.00,0.09,0.09,0.09
Lukas Kübler,de GER,DF,Freiburg,26,1992,5,3,209,02.mars,0,0,0,0,0,0,1,0,0.1,0.1,0.0,0.1,4,8,0,0.00,0.00,0.00,0.00,0.00,0.04,0.00,0.04,0.04,0.04
Pierre Kunde,cm CMR,MF,Mainz 05,24,1995,28,22,1 866,20.juil,4,0,4,4,0,0,6,0,03.févr,03.févr,01.févr,04.avr,52,118,35,0.19,0.00,0.19,0.19,0.19,0.16,0.06,0.21,0.16,0.21
Ahmed Kutucu,tr TUR,FW MF,Schalke 04,19,2000,25,3,679,07.mai,3,2,5,3,0,0,2,0,01.sept,01.sept,0.4,02.févr,15,16,33,0.40,0.27,0.66,0.40,0.66,0.25,0.05,0.30,0.25,0.30
Konrad Laimer,at AUT,MF,RB Leipzig,22,1997,29,26,2 115,23.mai,2,6,8,2,0,0,8,1,0.8,0.8,02.févr,3.0,44,143,39,0.09,0.26,0.34,0.09,0.34,0.03,0.09,0.13,0.03,0.13
Stefan Lainer,at AUT,DF,Gladbach,26,1992,31,31,2 71,30.janv,1,3,4,1,0,0,9,0,01.juil,01.juil,03.avr,05.janv,88,123,124,0.03,0.10,0.13,0.03,0.13,0.06,0.11,0.17,0.06,0.17
Michael Lang,ch SUI,DF FW,Werder Bremen,28,1991,9,6,544,6.0,0,0,0,0,0,0,0,0,0.3,0.3,0.5,0.7,14,23,40,0.00,0.00,0.00,0.00,0.00,0.04,0.08,0.12,0.04,0.12
Sebastian Langkamp,de GER,DF,Werder Bremen,31,1988,5,3,314,03.mai,0,0,0,0,0,0,3,0,0.3,0.3,0.0,0.3,0,10,1,0.00,0.00,0.00,0.00,0.00,0.09,0.00,0.09,0.09,0.09
Danny Latza,de GER,MF,Mainz 05,29,1989,23,15,1 373,15.mars,0,2,2,0,0,0,7,0,01.janv,01.janv,02.janv,03.mars,12,72,24,0.00,0.13,0.13,0.00,0.13,0.07,0.14,0.21,0.07,0.21
Mathew Leckie,au AUS,DF FW,Hertha BSC,28,1991,7,1,195,02.févr,0,0,0,0,0,0,0,0,0.1,0.1,0.0,0.1,3,3,12,0.00,0.00,0.00,0.00,0.00,0.04,0.00,0.04,0.04,0.04
Toni Leistner,de GER,DF,Köln,28,1990,13,11,1 012,11.févr,0,0,0,0,0,0,3,0,0.3,0.3,0.1,0.4,4,39,2,0.00,0.00,0.00,0.00,0.00,0.02,0.01,0.03,0.02,0.03
Tim Lemperle,de GER,MF,Köln,17,2002,1,0,16,0.2,0,0,0,0,0,0,0,0,0.1,0.1,0.0,0.1,0,0,1,0.00,0.00,0.00,0.00,0.00,0.51,0.00,0.51,0.51,0.51
Christopher Lenz,de GER,DF MF,Union Berlin,24,1994,26,26,2 267,25.févr,0,3,3,0,0,0,2,0,0.7,0.7,02.sept,03.juin,48,79,80,0.00,0.12,0.12,0.00,0.12,0.03,0.11,0.14,0.03,0.14
Robert Lewandowski,pl POL,FW,Bayern Munich,30,1988,31,31,2 759,30.juil,34,4,38,29,5,5,5,0,30.juil,26.août,06.juin,33.5,70,91,245,01.nov,0.13,janv.24,0.95,01.août,1.00,0.22,janv.22,0.87,01.sept
Stephan Lichtsteiner,ch SUI,DF,Augsburg,35,1984,20,17,1 343,14.sept,0,1,1,0,0,0,5,1,0.0,0.0,0.5,0.5,21,52,19,0.00,0.07,0.07,0.00,0.07,0.00,0.03,0.03,0.00,0.03
Philipp Lienhart,at AUT,DF,Freiburg,23,1996,22,20,1 817,20.févr,0,1,1,0,0,0,3,0,0.8,0.8,0.5,01.mars,30,55,4,0.00,0.05,0.05,0.00,0.05,0.04,0.02,0.06,0.04,0.06
Jürgen Locadia,cw CUW,FW,Hoffenheim,25,1993,11,5,530,05.sept,4,0,4,3,1,1,1,0,03.août,3.0,0.1,03.janv,6,7,39,0.68,0.00,0.68,0.51,0.51,0.64,0.02,0.66,0.51,0.52
Ademola Lookman,ng NGA,FW MF,RB Leipzig,21,1997,11,1,309,03.avr,0,0,0,0,0,0,0,0,01.mars,01.mars,1.0,02.mars,19,22,32,0.00,0.00,0.00,0.00,0.00,0.38,0.29,0.67,0.38,0.67
Eduard Löwen,de GER,MF,Augsburg,22,1997,16,7,671,07.mai,2,1,3,2,0,0,0,0,0.8,0.8,0.8,01.juin,9,17,23,0.27,0.13,0.40,0.27,0.40,0.11,0.10,0.22,0.11,0.22
Eduard Löwen,de GER,MF,Hertha BSC,22,1997,7,2,314,03.mai,0,0,0,0,0,0,0,0,0.2,0.2,0.0,0.2,7,12,2,0.00,0.00,0.00,0.00,0.00,0.06,0.00,0.06,0.06,0.06
Jan Luca Rumpf,de GER,DF,Paderborn 07,20,1999,1,1,90,1.0,0,0,0,0,0,0,0,0,0.1,0.1,0.0,0.1,0,7,0,0.00,0.00,0.00,0.00,0.00,0.07,0.00,0.07,0.07,0.07
Dodi Lukebakio,be BEL,FW MF,Hertha BSC,21,1997,30,24,2 031,22.juin,7,6,13,7,0,0,2,0,07.mai,07.mai,04.juil,12.févr,68,39,166,0.31,0.27,0.58,0.31,0.58,0.33,0.21,0.54,0.33,0.54
Andreas Luthe,de GER,GK,Augsburg,32,1987,10,10,900,10.0,0,0,0,0,0,0,0,0,0.0,0.0,0.0,0.0,0,0,0,0.00,0.00,0.00,0.00,0.00,0.00,0.00,0.00,0.00,0.00
Arne Maier,de GER,MF,Hertha BSC,20,1999,14,5,535,05.sept,0,0,0,0,0,0,0,0,0.2,0.2,0.5,0.7,11,36,15,0.00,0.00,0.00,0.00,0.00,0.03,0.09,0.12,0.03,0.12
Player,Nation,Pos,Squad,Age,Born,MP,Starts,Min,90s,Gls,Ast,G+A,G-PK,PK,PKatt,CrdY,CrdR,xG,npxG,xAG,npxG+xAG,PrgC,PrgP,PrgR,Gls,Ast,G+A,G-PK,G+A-PK,xG,xAG,xG+xAG,npxG,npxG+xAG
Yunus Mallı,tr TUR,MF FW,Union Berlin,27,1992,13,9,673,07.mai,0,1,1,0,0,0,1,0,01.févr,01.févr,0.8,01.sept,14,17,28,0.00,0.13,0.13,0.00,0.13,0.16,0.10,0.26,0.16,0.26
Streli Mamba,de GER,FW,Paderborn 07,25,1994,24,18,1 521,16.sept,5,2,7,5,0,0,5,0,04.juin,04.juin,01.janv,05.juil,32,14,73,0.30,0.12,0.41,0.30,0.41,0.27,0.07,0.34,0.27,0.34
Omar Marmoush,eg EGY,MF FW,Wolfsburg,20,1999,5,0,81,0.9,0,0,0,0,0,0,0,0,0.1,0.1,0.0,0.1,2,2,4,0.00,0.00,0.00,0.00,0.00,0.06,0.00,0.06,0.06,0.06
Aarón Martín,es ESP,DF,Mainz 05,22,1997,22,21,1 792,19.sept,0,0,0,0,0,0,2,0,0.3,0.3,02.sept,03.févr,40,44,90,0.00,0.00,0.00,0.00,0.00,0.02,0.15,0.16,0.02,0.16
Javi Martínez,es ESP,DF MF,Bayern Munich,30,1988,16,6,675,07.mai,0,0,0,0,0,0,5,1,0.2,0.2,0.2,0.4,5,49,5,0.00,0.00,0.00,0.00,0.00,0.03,0.02,0.05,0.03,0.05
Omar Mascarell,gq EQG,MF,Schalke 04,26,1993,23,23,2 026,22.mai,0,1,1,0,0,0,4,0,0.5,0.5,01.févr,01.juil,6,80,10,0.00,0.04,0.04,0.00,0.04,0.02,0.05,0.08,0.02,0.08
Jean-Philippe Mateta,fr FRA,FW,Mainz 05,22,1997,18,12,1 053,11.juil,3,1,4,2,1,1,2,1,05.sept,05.févr,01.févr,06.avr,11,10,63,0.26,0.09,0.34,0.17,0.26,0.51,0.10,0.61,0.44,0.54
Rabbi Matondo,wls WAL,FW MF,Schalke 04,18,2000,20,14,1 162,12.sept,2,0,2,2,0,0,1,0,03.févr,03.févr,0.8,03.sept,38,16,93,0.15,0.00,0.15,0.15,0.15,0.24,0.06,0.30,0.24,0.30
Philipp Max,de GER,DF,Augsburg,25,1993,31,31,2 706,30.janv,8,6,14,7,1,1,5,0,03.juin,02.août,05.avr,08.mars,60,80,101,0.27,0.20,0.47,0.23,0.43,0.12,0.18,0.30,0.09,0.27
Alexandru Maxim,ro ROU,MF DF,Mainz 05,29,1990,5,0,117,01.mars,0,0,0,0,0,0,1,0,0.1,0.1,0.7,0.8,6,10,10,0.00,0.00,0.00,0.00,0.00,0.09,0.53,0.62,0.09,0.62
Kevin Mbabu,ch SUI,DF,Wolfsburg,24,1995,20,18,1 696,18.août,3,1,4,3,0,0,4,0,01.juil,01.juil,02.juil,04.avr,56,70,105,0.16,0.05,0.21,0.16,0.21,0.09,0.14,0.23,0.09,0.23
Weston McKennie,us USA,MF DF,Schalke 04,20,1998,28,24,2 074,23.0,3,0,3,3,0,0,8,0,02.juil,02.juil,02.sept,05.juin,34,94,71,0.13,0.00,0.13,0.13,0.13,0.12,0.13,0.24,0.12,0.24
Joshua Mees,de GER,MF FW,Union Berlin,23,1996,15,1,325,03.juin,0,1,1,0,0,0,1,0,0.4,0.4,0.5,0.9,3,7,20,0.00,0.28,0.28,0.00,0.28,0.11,0.13,0.24,0.11,0.24
Admir Mehmedi,ch SUI,MF FW,Wolfsburg,28,1991,21,14,1 2,13.mars,2,2,4,2,0,0,0,0,01.juin,01.juin,2.0,03.juil,14,55,94,0.15,0.15,0.30,0.15,0.30,0.12,0.15,0.28,0.12,0.28
Levent Mercan,de GER,MF FW,Schalke 04,18,2000,5,1,71,0.8,0,0,0,0,0,0,0,0,0.0,0.0,0.0,0.0,1,1,4,0.00,0.00,0.00,0.00,0.00,0.06,0.00,0.06,0.06,0.06
Jorge Meré,es ESP,DF,Köln,22,1997,11,5,619,06.sept,1,0,1,1,0,0,4,1,0.8,0.8,0.1,0.9,4,27,0,0.15,0.00,0.15,0.15,0.15,0.11,0.01,0.13,0.11,0.13
Sven Michel,de GER,FW,Paderborn 07,29,1990,29,13,1 376,15.mars,5,1,6,5,0,0,7,0,05.juin,05.juin,01.juil,07.avr,27,25,107,0.33,0.07,0.39,0.33,0.39,0.37,0.11,0.48,0.37,0.48
Juan Miranda,es ESP,DF,Schalke 04,19,2000,11,8,781,08.juil,0,0,0,0,0,0,2,0,0.1,0.1,0.6,0.7,15,39,37,0.00,0.00,0.00,0.00,0.00,0.02,0.07,0.09,0.02,0.09
Maximilian Mittelstädt,de GER,DF FW,Hertha BSC,22,1997,26,19,1 887,21.0,1,3,4,1,0,0,4,0,0.9,0.9,01.juil,02.juin,53,120,101,0.05,0.14,0.19,0.05,0.19,0.04,0.08,0.13,0.04,0.13
Anthony Modeste,fr FRA,FW,Köln,31,1988,27,11,1 138,12.juin,4,1,5,4,0,0,1,0,04.mars,04.mars,0.6,04.sept,10,16,62,0.32,0.08,0.40,0.32,0.40,0.34,0.05,0.39,0.34,0.39
Kevin Möhwald,de GER,MF,Werder Bremen,26,1993,1,0,74,0.8,0,0,0,0,0,0,0,0,0.1,0.1,0.0,0.1,2,6,5,0.00,0.00,0.00,0.00,0.00,0.12,0.00,0.12,0.12,0.12
Niklas Moisander,fi FIN,DF,Werder Bremen,33,1985,22,22,1 979,22.0,0,0,0,0,0,0,5,1,01.janv,01.janv,0.2,01.mars,33,133,3,0.00,0.00,0.00,0.00,0.00,0.05,0.01,0.06,0.05,0.06
Alfredo Morales,us USA,MF,Düsseldorf,29,1990,27,18,1 73,19.févr,1,2,3,1,0,0,6,0,01.févr,01.févr,0.9,02.janv,15,76,54,0.05,0.10,0.16,0.05,0.16,0.06,0.05,0.11,0.06,0.11
Jan Morávek,cz CZE,MF,Augsburg,29,1989,11,4,474,05.mars,0,1,1,0,0,0,1,0,0.1,0.1,0.7,0.7,4,17,9,0.00,0.19,0.19,0.00,0.19,0.01,0.12,0.14,0.01,0.14
Mateu Morey,es ESP,DF MF,Dortmund,19,2000,5,2,197,02.févr,0,1,1,0,0,0,0,0,0.4,0.4,0.4,0.8,6,7,15,0.00,0.46,0.46,0.00,0.46,0.18,0.19,0.38,0.18,0.38
Player,Nation,Pos,Squad,Age,Born,MP,Starts,Min,90s,Gls,Ast,G+A,G-PK,PK,PKatt,CrdY,CrdR,xG,npxG,xAG,npxG+xAG,PrgC,PrgP,PrgR,Gls,Ast,G+A,G-PK,G+A-PK,xG,xAG,xG+xAG,npxG,npxG+xAG
Nordi Mukiele,fr FRA,DF FW,RB Leipzig,21,1997,25,21,1 783,19.août,3,1,4,3,0,0,1,0,02.août,02.août,01.mars,04.janv,36,99,110,0.15,0.05,0.20,0.15,0.20,0.14,0.06,0.20,0.14,0.20
Florian Müller,de GER,GK,Mainz 05,21,1997,13,12,1 125,12.mai,0,0,0,0,0,0,0,0,0.0,0.0,0.0,0.0,0,1,0,0.00,0.00,0.00,0.00,0.00,0.00,0.00,0.00,0.00,0.00
Thomas Müller,de GER,MF FW,Bayern Munich,29,1989,33,26,2 255,25.janv,8,21,29,8,0,0,5,0,08.juil,08.juil,14.août,23.mai,75,164,308,0.32,0.84,janv.16,0.32,janv.16,0.35,0.59,0.94,0.35,0.94
Torben Müsel,de GER,FW,Gladbach,20,1999,1,0,1,0.0,0,0,0,0,0,0,0,0,0.0,0.0,0.0,0.0,0,0,0,0.00,0.00,0.00,0.00,0.00,0.00,0.00,0.00,0.00,0.00
Jamal Musiala,de GER,MF,Bayern Munich,16,2003,1,0,3,0.0,0,0,0,0,0,0,0,0,0.0,0.0,0.0,0.0,0,0,0,0.00,0.00,0.00,0.00,0.00,0.00,0.00,0.00,0.00,0.00
Yvon Mvogo,ch SUI,GK,RB Leipzig,25,1994,2,2,180,2.0,0,0,0,0,0,0,0,0,0.0,0.0,0.0,0.0,0,0,0,0.00,0.00,0.00,0.00,0.00,0.00,0.00,0.00,0.00,0.00
Phillipp Mwene,at AUT,DF,Mainz 05,25,1994,4,4,315,03.mai,0,0,0,0,0,0,1,0,0.0,0.0,0.2,0.2,8,6,7,0.00,0.00,0.00,0.00,0.00,0.00,0.06,0.06,0.00,0.06
Obite N'Dicka,ci CIV,DF,Eint Frankfurt,19,1999,22,20,1 721,19.janv,1,1,2,1,0,0,3,0,0.7,0.7,01.janv,01.août,31,75,43,0.05,0.05,0.10,0.05,0.10,0.04,0.06,0.09,0.04,0.09
Matija Nastasić,rs SRB,DF,Schalke 04,26,1993,16,15,1 365,15.févr,0,0,0,0,0,0,2,0,01.janv,01.janv,0.3,01.mars,4,56,0,0.00,0.00,0.00,0.00,0.00,0.07,0.02,0.09,0.07,0.09
Manuel Neuer,de GER,GK,Bayern Munich,33,1986,33,33,2 97,33.0,0,0,0,0,0,0,0,0,0.0,0.0,0.0,0.0,0,5,0,0.00,0.00,0.00,0.00,0.00,0.00,0.00,0.00,0.00,0.00
Florian Neuhaus,de GER,MF,Gladbach,22,1997,30,26,2 356,26.févr,4,2,6,4,0,0,6,0,06.avr,06.mars,03.juil,09.sept,66,139,62,0.15,0.08,0.23,0.15,0.23,0.24,0.14,0.38,0.24,0.38
Jessic Ngankam,de GER,FW MF,Hertha BSC,19,2000,4,0,85,0.9,0,1,1,0,0,0,0,0,0.0,0.0,0.7,0.7,2,0,3,0.00,01.juin,01.juin,0.00,01.juin,0.00,0.78,0.78,0.00,0.78
Moussa Niakhate,sn SEN,DF,Mainz 05,23,1996,33,33,2 97,33.0,1,2,3,1,0,0,7,0,1.0,1.0,01.janv,02.janv,37,129,14,0.03,0.06,0.09,0.03,0.09,0.03,0.03,0.06,0.03,0.06
Moritz Nicolas,de GER,GK,Union Berlin,21,1997,1,1,90,1.0,0,0,0,0,0,0,0,0,0.0,0.0,0.0,0.0,0,0,0,0.00,0.00,0.00,0.00,0.00,0.00,0.00,0.00,0.00,0.00
Florian Niederlechner,de GER,FW MF,Augsburg,28,1990,33,31,2 72,30.2,13,6,19,12,1,2,1,0,13.sept,12.avr,05.juil,18.janv,42,52,132,0.43,0.20,0.63,0.40,0.60,0.46,0.19,0.65,0.41,0.60
Christopher Nkunku,fr FRA,MF FW,RB Leipzig,21,1997,32,21,1 925,21.avr,5,13,18,5,0,0,2,0,07.août,07.août,09.févr,16.sept,86,94,184,0.23,0.61,0.84,0.23,0.84,0.36,0.43,0.79,0.36,0.79
Lukas Nmecha,de GER,MF FW,Wolfsburg,20,1998,6,1,131,01.mai,0,0,0,0,0,0,1,0,0.6,0.6,0.0,0.6,7,0,11,0.00,0.00,0.00,0.00,0.00,0.39,0.03,0.42,0.39,0.42
Håvard Nordtveit,no NOR,DF,Hoffenheim,29,1990,11,7,701,07.août,0,1,1,0,0,0,2,0,0.2,0.2,0.4,0.6,2,32,2,0.00,0.13,0.13,0.00,0.13,0.03,0.05,0.07,0.03,0.07
Alexander Nübel,de GER,GK,Schalke 04,22,1996,26,26,2 315,25.juil,0,0,0,0,0,0,1,1,0.0,0.0,0.0,0.0,0,0,0,0.00,0.00,0.00,0.00,0.00,0.00,0.00,0.00,0.00,0.00
Kasim Nuhu,gh GHA,DF,Düsseldorf,24,1995,13,11,999,11.janv,1,0,1,1,0,0,0,0,01.févr,01.févr,0.1,01.mars,8,44,4,0.09,0.00,0.09,0.09,0.09,0.11,0.01,0.12,0.11,0.12
Bastian Oczipka,de GER,DF,Schalke 04,30,1989,34,33,3 015,33.5,0,5,5,0,0,0,4,0,0.3,0.3,02.sept,03.févr,102,136,95,0.00,0.15,0.15,0.00,0.15,0.01,0.09,0.10,0.01,0.10
Álvaro Odriozola,es ESP,DF,Bayern Munich,23,1995,3,2,152,01.juil,0,0,0,0,0,0,0,0,0.0,0.0,0.7,0.7,11,9,30,0.00,0.00,0.00,0.00,0.00,0.00,0.39,0.39,0.00,0.39
Kelvin Ofori,gh GHA,MF,Düsseldorf,18,2001,2,0,37,0.4,0,0,0,0,0,0,0,0,0.0,0.0,0.0,0.0,0,1,9,0.00,0.00,0.00,0.00,0.00,0.07,0.00,0.07,0.07,0.07
Kwasi Okyere Wriedt,gh GHA,FW,Bayern Munich,25,1994,1,0,14,0.2,0,0,0,0,0,0,0,0,0.0,0.0,0.0,0.0,1,0,2,0.00,0.00,0.00,0.00,0.00,0.17,0.00,0.17,0.17,0.17
Cauly Oliveira Souza,br BRA,MF FW,Paderborn 07,23,1995,13,8,717,8.0,2,0,2,2,0,0,0,0,01.mai,01.mai,0.7,02.févr,16,24,34,0.25,0.00,0.25,0.25,0.25,0.19,0.08,0.27,0.19,0.27
Player,Nation,Pos,Squad,Age,Born,MP,Starts,Min,90s,Gls,Ast,G+A,G-PK,PK,PKatt,CrdY,CrdR,xG,npxG,xAG,npxG+xAG,PrgC,PrgP,PrgR,Gls,Ast,G+A,G-PK,G+A-PK,xG,xAG,xG+xAG,npxG,npxG+xAG
Dani Olmo,es ESP,MF FW,RB Leipzig,21,1998,12,9,747,08.mars,3,1,4,3,0,0,1,0,01.août,01.août,01.févr,02.sept,15,46,57,0.36,0.12,0.48,0.36,0.48,0.21,0.14,0.35,0.21,0.35
Karim Onisiwo,at AUT,FW,Mainz 05,27,1992,32,16,1 728,19.févr,4,6,10,4,0,0,3,0,5.0,5.0,04.sept,09.sept,41,29,123,0.21,0.31,0.52,0.21,0.52,0.26,0.25,0.51,0.26,0.51
Willi Orban,hu HUN,DF,RB Leipzig,26,1992,12,9,856,09.mai,1,0,1,1,0,0,0,0,0.7,0.7,0.1,0.8,4,45,0,0.11,0.00,0.11,0.11,0.11,0.08,0.01,0.09,0.08,0.09
Yuya Osako,jp JPN,FW MF,Werder Bremen,29,1990,28,22,1 848,20.mai,8,2,10,8,0,0,2,0,06.sept,06.sept,2.0,08.sept,29,80,135,0.39,0.10,0.49,0.39,0.49,0.33,0.10,0.43,0.33,0.43
Paulo Otávio,br BRA,DF,Wolfsburg,24,1994,5,4,380,04.févr,0,1,1,0,0,0,3,0,0.1,0.1,0.7,0.9,16,12,18,0.00,0.24,0.24,0.00,0.24,0.03,0.18,0.20,0.03,0.20
Reece Oxford,eng ENG,MF,Augsburg,20,1998,12,2,375,04.févr,0,0,0,0,0,0,0,0,0.1,0.1,0.0,0.1,1,4,1,0.00,0.00,0.00,0.00,0.00,0.02,0.00,0.02,0.02,0.02
Levin Öztunalı,de GER,MF FW,Mainz 05,23,1996,27,19,1 778,19.août,4,3,7,4,0,0,1,0,02.mai,02.mai,02.août,05.mars,65,76,118,0.20,0.15,0.35,0.20,0.35,0.12,0.14,0.27,0.12,0.27
Gonçalo Paciência,pt POR,FW,Eint Frankfurt,24,1994,23,15,1 283,14.mars,7,3,10,6,1,1,4,0,08.janv,07.avr,03.juin,11.0,26,38,98,0.49,0.21,0.70,0.42,0.63,0.57,0.25,0.82,0.52,0.77
Exequiel Palacios,ar ARG,MF,Leverkusen,20,1998,3,2,177,2.0,0,0,0,0,0,0,0,0,0.2,0.2,0.1,0.3,3,9,6,0.00,0.00,0.00,0.00,0.00,0.11,0.05,0.16,0.11,0.16
Michael Parensen,de GER,DF,Union Berlin,33,1986,9,6,628,7.0,1,0,1,1,0,0,4,0,0.8,0.8,0.3,01.janv,3,22,2,0.14,0.00,0.14,0.14,0.14,0.12,0.04,0.16,0.12,0.16
Paulinho,br BRA,MF FW,Leverkusen,19,2000,13,1,304,03.avr,3,2,5,3,0,0,1,0,2.0,2.0,01.janv,3.0,18,16,32,0.89,0.59,janv.48,0.89,janv.48,0.58,0.32,0.89,0.58,0.89
Benjamin Pavard,fr FRA,DF,Bayern Munich,23,1996,32,31,2 79,31.0,4,4,8,4,0,0,5,0,2.0,2.0,03.mars,05.mars,70,224,145,0.13,0.13,0.26,0.13,0.26,0.06,0.11,0.17,0.06,0.17
Jiří Pavlenka,cz CZE,GK,Werder Bremen,27,1992,33,33,2 97,33.0,0,0,0,0,0,0,1,0,0.0,0.0,0.0,0.0,0,0,0,0.00,0.00,0.00,0.00,0.00,0.00,0.00,0.00,0.00,0.00
Mads Pedersen,dk DEN,DF,Augsburg,22,1996,2,1,96,01.janv,0,1,1,0,0,0,0,0,0.0,0.0,0.5,0.5,3,1,7,0.00,0.94,0.94,0.00,0.94,0.00,0.49,0.49,0.00,0.49
Peter Pekarík,sk SVK,DF FW,Hertha BSC,32,1986,9,9,769,08.mai,0,0,0,0,0,0,2,0,0.1,0.1,01.mars,01.avr,14,25,38,0.00,0.00,0.00,0.00,0.00,0.01,0.15,0.16,0.01,0.16
Philipp Pentke,de GER,GK,Hoffenheim,34,1985,4,4,360,4.0,0,0,0,0,0,0,1,0,0.0,0.0,0.0,0.0,0,0,0,0.00,0.00,0.00,0.00,0.00,0.00,0.01,0.01,0.00,0.01
Ivan Perišić,hr CRO,FW MF,Bayern Munich,30,1989,22,11,1 206,13.avr,4,3,7,4,0,0,1,0,04.janv,04.janv,3.0,07.janv,55,49,191,0.30,0.22,0.52,0.30,0.52,0.31,0.22,0.53,0.31,0.53
Pavao Pervan,at AUT,GK,Wolfsburg,31,1987,8,8,720,8.0,0,0,0,0,0,0,0,0,0.0,0.0,0.0,0.0,0,0,0,0.00,0.00,0.00,0.00,0.00,0.00,0.00,0.00,0.00,0.00
Nils Petersen,de GER,FW MF,Freiburg,30,1988,34,24,2 436,27.janv,11,2,13,10,1,1,1,0,08.sept,08.janv,4.0,12.janv,12,34,85,0.41,0.07,0.48,0.37,0.44,0.33,0.15,0.48,0.30,0.45
Krzysztof Piątek,pl POL,FW,Hertha BSC,24,1995,15,9,909,10.janv,4,1,5,2,2,2,2,0,5.0,03.avr,01.juin,5.0,10,18,65,0.40,0.10,0.50,0.20,0.30,0.49,0.16,0.65,0.33,0.50
Ronaël Pierre-Gabriel,fr FRA,DF,Mainz 05,21,1998,8,8,574,06.avr,0,1,1,0,0,0,3,0,0.1,0.1,0.5,0.5,6,27,9,0.00,0.16,0.16,0.00,0.16,0.01,0.08,0.09,0.01,0.09
Łukasz Piszczek,pl POL,DF,Dortmund,34,1985,29,25,2 106,23.avr,1,3,4,1,0,0,3,0,0.3,0.3,02.mars,02.juin,30,118,53,0.04,0.13,0.17,0.04,0.17,0.01,0.10,0.11,0.01,0.11
Claudio Pizarro,pe PER,FW MF,Werder Bremen,40,1978,18,0,234,02.juin,0,0,0,0,0,0,0,0,0.5,0.5,0.6,1.0,2,9,21,0.00,0.00,0.00,0.00,0.00,0.18,0.22,0.40,0.18,0.40
Marvin Plattenhardt,de GER,DF,Hertha BSC,27,1992,17,17,1 396,15.mai,0,5,5,0,0,0,1,0,0.3,0.3,02.sept,03.févr,21,42,35,0.00,0.32,0.32,0.00,0.32,0.02,0.19,0.21,0.02,0.21
Alassane Pléa,fr FRA,FW,Gladbach,26,1993,27,25,2 143,23.août,10,10,20,10,0,1,4,2,12.janv,11.mars,07.août,19.janv,61,70,186,0.42,0.42,0.84,0.42,0.84,0.51,0.33,0.84,0.47,0.80
Player,Nation,Pos,Squad,Age,Born,MP,Starts,Min,90s,Gls,Ast,G+A,G-PK,PK,PKatt,CrdY,CrdR,xG,npxG,xAG,npxG+xAG,PrgC,PrgP,PrgR,Gls,Ast,G+A,G-PK,G+A-PK,xG,xAG,xG+xAG,npxG,npxG+xAG
Thomas Pledl,de GER,MF FW,Düsseldorf,25,1994,5,0,91,1.0,0,0,0,0,0,0,0,0,0.1,0.1,0.1,0.1,6,4,13,0.00,0.00,0.00,0.00,0.00,0.05,0.07,0.13,0.05,0.13
Joel Pohjanpalo,fi FIN,MF,Leverkusen,24,1994,1,0,2,0.0,0,0,0,0,0,0,0,0,0.0,0.0,0.0,0.0,0,0,0,0.00,0.00,0.00,0.00,0.00,0.00,0.00,0.00,0.00,0.00
Sebastian Polter,de GER,FW,Union Berlin,28,1991,13,2,330,03.juil,2,2,4,0,2,2,1,1,02.févr,0.6,01.févr,01.août,2,10,36,0.55,0.55,01.sept,0.00,0.55,0.59,0.31,0.90,0.17,0.48
Marin Pongračić,hr CRO,DF,Wolfsburg,21,1997,11,11,928,10.mars,2,0,2,2,0,0,4,1,0.5,0.5,0.0,0.5,10,48,0,0.19,0.00,0.19,0.19,0.19,0.04,0.00,0.04,0.04,0.04
Stefan Posch,at AUT,DF,Hoffenheim,22,1997,28,27,2 308,25.juin,0,0,0,0,0,0,9,0,02.janv,02.janv,01.juil,03.août,28,94,17,0.00,0.00,0.00,0.00,0.00,0.08,0.07,0.15,0.08,0.15
Yussuf Poulsen,dk DEN,FW,RB Leipzig,25,1994,22,12,1 222,13.juin,5,6,11,5,0,0,2,0,06.janv,06.janv,01.août,8.0,23,28,120,0.37,0.44,0.81,0.37,0.81,0.45,0.14,0.59,0.45,0.59
Kai Pröger,de GER,MF FW,Paderborn 07,27,1992,31,22,2 079,23.janv,2,6,8,2,0,0,0,0,03.mars,03.mars,03.sept,07.févr,77,32,129,0.09,0.26,0.35,0.09,0.35,0.14,0.17,0.31,0.14,0.31
Grischa Prömel,de GER,MF,Union Berlin,24,1995,16,9,924,10.mars,0,0,0,0,0,0,2,0,0.6,0.6,0.2,0.8,13,30,22,0.00,0.00,0.00,0.00,0.00,0.06,0.02,0.08,0.06,0.08
Robin Quaison,se SWE,FW MF,Mainz 05,25,1993,32,31,2 602,28.sept,13,2,15,12,1,1,2,0,11.avr,10.juin,3.0,13.juin,36,61,155,0.45,0.07,0.52,0.42,0.48,0.39,0.10,0.50,0.37,0.47
Raffael,br BRA,MF FW,Gladbach,34,1985,8,0,64,0.7,0,0,0,0,0,0,0,0,01.janv,01.janv,0.2,01.mars,1,4,7,0.00,0.00,0.00,0.00,0.00,janv.55,0.25,janv.80,janv.55,janv.80
Benito Raman,be BEL,FW,Schalke 04,24,1994,25,19,1 601,17.août,4,3,7,4,0,0,2,0,04.mars,04.mars,2.0,06.mars,32,22,89,0.22,0.17,0.39,0.22,0.39,0.24,0.11,0.35,0.24,0.35
Tobias Raschl,de GER,MF,Dortmund,19,2000,1,0,26,0.3,0,0,0,0,0,0,0,0,0.0,0.0,0.0,0.0,0,1,0,0.00,0.00,0.00,0.00,0.00,0.00,0.00,0.00,0.00,0.00
Milot Rashica,xk KVX,FW,Werder Bremen,23,1996,28,27,2 264,25.févr,8,5,13,6,2,3,2,0,6.0,03.juil,03.févr,06.sept,81,45,196,0.32,0.20,0.52,0.24,0.44,0.24,0.13,0.37,0.15,0.27
Ante Rebić,hr CRO,FW MF,Eint Frankfurt,25,1993,1,1,90,1.0,0,0,0,0,0,0,1,0,0.1,0.1,0.2,0.3,2,1,4,0.00,0.00,0.00,0.00,0.00,0.12,0.18,0.30,0.12,0.30
Daishawn Redan,nl NED,MF,Hertha BSC,18,2001,1,0,21,0.2,0,0,0,0,0,0,0,0,0.2,0.2,0.0,0.2,1,0,1,0.00,0.00,0.00,0.00,0.00,0.64,0.00,0.64,0.64,0.64
Fabian Reese,de GER,FW,Schalke 04,21,1997,2,1,86,1.0,0,0,0,0,0,0,0,0,0.1,0.1,0.5,0.7,2,1,11,0.00,0.00,0.00,0.00,0.00,0.14,0.56,0.69,0.14,0.69
Ken Reichel,de GER,DF,Union Berlin,32,1986,7,6,533,05.sept,0,0,0,0,0,0,0,0,0.2,0.2,0.5,0.7,8,16,15,0.00,0.00,0.00,0.00,0.00,0.04,0.08,0.12,0.04,0.12
Karim Rekik,nl NED,DF,Hertha BSC,24,1994,14,14,1 26,14.0,1,0,1,1,0,0,0,0,0.6,0.6,0.3,1.0,15,45,5,0.07,0.00,0.07,0.07,0.07,0.05,0.02,0.07,0.05,0.07
Panagiotis Retsos,gr GRE,DF,Leverkusen,20,1998,3,1,114,01.mars,0,0,0,0,0,0,0,0,0.0,0.0,0.0,0.0,3,5,1,0.00,0.00,0.00,0.00,0.00,0.00,0.04,0.04,0.00,0.04
Marco Reus,de GER,MF FW,Dortmund,30,1989,19,18,1 495,16.juin,11,5,16,10,1,1,1,0,08.juil,8.0,02.août,10.juil,37,76,98,0.66,0.30,0.96,0.60,0.90,0.53,0.17,0.69,0.48,0.65
Elvis Rexhbeçaj,xk KVX,MF,Köln,21,1997,13,7,623,06.sept,0,3,3,0,0,0,3,0,01.mai,01.mai,01.août,03.févr,9,25,17,0.00,0.43,0.43,0.00,0.43,0.21,0.25,0.47,0.21,0.47
Gio Reyna,us USA,MF FW,Dortmund,16,2002,15,2,355,03.sept,0,1,1,0,0,0,2,0,0.2,0.2,0.8,1.0,11,17,24,0.00,0.25,0.25,0.00,0.25,0.05,0.20,0.25,0.05,0.25
Lucas Ribeiro,br BRA,MF,Hoffenheim,20,1999,2,0,65,0.7,1,0,1,1,0,0,1,0,0.5,0.5,0.0,0.5,1,0,0,janv.38,0.00,janv.38,janv.38,janv.38,0.65,0.00,0.65,0.65,0.65
Chris Richards,us USA,DF,Bayern Munich,19,2000,1,0,7,0.1,0,0,0,0,0,0,0,0,0.0,0.0,0.0,0.0,0,0,0,0.00,0.00,0.00,0.00,0.00,0.00,0.00,0.00,0.00,0.00
Marco Richter,de GER,MF FW,Augsburg,21,1997,31,26,2 28,25.mars,4,3,7,4,0,0,2,0,04.juil,04.juil,02.avr,07.janv,40,57,110,0.16,0.12,0.28,0.16,0.28,0.19,0.10,0.28,0.19,0.28
Player,Nation,Pos,Squad,Age,Born,MP,Starts,Min,90s,Gls,Ast,G+A,G-PK,PK,PKatt,CrdY,CrdR,xG,npxG,xAG,npxG+xAG,PrgC,PrgP,PrgR,Gls,Ast,G+A,G-PK,G+A-PK,xG,xAG,xG+xAG,npxG,npxG+xAG
Marcel Risse,de GER,MF FW,Köln,29,1989,6,0,132,01.mai,0,2,2,0,0,0,1,0,0.1,0.1,0.9,1.0,4,4,9,0.00,janv.36,janv.36,0.00,janv.36,0.04,0.62,0.66,0.04,0.66
Marlon Ritter,de GER,MF,Paderborn 07,24,1994,11,3,435,04.août,0,1,1,0,0,0,3,0,0.4,0.4,0.7,01.janv,6,19,15,0.00,0.21,0.21,0.00,0.21,0.09,0.14,0.23,0.09,0.23
Sebastian Rode,de GER,MF,Eint Frankfurt,28,1990,29,25,1 936,21.mai,3,3,6,3,0,0,6,0,0.7,0.7,01.sept,02.juin,37,129,41,0.14,0.14,0.28,0.14,0.28,0.03,0.09,0.12,0.03,0.12
Jérôme Roussillon,fr FRA,DF,Wolfsburg,26,1993,29,27,2 364,26.mars,1,1,2,1,0,0,4,0,1.0,1.0,02.août,03.août,77,61,120,0.04,0.04,0.08,0.04,0.08,0.04,0.11,0.14,0.04,0.14
Sebastian Rudy,de GER,MF DF,Hoffenheim,29,1990,32,31,2 734,30.avr,1,3,4,1,0,0,9,0,01.janv,01.janv,05.févr,06.avr,35,162,72,0.03,0.10,0.13,0.03,0.13,0.04,0.17,0.21,0.04,0.21
Lukas Rupp,de GER,MF,Hoffenheim,28,1991,7,4,340,03.août,0,0,0,0,0,0,0,0,0.2,0.2,0.1,0.3,7,7,18,0.00,0.00,0.00,0.00,0.00,0.06,0.02,0.08,0.06,0.08
Julian Ryerson,no NOR,DF MF,Union Berlin,21,1997,14,3,368,04.janv,0,0,0,0,0,0,2,0,0.8,0.8,0.1,0.9,10,7,9,0.00,0.00,0.00,0.00,0.00,0.19,0.03,0.22,0.19,0.22
Frederik Rønnow,dk DEN,GK,Eint Frankfurt,26,1992,9,9,810,9.0,0,0,0,0,0,0,0,0,0.0,0.0,0.0,0.0,0,0,0,0.00,0.00,0.00,0.00,0.00,0.00,0.00,0.00,0.00,0.00
Victor Sá,br BRA,MF FW,Wolfsburg,25,1994,32,18,1 629,18.janv,2,2,4,2,0,0,4,0,03.sept,03.sept,02.mai,06.avr,48,39,100,0.11,0.11,0.22,0.11,0.22,0.22,0.14,0.35,0.22,0.35
Abdelhamid Sabiri,ma MAR,MF,Paderborn 07,22,1996,24,9,1 048,11.juin,4,1,5,3,1,1,6,0,03.janv,02.mars,0.3,02.juin,15,42,16,0.34,0.09,0.43,0.26,0.34,0.26,0.02,0.29,0.20,0.22
Marcel Sabitzer,at AUT,MF FW,RB Leipzig,25,1994,32,30,2 499,27.août,9,7,16,9,0,0,4,0,07.févr,07.févr,05.juil,12.sept,68,175,169,0.32,0.25,0.58,0.32,0.58,0.26,0.21,0.46,0.26,0.46
Nuri Şahin,tr TUR,MF,Werder Bremen,30,1988,16,16,1 249,13.sept,0,3,3,0,0,0,5,1,0.5,0.5,02.mai,3.0,9,75,14,0.00,0.22,0.22,0.00,0.22,0.04,0.18,0.21,0.04,0.21
Roland Sallai,hu HUN,MF FW,Freiburg,22,1997,21,15,1 162,12.sept,2,0,2,2,0,0,2,0,03.janv,03.janv,1.0,04.févr,47,34,89,0.15,0.00,0.15,0.15,0.15,0.24,0.08,0.32,0.24,0.32
Lazar Samardzic,rs SRB,MF FW,Hertha BSC,17,2002,3,0,34,0.4,0,0,0,0,0,0,0,0,0.0,0.0,0.0,0.0,2,1,0,0.00,0.00,0.00,0.00,0.00,0.00,0.00,0.00,0.00,0.00
Diadie Samassékou,ml MLI,MF,Hoffenheim,23,1996,21,16,1 31,14.juin,0,1,1,0,0,0,4,0,0.2,0.2,0.9,01.janv,6,50,23,0.00,0.07,0.07,0.00,0.07,0.02,0.06,0.08,0.02,0.08
Renato Sanches,pt POR,MF,Bayern Munich,21,1997,1,0,6,0.1,0,0,0,0,0,0,0,0,0.0,0.0,0.0,0.0,0,0,1,0.00,0.00,0.00,0.00,0.00,0.00,0.00,0.00,0.00,0.00
Jadon Sancho,eng ENG,FW MF,Dortmund,19,2000,32,25,2 287,25.avr,17,16,33,17,0,0,2,0,10.janv,10.janv,10.août,20.sept,135,168,298,0.67,0.63,janv.30,0.67,janv.30,0.40,0.42,0.82,0.40,0.82
Salif Sané,sn SEN,DF,Schalke 04,28,1990,15,13,1 126,12.mai,2,1,3,2,0,0,3,0,0.9,0.9,0.6,01.avr,11,52,10,0.16,0.08,0.24,0.16,0.24,0.07,0.05,0.11,0.07,0.11
Marcelo Saracchi,uy URU,DF,RB Leipzig,21,1998,4,1,179,2.0,1,0,1,1,0,0,1,0,0.3,0.3,0.4,0.7,6,8,7,0.50,0.00,0.50,0.50,0.50,0.17,0.21,0.38,0.17,0.38
Josh Sargent,us USA,FW,Werder Bremen,19,2000,28,15,1 416,15.juil,4,2,6,4,0,0,2,0,04.févr,04.févr,01.mai,05.juin,17,21,79,0.25,0.13,0.38,0.25,0.38,0.26,0.09,0.36,0.26,0.36
Louis Schaub,at AUT,MF,Köln,24,1994,9,7,623,06.sept,1,1,2,1,0,0,0,0,1.0,1.0,01.janv,02.janv,23,29,49,0.14,0.14,0.29,0.14,0.29,0.15,0.16,0.31,0.15,0.31
Patrik Schick,cz CZE,FW,RB Leipzig,23,1996,22,15,1 298,14.avr,10,2,12,10,0,0,3,0,07.févr,07.févr,02.juin,09.août,14,20,118,0.69,0.14,0.83,0.69,0.83,0.50,0.18,0.68,0.50,0.68
Julian Schieber,de GER,FW,Augsburg,30,1989,2,0,43,0.5,0,0,0,0,0,0,1,0,0.1,0.1,0.0,0.1,2,1,2,0.00,0.00,0.00,0.00,0.00,0.13,0.00,0.13,0.13,0.13
Kingsley Schindler,gh GHA,FW MF,Köln,26,1993,13,9,849,09.avr,0,2,2,0,0,0,0,0,01.janv,01.janv,01.mars,02.mars,18,25,79,0.00,0.21,0.21,0.00,0.21,0.11,0.14,0.25,0.11,0.25
Xaver Schlager,at AUT,MF,Wolfsburg,21,1997,23,21,1 719,19.janv,1,2,3,1,0,0,4,0,01.avr,01.avr,02.févr,03.juil,39,78,41,0.05,0.10,0.16,0.05,0.16,0.08,0.12,0.19,0.08,0.19
Player,Nation,Pos,Squad,Age,Born,MP,Starts,Min,90s,Gls,Ast,G+A,G-PK,PK,PKatt,CrdY,CrdR,xG,npxG,xAG,npxG+xAG,PrgC,PrgP,PrgR,Gls,Ast,G+A,G-PK,G+A-PK,xG,xAG,xG+xAG,npxG,npxG+xAG
Keven Schlotterbeck,de GER,DF,Union Berlin,22,1997,23,23,1 939,21.mai,0,0,0,0,0,0,6,1,0.9,0.9,0.0,0.9,5,40,1,0.00,0.00,0.00,0.00,0.00,0.04,0.00,0.04,0.04,0.04
Nico Schlotterbeck,de GER,DF,Freiburg,19,1999,13,4,373,04.janv,0,0,0,0,0,0,0,0,0.2,0.2,0.2,0.4,6,13,3,0.00,0.00,0.00,0.00,0.00,0.06,0.04,0.10,0.06,0.10
Marcel Schmelzer,de GER,DF,Dortmund,31,1988,7,0,66,0.7,1,1,2,1,0,0,0,0,0.4,0.4,0.1,0.5,1,5,4,janv.36,janv.36,févr.73,janv.36,févr.73,0.50,0.19,0.69,0.50,0.69
Jonathan Schmid,fr FRA,DF,Freiburg,29,1990,33,31,2 836,31.mai,5,1,6,5,0,0,1,0,03.mars,03.mars,02.mai,05.août,51,128,142,0.16,0.03,0.19,0.16,0.19,0.10,0.08,0.18,0.10,0.18
Manuel Schmiedebach,de GER,MF,Union Berlin,30,1988,5,2,179,2.0,0,0,0,0,0,0,0,0,0.0,0.0,0.0,0.0,0,7,0,0.00,0.00,0.00,0.00,0.00,0.00,0.00,0.00,0.00,0.00
Benno Schmitz,de GER,DF,Köln,24,1994,18,13,1 158,12.sept,0,0,0,0,0,0,1,0,0.1,0.1,01.janv,01.janv,19,84,47,0.00,0.00,0.00,0.00,0.00,0.01,0.08,0.09,0.01,0.09
Sebastian Schonlau,de GER,DF,Paderborn 07,24,1994,23,23,2 07,23.0,2,0,2,2,0,0,2,0,01.juin,01.juin,0.2,01.août,14,88,3,0.09,0.00,0.09,0.09,0.09,0.07,0.01,0.08,0.07,0.08
Alessandro Schöpf,at AUT,MF,Schalke 04,25,1994,22,15,1 432,15.sept,0,1,1,0,0,0,3,0,01.janv,01.janv,01.févr,02.mars,34,50,85,0.00,0.06,0.06,0.00,0.06,0.07,0.08,0.14,0.07,0.14
Markus Schubert,de GER,GK,Schalke 04,21,1998,9,8,742,08.févr,0,0,0,0,0,0,0,0,0.0,0.0,0.0,0.0,0,0,0,0.00,0.00,0.00,0.00,0.00,0.00,0.00,0.00,0.00,0.00
Nico Schulz,de GER,DF MF,Dortmund,26,1993,11,7,594,06.juin,1,0,1,1,0,0,0,0,0.4,0.4,0.1,0.5,24,32,60,0.15,0.00,0.15,0.15,0.15,0.06,0.02,0.08,0.06,0.08
Alexander Schwolow,de GER,GK,Freiburg,27,1992,24,24,2 091,23.févr,0,0,0,0,0,0,0,0,0.0,0.0,0.0,0.0,0,1,0,0.00,0.00,0.00,0.00,0.00,0.00,0.00,0.00,0.00,0.00
Davie Selke,de GER,FW,Hertha BSC,24,1995,19,10,960,10.juil,1,1,2,1,0,0,3,0,2.0,2.0,0.7,02.juin,16,14,58,0.09,0.09,0.19,0.09,0.19,0.18,0.06,0.25,0.18,0.25
Davie Selke,de GER,FW,Werder Bremen,24,1995,11,5,463,05.janv,0,0,0,0,0,0,3,0,01.avr,01.avr,0.2,01.juin,8,8,44,0.00,0.00,0.00,0.00,0.00,0.27,0.04,0.30,0.27,0.30
Suat Serdar,de GER,MF,Schalke 04,22,1997,20,19,1 599,17.août,7,0,7,7,0,0,2,0,03.janv,03.janv,1.0,04.janv,32,65,52,0.39,0.00,0.39,0.39,0.39,0.18,0.06,0.23,0.18,0.23
Khiry Shelton,us USA,FW,Paderborn 07,26,1993,2,0,34,0.4,0,0,0,0,0,0,0,0,0.0,0.0,0.0,0.0,0,0,1,0.00,0.00,0.00,0.00,0.00,0.00,0.00,0.00,0.00,0.00
André Silva,pt POR,FW,Eint Frankfurt,23,1995,25,16,1 575,17.mai,12,3,15,11,1,1,1,0,10.août,10.0,04.août,14.août,43,38,141,0.69,0.17,0.86,0.63,0.80,0.62,0.28,0.89,0.57,0.85
Sarpreet Singh,nz NZL,FW MF,Bayern Munich,20,1999,2,1,72,0.8,0,0,0,0,0,0,0,0,0.1,0.1,0.0,0.1,1,5,5,0.00,0.00,0.00,0.00,0.00,0.11,0.00,0.11,0.11,0.11
Daley Sinkgraven,nl NED,DF MF,Leverkusen,24,1995,13,11,909,10.janv,0,1,1,0,0,0,1,0,0.0,0.0,0.4,0.4,18,41,29,0.00,0.10,0.10,0.00,0.10,0.00,0.04,0.04,0.00,0.04
Ellyes Skhiri,tn TUN,MF,Köln,24,1995,32,31,2 672,29.juil,1,3,4,1,0,0,4,0,02.févr,02.févr,02.mai,04.juil,27,154,49,0.03,0.10,0.13,0.03,0.13,0.07,0.08,0.16,0.07,0.16
Robert Skov,dk DEN,DF FW,Hoffenheim,23,1996,31,29,2 608,29.0,4,7,11,4,0,0,4,0,05.mai,05.mai,06.févr,11.juil,112,96,159,0.14,0.24,0.38,0.14,0.38,0.19,0.22,0.40,0.19,0.40
Steven Skrzybski,de GER,FW MF,Düsseldorf,26,1992,11,6,530,05.sept,1,2,3,1,0,0,0,0,01.avr,01.avr,0.3,01.juil,10,17,48,0.17,0.34,0.51,0.17,0.51,0.24,0.05,0.29,0.24,0.29
Dennis Smarsch,de GER,GK,Hertha BSC,20,1999,2,1,151,01.juil,0,0,0,0,0,0,0,0,0.0,0.0,0.0,0.0,0,0,0,0.00,0.00,0.00,0.00,0.00,0.00,0.00,0.00,0.00,0.00
Lasse Sobiech,de GER,DF,Köln,28,1991,1,1,90,1.0,0,0,0,0,0,0,1,0,0.0,0.0,0.0,0.0,0,1,1,0.00,0.00,0.00,0.00,0.00,0.00,0.05,0.05,0.00,0.05
Marcel Sobottka,de GER,MF,Düsseldorf,25,1994,18,8,701,07.août,0,1,1,0,0,0,2,0,0.3,0.3,0.3,0.6,2,16,10,0.00,0.13,0.13,0.00,0.13,0.04,0.03,0.07,0.04,0.07
Yann Sommer,ch SUI,GK,Gladbach,30,1988,34,34,3 06,34.0,0,0,0,0,0,0,0,0,0.0,0.0,0.0,0.0,0,0,0,0.00,0.00,0.00,0.00,0.00,0.00,0.00,0.00,0.00,0.00
Player,Nation,Pos,Squad,Age,Born,MP,Starts,Min,90s,Gls,Ast,G+A,G-PK,PK,PKatt,CrdY,CrdR,xG,npxG,xAG,npxG+xAG,PrgC,PrgP,PrgR,Gls,Ast,G+A,G-PK,G+A-PK,xG,xAG,xG+xAG,npxG,npxG+xAG
Djibril Sow,ch SUI,MF,Eint Frankfurt,22,1997,29,18,1 746,19.avr,1,3,4,1,0,0,2,0,01.juil,01.juil,02.juil,04.avr,37,95,61,0.05,0.15,0.21,0.05,0.21,0.09,0.14,0.23,0.09,0.23
Dennis Srbeny,de GER,FW MF,Paderborn 07,25,1994,17,14,1 119,12.avr,5,1,6,5,0,0,2,0,02.sept,02.sept,0.5,03.avr,14,27,42,0.40,0.08,0.48,0.40,0.48,0.23,0.04,0.28,0.23,0.28
Jerry St. Juste,nl NED,DF,Mainz 05,22,1996,25,24,2 113,23.mai,2,2,4,2,0,0,7,0,0.7,0.7,01.févr,01.sept,12,56,5,0.09,0.09,0.17,0.09,0.17,0.03,0.05,0.08,0.03,0.08
Kostas Stafylidis,gr GRE,DF,Hoffenheim,25,1993,7,4,398,04.avr,1,0,1,1,0,0,0,0,0.1,0.1,0.3,0.4,4,15,17,0.23,0.00,0.23,0.23,0.23,0.02,0.07,0.09,0.02,0.09
Benjamin Stambouli,fr FRA,DF,Schalke 04,28,1990,9,9,810,9.0,0,0,0,0,0,0,2,0,0.0,0.0,0.0,0.0,9,37,2,0.00,0.00,0.00,0.00,0.00,0.00,0.00,0.00,0.00,0.00
Niklas Stark,de GER,DF,Hertha BSC,24,1995,21,20,1 731,19.févr,1,0,1,1,0,0,8,0,0.7,0.7,0.6,01.mars,11,52,3,0.05,0.00,0.05,0.05,0.05,0.04,0.03,0.07,0.04,0.07
Renato Steffen,ch SUI,MF FW,Wolfsburg,27,1991,27,19,1 585,17.juin,6,3,9,6,0,0,6,0,04.mai,04.mai,02.avr,06.sept,43,68,109,0.34,0.17,0.51,0.34,0.51,0.25,0.14,0.39,0.25,0.39
Zack Steffen,us USA,GK,Düsseldorf,24,1995,17,17,1 53,17.0,0,0,0,0,0,0,0,0,0.0,0.0,0.1,0.1,0,0,0,0.00,0.00,0.00,0.00,0.00,0.00,0.00,0.00,0.00,0.00
Lars Stindl,de GER,MF FW,Gladbach,30,1988,25,14,1 432,15.sept,9,3,12,7,2,2,4,0,07.févr,05.juin,04.juin,10.mars,15,63,94,0.57,0.19,0.75,0.44,0.63,0.45,0.29,0.74,0.35,0.65
Kevin Stöger,at AUT,MF,Düsseldorf,25,1993,17,14,1 268,14.janv,0,4,4,0,0,0,3,0,0.8,0.8,02.févr,03.janv,21,101,42,0.00,0.28,0.28,0.00,0.28,0.06,0.16,0.22,0.06,0.22
Tobias Strobl,de GER,MF DF,Gladbach,29,1990,10,6,615,06.août,0,0,0,0,0,0,1,0,0.0,0.0,0.3,0.3,1,34,3,0.00,0.00,0.00,0.00,0.00,0.01,0.04,0.05,0.01,0.05
Christian Strohdiek,de GER,DF,Paderborn 07,31,1988,16,16,1 363,15.janv,1,2,3,1,0,0,3,0,1.0,1.0,02.janv,03.janv,5,45,2,0.07,0.13,0.20,0.07,0.20,0.07,0.14,0.21,0.07,0.21
Neven Subotić,rs SRB,DF,Union Berlin,30,1988,23,23,1 965,21.août,1,0,1,1,0,0,3,1,01.févr,01.févr,0.5,01.juil,12,72,5,0.05,0.00,0.05,0.05,0.05,0.06,0.02,0.08,0.06,0.08
Marek Suchý,cz CZE,DF,Augsburg,31,1988,7,4,397,04.avr,0,0,0,0,0,0,1,0,0.1,0.1,0.0,0.1,1,5,0,0.00,0.00,0.00,0.00,0.00,0.03,0.00,0.03,0.03,0.03
Niklas Süle,de GER,DF,Bayern Munich,23,1995,8,8,641,07.janv,0,1,1,0,0,0,1,0,0.6,0.6,0.6,01.janv,5,34,0,0.00,0.14,0.14,0.00,0.14,0.08,0.08,0.16,0.08,0.16
Markus Suttner,at AUT,DF,Düsseldorf,32,1987,21,16,1 339,14.sept,0,1,1,0,0,0,3,0,0.6,0.6,0.8,01.avr,18,90,61,0.00,0.07,0.07,0.00,0.07,0.04,0.06,0.10,0.04,0.10
Ádám Szalai,hu HUN,FW,Mainz 05,31,1987,27,12,1 147,12.juil,1,1,2,1,0,0,1,0,04.mai,04.mai,01.mars,05.août,10,23,69,0.08,0.08,0.16,0.08,0.16,0.36,0.10,0.45,0.36,0.45
Jonathan Tah,de GER,DF,Leverkusen,23,1996,25,22,2 092,23.févr,0,1,1,0,0,0,4,1,0.3,0.3,0.4,0.7,14,132,2,0.00,0.04,0.04,0.00,0.04,0.01,0.02,0.03,0.01,0.03
Edmond Tapsoba,bf BFA,DF,Leverkusen,20,1999,14,12,1 058,11.août,0,0,0,0,0,0,2,0,0.3,0.3,0.1,0.3,4,37,0,0.00,0.00,0.00,0.00,0.00,0.02,0.01,0.03,0.02,0.03
Georg Teigl,at AUT,DF MF,Augsburg,28,1991,3,1,111,01.févr,0,0,0,0,0,0,0,0,0.1,0.1,0.0,0.1,1,3,1,0.00,0.00,0.00,0.00,0.00,0.08,0.00,0.08,0.08,0.08
Bernard Tekpetey,gh GHA,FW MF,Düsseldorf,21,1997,9,5,448,5.0,0,1,1,0,0,0,4,0,0.4,0.4,0.3,0.7,21,18,35,0.00,0.20,0.20,0.00,0.20,0.08,0.05,0.14,0.08,0.14
Lino Tempelmann,de GER,MF,Freiburg,20,1999,1,1,33,0.4,0,0,0,0,0,0,0,0,0.0,0.0,0.0,0.0,1,1,0,0.00,0.00,0.00,0.00,0.00,0.08,0.00,0.08,0.08,0.08
Simon Terodde,de GER,FW,Köln,31,1988,23,7,813,9.0,3,1,4,3,0,0,4,0,06.janv,06.janv,1.0,07.févr,9,9,45,0.33,0.11,0.44,0.33,0.44,0.68,0.11,0.79,0.68,0.79
Malick Thiaw,de GER,DF,Schalke 04,17,2001,4,0,76,0.8,0,0,0,0,0,0,0,0,0.0,0.0,0.0,0.0,2,3,0,0.00,0.00,0.00,0.00,0.00,0.03,0.00,0.03,0.03,0.03
Niclas Thiede,de GER,GK,Freiburg,20,1999,1,0,69,0.8,0,0,0,0,0,0,0,0,0.0,0.0,0.0,0.0,0,0,0,0.00,0.00,0.00,0.00,0.00,0.00,0.00,0.00,0.00,0.00
Player,Nation,Pos,Squad,Age,Born,MP,Starts,Min,90s,Gls,Ast,G+A,G-PK,PK,PKatt,CrdY,CrdR,xG,npxG,xAG,npxG+xAG,PrgC,PrgP,PrgR,Gls,Ast,G+A,G-PK,G+A-PK,xG,xAG,xG+xAG,npxG,npxG+xAG
Jan Thielmann,de GER,FW MF,Köln,17,2002,12,7,554,06.févr,0,1,1,0,0,0,2,0,0.3,0.3,0.1,0.5,9,16,37,0.00,0.16,0.16,0.00,0.16,0.05,0.02,0.07,0.05,0.07
Erik Thommy,de GER,MF FW,Düsseldorf,24,1994,34,25,2 259,25.janv,6,4,10,6,0,0,3,0,04.juin,04.juin,04.sept,09.mai,108,90,177,0.24,0.16,0.40,0.24,0.40,0.18,0.20,0.38,0.18,0.38
Marcus Thuram,fr FRA,FW,Gladbach,21,1997,31,28,2 202,24.mai,10,8,18,10,0,0,3,0,10.mars,10.mars,07.mai,17.juil,96,52,217,0.41,0.33,0.74,0.41,0.74,0.42,0.31,0.72,0.42,0.72
Marcel Tisserand,cd COD,DF,Wolfsburg,26,1993,15,14,1 204,13.avr,1,1,2,1,0,0,8,1,0.8,0.8,0.5,01.mars,19,74,0,0.07,0.07,0.15,0.07,0.15,0.06,0.04,0.09,0.06,0.09
Jean-Clair Todibo,fr FRA,DF,Schalke 04,19,1999,8,4,365,04.janv,0,0,0,0,0,0,2,0,0.3,0.3,0.0,0.3,6,18,2,0.00,0.00,0.00,0.00,0.00,0.07,0.01,0.07,0.07,0.07
Corentin Tolisso,fr FRA,MF,Bayern Munich,24,1994,13,7,638,07.janv,1,2,3,1,0,0,0,0,01.mars,01.mars,01.juin,02.sept,13,87,41,0.14,0.28,0.42,0.14,0.42,0.18,0.23,0.41,0.18,0.41
Ömer Toprak,tr TUR,DF,Werder Bremen,30,1989,10,9,715,07.sept,0,0,0,0,0,0,2,0,0.2,0.2,0.1,0.3,8,38,5,0.00,0.00,0.00,0.00,0.00,0.03,0.01,0.04,0.03,0.04
Lucas Torró,es ESP,MF,Eint Frankfurt,25,1994,7,4,331,03.juil,0,0,0,0,0,0,5,1,0.2,0.2,0.0,0.3,4,14,4,0.00,0.00,0.00,0.00,0.00,0.06,0.01,0.07,0.06,0.07
Jordan Torunarigha,de GER,DF,Hertha BSC,21,1997,18,16,1 462,16.févr,1,1,2,1,0,0,3,0,0.6,0.6,0.7,01.mars,15,42,8,0.06,0.06,0.12,0.06,0.12,0.03,0.05,0.08,0.03,0.08
Almamy Touré,ml MLI,DF,Eint Frankfurt,23,1996,19,18,1 491,16.juin,1,3,4,1,0,0,2,0,01.sept,01.sept,02.févr,04.janv,32,71,70,0.06,0.18,0.24,0.06,0.24,0.12,0.13,0.25,0.12,0.25
Ibrahima Traoré,gn GUI,FW MF,Gladbach,31,1988,7,1,152,01.juil,0,1,1,0,0,0,0,0,0.6,0.6,0.4,1.0,8,9,18,0.00,0.59,0.59,0.00,0.59,0.34,0.24,0.58,0.34,0.58
Kevin Trapp,de GER,GK,Eint Frankfurt,29,1990,22,22,1 98,22.0,0,0,0,0,0,0,1,0,0.0,0.0,0.0,0.0,0,0,0,0.00,0.00,0.00,0.00,0.00,0.00,0.00,0.00,0.00,0.00
Christopher Trimmel,at AUT,DF MF,Union Berlin,32,1987,32,32,2 863,31.août,0,8,8,0,0,0,6,0,0.1,0.1,06.mars,06.avr,47,85,69,0.00,0.25,0.25,0.00,0.25,0.00,0.20,0.20,0.00,0.20
Anthony Ujah,ng NGA,FW MF,Union Berlin,28,1990,24,10,949,10.mai,3,2,5,3,0,0,0,0,02.juin,02.juin,01.avr,4.0,12,22,65,0.28,0.19,0.47,0.28,0.47,0.25,0.13,0.38,0.25,0.38
Sven Ulreich,de GER,GK,Bayern Munich,30,1988,1,1,90,1.0,0,0,0,0,0,0,1,0,0.0,0.0,0.0,0.0,0,0,0,0.00,0.00,0.00,0.00,0.00,0.00,0.00,0.00,0.00,0.00
Dayot Upamecano,fr FRA,DF,RB Leipzig,20,1998,28,27,2 357,26.févr,0,1,1,0,0,0,8,1,01.sept,01.sept,01.janv,3.0,38,186,6,0.00,0.04,0.04,0.00,0.04,0.07,0.04,0.12,0.07,0.12
Mark Uth,de GER,MF FW,Köln,27,1991,15,14,1 162,12.sept,5,5,10,4,1,3,5,0,06.mai,04.juil,04.mars,9.0,24,45,67,0.39,0.39,0.77,0.31,0.70,0.51,0.33,0.84,0.36,0.70
Mark Uth,de GER,FW MF,Schalke 04,27,1991,8,4,353,03.sept,0,0,0,0,0,0,0,0,0.9,0.9,0.2,01.janv,3,2,23,0.00,0.00,0.00,0.00,0.00,0.23,0.05,0.28,0.23,0.28
Ruben Vargas,ch SUI,FW MF,Augsburg,20,1998,33,29,2 53,28.janv,6,1,7,6,0,0,8,0,06.févr,06.janv,03.juin,09.août,91,69,152,0.21,0.04,0.25,0.21,0.25,0.22,0.13,0.35,0.22,0.35
Sebastian Vasiliadis,gr GRE,MF,Paderborn 07,21,1997,32,32,2 808,31.2,1,1,2,1,0,0,10,0,01.juin,01.juin,02.mai,04.janv,48,100,53,0.03,0.03,0.06,0.03,0.06,0.05,0.08,0.13,0.05,0.13
Miloš Veljković,rs SRB,DF,Werder Bremen,23,1995,24,23,2 051,22.août,0,1,1,0,0,0,7,0,0.3,0.3,0.9,01.févr,23,108,6,0.00,0.04,0.04,0.00,0.04,0.01,0.04,0.05,0.01,0.05
Birger Verstraete,be BEL,MF,Köln,25,1994,9,7,665,07.avr,0,1,1,0,0,0,3,0,0.4,0.4,0.8,01.févr,4,27,7,0.00,0.14,0.14,0.00,0.14,0.05,0.11,0.16,0.05,0.16
Kevin Vogt,de GER,DF,Hoffenheim,27,1991,11,11,960,10.juil,0,0,0,0,0,0,2,0,0.0,0.0,0.1,0.1,0,37,0,0.00,0.00,0.00,0.00,0.00,0.00,0.01,0.01,0.00,0.01
Kevin Vogt,de GER,DF MF,Werder Bremen,27,1991,14,14,1 105,12.mars,0,0,0,0,0,0,3,0,0.1,0.1,0.4,0.5,8,42,3,0.00,0.00,0.00,0.00,0.00,0.01,0.03,0.04,0.01,0.04
Kevin Volland,de GER,FW,Leverkusen,27,1992,27,24,2 047,22.juil,10,7,17,10,0,0,3,0,11.mai,11.mai,05.août,17.mars,39,57,175,0.44,0.31,0.75,0.44,0.75,0.50,0.25,0.76,0.50,0.76
Player,Nation,Pos,Squad,Age,Born,MP,Starts,Min,90s,Gls,Ast,G+A,G-PK,PK,PKatt,CrdY,CrdR,xG,npxG,xAG,npxG+xAG,PrgC,PrgP,PrgR,Gls,Ast,G+A,G-PK,G+A-PK,xG,xAG,xG+xAG,npxG,npxG+xAG
Luca Waldschmidt,de GER,FW MF,Freiburg,23,1996,23,14,1 268,14.janv,7,1,8,4,3,3,3,0,04.sept,02.mai,01.avr,03.sept,17,36,71,0.50,0.07,0.57,0.28,0.35,0.35,0.10,0.44,0.18,0.27
Wout Weghorst,nl NED,FW,Wolfsburg,26,1992,32,30,2 739,30.avr,16,3,19,12,4,4,7,0,18.janv,15.0,02.avr,17.avr,22,71,173,0.53,0.10,0.62,0.39,0.49,0.60,0.08,0.67,0.49,0.57
Julian Weigl,de GER,MF DF,Dortmund,23,1995,13,12,1 019,11.mars,1,0,1,1,0,0,4,0,0.3,0.3,0.1,0.4,11,64,5,0.09,0.00,0.09,0.09,0.09,0.02,0.01,0.04,0.02,0.04
Mitchell Weiser,de GER,DF MF,Leverkusen,25,1994,18,14,1 172,13.0,1,0,1,1,0,0,3,0,01.mai,01.mai,0.3,01.sept,39,57,54,0.08,0.00,0.08,0.08,0.08,0.12,0.03,0.14,0.12,0.14
Wendell,br BRA,DF MF,Leverkusen,26,1993,24,21,1 903,21.janv,0,2,2,0,0,0,6,1,0.3,0.3,01.févr,01.avr,39,116,43,0.00,0.09,0.09,0.00,0.09,0.01,0.05,0.07,0.01,0.07
Oscar Wendt,se SWE,DF,Gladbach,33,1985,25,18,1 68,18.juil,2,2,4,2,0,0,3,0,01.févr,01.févr,02.mars,03.mai,18,62,57,0.11,0.11,0.21,0.11,0.21,0.06,0.12,0.19,0.06,0.19
Timo Werner,de GER,FW,RB Leipzig,23,1996,34,33,2 795,31.janv,28,8,36,25,3,3,4,0,21.févr,18.sept,09.mai,28.avr,156,102,365,0.90,0.26,janv.16,0.81,01.juin,0.68,0.31,0.99,0.61,0.91
Felix Wiedwald,de GER,GK,Eint Frankfurt,29,1990,3,3,270,3.0,0,0,0,0,0,0,0,0,0.0,0.0,0.0,0.0,0,0,0,0.00,0.00,0.00,0.00,0.00,0.00,0.00,0.00,0.00,0.00
William,br BRA,DF,Wolfsburg,24,1995,16,16,1 364,15.févr,1,1,2,1,0,0,0,0,01.juin,01.juin,01.sept,03.juin,41,73,79,0.07,0.07,0.13,0.07,0.13,0.11,0.13,0.24,0.11,0.24
Florian Wirtz,de GER,FW,Leverkusen,16,2003,7,3,367,04.janv,1,0,1,1,0,0,0,0,0.2,0.2,0.5,0.8,12,10,37,0.25,0.00,0.25,0.25,0.25,0.05,0.13,0.19,0.05,0.19
Axel Witsel,be BEL,MF,Dortmund,30,1989,28,25,2 245,24.sept,4,5,9,4,0,0,4,0,02.juin,02.juin,03.avr,6.0,26,148,35,0.16,0.20,0.36,0.16,0.36,0.10,0.14,0.24,0.10,0.24
Hannes Wolf,at AUT,FW MF,RB Leipzig,20,1999,5,0,58,0.6,0,0,0,0,0,0,0,0,0.0,0.0,0.0,0.0,0,3,8,0.00,0.00,0.00,0.00,0.00,0.00,0.07,0.07,0.00,0.07
Marius Wolf,de GER,FW MF,Hertha BSC,24,1995,21,15,1 41,15.juil,1,3,4,1,0,0,2,1,01.janv,01.janv,02.mars,03.avr,44,65,96,0.06,0.19,0.26,0.06,0.26,0.07,0.14,0.22,0.07,0.22
Nick Woltemade,de GER,FW MF,Werder Bremen,17,2002,5,1,92,1.0,0,0,0,0,0,0,0,0,0.0,0.0,0.1,0.1,1,2,5,0.00,0.00,0.00,0.00,0.00,0.03,0.09,0.11,0.03,0.11
Dan-Axel Zagadou,fr FRA,DF,Dortmund,20,1999,15,10,983,10.sept,1,1,2,1,0,0,1,0,0.3,0.3,0.6,0.9,7,51,3,0.09,0.09,0.18,0.09,0.18,0.03,0.06,0.09,0.03,0.09
Denis Zakaria,ch SUI,MF DF,Gladbach,22,1996,23,22,1 947,21.juin,2,2,4,2,0,0,7,0,02.mars,02.mars,01.juin,03.sept,43,91,19,0.09,0.09,0.18,0.09,0.18,0.11,0.08,0.18,0.11,0.18
Robin Zentner,de GER,GK,Mainz 05,24,1994,22,22,1 935,21.mai,0,0,0,0,0,0,1,0,0.0,0.0,0.1,0.1,0,3,0,0.00,0.00,0.00,0.00,0.00,0.00,0.00,0.00,0.00,0.00
Jean Zimmer,de GER,DF FW,Düsseldorf,25,1993,17,8,719,8.0,0,0,0,0,0,0,2,0,0.5,0.5,01.janv,01.juin,17,22,49,0.00,0.00,0.00,0.00,0.00,0.06,0.14,0.20,0.06,0.20
Matthias Zimmermann,de GER,DF MF,Düsseldorf,27,1992,34,33,2 923,32.5,1,2,3,1,0,0,4,0,0.6,0.6,02.févr,02.août,59,193,118,0.03,0.06,0.09,0.03,0.09,0.02,0.07,0.09,0.02,0.09
Leopold Zingerle,de GER,GK,Paderborn 07,25,1994,28,28,2 52,28.0,0,0,0,0,0,0,1,0,0.0,0.0,0.0,0.0,0,0,0,0.00,0.00,0.00,0.00,0.00,0.00,0.00,0.00,0.00,0.00
Joshua Zirkzee,nl NED,FW,Bayern Munich,18,2001,9,3,297,03.mars,4,0,4,4,0,0,0,0,02.avr,02.avr,0.0,02.mai,1,6,26,janv.21,0.00,janv.21,janv.21,janv.21,0.73,0.01,0.74,0.73,0.74
Ben Zolinski,de GER,FW MF,Paderborn 07,27,1992,28,14,1 21,13.avr,3,2,5,3,0,0,3,0,02.sept,02.juil,01.mars,4.0,18,28,77,0.22,0.15,0.37,0.22,0.37,0.22,0.10,0.31,0.20,0.30
Steven Zuber,ch SUI,DF FW,Hoffenheim,27,1991,14,10,749,08.mars,2,0,2,2,0,1,1,0,01.mai,0.7,0.3,0.9,21,32,25,0.24,0.00,0.24,0.24,0.24,0.17,0.03,0.20,0.08,0.11
