Player,Nation,Pos,Squad,Age,Born,MP,Starts,Min,90s,Gls,Ast,G+A,G-PK,PK,PKatt,CrdY,CrdR,xG,npxG,xAG,npxG+xAG,PrgC,PrgP,PrgR,Gls,Ast,G+A,G-PK,G+A-PK,xG,xAG,xG+xAG,npxG,npxG+xAG
Abner,br BRA,DF,Betis,22,2000,13,7,607,06.juil,0,0,0,0,0,0,2,0,01.juil,01.juil,0.1,01.août,8,16,25,0.00,0.00,0.00,0.00,0.00,0.25,0.02,0.27,0.25,0.27
Álvaro Aceves,es ESP,GK,Valladolid,19,2003,1,0,13,0.1,0,0,0,0,0,0,0,0,0.0,0.0,0.0,0.0,0,0,0,0.00,0.00,0.00,0.00,0.00,0.00,0.00,0.00,0.00,0.00
Marcos Acuña,ar ARG,DF,Sevilla,30,1991,30,21,1 912,21.févr,3,2,5,3,0,0,10,3,01.févr,01.févr,04.mars,05.mai,49,102,94,0.14,0.09,0.24,0.14,0.24,0.05,0.20,0.26,0.05,0.26
Julen Agirrezabala,es ESP,GK,Athletic Club,21,2000,8,7,675,07.mai,0,0,0,0,0,0,0,0,0.0,0.0,0.0,0.0,0,0,0,0.00,0.00,0.00,0.00,0.00,0.00,0.00,0.00,0.00,0.00
Álvaro Aguado,es ESP,MF,Valladolid,26,1996,34,18,1 888,21.0,1,2,3,1,0,0,4,0,1.0,1.0,02.févr,03.févr,29,139,50,0.05,0.10,0.14,0.05,0.14,0.05,0.11,0.15,0.05,0.15
Joseph Aidoo,gh GHA,DF,Celta Vigo,26,1995,35,35,3 119,34.7,3,0,3,3,0,0,6,1,1.0,1.0,0.1,01.janv,15,95,2,0.09,0.00,0.09,0.09,0.09,0.03,0.00,0.03,0.03,0.03
Sergio Akieme,es ESP,DF,Almería,24,1997,29,27,2 297,25.mai,1,0,1,1,0,0,5,0,01.mai,01.mai,2.0,03.mai,60,58,84,0.04,0.00,0.04,0.04,0.04,0.06,0.08,0.14,0.06,0.14
Babatunde Akinsola,ng NGA,FW,Valladolid,19,2003,1,0,11,0.1,0,0,0,0,0,0,0,0,0.0,0.0,0.0,0.0,1,0,3,0.00,0.00,0.00,0.00,0.00,0.00,0.00,0.00,0.00,0.00
Paul Akouokou,ci CIV,MF DF,Betis,24,1997,12,3,447,5.0,0,0,0,0,0,0,3,0,0.2,0.2,0.0,0.2,1,10,1,0.00,0.00,0.00,0.00,0.00,0.03,0.00,0.03,0.03,0.03
David Alaba,at AUT,DF,Real Madrid,30,1992,23,21,1 838,20.avr,1,3,4,1,0,0,3,0,0.8,0.8,01.janv,01.sept,16,67,60,0.05,0.15,0.20,0.05,0.20,0.04,0.05,0.09,0.04,0.09
Ángel Alarcón,es ESP,FW MF,Barcelona,18,2004,4,0,25,0.3,0,0,0,0,0,0,0,0,0.0,0.0,0.0,0.0,0,1,2,0.00,0.00,0.00,0.00,0.00,0.15,0.00,0.15,0.15,0.15
Tomás Alarcón,cl CHI,MF,Cádiz,23,1999,4,2,223,02.mai,0,0,0,0,0,0,2,1,0.0,0.0,0.1,0.1,2,9,6,0.00,0.00,0.00,0.00,0.00,0.01,0.03,0.04,0.01,0.04
Jordi Alba,es ESP,DF,Barcelona,33,1989,24,14,1 419,15.août,2,3,5,2,0,0,6,1,0.8,0.8,06.févr,7.0,42,141,157,0.13,0.19,0.32,0.13,0.32,0.05,0.40,0.44,0.05,0.44
Raúl Albiol,es ESP,DF,Villarreal,36,1985,25,24,2 119,23.mai,0,0,0,0,0,0,6,0,0.1,0.1,0.0,0.1,12,100,3,0.00,0.00,0.00,0.00,0.00,0.00,0.00,0.01,0.00,0.01
Rubén Alcaraz,es ESP,MF,Cádiz,31,1991,31,22,2 043,22.juil,3,0,3,1,2,3,11,1,4.0,01.juin,01.mars,02.sept,30,105,20,0.13,0.00,0.13,0.04,0.04,0.18,0.06,0.23,0.07,0.13
Omar Alderete,py PAR,DF,Getafe,25,1996,25,23,2 047,22.juil,1,1,2,1,0,0,9,0,0.6,0.6,0.8,01.avr,28,96,8,0.04,0.04,0.09,0.04,0.09,0.03,0.03,0.06,0.03,0.06
Iván Alejo,es ESP,MF FW,Cádiz,27,1995,31,13,1 311,14.juin,0,1,1,0,0,0,13,1,01.févr,01.févr,02.avr,03.juin,52,16,103,0.00,0.07,0.07,0.00,0.07,0.08,0.17,0.25,0.08,0.25
Carles Aleñá,es ESP,MF FW,Getafe,24,1998,35,26,2 119,23.mai,2,2,4,2,0,0,12,1,02.mars,02.mars,01.juin,03.sept,24,87,78,0.08,0.08,0.17,0.08,0.17,0.10,0.07,0.17,0.10,0.17
Alejandro Alfaro,es ESP,MF,Elche,20,2002,1,0,15,0.2,0,0,0,0,0,0,0,0,0.0,0.0,0.0,0.0,0,0,0,0.00,0.00,0.00,0.00,0.00,0.00,0.00,0.00,0.00,0.00
Ángel Algobia,es ESP,MF,Getafe,23,1999,26,11,1 138,12.juin,0,0,0,0,0,0,3,0,0.3,0.3,0.6,0.9,10,42,11,0.00,0.00,0.00,0.00,0.00,0.02,0.05,0.07,0.02,0.07
Mohamed Ali Cho,fr FRA,FW MF,Real Sociedad,18,2004,19,5,587,06.mai,1,2,3,1,0,0,1,0,01.août,01.août,01.juil,03.avr,30,8,63,0.15,0.31,0.46,0.15,0.46,0.27,0.25,0.52,0.27,0.52
Domingos André Ribeiro Almeida,pt POR,MF,Valencia,22,2000,34,29,2 539,28.févr,2,4,6,2,0,0,3,0,01.avr,01.avr,03.avr,04.sept,74,197,71,0.07,0.14,0.21,0.07,0.21,0.05,0.12,0.17,0.05,0.17
Marcos Alonso,es ESP,DF,Barcelona,31,1990,24,11,1 172,13.0,1,0,1,1,0,0,3,0,0.9,0.9,0.3,01.févr,26,71,13,0.08,0.00,0.08,0.08,0.08,0.07,0.03,0.09,0.07,0.09
Carlos Álvarez,es ESP,MF,Sevilla,18,2003,1,0,10,0.1,0,0,0,0,0,0,1,0,0.0,0.0,0.0,0.0,0,0,1,0.00,0.00,0.00,0.00,0.00,0.00,0.00,0.00,0.00,0.00
Gastón Álvarez,uy URU,DF,Getafe,22,2000,22,16,1 501,16.juil,2,0,2,2,0,0,7,1,0.5,0.5,0.2,0.8,11,38,27,0.12,0.00,0.12,0.12,0.12,0.03,0.01,0.05,0.03,0.05
Player,Nation,Pos,Squad,Age,Born,MP,Starts,Min,90s,Gls,Ast,G+A,G-PK,PK,PKatt,CrdY,CrdR,xG,npxG,xAG,npxG+xAG,PrgC,PrgP,PrgR,Gls,Ast,G+A,G-PK,G+A-PK,xG,xAG,xG+xAG,npxG,npxG+xAG
Yeray Álvarez,es ESP,DF,Athletic Club,27,1995,28,27,2 332,25.sept,1,1,2,1,0,0,7,1,0.8,0.8,01.janv,01.sept,32,152,8,0.04,0.04,0.08,0.04,0.08,0.03,0.04,0.07,0.03,0.07
Selim Amallah,ma MAR,MF FW,Valladolid,25,1996,7,3,267,3.0,2,1,3,2,0,0,2,1,0.9,0.9,0.3,01.janv,11,10,9,0.67,0.34,01.janv,0.67,01.janv,0.29,0.09,0.38,0.29,0.38
Amath,sn SEN,MF FW,Mallorca,26,1996,28,12,1 227,13.juin,2,0,2,2,0,0,2,1,02.juil,02.juil,0.8,03.mai,33,16,69,0.15,0.00,0.15,0.15,0.15,0.20,0.06,0.25,0.20,0.25
Jordan Amavi,fr FRA,DF,Getafe,28,1994,5,1,200,02.févr,0,0,0,0,0,0,2,1,0.0,0.0,0.0,0.0,4,5,5,0.00,0.00,0.00,0.00,0.00,0.00,0.00,0.00,0.00,0.00
Marcos André,br BRA,FW MF,Valencia,25,1996,17,3,447,5.0,1,0,1,1,0,0,2,1,01.mai,01.mars,0.4,01.août,2,7,20,0.20,0.00,0.20,0.20,0.20,0.29,0.09,0.38,0.27,0.36
Fabrizio Angileri,ar ARG,DF,Getafe,28,1994,15,7,585,06.mai,0,0,0,0,0,0,2,1,0.1,0.1,0.0,0.1,4,16,14,0.00,0.00,0.00,0.00,0.00,0.02,0.00,0.02,0.02,0.02
Josep Antoni Gayá,es ESP,DF MF,Mallorca,22,2000,2,1,98,01.janv,0,0,0,0,0,0,0,0,0.0,0.0,0.0,0.0,0,0,0,0.00,0.00,0.00,0.00,0.00,0.00,0.00,0.00,0.00,0.00
José Antonio,es ESP,MF DF,Cádiz,18,2004,2,0,46,0.5,0,1,1,0,0,0,0,0,0.0,0.0,0.0,0.0,2,3,2,0.00,janv.96,janv.96,0.00,janv.96,0.00,0.03,0.03,0.00,0.03
Anuar,ma MAR,MF FW,Valladolid,27,1995,3,3,210,02.mars,1,0,1,1,0,0,1,0,0.4,0.4,0.5,0.8,6,3,4,0.43,0.00,0.43,0.43,0.43,0.15,0.20,0.35,0.15,0.35
Mauro Arambarri,uy URU,MF,Getafe,26,1995,13,13,992,11.0,0,1,1,0,0,0,5,1,0.2,0.2,01.mai,01.août,8,33,7,0.00,0.09,0.09,0.00,0.09,0.02,0.14,0.16,0.02,0.16
Ronald Araújo,uy URU,DF,Barcelona,23,1999,22,21,1 8,20.0,0,2,2,0,0,0,5,1,02.janv,02.janv,0.8,02.sept,29,79,11,0.00,0.10,0.10,0.00,0.10,0.10,0.04,0.15,0.10,0.15
Adu Ares,es ESP,FW MF,Athletic Club,20,2001,8,0,84,0.9,0,0,0,0,0,0,0,0,0.1,0.1,0.2,0.3,8,4,19,0.00,0.00,0.00,0.00,0.00,0.11,0.19,0.30,0.11,0.30
Sergio Arribas,es ESP,MF FW,Real Madrid,20,2001,2,0,19,0.2,0,0,0,0,0,0,0,0,0.2,0.2,0.0,0.2,0,2,0,0.00,0.00,0.00,0.00,0.00,0.74,0.14,0.88,0.74,0.88
Roberto Arroyo,es ESP,MF,Valladolid,18,2003,1,0,15,0.2,0,0,0,0,0,0,0,0,0.0,0.0,0.0,0.0,1,0,4,0.00,0.00,0.00,0.00,0.00,0.00,0.00,0.00,0.00,0.00
Ricard Artero,es ESP,MF FW,Girona,19,2003,7,0,133,01.mai,0,0,0,0,0,0,0,0,0.5,0.5,0.0,0.5,4,3,9,0.00,0.00,0.00,0.00,0.00,0.35,0.00,0.35,0.35,0.35
Santiago Arzamendia,py PAR,DF MF,Cádiz,24,1998,12,5,483,05.avr,0,0,0,0,0,0,0,0,0.2,0.2,0.5,0.7,8,17,22,0.00,0.00,0.00,0.00,0.00,0.04,0.09,0.12,0.04,0.12
Sergio Asenjo,es ESP,GK,Valladolid,33,1989,10,10,900,10.0,0,0,0,0,0,0,0,0,0.0,0.0,0.0,0.0,0,0,0,0.00,0.00,0.00,0.00,0.00,0.00,0.00,0.00,0.00,0.00
Marco Asensio,es ESP,FW MF,Real Madrid,26,1996,31,15,1 442,16.0,9,6,15,9,0,1,1,0,06.mars,05.mai,04.sept,10.avr,56,70,108,0.56,0.37,0.94,0.56,0.94,0.39,0.30,0.70,0.35,0.65
Iago Aspas,es ESP,FW,Celta Vigo,34,1987,37,31,2 868,31.9,12,3,15,10,2,3,6,0,11.0,08.juil,05.juin,14.mars,80,162,239,0.38,0.09,0.47,0.31,0.41,0.35,0.18,0.52,0.27,0.45
Pierre-Emerick Aubameyang,ga GAB,FW,Barcelona,33,1989,1,0,9,0.1,0,0,0,0,0,0,0,0,0.1,0.1,0.0,0.1,0,0,0,0.00,0.00,0.00,0.00,0.00,janv.18,0.00,janv.18,janv.18,janv.18
Ludwig Augustinsson,se SWE,DF,Mallorca,28,1994,4,1,132,01.mai,0,0,0,0,0,0,0,0,0.0,0.0,0.0,0.0,0,5,6,0.00,0.00,0.00,0.00,0.00,0.00,0.02,0.02,0.00,0.02
Ezequiel Ávila,ar ARG,FW MF,Osasuna,28,1994,29,23,1 709,19.0,8,2,10,6,2,3,7,1,7.0,04.juil,01.août,06.mai,23,39,96,0.42,0.11,0.53,0.32,0.42,0.37,0.10,0.47,0.25,0.34
Iddrisu Baba,gh GHA,MF DF,Mallorca,26,1996,29,20,1 705,18.sept,0,0,0,0,0,0,5,0,0.6,0.6,0.2,0.8,3,47,8,0.00,0.00,0.00,0.00,0.00,0.03,0.01,0.04,0.03,0.04
Srđan Babić,rs SRB,DF,Almería,26,1996,34,33,2 998,33.3,3,0,3,3,0,0,5,0,01.févr,01.févr,0.3,01.mai,21,63,5,0.09,0.00,0.09,0.09,0.09,0.04,0.01,0.04,0.04,0.04
Loïc Bade,fr FRA,DF,Sevilla,22,2000,19,16,1 449,16.janv,1,0,1,1,0,0,4,0,0.3,0.3,0.1,0.4,7,42,2,0.06,0.00,0.06,0.06,0.06,0.02,0.01,0.02,0.02,0.02
Player,Nation,Pos,Squad,Age,Born,MP,Starts,Min,90s,Gls,Ast,G+A,G-PK,PK,PKatt,CrdY,CrdR,xG,npxG,xAG,npxG+xAG,PrgC,PrgP,PrgR,Gls,Ast,G+A,G-PK,G+A-PK,xG,xAG,xG+xAG,npxG,npxG+xAG
Édgar Badía,es ESP,GK,Elche,30,1992,36,36,3 24,36.0,0,0,0,0,0,0,2,0,0.0,0.0,0.0,0.0,0,0,0,0.00,0.00,0.00,0.00,0.00,0.00,0.00,0.00,0.00,0.00
Alex Baena,es ESP,MF FW,Villarreal,21,2001,35,19,1 947,21.juin,6,2,8,6,0,0,13,1,03.sept,03.sept,05.févr,09.janv,50,124,110,0.28,0.09,0.37,0.28,0.37,0.18,0.24,0.42,0.18,0.42
Alejandro Balde,es ESP,DF,Barcelona,18,2003,33,30,2 471,27.mai,1,6,7,1,0,0,4,0,01.sept,01.sept,04.sept,06.août,95,79,234,0.04,0.22,0.25,0.04,0.25,0.07,0.18,0.25,0.07,0.25
Mikel Balenziaga,es ESP,DF,Athletic Club,34,1988,3,1,115,01.mars,0,0,0,0,0,0,0,0,0.0,0.0,0.0,0.0,0,7,6,0.00,0.00,0.00,0.00,0.00,0.02,0.00,0.02,0.02,0.02
Iván Balliu,al ALB,DF,Rayo Vallecano,30,1992,37,37,3 232,35.9,0,0,0,0,0,0,6,0,0.3,0.3,02.août,03.janv,75,131,147,0.00,0.00,0.00,0.00,0.00,0.01,0.08,0.09,0.01,0.09
Léo Baptistão,br BRA,FW MF,Almería,29,1992,28,24,1 726,19.févr,5,1,6,5,0,0,7,0,04.sept,04.sept,01.févr,06.févr,38,51,83,0.26,0.05,0.31,0.26,0.31,0.26,0.06,0.32,0.26,0.32
Keidi Bare,al ALB,MF,Espanyol,24,1997,18,4,503,05.juin,0,1,1,0,0,0,0,0,0.6,0.6,0.2,0.8,6,28,11,0.00,0.18,0.18,0.00,0.18,0.10,0.04,0.14,0.10,0.14
Kike Barja,es ESP,FW MF,Osasuna,25,1997,27,15,1 312,14.juin,1,6,7,1,0,0,1,0,01.févr,01.févr,03.sept,05.janv,61,35,185,0.07,0.41,0.48,0.07,0.48,0.08,0.26,0.35,0.08,0.35
Ander Barrenetxea,es ESP,FW DF,Real Sociedad,20,2001,23,9,878,09.août,3,1,4,3,0,0,4,0,3.0,3.0,01.févr,04.févr,36,27,72,0.31,0.10,0.41,0.31,0.41,0.31,0.12,0.43,0.31,0.43
Pablo Barrios,es ESP,MF,Atlético Madrid,19,2003,21,6,724,8.0,0,1,1,0,0,0,4,0,0.5,0.5,0.7,01.févr,16,51,27,0.00,0.12,0.12,0.00,0.12,0.07,0.08,0.15,0.07,0.15
Rodrigo Battaglia,ar ARG,MF,Mallorca,31,1991,15,8,686,07.juin,0,0,0,0,0,0,5,0,0.2,0.2,0.0,0.2,3,19,3,0.00,0.00,0.00,0.00,0.00,0.02,0.01,0.03,0.02,0.03
Bebé,cv CPV,FW,Rayo Vallecano,32,1990,4,0,60,0.7,0,0,0,0,0,0,1,0,0.1,0.1,0.1,0.2,5,1,10,0.00,0.00,0.00,0.00,0.00,0.12,0.13,0.25,0.12,0.25
Héctor Bellerín,es ESP,DF,Barcelona,27,1995,3,1,143,01.juin,0,0,0,0,0,0,0,0,0.0,0.0,0.1,0.1,2,13,6,0.00,0.00,0.00,0.00,0.00,0.00,0.06,0.06,0.00,0.06
Fran Beltrán,es ESP,MF,Celta Vigo,23,1999,36,33,2 855,31.juil,0,2,2,0,0,0,4,0,0.9,0.9,01.juil,02.juin,27,138,33,0.00,0.06,0.06,0.00,0.06,0.03,0.05,0.08,0.03,0.08
Iker Benito,es ESP,FW MF,Osasuna,19,2002,4,2,176,2.0,0,0,0,0,0,0,0,0,0.0,0.0,0.3,0.3,9,3,15,0.00,0.00,0.00,0.00,0.00,0.00,0.14,0.14,0.00,0.14
Karim Benzema,fr FRA,FW,Real Madrid,34,1987,24,24,2 038,22.juin,19,3,22,12,7,8,1,0,21.mai,14.sept,05.août,20.juil,72,138,157,0.84,0.13,0.97,0.53,0.66,0.95,0.26,janv.20,0.66,0.91
Yuri Berchiche,es ESP,DF,Athletic Club,32,1990,29,27,2 406,26.juil,1,1,2,1,0,0,9,1,01.mars,01.mars,01.avr,02.juil,59,179,95,0.04,0.04,0.07,0.04,0.07,0.05,0.05,0.10,0.05,0.10
Álex Berenguer,es ESP,FW,Athletic Club,27,1995,37,26,2 297,25.mai,4,1,5,4,0,0,2,0,04.mars,04.mars,04.juin,9.0,73,77,249,0.16,0.04,0.20,0.16,0.20,0.17,0.18,0.35,0.17,0.35
Pedro Bigas,es ESP,DF,Elche,31,1990,28,25,2 02,22.avr,0,0,0,0,0,0,4,2,01.août,01.août,0.0,01.août,19,83,3,0.00,0.00,0.00,0.00,0.00,0.08,0.00,0.08,0.08,0.08
El Bilal Touré,ml MLI,FW,Almería,20,2001,21,15,1 264,14.0,7,2,9,7,0,0,0,0,06.mars,06.mars,01.mars,07.juin,18,14,51,0.50,0.14,0.64,0.50,0.64,0.45,0.09,0.54,0.45,0.54
Antonio Blanco,es ESP,MF,Cádiz,22,2000,3,2,158,01.août,0,0,0,0,0,0,0,0,0.0,0.0,0.0,0.0,1,2,2,0.00,0.00,0.00,0.00,0.00,0.00,0.01,0.01,0.00,0.01
Lautaro Blanco,ar ARG,DF MF,Elche,23,1999,17,9,872,09.juil,0,2,2,0,0,0,2,0,0.0,0.0,01.mai,01.juin,41,28,76,0.00,0.21,0.21,0.00,0.21,0.00,0.16,0.16,0.00,0.16
Theo Bongonda,cd COD,MF FW,Cádiz,26,1995,31,24,1 938,21.mai,4,3,7,3,1,1,2,0,05.févr,04.avr,3.0,07.avr,74,39,105,0.19,0.14,0.33,0.14,0.28,0.24,0.14,0.38,0.20,0.34
Yassine Bounou,ma MAR,GK,Sevilla,31,1991,25,25,2 151,23.sept,0,0,0,0,0,0,2,0,0.0,0.0,0.0,0.0,0,1,0,0.00,0.00,0.00,0.00,0.00,0.00,0.00,0.00,0.00,0.00
Lucas Boyé,ar ARG,FW,Elche,26,1996,35,29,2 462,27.avr,7,2,9,7,0,1,7,1,08.mars,07.mai,02.sept,10.mai,58,63,160,0.26,0.07,0.33,0.26,0.33,0.30,0.11,0.41,0.27,0.38
Player,Nation,Pos,Squad,Age,Born,MP,Starts,Min,90s,Gls,Ast,G+A,G-PK,PK,PKatt,CrdY,CrdR,xG,npxG,xAG,npxG+xAG,PrgC,PrgP,PrgR,Gls,Ast,G+A,G-PK,G+A-PK,xG,xAG,xG+xAG,npxG,npxG+xAG
Martin Braithwaite,dk DEN,FW MF,Espanyol,31,1991,31,29,2 456,27.mars,10,2,12,10,0,0,5,1,09.févr,09.févr,01.avr,10.juin,32,54,126,0.37,0.07,0.44,0.37,0.44,0.34,0.05,0.39,0.34,0.39
Darko Brašanac,rs SRB,MF,Osasuna,30,1992,25,9,1 041,11.juin,1,1,2,1,0,0,5,0,01.févr,01.févr,0.6,01.août,18,49,36,0.09,0.09,0.17,0.09,0.17,0.10,0.05,0.15,0.10,0.15
Claudio Bravo,cl CHI,GK,Betis,39,1983,12,12,1 08,12.0,0,0,0,0,0,0,2,0,0.0,0.0,0.0,0.0,0,1,0,0.00,0.00,0.00,0.00,0.00,0.00,0.00,0.00,0.00,0.00
Ante Budimir,hr CRO,FW,Osasuna,31,1991,31,22,1 798,20.0,8,0,8,8,0,0,5,0,07.juin,07.juin,0.7,08.mars,23,23,98,0.40,0.00,0.40,0.40,0.40,0.38,0.03,0.41,0.38,0.41
Manu Bueno,es ESP,MF,Sevilla,18,2004,2,2,149,01.juil,0,0,0,0,0,0,0,0,0.0,0.0,0.1,0.1,0,4,1,0.00,0.00,0.00,0.00,0.00,0.01,0.04,0.05,0.01,0.05
Santiago Bueno,uy URU,DF,Girona,23,1998,34,34,3 01,33.4,0,1,1,0,0,0,7,1,01.mars,01.mars,1.0,02.mars,30,148,4,0.00,0.03,0.03,0.00,0.03,0.04,0.03,0.07,0.04,0.07
Sergio Busquets,es ESP,MF,Barcelona,34,1988,30,28,2 339,26.0,0,4,4,0,0,0,8,1,0.4,0.4,02.août,03.mars,26,254,32,0.00,0.15,0.15,0.00,0.15,0.02,0.11,0.13,0.02,0.13
Leandro Cabrera,uy URU,DF,Espanyol,31,1991,32,31,2 669,29.juil,0,1,1,0,0,0,10,2,02.mars,02.mars,01.mai,03.juil,13,95,8,0.00,0.03,0.03,0.00,0.03,0.08,0.05,0.13,0.08,0.13
Cala,es ESP,DF,Cádiz,32,1989,3,1,137,01.mai,0,0,0,0,0,0,0,0,0.0,0.0,0.0,0.0,0,2,0,0.00,0.00,0.00,0.00,0.00,0.03,0.00,0.03,0.03,0.03
Fernando Calero,es ESP,DF MF,Espanyol,26,1995,27,20,1 611,17.sept,0,1,1,0,0,0,6,0,0.7,0.7,0.6,01.mars,9,64,4,0.00,0.06,0.06,0.00,0.06,0.04,0.03,0.07,0.04,0.07
Alexander Callens,pe PER,DF,Girona,30,1992,6,0,120,01.mars,0,0,0,0,0,0,1,0,0.0,0.0,0.0,0.0,5,6,1,0.00,0.00,0.00,0.00,0.00,0.00,0.00,0.00,0.00,0.00
Eduardo Camavinga,fr FRA,MF DF,Real Madrid,19,2002,37,21,2 01,22.mars,0,1,1,0,0,0,6,0,0.8,0.8,01.mai,02.mars,69,165,99,0.00,0.04,0.04,0.00,0.04,0.04,0.07,0.10,0.04,0.10
Sergio Camello,es ESP,FW,Rayo Vallecano,21,2001,38,27,2 401,26.juil,6,5,11,6,0,0,1,0,07.mars,07.mars,02.avr,09.juin,40,42,122,0.22,0.19,0.41,0.22,0.41,0.27,0.09,0.36,0.27,0.36
Sergio Canales,es ESP,FW MF,Betis,31,1991,31,28,2 402,26.juil,4,3,7,3,1,1,4,2,04.mars,03.mai,05.juin,09.janv,82,143,150,0.15,0.11,0.26,0.11,0.22,0.16,0.21,0.37,0.13,0.34
Ander Capa,es ESP,DF,Athletic Club,30,1992,7,1,109,01.févr,0,0,0,0,0,0,1,0,0.0,0.0,0.0,0.0,5,12,7,0.00,0.00,0.00,0.00,0.00,0.00,0.04,0.04,0.00,0.04
Étienne Capoue,fr FRA,MF,Villarreal,34,1988,28,22,1 955,21.juil,3,0,3,3,0,0,4,0,02.juin,02.juin,01.févr,03.août,45,98,72,0.14,0.00,0.14,0.14,0.14,0.12,0.06,0.18,0.12,0.18
Isaac Carcelen,es ESP,DF,Cádiz,29,1993,27,25,2 199,24.avr,0,1,1,0,0,0,4,3,0.2,0.2,01.mars,01.juin,33,85,62,0.00,0.04,0.04,0.00,0.04,0.01,0.05,0.06,0.01,0.06
Juan Carlos,es ESP,GK,Girona,34,1988,10,10,900,10.0,0,0,0,0,0,0,0,0,0.0,0.0,0.0,0.0,0,0,0,0.00,0.00,0.00,0.00,0.00,0.00,0.00,0.00,0.00,0.00
José Carlos Lazo,es ESP,MF FW,Almería,26,1996,1,0,20,0.2,0,0,0,0,0,0,0,0,0.1,0.1,0.0,0.1,0,0,3,0.00,0.00,0.00,0.00,0.00,0.27,0.00,0.27,0.27,0.27
José Carlos Lazo,es ESP,MF FW,Espanyol,26,1996,10,0,159,01.août,1,1,2,1,0,0,0,0,0.2,0.2,0.2,0.5,2,4,10,0.57,0.57,janv.13,0.57,janv.13,0.13,0.13,0.26,0.13,0.26
Carmona,es ESP,MF DF,Elche,20,2002,9,8,589,06.mai,1,0,1,1,0,0,5,1,0.4,0.4,0.1,0.5,8,10,27,0.15,0.00,0.15,0.15,0.15,0.06,0.02,0.08,0.06,0.08
Carmona,es ESP,DF,Sevilla,20,2002,10,5,527,05.sept,2,1,3,2,0,0,6,1,0.8,0.8,0.4,01.févr,9,11,8,0.34,0.17,0.51,0.34,0.51,0.14,0.06,0.20,0.14,0.20
Yannick Carrasco,be BEL,DF MF,Atlético Madrid,28,1993,35,26,2 317,25.juil,7,3,10,6,1,1,2,0,8.0,07.févr,04.janv,11.févr,146,84,264,0.27,0.12,0.39,0.23,0.35,0.31,0.16,0.47,0.28,0.44
Dani Carvajal,es ESP,DF,Real Madrid,30,1992,27,20,1 784,19.août,0,2,2,0,0,0,8,1,0.8,0.8,2.0,02.août,22,58,147,0.00,0.10,0.10,0.00,0.10,0.04,0.10,0.14,0.04,0.14
William Carvalho,pt POR,MF,Betis,30,1992,33,31,2 438,27.janv,3,1,4,3,0,0,6,1,03.janv,03.janv,01.juin,04.juil,46,203,52,0.11,0.04,0.15,0.11,0.15,0.11,0.06,0.17,0.11,0.17
Player,Nation,Pos,Squad,Age,Born,MP,Starts,Min,90s,Gls,Ast,G+A,G-PK,PK,PKatt,CrdY,CrdR,xG,npxG,xAG,npxG+xAG,PrgC,PrgP,PrgR,Gls,Ast,G+A,G-PK,G+A-PK,xG,xAG,xG+xAG,npxG,npxG+xAG
Casemiro,br BRA,MF,Real Madrid,30,1992,1,0,8,0.1,0,0,0,0,0,0,0,0,0.0,0.0,0.0,0.0,0,0,0,0.00,0.00,0.00,0.00,0.00,0.00,0.00,0.00,0.00,0.00
Valentín Castellanos,ar ARG,FW,Girona,23,1998,35,33,2 597,28.sept,13,0,13,12,1,1,11,0,11.févr,10.avr,01.juil,12.janv,30,34,128,0.45,0.00,0.45,0.42,0.42,0.39,0.06,0.45,0.36,0.42
Samu Castillejo,es ESP,FW MF,Valencia,27,1995,25,17,1 362,15.janv,4,0,4,4,0,0,7,0,02.sept,02.sept,3.0,05.sept,54,76,115,0.26,0.00,0.26,0.26,0.26,0.19,0.20,0.39,0.19,0.39
Catena,es ESP,DF,Rayo Vallecano,27,1994,35,35,3 103,34.5,1,1,2,1,0,0,14,1,01.avr,01.avr,01.avr,02.août,8,119,2,0.03,0.03,0.06,0.03,0.06,0.04,0.04,0.08,0.04,0.08
Edinson Cavani,uy URU,FW,Valencia,35,1987,25,20,1 449,16.janv,5,2,7,3,2,3,6,0,6.0,03.juin,01.juil,05.mars,8,20,53,0.31,0.12,0.43,0.19,0.31,0.37,0.11,0.48,0.22,0.33
Dani Ceballos,es ESP,MF,Real Madrid,25,1996,30,19,1 564,17.avr,0,4,4,0,0,0,8,0,0.9,0.9,02.janv,3.0,60,204,60,0.00,0.23,0.23,0.00,0.23,0.05,0.12,0.17,0.05,0.17
Álex Centelles,es ESP,DF,Almería,24,1997,15,11,1 123,12.mai,1,2,3,1,0,0,0,1,0.4,0.4,01.mars,01.juil,17,35,48,0.08,0.16,0.24,0.08,0.24,0.03,0.11,0.14,0.03,0.14
Franco Cervi,ar ARG,MF DF,Celta Vigo,28,1994,36,21,1 894,21.0,0,4,4,0,0,0,2,1,02.mars,02.mars,02.juil,05.janv,45,69,113,0.00,0.19,0.19,0.00,0.19,0.11,0.13,0.24,0.11,0.24
Pep Chavarría,es ESP,FW MF,Rayo Vallecano,24,1998,16,2,366,04.janv,0,2,2,0,0,0,1,0,0.1,0.1,0.7,0.8,13,19,25,0.00,0.49,0.49,0.00,0.49,0.02,0.17,0.19,0.02,0.19
Pape Cheikh Diop,sn SEN,MF,Elche,24,1997,2,0,37,0.4,0,0,0,0,0,0,1,1,0.0,0.0,0.0,0.0,0,1,0,0.00,0.00,0.00,0.00,0.00,0.00,0.00,0.00,0.00,0.00
Andreas Christensen,dk DEN,DF,Barcelona,26,1996,23,22,1 76,19.juin,1,1,2,1,0,0,2,0,1.0,1.0,0.5,01.mai,18,91,5,0.05,0.05,0.10,0.05,0.10,0.05,0.03,0.08,0.05,0.08
Samuel Chukwueze,ng NGA,FW MF,Villarreal,23,1999,37,27,2 339,26.0,6,5,11,6,0,0,1,0,06.mai,06.mai,04.mars,10.août,133,85,261,0.23,0.19,0.42,0.23,0.42,0.25,0.16,0.41,0.25,0.41
Chumi,es ESP,DF,Almería,23,1999,21,15,1 489,16.mai,1,0,1,1,0,0,5,0,0.4,0.4,0.1,0.5,13,32,10,0.06,0.00,0.06,0.06,0.06,0.02,0.00,0.03,0.02,0.03
Víctor Chust,es ESP,DF,Cádiz,22,2000,14,10,965,10.juil,1,0,1,1,0,0,3,0,0.9,0.9,0.0,1.0,4,22,2,0.09,0.00,0.09,0.09,0.09,0.09,0.00,0.09,0.09,0.09
Pathé Ciss,sn SEN,MF DF,Rayo Vallecano,28,1994,32,12,1 282,14.févr,1,0,1,1,0,0,4,0,02.juin,02.juin,0.3,02.sept,10,65,5,0.07,0.00,0.07,0.07,0.07,0.18,0.02,0.20,0.18,0.20
Carlos Clerc,es ESP,DF MF,Elche,30,1992,32,31,2 639,29.mars,0,1,1,0,0,0,5,0,0.6,0.6,02.janv,02.juil,51,107,91,0.00,0.03,0.03,0.00,0.03,0.02,0.07,0.09,0.02,0.09
Álex Collado,es ESP,MF,Elche,23,1999,15,8,722,8.0,1,1,2,1,0,0,1,0,0.6,0.6,01.juin,02.févr,24,34,43,0.12,0.12,0.25,0.12,0.25,0.08,0.20,0.28,0.08,0.28
Diego Collado,es ESP,FW,Villarreal,21,2001,2,0,6,0.1,0,0,0,0,0,0,0,0,0.0,0.0,0.0,0.0,0,1,3,0.00,0.00,0.00,0.00,0.00,0.00,0.00,0.00,0.00,0.00
Eray Cömert,ch SUI,DF,Valencia,24,1998,23,19,1 672,18.juin,1,0,1,1,0,0,5,1,0.5,0.5,0.1,0.6,6,54,1,0.05,0.00,0.05,0.05,0.05,0.03,0.00,0.03,0.03,0.03
Santi Comesaña,es ESP,MF,Rayo Vallecano,25,1996,35,29,2 451,27.févr,3,2,5,3,0,0,6,0,02.mai,02.mai,02.févr,04.juin,40,150,58,0.11,0.07,0.18,0.11,0.18,0.09,0.08,0.17,0.09,0.17
Copete,es ESP,DF,Mallorca,22,1999,28,27,2 206,24.mai,1,0,1,1,0,0,7,1,1.0,0.5,0.2,0.7,14,58,3,0.04,0.00,0.04,0.04,0.04,0.04,0.01,0.05,0.02,0.03
Francis Coquelin,fr FRA,MF,Villarreal,31,1991,16,9,748,08.mars,1,0,1,1,0,0,2,0,1.0,1.0,1.0,01.sept,11,29,27,0.12,0.00,0.12,0.12,0.12,0.12,0.12,0.23,0.12,0.23
Jesús Corona,mx MEX,FW,Sevilla,29,1993,4,1,111,01.févr,1,0,1,1,0,0,0,0,0.5,0.5,0.2,0.7,3,3,9,0.81,0.00,0.81,0.81,0.81,0.37,0.20,0.57,0.37,0.57
Ángel Correa,ar ARG,FW MF,Atlético Madrid,27,1995,35,13,1 455,16.févr,9,1,10,9,0,0,3,1,07.janv,07.janv,03.mai,10.juil,44,58,142,0.56,0.06,0.62,0.56,0.62,0.44,0.22,0.66,0.44,0.66
Thierry Correia,pt POR,DF,Valencia,23,1999,27,24,2 009,22.mars,0,0,0,0,0,0,5,0,0.3,0.3,01.janv,01.avr,60,104,122,0.00,0.00,0.00,0.00,0.00,0.01,0.05,0.06,0.01,0.06
Player,Nation,Pos,Squad,Age,Born,MP,Starts,Min,90s,Gls,Ast,G+A,G-PK,PK,PKatt,CrdY,CrdR,xG,npxG,xAG,npxG+xAG,PrgC,PrgP,PrgR,Gls,Ast,G+A,G-PK,G+A-PK,xG,xAG,xG+xAG,npxG,npxG+xAG
Jaume Costa,es ESP,DF,Mallorca,34,1988,32,30,2 599,28.sept,0,1,1,0,0,0,10,0,1.0,1.0,02.mai,03.mai,60,74,123,0.00,0.03,0.03,0.00,0.03,0.04,0.09,0.12,0.04,0.12
Samu Costa,pt POR,MF,Almería,21,2000,32,22,1 989,22.janv,1,2,3,1,0,0,5,0,01.juil,01.juil,1.0,02.juil,9,91,24,0.05,0.09,0.14,0.05,0.14,0.08,0.04,0.12,0.08,0.12
Thibaut Courtois,be BEL,GK,Real Madrid,30,1992,31,31,2 79,31.0,0,0,0,0,0,0,0,0,0.0,0.0,0.4,0.4,0,0,0,0.00,0.00,0.00,0.00,0.00,0.00,0.01,0.01,0.00,0.01
Yan Couto,br BRA,DF MF,Girona,20,2002,25,12,1 158,12.sept,1,2,3,1,0,0,3,0,0.5,0.5,02.mai,3.0,56,55,89,0.08,0.16,0.23,0.08,0.23,0.04,0.19,0.23,0.04,0.23
Juan Cruz Armada,es ESP,DF,Osasuna,30,1992,27,21,2 062,22.sept,0,0,0,0,0,0,7,0,0.2,0.2,1.0,01.févr,15,68,55,0.00,0.00,0.00,0.00,0.00,0.01,0.04,0.05,0.01,0.05
Juan Cruz,es ESP,FW,Betis,22,2000,6,1,178,2.0,1,0,1,1,0,0,1,0,0.5,0.5,0.1,0.6,7,1,15,0.51,0.00,0.51,0.51,0.51,0.23,0.07,0.30,0.23,0.30
Jorge Cuenca,es ESP,DF,Villarreal,22,1999,10,5,506,05.juin,0,0,0,0,0,0,1,0,0.4,0.4,0.1,0.5,7,26,1,0.00,0.00,0.00,0.00,0.00,0.08,0.01,0.09,0.08,0.09
Braian Cufré,ar ARG,DF,Mallorca,25,1996,5,2,220,02.avr,0,0,0,0,0,0,0,0,0.1,0.1,0.0,0.1,3,7,9,0.00,0.00,0.00,0.00,0.00,0.04,0.01,0.05,0.04,0.05
Matheus Cunha,br BRA,FW MF,Atlético Madrid,23,1999,11,2,377,04.févr,0,2,2,0,0,0,2,0,01.avr,01.avr,0.8,02.févr,6,7,19,0.00,0.48,0.48,0.00,0.48,0.34,0.20,0.53,0.34,0.53
Curro,es ESP,MF,Almería,26,1996,2,0,43,0.5,0,0,0,0,0,0,1,0,0.1,0.1,0.2,0.3,1,1,1,0.00,0.00,0.00,0.00,0.00,0.19,0.44,0.63,0.19,0.63
Arnaut Danjuma,nl NED,FW,Villarreal,25,1997,10,6,479,05.mars,2,0,2,1,1,1,0,0,02.juil,01.sept,0.4,02.mars,12,2,35,0.38,0.00,0.38,0.19,0.19,0.50,0.07,0.58,0.36,0.43
Sergi Darder,es ESP,MF,Espanyol,28,1993,38,38,3 32,36.9,6,3,9,6,0,0,4,0,03.mai,03.mai,07.mai,10.sept,111,233,75,0.16,0.08,0.24,0.16,0.24,0.09,0.20,0.30,0.09,0.30
Rodrigo De Paul,ar ARG,MF,Atlético Madrid,28,1994,30,24,1 923,21.avr,2,7,9,2,0,0,5,0,01.juin,01.juin,05.mai,07.janv,55,182,68,0.09,0.33,0.42,0.09,0.42,0.07,0.26,0.33,0.07,0.33
Alberto Del Moral,es ESP,MF,Villarreal,22,2000,1,0,5,0.1,0,0,0,0,0,0,0,0,0.0,0.0,0.0,0.0,0,0,0,0.00,0.00,0.00,0.00,0.00,0.00,0.00,0.00,0.00,0.00
Thomas Delaney,dk DEN,MF,Sevilla,30,1991,8,2,309,03.avr,0,0,0,0,0,0,3,0,0.2,0.2,0.1,0.2,1,7,3,0.00,0.00,0.00,0.00,0.00,0.04,0.02,0.06,0.04,0.06
Fran Delgado,es ESP,DF,Betis,21,2001,1,0,12,0.1,0,0,0,0,0,0,0,0,0.0,0.0,0.0,0.0,0,0,3,0.00,0.00,0.00,0.00,0.00,0.00,0.00,0.00,0.00,0.00
Ousmane Dembélé,fr FRA,FW,Barcelona,25,1997,25,16,1 41,15.juil,5,7,12,5,0,0,4,0,03.sept,03.sept,04.sept,08.août,124,74,209,0.32,0.45,0.77,0.32,0.77,0.25,0.31,0.56,0.25,0.56
Mouctar Diakhaby,gn GUI,DF,Valencia,25,1996,29,28,2 446,27.févr,3,0,3,3,0,0,7,1,02.juil,02.juil,0.3,3.0,19,86,11,0.11,0.00,0.11,0.11,0.11,0.10,0.01,0.11,0.10,0.11
Mamady Diarra,ml MLI,MF DF,Cádiz,22,2000,2,1,66,0.7,0,0,0,0,0,0,0,0,0.1,0.1,0.0,0.1,3,0,0,0.00,0.00,0.00,0.00,0.00,0.20,0.00,0.20,0.20,0.20
Youba Diarra,ml MLI,MF,Cádiz,24,1998,5,1,98,01.janv,0,0,0,0,0,0,2,0,0.0,0.0,0.5,0.5,1,3,1,0.00,0.00,0.00,0.00,0.00,0.00,0.45,0.45,0.00,0.45
Stole Dimitrievski,mk MKD,GK,Rayo Vallecano,28,1993,37,37,3 324,36.9,0,0,0,0,0,0,4,0,0.0,0.0,0.0,0.0,0,0,1,0.00,0.00,0.00,0.00,0.00,0.00,0.00,0.00,0.00,0.00
Djené,tg TOG,DF,Getafe,30,1991,33,33,2 84,31.6,0,1,1,0,0,0,10,1,0.6,0.6,0.7,01.févr,11,77,20,0.00,0.03,0.03,0.00,0.03,0.02,0.02,0.04,0.02,0.04
Marko Dmitrović,rs SRB,GK,Sevilla,30,1992,15,13,1 269,14.janv,0,0,0,0,0,0,1,0,0.0,0.0,0.0,0.0,0,0,0,0.00,0.00,0.00,0.00,0.00,0.00,0.00,0.00,0.00,0.00
Matt Doherty,ie IRL,DF,Atlético Madrid,30,1992,2,0,18,0.2,0,0,0,0,0,0,0,0,0.0,0.0,0.0,0.0,0,0,1,0.00,0.00,0.00,0.00,0.00,0.00,0.00,0.00,0.00,0.00
Kasper Dolberg,dk DEN,FW,Sevilla,24,1997,4,2,197,02.févr,0,1,1,0,0,0,0,0,0.0,0.0,0.4,0.4,2,2,9,0.00,0.46,0.46,0.00,0.46,0.02,0.18,0.20,0.02,0.20
Player,Nation,Pos,Squad,Age,Born,MP,Starts,Min,90s,Gls,Ast,G+A,G-PK,PK,PKatt,CrdY,CrdR,xG,npxG,xAG,npxG+xAG,PrgC,PrgP,PrgR,Gls,Ast,G+A,G-PK,G+A-PK,xG,xAG,xG+xAG,npxG,npxG+xAG
Carlos Dominguez,es ESP,DF,Celta Vigo,21,2001,3,1,108,01.févr,0,0,0,0,0,0,0,0,0.0,0.0,0.0,0.0,0,2,0,0.00,0.00,0.00,0.00,0.00,0.02,0.00,0.02,0.02,0.02
John Donald,es ESP,MF DF,Elche,21,2000,14,13,1 092,12.janv,0,0,0,0,0,0,3,1,0.1,0.1,0.1,0.2,3,23,2,0.00,0.00,0.00,0.00,0.00,0.01,0.01,0.02,0.01,0.02
Domingos Duarte,pt POR,DF,Getafe,27,1995,31,30,2 657,29.mai,0,2,2,0,0,0,11,1,01.mars,01.mars,0.8,02.janv,6,63,0,0.00,0.07,0.07,0.00,0.07,0.04,0.03,0.07,0.04,0.07
Pablo Durán,es ESP,MF DF,Celta Vigo,21,2001,4,0,36,0.4,0,0,0,0,0,0,0,0,0.0,0.0,0.0,0.0,0,0,3,0.00,0.00,0.00,0.00,0.00,0.00,0.00,0.00,0.00,0.00
Hugo Duro,es ESP,FW,Valencia,22,1999,30,12,1 385,15.avr,1,1,2,1,0,1,5,0,04.avr,03.juin,01.janv,04.juil,9,19,67,0.06,0.06,0.13,0.06,0.13,0.29,0.07,0.36,0.23,0.31
Íñigo Eguaras,es ESP,MF,Almería,30,1992,25,10,967,10.juil,1,1,2,1,0,0,6,0,1.0,1.0,0.6,01.juil,8,61,7,0.09,0.09,0.19,0.09,0.19,0.10,0.06,0.16,0.10,0.16
Aritz Elustondo,es ESP,DF,Real Sociedad,28,1994,25,16,1 449,16.janv,0,1,1,0,0,0,5,1,0.7,0.7,01.janv,01.août,21,52,19,0.00,0.06,0.06,0.00,0.06,0.04,0.07,0.11,0.04,0.11
Rodrigo Ely,br BRA,DF,Almería,28,1993,36,36,3 155,35.1,0,1,1,0,0,0,10,1,1.0,1.0,0.8,01.août,6,52,4,0.00,0.03,0.03,0.00,0.03,0.03,0.02,0.05,0.03,0.05
Adri Embarba,es ESP,FW MF,Almería,30,1992,29,18,1 472,16.avr,4,3,7,3,1,1,5,1,03.août,03.janv,03.avr,06.avr,62,47,115,0.24,0.18,0.43,0.18,0.37,0.23,0.21,0.44,0.19,0.39
Adri Embarba,es ESP,FW,Espanyol,30,1992,1,0,35,0.4,0,0,0,0,0,0,0,0,0.1,0.1,0.0,0.1,1,0,2,0.00,0.00,0.00,0.00,0.00,0.20,0.00,0.20,0.20,0.20
Youssef En-Nesyri,ma MAR,FW,Sevilla,25,1997,31,17,1 661,18.mai,8,1,9,8,0,0,4,0,08.janv,08.janv,01.janv,09.févr,16,12,71,0.43,0.05,0.49,0.43,0.49,0.44,0.06,0.50,0.44,0.50
Gonzalo Escalante,ar ARG,MF,Cádiz,29,1993,14,13,1 121,12.mai,4,1,5,4,0,0,4,0,03.mai,03.mai,01.mai,5.0,3,50,12,0.32,0.08,0.40,0.32,0.40,0.28,0.12,0.40,0.28,0.40
Sergio Escudero,es ESP,DF,Valladolid,32,1989,23,17,1 439,16.0,1,0,1,1,0,0,3,0,01.mai,01.mai,01.août,03.mars,17,40,37,0.06,0.00,0.06,0.06,0.06,0.09,0.11,0.20,0.09,0.20
Alfonso Espino,uy URU,DF,Cádiz,30,1992,36,35,3 122,34.7,0,4,4,0,0,0,7,0,01.mai,01.mai,04.févr,05.juil,53,107,129,0.00,0.12,0.12,0.00,0.12,0.04,0.12,0.16,0.04,0.16
Bernardo Espinosa,co COL,DF,Girona,33,1989,20,14,1 225,13.juin,1,1,2,1,0,0,5,0,01.févr,01.févr,0.0,01.févr,8,36,3,0.07,0.07,0.15,0.07,0.15,0.09,0.00,0.09,0.09,0.09
Edu Expósito,es ESP,MF,Espanyol,25,1996,28,13,1 16,12.sept,2,2,4,2,0,0,3,1,0.9,0.9,02.avr,03.mars,19,72,59,0.16,0.16,0.31,0.16,0.31,0.07,0.18,0.25,0.07,0.25
Nicolás Ezequiel Fernández,ar ARG,MF DF,Elche,22,2000,18,3,514,05.juil,0,1,1,0,0,0,2,0,0.4,0.4,0.8,01.févr,21,29,53,0.00,0.18,0.18,0.00,0.18,0.07,0.14,0.22,0.07,0.22
Abde Ezzalzouli,ma MAR,FW MF,Osasuna,20,2001,28,19,1 504,16.juil,4,2,6,4,0,0,4,2,02.juil,02.juil,01.sept,04.juin,93,44,136,0.24,0.12,0.36,0.24,0.36,0.16,0.11,0.27,0.16,0.27
Radamel Falcao,co COL,FW MF,Rayo Vallecano,36,1986,27,3,616,06.août,2,0,2,1,1,1,4,0,02.sept,02.janv,0.1,02.févr,2,14,53,0.29,0.00,0.29,0.15,0.15,0.42,0.01,0.43,0.30,0.32
Fali,es ESP,DF MF,Cádiz,28,1993,25,22,1 714,19.0,0,0,0,0,0,0,6,0,0.6,0.6,0.2,0.8,9,56,10,0.00,0.00,0.00,0.00,0.00,0.03,0.01,0.04,0.03,0.04
Mamadou Fall,sn SEN,DF,Villarreal,19,2002,1,0,30,0.3,0,0,0,0,0,0,0,0,0.0,0.0,0.0,0.0,0,1,0,0.00,0.00,0.00,0.00,0.00,0.00,0.00,0.00,0.00,0.00
Ansu Fati,es ESP,FW,Barcelona,19,2002,36,12,1 393,15.mai,7,3,10,7,0,0,3,0,09.janv,09.janv,01.juil,10.juil,47,48,178,0.45,0.19,0.65,0.45,0.65,0.59,0.11,0.69,0.59,0.69
Zouhair Feddal,ma MAR,DF,Valladolid,33,1989,8,4,375,04.févr,0,0,0,0,0,0,1,0,0.2,0.2,0.1,0.3,0,5,0,0.00,0.00,0.00,0.00,0.00,0.05,0.03,0.08,0.05,0.08
Nabil Fekir,fr FRA,MF,Betis,29,1993,15,12,961,10.juil,2,2,4,1,1,1,4,1,02.avr,01.juin,02.juil,04.avr,42,41,76,0.19,0.19,0.37,0.09,0.28,0.23,0.26,0.48,0.15,0.41
Felipe,br BRA,DF,Atlético Madrid,33,1989,3,2,194,02.févr,0,0,0,0,0,0,0,0,0.0,0.0,0.0,0.1,2,20,1,0.00,0.00,0.00,0.00,0.00,0.02,0.01,0.03,0.02,0.03
Player,Nation,Pos,Squad,Age,Born,MP,Starts,Min,90s,Gls,Ast,G+A,G-PK,PK,PKatt,CrdY,CrdR,xG,npxG,xAG,npxG+xAG,PrgC,PrgP,PrgR,Gls,Ast,G+A,G-PK,G+A-PK,xG,xAG,xG+xAG,npxG,npxG+xAG
Luiz Felipe,it ITA,DF,Betis,25,1997,23,22,1 763,19.juin,0,0,0,0,0,0,3,3,0.2,0.2,0.3,0.5,1,42,0,0.00,0.00,0.00,0.00,0.00,0.01,0.02,0.03,0.01,0.03
João Félix,pt POR,FW MF,Atlético Madrid,22,1999,14,7,650,07.févr,4,3,7,4,0,0,5,0,02.juin,02.juin,01.avr,4.0,17,27,42,0.55,0.42,0.97,0.55,0.97,0.36,0.20,0.56,0.36,0.56
Kiko Femenía,es ESP,DF,Villarreal,31,1991,20,13,1 133,12.juin,0,0,0,0,0,0,0,0,0.1,0.1,0.7,0.7,36,66,47,0.00,0.00,0.00,0.00,0.00,0.00,0.05,0.06,0.00,0.06
Aitor Fernández,es ESP,GK,Osasuna,31,1991,21,21,1 89,21.0,0,0,0,0,0,0,1,0,0.0,0.0,0.0,0.0,0,1,0,0.00,0.00,0.00,0.00,0.00,0.00,0.00,0.00,0.00,0.00
Álex Fernández,es ESP,MF FW,Cádiz,29,1992,28,17,1 576,17.mai,3,0,3,2,1,1,0,0,02.juil,01.sept,01.juin,03.avr,19,69,26,0.17,0.00,0.17,0.11,0.11,0.15,0.09,0.24,0.11,0.20
Álvaro Fernández,es ESP,GK,Espanyol,24,1998,11,11,990,11.0,0,0,0,0,0,0,1,0,0.0,0.0,0.2,0.2,0,0,0,0.00,0.00,0.00,0.00,0.00,0.00,0.01,0.01,0.00,0.01
Carlos Fernández,es ESP,FW,Real Sociedad,26,1996,24,8,631,7.0,1,0,1,1,0,0,6,0,02.avr,02.avr,0.6,02.sept,9,13,54,0.14,0.00,0.14,0.14,0.14,0.34,0.08,0.42,0.34,0.42
Federico Fernández,ar ARG,DF,Elche,33,1989,1,1,90,1.0,0,0,0,0,0,0,0,0,0.0,0.0,0.0,0.0,0,0,0,0.00,0.00,0.00,0.00,0.00,0.00,0.00,0.00,0.00,0.00
Joaquín Fernández,es ESP,DF,Valladolid,26,1996,27,24,2 156,24.0,1,0,1,1,0,0,4,0,0.5,0.5,0.1,0.6,6,42,3,0.04,0.00,0.04,0.04,0.04,0.02,0.00,0.03,0.02,0.03
Valery Fernández,es ESP,MF DF,Girona,22,1999,25,7,967,10.juil,0,2,2,0,0,0,1,0,0.7,0.7,01.févr,01.sept,18,20,84,0.00,0.19,0.19,0.00,0.19,0.07,0.11,0.18,0.07,0.18
Fernando,es ESP,GK,Almería,32,1990,37,37,3 285,36.5,0,0,0,0,0,0,3,0,0.0,0.0,0.0,0.0,0,0,0,0.00,0.00,0.00,0.00,0.00,0.00,0.00,0.00,0.00,0.00
Fernando,br BRA,MF DF,Sevilla,35,1987,22,19,1 577,17.mai,0,1,1,0,0,0,3,1,0.2,0.2,0.7,0.9,6,67,13,0.00,0.06,0.06,0.00,0.06,0.01,0.04,0.05,0.01,0.05
Fidel,es ESP,MF FW,Elche,32,1989,27,21,1 714,19.0,3,2,5,2,1,1,5,0,02.mars,01.mai,02.mars,03.août,53,139,90,0.16,0.11,0.26,0.11,0.21,0.12,0.12,0.24,0.08,0.20
Dimitri Foulquier,fr FRA,DF,Valencia,29,1993,30,17,1 738,19.mars,0,2,2,0,0,0,4,0,0.2,0.2,01.juil,01.août,51,70,84,0.00,0.10,0.10,0.00,0.10,0.01,0.09,0.09,0.01,0.09
Juan Foyth,ar ARG,DF,Villarreal,24,1998,24,22,1 958,21.août,1,0,1,1,0,0,6,0,01.janv,01.janv,01.juin,02.juil,47,100,18,0.05,0.00,0.05,0.05,0.05,0.05,0.08,0.13,0.05,0.13
Iván Fresneda,es ESP,DF,Valladolid,17,2004,22,18,1 743,19.avr,0,0,0,0,0,0,3,0,0.6,0.6,01.mai,02.janv,48,62,101,0.00,0.00,0.00,0.00,0.00,0.03,0.08,0.11,0.03,0.11
Javi Galán,es ESP,DF,Celta Vigo,27,1994,37,36,3 16,35.1,0,3,3,0,0,0,6,0,0.6,0.6,04.janv,04.juin,141,125,244,0.00,0.09,0.09,0.00,0.09,0.02,0.12,0.13,0.02,0.13
Iñigo Ruiz de Galarreta,es ESP,MF,Mallorca,28,1993,30,28,2 449,27.févr,0,1,1,0,0,0,12,0,0.3,0.3,01.avr,01.juil,20,127,21,0.00,0.04,0.04,0.00,0.04,0.01,0.05,0.06,0.01,0.06
Aleix García,es ESP,MF,Girona,25,1997,30,26,2 337,26.0,1,5,6,1,0,0,1,0,01.août,01.août,06.févr,8.0,41,156,76,0.04,0.19,0.23,0.04,0.23,0.07,0.24,0.31,0.07,0.31
Álvaro García,es ESP,FW MF,Rayo Vallecano,29,1992,35,34,2 87,31.9,5,5,10,5,0,0,7,0,03.juin,03.juin,05.juil,09.mars,116,71,293,0.16,0.16,0.31,0.16,0.31,0.11,0.18,0.29,0.11,0.29
Borja García,es ESP,MF FW,Girona,31,1990,11,10,679,07.mai,1,0,1,1,0,0,1,0,0.7,0.7,0.6,01.mars,7,39,32,0.13,0.00,0.13,0.13,0.13,0.09,0.08,0.17,0.09,0.17
Carlos García,es ESP,DF,Cádiz,22,2000,1,0,25,0.3,0,1,1,0,0,0,0,0,0.0,0.0,0.1,0.1,0,2,0,0.00,mars.60,mars.60,0.00,mars.60,0.00,0.40,0.40,0.00,0.40
Dani García,es ESP,MF,Athletic Club,32,1990,25,18,1 485,16.mai,0,2,2,0,0,0,6,0,01.avr,01.avr,0.7,02.janv,6,73,8,0.00,0.12,0.12,0.00,0.12,0.09,0.04,0.13,0.09,0.13
David García,es ESP,DF,Osasuna,28,1994,32,31,2 68,29.août,2,0,2,2,0,0,8,1,0.7,0.7,0.4,01.janv,16,105,4,0.07,0.00,0.07,0.07,0.07,0.02,0.01,0.04,0.02,0.04
Eric García,es ESP,DF MF,Barcelona,21,2001,24,15,1 417,15.juil,1,0,1,1,0,0,3,0,01.juin,01.juin,0.2,01.août,24,105,6,0.06,0.00,0.06,0.06,0.06,0.10,0.02,0.11,0.10,0.11
Player,Nation,Pos,Squad,Age,Born,MP,Starts,Min,90s,Gls,Ast,G+A,G-PK,PK,PKatt,CrdY,CrdR,xG,npxG,xAG,npxG+xAG,PrgC,PrgP,PrgR,Gls,Ast,G+A,G-PK,G+A-PK,xG,xAG,xG+xAG,npxG,npxG+xAG
Fran Garcia,es ESP,DF,Rayo Vallecano,22,1999,38,38,3 407,37.9,2,3,5,2,0,0,1,0,01.févr,01.févr,01.juin,02.août,183,147,167,0.05,0.08,0.13,0.05,0.13,0.03,0.04,0.07,0.03,0.07
Joan García,es ESP,GK,Espanyol,21,2001,1,1,90,1.0,0,0,0,0,0,0,0,0,0.0,0.0,0.0,0.0,0,0,0,0.00,0.00,0.00,0.00,0.00,0.00,0.00,0.00,0.00,0.00
Raúl García,es ESP,FW MF,Athletic Club,36,1986,35,6,967,10.juil,2,3,5,2,0,0,4,0,05.févr,05.févr,01.janv,06.mars,12,38,62,0.19,0.28,0.47,0.19,0.47,0.48,0.10,0.59,0.48,0.59
Rubén García,es ESP,FW MF,Osasuna,29,1993,29,11,1 159,12.sept,2,2,4,2,0,0,2,0,01.août,01.août,2.0,03.août,16,40,92,0.16,0.16,0.31,0.16,0.31,0.14,0.15,0.29,0.14,0.29
Unai García,es ESP,DF,Osasuna,30,1992,21,20,1 713,19.0,0,1,1,0,0,0,6,1,0.2,0.2,0.1,0.3,11,51,3,0.00,0.05,0.05,0.00,0.05,0.01,0.00,0.02,0.01,0.02
Felix Garreta,es ESP,DF,Betis,18,2004,1,1,90,1.0,0,0,0,0,0,0,0,0,0.0,0.0,0.0,0.0,0,2,0,0.00,0.00,0.00,0.00,0.00,0.00,0.00,0.00,0.00,0.00
Aleix Garrido,es ESP,FW,Barcelona,18,2004,1,0,7,0.1,0,0,0,0,0,0,0,0,0.0,0.0,0.0,0.0,0,0,0,0.00,0.00,0.00,0.00,0.00,0.00,0.00,0.00,0.00,0.00
Sékou Gassama,sn SEN,FW,Valladolid,27,1995,1,0,36,0.4,0,0,0,0,0,0,0,0,0.4,0.4,0.0,0.4,1,0,1,0.00,0.00,0.00,0.00,0.00,01.juin,0.09,janv.15,01.juin,janv.15
Gavi,es ESP,MF FW,Barcelona,17,2004,36,30,2 531,28.janv,2,4,6,2,0,0,10,0,03.févr,03.févr,03.juil,06.sept,49,134,153,0.07,0.14,0.21,0.07,0.21,0.11,0.13,0.24,0.11,0.24
Paulo Gazzaniga,ar ARG,GK,Girona,30,1992,28,28,2 52,28.0,0,0,0,0,0,0,4,0,0.0,0.0,0.2,0.2,0,0,0,0.00,0.00,0.00,0.00,0.00,0.00,0.01,0.01,0.00,0.01
Bryan Gil,es ESP,FW DF,Sevilla,21,2001,17,10,918,10.févr,2,2,4,2,0,0,4,0,02.sept,02.sept,0.7,03.mai,28,22,75,0.20,0.20,0.39,0.20,0.39,0.28,0.07,0.35,0.28,0.35
David Gil,es ESP,GK,Cádiz,28,1994,4,4,360,4.0,0,0,0,0,0,0,0,0,0.0,0.0,0.0,0.0,0,0,0,0.00,0.00,0.00,0.00,0.00,0.00,0.00,0.00,0.00,0.00
Óscar Gil,es ESP,DF,Espanyol,25,1997,33,31,2 559,28.avr,0,1,1,0,0,0,14,0,0.6,0.6,02.sept,03.mai,39,47,111,0.00,0.04,0.04,0.00,0.04,0.02,0.10,0.12,0.02,0.12
Álvaro Giménez,es ESP,FW,Cádiz,31,1991,1,0,17,0.2,0,0,0,0,0,0,0,0,0.0,0.0,0.0,0.0,0,1,2,0.00,0.00,0.00,0.00,0.00,0.00,0.00,0.00,0.00,0.00
Dani Gómez,es ESP,MF FW,Espanyol,24,1998,8,0,88,1.0,0,0,0,0,0,0,2,0,0.0,0.0,0.0,0.0,1,4,9,0.00,0.00,0.00,0.00,0.00,0.00,0.04,0.04,0.00,0.04
Maxi Gómez,uy URU,FW,Valencia,25,1996,3,0,108,01.févr,0,0,0,0,0,0,0,0,0.2,0.2,0.2,0.4,1,0,1,0.00,0.00,0.00,0.00,0.00,0.18,0.16,0.34,0.18,0.34
Moi Gómez,es ESP,MF FW,Osasuna,28,1994,33,28,2 453,27.mars,3,2,5,3,0,0,5,0,01.août,01.août,04.mai,06.févr,37,184,67,0.11,0.07,0.18,0.11,0.18,0.06,0.16,0.23,0.06,0.23
Papu Gómez,ar ARG,FW MF,Sevilla,34,1988,19,11,1 065,11.août,1,1,2,1,0,0,4,0,01.avr,01.avr,01.juil,03.janv,34,82,67,0.08,0.08,0.17,0.08,0.17,0.12,0.15,0.27,0.12,0.27
Sergi Gómez,es ESP,DF,Espanyol,30,1992,29,26,2 339,26.0,0,0,0,0,0,0,1,2,0.9,0.9,0.4,01.mars,2,43,1,0.00,0.00,0.00,0.00,0.00,0.03,0.01,0.05,0.03,0.05
Antonio Gomis,es ESP,GK,Atlético Madrid,19,2003,1,0,6,0.1,0,0,0,0,0,0,0,0,0.0,0.0,0.0,0.0,0,0,0,0.00,0.00,0.00,0.00,0.00,0.00,0.00,0.00,0.00,0.00
Diego González,es ESP,DF,Elche,27,1995,16,8,958,10.juin,0,0,0,0,0,0,4,0,0.8,0.8,0.0,0.8,1,13,2,0.00,0.00,0.00,0.00,0.00,0.07,0.00,0.07,0.07,0.07
Édgar González,es ESP,DF,Betis,25,1997,25,18,1 772,19.juil,0,0,0,0,0,0,8,2,01.févr,01.févr,0.8,2.0,7,30,2,0.00,0.00,0.00,0.00,0.00,0.06,0.04,0.10,0.06,0.10
Giovanni González,uy URU,DF,Mallorca,27,1994,15,9,926,10.mars,0,2,2,0,0,0,5,0,0.2,0.2,01.févr,01.avr,10,28,39,0.00,0.19,0.19,0.00,0.19,0.02,0.12,0.14,0.02,0.14
Nicolás González,es ESP,MF,Valencia,20,2002,26,18,1 405,15.juin,1,1,2,1,0,0,2,0,01.mai,01.mai,01.mars,02.août,21,81,17,0.06,0.06,0.13,0.06,0.13,0.10,0.09,0.18,0.10,0.18
Roberto González,es ESP,FW MF,Betis,21,2001,2,0,54,0.6,0,0,0,0,0,0,1,0,0.0,0.0,0.3,0.3,1,2,1,0.00,0.00,0.00,0.00,0.00,0.00,0.48,0.48,0.00,0.48
Player,Nation,Pos,Squad,Age,Born,MP,Starts,Min,90s,Gls,Ast,G+A,G-PK,PK,PKatt,CrdY,CrdR,xG,npxG,xAG,npxG+xAG,PrgC,PrgP,PrgR,Gls,Ast,G+A,G-PK,G+A-PK,xG,xAG,xG+xAG,npxG,npxG+xAG
Andoni Gorosabel,es ESP,DF,Real Sociedad,25,1996,27,19,1 708,19.0,0,0,0,0,0,0,3,0,0.6,0.6,1.0,01.juin,42,68,75,0.00,0.00,0.00,0.00,0.00,0.03,0.05,0.08,0.03,0.08
José Gragera,es ESP,MF DF,Espanyol,21,2000,9,5,460,05.janv,1,0,1,1,0,0,2,0,0.7,0.7,0.0,0.7,0,11,3,0.20,0.00,0.20,0.20,0.20,0.14,0.00,0.14,0.14,0.14
Ivo Grbić,hr CRO,GK,Atlético Madrid,26,1996,12,10,922,10.févr,0,0,0,0,0,0,3,0,0.0,0.0,0.0,0.0,0,0,0,0.00,0.00,0.00,0.00,0.00,0.00,0.00,0.00,0.00,0.00
Dominik Greif,sk SVK,GK,Mallorca,25,1997,1,1,90,1.0,0,0,0,0,0,0,0,0,0.0,0.0,0.0,0.0,0,0,0,0.00,0.00,0.00,0.00,0.00,0.00,0.00,0.00,0.00,0.00
Clément Grenier,fr FRA,MF,Mallorca,31,1991,21,6,718,8.0,0,0,0,0,0,0,7,0,0.2,0.2,01.janv,01.mars,4,40,26,0.00,0.00,0.00,0.00,0.00,0.03,0.14,0.17,0.03,0.17
Antoine Griezmann,fr FRA,FW MF,Atlético Madrid,31,1991,38,31,2 859,31.août,15,16,31,15,0,0,2,0,12.mars,12.mars,13.août,26.janv,99,171,202,0.47,0.50,0.98,0.47,0.98,0.39,0.44,0.82,0.39,0.82
Andrés Guardado,mx MEX,MF,Betis,35,1986,26,16,1 373,15.mars,1,1,2,1,0,0,7,0,0.3,0.3,01.janv,01.avr,14,72,13,0.07,0.07,0.13,0.07,0.13,0.02,0.07,0.09,0.02,0.09
Sergi Guardiola,es ESP,FW,Valladolid,31,1991,14,8,502,05.juin,0,0,0,0,0,0,1,0,1.0,1.0,0.1,01.févr,7,3,20,0.00,0.00,0.00,0.00,0.00,0.18,0.03,0.21,0.18,0.21
Sergi Guardiola,es ESP,FW,Cádiz,31,1991,17,14,1 165,12.sept,3,0,3,3,0,0,2,0,03.avr,03.avr,0.5,03.sept,12,28,55,0.23,0.00,0.23,0.23,0.23,0.26,0.04,0.30,0.26,0.30
Nemanja Gudelj,rs SRB,DF MF,Sevilla,30,1991,34,31,2 779,30.sept,3,1,4,3,0,0,8,0,01.juil,01.juil,0.4,02.janv,29,110,6,0.10,0.03,0.13,0.10,0.13,0.06,0.01,0.07,0.06,0.07
Javier Guerra,es ESP,MF,Valencia,19,2003,10,6,605,06.juil,1,0,1,1,0,0,0,0,0.9,0.9,01.janv,2.0,17,30,16,0.15,0.00,0.15,0.15,0.15,0.13,0.17,0.30,0.13,0.30
Ander Guevara,es ESP,MF,Real Sociedad,25,1997,8,2,221,02.mai,0,0,0,0,0,0,2,0,0.0,0.0,0.7,0.7,4,15,3,0.00,0.00,0.00,0.00,0.00,0.01,0.28,0.29,0.01,0.29
Pape Gueye,sn SEN,MF,Sevilla,23,1999,16,15,1 171,13.0,1,3,4,1,0,0,6,3,01.mars,01.mars,01.févr,02.avr,9,59,27,0.08,0.23,0.31,0.08,0.31,0.10,0.09,0.18,0.10,0.18
Hugo Guillamón,es ESP,MF,Valencia,22,2000,25,19,1 632,18.janv,1,4,5,0,1,1,5,0,01.janv,0.3,01.juin,01.sept,11,101,20,0.06,0.22,0.28,0.00,0.22,0.06,0.09,0.15,0.02,0.10
Gerard Gumbau,es ESP,MF,Elche,27,1994,35,31,2 737,30.avr,1,6,7,1,0,0,11,0,02.mars,02.mars,06.févr,08.mai,18,145,52,0.03,0.20,0.23,0.03,0.23,0.08,0.20,0.28,0.08,0.28
Gorka Guruzeta,es ESP,FW,Athletic Club,25,1996,30,17,1 421,15.août,6,1,7,6,0,0,2,0,06.janv,06.janv,1.0,07.janv,15,37,93,0.38,0.06,0.44,0.38,0.44,0.39,0.06,0.45,0.39,0.45
Raúl Guti,es ESP,MF,Elche,25,1996,28,12,1 117,12.avr,0,0,0,0,0,0,1,0,01.juin,01.juin,0.1,01.juil,4,32,17,0.00,0.00,0.00,0.00,0.00,0.13,0.01,0.14,0.13,0.14
Miguel Gutiérrez,es ESP,DF,Girona,21,2001,34,27,2 39,26.juin,2,3,5,2,0,0,6,0,0.8,0.8,03.mars,04.janv,81,125,148,0.08,0.11,0.19,0.08,0.19,0.03,0.12,0.15,0.03,0.15
Munir El Haddadi,ma MAR,MF FW,Getafe,26,1995,28,10,1 15,12.août,3,1,4,3,0,0,4,0,02.juil,02.juil,01.févr,03.sept,20,30,84,0.23,0.08,0.31,0.23,0.31,0.21,0.09,0.30,0.21,0.30
Dennis Hadzikadunic,ba BIH,DF,Mallorca,24,1998,8,7,614,06.août,0,0,0,0,0,0,1,0,0.3,0.3,0.0,0.3,1,19,0,0.00,0.00,0.00,0.00,0.00,0.05,0.00,0.05,0.05,0.05
Haissem Hassan,fr FRA,FW MF,Villarreal,20,2002,2,0,52,0.6,0,0,0,0,0,0,0,0,0.0,0.0,0.0,0.0,3,0,3,0.00,0.00,0.00,0.00,0.00,0.00,0.04,0.04,0.00,0.04
Eden Hazard,be BEL,FW,Real Madrid,31,1991,6,2,196,02.févr,0,1,1,0,0,1,0,0,1.0,0.2,0.5,0.7,6,8,25,0.00,0.46,0.46,0.00,0.46,0.45,0.23,0.67,0.08,0.31
Luiz Henrique,br BRA,FW,Betis,21,2001,33,21,1 807,20.janv,1,3,4,1,0,0,6,0,02.sept,02.sept,02.sept,05.août,61,26,137,0.05,0.15,0.20,0.05,0.20,0.15,0.14,0.29,0.15,0.29
Mario Hermoso,es ESP,DF,Atlético Madrid,27,1995,26,24,2 11,23.avr,3,2,5,3,0,0,7,2,02.janv,02.janv,01.avr,03.mai,23,115,17,0.13,0.09,0.21,0.13,0.21,0.09,0.06,0.15,0.09,0.15
Javi Hernández ,es ESP,DF,Girona,24,1998,25,13,1 116,12.avr,1,2,3,1,0,0,3,0,01.mars,01.mars,0.9,02.févr,41,78,25,0.08,0.16,0.24,0.08,0.24,0.10,0.07,0.18,0.10,0.18
Player,Nation,Pos,Squad,Age,Born,MP,Starts,Min,90s,Gls,Ast,G+A,G-PK,PK,PKatt,CrdY,CrdR,xG,npxG,xAG,npxG+xAG,PrgC,PrgP,PrgR,Gls,Ast,G+A,G-PK,G+A-PK,xG,xAG,xG+xAG,npxG,npxG+xAG
Aridane Hernández,es ESP,DF,Osasuna,33,1989,23,20,1 793,19.sept,0,1,1,0,0,0,1,0,0.2,0.2,0.7,0.9,6,47,0,0.00,0.05,0.05,0.00,0.05,0.01,0.04,0.05,0.01,0.05
Luis Hernández,es ESP,DF,Cádiz,33,1989,35,35,3 149,35.0,0,0,0,0,0,0,8,1,0.3,0.3,0.9,01.févr,10,95,8,0.00,0.00,0.00,0.00,0.00,0.01,0.02,0.03,0.01,0.03
Mario Hernández,es ESP,DF,Rayo Vallecano,23,1999,3,1,103,01.janv,0,0,0,0,0,0,1,0,0.1,0.1,0.0,0.1,4,3,0,0.00,0.00,0.00,0.00,0.00,0.05,0.00,0.05,0.05,0.05
Jorge Herrando,es ESP,DF,Osasuna,21,2001,1,1,25,0.3,0,0,0,0,0,0,0,1,0.0,0.0,0.0,0.0,0,0,0,0.00,0.00,0.00,0.00,0.00,0.00,0.00,0.00,0.00,0.00
Ander Herrera,es ESP,MF,Athletic Club,32,1989,17,9,697,07.juil,0,1,1,0,0,0,4,1,0.5,0.5,0.9,01.avr,8,40,14,0.00,0.13,0.13,0.00,0.13,0.07,0.11,0.18,0.07,0.18
Sergio Herrera,es ESP,GK,Osasuna,29,1993,17,17,1 53,17.0,0,0,0,0,0,0,3,0,0.0,0.0,0.0,0.0,0,0,0,0.00,0.00,0.00,0.00,0.00,0.00,0.00,0.00,0.00,0.00
Yangel Herrera,ve VEN,MF FW,Girona,24,1998,20,12,963,10.juil,2,2,4,2,0,0,4,0,02.mars,02.mars,1.0,03.mars,18,46,56,0.19,0.19,0.37,0.19,0.37,0.22,0.10,0.31,0.21,0.31
Omar El Hilali,ma MAR,DF MF,Espanyol,18,2003,5,1,92,1.0,0,0,0,0,0,0,1,0,0.0,0.0,0.0,0.0,0,0,5,0.00,0.00,0.00,0.00,0.00,0.00,0.01,0.01,0.00,0.01
Martin Hongla,cm CMR,DF MF,Valladolid,24,1998,16,15,1 306,14.mai,0,0,0,0,0,0,7,2,0.0,0.0,0.3,0.3,6,50,5,0.00,0.00,0.00,0.00,0.00,0.00,0.02,0.02,0.00,0.02
Pablo Ibáñez,es ESP,MF,Osasuna,23,1998,25,12,1 064,11.août,0,1,1,0,0,0,1,0,01.mars,01.mars,0.8,2.0,15,59,42,0.00,0.08,0.08,0.00,0.08,0.11,0.07,0.17,0.11,0.17
Iglesias,es ESP,DF MF,Getafe,24,1998,32,21,2 146,23.août,1,0,1,1,0,0,7,0,0.9,0.9,1.0,01.sept,39,50,100,0.04,0.00,0.04,0.04,0.04,0.04,0.04,0.08,0.04,0.08
Borja Iglesias,es ESP,FW,Betis,29,1993,35,29,2 365,26.mars,15,3,18,10,5,6,2,1,14.sept,10.févr,02.août,13.0,20,33,147,0.57,0.11,0.68,0.38,0.49,0.57,0.11,0.67,0.39,0.49
Asier Illarramendi,es ESP,MF,Real Sociedad,32,1990,24,13,1 076,12.0,1,0,1,1,0,0,5,0,0.8,0.8,0.4,01.févr,10,48,24,0.08,0.00,0.08,0.08,0.08,0.07,0.03,0.10,0.07,0.10
Alexander Isak,se SWE,FW,Real Sociedad,22,1999,2,2,152,01.juil,1,0,1,1,0,0,0,0,0.2,0.2,0.1,0.3,3,3,11,0.59,0.00,0.59,0.59,0.59,0.12,0.06,0.18,0.12,0.18
Isco,es ESP,MF FW,Sevilla,30,1992,12,10,799,08.sept,0,2,2,0,0,0,5,0,0.4,0.4,01.juil,02.janv,16,37,36,0.00,0.23,0.23,0.00,0.23,0.05,0.19,0.24,0.05,0.24
Diego Iturralde,es ESP,DF,Sevilla,19,2003,1,1,45,0.5,0,0,0,0,0,0,1,0,0.0,0.0,0.0,0.0,0,0,1,0.00,0.00,0.00,0.00,0.00,0.00,0.00,0.00,0.00,0.00
Nicolas Jackson,sn SEN,FW,Villarreal,21,2001,26,16,1 598,17.août,12,4,16,12,0,0,6,1,07.août,07.août,03.janv,11.0,49,40,117,0.68,0.23,0.90,0.68,0.90,0.44,0.18,0.62,0.44,0.62
Adnan Januzaj,be BEL,FW,Sevilla,27,1995,2,1,47,0.5,0,0,0,0,0,0,0,0,0.0,0.0,0.0,0.0,0,1,6,0.00,0.00,0.00,0.00,0.00,0.00,0.00,0.00,0.00,0.00
Luis Javier Suárez,co COL,FW,Almería,24,1997,21,18,1 49,16.juin,4,4,8,4,0,0,4,1,04.avr,04.avr,02.janv,06.mai,29,26,87,0.24,0.24,0.48,0.24,0.48,0.26,0.13,0.39,0.26,0.39
Joaquín,es ESP,MF FW,Betis,41,1981,22,2,496,05.mai,0,2,2,0,0,0,2,0,0.7,0.7,01.août,02.mai,23,26,37,0.00,0.36,0.36,0.00,0.36,0.13,0.33,0.46,0.13,0.46
Frenkie de Jong,nl NED,MF,Barcelona,25,1997,33,29,2 534,28.févr,2,4,6,2,0,0,3,0,02.avr,02.avr,04.mars,06.juil,92,280,83,0.07,0.14,0.21,0.07,0.21,0.09,0.15,0.24,0.09,0.24
Joan Jordán,es ESP,MF,Sevilla,28,1994,23,19,1 592,17.juil,0,1,1,0,0,0,8,0,0.9,0.9,0.6,01.mai,9,123,22,0.00,0.06,0.06,0.00,0.06,0.05,0.03,0.08,0.05,0.08
Josan,es ESP,DF MF,Elche,32,1989,26,9,1 078,12.0,1,3,4,1,0,0,3,0,0.4,0.4,01.juin,2.0,37,39,61,0.08,0.25,0.33,0.08,0.33,0.04,0.13,0.17,0.04,0.17
Willian José,br BRA,FW,Betis,30,1991,28,6,731,08.janv,2,1,3,1,1,1,1,0,02.sept,02.févr,01.mars,03.mai,6,14,27,0.25,0.12,0.37,0.12,0.25,0.36,0.17,0.53,0.27,0.43
Joselu,es ESP,FW,Espanyol,32,1990,34,33,2 99,33.2,16,2,18,11,5,5,2,0,14.mai,10.mai,02.avr,13.0,23,66,147,0.48,0.06,0.54,0.33,0.39,0.44,0.07,0.51,0.32,0.39
Player,Nation,Pos,Squad,Age,Born,MP,Starts,Min,90s,Gls,Ast,G+A,G-PK,PK,PKatt,CrdY,CrdR,xG,npxG,xAG,npxG+xAG,PrgC,PrgP,PrgR,Gls,Ast,G+A,G-PK,G+A-PK,xG,xAG,xG+xAG,npxG,npxG+xAG
Juanmi,es ESP,FW,Betis,29,1993,22,9,925,10.mars,4,0,4,4,0,0,3,0,03.juil,03.juil,0.9,04.mai,10,15,37,0.39,0.00,0.39,0.39,0.39,0.36,0.08,0.44,0.36,0.44
Juanpe,es ESP,DF,Girona,31,1991,19,17,1 426,15.août,1,0,1,1,0,0,3,0,0.5,0.5,0.3,0.8,8,38,3,0.06,0.00,0.06,0.06,0.06,0.03,0.02,0.05,0.03,0.05
Lago Junior,ci CIV,FW MF,Mallorca,31,1990,5,0,52,0.6,0,0,0,0,0,0,0,0,0.0,0.0,0.0,0.0,2,0,5,0.00,0.00,0.00,0.00,0.00,0.03,0.00,0.03,0.03,0.03
Vinicius Júnior,br BRA,FW,Real Madrid,22,2000,33,32,2 823,31.4,10,9,19,10,0,0,10,1,10.mai,10.mai,09.avr,19.sept,221,87,495,0.32,0.29,0.61,0.32,0.61,0.34,0.30,0.63,0.34,0.63
Filip Jørgensen,dk DEN,GK,Villarreal,20,2002,2,2,180,2.0,0,0,0,0,0,0,0,0,0.0,0.0,0.0,0.0,0,0,0,0.00,0.00,0.00,0.00,0.00,0.00,0.00,0.00,0.00,0.00
Tino Kadewere,zw ZIM,FW MF,Mallorca,26,1996,15,5,542,6.0,1,0,1,1,0,0,1,0,01.juin,01.juin,0.6,02.févr,14,4,29,0.17,0.00,0.17,0.17,0.17,0.26,0.10,0.37,0.26,0.37
Kaiky,br BRA,DF,Almería,18,2004,13,7,581,06.mai,0,0,0,0,0,0,5,0,0.1,0.1,0.0,0.1,7,11,2,0.00,0.00,0.00,0.00,0.00,0.01,0.00,0.01,0.01,0.01
Lee Kang-in,kr KOR,MF FW,Mallorca,21,2001,36,33,2 823,31.4,6,6,12,6,0,0,10,0,05.avr,05.avr,05.avr,10.août,107,96,139,0.19,0.19,0.38,0.19,0.38,0.17,0.17,0.34,0.17,0.34
Jon Karrikaburu,es ESP,FW,Real Sociedad,19,2002,6,0,93,1.0,0,0,0,0,0,0,1,0,0.3,0.3,0.3,0.6,2,4,2,0.00,0.00,0.00,0.00,0.00,0.27,0.30,0.57,0.27,0.57
Kenedy,br BRA,FW DF,Valladolid,26,1996,12,2,275,03.janv,0,1,1,0,0,0,3,0,0.5,0.5,0.6,01.janv,4,4,21,0.00,0.33,0.33,0.00,0.33,0.17,0.19,0.36,0.17,0.36
Franck Kessié,ci CIV,MF,Barcelona,25,1996,28,7,990,11.0,1,1,2,1,0,0,4,0,01.août,01.août,0.7,02.mai,14,39,43,0.09,0.09,0.18,0.09,0.18,0.16,0.07,0.23,0.16,0.23
Kiké,es ESP,FW,Osasuna,32,1989,35,7,1 021,11.mars,2,0,2,1,1,1,5,0,04.avr,03.juin,01.janv,04.juil,16,15,58,0.18,0.00,0.18,0.09,0.09,0.39,0.10,0.48,0.32,0.41
Justin Kluivert,nl NED,FW MF,Valencia,23,1999,26,15,1 447,16.janv,6,0,6,5,1,1,4,0,06.juin,05.sept,02.avr,08.févr,58,33,126,0.37,0.00,0.37,0.31,0.31,0.41,0.15,0.56,0.36,0.51
Koke,es ESP,MF,Atlético Madrid,30,1992,33,30,2 545,28.mars,0,3,3,0,0,0,4,0,0.7,0.7,01.juil,02.avr,15,175,37,0.00,0.11,0.11,0.00,0.11,0.03,0.06,0.09,0.03,0.09
Luca Koleosho,it ITA,FW DF,Espanyol,17,2004,4,0,59,0.7,1,0,1,1,0,0,0,0,0.0,0.0,0.0,0.0,4,1,15,janv.53,0.00,janv.53,janv.53,janv.53,0.05,0.00,0.05,0.05,0.05
Geoffrey Kondogbia,cf CTA,MF,Atlético Madrid,29,1993,20,10,1 006,11.févr,0,2,2,0,0,0,5,0,0.7,0.7,0.9,01.juin,6,42,5,0.00,0.18,0.18,0.00,0.18,0.07,0.08,0.14,0.07,0.14
Jules Koundé,fr FRA,DF,Barcelona,23,1998,29,28,2 426,27.0,1,3,4,1,0,0,2,0,01.janv,01.janv,02.août,03.sept,58,185,61,0.04,0.11,0.15,0.04,0.15,0.04,0.10,0.15,0.04,0.15
Toni Kroos,de GER,MF,Real Madrid,32,1990,30,25,2 155,23.sept,2,4,6,2,0,0,2,1,01.avr,01.avr,04.avr,05.sept,51,319,38,0.08,0.17,0.25,0.08,0.25,0.06,0.19,0.24,0.06,0.24
Takefusa Kubo,jp JPN,FW MF,Real Sociedad,21,2001,35,29,2 439,27.janv,9,4,13,9,0,0,3,0,05.sept,05.sept,6.0,11.sept,117,81,239,0.33,0.15,0.48,0.33,0.48,0.22,0.22,0.44,0.22,0.44
César de la Hoz,es ESP,MF,Almería,30,1992,25,18,1 673,18.juin,1,0,1,1,0,0,6,0,0.4,0.4,0.9,01.mars,3,49,6,0.05,0.00,0.05,0.05,0.05,0.02,0.05,0.07,0.02,0.07
Luca de la Torre,us USA,MF,Celta Vigo,24,1998,28,16,1 481,16.mai,0,2,2,0,0,0,6,0,01.janv,01.janv,01.mars,02.avr,55,62,73,0.00,0.12,0.12,0.00,0.12,0.06,0.08,0.15,0.06,0.15
Érik Lamela,ar ARG,FW MF,Sevilla,30,1992,32,20,1 844,20.mai,6,0,6,6,0,0,10,1,05.mars,05.mars,01.avr,06.juil,66,69,162,0.29,0.00,0.29,0.29,0.29,0.26,0.07,0.33,0.26,0.33
Cyle Larin,ca CAN,FW,Valladolid,27,1995,19,16,1 469,16.mars,8,3,11,6,2,2,4,0,07.mai,05.sept,02.juin,08.mai,25,17,72,0.49,0.18,0.67,0.37,0.55,0.46,0.16,0.62,0.36,0.52
Juanmi Latasa,es ESP,FW,Getafe,21,2001,18,2,448,5.0,1,0,1,1,0,0,2,0,01.janv,01.janv,0.6,01.juil,0,19,33,0.20,0.00,0.20,0.20,0.20,0.22,0.12,0.34,0.22,0.34
Toni Lato,es ESP,DF MF,Valencia,24,1997,24,9,914,10.févr,1,0,1,1,0,0,1,0,0.8,0.8,0.9,01.août,18,40,47,0.10,0.00,0.10,0.10,0.10,0.08,0.09,0.18,0.08,0.18
Player,Nation,Pos,Squad,Age,Born,MP,Starts,Min,90s,Gls,Ast,G+A,G-PK,PK,PKatt,CrdY,CrdR,xG,npxG,xAG,npxG+xAG,PrgC,PrgP,PrgR,Gls,Ast,G+A,G-PK,G+A-PK,xG,xAG,xG+xAG,npxG,npxG+xAG
Lázaro,br BRA,FW MF,Almería,20,2002,19,7,716,8.0,6,0,6,6,0,0,1,0,4.0,4.0,0.8,04.août,23,26,59,0.75,0.00,0.75,0.75,0.75,0.50,0.10,0.60,0.50,0.60
Robin Le Normand,es ESP,DF,Real Sociedad,25,1996,33,31,2 796,31.janv,0,0,0,0,0,0,6,0,1.0,1.0,0.1,1.0,26,122,2,0.00,0.00,0.00,0.00,0.00,0.03,0.00,0.03,0.03,0.03
Benjamin Lecomte,fr FRA,GK,Espanyol,31,1991,10,10,899,10.0,0,0,0,0,0,0,1,1,0.0,0.0,0.1,0.1,0,0,0,0.00,0.00,0.00,0.00,0.00,0.00,0.01,0.01,0.00,0.01
Jeremías Ledesma,ar ARG,GK,Cádiz,29,1993,34,34,3 06,34.0,0,0,0,0,0,0,2,0,0.0,0.0,0.0,0.1,0,0,0,0.00,0.00,0.00,0.00,0.00,0.00,0.00,0.00,0.00,0.00
Florian Lejeune,fr FRA,DF,Rayo Vallecano,31,1991,31,31,2 565,28.mai,4,0,4,4,0,0,6,3,02.août,02.août,0.3,03.janv,8,80,3,0.14,0.00,0.14,0.14,0.14,0.10,0.01,0.11,0.10,0.11
Iñigo Lekue,es ESP,DF,Athletic Club,29,1993,20,14,1 321,14.juil,0,1,1,0,0,0,1,0,0.2,0.2,0.7,0.9,42,64,59,0.00,0.07,0.07,0.00,0.07,0.02,0.05,0.06,0.02,0.06
Thomas Lemar,fr FRA,MF,Atlético Madrid,26,1995,27,17,1 252,13.sept,1,3,4,1,0,0,1,0,0.9,0.9,01.sept,02.sept,36,80,79,0.07,0.22,0.29,0.07,0.29,0.07,0.14,0.21,0.07,0.21
Sergio León,es ESP,FW,Valladolid,33,1989,29,14,1 334,14.août,6,1,7,5,1,2,0,1,03.sept,02.mars,01.févr,03.mai,21,22,75,0.40,0.07,0.47,0.34,0.40,0.26,0.08,0.34,0.16,0.23
Robert Lewandowski,pl POL,FW,Barcelona,33,1988,34,33,2 847,31.6,23,7,30,23,0,1,4,1,24.mars,23.mai,06.mars,29.août,51,100,248,0.73,0.22,0.95,0.73,0.95,0.77,0.20,0.97,0.74,0.94
Samuel Lino,br BRA,FW MF,Valencia,22,1999,38,33,2 887,32.1,6,1,7,6,0,0,4,0,07.août,07.juil,02.janv,09.août,144,93,260,0.19,0.03,0.22,0.19,0.22,0.24,0.07,0.31,0.24,0.31
Pol Lirola,es ESP,DF,Elche,24,1997,12,7,628,7.0,1,0,1,1,0,0,1,0,0.2,0.2,0.7,0.9,21,19,35,0.14,0.00,0.14,0.14,0.14,0.03,0.10,0.12,0.03,0.12
Javier Llabrés,es ESP,FW,Mallorca,19,2002,1,0,17,0.2,0,0,0,0,0,0,0,0,0.0,0.0,0.0,0.0,0,0,0,0.00,0.00,0.00,0.00,0.00,0.00,0.00,0.00,0.00,0.00
Marcos Llorente,es ESP,MF DF,Atlético Madrid,27,1995,22,21,1 703,18.sept,1,2,3,1,0,0,5,0,02.janv,02.janv,03.juin,05.juil,64,88,139,0.05,0.11,0.16,0.05,0.16,0.11,0.19,0.30,0.11,0.30
Giovani Lo Celso,ar ARG,MF FW,Villarreal,26,1996,22,14,1 126,12.mai,2,3,5,2,0,0,3,0,02.avr,02.avr,03.mars,05.juin,35,97,70,0.16,0.24,0.40,0.16,0.40,0.19,0.26,0.45,0.19,0.45
David López,es ESP,DF,Girona,32,1989,20,19,1 652,18.avr,3,1,4,3,0,0,5,0,01.mai,01.mai,0.6,02.janv,18,54,4,0.16,0.05,0.22,0.16,0.22,0.08,0.03,0.12,0.08,0.12
Diego López,es ESP,GK,Rayo Vallecano,40,1981,2,1,96,01.janv,0,0,0,0,0,0,0,0,0.0,0.0,0.0,0.0,0,0,0,0.00,0.00,0.00,0.00,0.00,0.00,0.00,0.00,0.00,0.00
Diego López,es ESP,FW MF,Valencia,20,2002,10,5,447,5.0,3,1,4,3,0,0,0,0,03.mai,03.mai,01.janv,04.juil,21,17,46,0.60,0.20,0.81,0.60,0.81,0.71,0.22,0.94,0.71,0.94
Unai López,es ESP,MF,Rayo Vallecano,26,1995,34,12,1 254,13.sept,1,2,3,1,0,0,2,0,01.mars,01.mars,01.avr,02.juil,17,98,43,0.07,0.14,0.22,0.07,0.22,0.09,0.10,0.19,0.09,0.19
Anthony Lozano,hn HON,FW,Cádiz,29,1993,28,14,1 443,16.0,1,1,2,1,0,0,6,0,02.juin,02.juin,0.8,03.mai,19,28,58,0.06,0.06,0.12,0.06,0.12,0.17,0.05,0.22,0.17,0.22
Pol Lozano,es ESP,MF,Espanyol,22,1999,4,0,17,0.2,0,0,0,0,0,0,1,0,0.0,0.0,0.0,0.0,0,0,0,0.00,0.00,0.00,0.00,0.00,0.00,0.00,0.00,0.00,0.00
José Luis Gayà,es ESP,DF,Valencia,27,1995,31,31,2 709,30.janv,1,3,4,1,0,1,4,0,01.sept,01.janv,05.mai,06.mai,74,124,200,0.03,0.10,0.13,0.03,0.13,0.06,0.18,0.24,0.04,0.22
José Luis Morales,es ESP,FW MF,Villarreal,35,1987,29,11,1 211,13.mai,7,0,7,7,0,0,2,0,06.mai,06.mai,01.juin,08.févr,40,15,92,0.52,0.00,0.52,0.52,0.52,0.49,0.12,0.61,0.49,0.61
Andriy Lunin,ua UKR,GK,Real Madrid,23,1999,7,7,630,7.0,0,0,0,0,0,0,0,0,0.0,0.0,0.0,0.0,0,0,0,0.00,0.00,0.00,0.00,0.00,0.00,0.00,0.00,0.00,0.00
Awer Mabil,au AUS,MF FW,Cádiz,26,1995,5,1,165,01.août,0,0,0,0,0,0,0,0,0.2,0.2,0.0,0.2,5,4,14,0.00,0.00,0.00,0.00,0.00,0.09,0.01,0.09,0.09,0.09
Darwin Machís,ve VEN,FW,Valladolid,29,1993,11,7,599,06.juil,0,1,1,0,0,0,1,0,01.janv,01.janv,02.janv,03.mars,29,10,53,0.00,0.15,0.15,0.00,0.15,0.17,0.32,0.49,0.17,0.49
Player,Nation,Pos,Squad,Age,Born,MP,Starts,Min,90s,Gls,Ast,G+A,G-PK,PK,PKatt,CrdY,CrdR,xG,npxG,xAG,npxG+xAG,PrgC,PrgP,PrgR,Gls,Ast,G+A,G-PK,G+A-PK,xG,xAG,xG+xAG,npxG,npxG+xAG
Pablo Maffeo,es ESP,DF,Mallorca,25,1997,35,34,2 975,33.1,2,4,6,2,0,0,6,1,01.août,01.août,3.0,04.août,67,61,134,0.06,0.12,0.18,0.06,0.18,0.05,0.09,0.14,0.05,0.14
Lisandro Magallán,ar ARG,DF,Elche,28,1993,14,11,902,10.0,0,0,0,0,0,0,0,1,0.6,0.6,0.1,0.7,2,16,0,0.00,0.00,0.00,0.00,0.00,0.06,0.01,0.07,0.06,0.07
Jon Magunazelaia,es ESP,MF FW,Real Sociedad,21,2001,2,0,65,0.7,0,0,0,0,0,0,0,0,0.0,0.0,0.4,0.4,2,0,3,0.00,0.00,0.00,0.00,0.00,0.03,0.56,0.59,0.03,0.59
Nemanja Maksimović,rs SRB,MF,Getafe,27,1995,29,26,2 053,22.août,0,0,0,0,0,0,3,0,01.août,01.août,0.6,02.mars,13,42,29,0.00,0.00,0.00,0.00,0.00,0.08,0.03,0.10,0.08,0.10
Hugo Mallo,es ESP,DF,Celta Vigo,31,1991,26,26,2 163,24.0,0,1,1,0,0,0,6,1,01.avr,01.avr,02.juin,03.sept,27,93,108,0.00,0.04,0.04,0.00,0.04,0.06,0.11,0.16,0.06,0.16
Mickael Malsa,mq MTQ,MF,Valladolid,26,1995,5,0,69,0.8,0,0,0,0,0,0,0,0,0.0,0.0,0.0,0.0,0,5,0,0.00,0.00,0.00,0.00,0.00,0.00,0.00,0.00,0.00,0.00
Giorgi Mamardashvili,ge GEO,GK,Valencia,21,2000,38,38,3 42,38.0,0,0,0,0,0,0,3,0,0.0,0.0,0.0,0.0,0,2,0,0.00,0.00,0.00,0.00,0.00,0.00,0.00,0.00,0.00,0.00
Reinildo Mandava,mz MOZ,DF,Atlético Madrid,28,1994,22,22,1 857,20.juin,0,0,0,0,0,0,4,0,0.4,0.4,0.5,0.9,28,70,41,0.00,0.00,0.00,0.00,0.00,0.02,0.03,0.04,0.02,0.04
Aïssa Mandi,dz ALG,DF,Villarreal,30,1991,21,16,1 461,16.févr,0,0,0,0,0,0,1,0,0.1,0.1,0.3,0.4,7,36,9,0.00,0.00,0.00,0.00,0.00,0.01,0.02,0.03,0.01,0.03
Marcão,br BRA,DF,Sevilla,26,1996,5,4,375,04.févr,0,0,0,0,0,0,2,0,0.0,0.0,0.0,0.0,1,13,0,0.00,0.00,0.00,0.00,0.00,0.00,0.00,0.00,0.00,0.00
Agustín Marchesín,ar ARG,GK,Celta Vigo,34,1988,19,19,1 71,19.0,0,0,0,0,0,0,2,0,0.0,0.0,0.0,0.0,0,1,0,0.00,0.00,0.00,0.00,0.00,0.00,0.00,0.00,0.00,0.00
Óscar de Marcos,es ESP,DF,Athletic Club,33,1989,37,32,2 819,31.mars,1,6,7,1,0,0,7,0,0.4,0.4,03.mai,4.0,76,204,153,0.03,0.19,0.22,0.03,0.22,0.01,0.11,0.13,0.01,0.13
Alberto Marí,es ESP,FW MF,Valencia,21,2001,5,0,86,1.0,1,0,1,1,0,0,1,0,0.2,0.2,0.0,0.2,1,1,6,01.mai,0.00,01.mai,01.mai,01.mai,0.25,0.00,0.25,0.25,0.25
José Mari,es ESP,MF,Cádiz,34,1987,18,2,397,04.avr,0,0,0,0,0,0,4,0,0.1,0.1,0.3,0.4,5,21,4,0.00,0.00,0.00,0.00,0.00,0.03,0.07,0.09,0.03,0.09
José María Giménez,uy URU,DF,Atlético Madrid,27,1995,28,26,2 423,26.sept,2,1,3,2,0,0,9,0,2.0,2.0,0.6,02.juin,9,63,3,0.07,0.04,0.11,0.07,0.11,0.07,0.02,0.10,0.07,0.10
Mariano,do DOM,FW,Real Madrid,28,1993,9,1,157,01.juil,0,0,0,0,0,0,2,0,0.6,0.6,0.4,1.0,3,2,12,0.00,0.00,0.00,0.00,0.00,0.32,0.25,0.57,0.32,0.57
Pablo Marín,es ESP,MF FW,Real Sociedad,19,2003,10,3,360,4.0,0,0,0,0,0,0,1,0,01.févr,01.févr,0.8,02.janv,9,15,24,0.00,0.00,0.00,0.00,0.00,0.31,0.20,0.51,0.31,0.51
Diego Mariño,es ESP,GK,Almería,32,1990,1,0,45,0.5,0,0,0,0,0,0,0,0,0.0,0.0,0.0,0.0,0,0,0,0.00,0.00,0.00,0.00,0.00,0.00,0.00,0.00,0.00,0.00
Roger Martí,es ESP,FW,Elche,31,1991,12,8,655,07.mars,0,1,1,0,0,0,2,0,0.6,0.6,0.7,01.févr,8,7,50,0.00,0.14,0.14,0.00,0.14,0.08,0.09,0.17,0.08,0.17
Roger Martí,es ESP,FW,Cádiz,31,1991,14,8,639,07.janv,1,0,1,1,0,0,1,0,02.mai,02.mai,0.5,02.sept,7,5,34,0.14,0.00,0.14,0.14,0.14,0.35,0.06,0.41,0.35,0.41
Ander Martin,es ESP,MF FW,Real Sociedad,21,2000,3,0,41,0.5,0,0,0,0,0,0,0,0,0.0,0.0,0.1,0.1,1,3,0,0.00,0.00,0.00,0.00,0.00,0.00,0.26,0.26,0.00,0.26
Andrés Martín,es ESP,FW MF,Rayo Vallecano,23,1999,9,3,205,02.mars,0,0,0,0,0,0,1,0,0.5,0.5,0.5,1.0,3,4,22,0.00,0.00,0.00,0.00,0.00,0.21,0.21,0.43,0.21,0.43
Carlos Martín,es ESP,FW MF,Atlético Madrid,20,2002,4,0,28,0.3,0,0,0,0,0,0,1,0,0.1,0.1,0.0,0.1,0,0,3,0.00,0.00,0.00,0.00,0.00,0.20,0.00,0.20,0.20,0.20
Iván Martín,es ESP,MF,Girona,23,1999,24,18,1 586,17.juin,3,3,6,3,0,0,2,0,02.avr,02.avr,02.févr,04.juil,30,56,82,0.17,0.17,0.34,0.17,0.34,0.14,0.13,0.27,0.14,0.27
Arnau Martinez,es ESP,DF,Girona,19,2003,33,32,2 732,30.avr,3,4,7,3,0,0,11,0,01.sept,01.sept,04.mars,06.mars,64,113,98,0.10,0.13,0.23,0.10,0.23,0.06,0.14,0.21,0.06,0.21
Player,Nation,Pos,Squad,Age,Born,MP,Starts,Min,90s,Gls,Ast,G+A,G-PK,PK,PKatt,CrdY,CrdR,xG,npxG,xAG,npxG+xAG,PrgC,PrgP,PrgR,Gls,Ast,G+A,G-PK,G+A-PK,xG,xAG,xG+xAG,npxG,npxG+xAG
Iñigo Martínez,es ESP,DF,Athletic Club,31,1991,15,15,1 338,14.sept,1,0,1,1,0,0,1,0,0.8,0.8,0.3,01.janv,11,60,4,0.07,0.00,0.07,0.07,0.07,0.06,0.02,0.08,0.06,0.08
Roger Martínez,es ESP,DF,Espanyol,18,2004,1,0,7,0.1,0,0,0,0,0,0,0,0,0.0,0.0,0.0,0.0,0,1,0,0.00,0.00,0.00,0.00,0.00,0.34,0.00,0.34,0.34,0.34
Omar Mascarell,gq EQG,MF DF,Elche,29,1993,28,28,2 447,27.févr,0,1,1,0,0,0,6,0,0.4,0.4,01.janv,01.mai,27,116,6,0.00,0.04,0.04,0.00,0.04,0.02,0.04,0.05,0.02,0.05
Jordi Masip,es ESP,GK,Valladolid,33,1989,28,28,2 507,27.sept,0,0,0,0,0,0,4,0,0.0,0.0,0.0,0.0,0,0,0,0.00,0.00,0.00,0.00,0.00,0.00,0.00,0.00,0.00,0.00
Jaime Mata,es ESP,FW MF,Getafe,33,1988,18,5,437,04.sept,1,1,2,1,0,0,5,0,01.sept,01.sept,01.mars,03.févr,2,10,33,0.21,0.21,0.41,0.21,0.41,0.40,0.27,0.66,0.40,0.66
Borja Mayoral,es ESP,FW,Getafe,25,1997,35,33,2 759,30.juil,8,2,10,8,0,2,4,0,07.sept,06.mars,02.juil,9.0,58,64,166,0.26,0.07,0.33,0.26,0.33,0.26,0.09,0.35,0.20,0.29
Mamadou Mbaye,sn SEN,DF,Cádiz,24,1998,14,7,760,08.avr,0,0,0,0,0,0,2,0,0.1,0.1,0.2,0.3,2,13,1,0.00,0.00,0.00,0.00,0.00,0.01,0.03,0.04,0.01,0.04
Fernando Medrano,es ESP,DF,Celta Vigo,22,2000,1,0,13,0.1,0,0,0,0,0,0,0,0,0.0,0.0,0.0,0.0,0,0,0,0.00,0.00,0.00,0.00,0.00,0.00,0.00,0.00,0.00,0.00
Gonzalo Melero,es ESP,MF,Almería,28,1994,27,24,1 855,20.juin,4,3,7,3,1,1,5,0,3.0,02.mars,01.août,4.0,31,97,37,0.19,0.15,0.34,0.15,0.29,0.15,0.08,0.23,0.11,0.19
Memphis,nl NED,FW,Atlético Madrid,28,1994,8,3,270,3.0,4,0,4,4,0,0,1,0,3.0,3.0,0.5,03.avr,4,8,22,janv.33,0.00,janv.33,janv.33,janv.33,0.99,0.16,janv.14,0.99,janv.14
Memphis,nl NED,FW,Barcelona,28,1994,2,2,114,01.mars,1,0,1,1,0,0,0,0,0.9,0.9,0.1,1.0,2,7,19,0.79,0.00,0.79,0.79,0.79,0.68,0.11,0.79,0.68,0.79
Houboulang Mendes,gw GNB,DF,Almería,24,1998,14,11,886,09.août,0,1,1,0,0,0,2,0,0.0,0.0,0.3,0.3,18,18,30,0.00,0.10,0.10,0.00,0.10,0.00,0.03,0.03,0.00,0.03
Brais Méndez,es ESP,MF,Real Sociedad,25,1997,34,28,2 407,26.juil,8,4,12,8,0,0,6,0,05.juin,05.juin,03.juil,09.mars,41,137,138,0.30,0.15,0.45,0.30,0.45,0.21,0.14,0.35,0.21,0.35
Diego Méndez,es ESP,MF,Rayo Vallecano,18,2003,1,0,1,0.0,0,0,0,0,0,0,0,0,0.0,0.0,0.0,0.0,0,0,0,0.00,0.00,0.00,0.00,0.00,0.00,0.00,0.00,0.00,0.00
Ferland Mendy,fr FRA,DF,Real Madrid,27,1995,18,17,1 351,15.0,0,1,1,0,0,0,2,0,0.3,0.3,0.6,0.9,23,56,73,0.00,0.07,0.07,0.00,0.07,0.02,0.04,0.06,0.02,0.06
Jorge Meré,es ESP,DF,Cádiz,25,1997,10,6,601,06.juil,0,0,0,0,0,0,0,0,0.2,0.2,0.0,0.2,1,14,0,0.00,0.00,0.00,0.00,0.00,0.03,0.00,0.03,0.03,0.03
Mikel Merino,es ESP,MF,Real Sociedad,26,1996,33,28,2 494,27.juil,2,9,11,2,0,1,5,1,04.avr,03.juin,05.juil,09.mars,30,172,107,0.07,0.32,0.40,0.07,0.40,0.16,0.20,0.36,0.13,0.34
Roque Mesa,es ESP,MF,Valladolid,33,1989,29,20,1 617,18.0,2,1,3,2,0,0,11,1,01.avr,01.avr,1.0,02.avr,29,116,24,0.11,0.06,0.17,0.11,0.17,0.08,0.06,0.13,0.08,0.13
Éder Militão,br BRA,DF,Real Madrid,24,1998,33,30,2 703,30.0,5,0,5,5,0,0,4,0,02.avr,02.avr,0.6,02.sept,28,98,16,0.17,0.00,0.17,0.17,0.17,0.08,0.02,0.10,0.08,0.10
Luis Milla,es ESP,MF,Getafe,27,1994,27,22,1 856,20.juin,0,3,3,0,0,0,6,1,0.3,0.3,01.mars,01.mai,15,104,7,0.00,0.15,0.15,0.00,0.15,0.01,0.06,0.07,0.01,0.07
Pere Milla,es ESP,FW MF,Elche,29,1992,31,21,1 843,20.mai,6,1,7,3,3,3,7,0,05.avr,3.0,01.févr,04.févr,23,65,83,0.29,0.05,0.34,0.15,0.20,0.26,0.06,0.32,0.15,0.20
Marko Milovanović,rs SRB,FW,Almería,18,2003,2,0,15,0.2,0,0,0,0,0,0,1,0,0.1,0.1,0.0,0.1,0,1,3,0.00,0.00,0.00,0.00,0.00,0.30,0.00,0.30,0.30,0.30
Óscar Mingueza,es ESP,DF,Celta Vigo,23,1999,21,13,1 284,14.mars,0,0,0,0,0,0,2,0,0.4,0.4,01.avr,01.juil,24,69,40,0.00,0.00,0.00,0.00,0.00,0.03,0.10,0.12,0.03,0.12
Rafa Mir,es ESP,FW,Sevilla,25,1997,26,16,1 298,14.avr,6,0,6,6,0,0,1,0,07.avr,07.avr,1.0,08.avr,12,11,54,0.42,0.00,0.42,0.42,0.42,0.51,0.07,0.58,0.51,0.58
Juan Miranda,es ESP,DF,Betis,22,2000,21,16,1 472,16.avr,3,2,5,3,0,0,1,1,02.avr,02.avr,02.sept,05.mars,26,73,87,0.18,0.12,0.31,0.18,0.31,0.14,0.18,0.32,0.14,0.32
Player,Nation,Pos,Squad,Age,Born,MP,Starts,Min,90s,Gls,Ast,G+A,G-PK,PK,PKatt,CrdY,CrdR,xG,npxG,xAG,npxG+xAG,PrgC,PrgP,PrgR,Gls,Ast,G+A,G-PK,G+A-PK,xG,xAG,xG+xAG,npxG,npxG+xAG
Stefan Mitrović,rs SRB,DF,Getafe,32,1990,22,18,1 68,18.juil,0,0,0,0,0,0,5,0,0.1,0.1,0.0,0.1,1,17,1,0.00,0.00,0.00,0.00,0.00,0.01,0.00,0.01,0.01,0.01
Luka Modrić,hr CRO,MF,Real Madrid,36,1985,33,19,1 744,19.avr,4,3,7,3,1,1,7,0,04.févr,03.avr,04.mai,8.0,50,182,87,0.21,0.15,0.36,0.15,0.31,0.22,0.23,0.45,0.18,0.41
Johan Mojica,co COL,DF,Villarreal,29,1992,17,5,642,07.janv,0,0,0,0,0,0,0,0,0.1,0.1,0.9,0.9,27,19,38,0.00,0.00,0.00,0.00,0.00,0.01,0.12,0.13,0.01,0.13
Johan Mojica,co COL,DF MF,Elche,29,1992,3,3,270,3.0,0,0,0,0,0,0,2,0,0.1,0.1,0.3,0.4,14,9,11,0.00,0.00,0.00,0.00,0.00,0.04,0.09,0.13,0.04,0.13
Nahuel Molina,ar ARG,DF,Atlético Madrid,24,1998,33,33,2 867,31.9,4,2,6,4,0,0,7,1,02.juin,02.juin,03.sept,06.mai,73,112,249,0.13,0.06,0.19,0.13,0.19,0.08,0.12,0.20,0.08,0.20
Jon Moncayola,es ESP,MF DF,Osasuna,24,1998,37,25,2 448,27.févr,1,3,4,1,0,0,6,0,2.0,2.0,01.août,03.août,34,175,50,0.04,0.11,0.15,0.04,0.15,0.07,0.07,0.14,0.07,0.14
Monchu,es ESP,MF,Valladolid,22,1999,33,23,2 031,22.juin,3,2,5,3,0,0,10,0,02.avr,02.avr,2.0,04.avr,17,111,25,0.13,0.09,0.22,0.13,0.22,0.11,0.09,0.20,0.11,0.20
César Montes,mx MEX,DF,Espanyol,25,1997,20,18,1 59,17.juil,3,0,3,3,0,0,6,0,0.9,0.9,0.0,0.9,13,41,4,0.17,0.00,0.17,0.17,0.17,0.05,0.00,0.05,0.05,0.05
Gonzalo Montiel,ar ARG,DF,Sevilla,25,1997,28,17,1 524,16.sept,0,3,3,0,0,0,8,1,0.8,0.8,02.janv,02.sept,34,57,87,0.00,0.18,0.18,0.00,0.18,0.04,0.13,0.17,0.04,0.17
Martín Montoya,es ESP,DF,Betis,31,1991,6,6,453,5.0,0,0,0,0,0,0,1,0,0.0,0.0,0.7,0.7,6,16,12,0.00,0.00,0.00,0.00,0.00,0.01,0.14,0.15,0.01,0.15
Álvaro Morata,es ESP,FW,Atlético Madrid,29,1992,36,23,1 9,21.janv,13,2,15,13,0,0,4,0,11.sept,11.sept,2.0,13.août,33,17,102,0.62,0.09,0.71,0.62,0.71,0.56,0.09,0.66,0.56,0.66
Jon Morcillo,es ESP,FW MF,Athletic Club,23,1998,10,0,76,0.8,0,1,1,0,0,0,0,0,0.1,0.1,0.3,0.5,6,2,15,0.00,janv.18,janv.18,0.00,janv.18,0.20,0.42,0.62,0.20,0.62
Alberto Moreno,es ESP,DF,Villarreal,30,1992,24,14,1 296,14.avr,0,1,1,0,0,0,7,0,0.9,0.9,01.avr,02.mars,41,47,97,0.00,0.07,0.07,0.00,0.07,0.07,0.10,0.16,0.07,0.16
Álex Moreno,es ESP,DF,Betis,29,1993,15,15,1 35,15.0,0,3,3,0,0,0,1,0,01.mars,01.mars,01.mai,02.juil,49,44,76,0.00,0.20,0.20,0.00,0.20,0.08,0.10,0.18,0.08,0.18
Diego Moreno,es ESP,DF,Osasuna,21,2001,11,7,638,07.janv,0,0,0,0,0,0,1,0,0.4,0.4,0.2,0.6,9,14,19,0.00,0.00,0.00,0.00,0.00,0.06,0.02,0.08,0.06,0.08
Gerard Moreno,es ESP,FW,Villarreal,30,1992,21,14,1 23,13.juil,7,3,10,6,1,2,4,0,9.0,07.mai,02.juil,10.janv,21,68,108,0.51,0.22,0.73,0.44,0.66,0.66,0.19,0.86,0.55,0.74
Tete Morente,es ESP,MF DF,Elche,25,1996,32,23,2 068,23.0,4,0,4,4,0,0,5,0,04.févr,04.févr,01.janv,05.mars,60,63,193,0.17,0.00,0.17,0.17,0.17,0.18,0.05,0.23,0.18,0.23
Ilaix Moriba,gn GUI,MF,Valencia,19,2003,24,10,1 011,11.févr,0,2,2,0,0,0,6,2,01.févr,01.févr,1.0,02.févr,16,67,30,0.00,0.18,0.18,0.00,0.18,0.11,0.09,0.19,0.11,0.19
Manu Morlanes,es ESP,MF,Villarreal,23,1999,4,2,158,01.août,0,0,0,0,0,0,0,1,0.0,0.0,0.0,0.0,1,6,1,0.00,0.00,0.00,0.00,0.00,0.00,0.00,0.00,0.00,0.00
Manu Morlanes,es ESP,MF,Mallorca,23,1999,12,9,706,07.août,1,0,1,1,0,0,3,0,0.3,0.3,0.7,1.0,10,26,6,0.13,0.00,0.13,0.13,0.13,0.03,0.09,0.12,0.03,0.12
Loren Morón,es ESP,FW,Betis,28,1993,2,0,15,0.2,0,0,0,0,0,0,1,0,0.0,0.0,0.0,0.0,0,0,0,0.00,0.00,0.00,0.00,0.00,0.00,0.00,0.00,0.00,0.00
Cristhian Mosquera,es ESP,DF,Valencia,18,2004,3,1,145,01.juin,0,0,0,0,0,0,0,0,0.2,0.2,0.0,0.2,0,1,1,0.00,0.00,0.00,0.00,0.00,0.12,0.00,0.12,0.12,0.12
Abdul Mumin,gh GHA,DF,Rayo Vallecano,24,1998,16,9,922,10.févr,0,0,0,0,0,0,2,0,0.4,0.4,0.0,0.4,5,19,1,0.00,0.00,0.00,0.00,0.00,0.04,0.00,0.04,0.04,0.04
Iker Muniain,es ESP,MF FW,Athletic Club,29,1992,30,19,1 689,18.août,0,3,3,0,0,0,2,0,3.0,3.0,03.sept,06.sept,50,154,103,0.00,0.16,0.16,0.00,0.16,0.16,0.21,0.37,0.16,0.37
Aihen Muñoz,es ESP,DF,Real Sociedad,24,1997,23,20,1 756,19.mai,0,1,1,0,0,0,2,0,0.2,0.2,0.9,01.janv,37,57,87,0.00,0.05,0.05,0.00,0.05,0.01,0.05,0.06,0.01,0.06
Player,Nation,Pos,Squad,Age,Born,MP,Starts,Min,90s,Gls,Ast,G+A,G-PK,PK,PKatt,CrdY,CrdR,xG,npxG,xAG,npxG+xAG,PrgC,PrgP,PrgR,Gls,Ast,G+A,G-PK,G+A-PK,xG,xAG,xG+xAG,npxG,npxG+xAG
Iker Muñoz,es ESP,MF,Osasuna,19,2002,8,2,254,02.août,0,0,0,0,0,0,0,0,0.1,0.1,0.0,0.1,0,12,4,0.00,0.00,0.00,0.00,0.00,0.02,0.00,0.02,0.02,0.02
Pablo Muñoz,es ESP,MF,Rayo Vallecano,18,2003,2,0,12,0.1,0,0,0,0,0,0,0,0,0.0,0.0,0.0,0.0,0,1,1,0.00,0.00,0.00,0.00,0.00,0.00,0.00,0.00,0.00,0.00
Vedat Muriqi,xk KVX,FW,Mallorca,28,1994,35,34,2 937,32.6,15,3,18,11,4,5,6,1,12.mai,08.juin,02.janv,10.juin,28,60,152,0.46,0.09,0.55,0.34,0.43,0.38,0.06,0.45,0.26,0.33
Yunus Musah,us USA,MF,Valencia,19,2002,33,26,2 11,23.avr,0,2,2,0,0,0,10,1,01.août,01.août,01.août,03.juin,72,93,101,0.00,0.09,0.09,0.00,0.09,0.08,0.08,0.15,0.08,0.15
Francisco Mwepu,zm ZAM,FW,Cádiz,22,2000,1,0,21,0.2,0,0,0,0,0,0,0,0,0.0,0.0,0.0,0.0,0,1,2,0.00,0.00,0.00,0.00,0.00,0.00,0.00,0.00,0.00,0.00
Nacho,es ESP,DF,Real Madrid,32,1990,27,18,1 637,18.févr,1,1,2,1,0,0,7,0,0.8,0.8,0.9,01.juil,18,75,34,0.05,0.05,0.11,0.05,0.11,0.04,0.05,0.09,0.04,0.09
Juanjo Narváez,co COL,MF FW,Valladolid,27,1995,5,1,148,01.juin,0,0,0,0,0,0,0,0,0.2,0.2,0.0,0.2,0,0,9,0.00,0.00,0.00,0.00,0.00,0.11,0.00,0.11,0.11,0.11
Matija Nastasić,rs SRB,DF,Mallorca,29,1993,14,10,906,10.janv,1,0,1,1,0,0,3,0,0.5,0.5,0.0,0.5,4,25,1,0.10,0.00,0.10,0.10,0.10,0.05,0.00,0.05,0.05,0.05
Roberto Navarro,es ESP,MF FW,Real Sociedad,20,2002,17,1,351,03.sept,0,0,0,0,0,0,2,0,1.0,1.0,01.févr,02.mars,17,13,28,0.00,0.00,0.00,0.00,0.00,0.26,0.32,0.58,0.26,0.58
Jesús Navas,es ESP,DF FW,Sevilla,36,1985,32,21,1 981,22.0,0,0,0,0,0,0,5,0,0.3,0.3,02.août,03.janv,46,99,207,0.00,0.00,0.00,0.00,0.00,0.01,0.13,0.14,0.01,0.14
Álvaro Negredo,es ESP,FW,Cádiz,36,1985,21,9,757,08.avr,1,2,3,1,0,0,0,0,01.août,01.août,02.avr,04.févr,4,17,22,0.12,0.24,0.36,0.12,0.36,0.21,0.28,0.50,0.21,0.50
Tanguy Nianzou,fr FRA,DF,Sevilla,20,2002,19,16,1 366,15.févr,1,0,1,1,0,0,1,1,0.5,0.5,0.0,0.5,4,66,0,0.07,0.00,0.07,0.07,0.07,0.03,0.00,0.03,0.03,0.03
Saúl Ñíguez,es ESP,MF DF,Atlético Madrid,27,1994,31,11,1 1,12.févr,3,1,4,3,0,0,8,0,02.avr,02.avr,0.7,3.0,12,34,47,0.25,0.08,0.33,0.25,0.33,0.20,0.05,0.25,0.20,0.25
Fernando Niño,es ESP,MF FW,Villarreal,21,2000,3,0,22,0.2,0,0,0,0,0,0,0,0,0.1,0.1,0.0,0.1,0,0,4,0.00,0.00,0.00,0.00,0.00,0.31,0.00,0.31,0.31,0.31
Randy Nteka,ao ANG,FW MF,Elche,24,1997,14,10,726,08.janv,0,0,0,0,0,0,1,0,01.mars,01.mars,0.9,02.févr,13,13,43,0.00,0.00,0.00,0.00,0.00,0.16,0.12,0.28,0.16,0.28
Randy Nteka,ao ANG,FW MF,Rayo Vallecano,24,1997,10,0,116,01.mars,0,0,0,0,0,0,0,1,0.2,0.2,0.0,0.3,3,6,7,0.00,0.00,0.00,0.00,0.00,0.19,0.01,0.20,0.19,0.20
Unai Núñez,es ESP,DF,Celta Vigo,25,1997,36,35,3 151,35.0,0,0,0,0,0,0,8,0,01.févr,01.févr,0.1,01.mars,31,146,5,0.00,0.00,0.00,0.00,0.00,0.03,0.00,0.04,0.03,0.04
Jan Oblak,si SVN,GK,Atlético Madrid,29,1993,28,28,2 492,27.juil,0,0,0,0,0,0,1,0,0.0,0.0,0.0,0.0,0,0,0,0.00,0.00,0.00,0.00,0.00,0.00,0.00,0.00,0.00,0.00
Brian Ocampo,uy URU,MF FW,Cádiz,23,1999,18,15,1 119,12.avr,1,1,2,1,0,0,2,0,0.5,0.5,01.juil,02.févr,40,22,81,0.08,0.08,0.16,0.08,0.16,0.04,0.14,0.18,0.04,0.18
Lucas Ocampos,ar ARG,FW MF,Sevilla,28,1994,19,11,1 165,12.sept,4,0,4,1,3,3,7,0,04.mai,02.janv,01.avr,03.mai,33,37,113,0.31,0.00,0.31,0.08,0.08,0.35,0.11,0.45,0.17,0.27
Álvaro Odriozola,es ESP,DF,Real Madrid,26,1995,3,0,39,0.4,0,0,0,0,0,0,0,0,0.2,0.2,0.3,0.5,4,2,5,0.00,0.00,0.00,0.00,0.00,0.56,0.66,janv.22,0.56,janv.22
Olasagasti,es ESP,MF DF,Real Sociedad,21,2000,3,0,65,0.7,0,0,0,0,0,0,0,0,0.0,0.0,0.0,0.0,2,2,3,0.00,0.00,0.00,0.00,0.00,0.07,0.00,0.07,0.07,0.07
Lucas Olaza,uy URU,DF,Valladolid,28,1994,23,16,1 494,16.juin,0,1,1,0,0,0,3,0,0.4,0.4,1.0,01.avr,12,66,90,0.00,0.06,0.06,0.00,0.06,0.02,0.06,0.08,0.02,0.08
Brian Oliván,es ESP,DF,Espanyol,28,1994,30,29,2 403,26.juil,1,7,8,1,0,0,7,0,0.6,0.6,04.mars,04.sept,48,80,139,0.04,0.26,0.30,0.04,0.30,0.02,0.16,0.18,0.02,0.18
Lucas Oliveira Rosa,br BRA,DF,Valladolid,22,2000,17,11,931,10.mars,0,1,1,0,0,0,3,0,0.4,0.4,1.0,01.avr,24,22,61,0.00,0.10,0.10,0.00,0.10,0.03,0.10,0.13,0.03,0.13
Player,Nation,Pos,Squad,Age,Born,MP,Starts,Min,90s,Gls,Ast,G+A,G-PK,PK,PKatt,CrdY,CrdR,xG,npxG,xAG,npxG+xAG,PrgC,PrgP,PrgR,Gls,Ast,G+A,G-PK,G+A-PK,xG,xAG,xG+xAG,npxG,npxG+xAG
Aimar Oroz,es ESP,MF FW,Osasuna,20,2001,31,23,2 013,22.avr,3,6,9,2,1,1,6,0,03.juin,02.août,02.août,05.mai,35,86,144,0.13,0.27,0.40,0.09,0.36,0.16,0.12,0.28,0.12,0.25
Pedro Ortiz,es ESP,MF,Sevilla,21,2000,1,0,1,0.0,0,0,0,0,0,0,0,0,0.0,0.0,0.0,0.0,0,0,0,0.00,0.00,0.00,0.00,0.00,0.00,0.00,0.00,0.00,0.00
Mikel Oyarzabal,es ESP,FW MF,Real Sociedad,25,1997,23,14,1 214,13.mai,4,1,5,2,2,3,1,0,04.juin,02.mars,02.févr,04.mai,27,29,122,0.30,0.07,0.37,0.15,0.22,0.34,0.16,0.51,0.17,0.33
Cenk Özkacar,tr TUR,DF,Valencia,21,2000,17,14,1 365,15.févr,0,0,0,0,0,0,1,0,0.8,0.8,0.2,1.0,23,61,2,0.00,0.00,0.00,0.00,0.00,0.05,0.02,0.07,0.05,0.07
Fernando Pacheco,es ESP,GK,Almería,30,1992,1,1,90,1.0,0,0,0,0,0,0,0,0,0.0,0.0,0.0,0.0,0,0,0,0.00,0.00,0.00,0.00,0.00,0.00,0.00,0.00,0.00,0.00
Fernando Pacheco,es ESP,GK,Espanyol,30,1992,16,16,1 44,16.0,0,0,0,0,0,0,0,0,0.0,0.0,0.2,0.2,0,2,0,0.00,0.00,0.00,0.00,0.00,0.00,0.02,0.02,0.00,0.02
Jon Pacheco,es ESP,DF,Real Sociedad,21,2001,17,12,1 193,13.mars,0,1,1,0,0,0,2,0,0.1,0.1,0.1,0.2,18,48,0,0.00,0.08,0.08,0.00,0.08,0.01,0.01,0.01,0.01,0.01
Gonçalo Paciência,pt POR,FW MF,Celta Vigo,27,1994,25,5,662,07.avr,2,0,2,2,0,0,2,1,01.sept,01.sept,0.6,02.mai,7,11,43,0.27,0.00,0.27,0.27,0.27,0.26,0.08,0.33,0.26,0.33
Helibelton Palacios,co COL,DF,Elche,29,1993,24,23,1 915,21.mars,0,0,0,0,0,0,6,0,0.4,0.4,0.7,01.janv,25,51,25,0.00,0.00,0.00,0.00,0.00,0.02,0.04,0.05,0.02,0.05
Isaac Palazón Camacho,es ESP,FW MF,Rayo Vallecano,27,1994,37,36,2 965,32.9,9,5,14,8,1,3,4,0,07.juil,05.mars,05.févr,10.mai,49,127,181,0.27,0.15,0.42,0.24,0.39,0.23,0.16,0.39,0.16,0.32
Aitor Paredes,es ESP,DF,Athletic Club,22,2000,16,9,859,09.mai,0,0,0,0,0,0,3,0,0.5,0.5,0.4,0.9,4,33,8,0.00,0.00,0.00,0.00,0.00,0.05,0.04,0.09,0.05,0.09
Daniel Parejo,es ESP,MF,Villarreal,33,1989,37,37,3 285,36.5,3,4,7,1,2,4,6,0,04.juil,01.mars,04.janv,05.avr,26,250,32,0.08,0.11,0.19,0.03,0.14,0.13,0.11,0.24,0.04,0.15
Moises Parra Gutierrez,es ESP,FW,Getafe,20,2002,1,0,10,0.1,0,0,0,0,0,0,0,0,0.0,0.0,0.0,0.0,0,0,0,0.00,0.00,0.00,0.00,0.00,0.00,0.00,0.00,0.00,0.00
Raúl Parra,es ESP,DF,Cádiz,22,1999,6,4,310,03.avr,0,0,0,0,0,0,1,0,0.0,0.0,0.0,0.0,0,7,4,0.00,0.00,0.00,0.00,0.00,0.00,0.01,0.01,0.00,0.01
Pascu,es ESP,DF FW,Villarreal,19,2003,2,0,10,0.1,1,0,1,1,0,0,0,0,0.1,0.1,0.0,0.1,1,1,2,9.00,0.00,9.00,9.00,9.00,janv.27,0.00,janv.27,janv.27,janv.27
Javier Pastore,ar ARG,MF,Elche,33,1989,1,0,5,0.1,0,0,0,0,0,0,0,0,0.0,0.0,0.0,0.0,2,1,2,0.00,0.00,0.00,0.00,0.00,0.00,0.00,0.00,0.00,0.00
Gabriel Paulista,br BRA,DF,Valencia,31,1990,21,18,1 504,16.juil,1,0,1,1,0,0,4,2,0.7,0.7,0.3,0.9,12,61,1,0.06,0.00,0.06,0.06,0.06,0.04,0.02,0.05,0.04,0.05
Alfonso Pedraza,es ESP,DF,Villarreal,26,1996,26,20,1 633,18.janv,0,3,3,0,0,0,5,0,01.févr,01.févr,2.0,03.févr,68,31,145,0.00,0.17,0.17,0.00,0.17,0.07,0.11,0.18,0.07,0.18
Pedri,es ESP,MF,Barcelona,19,2002,26,22,1 976,22.0,6,1,7,6,0,0,2,0,04.sept,04.sept,5.0,09.sept,67,184,99,0.27,0.05,0.32,0.27,0.32,0.22,0.23,0.45,0.22,0.45
Adrià Pedrosa,es ESP,DF MF,Espanyol,24,1998,7,2,229,02.mai,0,0,0,0,0,0,0,0,0.1,0.1,0.7,0.7,7,4,21,0.00,0.00,0.00,0.00,0.00,0.02,0.26,0.28,0.02,0.28
Iñaki Peña ,es ESP,GK,Barcelona,23,1999,2,0,73,0.8,0,0,0,0,0,0,0,0,0.0,0.0,0.0,0.0,0,0,0,0.00,0.00,0.00,0.00,0.00,0.00,0.00,0.00,0.00,0.00
Rubén Peña,es ESP,DF MF,Osasuna,31,1991,20,14,1 277,14.févr,0,1,1,0,0,0,2,1,01.févr,01.févr,1.0,02.févr,32,61,59,0.00,0.07,0.07,0.00,0.07,0.08,0.07,0.15,0.08,0.15
Alberto Perea,es ESP,MF,Cádiz,31,1990,1,1,45,0.5,0,0,0,0,0,0,0,0,0.0,0.0,0.0,0.0,0,2,2,0.00,0.00,0.00,0.00,0.00,0.00,0.00,0.00,0.00,0.00
Ayoze Pérez,es ESP,FW MF,Betis,29,1993,19,17,1 386,15.avr,3,1,4,3,0,0,3,0,04.juin,04.juin,2.0,06.juin,51,39,102,0.19,0.06,0.26,0.19,0.26,0.30,0.13,0.43,0.30,0.43
Carles Pérez,es ESP,MF FW,Celta Vigo,24,1998,35,23,2 144,23.août,3,5,8,3,0,0,5,0,02.juil,02.juil,2.0,04.juil,93,66,185,0.13,0.21,0.34,0.13,0.34,0.12,0.08,0.20,0.12,0.20
Player,Nation,Pos,Squad,Age,Born,MP,Starts,Min,90s,Gls,Ast,G+A,G-PK,PK,PKatt,CrdY,CrdR,xG,npxG,xAG,npxG+xAG,PrgC,PrgP,PrgR,Gls,Ast,G+A,G-PK,G+A-PK,xG,xAG,xG+xAG,npxG,npxG+xAG
Francisco Perez,es ESP,FW MF,Valencia,19,2002,7,0,141,01.juin,0,0,0,0,0,0,2,0,0.0,0.0,0.0,0.0,7,8,15,0.00,0.00,0.00,0.00,0.00,0.01,0.00,0.01,0.01,0.01
Kike Pérez,es ESP,MF,Valladolid,25,1997,36,28,2 307,25.juin,1,2,3,1,0,0,9,0,02.mars,02.mars,02.févr,04.mai,54,134,82,0.04,0.08,0.12,0.04,0.12,0.09,0.09,0.17,0.09,0.17
Lucas Pérez,es ESP,FW,Cádiz,33,1988,14,5,628,7.0,3,0,3,3,0,0,3,0,2.0,2.0,0.6,02.mai,8,14,24,0.43,0.00,0.43,0.43,0.43,0.28,0.08,0.36,0.28,0.36
Luis Pérez,es ESP,DF,Valladolid,27,1995,18,15,1 213,13.mai,0,1,1,0,0,0,2,0,0.1,0.1,0.9,1.0,24,42,84,0.00,0.07,0.07,0.00,0.07,0.01,0.07,0.08,0.01,0.08
Germán Pezzella,ar ARG,DF,Betis,31,1991,31,29,2 511,27.sept,0,0,0,0,0,0,4,3,0.9,0.9,0.2,01.janv,8,54,3,0.00,0.00,0.00,0.00,0.00,0.03,0.01,0.04,0.03,0.04
Ronaël Pierre-Gabriel,fr FRA,DF,Espanyol,24,1998,8,2,236,02.juin,1,0,1,1,0,0,2,1,0.2,0.2,0.3,0.4,7,7,16,0.38,0.00,0.38,0.38,0.38,0.06,0.11,0.16,0.06,0.16
Yeremi Pino,es ESP,FW MF,Villarreal,19,2002,36,31,2 447,27.févr,4,6,10,4,0,0,8,0,8.0,8.0,05.juil,13.juil,65,62,256,0.15,0.22,0.37,0.15,0.37,0.29,0.21,0.50,0.29,0.50
Gerard Piqué,es ESP,DF,Barcelona,35,1987,6,4,384,04.mars,0,0,0,0,0,0,2,1,0.4,0.4,0.0,0.4,3,35,1,0.00,0.00,0.00,0.00,0.00,0.09,0.01,0.09,0.09,0.09
Óscar Plano,es ESP,FW MF,Valladolid,31,1991,33,22,2 038,22.juin,1,1,2,1,0,0,3,0,02.août,02.août,01.juin,04.avr,30,73,95,0.04,0.04,0.09,0.04,0.09,0.12,0.07,0.19,0.12,0.19
Gonzalo Plata,ec ECU,FW,Valladolid,21,2000,34,26,2 302,25.juin,1,5,6,1,0,0,1,0,03.juil,03.juil,03.janv,06.août,97,54,213,0.04,0.20,0.23,0.04,0.23,0.15,0.12,0.27,0.15,0.27
Ezequiel Ponce,ar ARG,FW MF,Elche,25,1997,34,8,1 129,12.mai,4,0,4,4,0,0,2,1,03.juin,03.juin,0.7,04.mars,10,19,51,0.32,0.00,0.32,0.32,0.32,0.29,0.05,0.34,0.29,0.34
Francisco Portillo,es ESP,MF FW,Almería,32,1990,27,4,722,8.0,2,1,3,2,0,0,1,0,0.7,0.7,1.0,01.juil,16,74,37,0.25,0.12,0.37,0.25,0.37,0.09,0.13,0.21,0.09,0.21
Portu,es ESP,MF DF,Getafe,30,1992,34,17,1 77,19.juil,0,3,3,0,0,0,7,1,01.juil,01.juil,01.sept,03.juin,42,40,130,0.00,0.15,0.15,0.00,0.15,0.09,0.09,0.18,0.09,0.18
José Pozo,es ESP,MF FW,Rayo Vallecano,26,1996,8,1,88,1.0,0,0,0,0,0,0,0,0,0.0,0.0,0.1,0.1,5,6,7,0.00,0.00,0.00,0.00,0.00,0.04,0.10,0.14,0.04,0.14
Manuel Pozo,es ESP,FW,Valladolid,20,2001,1,0,19,0.2,0,0,0,0,0,0,0,0,0.1,0.1,0.0,0.1,0,1,1,0.00,0.00,0.00,0.00,0.00,0.49,0.17,0.66,0.49,0.66
Alejandro Pozo Pozo,es ESP,DF,Almería,23,1999,30,20,1 88,20.sept,0,3,3,0,0,0,2,0,0.5,0.5,03.juin,04.févr,44,64,90,0.00,0.14,0.14,0.00,0.14,0.03,0.17,0.20,0.03,0.20
Abdón Prats,es ESP,FW MF,Mallorca,29,1992,26,2,416,04.juin,1,1,2,1,0,0,1,0,0.7,0.7,01.avr,02.janv,1,8,15,0.22,0.22,0.43,0.22,0.43,0.15,0.31,0.45,0.15,0.45
Javi Puado,es ESP,FW MF,Espanyol,24,1998,37,25,2 34,26.0,7,2,9,7,0,0,4,0,07.août,07.août,02.juin,10.avr,60,58,117,0.27,0.08,0.35,0.27,0.35,0.30,0.10,0.40,0.30,0.40
Arnau Puigmal,es ESP,MF FW,Almería,21,2001,22,7,763,08.mai,1,0,1,1,0,0,4,0,01.janv,01.janv,0.5,01.juil,24,16,57,0.12,0.00,0.12,0.12,0.12,0.13,0.06,0.19,0.13,0.19
Domingos Quina,pt POR,MF,Elche,22,1999,10,2,275,03.janv,0,0,0,0,0,0,3,1,0.2,0.2,0.4,0.6,12,17,7,0.00,0.00,0.00,0.00,0.00,0.07,0.14,0.21,0.07,0.21
Rubén Quintanilla,es ESP,DF,Mallorca,20,2002,1,0,4,0.0,0,0,0,0,0,0,0,0,0.0,0.0,0.0,0.0,0,1,0,0.00,0.00,0.00,0.00,0.00,0.00,0.00,0.00,0.00,0.00
Antonio Raillo,es ESP,DF,Mallorca,30,1991,31,31,2 766,30.juil,2,3,5,2,0,0,11,1,0.6,0.6,01.janv,01.juil,8,50,5,0.07,0.10,0.16,0.07,0.16,0.02,0.03,0.05,0.02,0.05
Predrag Rajković,rs SRB,GK,Mallorca,26,1995,36,36,3 24,36.0,0,0,0,0,0,0,3,0,0.0,0.0,0.5,0.5,0,3,0,0.00,0.00,0.00,0.00,0.00,0.00,0.01,0.01,0.00,0.01
Ivan Rakitić,hr CRO,MF,Sevilla,34,1988,31,21,1 788,19.sept,1,3,4,0,1,2,3,1,03.mars,01.juil,01.sept,03.juil,42,148,84,0.05,0.15,0.20,0.00,0.15,0.17,0.10,0.26,0.09,0.18
Largie Ramazani,be BEL,FW MF,Almería,21,2001,33,13,1 403,15.juin,3,1,4,3,0,1,6,0,04.févr,03.avr,01.juil,05.janv,59,30,94,0.19,0.06,0.26,0.19,0.26,0.27,0.11,0.38,0.22,0.33
Player,Nation,Pos,Squad,Age,Born,MP,Starts,Min,90s,Gls,Ast,G+A,G-PK,PK,PKatt,CrdY,CrdR,xG,npxG,xAG,npxG+xAG,PrgC,PrgP,PrgR,Gls,Ast,G+A,G-PK,G+A-PK,xG,xAG,xG+xAG,npxG,npxG+xAG
Chris Ramos,es ESP,FW,Cádiz,25,1997,15,7,710,07.sept,1,0,1,1,0,0,2,0,3.0,3.0,0.2,03.févr,9,6,35,0.13,0.00,0.13,0.13,0.13,0.38,0.03,0.41,0.38,0.41
Raphinha,br BRA,FW,Barcelona,25,1996,36,25,2 072,23.0,7,7,14,7,0,0,9,0,09.mars,09.mars,09.août,19.janv,97,104,339,0.30,0.30,0.61,0.30,0.61,0.41,0.43,0.83,0.41,0.83
Sergio Reguilón,es ESP,DF,Atlético Madrid,25,1996,11,2,309,03.avr,0,0,0,0,0,0,3,1,0.2,0.2,0.4,0.6,16,11,30,0.00,0.00,0.00,0.00,0.00,0.07,0.11,0.18,0.07,0.18
Pepe Reina,es ESP,GK,Villarreal,39,1982,22,22,1 98,22.0,0,0,0,0,0,0,2,0,0.0,0.0,0.7,0.7,0,0,0,0.00,0.00,0.00,0.00,0.00,0.00,0.03,0.03,0.00,0.03
Reinier,br BRA,MF FW,Girona,20,2002,18,5,647,07.févr,2,1,3,2,0,0,1,1,01.mai,01.mai,0.6,2.0,13,25,27,0.28,0.14,0.42,0.28,0.42,0.20,0.08,0.28,0.20,0.28
Karim Rekik,nl NED,DF,Sevilla,27,1994,16,15,1 181,13.janv,1,1,2,1,0,0,2,0,0.8,0.8,0.1,0.9,13,50,7,0.08,0.08,0.15,0.08,0.15,0.06,0.01,0.07,0.06,0.07
Álex Remiro,es ESP,GK,Real Sociedad,27,1995,38,38,3 42,38.0,0,0,0,0,0,0,1,0,0.0,0.0,0.0,0.0,0,1,0,0.00,0.00,0.00,0.00,0.00,0.00,0.00,0.00,0.00,0.00
Alejandro Revuelta Montero,es ESP,DF,Getafe,22,2000,1,0,1,0.0,0,0,0,0,0,0,0,0,0.0,0.0,0.0,0.0,0,0,0,0.00,0.00,0.00,0.00,0.00,0.00,0.00,0.00,0.00,0.00
Chadi Riad,ma MAR,MF,Barcelona,19,2003,1,0,2,0.0,0,0,0,0,0,0,0,0,0.0,0.0,0.0,0.0,0,0,0,0.00,0.00,0.00,0.00,0.00,0.00,0.00,0.00,0.00,0.00
Nico Ribaudo,es ESP,MF FW,Espanyol,21,2001,32,16,1 248,13.sept,1,2,3,1,0,0,4,0,03.juil,03.juil,02.mars,6.0,40,57,92,0.07,0.14,0.22,0.07,0.22,0.27,0.17,0.43,0.27,0.43
Diego Rico,es ESP,DF,Real Sociedad,29,1993,20,18,1 646,18.mars,0,0,0,0,0,0,3,0,0.2,0.2,01.mai,01.juil,32,64,72,0.00,0.00,0.00,0.00,0.00,0.01,0.08,0.09,0.01,0.09
Rodrigo Riquelme,es ESP,MF FW,Girona,22,2000,34,25,2 179,24.févr,4,4,8,4,0,0,1,0,4.0,4.0,03.juil,07.juil,116,85,171,0.17,0.17,0.33,0.17,0.33,0.17,0.15,0.32,0.17,0.32
Sergi Roberto,es ESP,DF MF,Barcelona,30,1992,23,15,1 308,14.mai,4,1,5,4,0,0,3,0,02.avr,02.avr,0.9,03.mars,48,97,72,0.28,0.07,0.34,0.28,0.34,0.17,0.06,0.23,0.17,0.23
Lucas Robertone,ar ARG,MF,Almería,25,1997,37,34,2 843,31.6,2,7,9,2,0,0,7,0,02.juin,02.juin,06.juin,09.févr,47,155,97,0.06,0.22,0.28,0.06,0.28,0.08,0.21,0.29,0.08,0.29
Joel Roca,es ESP,MF FW,Girona,17,2005,5,0,84,0.9,0,0,0,0,0,0,1,0,0.3,0.3,0.0,0.3,3,0,14,0.00,0.00,0.00,0.00,0.00,0.27,0.04,0.31,0.27,0.31
Enzo Roco,cl CHI,DF,Elche,29,1992,22,19,1 652,18.avr,0,0,0,0,0,0,7,1,0.6,0.6,0.0,0.6,6,42,2,0.00,0.00,0.00,0.00,0.00,0.03,0.00,0.03,0.03,0.03
Rodri,es ESP,FW MF,Betis,22,2000,30,19,1 601,17.août,2,3,5,2,0,0,0,0,01.avr,01.avr,02.févr,03.juin,57,102,104,0.11,0.17,0.28,0.11,0.28,0.08,0.12,0.20,0.08,0.20
Álvaro Rodríguez,uy URU,FW,Real Madrid,18,2004,6,0,79,0.9,1,1,2,1,0,0,0,0,0.2,0.2,0.3,0.5,0,1,3,janv.14,janv.14,févr.28,janv.14,févr.28,0.28,0.33,0.60,0.28,0.60
Ángel Rodríguez,es ESP,FW MF,Mallorca,35,1987,17,2,394,04.avr,1,0,1,1,0,0,1,0,02.août,02.août,0.1,02.août,4,6,19,0.23,0.00,0.23,0.23,0.23,0.63,0.02,0.64,0.63,0.64
Óscar Rodríguez Arnaiz,es ESP,MF,Celta Vigo,24,1998,33,19,1 775,19.juil,2,0,2,2,0,0,6,0,03.juin,03.juin,02.févr,05.sept,29,118,37,0.10,0.00,0.10,0.10,0.10,0.18,0.11,0.30,0.18,0.30
Dani Rodríguez,es ESP,MF,Mallorca,34,1988,35,26,2 1,23.mars,3,6,9,3,0,0,8,0,02.avr,02.avr,03.févr,05.juin,43,76,64,0.13,0.26,0.39,0.13,0.39,0.10,0.14,0.24,0.10,0.24
Guido Rodríguez,ar ARG,MF,Betis,28,1994,34,33,2 872,31.9,1,0,1,1,0,0,8,0,01.févr,01.févr,0.3,01.juin,11,123,18,0.03,0.00,0.03,0.03,0.03,0.04,0.01,0.05,0.04,0.05
Miguel Rodríguez,es ESP,MF FW,Celta Vigo,19,2003,7,3,252,02.août,1,1,2,1,0,0,0,0,0.2,0.2,0.1,0.3,10,6,22,0.36,0.36,0.71,0.36,0.71,0.07,0.05,0.12,0.07,0.12
Rodrygo,br BRA,FW MF,Real Madrid,21,2001,34,25,2 379,26.avr,9,8,17,8,1,1,4,0,13.juil,12.sept,7.0,19.sept,146,81,268,0.34,0.30,0.64,0.30,0.61,0.52,0.26,0.78,0.49,0.75
Leo Román,es ESP,GK,Mallorca,22,2000,1,1,90,1.0,0,0,0,0,0,0,0,0,0.0,0.0,0.0,0.0,0,0,0,0.00,0.00,0.00,0.00,0.00,0.00,0.00,0.00,0.00,0.00
Player,Nation,Pos,Squad,Age,Born,MP,Starts,Min,90s,Gls,Ast,G+A,G-PK,PK,PKatt,CrdY,CrdR,xG,npxG,xAG,npxG+xAG,PrgC,PrgP,PrgR,Gls,Ast,G+A,G-PK,G+A-PK,xG,xAG,xG+xAG,npxG,npxG+xAG
Iván Romero,es ESP,MF,Sevilla,21,2001,1,0,11,0.1,0,0,0,0,0,0,1,0,0.0,0.0,0.0,0.0,0,0,0,0.00,0.00,0.00,0.00,0.00,0.00,0.00,0.00,0.00,0.00
Oriol Romeu,es ESP,MF,Girona,30,1991,33,33,2 95,32.8,2,0,2,2,0,0,10,1,01.juin,01.juin,0.9,02.mai,15,133,16,0.06,0.00,0.06,0.06,0.06,0.05,0.03,0.08,0.05,0.08
Rubén,es ESP,DF MF,Espanyol,21,2001,18,9,888,09.sept,0,2,2,0,0,0,1,0,0.5,0.5,01.mai,2.0,34,14,57,0.00,0.20,0.20,0.00,0.20,0.05,0.15,0.20,0.05,0.20
Antonio Rüdiger,de GER,DF,Real Madrid,29,1993,33,26,2 415,26.août,1,0,1,1,0,0,1,0,01.août,01.août,0.1,01.sept,21,59,10,0.04,0.00,0.04,0.04,0.04,0.07,0.00,0.07,0.07,0.07
Aitor Ruibal,es ESP,DF FW,Betis,26,1996,26,15,1 454,16.févr,0,0,0,0,0,0,4,1,0.8,0.8,02.janv,3.0,39,62,70,0.00,0.00,0.00,0.00,0.00,0.05,0.13,0.18,0.05,0.18
Víctor Ruiz,es ESP,DF,Betis,33,1989,10,5,560,06.févr,0,0,0,0,0,0,0,0,0.1,0.1,0.2,0.3,4,10,0,0.00,0.00,0.00,0.00,0.00,0.02,0.03,0.05,0.02,0.05
Gerónimo Rulli,ar ARG,GK,Villarreal,30,1992,14,14,1 26,14.0,0,0,0,0,0,0,1,0,0.0,0.0,0.0,0.0,0,0,0,0.00,0.00,0.00,0.00,0.00,0.00,0.00,0.00,0.00,0.00
Franco Russo,ar ARG,DF,Mallorca,27,1994,3,2,145,01.juin,0,0,0,0,0,0,0,0,0.0,0.0,0.0,0.0,0,1,0,0.00,0.00,0.00,0.00,0.00,0.00,0.00,0.00,0.00,0.00
Youssouf Sabaly,sn SEN,DF,Betis,29,1993,23,19,1 68,18.juil,1,1,2,1,0,0,2,0,0.5,0.5,0.7,01.févr,41,72,64,0.05,0.05,0.11,0.05,0.11,0.02,0.04,0.06,0.02,0.06
Umar Sadiq,ng NGA,FW,Almería,25,1997,3,3,240,02.juil,2,0,2,2,0,0,1,0,01.mai,01.mai,0.2,01.juin,5,2,7,0.75,0.00,0.75,0.75,0.75,0.55,0.06,0.61,0.55,0.61
Umar Sadiq,ng NGA,FW,Real Sociedad,25,1997,2,1,82,0.9,1,0,1,1,0,0,0,0,0.4,0.4,0.0,0.4,0,1,6,01.oct,0.00,01.oct,01.oct,01.oct,0.47,0.00,0.47,0.47,0.47
Samuel Sáiz,es ESP,MF,Girona,31,1991,8,1,240,02.juil,2,0,2,0,2,2,1,0,01.juil,0.1,0.2,0.4,5,17,18,0.75,0.00,0.75,0.00,0.00,0.62,0.09,0.72,0.04,0.13
Kike Salas,es ESP,DF,Sevilla,20,2002,6,4,368,04.janv,1,1,2,1,0,0,1,1,0.2,0.2,0.2,0.4,3,14,0,0.24,0.24,0.49,0.24,0.49,0.04,0.05,0.09,0.04,0.09
Salvi,es ESP,FW MF,Rayo Vallecano,31,1991,24,4,490,05.avr,0,0,0,0,0,0,2,0,0.8,0.8,0.7,01.avr,27,13,51,0.00,0.00,0.00,0.00,0.00,0.14,0.12,0.26,0.14,0.26
Fede San Emeterio,es ESP,MF,Cádiz,25,1997,33,24,1 844,20.mai,0,1,1,0,0,0,14,0,0.3,0.3,0.8,01.janv,1,45,11,0.00,0.05,0.05,0.00,0.05,0.02,0.04,0.05,0.02,0.05
Oihan Sancet,es ESP,MF,Athletic Club,22,2000,36,32,2 532,28.janv,10,2,12,8,2,2,6,1,07.juin,6.0,04.févr,10.févr,91,159,156,0.36,0.07,0.43,0.28,0.36,0.27,0.15,0.42,0.21,0.36
Antonio Sánchez,es ESP,MF DF,Mallorca,25,1997,32,11,1 076,12.0,0,0,0,0,0,0,5,0,0.6,0.6,0.8,01.avr,22,34,56,0.00,0.00,0.00,0.00,0.00,0.05,0.07,0.12,0.05,0.12
Iván Sánchez,es ESP,MF FW,Valladolid,29,1992,25,13,1 154,12.août,1,1,2,1,0,0,0,0,0.8,0.8,01.juin,02.avr,58,65,61,0.08,0.08,0.16,0.08,0.16,0.06,0.12,0.19,0.06,0.19
Javi Sánchez,es ESP,DF,Valladolid,25,1997,32,28,2 392,26.juin,1,0,1,1,0,0,11,0,0.7,0.7,0.1,0.8,21,74,5,0.04,0.00,0.04,0.04,0.04,0.03,0.00,0.03,0.03,0.03
Manu Sánchez,es ESP,DF,Osasuna,21,2000,31,22,2 124,23.juin,0,2,2,0,0,0,3,0,0.8,0.8,02.janv,02.août,42,100,105,0.00,0.08,0.08,0.00,0.08,0.03,0.09,0.12,0.03,0.12
Esteban Saveljich,me MNE,FW,Rayo Vallecano,31,1991,1,0,1,0.0,0,0,0,0,0,0,1,0,0.0,0.0,0.0,0.0,0,0,0,0.00,0.00,0.00,0.00,0.00,0.00,0.00,0.00,0.00,0.00
Stefan Savić,me MNE,DF,Atlético Madrid,31,1991,22,22,1 943,21.juin,0,0,0,0,0,0,4,2,0.2,0.2,0.0,0.2,20,74,6,0.00,0.00,0.00,0.00,0.00,0.01,0.00,0.01,0.01,0.01
Haris Seferović,ch SUI,FW,Celta Vigo,30,1992,18,10,887,09.sept,3,1,4,3,0,0,3,0,01.août,01.août,0.5,02.mars,12,17,44,0.30,0.10,0.41,0.30,0.41,0.19,0.05,0.24,0.19,0.24
Jaime Seoane,es ESP,MF FW,Getafe,25,1997,16,2,326,03.juin,0,0,0,0,0,0,1,0,0.1,0.1,0.3,0.4,6,7,7,0.00,0.00,0.00,0.00,0.00,0.02,0.08,0.10,0.02,0.10
David Silva,es ESP,MF,Real Sociedad,36,1986,28,25,1 937,21.mai,2,5,7,2,0,0,3,0,03.août,03.août,03.juin,07.mars,70,162,121,0.09,0.23,0.33,0.09,0.33,0.17,0.17,0.34,0.17,0.34
Player,Nation,Pos,Squad,Age,Born,MP,Starts,Min,90s,Gls,Ast,G+A,G-PK,PK,PKatt,CrdY,CrdR,xG,npxG,xAG,npxG+xAG,PrgC,PrgP,PrgR,Gls,Ast,G+A,G-PK,G+A-PK,xG,xAG,xG+xAG,npxG,npxG+xAG
Rui Silva,pt POR,GK,Betis,28,1994,26,26,2 34,26.0,0,0,0,0,0,0,2,0,0.0,0.0,0.0,0.0,0,0,0,0.00,0.00,0.00,0.00,0.00,0.00,0.00,0.00,0.00,0.00
Simo,es ESP,DF,Espanyol,17,2005,7,0,148,01.juin,0,0,0,0,0,0,0,0,0.0,0.0,0.0,0.0,2,11,1,0.00,0.00,0.00,0.00,0.00,0.00,0.00,0.00,0.00,0.00
Unai Simón,es ESP,GK,Athletic Club,25,1997,31,31,2 745,30.mai,0,0,0,0,0,0,2,0,0.0,0.0,0.0,0.0,0,2,0,0.00,0.00,0.00,0.00,0.00,0.00,0.00,0.00,0.00,0.00
Rubén Sobrino,es ESP,MF FW,Cádiz,30,1992,33,28,2 465,27.avr,3,2,5,3,0,0,11,0,04.sept,04.sept,02.mars,07.févr,45,46,81,0.11,0.07,0.18,0.11,0.18,0.18,0.08,0.26,0.18,0.26
Alex Sola,es ESP,DF,Real Sociedad,23,1999,10,3,349,03.sept,0,0,0,0,0,0,1,0,0.1,0.1,0.1,0.2,8,4,19,0.00,0.00,0.00,0.00,0.00,0.03,0.02,0.05,0.03,0.05
Augusto Solari,ar ARG,MF,Celta Vigo,30,1992,12,3,262,02.sept,0,1,1,0,0,0,0,0,0.3,0.3,0.2,0.5,5,12,14,0.00,0.34,0.34,0.00,0.34,0.09,0.07,0.16,0.09,0.16
Carlos Soler,es ESP,MF,Valencia,25,1997,3,3,242,02.juil,1,0,1,0,1,1,0,0,0.9,0.2,0.2,0.4,3,13,7,0.37,0.00,0.37,0.00,0.00,0.35,0.08,0.43,0.06,0.14
David Soria,es ESP,GK,Getafe,29,1993,38,38,3 42,38.0,0,0,0,0,0,0,2,0,0.0,0.0,0.2,0.2,0,1,0,0.00,0.00,0.00,0.00,0.00,0.00,0.01,0.01,0.00,0.01
Hugo Sotelo,es ESP,MF,Celta Vigo,18,2003,1,0,17,0.2,0,0,0,0,0,0,0,0,0.0,0.0,0.0,0.0,0,2,0,0.00,0.00,0.00,0.00,0.00,0.20,0.00,0.20,0.20,0.20
Dyego Sousa,pt POR,FW,Almería,32,1989,20,3,527,05.sept,0,1,1,0,0,0,1,0,01.févr,01.févr,1.0,02.févr,10,16,39,0.00,0.17,0.17,0.00,0.17,0.20,0.17,0.37,0.20,0.37
Vinicius Souza,br BRA,MF,Espanyol,23,1999,34,27,2 428,27.0,1,1,2,1,0,0,10,1,0.8,0.8,0.6,01.avr,13,82,14,0.04,0.04,0.07,0.04,0.07,0.03,0.02,0.05,0.03,0.05
Jørgen Strand Larsen,no NOR,FW,Celta Vigo,22,2000,32,20,1 705,18.sept,4,4,8,4,0,0,4,0,05.juin,05.juin,2.0,07.juin,17,14,73,0.21,0.21,0.42,0.21,0.42,0.30,0.11,0.40,0.30,0.40
Cristhian Stuani,uy URU,FW,Girona,35,1986,32,8,1 09,12.janv,9,0,9,4,5,6,8,0,09.juil,5.0,01.mars,06.févr,2,10,26,0.74,0.00,0.74,0.33,0.33,0.80,0.10,0.90,0.41,0.51
Damián Suárez,uy URU,DF MF,Getafe,34,1988,28,26,1 946,21.juin,1,1,2,1,0,0,7,0,01.janv,01.janv,01.août,02.sept,21,80,72,0.05,0.05,0.09,0.05,0.09,0.05,0.08,0.13,0.05,0.13
Denis Suárez,es ESP,MF FW,Espanyol,28,1994,18,11,945,10.mai,0,0,0,0,0,0,2,0,0.5,0.5,01.janv,01.juin,26,43,34,0.00,0.00,0.00,0.00,0.00,0.05,0.11,0.15,0.05,0.15
Mario Suárez,es ESP,MF DF,Rayo Vallecano,35,1987,2,0,12,0.1,0,0,0,0,0,0,0,1,0.0,0.0,0.0,0.0,0,0,0,0.00,0.00,0.00,0.00,0.00,0.00,0.00,0.00,0.00,0.00
Suso,es ESP,MF FW,Sevilla,28,1993,25,10,1 065,11.août,2,4,6,2,0,0,1,0,01.janv,01.janv,02.août,4.0,27,86,96,0.17,0.34,0.51,0.17,0.51,0.10,0.24,0.34,0.10,0.34
Williot Swedberg,se SWE,MF,Celta Vigo,18,2004,4,0,55,0.6,0,0,0,0,0,0,1,0,0.0,0.0,0.0,0.0,1,4,5,0.00,0.00,0.00,0.00,0.00,0.00,0.00,0.00,0.00,0.00
Alexander Sørloth,no NOR,FW,Real Sociedad,26,1995,34,28,2 386,26.mai,12,3,15,12,0,0,4,0,12.juil,12.juil,04.févr,16.sept,41,20,132,0.45,0.11,0.57,0.45,0.57,0.48,0.16,0.64,0.48,0.64
Renato Tapia,pe PER,MF DF,Celta Vigo,27,1995,28,16,1 451,16.janv,0,0,0,0,0,0,8,1,1.0,1.0,01.janv,2.0,12,68,8,0.00,0.00,0.00,0.00,0.00,0.06,0.07,0.13,0.06,0.13
Aurélien Tchouaméni,fr FRA,MF,Real Madrid,22,2000,33,24,2 119,23.mai,0,4,4,0,0,0,2,0,01.août,01.août,02.févr,4.0,41,142,23,0.00,0.17,0.17,0.00,0.17,0.08,0.09,0.17,0.08,0.17
Alex Telles,br BRA,DF,Sevilla,29,1992,27,15,1 427,15.sept,0,2,2,0,0,0,6,0,0.4,0.4,01.août,02.févr,21,42,80,0.00,0.13,0.13,0.00,0.13,0.03,0.11,0.14,0.03,0.14
Marc-André ter Stegen,de GER,GK,Barcelona,30,1992,38,38,3 347,37.2,0,0,0,0,0,0,0,0,0.0,0.0,0.3,0.3,0,4,0,0.00,0.00,0.00,0.00,0.00,0.00,0.01,0.01,0.00,0.01
Ramón Terrats,es ESP,MF,Villarreal,21,2000,16,11,816,09.janv,1,1,2,1,0,0,1,0,0.9,0.9,01.mai,02.avr,21,45,32,0.11,0.11,0.22,0.11,0.22,0.10,0.16,0.26,0.10,0.26
Ramón Terrats,es ESP,MF,Girona,21,2000,8,2,212,02.avr,0,0,0,0,0,0,0,0,0.2,0.2,0.0,0.2,4,6,4,0.00,0.00,0.00,0.00,0.00,0.08,0.02,0.10,0.08,0.10
Player,Nation,Pos,Squad,Age,Born,MP,Starts,Min,90s,Gls,Ast,G+A,G-PK,PK,PKatt,CrdY,CrdR,xG,npxG,xAG,npxG+xAG,PrgC,PrgP,PrgR,Gls,Ast,G+A,G-PK,G+A-PK,xG,xAG,xG+xAG,npxG,npxG+xAG
Raúl de Tomás,es ESP,FW,Rayo Vallecano,27,1994,19,9,805,08.sept,4,0,4,3,1,2,2,0,05.janv,03.mai,0.5,4.0,13,18,51,0.45,0.00,0.45,0.34,0.34,0.57,0.06,0.63,0.39,0.45
Pablo Torre,es ESP,FW MF,Barcelona,19,2003,8,1,144,01.juin,0,0,0,0,0,0,0,0,0.0,0.0,0.5,0.5,4,11,16,0.00,0.00,0.00,0.00,0.00,0.02,0.30,0.31,0.02,0.31
David Torres,es ESP,DF,Valladolid,19,2003,7,2,385,04.mars,0,0,0,0,0,0,1,0,0.5,0.5,0.0,0.6,2,11,2,0.00,0.00,0.00,0.00,0.00,0.13,0.00,0.13,0.13,0.13
Ferrán Torres,es ESP,FW MF,Barcelona,22,2000,33,14,1 392,15.mai,4,2,6,4,0,1,5,1,04.sept,04.janv,04.janv,08.févr,43,44,180,0.26,0.13,0.39,0.26,0.39,0.32,0.26,0.58,0.27,0.53
Óliver Torres,es ESP,MF FW,Sevilla,27,1994,32,27,2 137,23.juil,3,1,4,3,0,0,2,0,02.juin,02.juin,03.mars,05.sept,38,136,156,0.13,0.04,0.17,0.13,0.17,0.11,0.14,0.25,0.11,0.25
Pau Torres,es ESP,DF,Villarreal,25,1997,34,34,3 054,33.9,1,0,1,1,0,0,10,0,02.avr,02.avr,1.0,03.mai,76,197,12,0.03,0.00,0.03,0.03,0.03,0.07,0.03,0.10,0.07,0.10
Roberto Torres,es ESP,FW MF,Osasuna,33,1989,2,0,11,0.1,0,0,0,0,0,0,0,0,0.0,0.0,0.3,0.3,2,0,1,0.00,0.00,0.00,0.00,0.00,0.00,févr.13,févr.13,0.00,févr.13
Lucas Torró,es ESP,MF,Osasuna,28,1994,33,31,2 477,27.mai,1,0,1,1,0,0,10,0,01.avr,01.avr,0.3,01.juin,12,98,17,0.04,0.00,0.04,0.04,0.04,0.05,0.01,0.06,0.05,0.06
Nabil Touaizi,ma MAR,MF,Espanyol,21,2001,1,0,3,0.0,0,0,0,0,0,0,0,0,0.0,0.0,0.0,0.0,0,1,1,0.00,0.00,0.00,0.00,0.00,0.00,0.00,0.00,0.00,0.00
Óscar Trejo,ar ARG,MF FW,Rayo Vallecano,34,1988,34,28,2 145,23.août,3,4,7,2,1,2,9,0,03.avr,01.août,03.mars,05.janv,56,123,110,0.13,0.17,0.29,0.08,0.25,0.14,0.14,0.28,0.08,0.21
Manu Trigueros,es ESP,MF,Villarreal,30,1991,23,8,828,09.févr,0,1,1,0,0,0,2,1,0.4,0.4,01.janv,01.mai,12,76,22,0.00,0.11,0.11,0.00,0.11,0.04,0.12,0.16,0.04,0.16
Viktor Tsyhankov,ua UKR,MF,Girona,24,1997,19,17,1 489,16.mai,3,6,9,3,0,0,0,0,02.août,02.août,02.sept,05.juil,63,46,120,0.18,0.36,0.54,0.18,0.54,0.17,0.17,0.34,0.17,0.34
Beñat Turrientes,es ESP,MF FW,Real Sociedad,20,2002,6,1,106,01.févr,0,0,0,0,0,0,0,0,0.0,0.0,0.2,0.2,0,2,4,0.00,0.00,0.00,0.00,0.00,0.00,0.13,0.13,0.00,0.13
Enes Ünal,tr TUR,FW,Getafe,25,1997,35,35,2 97,33.0,14,3,17,9,5,6,6,0,11.juil,07.janv,03.mai,10.juin,29,55,148,0.42,0.09,0.52,0.27,0.36,0.36,0.11,0.46,0.21,0.32
Oscar Ureña,do DOM,MF,Girona,19,2003,3,1,100,01.janv,0,0,0,0,0,0,0,0,0.2,0.2,0.0,0.2,1,1,10,0.00,0.00,0.00,0.00,0.00,0.16,0.00,0.16,0.16,0.16
Óscar Valentín,es ESP,MF,Rayo Vallecano,27,1994,34,29,2 555,28.avr,0,0,0,0,0,0,11,0,0.5,0.5,0.9,01.avr,21,133,17,0.00,0.00,0.00,0.00,0.00,0.02,0.03,0.05,0.02,0.05
Martin Valjent,sk SVK,DF,Mallorca,26,1995,30,30,2 656,29.mai,0,0,0,0,0,0,8,0,0.3,0.3,0.4,0.7,15,57,3,0.00,0.00,0.00,0.00,0.00,0.01,0.01,0.02,0.01,0.02
Jesús Vallejo,es ESP,DF,Real Madrid,25,1997,1,0,22,0.2,0,0,0,0,0,0,0,0,0.3,0.3,0.0,0.3,0,0,0,0.00,0.00,0.00,0.00,0.00,janv.29,0.00,janv.29,janv.29,janv.29
Manu Vallejo,es ESP,FW MF,Girona,25,1997,7,2,206,02.mars,0,1,1,0,0,0,0,0,0.0,0.0,0.3,0.3,7,10,25,0.00,0.44,0.44,0.00,0.44,0.02,0.12,0.14,0.02,0.14
Federico Valverde,uy URU,MF FW,Real Madrid,24,1998,34,29,2 502,27.août,7,4,11,7,0,0,2,0,04.mars,04.mars,06.mars,10.juin,70,151,135,0.25,0.14,0.40,0.25,0.40,0.15,0.23,0.38,0.15,0.38
Jesus Vazquez,es ESP,DF MF,Valencia,19,2003,10,3,310,03.avr,0,0,0,0,0,0,1,0,0.2,0.2,0.3,0.5,4,13,17,0.00,0.00,0.00,0.00,0.00,0.05,0.08,0.14,0.05,0.14
Kevin Vázquez,es ESP,DF MF,Celta Vigo,29,1993,10,6,441,04.sept,0,0,0,0,0,0,2,0,0.0,0.0,0.1,0.1,5,13,14,0.00,0.00,0.00,0.00,0.00,0.00,0.02,0.02,0.00,0.02
Lucas Vázquez,es ESP,DF,Real Madrid,31,1991,23,12,1 144,12.juil,4,1,5,4,0,0,2,0,01.sept,01.sept,01.juin,03.mai,31,50,145,0.31,0.08,0.39,0.31,0.39,0.15,0.13,0.28,0.15,0.28
Gabriel Veiga,es ESP,MF,Celta Vigo,20,2002,36,28,2 294,25.mai,11,4,15,11,0,0,6,1,06.janv,06.janv,02.juin,08.juil,68,109,88,0.43,0.16,0.59,0.43,0.59,0.24,0.10,0.34,0.24,0.34
Unai Vencedor Paris,es ESP,MF,Athletic Club,21,2000,10,0,193,02.janv,0,0,0,0,0,0,2,0,0.5,0.5,0.1,0.6,2,16,3,0.00,0.00,0.00,0.00,0.00,0.22,0.05,0.28,0.22,0.28
Player,Nation,Pos,Squad,Age,Born,MP,Starts,Min,90s,Gls,Ast,G+A,G-PK,PK,PKatt,CrdY,CrdR,xG,npxG,xAG,npxG+xAG,PrgC,PrgP,PrgR,Gls,Ast,G+A,G-PK,G+A-PK,xG,xAG,xG+xAG,npxG,npxG+xAG
Gonzalo Verdú,es ESP,DF,Elche,33,1988,16,9,703,07.août,1,0,1,1,0,0,1,2,0.6,0.6,0.0,0.6,0,13,0,0.13,0.00,0.13,0.13,0.13,0.08,0.00,0.08,0.08,0.08
Mikel Vesga,es ESP,MF,Athletic Club,29,1993,36,28,2 575,28.juin,3,3,6,1,2,3,5,0,03.sept,01.mai,01.mai,3.0,26,199,31,0.10,0.10,0.21,0.03,0.14,0.14,0.05,0.19,0.05,0.11
Aleix Vidal,es ESP,MF FW,Espanyol,32,1989,25,10,1 025,11.avr,0,3,3,0,0,0,10,1,0.1,0.1,02.févr,02.avr,16,23,53,0.00,0.26,0.26,0.00,0.26,0.01,0.20,0.21,0.01,0.21
Nacho Vidal,es ESP,DF,Osasuna,27,1995,20,15,1 247,13.sept,0,0,0,0,0,0,4,0,0.6,0.6,0.6,01.févr,20,47,52,0.00,0.00,0.00,0.00,0.00,0.04,0.04,0.08,0.04,0.08
Toni Villa,es ESP,MF,Valladolid,27,1995,2,1,91,1.0,0,0,0,0,0,0,0,0,0.0,0.0,0.0,0.0,2,4,5,0.00,0.00,0.00,0.00,0.00,0.00,0.02,0.02,0.00,0.02
Toni Villa,es ESP,MF FW,Girona,27,1995,24,12,895,09.sept,1,3,4,1,0,0,2,0,1.0,1.0,01.juin,02.juin,37,38,91,0.10,0.30,0.40,0.10,0.40,0.11,0.16,0.26,0.11,0.26
Asier Villalibre,es ESP,FW,Athletic Club,24,1997,5,1,97,01.janv,0,0,0,0,0,0,0,0,0.3,0.3,0.2,0.5,0,2,9,0.00,0.00,0.00,0.00,0.00,0.29,0.19,0.47,0.29,0.47
Gonzalo Villar,es ESP,MF,Getafe,24,1998,16,3,457,05.janv,0,0,0,0,0,0,5,0,0.1,0.1,0.3,0.4,13,27,9,0.00,0.00,0.00,0.00,0.00,0.02,0.06,0.08,0.02,0.08
Iván Villar,es ESP,GK,Celta Vigo,25,1997,19,19,1 71,19.0,0,0,0,0,0,0,0,0,0.0,0.0,0.0,0.0,0,1,0,0.00,0.00,0.00,0.00,0.00,0.00,0.00,0.00,0.00,0.00
Daniel Vivian,es ESP,DF,Athletic Club,23,1999,29,26,2 376,26.avr,1,0,1,1,0,0,7,1,01.févr,01.févr,0.7,2.0,25,124,5,0.04,0.00,0.04,0.04,0.04,0.05,0.03,0.07,0.05,0.07
Shon Weissman,il ISR,FW,Valladolid,26,1996,15,6,747,08.mars,1,0,1,1,0,0,1,0,02.mars,02.mars,0.2,02.mai,7,4,15,0.12,0.00,0.12,0.12,0.12,0.28,0.02,0.30,0.28,0.30
Axel Werner,ar ARG,GK,Elche,26,1996,2,2,180,2.0,0,0,0,0,0,0,0,0,0.0,0.0,0.0,0.0,0,0,0,0.00,0.00,0.00,0.00,0.00,0.00,0.00,0.00,0.00,0.00
Iñaki Williams,gh GHA,FW,Athletic Club,28,1994,36,34,2 836,31.mai,10,3,13,9,1,2,2,0,10.juil,09.janv,04.août,13.sept,127,61,341,0.32,0.10,0.41,0.29,0.38,0.34,0.15,0.49,0.29,0.44
Nico Williams,es ESP,FW,Athletic Club,20,2002,36,32,2 656,29.mai,6,4,10,6,0,0,3,0,04.sept,04.sept,06.avr,11.mars,174,80,321,0.20,0.14,0.34,0.20,0.34,0.17,0.22,0.38,0.17,0.38
Axel Witsel,be BEL,DF MF,Atlético Madrid,33,1989,33,25,2 258,25.janv,0,0,0,0,0,0,2,1,0.6,0.6,0.6,01.févr,6,82,11,0.00,0.00,0.00,0.00,0.00,0.02,0.02,0.05,0.02,0.05
Lamine Yamal,es ESP,FW,Barcelona,15,2007,1,0,8,0.1,0,0,0,0,0,0,0,0,0.4,0.4,0.0,0.4,0,2,2,0.00,0.00,0.00,0.00,0.00,mars.94,0.00,mars.94,mars.94,mars.94
Jawad El Yamiq,ma MAR,DF,Valladolid,30,1992,25,19,1 608,17.sept,1,0,1,1,0,0,1,1,01.janv,01.janv,0.4,01.juin,21,55,3,0.06,0.00,0.06,0.06,0.06,0.06,0.02,0.08,0.06,0.08
Joseba Zaldúa,es ESP,DF,Cádiz,30,1992,10,7,639,07.janv,0,1,1,0,0,0,4,0,0.0,0.0,0.0,0.1,13,13,20,0.00,0.14,0.14,0.00,0.14,0.00,0.01,0.01,0.00,0.01
Oier Zarraga,es ESP,MF,Athletic Club,23,1999,26,6,852,09.mai,0,0,0,0,0,0,5,0,01.mars,01.mars,01.janv,02.avr,12,37,32,0.00,0.00,0.00,0.00,0.00,0.13,0.12,0.25,0.13,0.25
Igor Zubeldia,es ESP,DF,Real Sociedad,25,1997,31,29,2 542,28.févr,1,1,2,1,0,0,11,0,0.9,0.9,0.4,01.mars,14,128,4,0.04,0.04,0.07,0.04,0.07,0.03,0.01,0.04,0.03,0.04
Martín Zubimendi,es ESP,MF,Real Sociedad,23,1999,36,35,3 101,34.5,1,3,4,1,0,0,12,0,01.sept,01.sept,2.0,03.sept,43,184,29,0.03,0.09,0.12,0.03,0.12,0.06,0.06,0.11,0.06,0.11
