Player,Nation,Pos,Squad,Age,Born,MP,Starts,Min,90s,Gls,Ast,G+A,G-PK,PK,PKatt,CrdY,CrdR,Gls,Ast,G+A,G-PK,G+A-PK
Aymen Abdennour,tn TUN,DF,Valencia,26,1989,13,9,879,09.août,0,0,0,0,0,0,4,0,0.00,0.00,0.00,0.00,0.00
Antonio Adán,es ESP,GK,Betis,29,1987,37,37,3 33,37.0,0,0,0,0,0,0,5,0,0.00,0.00,0.00,0.00,0.00
Aritz Aduriz,es ESP,FW,Athletic Club,35,1981,32,27,2 458,27.mars,16,1,17,11,5,5,8,1,0.59,0.04,0.62,0.40,0.44
Akram Afif,qa QAT,FW MF,Sporting Gijón,19,1996,9,2,234,02.juin,0,0,0,0,0,0,2,0,0.00,0.00,0.00,0.00,0.00
Rachid Aït-Atmane,dz ALG,MF,Sporting Gijón,23,1993,8,6,492,05.mai,0,0,0,0,0,0,3,0,0.00,0.00,0.00,0.00,0.00
Javi Álamo,es ESP,FW MF,Osasuna,27,1988,2,0,13,0.1,0,0,0,0,0,0,0,0,0.00,0.00,0.00,0.00,0.00
Jordi Alba,es ESP,DF MF,Barcelona,27,1989,26,21,1 968,21.sept,1,6,7,1,0,0,4,0,0.05,0.27,0.32,0.05,0.32
Raúl Albentosa,es ESP,DF,La Coruña,27,1988,27,26,2 335,25.sept,1,1,2,1,0,0,10,1,0.04,0.04,0.08,0.04,0.08
Paco Alcácer,es ESP,FW,Barcelona,22,1993,20,6,858,09.mai,6,3,9,6,0,0,1,0,0.63,0.31,0.94,0.63,0.94
Paco Alcácer,es ESP,FW,Valencia,22,1993,1,1,90,1.0,0,0,0,0,0,0,0,0,0.00,0.00,0.00,0.00,0.00
Álex Alegría,es ESP,FW,Betis,23,1992,25,15,1 438,16.0,3,2,5,3,0,0,2,0,0.19,0.13,0.31,0.19,0.31
Carles Aleñá,es ESP,MF,Barcelona,18,1998,3,0,43,0.5,0,0,0,0,0,0,1,0,0.00,0.00,0.00,0.00,0.00
Alexander,ar ARG,MF,Leganés,27,1988,28,24,2 031,22.juin,8,2,10,7,1,2,1,0,0.35,0.09,0.44,0.31,0.40
Alexis,es ESP,DF,Alavés,30,1985,24,19,1 819,20.févr,2,1,3,2,0,0,10,1,0.10,0.05,0.15,0.10,0.15
Sergio Álvarez,es ESP,DF MF,Sporting Gijón,24,1992,36,34,3 003,33.4,2,1,3,2,0,0,9,0,0.06,0.03,0.09,0.06,0.09
Sergio Álvarez,es ESP,GK,Celta Vigo,29,1986,26,26,2 34,26.0,0,1,1,0,0,0,0,1,0.00,0.04,0.04,0.00,0.04
Víctor Álvarez,es ESP,DF MF,Espanyol,23,1993,4,2,204,02.mars,0,0,0,0,0,0,2,0,0.00,0.00,0.00,0.00,0.00
Yeray Álvarez,es ESP,DF,Athletic Club,21,1995,26,25,2 271,25.févr,0,0,0,0,0,0,3,0,0.00,0.00,0.00,0.00,0.00
Diego Alves,br BRA,GK,Valencia,31,1985,33,33,2 97,33.0,0,0,0,0,0,0,4,0,0.00,0.00,0.00,0.00,0.00
Fernando Amorebieta,ve VEN,DF,Sporting Gijón,31,1985,27,26,2 218,24.juin,0,1,1,0,0,0,17,0,0.00,0.04,0.04,0.00,0.04
Jon Ander Serantes,es ESP,GK,Leganés,26,1989,13,13,1 109,12.mars,0,0,0,0,0,0,2,0,0.00,0.00,0.00,0.00,0.00
Florin Andone,ro ROU,FW,La Coruña,23,1993,37,32,2 893,32.1,12,2,14,12,0,0,6,0,0.37,0.06,0.44,0.37,0.44
Victorien Angban,ci CIV,MF,Granada,19,1996,10,8,682,07.juin,0,0,0,0,0,0,4,0,0.00,0.00,0.00,0.00,0.00
Miguel Ángel Guerrero,es ESP,FW MF,Leganés,26,1990,31,25,2 139,23.août,5,1,6,4,1,1,3,0,0.21,0.04,0.25,0.17,0.21
José Ángel,es ESP,DF MF,Villarreal,26,1989,7,7,630,7.0,0,1,1,0,0,0,2,0,0.00,0.14,0.14,0.00,0.14
Player,Nation,Pos,Squad,Age,Born,MP,Starts,Min,90s,Gls,Ast,G+A,G-PK,PK,PKatt,CrdY,CrdR,Gls,Ast,G+A,G-PK,G+A-PK
Miguel Ángel Moyá,es ESP,GK,Atlético Madrid,32,1984,9,8,770,08.juin,0,0,0,0,0,0,0,0,0.00,0.00,0.00,0.00,0.00
José Antonio Reyes,es ESP,MF,Espanyol,32,1983,21,10,869,09.juil,3,4,7,2,1,1,1,0,0.31,0.41,0.72,0.21,0.62
Sergio Araujo,ar ARG,FW MF,Las Palmas,24,1992,11,5,533,05.sept,2,1,3,2,0,0,2,0,0.34,0.17,0.51,0.34,0.51
Anaitz Arbilla,es ESP,DF,Eibar,29,1987,22,17,1 574,17.mai,0,2,2,0,0,0,5,0,0.00,0.11,0.11,0.00,0.11
Markel Areitio,es ESP,GK,Eibar,19,1996,1,0,46,0.5,0,0,0,0,0,0,0,0,0.00,0.00,0.00,0.00,0.00
Alejandro Arribas,es ESP,DF,La Coruña,27,1989,23,20,1 91,21.févr,0,0,0,0,0,0,7,0,0.00,0.00,0.00,0.00,0.00
Kepa Arrizabalaga,es ESP,GK,Athletic Club,21,1994,23,23,2 015,22.avr,0,0,0,0,0,0,1,0,0.00,0.00,0.00,0.00,0.00
Aythami Artiles,es ESP,DF,Las Palmas,30,1986,11,8,835,09.mars,0,0,0,0,0,0,5,1,0.00,0.00,0.00,0.00,0.00
Sergio Asenjo,es ESP,GK,Villarreal,27,1989,24,24,2 104,23.avr,0,0,0,0,0,0,0,0,0.00,0.00,0.00,0.00,0.00
Marco Asensio,es ESP,FW MF,Real Madrid,20,1996,23,11,1 082,12.0,3,2,5,3,0,0,0,0,0.25,0.17,0.42,0.25,0.42
Iago Aspas,es ESP,FW MF,Celta Vigo,28,1987,32,25,2 315,25.juil,19,3,22,13,6,6,9,1,0.74,0.12,0.86,0.51,0.62
Omer Atzili,il ISR,FW MF,Granada,23,1993,9,3,317,03.mai,0,0,0,0,0,0,0,0,0.00,0.00,0.00,0.00,0.00
Ryan Babel,nl NED,FW MF,La Coruña,29,1986,11,5,562,06.févr,4,1,5,4,0,1,3,0,0.64,0.16,0.80,0.64,0.80
Jean-Sylvain Babin,mq MTQ,DF,Sporting Gijón,29,1986,22,20,1 713,19.0,1,1,2,1,0,0,2,0,0.05,0.05,0.11,0.05,0.11
Cédric Bakambu,cd COD,FW,Villarreal,25,1991,26,17,1 567,17.avr,11,1,12,11,0,0,5,0,0.63,0.06,0.69,0.63,0.69
Zakaria Bakkali,be BEL,FW MF,Valencia,20,1996,18,1,288,03.févr,1,0,1,1,0,0,2,0,0.31,0.00,0.31,0.31,0.31
Gareth Bale,wls WAL,FW MF,Real Madrid,27,1989,19,17,1 418,15.août,7,2,9,7,0,0,3,1,0.44,0.13,0.57,0.44,0.57
Mikel Balenziaga,es ESP,DF,Athletic Club,28,1988,33,33,2 847,31.6,1,1,2,1,0,0,3,1,0.03,0.03,0.06,0.03,0.06
Léo Baptistão,br BRA,FW MF,Espanyol,23,1992,21,16,1 424,15.août,6,5,11,6,0,0,1,0,0.38,0.32,0.70,0.38,0.70
Kike Barja,es ESP,FW MF,Osasuna,19,1997,1,0,17,0.2,0,0,0,0,0,0,0,0,0.00,0.00,0.00,0.00,0.00
David Barral,es ESP,FW,Granada,33,1983,8,2,316,03.mai,0,1,1,0,0,0,1,0,0.00,0.28,0.28,0.00,0.28
Diego Barrios,es ESP,GK,Leganés,22,1994,1,0,62,0.7,0,0,0,0,0,0,0,0,0.00,0.00,0.00,0.00,0.00
Jon Bautista,es ESP,FW,Real Sociedad,21,1995,12,2,312,03.mai,3,0,3,3,0,0,0,0,0.87,0.00,0.87,0.87,0.87
Claudio Beauvue,gp GLP,FW MF,Celta Vigo,28,1988,13,5,658,07.mars,1,2,3,1,0,0,1,0,0.14,0.27,0.41,0.14,0.41
Bebé,cv CPV,FW MF,Eibar,26,1990,20,8,687,07.juin,3,2,5,3,0,0,2,0,0.39,0.26,0.66,0.39,0.66
Player,Nation,Pos,Squad,Age,Born,MP,Starts,Min,90s,Gls,Ast,G+A,G-PK,PK,PKatt,CrdY,CrdR,Gls,Ast,G+A,G-PK,G+A-PK
Wissam Ben Yedder,fr FRA,FW MF,Sevilla,25,1990,31,20,1 661,18.mai,11,5,16,10,1,1,0,0,0.60,0.27,0.87,0.54,0.81
Karim Benzema,fr FRA,FW,Real Madrid,28,1987,29,23,1 903,21.janv,11,5,16,11,0,0,0,0,0.52,0.24,0.76,0.52,0.76
Yuri Berchiche,es ESP,DF,Real Sociedad,26,1990,35,35,3 088,34.3,3,2,5,3,0,0,9,0,0.09,0.06,0.15,0.09,0.15
Álex Berenguer,es ESP,FW MF,Osasuna,21,1995,29,22,2 12,23.juin,1,6,7,1,0,0,3,0,0.04,0.25,0.30,0.04,0.30
Álex Bergantiños,es ESP,MF,La Coruña,31,1985,8,6,553,06.janv,1,0,1,1,0,0,2,0,0.16,0.00,0.16,0.16,0.16
Markel Bergara,es ESP,MF,Real Sociedad,30,1986,6,3,288,03.févr,0,0,0,0,0,0,0,0,0.00,0.00,0.00,0.00,0.00
Pedro Bigas,es ESP,DF MF,Las Palmas,25,1990,32,31,2 647,29.avr,4,1,5,4,0,0,5,1,0.14,0.03,0.17,0.14,0.17
Rubén Blanco,es ESP,GK,Celta Vigo,21,1995,11,11,990,11.0,0,0,0,0,0,0,2,0,0.00,0.00,0.00,0.00,0.00
Kevin-Prince Boateng,gh GHA,FW MF,Las Palmas,29,1987,28,25,1 979,22.0,10,4,14,10,0,0,11,2,0.45,0.18,0.64,0.45,0.64
Jeremie Boga,ci CIV,FW MF,Granada,19,1997,26,14,1 458,16.févr,2,1,3,2,0,0,0,0,0.12,0.06,0.19,0.12,0.19
Daniele Bonera,it ITA,DF,Villarreal,35,1981,6,6,540,6.0,0,0,0,0,0,0,2,0,0.00,0.00,0.00,0.00,0.00
Theo Bongonda,cd COD,FW MF,Celta Vigo,20,1995,30,26,2 16,24.0,1,3,4,1,0,0,3,0,0.04,0.12,0.17,0.04,0.17
Tano Bonnín,do DOM,DF,Osasuna,26,1990,11,9,734,08.févr,0,1,1,0,0,0,2,1,0.00,0.12,0.12,0.00,0.12
Celso Borges,cr CRC,FW MF,La Coruña,28,1988,34,30,2 722,30.2,6,0,6,4,2,3,5,0,0.20,0.00,0.20,0.13,0.13
Rafael Borré,co COL,FW,Villarreal,20,1995,17,2,357,4.0,2,1,3,2,0,0,0,0,0.50,0.25,0.76,0.50,0.76
Eneko Bóveda,es ESP,DF,Athletic Club,27,1988,19,18,1 556,17.mars,0,0,0,0,0,0,1,0,0.00,0.00,0.00,0.00,0.00
Denys Boyko,ua UKR,GK,Málaga,28,1988,3,3,270,3.0,0,0,0,0,0,0,0,0,0.00,0.00,0.00,0.00,0.00
Darko Brašanac,rs SRB,MF,Betis,24,1992,25,19,1 621,18.0,1,1,2,1,0,0,7,0,0.06,0.06,0.11,0.06,0.11
Claudio Bravo,cl CHI,GK,Barcelona,33,1983,1,1,90,1.0,0,0,0,0,0,0,0,0,0.00,0.00,0.00,0.00,0.00
Alberto Brignoli,it ITA,GK,Leganés,24,1991,1,0,61,0.7,0,0,0,0,0,0,0,0,0.00,0.00,0.00,0.00,0.00
Alberto Bueno,es ESP,FW MF,Leganés,28,1988,11,3,381,04.févr,1,1,2,1,0,0,1,0,0.24,0.24,0.47,0.24,0.47
Alberto Bueno,es ESP,FW MF,Granada,28,1988,13,5,562,06.févr,1,2,3,1,0,0,0,0,0.16,0.32,0.48,0.16,0.48
Aitor Buñuel,es ESP,DF,Osasuna,18,1998,15,10,1 03,11.avr,0,0,0,0,0,0,3,0,0.00,0.00,0.00,0.00,0.00
Burgui,es ESP,FW MF,Sporting Gijón,22,1993,32,21,1 992,22.janv,2,4,6,2,0,0,6,0,0.09,0.18,0.27,0.09,0.27
Sergio Busquets,es ESP,MF,Barcelona,28,1988,33,33,2 687,29.sept,0,3,3,0,0,0,9,0,0.00,0.10,0.10,0.00,0.10
Player,Nation,Pos,Squad,Age,Born,MP,Starts,Min,90s,Gls,Ast,G+A,G-PK,PK,PKatt,CrdY,CrdR,Gls,Ast,G+A,G-PK,G+A-PK
Unai Bustinza,es ESP,DF,Leganés,24,1992,22,21,1 79,19.sept,0,1,1,0,0,0,10,0,0.00,0.05,0.05,0.00,0.05
Gustavo Cabral,ar ARG,DF,Celta Vigo,30,1985,25,25,2 177,24.févr,2,1,3,2,0,0,6,0,0.08,0.04,0.12,0.08,0.12
Felipe Caicedo,ec ECU,FW MF,Espanyol,27,1988,27,14,1 288,14.mars,2,1,3,2,0,1,4,1,0.14,0.07,0.21,0.14,0.21
Ignacio Camacho,es ESP,MF,Málaga,26,1990,35,35,3 145,34.9,4,2,6,4,0,0,14,0,0.11,0.06,0.17,0.11,0.17
Víctor Camarasa,es ESP,MF,Alavés,22,1994,31,28,2 495,27.juil,3,1,4,3,0,0,4,0,0.11,0.04,0.14,0.11,0.14
Sergio Canales,es ESP,FW MF,Real Sociedad,25,1991,31,7,1 011,11.févr,0,4,4,0,0,0,2,0,0.00,0.36,0.36,0.00,0.36
João Cancelo,pt POR,DF MF,Valencia,22,1994,35,27,2 428,27.0,1,4,5,1,0,0,6,1,0.04,0.15,0.19,0.04,0.19
Roberto Canella,es ESP,DF,Sporting Gijón,28,1988,20,20,1 753,19.mai,2,1,3,2,0,0,3,0,0.10,0.05,0.15,0.10,0.15
Aitor Cantalapiedra,es ESP,FW MF,Villarreal,20,1996,1,0,4,0.0,0,0,0,0,0,0,0,0,0.00,0.00,0.00,0.00,0.00
Ander Capa,es ESP,DF MF,Eibar,24,1992,31,29,2 551,28.mars,0,3,3,0,0,0,9,1,0.00,0.11,0.11,0.00,0.11
Mehdi Carcela,ma MAR,FW MF,Granada,27,1989,22,20,1 747,19.avr,5,1,6,5,0,0,6,0,0.26,0.05,0.31,0.26,0.31
José Carlos,es ESP,DF,Betis,20,1996,6,6,496,05.mai,0,0,0,0,0,0,0,0,0.00,0.00,0.00,0.00,0.00
Carlos Carmona,es ESP,FW MF,Sporting Gijón,29,1987,25,21,1 861,20.juil,8,2,10,8,0,0,5,0,0.39,0.10,0.48,0.39,0.48
Yannick Carrasco,be BEL,DF FW,Atlético Madrid,22,1993,35,27,2 257,25.janv,10,4,14,10,0,1,5,0,0.40,0.16,0.56,0.40,0.56
Daniel Carriço,pt POR,DF MF,Sevilla,27,1988,6,6,452,5.0,0,0,0,0,0,0,2,0,0.00,0.00,0.00,0.00,0.00
Federico Cartabia,ar ARG,MF,Valencia,23,1993,4,2,152,01.juil,0,0,0,0,0,0,0,0,0.00,0.00,0.00,0.00,0.00
Dani Carvajal,es ESP,DF,Real Madrid,24,1992,23,21,2 016,22.avr,0,4,4,0,0,0,11,0,0.00,0.18,0.18,0.00,0.18
Casemiro,br BRA,MF,Real Madrid,24,1992,25,20,1 706,19.0,4,0,4,4,0,0,10,0,0.21,0.00,0.21,0.21,0.21
Nacho Cases,es ESP,MF,Sporting Gijón,28,1987,21,16,1 471,16.mars,2,1,3,2,0,0,6,0,0.12,0.06,0.18,0.12,0.18
Kiko Casilla,es ESP,GK,Real Madrid,29,1986,11,11,990,11.0,0,0,0,0,0,0,0,0,0.00,0.00,0.00,0.00,0.00
Dani Castellano,es ESP,DF MF,Las Palmas,28,1987,27,25,2 107,23.avr,0,1,1,0,0,0,2,0,0.00,0.04,0.04,0.00,0.04
Javi Castellano,es ESP,DF MF,Las Palmas,28,1987,5,0,99,01.janv,0,0,0,0,0,0,1,0,0.00,0.00,0.00,0.00,0.00
Samu Castillejo,es ESP,FW MF,Villarreal,21,1995,33,24,2 05,22.août,2,2,4,2,0,0,2,0,0.09,0.09,0.18,0.09,0.18
Carlos Castro,es ESP,FW,Sporting Gijón,21,1995,25,10,1 024,11.avr,4,1,5,4,0,0,1,0,0.35,0.09,0.44,0.35,0.44
Chory Castro,uy URU,FW MF,Málaga,31,1984,29,21,1 79,19.sept,1,3,4,1,0,0,5,1,0.05,0.15,0.20,0.05,0.20
Player,Nation,Pos,Squad,Age,Born,MP,Starts,Min,90s,Gls,Ast,G+A,G-PK,PK,PKatt,CrdY,CrdR,Gls,Ast,G+A,G-PK,G+A-PK
Jonny Castro,es ESP,DF MF,Celta Vigo,22,1994,30,23,2 213,24.juin,0,3,3,0,0,0,8,0,0.00,0.12,0.12,0.00,0.12
Rubén Castro,es ESP,FW MF,Betis,35,1981,35,32,2 777,30.sept,13,3,16,11,2,2,3,0,0.42,0.10,0.52,0.36,0.45
Goran Čaušić,rs SRB,MF,Osasuna,24,1992,26,22,2 008,22.mars,1,2,3,1,0,0,4,0,0.04,0.09,0.13,0.04,0.13
Dani Ceballos,es ESP,MF,Betis,19,1996,30,24,2 339,26.0,2,2,4,2,0,0,8,0,0.08,0.08,0.15,0.08,0.15
Álvaro Cejudo,es ESP,MF,Betis,32,1984,17,6,815,09.janv,1,1,2,1,0,0,8,0,0.11,0.11,0.22,0.11,0.22
Alessio Cerci,it ITA,FW MF,Atlético Madrid,29,1987,1,0,15,0.2,0,0,0,0,0,0,0,0,0.00,0.00,0.00,0.00,0.00
Nereo Champagne,ar ARG,GK,Leganés,31,1985,4,4,360,4.0,0,0,0,0,0,0,1,0,0.00,0.00,0.00,0.00,0.00
Charles,br BRA,FW,Málaga,32,1984,21,11,1 141,12.juil,3,1,4,3,0,0,5,0,0.24,0.08,0.32,0.24,0.32
Pape Cheikh Diop,sn SEN,MF,Celta Vigo,18,1997,16,5,571,06.mars,1,0,1,1,0,0,3,0,0.16,0.00,0.16,0.16,0.16
Denis Cheryshev,ru RUS,FW MF,Villarreal,25,1990,11,2,340,03.août,0,0,0,0,0,0,1,0,0.00,0.00,0.00,0.00,0.00
Michaël Ciani,fr FRA,DF,Espanyol,32,1984,1,0,54,0.6,0,0,0,0,0,0,0,0,0.00,0.00,0.00,0.00,0.00
Jasper Cillessen,nl NED,GK,Barcelona,27,1989,1,1,90,1.0,0,0,0,0,0,0,0,0,0.00,0.00,0.00,0.00,0.00
Carlos Clerc,es ESP,DF MF,Osasuna,24,1992,25,22,1 947,21.juin,1,0,1,1,0,0,2,0,0.05,0.00,0.05,0.05,0.05
Fábio Coentrão,pt POR,DF,Real Madrid,28,1988,3,2,169,01.sept,0,1,1,0,0,0,0,0,0.00,0.53,0.53,0.00,0.53
Emre Çolak,tr TUR,MF,La Coruña,25,1991,33,29,2 466,27.avr,3,6,9,3,0,1,5,0,0.11,0.22,0.33,0.11,0.33
David Concha,es ESP,FW MF,Real Sociedad,19,1996,8,1,116,01.mars,0,0,0,0,0,0,0,0,0.00,0.00,0.00,0.00,0.00
Duje Čop,hr CRO,FW,Sporting Gijón,26,1990,31,27,2 273,25.mars,9,3,12,6,3,4,7,0,0.36,0.12,0.48,0.24,0.36
Ángel Correa,ar ARG,FW MF,Atlético Madrid,21,1995,31,10,1 229,13.juil,4,8,12,4,0,0,6,0,0.29,0.59,0.88,0.29,0.88
Joaquín Correa,ar ARG,FW MF,Sevilla,21,1994,26,15,1 313,14.juin,4,0,4,4,0,0,6,0,0.27,0.00,0.27,0.27,0.27
Jaume Costa,es ESP,DF,Villarreal,28,1988,31,30,2 68,29.août,1,3,4,1,0,0,13,1,0.03,0.10,0.13,0.03,0.13
David Costas,es ESP,DF,Celta Vigo,21,1995,1,1,90,1.0,0,1,1,0,0,0,1,0,0.00,1.00,1.00,0.00,1.00
Iván Cuéllar,es ESP,GK,Sporting Gijón,32,1984,36,36,3 24,36.0,0,0,0,0,0,0,5,0,0.00,0.00,0.00,0.00,0.00
Isaac Cuenca,es ESP,FW MF,Granada,25,1991,25,18,1 746,19.avr,2,0,2,2,0,0,4,0,0.10,0.00,0.10,0.10,0.10
Danilo,br BRA,DF MF,Real Madrid,25,1991,17,17,1 485,16.mai,1,2,3,1,0,0,2,0,0.06,0.12,0.18,0.06,0.18
Martín Demichelis,ar ARG,DF MF,Málaga,35,1980,10,7,678,07.mai,0,0,0,0,0,0,3,0,0.00,0.00,0.00,0.00,0.00
Player,Nation,Pos,Squad,Age,Born,MP,Starts,Min,90s,Gls,Ast,G+A,G-PK,PK,PKatt,CrdY,CrdR,Gls,Ast,G+A,G-PK,G+A-PK
Martín Demichelis,ar ARG,DF MF,Espanyol,35,1980,2,1,99,01.janv,0,0,0,0,0,0,0,0,0.00,0.00,0.00,0.00,0.00
Deyverson,br BRA,FW,Alavés,25,1991,32,29,2 58,28.juil,7,1,8,7,0,0,14,0,0.24,0.03,0.28,0.24,0.28
Marcelo Díaz,cl CHI,MF,Celta Vigo,29,1986,26,17,1 648,18.mars,1,2,3,1,0,0,5,0,0.05,0.11,0.16,0.05,0.16
Víctor Díaz,es ESP,DF,Leganés,28,1988,23,20,1 81,20.janv,1,1,2,1,0,0,6,0,0.05,0.05,0.10,0.05,0.10
Didier Digard,fr FRA,MF,Osasuna,30,1986,3,3,192,02.janv,0,0,0,0,0,0,1,0,0.00,0.00,0.00,0.00,0.00
Lucas Digne,fr FRA,DF MF,Barcelona,23,1993,17,14,1 171,13.0,0,0,0,0,0,0,3,0,0.00,0.00,0.00,0.00,0.00
Papakouli Diop,sn SEN,MF,Espanyol,30,1986,18,9,906,10.janv,0,0,0,0,0,0,6,0,0.00,0.00,0.00,0.00,0.00
Jaume Doménech,es ESP,GK,Valencia,25,1990,3,3,270,3.0,0,0,0,0,0,0,0,0,0.00,0.00,0.00,0.00,0.00
Ryan Donk,sr SUR,DF MF,Betis,30,1986,16,9,859,09.mai,0,1,1,0,0,0,3,0,0.00,0.10,0.10,0.00,0.10
Jonathan dos Santos,mx MEX,MF,Villarreal,26,1990,34,22,2 214,24.juin,2,3,5,2,0,0,4,0,0.08,0.12,0.20,0.08,0.20
Mauro dos Santos,ar ARG,DF,Eibar,27,1989,11,8,763,08.mai,0,0,0,0,0,0,1,0,0.00,0.00,0.00,0.00,0.00
Douglas,br BRA,DF,Sporting Gijón,25,1990,21,20,1 717,19.janv,3,0,3,3,0,0,6,0,0.16,0.00,0.16,0.16,0.16
Óscar Duarte,cr CRC,DF,Espanyol,27,1989,15,13,1 124,12.mai,0,0,0,0,0,0,4,0,0.00,0.00,0.00,0.00,0.00
Rubén Duarte,es ESP,DF,Espanyol,20,1995,3,1,102,01.janv,0,0,0,0,0,0,1,0,0.00,0.00,0.00,0.00,0.00
Duda,pt POR,DF FW,Málaga,36,1980,16,2,389,04.mars,1,2,3,1,0,0,3,0,0.23,0.46,0.69,0.23,0.69
Riza Durmisi,dk DEN,DF,Betis,22,1994,27,27,2 385,26.mai,1,4,5,1,0,0,4,0,0.04,0.15,0.19,0.04,0.19
Elderson Echiéjilé,ng NGA,DF,Sporting Gijón,28,1988,3,2,198,02.févr,1,0,1,1,0,0,0,0,0.45,0.00,0.45,0.45,0.45
Aritz Elustondo,es ESP,DF,Real Sociedad,22,1994,9,4,462,05.janv,0,0,0,0,0,0,0,1,0.00,0.00,0.00,0.00,0.00
Gorka Elustondo,es ESP,DF MF,Athletic Club,29,1987,2,1,106,01.févr,0,0,0,0,0,0,0,0,0.00,0.00,0.00,0.00,0.00
Rodrigo Ely,br BRA,DF,Alavés,22,1993,10,8,789,08.août,1,0,1,1,0,0,4,0,0.11,0.00,0.11,0.11,0.11
Youssef En-Nesyri,ma MAR,FW,Málaga,19,1997,13,0,336,03.juil,1,1,2,1,0,0,2,0,0.27,0.27,0.54,0.27,0.54
Sergi Enrich,es ESP,FW MF,Eibar,26,1990,38,31,2 827,31.4,11,7,18,11,0,0,4,0,0.35,0.22,0.57,0.35,0.57
Juanan Entrena,es ESP,MF,Granada,20,1996,3,1,103,01.janv,0,0,0,0,0,0,0,0,0.00,0.00,0.00,0.00,0.00
Javier Eraso,es ESP,MF,Athletic Club,26,1990,7,4,379,04.févr,0,1,1,0,0,0,2,0,0.00,0.24,0.24,0.00,0.24
Gonzalo Escalante,ar ARG,MF,Eibar,23,1993,30,24,2 016,22.avr,2,1,3,2,0,0,9,1,0.09,0.04,0.13,0.09,0.13
Player,Nation,Pos,Squad,Age,Born,MP,Starts,Min,90s,Gls,Ast,G+A,G-PK,PK,PKatt,CrdY,CrdR,Gls,Ast,G+A,G-PK,G+A-PK
Sergio Escudero,es ESP,DF MF,Sevilla,26,1989,26,25,2 282,25.avr,0,3,3,0,0,0,7,0,0.00,0.12,0.12,0.00,0.12
Cristian Espinoza,ar ARG,FW MF,Alavés,21,1995,6,1,163,01.août,0,0,0,0,0,0,1,0,0.00,0.00,0.00,0.00,0.00
Pervis Estupiñán,ec ECU,DF MF,Granada,18,1998,2,2,180,2.0,0,0,0,0,0,0,1,0,0.00,0.00,0.00,0.00,0.00
Beñat Etxebarria,es ESP,MF,Athletic Club,29,1987,32,28,2 399,26.juil,1,5,6,1,0,0,9,0,0.04,0.19,0.23,0.04,0.23
Xabier Etxeita,es ESP,DF,Athletic Club,28,1987,10,7,713,07.sept,0,0,0,0,0,0,2,0,0.00,0.00,0.00,0.00,0.00
Edu Expósito,es ESP,MF,La Coruña,19,1996,1,1,44,0.5,0,0,0,0,0,0,0,0,0.00,0.00,0.00,0.00,0.00
Erik Expósito,es ESP,FW,Las Palmas,20,1996,2,2,166,01.août,0,0,0,0,0,0,0,0,0.00,0.00,0.00,0.00,0.00
Fayçal Fajr,ma MAR,MF,La Coruña,27,1988,24,14,1 207,13.avr,0,2,2,0,0,1,3,1,0.00,0.15,0.15,0.00,0.15
Zouhair Feddal,ma MAR,DF MF,Alavés,27,1989,27,27,2 242,24.sept,2,1,3,2,0,0,8,2,0.08,0.04,0.12,0.08,0.12
Kiko Femenía,es ESP,DF FW,Alavés,25,1991,31,28,2 5,27.août,0,2,2,0,0,0,5,0,0.00,0.07,0.07,0.00,0.07
Álvaro Fernández,es ESP,GK,Osasuna,18,1998,1,0,45,0.5,0,0,0,0,0,0,0,0,0.00,0.00,0.00,0.00,0.00
Andrés Fernández,es ESP,GK,Villarreal,29,1986,15,14,1 316,14.juin,0,0,0,0,0,0,2,0,0.00,0.00,0.00,0.00,0.00
Augusto Fernández,ar ARG,MF,Atlético Madrid,30,1986,3,2,141,01.juin,0,0,0,0,0,0,0,0,0.00,0.00,0.00,0.00,0.00
Carlos Fernández,es ESP,FW,Sevilla,20,1996,3,1,89,1.0,1,0,1,1,0,0,0,0,01.janv,0.00,01.janv,01.janv,01.janv
Mario Fernández,es ESP,GK,Osasuna,28,1988,7,7,585,06.mai,0,0,0,0,0,0,3,0,0.00,0.00,0.00,0.00,0.00
Pablo Fernández,es ESP,MF,Sporting Gijón,19,1996,2,0,22,0.2,0,0,0,0,0,0,0,0,0.00,0.00,0.00,0.00,0.00
Javier Flaño,es ESP,DF,Osasuna,31,1984,4,2,131,01.mai,0,0,0,0,0,0,0,0,0.00,0.00,0.00,0.00,0.00
Miguel Flaño,es ESP,DF,Osasuna,31,1984,12,12,1 035,11.mai,1,0,1,1,0,0,3,0,0.09,0.00,0.09,0.09,0.09
Andreu Fontàs,es ESP,DF,Celta Vigo,26,1989,17,17,1 46,16.févr,1,1,2,1,0,0,7,1,0.06,0.06,0.12,0.06,0.12
Pablo Fornals,es ESP,FW MF,Málaga,20,1996,32,31,2 666,29.juin,6,2,8,6,0,0,6,0,0.20,0.07,0.27,0.20,0.27
Dimitri Foulquier,fr FRA,DF MF,Granada,23,1993,22,21,1 873,20.août,0,2,2,0,0,0,4,0,0.00,0.10,0.10,0.00,0.10
Javi Fuego,es ESP,MF,Espanyol,32,1984,31,29,2 564,28.mai,1,0,1,1,0,0,9,1,0.04,0.00,0.04,0.04,0.04
Gabi,es ESP,MF,Atlético Madrid,33,1983,34,33,2 892,32.1,0,0,0,0,0,1,9,0,0.00,0.00,0.00,0.00,0.00
Gabriel,br BRA,MF,Leganés,22,1993,34,33,2 741,30.mai,5,2,7,5,0,0,8,0,0.16,0.07,0.23,0.16,0.23
Nicolás Gaitán,ar ARG,FW MF,Atlético Madrid,28,1988,23,11,1 027,11.avr,3,2,5,3,0,0,1,0,0.26,0.18,0.44,0.26,0.44
Player,Nation,Pos,Squad,Age,Born,MP,Starts,Min,90s,Gls,Ast,G+A,G-PK,PK,PKatt,CrdY,CrdR,Gls,Ast,G+A,G-PK,G+A-PK
Álex Gálvez,es ESP,DF MF,Eibar,27,1989,19,14,1 333,14.août,0,0,0,0,0,0,4,0,0.00,0.00,0.00,0.00,0.00
Bruno Gama,pt POR,FW MF,La Coruña,28,1987,22,18,1 442,16.0,0,0,0,0,0,0,3,0,0.00,0.00,0.00,0.00,0.00
Kévin Gameiro,fr FRA,FW,Atlético Madrid,29,1987,31,21,1 707,19.0,12,5,17,11,1,1,0,0,0.63,0.26,0.90,0.58,0.84
Ganso,br BRA,MF,Sevilla,26,1989,10,5,486,05.avr,2,1,3,2,0,0,0,0,0.37,0.19,0.56,0.37,0.56
Ezequiel Garay,ar ARG,DF,Valencia,29,1986,27,27,2 338,26.0,4,0,4,4,0,0,7,0,0.15,0.00,0.15,0.15,0.15
Dani García,es ESP,MF,Eibar,26,1990,36,36,3 182,35.4,1,1,2,1,0,0,9,1,0.03,0.03,0.06,0.03,0.06
David García,es ESP,DF,Las Palmas,34,1982,22,17,1 651,18.mars,1,1,2,1,0,0,5,0,0.05,0.05,0.11,0.05,0.11
David García,es ESP,DF MF,Osasuna,22,1994,25,23,2 191,24.mars,1,0,1,1,0,0,8,0,0.04,0.00,0.04,0.04,0.04
Imanol García,es ESP,MF,Osasuna,20,1995,8,6,526,05.août,0,0,0,0,0,0,1,0,0.00,0.00,0.00,0.00,0.00
Manu García,es ESP,MF,Alavés,30,1986,25,23,2 011,22.mars,3,1,4,2,1,1,8,0,0.13,0.04,0.18,0.09,0.13
Mateo García,ar ARG,FW MF,Las Palmas,19,1996,19,8,724,8.0,2,0,2,2,0,0,0,0,0.25,0.00,0.25,0.25,0.25
Raúl García,es ESP,FW MF,Athletic Club,30,1986,36,34,2 869,31.9,10,4,14,7,3,3,11,0,0.31,0.13,0.44,0.22,0.35
Raúl García,es ESP,DF,Alavés,27,1989,18,14,1 27,14.janv,0,0,0,0,0,0,6,0,0.00,0.00,0.00,0.00,0.00
Samu García,es ESP,FW MF,Leganés,26,1990,11,5,531,05.sept,0,1,1,0,0,0,0,0,0.00,0.17,0.17,0.00,0.17
Unai García,es ESP,DF,Osasuna,24,1992,22,20,1 872,20.août,0,0,0,0,0,0,4,0,0.00,0.00,0.00,0.00,0.00
Mario Gaspar,es ESP,DF MF,Villarreal,25,1990,36,36,3 24,36.0,0,3,3,0,0,0,6,0,0.00,0.08,0.08,0.00,0.08
Jon Gaztañaga,es ESP,DF MF,Real Sociedad,25,1991,2,0,26,0.3,0,0,0,0,0,0,1,0,0.00,0.00,0.00,0.00,0.00
Carles Gil,es ESP,FW MF,La Coruña,23,1992,23,16,1 408,15.juin,1,4,5,1,0,0,7,0,0.06,0.26,0.32,0.06,0.32
Nacho Gil,es ESP,MF,Valencia,20,1995,2,0,4,0.0,0,0,0,0,0,0,0,0,0.00,0.00,0.00,0.00,0.00
Dani Giménez,es ESP,GK,Betis,33,1983,1,1,90,1.0,0,0,0,0,0,0,1,1,0.00,0.00,0.00,0.00,0.00
Diego Godín,uy URU,DF,Atlético Madrid,30,1986,31,30,2 706,30.janv,3,1,4,3,0,0,11,1,0.10,0.03,0.13,0.10,0.13
André Gomes,pt POR,MF,Barcelona,23,1993,30,17,1 591,17.juil,3,1,4,3,0,0,3,0,0.17,0.06,0.23,0.17,0.23
Ibai Gómez,es ESP,FW MF,Alavés,26,1989,29,23,1 815,20.févr,5,2,7,5,0,0,2,0,0.25,0.10,0.35,0.25,0.35
Moi Gómez,es ESP,FW MF,Sporting Gijón,22,1994,26,24,1 864,20.juil,2,5,7,1,1,1,4,0,0.10,0.24,0.34,0.05,0.29
Sergi Gómez,es ESP,DF,Celta Vigo,24,1992,25,21,1 904,21.févr,0,0,0,0,0,0,4,2,0.00,0.00,0.00,0.00,0.00
Player,Nation,Pos,Squad,Age,Born,MP,Starts,Min,90s,Gls,Ast,G+A,G-PK,PK,PKatt,CrdY,CrdR,Gls,Ast,G+A,G-PK,G+A-PK
Vicente Gómez,es ESP,MF,Las Palmas,27,1988,29,28,2 311,25.juil,2,0,2,2,0,0,3,0,0.08,0.00,0.08,0.08,0.08
Adrián González,es ESP,MF,Eibar,28,1988,28,19,1 531,17.0,7,1,8,2,5,5,3,0,0.41,0.06,0.47,0.12,0.18
Álvaro González,es ESP,DF,Villarreal,26,1990,23,20,1 887,21.0,1,1,2,1,0,0,7,0,0.05,0.05,0.10,0.05,0.10
Álvaro González,es ESP,DF,Espanyol,26,1990,2,2,180,2.0,0,0,0,0,0,0,2,0,0.00,0.00,0.00,0.00,0.00
Bruno González,es ESP,DF,Betis,26,1990,16,15,1 331,14.août,1,0,1,1,0,0,9,0,0.07,0.00,0.07,0.07,0.07
Diego González,es ESP,DF,Sevilla,21,1995,3,0,35,0.4,0,0,0,0,0,0,0,0,0.00,0.00,0.00,0.00,0.00
Mario González,es ESP,FW,Villarreal,20,1996,2,0,24,0.3,0,0,0,0,0,0,0,0,0.00,0.00,0.00,0.00,0.00
Mikel González,es ESP,DF,Real Sociedad,30,1985,9,8,664,07.avr,0,0,0,0,0,0,2,0,0.00,0.00,0.00,0.00,0.00
Esteban Granero,es ESP,MF,Real Sociedad,29,1987,19,8,696,07.juil,0,1,1,0,0,0,5,1,0.00,0.13,0.13,0.00,0.13
Antoine Griezmann,fr FRA,FW MF,Atlético Madrid,25,1991,36,36,3 053,33.9,16,7,23,16,0,2,3,0,0.47,0.21,0.68,0.47,0.68
John Guidetti,se SWE,FW,Celta Vigo,24,1992,23,14,1 065,11.août,4,1,5,3,1,1,9,0,0.34,0.08,0.42,0.25,0.34
Guilherme,qa QAT,MF,La Coruña,25,1991,30,26,2 277,25.mars,2,1,3,2,0,0,6,0,0.08,0.04,0.12,0.08,0.12
Jon Guridi,es ESP,MF,Real Sociedad,21,1995,1,1,75,0.8,0,0,0,0,0,0,0,0,0.00,0.00,0.00,0.00,0.00
Felipe Gutiérrez,cl CHI,MF,Betis,25,1990,14,9,757,08.avr,1,0,1,1,0,0,3,0,0.12,0.00,0.12,0.12,0.12
Munir El Haddadi,ma MAR,FW MF,Barcelona,20,1995,1,0,21,0.2,0,0,0,0,0,0,0,0,0.00,0.00,0.00,0.00,0.00
Munir El Haddadi,ma MAR,FW MF,Valencia,20,1995,33,22,2 031,22.juin,6,3,9,6,0,0,5,1,0.27,0.13,0.40,0.27,0.40
Alen Halilović,hr CRO,FW MF,Las Palmas,20,1996,18,6,652,07.févr,0,2,2,0,0,0,2,0,0.00,0.28,0.28,0.00,0.28
Uche Henry Agbo,ng NGA,MF,Granada,20,1995,31,28,2 377,26.avr,0,0,0,0,0,0,13,2,0.00,0.00,0.00,0.00,0.00
Hernán,es ESP,DF MF,Las Palmas,25,1990,10,3,292,03.févr,0,0,0,0,0,0,2,1,0.00,0.00,0.00,0.00,0.00
Héctor Hernández,es ESP,DF,Granada,25,1991,13,11,908,10.janv,0,2,2,0,0,0,2,0,0.00,0.20,0.20,0.00,0.20
Héctor Hernández,es ESP,DF,Real Sociedad,25,1991,4,2,254,02.août,0,0,0,0,0,0,0,0,0.00,0.00,0.00,0.00,0.00
Lucas Hernández,fr FRA,DF,Atlético Madrid,20,1996,15,13,1 255,13.sept,0,0,0,0,0,0,2,0,0.00,0.00,0.00,0.00,0.00
Luis Hernández,es ESP,DF,Málaga,27,1989,19,19,1 678,18.juin,1,1,2,1,0,0,3,0,0.05,0.05,0.11,0.05,0.11
Pablo Hernández,cl CHI,FW MF,Celta Vigo,29,1986,26,20,1 901,21.janv,1,0,1,1,0,0,10,1,0.05,0.00,0.05,0.05,0.05
Theo Hernández,fr FRA,DF MF,Alavés,18,1997,32,30,2 725,30.mars,1,3,4,1,0,0,12,1,0.03,0.10,0.13,0.03,0.13
Player,Nation,Pos,Squad,Age,Born,MP,Starts,Min,90s,Gls,Ast,G+A,G-PK,PK,PKatt,CrdY,CrdR,Gls,Ast,G+A,G-PK,G+A-PK
Iago Herrerín,es ESP,GK,Leganés,28,1988,21,21,1 825,20.mars,0,0,0,0,0,0,0,1,0.00,0.00,0.00,0.00,0.00
Andrew Hjulsager,dk DEN,FW MF,Celta Vigo,21,1995,7,3,260,02.sept,1,0,1,1,0,0,0,0,0.35,0.00,0.35,0.35,0.35
Martin Hongla,cm CMR,DF MF,Granada,18,1998,10,8,794,08.août,0,0,0,0,0,0,2,0,0.00,0.00,0.00,0.00,0.00
Robert Ibáñez,es ESP,FW MF,Leganés,23,1993,5,1,171,01.sept,2,1,3,2,0,0,0,0,01.mai,0.53,janv.58,01.mai,janv.58
Vicente Iborra,es ESP,MF,Sevilla,28,1988,31,12,1 481,16.mai,7,2,9,6,1,1,9,0,0.43,0.12,0.55,0.36,0.49
Asier Illarramendi,es ESP,MF,Real Sociedad,26,1990,34,33,3 006,33.4,1,2,3,1,0,0,13,0,0.03,0.06,0.09,0.03,0.09
Sverrir Ingi Ingason,is ISL,DF,Granada,22,1993,17,17,1 472,16.avr,1,0,1,1,0,0,7,0,0.06,0.00,0.06,0.06,0.06
Andrés Iniesta,es ESP,MF,Barcelona,32,1984,23,13,1 336,14.août,0,3,3,0,0,0,2,0,0.00,0.20,0.20,0.00,0.20
Pablo Insua,es ESP,DF,Leganés,22,1993,29,20,1 907,21.févr,1,0,1,1,0,0,3,0,0.05,0.00,0.05,0.05,0.05
Takashi Inui,jp JPN,FW MF,Eibar,28,1988,28,26,2 071,23.0,3,2,5,3,0,0,5,0,0.13,0.09,0.22,0.13,0.22
Gorka Iraizoz,es ESP,GK,Athletic Club,35,1981,16,15,1 405,15.juin,0,0,0,0,0,0,1,0,0.00,0.00,0.00,0.00,0.00
Isco,es ESP,FW MF,Real Madrid,24,1992,30,18,1 634,18.févr,10,9,19,10,0,0,4,0,0.55,0.50,01.mai,0.55,01.mai
Ander Iturraspe,es ESP,MF,Athletic Club,27,1989,24,12,1 159,12.sept,0,1,1,0,0,0,3,0,0.00,0.08,0.08,0.00,0.08
Jesé,es ESP,FW MF,Las Palmas,23,1993,16,13,1 16,12.sept,3,1,4,2,1,1,5,0,0.23,0.08,0.31,0.16,0.23
Joaquín,es ESP,FW MF,Betis,35,1981,28,19,1 673,18.juin,3,3,6,3,0,0,2,0,0.16,0.16,0.32,0.16,0.32
Ola John,nl NED,FW MF,La Coruña,24,1992,11,3,353,03.sept,0,1,1,0,0,0,1,0,0.00,0.25,0.25,0.00,0.25
Jony,es ESP,MF,Málaga,25,1991,24,15,1 245,13.août,2,1,3,1,1,1,3,0,0.14,0.07,0.22,0.07,0.14
Willian José,br BRA,FW,Real Sociedad,24,1991,28,27,2 064,22.sept,12,4,16,9,3,3,4,0,0.52,0.17,0.70,0.39,0.57
Joselu,es ESP,FW,La Coruña,26,1990,20,9,901,10.0,5,1,6,5,0,0,7,0,0.50,0.10,0.60,0.50,0.60
Jota,es ESP,MF,Eibar,25,1991,5,3,203,02.mars,0,0,0,0,0,0,0,0,0.00,0.00,0.00,0.00,0.00
Stevan Jovetić,me MNE,FW MF,Sevilla,26,1989,21,12,1 206,13.avr,6,4,10,6,0,1,4,0,0.45,0.30,0.75,0.45,0.75
Jozabed,es ESP,MF,Celta Vigo,25,1991,19,12,1 092,12.janv,2,2,4,2,0,0,2,0,0.16,0.16,0.33,0.16,0.33
Juanfran,es ESP,DF FW,La Coruña,27,1988,34,34,2 956,32.8,0,6,6,0,0,0,3,1,0.00,0.18,0.18,0.00,0.18
Juanfran,es ESP,DF MF,Atlético Madrid,31,1985,23,21,1 979,22.0,0,2,2,0,0,0,2,0,0.00,0.09,0.09,0.00,0.09
Juankar,es ESP,DF FW,Málaga,26,1990,28,23,2 06,22.sept,2,4,6,2,0,0,8,1,0.09,0.17,0.26,0.09,0.26
Player,Nation,Pos,Squad,Age,Born,MP,Starts,Min,90s,Gls,Ast,G+A,G-PK,PK,PKatt,CrdY,CrdR,Gls,Ast,G+A,G-PK,G+A-PK
Juanmi,es ESP,FW MF,Real Sociedad,23,1993,35,19,1 808,20.janv,11,0,11,11,0,0,7,1,0.55,0.00,0.55,0.55,0.55
Juanpi,ve VEN,FW MF,Málaga,22,1994,22,16,1 472,16.avr,2,0,2,2,0,0,5,1,0.12,0.00,0.12,0.12,0.12
David Juncà,es ESP,DF,Eibar,22,1993,9,7,685,07.juin,0,2,2,0,0,0,1,0,0.00,0.26,0.26,0.00,0.26
Gaël Kakuta,cd COD,FW MF,La Coruña,25,1991,10,8,538,6.0,2,1,3,2,0,0,0,0,0.33,0.17,0.50,0.33,0.50
Carlos Kameni,cm CMR,GK,Málaga,32,1984,35,35,3 15,35.0,0,0,0,0,0,0,2,0,0.00,0.00,0.00,0.00,0.00
Aleksandar Katai,rs SRB,FW MF,Alavés,25,1991,20,8,775,08.juin,3,3,6,3,0,0,3,1,0.35,0.35,0.70,0.35,0.70
Keko,es ESP,FW MF,Málaga,24,1991,22,13,1 051,11.juil,0,3,3,0,0,0,6,0,0.00,0.26,0.26,0.00,0.26
Kiké,es ESP,FW,Eibar,26,1989,24,18,1 531,17.0,7,1,8,7,0,0,8,0,0.41,0.06,0.47,0.41,0.47
Hiroshi Kiyotake,jp JPN,FW MF,Sevilla,26,1989,4,3,285,03.févr,1,2,3,1,0,0,0,0,0.32,0.63,0.95,0.32,0.95
Kenan Kodro,ba BIH,FW,Osasuna,22,1993,28,17,1 469,16.mars,7,1,8,7,0,0,4,0,0.43,0.06,0.49,0.43,0.49
Koke,es ESP,MF,Atlético Madrid,24,1992,36,36,3 168,35.2,4,8,12,4,0,0,7,1,0.11,0.23,0.34,0.11,0.34
Timothée Kolodziejczak,fr FRA,DF,Sevilla,24,1991,5,3,330,03.juil,0,0,0,0,0,0,1,0,0.00,0.00,0.00,0.00,0.00
Bakary Koné,bf BFA,DF,Málaga,28,1988,7,7,601,06.juil,0,0,0,0,0,0,2,1,0.00,0.00,0.00,0.00,0.00
Mamadou Koné,ci CIV,FW,Leganés,24,1991,5,1,173,01.sept,0,0,0,0,0,0,0,0,0.00,0.00,0.00,0.00,0.00
Panagiotis Kone,gr GRE,MF,Granada,29,1987,2,0,44,0.5,0,0,0,0,0,0,0,0,0.00,0.00,0.00,0.00,0.00
Mateo Kovačić,hr CRO,MF,Real Madrid,22,1994,27,19,1 778,19.août,1,3,4,1,0,0,2,0,0.05,0.15,0.20,0.05,0.20
Matías Kranevitter,ar ARG,MF,Sevilla,23,1993,21,14,1 285,14.mars,0,0,0,0,0,0,6,0,0.00,0.00,0.00,0.00,0.00
Artem Kravets,ua UKR,FW,Granada,27,1989,26,16,1 376,15.mars,5,2,7,5,0,0,2,0,0.33,0.13,0.46,0.33,0.46
Rene Krhin,si SVN,FW MF,Granada,26,1990,12,11,934,10.avr,0,0,0,0,0,0,0,0,0.00,0.00,0.00,0.00,0.00
Michael Krohn-Dehli,dk DEN,FW MF,Sevilla,33,1983,2,2,170,01.sept,0,0,0,0,0,0,0,0,0.00,0.00,0.00,0.00,0.00
Toni Kroos,de GER,MF,Real Madrid,26,1990,29,28,2 497,27.juil,3,11,14,3,0,0,6,0,0.11,0.40,0.50,0.11,0.50
Nenad Krstičić,rs SRB,MF,Alavés,26,1990,14,9,745,08.mars,2,0,2,2,0,0,3,0,0.24,0.00,0.24,0.24,0.24
Zdravko Kuzmanović,rs SRB,MF,Málaga,28,1987,4,3,214,02.avr,0,0,0,0,0,0,1,0,0.00,0.00,0.00,0.00,0.00
Víctor Laguardia,es ESP,DF,Alavés,26,1989,26,24,2 149,23.sept,2,1,3,2,0,0,6,0,0.08,0.04,0.13,0.08,0.13
Aymeric Laporte,es ESP,DF,Athletic Club,22,1994,33,33,2 864,31.août,2,0,2,2,0,0,10,0,0.06,0.00,0.06,0.06,0.06
Player,Nation,Pos,Squad,Age,Born,MP,Starts,Min,90s,Gls,Ast,G+A,G-PK,PK,PKatt,CrdY,CrdR,Gls,Ast,G+A,G-PK,G+A-PK
Miguel de las Cuevas,es ESP,MF,Osasuna,30,1986,28,20,1 796,20.0,0,1,1,0,0,0,3,0,0.00,0.05,0.05,0.00,0.05
Toni Lato,es ESP,DF,Valencia,18,1997,8,4,483,05.avr,0,1,1,0,0,0,2,0,0.00,0.19,0.19,0.00,0.19
Laure,es ESP,DF,La Coruña,31,1985,7,4,427,04.juil,0,0,0,0,0,0,0,1,0.00,0.00,0.00,0.00,0.00
Florian Lejeune,fr FRA,DF MF,Eibar,25,1991,34,33,2 97,33.0,1,1,2,1,0,0,7,1,0.03,0.03,0.06,0.03,0.06
Iñigo Lekue,es ESP,DF MF,Athletic Club,23,1993,25,17,1 575,17.mai,2,1,3,2,0,0,1,0,0.11,0.06,0.17,0.11,0.17
Álvaro Lemos,es ESP,DF MF,Celta Vigo,23,1993,5,5,438,04.sept,1,0,1,1,0,0,2,0,0.21,0.00,0.21,0.21,0.21
Mauricio Lemos,uy URU,DF,Las Palmas,20,1995,23,21,1 852,20.juin,5,0,5,5,0,0,6,0,0.24,0.00,0.24,0.24,0.24
Clément Lenglet,fr FRA,DF,Sevilla,21,1995,17,15,1 358,15.janv,0,0,0,0,0,0,2,0,0.00,0.00,0.00,0.00,0.00
Pedro León,es ESP,FW MF,Eibar,29,1986,37,34,3 004,33.4,10,5,15,9,1,3,6,0,0.30,0.15,0.45,0.27,0.42
Sergio León,es ESP,FW,Osasuna,27,1989,33,27,2 393,26.juin,10,0,10,9,1,1,4,0,0.38,0.00,0.38,0.34,0.34
Lillo,es ESP,DF,Sporting Gijón,27,1989,25,24,2 136,23.juil,0,0,0,0,0,0,7,1,0.00,0.00,0.00,0.00,0.00
Marko Livaja,hr CRO,FW MF,Las Palmas,22,1993,25,16,1 444,16.0,5,3,8,5,0,0,12,1,0.31,0.19,0.50,0.31,0.50
Raúl Lizoain,es ESP,GK,Las Palmas,25,1991,13,13,1 17,13.0,0,0,0,0,0,0,2,0,0.00,0.00,0.00,0.00,0.00
Diego Llorente,es ESP,DF,Málaga,22,1993,25,23,2 028,22.mai,2,0,2,2,0,0,2,1,0.09,0.00,0.09,0.09,0.09
Marcos Llorente,es ESP,DF FW,Alavés,21,1995,32,31,2 806,31.2,0,2,2,0,0,0,5,0,0.00,0.06,0.06,0.00,0.06
Raoul Loé,cm CMR,MF,Osasuna,27,1989,7,6,570,06.mars,0,0,0,0,0,0,2,0,0.00,0.00,0.00,0.00,0.00
David Lombán,es ESP,DF,Granada,29,1987,21,20,1 841,20.mai,2,0,2,2,0,0,6,0,0.10,0.00,0.10,0.10,0.10
Hélder Lopes,pt POR,DF MF,Las Palmas,27,1989,15,13,1 224,13.juin,0,1,1,0,0,0,4,0,0.00,0.07,0.07,0.00,0.07
Adrián López,es ESP,FW,Villarreal,28,1988,15,7,677,07.mai,2,1,3,2,0,0,0,0,0.27,0.13,0.40,0.27,0.40
David López,es ESP,DF MF,Espanyol,26,1989,36,36,3 24,36.0,3,2,5,3,0,0,3,0,0.08,0.06,0.14,0.08,0.14
Diego López,es ESP,GK,Espanyol,34,1981,35,35,3 112,34.6,0,0,0,0,0,0,3,0,0.00,0.00,0.00,0.00,0.00
Isma López,es ESP,DF FW,Sporting Gijón,26,1990,27,19,1 732,19.févr,0,3,3,0,0,1,5,0,0.00,0.16,0.16,0.00,0.16
Javi López,es ESP,DF MF,Espanyol,30,1986,19,17,1 522,16.sept,0,1,1,0,0,0,3,0,0.00,0.06,0.06,0.00,0.06
Unai López,es ESP,MF,Leganés,20,1995,23,12,1 167,13.0,2,0,2,2,0,0,2,0,0.15,0.00,0.15,0.15,0.15
Alberto Lora,es ESP,DF MF,Sporting Gijón,29,1987,7,4,378,04.févr,0,0,0,0,0,0,1,1,0.00,0.00,0.00,0.00,0.00
Player,Nation,Pos,Squad,Age,Born,MP,Starts,Min,90s,Gls,Ast,G+A,G-PK,PK,PKatt,CrdY,CrdR,Gls,Ast,G+A,G-PK,G+A-PK
Luciano,br BRA,FW MF,Leganés,23,1993,25,11,1 177,13.janv,4,2,6,3,1,1,3,0,0.31,0.15,0.46,0.23,0.38
Filipe Luís,br BRA,DF,Atlético Madrid,30,1985,34,34,3 006,33.4,3,6,9,3,0,0,5,0,0.09,0.18,0.27,0.09,0.27
José Luis Gayà,es ESP,DF MF,Valencia,21,1995,27,24,2 089,23.févr,1,2,3,1,0,0,4,0,0.04,0.09,0.13,0.04,0.13
Luisinho,pt POR,DF,La Coruña,31,1985,26,20,1 907,21.févr,0,2,2,0,0,0,6,0,0.00,0.09,0.09,0.00,0.09
Antonio Luna,es ESP,DF,Eibar,25,1991,26,24,2 115,23.mai,1,5,6,1,0,0,3,0,0.04,0.21,0.26,0.04,0.26
Germán Lux,ar ARG,GK,La Coruña,34,1982,25,25,2 204,24.mai,0,0,0,0,0,0,5,0,0.00,0.00,0.00,0.00,0.00
Darwin Machís,ve VEN,FW MF,Leganés,23,1993,27,10,1 058,11.août,1,3,4,1,0,0,1,0,0.09,0.26,0.34,0.09,0.34
Aly Mallé,ml MLI,FW,Granada,18,1998,11,6,508,05.juin,0,0,0,0,0,0,2,0,0.00,0.00,0.00,0.00,0.00
Hugo Mallo,es ESP,DF,Celta Vigo,25,1991,23,22,1 988,22.janv,2,1,3,2,0,0,10,1,0.09,0.05,0.14,0.09,0.14
Aïssa Mandi,dz ALG,DF,Betis,24,1991,26,25,2 215,24.juin,2,1,3,2,0,0,4,0,0.08,0.04,0.12,0.08,0.12
Eliaquim Mangala,fr FRA,DF,Valencia,25,1991,30,30,2 644,29.avr,2,0,2,2,0,0,11,1,0.07,0.00,0.07,0.07,0.07
Martín Mantovani,ar ARG,DF,Leganés,32,1984,31,30,2 697,30.0,1,0,1,1,0,0,9,0,0.03,0.00,0.03,0.03,0.03
José Manuel Jurado,es ESP,MF,Espanyol,30,1986,31,27,2 457,27.mars,3,4,7,3,0,0,0,0,0.11,0.15,0.26,0.11,0.26
Marcelo,br BRA,DF MF,Real Madrid,28,1988,30,26,2 279,25.mars,2,10,12,2,0,0,2,0,0.08,0.39,0.47,0.08,0.47
Óscar de Marcos,es ESP,DF FW,Athletic Club,27,1989,27,24,2 15,23.sept,1,4,5,1,0,0,3,0,0.04,0.17,0.21,0.04,0.21
José María Giménez,uy URU,DF,Atlético Madrid,21,1995,17,12,1 013,11.mars,0,0,0,0,0,0,5,0,0.00,0.00,0.00,0.00,0.00
Mariano,do DOM,FW,Real Madrid,22,1993,8,0,124,01.avr,1,1,2,1,0,0,0,0,0.73,0.73,janv.45,0.73,janv.45
Mariano,br BRA,DF MF,Sevilla,30,1986,31,29,2 643,29.avr,0,2,2,0,0,0,10,0,0.00,0.07,0.07,0.00,0.07
Adrián Marín,es ESP,DF,Leganés,19,1997,13,11,910,10.janv,0,0,0,0,0,0,4,0,0.00,0.00,0.00,0.00,0.00
Diego Mariño,es ESP,GK,Sporting Gijón,26,1990,2,2,180,2.0,0,0,0,0,0,0,0,1,0.00,0.00,0.00,0.00,0.00
Marlon,br BRA,DF MF,Barcelona,20,1995,2,2,180,2.0,0,0,0,0,0,0,0,0,0.00,0.00,0.00,0.00,0.00
Iván Márquez,es ESP,DF,Osasuna,22,1994,4,4,360,4.0,0,1,1,0,0,0,4,0,0.00,0.25,0.25,0.00,0.25
Javi Márquez,es ESP,MF,Granada,30,1986,7,4,399,04.avr,0,0,0,0,0,0,2,0,0.00,0.00,0.00,0.00,0.00
Aarón Martín,es ESP,DF MF,Espanyol,19,1997,30,28,2 587,28.juil,0,0,0,0,0,0,5,0,0.00,0.00,0.00,0.00,0.00
Alberto Martín,es ESP,MF,Leganés,27,1989,16,14,1 189,13.févr,0,0,0,0,0,0,6,1,0.00,0.00,0.00,0.00,0.00
Player,Nation,Pos,Squad,Age,Born,MP,Starts,Min,90s,Gls,Ast,G+A,G-PK,PK,PKatt,CrdY,CrdR,Gls,Ast,G+A,G-PK,G+A-PK
Jonas Martin,fr FRA,DF MF,Betis,26,1990,20,15,1 153,12.août,2,0,2,2,0,0,5,0,0.16,0.00,0.16,0.16,0.16
Álex Martínez,es ESP,DF MF,Betis,25,1990,14,11,967,10.juil,0,0,0,0,0,0,2,0,0.00,0.00,0.00,0.00,0.00
Carlos Martínez,es ESP,DF,Real Sociedad,30,1986,10,10,869,09.juil,0,2,2,0,0,0,2,0,0.00,0.21,0.21,0.00,0.21
Iñigo Martínez,es ESP,DF,Real Sociedad,25,1991,34,34,2 997,33.3,3,2,5,3,0,0,10,1,0.09,0.06,0.15,0.09,0.15
Luís Martins,pt POR,DF,Granada,24,1992,2,1,73,0.8,0,0,0,0,0,0,0,0,0.00,0.00,0.00,0.00,0.00
Javier Mascherano,ar ARG,DF MF,Barcelona,32,1984,25,20,1 921,21.mars,1,3,4,0,1,1,6,0,0.05,0.14,0.19,0.00,0.14
Jérémy Mathieu,fr FRA,DF,Barcelona,32,1983,13,12,1 039,11.mai,1,0,1,1,0,0,0,0,0.09,0.00,0.09,0.09,0.09
Carl Medjani,dz ALG,DF MF,Leganés,31,1985,8,7,595,06.juin,0,0,0,0,0,0,2,0,0.00,0.00,0.00,0.00,0.00
Álvaro Medrán,es ESP,MF,Valencia,22,1994,16,10,950,10.juin,2,0,2,2,0,0,3,0,0.19,0.00,0.19,0.19,0.19
Óscar Melendo,es ESP,FW MF,Espanyol,18,1997,11,2,307,03.avr,0,0,0,0,0,0,0,0,0.00,0.00,0.00,0.00,0.00
Tiago Mendes,pt POR,MF,Atlético Madrid,35,1981,12,5,452,5.0,1,0,1,1,0,0,2,0,0.20,0.00,0.20,0.20,0.20
Édgar Méndez,es ESP,FW MF,Alavés,26,1990,27,18,1 612,17.sept,4,1,5,3,1,1,6,0,0.22,0.06,0.28,0.17,0.22
Gabriel Mercado,ar ARG,DF,Sevilla,29,1987,29,26,2 184,24.mars,3,1,4,3,0,0,10,0,0.12,0.04,0.16,0.12,0.16
Jorge Meré,es ESP,DF,Sporting Gijón,19,1997,31,31,2 773,30.août,0,0,0,0,0,0,7,1,0.00,0.00,0.00,0.00,0.00
Fran Mérida,es ESP,MF,Osasuna,26,1990,15,9,812,9.0,1,0,1,1,0,0,5,0,0.11,0.00,0.11,0.11,0.11
Sabin Merino,es ESP,FW MF,Athletic Club,24,1992,13,5,440,04.sept,1,2,3,1,0,0,2,0,0.20,0.41,0.61,0.20,0.61
Roque Mesa,es ESP,MF,Las Palmas,27,1989,35,34,3 033,33.7,1,2,3,1,0,0,14,0,0.03,0.06,0.09,0.03,0.09
Lionel Messi,ar ARG,FW MF,Barcelona,29,1987,34,32,2 83,31.4,37,9,46,31,6,7,6,0,janv.18,0.29,janv.46,0.99,janv.27
Michel,br BRA,DF,Las Palmas,26,1990,25,24,2 085,23.févr,0,4,4,0,0,0,5,0,0.00,0.17,0.17,0.00,0.17
Santi Mina,es ESP,FW,Valencia,20,1995,29,13,1 41,15.juil,6,2,8,6,0,0,2,0,0.38,0.13,0.51,0.38,0.51
Rafa Mir,es ESP,FW MF,Valencia,19,1997,2,0,7,0.1,0,0,0,0,0,0,0,0,0.00,0.00,0.00,0.00,0.00
Luka Modrić,hr CRO,MF,Real Madrid,30,1985,25,22,1 887,21.0,1,2,3,1,0,0,2,0,0.05,0.10,0.14,0.05,0.14
Momo,es ESP,MF,Las Palmas,34,1982,23,12,1 243,13.août,3,0,3,2,1,1,3,0,0.22,0.00,0.22,0.14,0.14
Ángel Montoro,es ESP,MF,Las Palmas,28,1988,17,12,1 108,12.mars,0,0,0,0,0,0,1,0,0.00,0.00,0.00,0.00,0.00
Martín Montoya,es ESP,DF,Valencia,25,1991,29,26,2 219,24.juil,2,1,3,2,0,0,7,0,0.08,0.04,0.12,0.08,0.12
Player,Nation,Pos,Squad,Age,Born,MP,Starts,Min,90s,Gls,Ast,G+A,G-PK,PK,PKatt,CrdY,CrdR,Gls,Ast,G+A,G-PK,G+A-PK
Walter Montoya,ar ARG,MF,Sevilla,23,1993,4,1,111,01.févr,0,0,0,0,0,0,0,0,0.00,0.00,0.00,0.00,0.00
Erik Morán,es ESP,MF,Leganés,25,1991,12,11,950,10.juin,0,1,1,0,0,0,7,0,0.00,0.09,0.09,0.00,0.09
Álvaro Morata,es ESP,FW,Real Madrid,23,1992,26,14,1 334,14.août,15,6,21,15,0,0,8,0,01.janv,0.40,janv.42,01.janv,janv.42
Gerard Moreno,es ESP,FW MF,Espanyol,24,1992,37,37,3 275,36.4,13,4,17,13,0,1,6,0,0.36,0.11,0.47,0.36,0.47
Marlos Moreno,co COL,FW MF,La Coruña,19,1996,19,9,793,08.août,0,0,0,0,0,0,0,0,0.00,0.00,0.00,0.00,0.00
Pedro Mosquera,es ESP,MF,La Coruña,28,1988,23,17,1 564,17.avr,3,0,3,3,0,0,7,0,0.17,0.00,0.17,0.17,0.17
Iker Muniain,es ESP,FW MF,Athletic Club,23,1992,35,28,2 405,26.juil,7,1,8,7,0,0,5,0,0.26,0.04,0.30,0.26,0.30
Luis Muñoz,es ESP,DF MF,Málaga,19,1997,5,4,382,04.févr,0,0,0,0,0,0,0,0,0.00,0.00,0.00,0.00,0.00
Mateo Musacchio,ar ARG,DF,Villarreal,25,1990,23,23,2 065,22.sept,0,2,2,0,0,0,6,0,0.00,0.09,0.09,0.00,0.09
Charly Musonda Jr.,be BEL,MF,Betis,19,1996,8,1,284,03.févr,0,1,1,0,0,0,2,0,0.00,0.32,0.32,0.00,0.32
Shkodran Mustafi,de GER,DF,Valencia,24,1992,1,0,45,0.5,0,0,0,0,0,0,0,0,0.00,0.00,0.00,0.00,0.00
Alfred N'Diaye,sn SEN,DF MF,Villarreal,26,1990,7,1,115,01.mars,0,1,1,0,0,0,1,0,0.00,0.78,0.78,0.00,0.78
Nacho,es ESP,DF,Real Madrid,26,1990,28,24,2 304,25.juin,2,3,5,2,0,0,5,0,0.08,0.12,0.20,0.08,0.20
Matías Nahuel,es ESP,FW MF,Betis,19,1996,10,0,156,01.juil,0,0,0,0,0,0,0,1,0.00,0.00,0.00,0.00,0.00
Nani,pt POR,FW MF,Valencia,29,1986,25,22,1 867,20.juil,5,8,13,4,1,1,6,0,0.24,0.39,0.63,0.19,0.58
Nano,es ESP,FW,Eibar,21,1995,6,1,161,01.août,1,0,1,1,0,0,0,0,0.56,0.00,0.56,0.56,0.56
Samir Nasri,fr FRA,FW MF,Sevilla,29,1987,23,22,1 84,20.avr,2,4,6,2,0,1,7,0,0.10,0.20,0.29,0.10,0.29
Fernando Navarro,es ESP,DF,La Coruña,34,1982,25,22,2 053,22.août,0,0,0,0,0,0,6,0,0.00,0.00,0.00,0.00,0.00
Marc Navarro,es ESP,DF,Espanyol,21,1995,12,10,788,08.août,2,1,3,2,0,0,0,0,0.23,0.11,0.34,0.23,0.34
Rafa Navarro,es ESP,DF,Betis,22,1994,18,14,1 28,14.févr,2,2,4,2,0,0,3,0,0.14,0.14,0.28,0.14,0.28
Keylor Navas,cr CRC,GK,Real Madrid,29,1986,27,27,2 43,27.0,0,0,0,0,0,0,2,0,0.00,0.00,0.00,0.00,0.00
Raúl Navas,es ESP,DF,Real Sociedad,28,1988,32,31,2 8,31.janv,1,1,2,1,0,0,5,0,0.03,0.03,0.06,0.03,0.06
Dani Ndi,cm CMR,MF,Sporting Gijón,20,1995,6,1,153,01.juil,0,0,0,0,0,0,0,0,0.00,0.00,0.00,0.00,0.00
Neymar,br BRA,FW MF,Barcelona,24,1992,30,30,2 649,29.avr,13,10,23,12,1,1,7,1,0.44,0.34,0.78,0.41,0.75
Saúl Ñíguez,es ESP,DF MF,Atlético Madrid,21,1994,33,29,2 542,28.févr,4,3,7,4,0,0,8,0,0.14,0.11,0.25,0.14,0.25
Player,Nation,Pos,Squad,Age,Born,MP,Starts,Min,90s,Gls,Ast,G+A,G-PK,PK,PKatt,CrdY,CrdR,Gls,Ast,G+A,G-PK,G+A-PK
Steven Nzonzi,fr FRA,MF,Sevilla,27,1988,35,34,3 066,34.1,2,3,5,2,0,0,6,0,0.06,0.09,0.15,0.06,0.15
Jan Oblak,si SVN,GK,Atlético Madrid,23,1993,30,30,2 65,29.avr,0,0,0,0,0,0,1,0,0.00,0.00,0.00,0.00,0.00
Guillermo Ochoa,mx MEX,GK,Granada,31,1985,38,38,3 42,38.0,0,0,0,0,0,0,2,0,0.00,0.00,0.00,0.00,0.00
Álvaro Odriozola,es ESP,DF,Real Sociedad,20,1995,15,15,1 282,14.févr,0,4,4,0,0,0,0,0,0.00,0.28,0.28,0.00,0.28
Miguel Olavide,es ESP,MF,Osasuna,20,1996,14,4,496,05.mai,1,0,1,1,0,0,3,0,0.18,0.00,0.18,0.18,0.18
Weligton Oliveira,br BRA,DF,Málaga,36,1979,1,1,90,1.0,0,0,0,0,0,0,1,0,0.00,0.00,0.00,0.00,0.00
Javier Ontiveros,es ESP,FW MF,Málaga,18,1997,18,7,833,09.mars,2,3,5,2,0,0,4,0,0.22,0.32,0.54,0.22,0.54
Fabián Orellana,cl CHI,FW MF,Valencia,30,1986,16,13,1 137,12.juin,1,1,2,1,0,0,4,1,0.08,0.08,0.16,0.08,0.16
Fabián Orellana,cl CHI,FW MF,Celta Vigo,30,1986,7,6,522,05.août,2,2,4,2,0,0,2,0,0.34,0.34,0.69,0.34,0.69
Adrián Ortolá,es ESP,GK,Alavés,22,1993,2,2,180,2.0,0,0,0,0,0,0,0,0,0.00,0.00,0.00,0.00,0.00
Antonio Otegui,es ESP,MF,Osasuna,18,1998,3,0,47,0.5,0,0,0,0,0,0,0,0,0.00,0.00,0.00,0.00,0.00
Mikel Oyarzabal,es ESP,FW MF,Real Sociedad,19,1997,38,30,2 719,30.2,2,7,9,2,0,0,0,0,0.07,0.23,0.30,0.07,0.30
Fernando Pacheco,es ESP,GK,Alavés,24,1992,36,36,3 24,36.0,0,0,0,0,0,0,1,0,0.00,0.00,0.00,0.00,0.00
Asdrúbal Padrón,es ESP,FW MF,Las Palmas,25,1991,3,0,34,0.4,0,0,0,0,0,0,0,0,0.00,0.00,0.00,0.00,0.00
Aleksandar Pantić,rs SRB,DF,Alavés,24,1992,2,1,155,01.juil,0,1,1,0,0,0,1,0,0.00,0.58,0.58,0.00,0.58
Rubén Pardo,es ESP,MF,Real Sociedad,23,1992,3,2,159,01.août,0,0,0,0,0,0,0,0,0.00,0.00,0.00,0.00,0.00
Rubén Pardo,es ESP,MF,Betis,23,1992,16,15,1 265,14.janv,1,0,1,1,0,0,2,0,0.07,0.00,0.07,0.07,0.07
Nicolás Pareja,ar ARG,DF,Sevilla,32,1984,27,27,2 16,24.0,1,1,2,1,0,0,6,1,0.04,0.04,0.08,0.04,0.08
Daniel Parejo,es ESP,MF,Valencia,27,1989,36,36,3 192,35.5,5,8,13,2,3,5,12,0,0.14,0.23,0.37,0.06,0.28
Thomas Partey,gh GHA,DF MF,Atlético Madrid,23,1993,16,6,636,07.janv,1,2,3,1,0,0,5,0,0.14,0.28,0.42,0.14,0.42
Alexandre Pato,br BRA,FW MF,Villarreal,26,1989,14,11,876,09.juil,2,1,3,2,0,1,0,0,0.21,0.10,0.31,0.21,0.31
Rubén Peña,es ESP,DF MF,Eibar,25,1991,28,9,1 062,11.août,1,0,1,1,0,0,3,0,0.08,0.00,0.08,0.08,0.08
Adalberto Peñaranda,ve VEN,FW MF,Málaga,19,1997,3,1,173,01.sept,0,0,0,0,0,0,1,0,0.00,0.00,0.00,0.00,0.00
Pepe,pt POR,DF MF,Real Madrid,33,1983,13,13,1 079,12.0,2,1,3,2,0,0,1,0,0.17,0.08,0.25,0.17,0.25
Luis Perea,es ESP,MF,Osasuna,18,1997,1,0,20,0.2,0,0,0,0,0,0,0,0,0.00,0.00,0.00,0.00,0.00
Player,Nation,Pos,Squad,Age,Born,MP,Starts,Min,90s,Gls,Ast,G+A,G-PK,PK,PKatt,CrdY,CrdR,Gls,Ast,G+A,G-PK,G+A-PK
Andreas Pereira,br BRA,MF,Granada,20,1996,35,34,2 819,31.mars,5,3,8,5,0,0,10,1,0.16,0.10,0.26,0.16,0.26
Enzo Pérez,ar ARG,MF,Valencia,30,1986,27,26,2 19,24.mars,0,1,1,0,0,0,14,1,0.00,0.04,0.04,0.00,0.04
Hernán Pérez,py PAR,FW MF,Espanyol,27,1989,32,20,1 79,19.sept,3,1,4,3,0,0,7,0,0.15,0.05,0.20,0.15,0.20
Lucas Pérez,es ESP,FW MF,La Coruña,27,1988,1,1,90,1.0,1,1,2,0,1,1,0,0,1.00,1.00,2.00,0.00,1.00
Nauzet Pérez,es ESP,GK,Osasuna,31,1985,13,13,1 17,13.0,0,0,0,0,0,0,1,0,0.00,0.00,0.00,0.00,0.00
Rubén Pérez,es ESP,MF,Leganés,27,1989,30,26,2 335,25.sept,0,1,1,0,0,0,12,0,0.00,0.04,0.04,0.00,0.04
Petros,br BRA,MF,Betis,27,1989,32,24,2 142,23.août,1,2,3,1,0,0,9,1,0.04,0.08,0.13,0.04,0.13
Germán Pezzella,ar ARG,DF,Betis,25,1991,36,36,3 099,34.4,1,0,1,1,0,0,10,0,0.03,0.00,0.03,0.03,0.03
Pablo Piatti,ar ARG,FW MF,Espanyol,27,1989,30,30,2 332,25.sept,10,10,20,9,1,1,8,0,0.39,0.39,0.77,0.35,0.73
Cristiano Piccini,it ITA,DF,Betis,23,1992,23,21,1 738,19.mars,2,3,5,2,0,0,6,2,0.10,0.16,0.26,0.10,0.26
Óscar Pinchi,es ESP,FW MF,La Coruña,20,1996,1,0,1,0.0,0,0,0,0,0,0,0,0,0.00,0.00,0.00,0.00,0.00
Gerard Piqué,es ESP,DF,Barcelona,29,1987,25,25,2 191,24.mars,2,0,2,2,0,0,6,0,0.08,0.00,0.08,0.08,0.08
Carles Planas,es ESP,DF,Celta Vigo,25,1991,12,11,946,10.mai,0,0,0,0,0,0,3,0,0.00,0.00,0.00,0.00,0.00
Ezequiel Ponce,ar ARG,FW,Granada,19,1997,25,10,1 138,12.juin,2,0,2,2,0,1,5,1,0.16,0.00,0.16,0.16,0.16
Xabi Prieto,es ESP,MF,Real Sociedad,32,1983,38,32,2 816,31.mars,8,6,14,7,1,1,2,0,0.26,0.19,0.45,0.22,0.42
Nemanja Radoja,rs SRB,DF MF,Celta Vigo,23,1993,31,27,2 417,26.sept,1,0,1,1,0,0,3,0,0.04,0.00,0.04,0.04,0.04
Juan Rafael Fuentes,es ESP,DF,Osasuna,26,1990,17,16,1 283,14.mars,0,1,1,0,0,0,5,0,0.00,0.07,0.07,0.00,0.07
Rafinha,br BRA,MF,Barcelona,23,1993,18,14,1 073,11.sept,6,2,8,6,0,0,1,0,0.50,0.17,0.67,0.50,0.67
Ivan Rakitić,hr CRO,MF,Barcelona,28,1988,32,26,2 341,26.0,8,6,14,8,0,0,5,0,0.31,0.23,0.54,0.31,0.54
Adil Rami,fr FRA,DF,Sevilla,30,1985,21,21,1 782,19.août,0,0,0,0,0,0,4,1,0.00,0.00,0.00,0.00,0.00
Benito Ramírez,es ESP,DF MF,Las Palmas,21,1995,2,0,17,0.2,0,0,0,0,0,0,0,0,0.00,0.00,0.00,0.00,0.00
Sandro Ramírez,es ESP,FW MF,Málaga,21,1995,30,28,2 306,25.juin,14,4,18,14,0,1,3,0,0.55,0.16,0.70,0.55,0.70
Iván Ramis,es ESP,DF,Eibar,31,1984,22,20,1 717,19.janv,3,0,3,3,0,0,6,0,0.16,0.00,0.16,0.16,0.16
Adrián Ramos,co COL,FW,Granada,30,1986,14,13,1 128,12.mai,4,1,5,4,0,0,4,0,0.32,0.08,0.40,0.32,0.40
Omar Ramos,es ESP,FW MF,Leganés,28,1988,15,11,970,10.août,0,2,2,0,0,0,4,0,0.00,0.19,0.19,0.00,0.19
Player,Nation,Pos,Squad,Age,Born,MP,Starts,Min,90s,Gls,Ast,G+A,G-PK,PK,PKatt,CrdY,CrdR,Gls,Ast,G+A,G-PK,G+A-PK
Sergio Ramos,es ESP,DF,Real Madrid,30,1986,28,28,2 487,27.juin,7,0,7,7,0,0,8,1,0.25,0.00,0.25,0.25,0.25
Recio,es ESP,MF,Málaga,25,1991,18,16,1 354,15.0,3,3,6,2,1,1,9,0,0.20,0.20,0.40,0.13,0.33
Diego Reyes,mx MEX,DF MF,Espanyol,23,1992,34,32,2 891,32.1,1,0,1,1,0,0,2,0,0.03,0.00,0.03,0.03,0.03
Federico Ricca,uy URU,DF MF,Málaga,21,1994,21,19,1 619,18.0,0,1,1,0,0,0,6,0,0.00,0.06,0.06,0.00,0.06
Diego Rico,es ESP,DF,Leganés,23,1993,25,25,2 22,24.juil,1,0,1,1,0,0,6,0,0.04,0.00,0.04,0.04,0.04
Fran Rico,es ESP,MF,Eibar,28,1987,17,13,1 227,13.juin,2,1,3,2,0,0,5,0,0.15,0.07,0.22,0.15,0.22
Mikel Rico,es ESP,MF,Athletic Club,31,1984,18,4,480,05.mars,1,0,1,1,0,0,4,0,0.19,0.00,0.19,0.19,0.19
Sergio Rico,es ESP,GK,Sevilla,22,1993,35,35,3 15,35.0,0,0,0,0,0,0,0,0,0.00,0.00,0.00,0.00,0.00
Oriol Riera,es ESP,FW,Osasuna,30,1986,22,18,1 459,16.févr,4,1,5,4,0,0,3,0,0.25,0.06,0.31,0.25,0.31
Asier Riesgo,es ESP,GK,Eibar,32,1983,16,16,1 251,13.sept,0,0,0,0,0,0,0,2,0.00,0.00,0.00,0.00,0.00
Cristian Rivera,es ESP,MF,Eibar,19,1997,17,6,722,8.0,0,0,0,0,0,0,3,0,0.00,0.00,0.00,0.00,0.00
Emmanuel Rivière,fr FRA,FW,Osasuna,26,1990,15,8,799,08.sept,0,1,1,0,0,0,3,1,0.00,0.11,0.11,0.00,0.11
Roberto,es ESP,GK,Espanyol,30,1986,4,3,308,03.avr,0,0,0,0,0,0,0,0,0.00,0.00,0.00,0.00,0.00
Sergi Roberto,es ESP,DF MF,Barcelona,24,1992,32,26,2 383,26.mai,0,5,5,0,0,0,5,0,0.00,0.19,0.19,0.00,0.19
Marc Roca,es ESP,MF,Espanyol,19,1996,25,14,1 322,14.juil,0,1,1,0,0,0,4,0,0.00,0.07,0.07,0.00,0.07
Jean Carlos Silva Rocha,br BRA,FW MF,Granada,20,1996,1,0,30,0.3,0,0,0,0,0,0,0,0,0.00,0.00,0.00,0.00,0.00
Rodri,es ESP,DF MF,Villarreal,20,1996,23,8,849,09.avr,0,1,1,0,0,0,1,0,0.00,0.11,0.11,0.00,0.11
Rodrigo,es ESP,FW MF,Valencia,25,1991,19,17,1 387,15.avr,5,3,8,5,0,0,1,0,0.32,0.19,0.52,0.32,0.52
Kévin Rodrigues,pt POR,DF MF,Real Sociedad,22,1994,2,1,104,01.févr,0,0,0,0,0,0,1,0,0.00,0.00,0.00,0.00,0.00
James Rodríguez,co COL,FW MF,Real Madrid,25,1991,22,13,1 181,13.janv,8,6,14,8,0,0,1,0,0.61,0.46,01.juil,0.61,01.juil
José Rodríguez,es ESP,MF,Málaga,21,1994,6,6,451,5.0,0,0,0,0,0,0,1,1,0.00,0.00,0.00,0.00,0.00
Juan Rodríguez,es ESP,DF,Sporting Gijón,21,1995,4,2,232,02.juin,0,0,0,0,0,0,1,0,0.00,0.00,0.00,0.00,0.00
Víctor Rodríguez,es ESP,FW MF,Sporting Gijón,27,1989,25,15,1 38,15.mars,2,1,3,2,0,0,1,0,0.13,0.07,0.20,0.13,0.20
Davy Roef,be BEL,GK,La Coruña,22,1994,1,1,90,1.0,0,0,0,0,0,0,0,0,0.00,0.00,0.00,0.00,0.00
Jaime Romero,es ESP,FW MF,Osasuna,26,1990,19,8,904,10.0,0,4,4,0,0,0,1,0,0.00,0.40,0.40,0.00,0.40
Player,Nation,Pos,Squad,Age,Born,MP,Starts,Min,90s,Gls,Ast,G+A,G-PK,PK,PKatt,CrdY,CrdR,Gls,Ast,G+A,G-PK,G+A-PK
Óscar Romero,py PAR,FW MF,Alavés,24,1992,13,4,535,05.sept,0,1,1,0,0,0,3,0,0.00,0.17,0.17,0.00,0.17
Cristiano Ronaldo,pt POR,FW MF,Real Madrid,31,1985,29,29,2 539,28.févr,25,6,31,19,6,8,4,0,0.89,0.21,01.oct,0.67,0.89
Facundo Roncaglia,ar ARG,DF,Celta Vigo,29,1987,32,30,2 715,30.2,2,0,2,2,0,0,8,1,0.07,0.00,0.07,0.07,0.07
Roberto Rosales,ve VEN,DF MF,Málaga,27,1988,32,32,2 86,31.août,1,2,3,1,0,0,5,1,0.03,0.06,0.09,0.03,0.09
Giuseppe Rossi,it ITA,FW,Celta Vigo,29,1987,18,9,795,08.août,4,1,5,4,0,0,1,0,0.45,0.11,0.57,0.45,0.57
Fabián Ruiz Peña,es ESP,MF,Betis,20,1996,4,3,152,01.juil,0,0,0,0,0,0,0,0,0.00,0.00,0.00,0.00,0.00
Víctor Ruiz,es ESP,DF MF,Villarreal,27,1989,28,27,2 366,26.mars,1,1,2,1,0,0,4,2,0.04,0.04,0.08,0.04,0.08
Antonio Rukavina,rs SRB,DF,Villarreal,32,1984,4,3,272,3.0,0,0,0,0,0,0,2,0,0.00,0.00,0.00,0.00,0.00
Gerónimo Rulli,ar ARG,GK,Real Sociedad,24,1992,38,38,3 42,38.0,0,0,0,0,0,0,4,0,0.00,0.00,0.00,0.00,0.00
Mathew Ryan,au AUS,GK,Valencia,24,1992,2,2,180,2.0,0,0,0,0,0,0,0,0,0.00,0.00,0.00,0.00,0.00
Enric Saborit,es ESP,DF,Athletic Club,24,1992,9,5,464,05.févr,0,0,0,0,0,0,1,0,0.00,0.00,0.00,0.00,0.00
Sergi Samper,es ESP,MF,Granada,21,1995,22,13,1 274,14.févr,0,1,1,0,0,0,6,0,0.00,0.07,0.07,0.00,0.07
Mikel San José,es ESP,DF MF,Athletic Club,27,1989,35,30,2 7,30.0,4,1,5,4,0,0,9,0,0.13,0.03,0.17,0.13,0.17
Antonio Sanabria,py PAR,FW,Betis,20,1996,22,16,1 49,16.juin,4,1,5,4,0,0,2,0,0.24,0.06,0.30,0.24,0.30
Rubén Sánchez,es ESP,MF,Sporting Gijón,21,1994,2,0,41,0.5,0,0,0,0,0,0,0,0,0.00,0.00,0.00,0.00,0.00
Víctor Sánchez,es ESP,DF MF,Espanyol,28,1987,26,25,2 28,25.mars,1,1,2,1,0,0,8,0,0.04,0.04,0.08,0.04,0.08
Oier Sanjurjo,es ESP,DF MF,Osasuna,30,1986,36,36,3 148,35.0,0,2,2,0,0,0,11,1,0.00,0.06,0.06,0.00,0.06
Nicola Sansone,it ITA,FW MF,Villarreal,24,1991,32,25,2 115,23.mai,8,3,11,7,1,1,7,0,0.34,0.13,0.47,0.30,0.43
Aderlan Santos,br BRA,DF,Valencia,27,1989,12,11,1,11.janv,0,0,0,0,0,0,1,0,0.00,0.00,0.00,0.00,0.00
Christian Santos,ve VEN,FW MF,Alavés,28,1988,21,8,837,09.mars,3,1,4,1,2,2,2,0,0.32,0.11,0.43,0.11,0.22
Michael Santos,uy URU,FW,Málaga,23,1993,14,8,739,08.févr,3,0,3,2,1,2,3,0,0.37,0.00,0.37,0.24,0.24
Pablo Sarabia,es ESP,FW MF,Sevilla,24,1992,34,22,2 142,23.août,8,8,16,7,1,1,10,0,0.34,0.34,0.67,0.29,0.63
Lluís Sastre,es ESP,MF,Leganés,30,1986,1,1,90,1.0,0,0,0,0,0,0,0,0,0.00,0.00,0.00,0.00,0.00
Matthieu Saunier,fr FRA,DF,Granada,26,1990,16,16,1 306,14.mai,0,1,1,0,0,0,4,0,0.00,0.07,0.07,0.00,0.07
Stefan Savić,me MNE,DF MF,Atlético Madrid,25,1991,32,30,2 728,30.mars,1,1,2,1,0,0,6,1,0.03,0.03,0.07,0.03,0.07
Player,Nation,Pos,Squad,Age,Born,MP,Starts,Min,90s,Gls,Ast,G+A,G-PK,PK,PKatt,CrdY,CrdR,Gls,Ast,G+A,G-PK,G+A-PK
Josep Señé,es ESP,MF,Celta Vigo,24,1991,13,8,663,07.avr,0,2,2,0,0,0,1,0,0.00,0.27,0.27,0.00,0.27
Salva Sevilla,es ESP,MF,Espanyol,32,1984,6,3,268,3.0,0,0,0,0,0,0,1,0,0.00,0.00,0.00,0.00,0.00
Sidnei,br BRA,DF,La Coruña,26,1989,29,29,2 488,27.juin,1,0,1,1,0,0,2,0,0.04,0.00,0.04,0.04,0.04
Gabriel Silva,br BRA,DF MF,Granada,25,1991,12,11,976,10.août,0,0,0,0,0,0,3,0,0.00,0.00,0.00,0.00,0.00
Gastón Silva,uy URU,DF,Granada,22,1994,22,19,1 749,19.avr,0,0,0,0,0,0,6,0,0.00,0.00,0.00,0.00,0.00
David Simón,es ESP,DF,Las Palmas,27,1988,16,14,1 322,14.juil,0,1,1,0,0,0,3,0,0.00,0.07,0.07,0.00,0.07
Dimitris Siovas,gr GRE,DF MF,Leganés,27,1988,16,16,1 39,15.avr,1,0,1,1,0,0,4,0,0.06,0.00,0.06,0.06,0.06
Guilherme Siqueira,br BRA,DF MF,Valencia,30,1986,10,7,540,6.0,0,1,1,0,0,0,2,0,0.00,0.17,0.17,0.00,0.17
Salvatore Sirigu,it ITA,GK,Osasuna,29,1987,18,18,1 62,18.0,0,0,0,0,0,0,1,0,0.00,0.00,0.00,0.00,0.00
Salvatore Sirigu,it ITA,GK,Sevilla,29,1987,2,2,177,2.0,0,0,0,0,0,0,0,1,0.00,0.00,0.00,0.00,0.00
Pione Sisto,dk DEN,FW MF,Celta Vigo,21,1995,30,19,1 667,18.mai,3,3,6,3,0,0,1,0,0.16,0.16,0.32,0.16,0.32
Sito,es ESP,MF,Valencia,19,1996,1,0,3,0.0,0,0,0,0,0,0,0,0,0.00,0.00,0.00,0.00,0.00
Rubén Sobrino,es ESP,FW MF,Alavés,24,1992,11,5,503,05.juin,2,1,3,2,0,0,1,0,0.36,0.18,0.54,0.36,0.54
Roberto Soldado,es ESP,FW,Villarreal,31,1985,10,10,737,08.févr,4,3,7,3,1,1,8,0,0.49,0.37,0.85,0.37,0.73
Carlos Soler,es ESP,MF,Valencia,19,1997,23,19,1 723,19.janv,3,1,4,3,0,0,4,1,0.16,0.05,0.21,0.16,0.21
David Soria,es ESP,GK,Sevilla,23,1993,1,1,90,1.0,0,0,0,0,0,0,0,0,0.00,0.00,0.00,0.00,0.00
Bruno Soriano,es ESP,MF,Villarreal,32,1984,34,33,2 984,33.2,5,2,7,1,4,5,5,0,0.15,0.06,0.21,0.03,0.09
Roberto Soriano,it ITA,MF,Villarreal,25,1991,33,31,2 45,27.févr,9,5,14,9,0,0,8,1,0.33,0.18,0.51,0.33,0.51
Jhon Steven,co COL,DF MF,Osasuna,21,1994,5,4,429,04.août,2,0,2,2,0,0,0,0,0.42,0.00,0.42,0.42,0.42
Denis Suárez,es ESP,MF,Barcelona,22,1994,26,12,1 186,13.févr,1,3,4,1,0,0,1,0,0.08,0.23,0.30,0.08,0.30
Leonardo Suárez,ar ARG,FW MF,Villarreal,20,1996,3,0,18,0.2,0,0,0,0,0,0,0,0,0.00,0.00,0.00,0.00,0.00
Luis Suárez,uy URU,FW,Barcelona,29,1987,35,34,2 857,31.juil,28,12,40,28,0,0,8,0,0.88,0.38,janv.26,0.88,janv.26
Mario Suárez,es ESP,MF,Valencia,29,1987,21,17,1 496,16.juin,3,0,3,3,0,0,3,0,0.18,0.00,0.18,0.18,0.18
Markel Susaeta,es ESP,FW MF,Athletic Club,28,1987,26,11,1 112,12.avr,1,2,3,1,0,0,4,0,0.08,0.16,0.24,0.08,0.24
Franck Tabanou,fr FRA,DF FW,Granada,27,1989,6,6,365,04.janv,0,0,0,0,0,0,3,0,0.00,0.00,0.00,0.00,0.00
Player,Nation,Pos,Squad,Age,Born,MP,Starts,Min,90s,Gls,Ast,G+A,G-PK,PK,PKatt,CrdY,CrdR,Gls,Ast,G+A,G-PK,G+A-PK
Tana,es ESP,FW MF,Las Palmas,25,1990,32,25,2 21,24.juin,4,4,8,4,0,0,3,0,0.16,0.16,0.33,0.16,0.33
Álvaro Tejero,es ESP,DF,Real Madrid,20,1996,1,0,3,0.0,0,0,0,0,0,0,0,0,0.00,0.00,0.00,0.00,0.00
Marc-André ter Stegen,de GER,GK,Barcelona,24,1992,36,36,3 24,36.0,0,0,0,0,0,0,1,0,0.00,0.00,0.00,0.00,0.00
Fausto Tienza,es ESP,MF,Osasuna,26,1990,19,16,1 224,13.juin,0,0,0,0,0,0,8,0,0.00,0.00,0.00,0.00,0.00
David Timor,es ESP,DF MF,Leganés,26,1989,24,22,1 87,20.août,2,1,3,2,0,0,7,1,0.10,0.05,0.14,0.10,0.14
Tito,es ESP,DF,Leganés,31,1985,11,10,877,09.juil,0,2,2,0,0,0,3,0,0.00,0.21,0.21,0.00,0.21
Tito,es ESP,DF,Granada,31,1985,12,11,996,11.janv,0,1,1,0,0,0,1,0,0.00,0.09,0.09,0.00,0.09
Gaizka Toquero,es ESP,FW MF,Alavés,31,1984,23,15,1 222,13.juin,1,1,2,1,0,0,4,0,0.07,0.07,0.15,0.07,0.15
Jon Toral,es ESP,FW MF,Granada,21,1995,5,4,265,02.sept,0,0,0,0,0,0,2,0,0.00,0.00,0.00,0.00,0.00
Daniel Torres,co COL,MF,Alavés,26,1989,21,17,1 436,16.0,0,0,0,0,0,0,7,0,0.00,0.00,0.00,0.00,0.00
Fernando Torres,es ESP,FW,Atlético Madrid,32,1984,31,13,1 424,15.août,8,5,13,7,1,2,3,0,0.51,0.32,0.82,0.44,0.76
Miguel Torres,es ESP,DF,Málaga,30,1986,22,18,1 565,17.avr,0,0,0,0,0,0,4,0,0.00,0.00,0.00,0.00,0.00
Roberto Torres,es ESP,MF,Osasuna,27,1989,32,26,2 307,25.juin,7,3,10,4,3,5,7,0,0.27,0.12,0.39,0.16,0.27
Xavi Torres,es ESP,DF MF,Sporting Gijón,29,1986,17,8,866,09.juin,0,0,0,0,0,0,6,0,0.00,0.00,0.00,0.00,0.00
Alin Toșca,ro ROU,DF,Betis,24,1992,17,17,1 501,16.juil,0,0,0,0,0,0,2,0,0.00,0.00,0.00,0.00,0.00
Lacina Traoré,ci CIV,FW,Sporting Gijón,26,1990,8,5,462,05.janv,2,0,2,2,0,1,2,0,0.39,0.00,0.39,0.39,0.39
Manu Trigueros,es ESP,MF,Villarreal,24,1991,37,35,3 033,33.7,5,1,6,5,0,0,4,0,0.15,0.03,0.18,0.15,0.18
Arda Turan,tr TUR,FW MF,Barcelona,29,1987,18,14,1 244,13.août,3,3,6,3,0,0,1,0,0.22,0.22,0.43,0.22,0.43
Tyronne,es ESP,FW MF,Las Palmas,25,1991,3,0,44,0.5,0,0,0,0,0,0,1,0,0.00,0.00,0.00,0.00,0.00
Przemysław Tytoń,pl POL,GK,La Coruña,29,1987,13,12,1 126,12.mai,0,0,0,0,0,0,1,0,0.00,0.00,0.00,0.00,0.00
Samuel Umtiti,fr FRA,DF,Barcelona,22,1993,25,24,2 129,23.juil,1,0,1,1,0,0,4,0,0.04,0.00,0.04,0.04,0.04
Borja Valle,es ESP,FW MF,La Coruña,24,1992,7,1,207,02.mars,0,0,0,0,0,0,0,0,0.00,0.00,0.00,0.00,0.00
Raphaël Varane,fr FRA,DF MF,Real Madrid,23,1993,23,23,1 924,21.avr,1,2,3,1,0,0,1,0,0.05,0.09,0.14,0.05,0.14
Javi Varas,es ESP,GK,Las Palmas,33,1982,25,25,2 25,25.0,0,0,0,0,0,0,0,0,0.00,0.00,0.00,0.00,0.00
Álvaro Vázquez,es ESP,FW,Espanyol,25,1991,10,2,318,03.mai,0,1,1,0,0,0,0,0,0.00,0.28,0.28,0.00,0.28
Player,Nation,Pos,Squad,Age,Born,MP,Starts,Min,90s,Gls,Ast,G+A,G-PK,PK,PKatt,CrdY,CrdR,Gls,Ast,G+A,G-PK,G+A-PK
Franco Vázquez,ar ARG,FW MF,Sevilla,27,1989,30,26,2 076,23.janv,7,4,11,7,0,0,8,0,0.30,0.17,0.48,0.30,0.48
Lucas Vázquez,es ESP,DF FW,Real Madrid,25,1991,33,12,1 403,15.juin,2,7,9,2,0,0,4,0,0.13,0.45,0.58,0.13,0.58
Carlos Vela,mx MEX,FW MF,Real Sociedad,27,1989,35,31,2 545,28.mars,9,2,11,6,3,4,6,0,0.32,0.07,0.39,0.21,0.28
Mikel Vesga,es ESP,MF,Athletic Club,23,1993,6,3,286,03.févr,0,0,0,0,0,0,1,0,0.00,0.00,0.00,0.00,0.00
Mikel Vesga,es ESP,MF,Sporting Gijón,23,1993,17,16,1 41,15.juil,1,1,2,1,0,0,6,0,0.06,0.06,0.13,0.06,0.13
Rúben Vezo,pt POR,DF,Granada,22,1994,18,17,1 487,16.mai,0,0,0,0,0,0,3,1,0.00,0.00,0.00,0.00,0.00
Rúben Vezo,pt POR,DF,Valencia,22,1994,1,1,45,0.5,0,1,1,0,0,0,0,0,0.00,2.00,2.00,0.00,2.00
Aleix Vidal,es ESP,DF MF,Barcelona,26,1989,6,5,476,05.mars,2,2,4,2,0,0,0,0,0.38,0.38,0.76,0.38,0.76
Jonathan Viera,es ESP,FW MF,Las Palmas,26,1989,31,30,2 581,28.juil,7,6,13,3,4,4,4,0,0.24,0.21,0.45,0.10,0.31
Luciano Vietto,ar ARG,FW MF,Sevilla,22,1993,21,14,1 31,14.juin,6,3,9,6,0,0,3,0,0.41,0.21,0.62,0.41,0.62
Carlos Vigaray,es ESP,DF,Alavés,21,1994,19,10,949,10.mai,0,3,3,0,0,0,1,0,0.00,0.28,0.28,0.00,0.28
Borja Viguera,es ESP,FW,Athletic Club,29,1987,1,0,27,0.3,1,0,1,1,0,0,0,0,mars.33,0.00,mars.33,mars.33,mars.33
Borja Viguera,es ESP,FW,Sporting Gijón,29,1987,16,6,748,08.mars,1,1,2,1,0,0,2,0,0.12,0.12,0.24,0.12,0.24
Asier Villalibre,es ESP,FW,Athletic Club,18,1997,6,0,78,0.9,0,1,1,0,0,0,0,0,0.00,janv.15,janv.15,0.00,janv.15
Mikel Villanueva,ve VEN,DF,Málaga,23,1993,15,14,1 264,14.0,0,0,0,0,0,0,4,0,0.00,0.00,0.00,0.00,0.00
Iván Villar,es ESP,GK,Celta Vigo,19,1997,1,1,90,1.0,0,0,0,0,0,0,0,0,0.00,0.00,0.00,0.00,0.00
Vitolo,es ESP,FW MF,Sevilla,26,1989,30,25,2 332,25.sept,6,5,11,6,0,0,6,1,0.23,0.19,0.42,0.23,0.42
Šime Vrsaljko,hr CRO,DF MF,Atlético Madrid,24,1992,14,11,924,10.mars,0,0,0,0,0,0,1,0,0.00,0.00,0.00,0.00,0.00
Nikola Vujadinović,me MNE,DF,Osasuna,30,1986,10,10,787,08.juil,0,0,0,0,0,0,0,0,0.00,0.00,0.00,0.00,0.00
Wakaso,gh GHA,MF,Granada,26,1990,11,10,866,09.juin,1,1,2,1,0,0,7,1,0.10,0.10,0.21,0.10,0.21
Daniel Wass,dk DEN,DF MF,Celta Vigo,27,1989,32,29,2 38,26.avr,3,4,7,3,0,0,4,0,0.11,0.15,0.26,0.11,0.26
Iñaki Williams,gh GHA,FW MF,Athletic Club,22,1994,38,31,2 789,31.0,5,6,11,5,0,0,4,0,0.16,0.19,0.35,0.16,0.35
Yoel,es ESP,GK,Eibar,27,1988,25,22,2 119,23.mai,0,0,0,0,0,0,1,1,0.00,0.00,0.00,0.00,0.00
Joseba Zaldúa,es ESP,DF,Real Sociedad,24,1992,14,12,1 103,12.mars,0,1,1,0,0,0,2,1,0.00,0.08,0.08,0.00,0.08
Simone Zaza,it ITA,FW,Valencia,25,1991,20,15,1 377,15.mars,6,1,7,6,0,0,7,0,0.39,0.07,0.46,0.39,0.46
Player,Nation,Pos,Squad,Age,Born,MP,Starts,Min,90s,Gls,Ast,G+A,G-PK,PK,PKatt,CrdY,CrdR,Gls,Ast,G+A,G-PK,G+A-PK
Nabil El Zhar,ma MAR,FW MF,Las Palmas,29,1986,12,8,716,8.0,3,2,5,3,0,0,1,0,0.38,0.25,0.63,0.38,0.63
Nabil El Zhar,ma MAR,FW MF,Leganés,29,1986,14,10,957,10.juin,1,2,3,1,0,0,1,0,0.09,0.19,0.28,0.09,0.28
Roman Zozulya,ua UKR,FW,Betis,26,1989,6,1,155,01.juil,0,0,0,0,0,0,1,0,0.00,0.00,0.00,0.00,0.00
Igor Zubeldia,es ESP,DF MF,Real Sociedad,19,1997,4,3,254,02.août,0,0,0,0,0,0,1,0,0.00,0.00,0.00,0.00,0.00
David Zurutuza,es ESP,MF,Real Sociedad,30,1986,31,29,2 496,27.juil,3,1,4,3,0,0,8,1,0.11,0.04,0.14,0.11,0.14
