Player,Nation,Pos,Squad,Age,Born,MP,Starts,Min,90s,Gls,Ast,G+A,G-PK,PK,PKatt,CrdY,CrdR,xG,npxG,xAG,npxG+xAG,PrgC,PrgP,PrgR,Gls,Ast,G+A,G-PK,G+A-PK,xG,xAG,xG+xAG,npxG,npxG+xAG
Nabil Aberdin,fr FRA,DF,Getafe,20,2002,2,2,180,2.0,0,0,0,0,0,0,0,0,0.0,0.0,0.0,0.0,0,7,0,0.00,0.00,0.00,0.00,0.00,0.00,0.00,0.00,0.00,0.00
Abner,br BRA,DF,Betis,23,2000,23,15,1 4,15.juin,0,1,1,0,0,0,3,0,0.1,0.1,1.0,01.janv,14,33,58,0.00,0.06,0.06,0.00,0.06,0.01,0.06,0.07,0.01,0.07
Abdel Abqar,ma MAR,DF,Alavés,24,1999,27,27,2 312,25.juil,0,0,0,0,0,0,10,0,0.5,0.5,0.2,0.6,7,49,1,0.00,0.00,0.00,0.00,0.00,0.02,0.01,0.02,0.02,0.02
Marcos Acuña,ar ARG,DF,Sevilla,31,1991,21,18,1 292,14.avr,1,2,3,1,0,0,7,0,0.3,0.3,01.mai,01.août,23,59,42,0.07,0.14,0.21,0.07,0.21,0.02,0.11,0.13,0.02,0.13
Julen Agirrezabala,es ESP,GK,Athletic Club,22,2000,4,2,238,02.juin,0,0,0,0,0,0,0,0,0.0,0.0,0.0,0.0,0,0,0,0.00,0.00,0.00,0.00,0.00,0.00,0.00,0.00,0.00,0.00
Lucien Agoume,fr FRA,MF,Sevilla,21,2002,12,9,777,08.juin,0,0,0,0,0,0,3,0,0.9,0.9,0.6,01.mai,7,35,9,0.00,0.00,0.00,0.00,0.00,0.10,0.07,0.17,0.10,0.17
Joseph Aidoo,gh GHA,DF,Celta Vigo,27,1995,6,4,407,04.mai,0,0,0,0,0,0,0,0,0.1,0.1,0.1,0.2,2,12,0,0.00,0.00,0.00,0.00,0.00,0.02,0.01,0.04,0.02,0.04
Ilias Akhomach,ma MAR,MF FW,Villarreal,19,2004,31,17,1 511,16.août,2,2,4,2,0,0,4,0,03.févr,03.févr,02.juin,05.juil,68,45,160,0.12,0.12,0.24,0.12,0.24,0.19,0.15,0.34,0.19,0.34
Sergio Akieme,es ESP,DF,Almería,25,1997,19,19,1 675,18.juin,2,0,2,2,0,0,2,0,01.févr,01.févr,02.févr,03.mars,27,28,72,0.11,0.00,0.11,0.11,0.11,0.06,0.12,0.18,0.06,0.18
Paul Akouokou,ci CIV,MF,Betis,25,1997,2,0,27,0.3,0,0,0,0,0,0,0,0,0.0,0.0,0.0,0.0,0,1,0,0.00,0.00,0.00,0.00,0.00,0.00,0.00,0.00,0.00,0.00
David Alaba,at AUT,DF,Real Madrid,31,1992,14,14,1 154,12.août,0,1,1,0,0,0,2,0,1.0,1.0,0.7,01.juin,9,51,13,0.00,0.08,0.08,0.00,0.08,0.08,0.05,0.13,0.08,0.13
Raúl Albiol,es ESP,DF,Villarreal,37,1985,26,24,2 031,22.juin,0,1,1,0,0,0,6,0,0.4,0.4,0.8,01.mars,8,62,0,0.00,0.04,0.04,0.00,0.04,0.02,0.04,0.06,0.02,0.06
Rubén Alcaraz,es ESP,MF,Cádiz,32,1991,36,36,3 134,34.8,3,1,4,1,2,2,14,0,03.mars,01.juil,01.avr,03.janv,27,154,37,0.09,0.03,0.11,0.03,0.06,0.09,0.04,0.13,0.05,0.09
Omar Alderete,py PAR,DF,Getafe,26,1996,31,24,2 195,24.avr,0,1,1,0,0,0,8,1,01.févr,01.févr,1.0,02.févr,23,98,9,0.00,0.04,0.04,0.00,0.04,0.05,0.04,0.09,0.05,0.09
Iván Alejo,es ESP,MF,Cádiz,28,1995,30,21,1 692,18.août,0,2,2,0,0,0,17,0,0.5,0.5,01.mars,01.août,48,31,104,0.00,0.11,0.11,0.00,0.11,0.03,0.07,0.10,0.03,0.10
Carles Aleñá,es ESP,MF,Getafe,25,1998,29,10,1 02,11.mars,1,1,2,1,0,0,6,0,01.févr,01.févr,01.juin,02.août,12,23,45,0.09,0.09,0.18,0.09,0.18,0.11,0.14,0.25,0.11,0.25
Mohamed Ali Cho,fr FRA,FW MF,Real Sociedad,19,2004,11,1,249,02.août,0,0,0,0,0,0,0,0,0.4,0.4,0.1,0.5,16,3,19,0.00,0.00,0.00,0.00,0.00,0.14,0.04,0.18,0.14,0.18
Tadeo Allende,ar ARG,MF FW,Celta Vigo,24,1999,10,2,336,03.juil,1,0,1,1,0,0,1,0,01.févr,01.févr,0.4,01.juin,9,7,25,0.27,0.00,0.27,0.27,0.27,0.33,0.10,0.43,0.33,0.43
Domingos André Ribeiro Almeida,pt POR,FW MF,Valencia,23,2000,18,12,965,10.juil,2,1,3,2,0,0,0,0,0.6,0.6,01.févr,01.août,24,50,33,0.19,0.09,0.28,0.19,0.28,0.05,0.11,0.17,0.05,0.17
Marcos Alonso,es ESP,DF,Barcelona,32,1990,5,3,252,02.août,0,0,0,0,0,0,0,0,0.1,0.1,0.5,0.6,11,14,33,0.00,0.00,0.00,0.00,0.00,0.03,0.18,0.21,0.03,0.21
Adrià Altimira,es ESP,DF MF,Villarreal,22,2001,11,10,775,08.juin,0,0,0,0,0,0,3,0,0.0,0.0,0.1,0.1,10,29,15,0.00,0.00,0.00,0.00,0.00,0.00,0.01,0.02,0.00,0.02
Sergi Altimira,es ESP,MF,Betis,21,2001,14,6,568,06.mars,1,0,1,1,0,0,1,0,0.2,0.2,0.3,0.5,10,31,8,0.16,0.00,0.16,0.16,0.16,0.03,0.04,0.07,0.03,0.07
Gastón Álvarez,uy URU,DF,Getafe,23,2000,34,29,2 537,28.févr,2,0,2,2,0,0,7,0,0.7,0.7,0.6,01.avr,11,63,40,0.07,0.00,0.07,0.07,0.07,0.03,0.02,0.05,0.03,0.05
Hugo Álvarez,es ESP,MF DF,Celta Vigo,20,2003,12,8,762,08.mai,1,1,2,1,0,0,1,0,1.0,1.0,01.mai,02.juin,36,34,80,0.12,0.12,0.24,0.12,0.24,0.12,0.18,0.30,0.12,0.30
Yeray Álvarez,es ESP,DF,Athletic Club,28,1995,19,14,1 152,12.août,0,0,0,0,0,0,1,1,0.3,0.3,0.1,0.4,13,55,2,0.00,0.00,0.00,0.00,0.00,0.02,0.01,0.03,0.02,0.03
Player,Nation,Pos,Squad,Age,Born,MP,Starts,Min,90s,Gls,Ast,G+A,G-PK,PK,PKatt,CrdY,CrdR,xG,npxG,xAG,npxG+xAG,PrgC,PrgP,PrgR,Gls,Ast,G+A,G-PK,G+A-PK,xG,xAG,xG+xAG,npxG,npxG+xAG
Selim Amallah,ma MAR,FW MF,Valencia,26,1996,20,7,604,06.juil,0,1,1,0,0,0,5,1,0.4,0.4,0.3,0.8,7,21,36,0.00,0.15,0.15,0.00,0.15,0.06,0.05,0.11,0.06,0.11
Amath,sn SEN,FW MF,Mallorca,27,1996,15,3,394,04.avr,0,0,0,0,0,0,2,0,01.juin,01.juin,0.4,01.sept,19,13,30,0.00,0.00,0.00,0.00,0.00,0.35,0.09,0.44,0.35,0.44
Miguel Ángel Rubio,es ESP,DF,Granada,25,1998,19,17,1 56,17.mars,1,0,1,1,0,0,5,0,0.8,0.8,0.1,0.9,7,27,1,0.06,0.00,0.06,0.06,0.06,0.05,0.00,0.05,0.05,0.05
Fabrizio Angileri,ar ARG,DF MF,Getafe,29,1994,11,2,164,01.août,0,0,0,0,0,0,2,1,0.0,0.0,01.mars,01.mars,2,7,6,0.00,0.00,0.00,0.00,0.00,0.00,0.73,0.73,0.00,0.73
Mauro Arambarri,uy URU,MF,Getafe,27,1995,7,3,339,03.août,0,0,0,0,0,0,2,0,0.5,0.5,0.0,0.6,2,20,6,0.00,0.00,0.00,0.00,0.00,0.14,0.01,0.15,0.14,0.15
Jon Aramburu,ve VEN,DF,Real Sociedad,21,2002,11,5,543,6.0,0,0,0,0,0,0,3,0,0.1,0.1,0.0,0.1,6,26,25,0.00,0.00,0.00,0.00,0.00,0.02,0.00,0.02,0.02,0.02
Julian Araujo,mx MEX,DF,Las Palmas,21,2001,25,15,1 462,16.févr,1,0,1,1,0,0,5,0,0.7,0.7,01.févr,01.sept,23,74,47,0.06,0.00,0.06,0.06,0.06,0.04,0.07,0.11,0.04,0.11
Ronald Araújo,uy URU,DF,Barcelona,24,1999,25,21,1 997,22.févr,1,2,3,1,0,0,6,0,02.janv,02.janv,01.avr,03.mai,24,101,11,0.05,0.09,0.14,0.05,0.14,0.09,0.07,0.16,0.09,0.16
Adu Ares,es ESP,FW,Athletic Club,21,2001,12,2,265,02.sept,0,0,0,0,0,0,2,0,0.1,0.1,0.0,0.1,13,3,39,0.00,0.00,0.00,0.00,0.00,0.04,0.01,0.05,0.04,0.05
Jesús Areso,es ESP,DF,Osasuna,24,1999,37,29,2 66,29.juin,1,6,7,1,0,0,3,0,0.2,0.2,03.juin,03.août,78,106,180,0.03,0.20,0.24,0.03,0.24,0.01,0.12,0.13,0.01,0.13
Matias Arezo,uy URU,FW,Granada,20,2002,14,3,369,04.janv,0,0,0,0,0,0,1,0,01.févr,01.févr,0.1,01.févr,6,5,17,0.00,0.00,0.00,0.00,0.00,0.28,0.01,0.30,0.28,0.30
Iñigo Arguibide,es ESP,DF,Osasuna,18,2005,1,0,17,0.2,0,0,0,0,0,0,0,0,0.0,0.0,0.0,0.0,0,0,0,0.00,0.00,0.00,0.00,0.00,0.00,0.00,0.00,0.00,0.00
José Arnaiz,es ESP,FW MF,Osasuna,28,1995,26,9,929,10.mars,2,1,3,2,0,0,3,0,01.juil,01.juil,01.août,03.mai,23,11,85,0.19,0.10,0.29,0.19,0.29,0.17,0.17,0.34,0.17,0.34
Sergio Arribas,es ESP,MF FW,Almería,21,2001,34,22,2 047,22.juil,9,4,13,9,0,0,1,0,08.juin,08.juin,03.juil,12.févr,56,81,94,0.40,0.18,0.57,0.40,0.57,0.38,0.16,0.54,0.38,0.54
Kepa Arrizabalaga,es ESP,GK,Real Madrid,28,1994,14,13,1 198,13.mars,0,0,0,0,0,0,1,0,0.0,0.0,0.0,0.0,0,0,0,0.00,0.00,0.00,0.00,0.00,0.00,0.00,0.00,0.00,0.00
Iago Aspas,es ESP,FW,Celta Vigo,35,1987,35,31,2 707,30.janv,9,10,19,6,3,5,6,1,11.mai,07.mai,10.janv,17.juin,84,161,202,0.30,0.33,0.63,0.20,0.53,0.38,0.34,0.72,0.25,0.59
Ezequiel Ávila,ar ARG,FW MF,Osasuna,29,1994,17,10,864,09.juin,1,3,4,1,0,0,3,2,2.0,2.0,02.mars,04.mars,14,39,75,0.10,0.31,0.42,0.10,0.42,0.21,0.24,0.45,0.21,0.45
Ezequiel Ávila,ar ARG,FW,Betis,29,1994,6,4,298,03.mars,1,0,1,1,0,0,4,1,0.7,0.7,0.1,0.8,7,6,31,0.30,0.00,0.30,0.30,0.30,0.22,0.02,0.24,0.22,0.24
César Azpilicueta,es ESP,DF,Atlético Madrid,33,1989,25,14,1 423,15.août,0,2,2,0,0,0,4,0,0.6,0.6,02.avr,3.0,39,77,39,0.00,0.13,0.13,0.00,0.13,0.04,0.15,0.19,0.04,0.19
Iddrisu Baba,gh GHA,MF,Almería,27,1996,25,14,1 43,15.sept,0,0,0,0,0,0,5,0,0.7,0.7,0.6,01.mars,1,60,5,0.00,0.00,0.00,0.00,0.00,0.05,0.04,0.08,0.05,0.08
Srđan Babić,rs SRB,DF,Almería,27,1996,1,1,90,1.0,0,0,0,0,0,0,0,0,0.0,0.0,0.0,0.0,1,6,0,0.00,0.00,0.00,0.00,0.00,0.04,0.00,0.04,0.04,0.04
Loïc Bade,fr FRA,DF,Sevilla,23,2000,28,27,2 277,25.mars,0,1,1,0,0,0,5,1,0.9,0.9,0.5,01.mars,15,76,3,0.00,0.04,0.04,0.00,0.04,0.04,0.02,0.05,0.04,0.05
Alex Baena,es ESP,MF FW,Villarreal,22,2001,34,33,2 579,28.juil,2,14,16,2,0,1,11,1,07.sept,07.janv,09.févr,16.mars,84,165,181,0.07,0.49,0.56,0.07,0.56,0.27,0.32,0.60,0.25,0.57
Eric Bailly,ci CIV,DF,Villarreal,29,1994,10,9,839,09.mars,0,0,0,0,0,0,4,0,0.2,0.2,0.0,0.2,3,18,1,0.00,0.00,0.00,0.00,0.00,0.02,0.00,0.02,0.02,0.02
Cédric Bakambu,cd COD,FW,Betis,32,1991,4,2,194,02.févr,0,0,0,0,0,0,1,0,0.4,0.4,0.3,0.7,5,4,12,0.00,0.00,0.00,0.00,0.00,0.20,0.13,0.33,0.20,0.33
Player,Nation,Pos,Squad,Age,Born,MP,Starts,Min,90s,Gls,Ast,G+A,G-PK,PK,PKatt,CrdY,CrdR,xG,npxG,xAG,npxG+xAG,PrgC,PrgP,PrgR,Gls,Ast,G+A,G-PK,G+A-PK,xG,xAG,xG+xAG,npxG,npxG+xAG
Alejandro Balde,es ESP,DF,Barcelona,19,2003,18,15,1 378,15.mars,0,1,1,0,0,0,1,0,0.1,0.1,01.févr,01.avr,73,41,141,0.00,0.07,0.07,0.00,0.07,0.01,0.08,0.09,0.01,0.09
Iván Balliu,al ALB,DF,Rayo Vallecano,31,1992,33,32,2 873,31.9,0,1,1,0,0,0,4,0,0.7,0.7,02.juin,03.mars,50,98,100,0.00,0.03,0.03,0.00,0.03,0.02,0.08,0.10,0.02,0.10
Jonathan Bamba,ci CIV,MF FW,Celta Vigo,27,1996,27,24,1 981,22.0,3,2,5,3,0,0,0,0,3.0,3.0,04.juil,07.juil,107,80,169,0.14,0.09,0.23,0.14,0.23,0.14,0.21,0.35,0.14,0.35
Léo Baptistão,br BRA,FW,Almería,30,1992,32,22,1 837,20.avr,6,0,6,6,0,0,6,1,05.mars,05.mars,01.août,07.janv,26,45,88,0.29,0.00,0.29,0.29,0.29,0.25,0.09,0.34,0.25,0.34
Kike Barja,es ESP,FW MF,Osasuna,26,1997,16,3,303,03.avr,0,0,0,0,0,0,3,0,0.2,0.2,0.5,0.7,17,8,41,0.00,0.00,0.00,0.00,0.00,0.07,0.14,0.20,0.07,0.20
Ander Barrenetxea,es ESP,FW MF,Real Sociedad,21,2001,29,20,1 427,15.sept,4,1,5,4,0,0,1,0,03.mai,03.mai,01.mars,04.août,56,39,163,0.25,0.06,0.32,0.25,0.32,0.22,0.08,0.30,0.22,0.30
Pablo Barrios,es ESP,MF,Atlético Madrid,20,2003,24,17,1 555,17.mars,0,1,1,0,0,0,5,0,0.9,0.9,01.sept,02.août,37,98,56,0.00,0.06,0.06,0.00,0.06,0.05,0.11,0.16,0.05,0.16
Marc Bartra,es ESP,DF,Betis,32,1991,3,3,225,02.mai,0,0,0,0,0,0,1,0,0.2,0.2,0.0,0.2,2,5,0,0.00,0.00,0.00,0.00,0.00,0.08,0.00,0.08,0.08,0.08
Augusto Batalla,ar ARG,GK,Granada,27,1996,17,17,1 53,17.0,0,0,0,0,0,0,3,0,0.0,0.0,0.0,0.0,0,1,1,0.00,0.00,0.00,0.00,0.00,0.00,0.00,0.00,0.00,0.00
Bebé,cv CPV,MF FW,Rayo Vallecano,33,1990,19,0,212,02.avr,2,0,2,1,1,1,1,0,01.avr,0.7,0.2,0.9,17,6,24,0.85,0.00,0.85,0.42,0.42,0.61,0.09,0.70,0.28,0.37
Sheraldo Becker,sr SUR,FW MF,Real Sociedad,28,1995,15,8,771,08.juin,2,2,4,2,0,0,1,0,01.avr,01.avr,01.août,03.févr,28,13,87,0.23,0.23,0.47,0.23,0.47,0.17,0.21,0.38,0.17,0.38
Héctor Bellerín,es ESP,DF,Betis,28,1995,23,20,1 711,19.0,0,1,1,0,0,0,0,1,0.2,0.2,01.juin,01.juil,32,81,80,0.00,0.05,0.05,0.00,0.05,0.01,0.08,0.09,0.01,0.09
Jude Bellingham,eng ENG,MF,Real Madrid,20,2003,28,27,2 315,25.juil,19,6,25,18,1,1,5,1,11.janv,10.mars,05.mars,15.juin,85,196,177,0.74,0.23,0.97,0.70,0.93,0.43,0.21,0.64,0.40,0.61
Fran Beltrán,es ESP,MF,Celta Vigo,24,1999,33,28,2 428,27.0,0,0,0,0,0,0,2,0,0.7,0.7,01.janv,01.août,28,134,30,0.00,0.00,0.00,0.00,0.00,0.03,0.04,0.07,0.03,0.07
Carlos Benavídez,uy URU,MF,Alavés,25,1998,29,10,1 136,12.juin,3,1,4,3,0,0,5,0,1.0,1.0,0.5,01.mai,9,60,5,0.24,0.08,0.32,0.24,0.32,0.08,0.04,0.12,0.08,0.12
Yuri Berchiche,es ESP,DF,Athletic Club,33,1990,27,22,1 93,21.avr,3,1,4,3,0,0,5,0,0.9,0.7,01.juin,02.avr,36,132,77,0.14,0.05,0.19,0.14,0.19,0.04,0.08,0.12,0.03,0.11
Álex Berenguer,es ESP,FW,Athletic Club,28,1995,35,15,1 592,17.juil,7,3,10,6,1,1,4,0,05.févr,04.avr,03.juil,08.janv,61,30,143,0.40,0.17,0.57,0.34,0.51,0.29,0.21,0.50,0.25,0.46
Antonio Blanco,es ESP,MF,Alavés,23,2000,33,29,2 426,27.0,0,1,1,0,0,0,5,1,0.8,0.8,01.févr,02.janv,20,133,22,0.00,0.04,0.04,0.00,0.04,0.03,0.05,0.08,0.03,0.08
Daley Blind,nl NED,DF,Girona,33,1990,34,33,2 972,33.0,1,2,3,1,0,0,6,0,01.juil,01.juil,01.janv,02.août,48,209,22,0.03,0.06,0.09,0.03,0.09,0.05,0.03,0.09,0.05,0.09
Adri Bosch,es ESP,DF,Granada,22,2001,1,0,26,0.3,0,0,0,0,0,0,0,0,0.0,0.0,0.0,0.0,1,1,1,0.00,0.00,0.00,0.00,0.00,0.00,0.00,0.00,0.00,0.00
Yassine Bounou,ma MAR,GK,Sevilla,32,1991,1,1,90,1.0,0,0,0,0,0,0,0,0,0.0,0.0,0.0,0.0,0,0,0,0.00,0.00,0.00,0.00,0.00,0.00,0.00,0.00,0.00,0.00
Lucas Boyé,ar ARG,FW,Granada,27,1996,31,30,2 541,28.févr,6,3,9,6,0,0,8,1,06.févr,06.févr,02.août,08.sept,36,65,131,0.21,0.11,0.32,0.21,0.32,0.22,0.10,0.32,0.22,0.32
Darko Brašanac,rs SRB,MF,Osasuna,31,1992,2,0,48,0.5,0,0,0,0,0,0,0,0,0.0,0.0,0.0,0.0,2,1,3,0.00,0.00,0.00,0.00,0.00,0.00,0.07,0.07,0.00,0.07
Brau,es ESP,DF,Granada,21,2001,1,0,31,0.3,0,0,0,0,0,0,0,0,0.0,0.0,0.0,0.0,2,0,0,0.00,0.00,0.00,0.00,0.00,0.00,0.00,0.00,0.00,0.00
Claudio Bravo,cl CHI,GK,Betis,40,1983,7,7,630,7.0,0,0,0,0,0,0,0,0,0.0,0.0,0.0,0.0,0,1,0,0.00,0.00,0.00,0.00,0.00,0.00,0.01,0.01,0.00,0.01
Player,Nation,Pos,Squad,Age,Born,MP,Starts,Min,90s,Gls,Ast,G+A,G-PK,PK,PKatt,CrdY,CrdR,xG,npxG,xAG,npxG+xAG,PrgC,PrgP,PrgR,Gls,Ast,G+A,G-PK,G+A-PK,xG,xAG,xG+xAG,npxG,npxG+xAG
Ben Brereton,cl CHI,FW MF,Villarreal,24,1999,14,2,270,3.0,0,0,0,0,0,0,2,0,0.2,0.2,0.3,0.5,6,14,35,0.00,0.00,0.00,0.00,0.00,0.07,0.09,0.16,0.07,0.16
Ante Budimir,hr CRO,FW,Osasuna,32,1991,33,29,2 435,27.janv,17,2,19,14,3,4,4,0,14.févr,11.janv,01.août,12.sept,21,42,99,0.63,0.07,0.70,0.52,0.59,0.53,0.07,0.59,0.41,0.48
Manu Bueno,es ESP,MF,Sevilla,19,2004,4,1,117,01.mars,0,0,0,0,0,0,1,0,0.0,0.0,0.1,0.1,1,3,1,0.00,0.00,0.00,0.00,0.00,0.02,0.07,0.10,0.02,0.10
Pablo Busto,es ESP,DF,Betis,17,2005,2,0,44,0.5,0,0,0,0,0,0,0,0,0.0,0.0,0.2,0.2,1,1,1,0.00,0.00,0.00,0.00,0.00,0.03,0.41,0.44,0.03,0.44
José Callejón,es ESP,MF FW,Granada,36,1987,25,7,803,08.sept,0,1,1,0,0,0,2,0,01.mars,01.mars,01.mai,02.août,10,35,50,0.00,0.11,0.11,0.00,0.11,0.15,0.17,0.32,0.15,0.32
Eduardo Camavinga,fr FRA,MF DF,Real Madrid,20,2002,31,21,1 817,20.févr,0,2,2,0,0,0,9,0,0.9,0.9,01.avr,02.mars,49,106,31,0.00,0.10,0.10,0.00,0.10,0.05,0.07,0.11,0.05,0.11
Sergio Camello,es ESP,FW,Rayo Vallecano,22,2001,31,20,1 661,18.mai,3,1,4,3,0,0,3,0,04.mai,04.mai,01.mars,05.août,22,41,79,0.16,0.05,0.22,0.16,0.22,0.24,0.07,0.31,0.24,0.31
José Campaña,es ESP,MF,Las Palmas,30,1993,8,1,171,01.sept,0,0,0,0,0,0,0,0,0.0,0.0,0.0,0.0,1,15,4,0.00,0.00,0.00,0.00,0.00,0.01,0.00,0.01,0.01,0.01
João Cancelo,pt POR,DF,Barcelona,29,1994,32,29,2 503,27.août,2,4,6,2,0,0,7,0,01.juin,01.juin,06.janv,07.juil,106,141,193,0.07,0.14,0.22,0.07,0.22,0.06,0.22,0.28,0.06,0.28
Sergi Canós,es ESP,MF FW,Valencia,26,1997,27,15,1 229,13.juil,1,2,3,1,0,0,1,0,02.août,02.août,02.avr,05.mars,32,52,88,0.07,0.15,0.22,0.07,0.22,0.21,0.18,0.39,0.21,0.39
Étienne Capoue,fr FRA,MF,Villarreal,35,1988,32,15,1 455,16.févr,1,1,2,1,0,0,8,0,1.0,1.0,0.6,01.juin,24,80,38,0.06,0.06,0.12,0.06,0.12,0.06,0.04,0.10,0.06,0.10
Isaac Carcelen,es ESP,DF,Cádiz,30,1993,35,29,2 611,29.0,0,0,0,0,0,0,2,0,0.6,0.6,1.0,01.juin,25,75,70,0.00,0.00,0.00,0.00,0.00,0.02,0.03,0.06,0.02,0.06
Dani Cárdenas,es ESP,GK,Rayo Vallecano,26,1997,1,1,90,1.0,0,0,0,0,0,0,0,0,0.0,0.0,0.0,0.0,0,0,0,0.00,0.00,0.00,0.00,0.00,0.00,0.00,0.00,0.00,0.00
Marc Cardona,es ESP,FW,Las Palmas,28,1995,26,6,737,08.févr,4,1,5,3,1,1,4,0,04.févr,03.mai,01.janv,04.mai,10,13,74,0.49,0.12,0.61,0.37,0.49,0.52,0.13,0.65,0.42,0.55
Sergi Cardona,es ESP,DF,Las Palmas,24,1999,35,30,2 814,31.mars,1,2,3,1,0,0,11,0,02.juil,02.juil,02.août,05.mai,60,160,165,0.03,0.06,0.10,0.03,0.10,0.09,0.09,0.18,0.09,0.18
Johnny Cardoso,us USA,MF,Betis,21,2001,17,15,1 328,14.août,1,2,3,1,0,0,3,0,01.janv,01.janv,0.5,01.juin,10,45,11,0.07,0.14,0.20,0.07,0.20,0.07,0.03,0.11,0.07,0.11
Carmona,es ESP,DF MF,Getafe,21,2002,30,15,1 313,14.juin,1,1,2,1,0,0,8,0,0.8,0.8,1.0,01.août,29,39,55,0.07,0.07,0.14,0.07,0.14,0.06,0.07,0.12,0.06,0.12
Yannick Carrasco,be BEL,DF,Atlético Madrid,29,1993,3,3,221,02.mai,0,1,1,0,0,0,0,0,0.1,0.1,0.2,0.3,9,6,17,0.00,0.41,0.41,0.00,0.41,0.03,0.10,0.12,0.03,0.12
Álvaro Carreras,es ESP,MF FW,Granada,20,2003,13,5,475,05.mars,0,0,0,0,0,0,1,0,0.4,0.4,0.4,0.8,13,14,31,0.00,0.00,0.00,0.00,0.00,0.07,0.08,0.15,0.07,0.15
Dani Carvajal,es ESP,DF,Real Madrid,31,1992,28,25,2 171,24.janv,4,3,7,4,0,0,5,1,01.juil,01.juil,02.juil,04.avr,30,82,168,0.17,0.12,0.29,0.17,0.29,0.07,0.11,0.18,0.07,0.18
William Carvalho,pt POR,MF,Betis,31,1992,22,4,680,07.juin,1,3,4,1,0,0,2,0,0.4,0.4,0.7,01.janv,12,58,12,0.13,0.40,0.53,0.13,0.53,0.05,0.09,0.14,0.05,0.14
Marc Casado,es ESP,MF,Barcelona,19,2003,2,0,15,0.2,0,0,0,0,0,0,0,0,0.0,0.0,0.0,0.0,1,1,0,0.00,0.00,0.00,0.00,0.00,0.00,0.00,0.00,0.00,0.00
Catena,es ESP,DF,Osasuna,28,1994,30,28,2 534,28.févr,1,3,4,1,0,0,8,1,01.mars,01.mars,1.0,02.avr,5,77,1,0.04,0.11,0.14,0.04,0.14,0.05,0.04,0.08,0.05,0.08
Dani Ceballos,es ESP,MF FW,Real Madrid,26,1996,20,5,598,06.juin,0,2,2,0,0,0,2,0,0.3,0.3,01.mai,01.août,16,47,23,0.00,0.30,0.30,0.00,0.30,0.05,0.22,0.27,0.05,0.27
Álex Centelles,es ESP,DF,Almería,25,1997,14,11,980,10.sept,0,1,1,0,0,0,2,0,0.0,0.0,01.juin,01.juin,16,31,53,0.00,0.09,0.09,0.00,0.09,0.00,0.14,0.15,0.00,0.15
Player,Nation,Pos,Squad,Age,Born,MP,Starts,Min,90s,Gls,Ast,G+A,G-PK,PK,PKatt,CrdY,CrdR,xG,npxG,xAG,npxG+xAG,PrgC,PrgP,PrgR,Gls,Ast,G+A,G-PK,G+A-PK,xG,xAG,xG+xAG,npxG,npxG+xAG
Franco Cervi,ar ARG,MF DF,Celta Vigo,29,1994,17,5,546,06.janv,0,1,1,0,0,0,2,0,0.5,0.5,2.0,02.mai,16,24,36,0.00,0.16,0.16,0.00,0.16,0.08,0.34,0.41,0.08,0.41
Pep Chavarría,es ESP,DF MF,Rayo Vallecano,25,1998,22,12,1 167,13.0,1,1,2,1,0,0,6,1,1.0,1.0,0.7,01.juil,28,74,84,0.08,0.08,0.15,0.08,0.15,0.07,0.05,0.13,0.07,0.13
Andreas Christensen,dk DEN,DF MF,Barcelona,27,1996,30,27,1 979,22.0,2,2,4,2,0,0,4,0,1.0,1.0,01.janv,02.févr,24,117,6,0.09,0.09,0.18,0.09,0.18,0.05,0.05,0.10,0.05,0.10
Chumi,es ESP,DF,Almería,24,1999,31,26,2 434,27.0,0,1,1,0,0,0,4,0,1.0,1.0,01.avr,02.avr,11,68,4,0.00,0.04,0.04,0.00,0.04,0.04,0.05,0.09,0.04,0.09
Víctor Chust,es ESP,DF,Cádiz,23,2000,22,22,1 864,20.juil,0,1,1,0,0,0,3,2,0.3,0.3,0.3,0.6,10,80,2,0.00,0.05,0.05,0.00,0.05,0.02,0.01,0.03,0.02,0.03
Pathé Ciss,sn SEN,MF,Rayo Vallecano,29,1994,31,16,1 664,18.mai,1,0,1,1,0,0,10,0,01.mai,01.mai,0.5,2.0,14,84,22,0.05,0.00,0.05,0.05,0.05,0.08,0.03,0.11,0.08,0.11
Silvi Clúa,es ESP,MF,Girona,18,2005,1,0,1,0.0,0,0,0,0,0,0,0,0,0.0,0.0,0.0,0.0,0,0,0,0.00,0.00,0.00,0.00,0.00,0.00,0.00,0.00,0.00,0.00
Saúl Coco,gq EQG,DF,Las Palmas,24,1999,30,26,2 295,25.mai,1,0,1,1,0,0,6,1,01.janv,01.janv,0.0,01.janv,9,69,1,0.04,0.00,0.04,0.04,0.04,0.04,0.00,0.04,0.04,0.04
Santi Comesaña,es ESP,MF,Villarreal,26,1996,27,20,1 653,18.avr,2,0,2,2,0,0,8,2,01.sept,01.sept,2.0,03.août,23,92,48,0.11,0.00,0.11,0.11,0.11,0.10,0.11,0.21,0.10,0.21
Copete,es ESP,DF,Mallorca,23,1999,19,17,1 333,14.août,1,1,2,1,0,0,7,0,0.5,0.5,0.8,01.mars,3,52,2,0.07,0.07,0.14,0.07,0.14,0.04,0.05,0.09,0.04,0.09
Francis Coquelin,fr FRA,MF,Villarreal,32,1991,17,10,910,10.janv,0,0,0,0,0,0,4,0,0.1,0.1,0.1,0.2,5,47,14,0.00,0.00,0.00,0.00,0.00,0.01,0.01,0.02,0.01,0.02
Theo Corbeanu,ca CAN,MF FW,Granada,21,2002,9,2,182,2.0,1,0,1,1,0,0,2,0,0.3,0.3,0.0,0.3,5,5,13,0.49,0.00,0.49,0.49,0.49,0.14,0.00,0.14,0.14,0.14
Jesús Corona,mx MEX,MF DF,Sevilla,30,1993,2,0,17,0.2,0,0,0,0,0,0,0,0,0.0,0.0,0.0,0.0,0,0,4,0.00,0.00,0.00,0.00,0.00,0.00,0.00,0.00,0.00,0.00
Ángel Correa,ar ARG,FW MF,Atlético Madrid,28,1995,32,14,1 528,17.0,9,2,11,8,1,1,3,0,07.sept,07.janv,03.juin,10.août,40,61,128,0.53,0.12,0.65,0.47,0.59,0.47,0.21,0.68,0.42,0.63
Thierry Correia,pt POR,DF,Valencia,24,1999,31,25,2 154,23.sept,0,2,2,0,0,0,4,1,0.6,0.6,02.janv,02.juil,40,80,56,0.00,0.08,0.08,0.00,0.08,0.03,0.09,0.11,0.03,0.11
Jaume Costa,es ESP,DF,Mallorca,35,1988,30,19,1 682,18.juil,0,1,1,0,0,0,7,0,0.3,0.3,01.févr,01.mai,34,50,104,0.00,0.05,0.05,0.00,0.05,0.02,0.06,0.08,0.02,0.08
Samu Costa,pt POR,MF,Mallorca,22,2000,34,26,2 303,25.juin,1,1,2,1,0,0,8,0,01.janv,01.janv,0.5,01.juin,16,93,32,0.04,0.04,0.08,0.04,0.08,0.04,0.02,0.06,0.04,0.06
Thibaut Courtois,be BEL,GK,Real Madrid,31,1992,4,4,332,03.juil,0,0,0,0,0,0,0,0,0.0,0.0,0.1,0.1,0,0,0,0.00,0.00,0.00,0.00,0.00,0.00,0.03,0.03,0.00,0.03
Yan Couto,br BRA,DF FW,Girona,21,2002,34,24,2 245,24.sept,1,8,9,1,0,0,8,0,01.mai,01.mai,04.févr,05.juil,151,97,240,0.04,0.32,0.36,0.04,0.36,0.06,0.17,0.23,0.06,0.23
Crespo,pt POR,MF,Rayo Vallecano,26,1996,15,4,527,05.sept,0,0,0,0,0,0,4,0,0.1,0.1,1.0,01.janv,13,30,20,0.00,0.00,0.00,0.00,0.00,0.02,0.18,0.20,0.02,0.20
Cristian,es ESP,GK,Valencia,25,1998,1,0,57,0.6,0,0,0,0,0,0,0,0,0.0,0.0,0.0,0.0,0,0,0,0.00,0.00,0.00,0.00,0.00,0.00,0.00,0.00,0.00,0.00
Juan Cruz Armada,es ESP,DF,Osasuna,31,1992,26,18,1 667,18.mai,0,1,1,0,0,0,3,0,0.0,0.0,0.4,0.4,16,77,29,0.00,0.05,0.05,0.00,0.05,0.00,0.02,0.02,0.00,0.02
Juan Cruz,es ESP,FW,Betis,23,2000,5,0,76,0.8,0,0,0,0,0,0,0,0,0.1,0.1,0.0,0.1,2,3,10,0.00,0.00,0.00,0.00,0.00,0.09,0.05,0.13,0.09,0.13
Pau Cubarsí,es ESP,DF,Barcelona,16,2007,19,18,1 558,17.mars,0,0,0,0,0,0,4,0,0.1,0.1,0.4,0.5,8,75,2,0.00,0.00,0.00,0.00,0.00,0.01,0.02,0.03,0.01,0.03
Iván Cuéllar,es ESP,GK,Mallorca,39,1984,1,1,90,1.0,0,0,0,0,0,0,0,0,0.0,0.0,0.0,0.0,0,0,0,0.00,0.00,0.00,0.00,0.00,0.00,0.00,0.00,0.00,0.00
Player,Nation,Pos,Squad,Age,Born,MP,Starts,Min,90s,Gls,Ast,G+A,G-PK,PK,PKatt,CrdY,CrdR,xG,npxG,xAG,npxG+xAG,PrgC,PrgP,PrgR,Gls,Ast,G+A,G-PK,G+A-PK,xG,xAG,xG+xAG,npxG,npxG+xAG
Jorge Cuenca,es ESP,DF,Villarreal,23,1999,29,21,1 963,21.août,3,1,4,3,0,0,7,0,01.févr,01.févr,0.2,01.mai,11,78,30,0.14,0.05,0.18,0.14,0.18,0.06,0.01,0.07,0.06,0.07
Eric Curbelo,es ESP,DF MF,Las Palmas,29,1994,2,1,102,01.janv,0,0,0,0,0,0,0,0,0.0,0.0,0.0,0.0,0,4,0,0.00,0.00,0.00,0.00,0.00,0.00,0.00,0.00,0.00,0.00
Alberto Dadie,es ESP,MF,Real Sociedad,21,2002,1,0,28,0.3,0,0,0,0,0,0,0,0,0.0,0.0,0.0,0.0,0,0,0,0.00,0.00,0.00,0.00,0.00,0.00,0.00,0.00,0.00,0.00
Sergi Darder,es ESP,MF,Mallorca,29,1993,36,21,2 157,24.0,2,5,7,2,0,0,4,0,02.févr,02.févr,06.avr,08.juin,56,132,75,0.08,0.21,0.29,0.08,0.29,0.09,0.27,0.36,0.09,0.36
Rodrigo De Paul,ar ARG,MF,Atlético Madrid,29,1994,34,25,2 075,23.janv,3,5,8,3,0,0,7,0,01.août,01.août,5.0,06.août,73,202,55,0.13,0.22,0.35,0.13,0.35,0.08,0.22,0.30,0.08,0.30
Mouctar Diakhaby,gn GUI,DF MF,Valencia,26,1996,14,12,1 073,11.sept,1,0,1,1,0,0,6,0,0.7,0.7,0.0,0.8,7,29,1,0.08,0.00,0.08,0.08,0.08,0.06,0.00,0.06,0.06,0.06
Moussa Diakité,ml MLI,MF,Cádiz,19,2003,1,0,1,0.0,0,0,0,0,0,0,0,0,0.0,0.0,0.0,0.0,0,0,0,0.00,0.00,0.00,0.00,0.00,0.00,0.00,0.00,0.00,0.00
Assane Diao,sn SEN,FW,Betis,17,2005,18,13,1 048,11.juin,2,0,2,2,0,0,4,0,02.mai,02.mai,0.7,03.févr,33,20,101,0.17,0.00,0.17,0.17,0.17,0.21,0.06,0.28,0.21,0.28
Brahim Díaz,ma MAR,FW MF,Real Madrid,23,1999,31,18,1 545,17.févr,8,6,14,8,0,0,0,0,05.juil,05.juil,04.avr,10.janv,76,75,166,0.47,0.35,0.82,0.47,0.82,0.33,0.26,0.59,0.33,0.59
Víctor Díaz,es ESP,DF MF,Granada,35,1988,4,2,162,01.août,0,0,0,0,0,0,1,0,0.0,0.0,0.0,0.0,0,2,0,0.00,0.00,0.00,0.00,0.00,0.00,0.00,0.00,0.00,0.00
Famara Diedhiou,sn SEN,FW MF,Granada,30,1992,8,0,89,1.0,0,1,1,0,0,0,1,0,0.5,0.5,0.2,0.7,5,0,19,0.00,01.janv,01.janv,0.00,01.janv,0.50,0.21,0.71,0.50,0.71
Stole Dimitrievski,mk MKD,GK,Rayo Vallecano,29,1993,37,37,3 33,37.0,0,0,0,0,0,0,2,0,0.0,0.0,0.1,0.1,0,0,0,0.00,0.00,0.00,0.00,0.00,0.00,0.00,0.00,0.00,0.00
Djené,tg TOG,DF MF,Getafe,31,1991,33,30,2 484,27.juin,0,0,0,0,0,0,14,1,0.1,0.1,0.3,0.4,13,98,19,0.00,0.00,0.00,0.00,0.00,0.00,0.01,0.02,0.00,0.02
Marko Dmitrović,rs SRB,GK,Sevilla,31,1992,13,13,1 17,13.0,0,0,0,0,0,0,1,0,0.0,0.0,0.0,0.0,0,1,0,0.00,0.00,0.00,0.00,0.00,0.00,0.00,0.00,0.00,0.00
Jaume Doménech,es ESP,GK,Valencia,32,1990,2,1,79,0.9,0,0,0,0,0,0,0,0,0.0,0.0,0.0,0.0,0,0,0,0.00,0.00,0.00,0.00,0.00,0.00,0.00,0.00,0.00,0.00
Carlos Dominguez,es ESP,DF,Celta Vigo,22,2001,22,18,1 584,17.juin,0,0,0,0,0,0,2,0,0.3,0.3,0.1,0.4,11,63,3,0.00,0.00,0.00,0.00,0.00,0.02,0.01,0.02,0.02,0.02
Mario Dominguez,es ESP,FW,Valencia,19,2004,3,0,25,0.3,0,0,0,0,0,0,0,0,0.2,0.2,0.0,0.2,0,1,1,0.00,0.00,0.00,0.00,0.00,0.59,0.00,0.59,0.59,0.59
Carlos Dotor,es ESP,MF,Celta Vigo,22,2001,17,7,708,07.sept,0,0,0,0,0,0,2,0,0.2,0.2,0.1,0.3,3,30,12,0.00,0.00,0.00,0.00,0.00,0.02,0.02,0.04,0.02,0.04
Anastasios Douvikas,gr GRE,FW,Celta Vigo,23,1999,32,7,905,10.janv,7,1,8,7,0,0,2,0,04.juin,04.juin,01.mars,05.sept,10,13,53,0.70,0.10,0.80,0.70,0.80,0.46,0.13,0.59,0.46,0.59
Artem Dovbyk,ua UKR,FW,Girona,26,1997,36,32,2 587,28.juil,24,8,32,17,7,8,2,0,24.févr,17.sept,06.févr,24.janv,18,26,118,0.83,0.28,01.nov,0.59,0.87,0.84,0.21,01.mai,0.62,0.84
Domingos Duarte,pt POR,DF,Getafe,28,1995,15,11,907,10.janv,0,0,0,0,0,0,5,2,0.3,0.3,0.1,0.4,7,47,0,0.00,0.00,0.00,0.00,0.00,0.03,0.01,0.04,0.03,0.04
Rubén Duarte,es ESP,DF,Alavés,27,1995,28,21,1 878,20.sept,2,1,3,2,0,0,7,0,0.7,0.7,01.mai,02.févr,16,81,39,0.10,0.05,0.14,0.10,0.14,0.03,0.07,0.10,0.03,0.10
Hugo Duro,es ESP,FW,Valencia,23,1999,37,35,2 976,33.1,13,2,15,13,0,0,4,0,11.mai,11.mai,01.mars,12.sept,27,34,157,0.39,0.06,0.45,0.39,0.45,0.35,0.04,0.39,0.35,0.39
Aritz Elustondo,es ESP,DF,Real Sociedad,29,1994,15,7,812,9.0,0,1,1,0,0,0,2,0,0.3,0.3,0.6,0.9,4,31,2,0.00,0.11,0.11,0.00,0.11,0.03,0.07,0.10,0.03,0.10
Adri Embarba,es ESP,FW MF,Almería,31,1992,36,29,2 476,27.mai,3,2,5,2,1,1,5,0,04.mars,03.mai,04.avr,8.0,94,58,167,0.11,0.07,0.18,0.07,0.15,0.16,0.16,0.32,0.13,0.29
Player,Nation,Pos,Squad,Age,Born,MP,Starts,Min,90s,Gls,Ast,G+A,G-PK,PK,PKatt,CrdY,CrdR,xG,npxG,xAG,npxG+xAG,PrgC,PrgP,PrgR,Gls,Ast,G+A,G-PK,G+A-PK,xG,xAG,xG+xAG,npxG,npxG+xAG
Youssef En-Nesyri,ma MAR,FW,Sevilla,26,1997,33,28,2 57,28.juin,16,2,18,15,1,1,4,0,10.août,10.0,01.mars,11.mars,17,17,81,0.56,0.07,0.63,0.53,0.60,0.38,0.04,0.42,0.35,0.40
Gonzalo Escalante,ar ARG,MF,Cádiz,30,1993,25,18,1 697,18.sept,1,2,3,1,0,0,2,1,01.sept,01.sept,01.juil,03.juin,4,66,14,0.05,0.11,0.16,0.05,0.16,0.10,0.09,0.19,0.10,0.19
Aarón Escandell,es ESP,GK,Las Palmas,27,1995,2,1,153,01.juil,0,0,0,0,0,0,0,1,0.0,0.0,0.0,0.0,0,0,0,0.00,0.00,0.00,0.00,0.00,0.00,0.00,0.00,0.00,0.00
Alfonso Espino,uy URU,DF,Rayo Vallecano,31,1992,31,29,2 507,27.sept,0,1,1,0,0,0,9,0,1.0,1.0,02.août,03.août,41,113,89,0.00,0.04,0.04,0.00,0.04,0.04,0.10,0.14,0.04,0.14
Bernardo Espinosa,co COL,DF,Girona,34,1989,2,0,2,0.0,0,0,0,0,0,0,0,0,0.0,0.0,0.0,0.0,0,0,0,0.00,0.00,0.00,0.00,0.00,0.00,0.00,0.00,0.00,0.00
Karl Etta Eyong,cm CMR,FW,Cádiz,19,2003,1,0,21,0.2,0,0,0,0,0,0,0,0,0.0,0.0,0.0,0.0,0,0,1,0.00,0.00,0.00,0.00,0.00,0.00,0.00,0.00,0.00,0.00
Abde Ezzalzouli,ma MAR,FW MF,Barcelona,21,2001,2,0,68,0.8,0,0,0,0,0,0,0,0,0.2,0.2,0.1,0.3,7,1,12,0.00,0.00,0.00,0.00,0.00,0.28,0.09,0.37,0.28,0.37
Abde Ezzalzouli,ma MAR,FW,Betis,21,2001,26,6,865,09.juin,1,0,1,1,0,1,1,0,3.0,02.févr,0.3,02.mai,57,25,89,0.10,0.00,0.10,0.10,0.10,0.31,0.03,0.34,0.23,0.26
Radamel Falcao,co COL,FW DF,Rayo Vallecano,37,1986,22,2,407,04.mai,1,0,1,0,1,1,4,0,02.juil,2.0,0.3,02.févr,7,7,23,0.22,0.00,0.22,0.00,0.00,0.60,0.06,0.67,0.43,0.49
Fali,es ESP,DF,Cádiz,29,1993,30,30,2 547,28.mars,0,0,0,0,0,0,12,0,0.8,0.8,0.1,0.9,16,82,10,0.00,0.00,0.00,0.00,0.00,0.03,0.00,0.03,0.03,0.03
Ansu Fati,es ESP,MF FW,Barcelona,20,2002,3,0,50,0.6,0,0,0,0,0,0,0,0,0.7,0.7,0.0,0.7,6,4,5,0.00,0.00,0.00,0.00,0.00,janv.34,0.00,janv.34,janv.34,janv.34
Nabil Fekir,fr FRA,MF FW,Betis,30,1993,19,10,1 049,11.juil,1,2,3,1,0,0,1,0,02.févr,02.févr,02.mars,04.juin,32,67,77,0.09,0.17,0.26,0.09,0.26,0.19,0.20,0.39,0.19,0.39
Luiz Felipe,it ITA,DF,Betis,26,1997,4,4,360,4.0,0,0,0,0,0,0,1,0,0.1,0.1,0.2,0.3,0,4,0,0.00,0.00,0.00,0.00,0.00,0.02,0.06,0.07,0.02,0.07
João Félix,pt POR,FW,Barcelona,23,1999,30,18,1 54,17.janv,7,3,10,7,0,0,3,0,08.juil,08.juil,03.janv,11.sept,69,68,169,0.41,0.18,0.58,0.41,0.58,0.51,0.18,0.69,0.51,0.69
Kiko Femenía,es ESP,DF,Villarreal,32,1991,23,16,1 583,17.juin,0,0,0,0,0,0,8,1,0.0,0.0,0.6,0.6,46,100,45,0.00,0.00,0.00,0.00,0.00,0.00,0.04,0.04,0.00,0.04
Aitor Fernández,es ESP,GK,Osasuna,32,1991,7,6,551,06.janv,0,0,0,0,0,0,2,0,0.0,0.0,0.0,0.0,0,1,0,0.00,0.00,0.00,0.00,0.00,0.00,0.00,0.00,0.00,0.00
Álex Fernández,es ESP,MF,Cádiz,30,1992,26,14,1 285,14.mars,0,1,1,0,0,0,3,0,0.3,0.3,0.8,1.0,11,52,26,0.00,0.07,0.07,0.00,0.07,0.02,0.05,0.07,0.02,0.07
Carlos Fernández,es ESP,FW,Real Sociedad,27,1996,10,5,408,04.mai,2,1,3,1,1,1,3,0,01.mai,0.7,0.5,01.mars,5,4,13,0.44,0.22,0.66,0.22,0.44,0.33,0.12,0.45,0.16,0.28
Raúl Fernández,es ESP,GK,Granada,35,1988,4,4,280,03.janv,0,0,0,0,0,0,0,0,0.0,0.0,0.0,0.0,0,0,0,0.00,0.00,0.00,0.00,0.00,0.00,0.00,0.00,0.00,0.00
Valery Fernández,es ESP,MF FW,Girona,23,1999,27,2,506,05.juin,2,0,2,2,0,0,1,0,0.7,0.7,0.8,01.mai,20,12,54,0.36,0.00,0.36,0.36,0.36,0.12,0.14,0.26,0.12,0.26
Fernando,es ESP,GK,Almería,33,1990,4,4,360,4.0,0,0,0,0,0,0,0,0,0.0,0.0,0.0,0.0,0,0,0,0.00,0.00,0.00,0.00,0.00,0.00,0.00,0.00,0.00,0.00
Fernando,br BRA,MF,Sevilla,36,1987,8,5,459,05.janv,0,0,0,0,0,0,0,0,0.0,0.0,0.3,0.3,5,24,7,0.00,0.00,0.00,0.00,0.00,0.00,0.06,0.06,0.00,0.06
André Ferreira,pt POR,GK,Granada,27,1996,15,14,1 34,14.sept,0,0,0,0,0,0,1,0,0.0,0.0,0.0,0.0,0,0,0,0.00,0.00,0.00,0.00,0.00,0.00,0.00,0.00,0.00,0.00
Rachad Fettal,ma MAR,FW,Almería,18,2005,1,0,17,0.2,0,0,0,0,0,0,0,0,0.1,0.1,0.0,0.1,0,0,2,0.00,0.00,0.00,0.00,0.00,0.41,0.12,0.53,0.41,0.53
Pablo Fornals,es ESP,FW MF,Betis,27,1996,15,14,1 148,12.août,3,2,5,3,0,0,2,0,01.août,01.août,01.juin,03.avr,37,89,82,0.24,0.16,0.39,0.24,0.39,0.14,0.13,0.27,0.14,0.27
Player,Nation,Pos,Squad,Age,Born,MP,Starts,Min,90s,Gls,Ast,G+A,G-PK,PK,PKatt,CrdY,CrdR,xG,npxG,xAG,npxG+xAG,PrgC,PrgP,PrgR,Gls,Ast,G+A,G-PK,G+A-PK,xG,xAG,xG+xAG,npxG,npxG+xAG
Héctor Fort,es ESP,DF,Barcelona,16,2006,7,4,318,03.mai,0,2,2,0,0,0,0,0,0.0,0.0,0.8,0.8,3,7,38,0.00,0.57,0.57,0.00,0.57,0.00,0.23,0.23,0.00,0.23
Dimitri Foulquier,fr FRA,DF MF,Valencia,30,1993,33,19,1 842,20.mai,0,0,0,0,0,0,3,0,0.6,0.6,01.févr,01.août,42,72,64,0.00,0.00,0.00,0.00,0.00,0.03,0.06,0.09,0.03,0.09
Juan Foyth,ar ARG,DF,Villarreal,25,1998,12,12,1 062,11.août,1,1,2,1,0,0,1,0,0.4,0.4,0.9,01.mars,19,51,28,0.08,0.08,0.17,0.08,0.17,0.03,0.08,0.11,0.03,0.11
Jorge de Frutos,es ESP,FW MF,Rayo Vallecano,26,1997,36,14,1 549,17.févr,2,0,2,2,0,0,1,0,02.juin,02.juin,01.avr,4.0,42,40,144,0.12,0.00,0.12,0.12,0.12,0.15,0.08,0.23,0.15,0.23
Daniel Fuzato,br BRA,GK,Getafe,26,1997,1,0,7,0.1,0,0,0,0,0,0,0,0,0.0,0.0,0.0,0.0,0,0,0,0.00,0.00,0.00,0.00,0.00,0.00,0.00,0.00,0.00,0.00
Matteo Gabbia,it ITA,DF,Villarreal,23,1999,7,6,477,05.mars,0,0,0,0,0,0,2,0,0.0,0.0,0.1,0.1,1,9,0,0.00,0.00,0.00,0.00,0.00,0.00,0.02,0.02,0.00,0.02
Javi Galán,es ESP,DF,Atlético Madrid,28,1994,5,0,88,1.0,0,0,0,0,0,0,1,0,0.0,0.0,0.1,0.1,3,4,13,0.00,0.00,0.00,0.00,0.00,0.00,0.06,0.06,0.00,0.06
Javi Galán,es ESP,DF,Real Sociedad,28,1994,14,13,1 075,11.sept,0,1,1,0,0,0,3,0,0.1,0.1,0.7,0.8,46,45,70,0.00,0.08,0.08,0.00,0.08,0.01,0.06,0.07,0.01,0.07
Iñigo Ruiz de Galarreta,es ESP,MF,Athletic Club,29,1993,29,25,2 091,23.févr,1,1,2,1,0,0,7,0,0.3,0.3,02.mars,02.juin,26,147,36,0.04,0.04,0.09,0.04,0.09,0.01,0.10,0.11,0.01,0.11
Aleix García,es ESP,MF,Girona,26,1997,37,36,3 199,35.5,3,6,9,3,0,0,4,1,01.août,01.août,05.mai,07.mars,58,294,52,0.08,0.17,0.25,0.08,0.25,0.05,0.16,0.21,0.05,0.21
Álvaro García,es ESP,FW MF,Rayo Vallecano,30,1992,32,30,2 475,27.mai,6,1,7,6,0,0,8,1,06.févr,06.févr,3.0,09.févr,56,63,252,0.22,0.04,0.25,0.22,0.25,0.22,0.11,0.33,0.22,0.33
Dani García,es ESP,MF,Athletic Club,33,1990,17,7,745,08.mars,1,0,1,1,0,0,4,0,0.8,0.8,0.2,1.0,3,36,4,0.12,0.00,0.12,0.12,0.12,0.10,0.03,0.12,0.10,0.12
David García,es ESP,DF,Osasuna,29,1994,27,27,2 334,25.sept,0,1,1,0,0,0,5,0,1.0,1.0,01.mars,02.févr,21,133,4,0.00,0.04,0.04,0.00,0.04,0.04,0.05,0.09,0.04,0.09
Eric García,es ESP,DF,Barcelona,22,2001,2,0,57,0.6,0,0,0,0,0,0,1,0,0.0,0.0,0.0,0.0,0,5,0,0.00,0.00,0.00,0.00,0.00,0.07,0.00,0.07,0.07,0.07
Eric García,es ESP,DF,Girona,22,2001,30,30,2 637,29.mars,5,0,5,5,0,0,4,0,02.août,02.août,0.5,03.avr,45,221,18,0.17,0.00,0.17,0.17,0.17,0.10,0.02,0.12,0.10,0.12
Fran Garcia,es ESP,DF,Real Madrid,23,1999,25,15,1 398,15.mai,1,5,6,1,0,0,2,0,0.5,0.5,02.avr,3.0,53,60,139,0.06,0.32,0.39,0.06,0.39,0.03,0.16,0.19,0.03,0.19
Gonzalo García,es ESP,FW MF,Real Madrid,19,2004,2,0,19,0.2,0,0,0,0,0,0,0,0,0.0,0.0,0.0,0.0,1,0,3,0.00,0.00,0.00,0.00,0.00,0.16,0.00,0.16,0.16,0.16
Jastin García,es ESP,FW,Girona,19,2004,3,0,32,0.4,0,0,0,0,0,0,0,0,0.0,0.0,0.0,0.0,2,2,8,0.00,0.00,0.00,0.00,0.00,0.00,0.00,0.00,0.00,0.00
Raúl García,es ESP,FW MF,Athletic Club,37,1986,20,1,420,04.juil,1,0,1,1,0,0,3,0,0.9,0.9,0.0,0.9,4,19,15,0.21,0.00,0.21,0.21,0.21,0.20,0.00,0.20,0.20,0.20
Rubén García,es ESP,FW MF,Osasuna,30,1993,30,19,1 547,17.févr,3,2,5,3,0,0,1,0,02.mars,02.mars,03.mars,05.juin,16,59,117,0.17,0.12,0.29,0.17,0.29,0.13,0.19,0.33,0.13,0.33
Santiago García,es ESP,FW,Getafe,21,2001,1,0,25,0.3,0,0,0,0,0,0,0,0,0.0,0.0,0.0,0.0,1,2,1,0.00,0.00,0.00,0.00,0.00,0.00,0.00,0.00,0.00,0.00
Unai García,es ESP,DF,Osasuna,31,1992,9,6,560,06.févr,1,0,1,1,0,0,6,1,0.1,0.1,0.0,0.1,2,12,1,0.16,0.00,0.16,0.16,0.16,0.02,0.00,0.02,0.02,0.02
Yarek Gasiorowski,es ESP,DF,Valencia,18,2005,14,7,735,08.févr,0,0,0,0,0,0,1,0,0.0,0.0,0.0,0.0,4,15,10,0.00,0.00,0.00,0.00,0.00,0.00,0.00,0.00,0.00,0.00
Federico Gattoni,ar ARG,DF FW,Sevilla,24,1999,2,0,10,0.1,0,0,0,0,0,0,0,0,0.0,0.0,0.0,0.0,0,0,0,0.00,0.00,0.00,0.00,0.00,0.00,0.00,0.00,0.00,0.00
Gavi,es ESP,MF FW,Barcelona,18,2004,12,10,944,10.mai,1,1,2,1,0,0,5,0,0.9,0.9,01.janv,2.0,26,39,38,0.10,0.10,0.19,0.10,0.19,0.09,0.10,0.19,0.09,0.19
Player,Nation,Pos,Squad,Age,Born,MP,Starts,Min,90s,Gls,Ast,G+A,G-PK,PK,PKatt,CrdY,CrdR,xG,npxG,xAG,npxG+xAG,PrgC,PrgP,PrgR,Gls,Ast,G+A,G-PK,G+A-PK,xG,xAG,xG+xAG,npxG,npxG+xAG
Paulo Gazzaniga,ar ARG,GK,Girona,31,1992,38,38,3 42,38.0,0,0,0,0,0,0,2,0,0.0,0.0,0.7,0.7,0,0,0,0.00,0.00,0.00,0.00,0.00,0.00,0.02,0.02,0.00,0.02
David Gil,es ESP,GK,Cádiz,29,1994,5,4,372,04.janv,0,0,0,0,0,0,1,0,0.0,0.0,0.0,0.0,0,0,0,0.00,0.00,0.00,0.00,0.00,0.00,0.00,0.00,0.00,0.00
Maxi Gómez,uy URU,FW,Cádiz,26,1996,31,12,1 163,12.sept,0,0,0,0,0,0,2,0,01.juin,01.juin,0.6,02.févr,13,11,54,0.00,0.00,0.00,0.00,0.00,0.12,0.04,0.17,0.12,0.17
Moi Gómez,es ESP,MF FW,Osasuna,29,1994,28,23,2 006,22.mars,3,0,3,3,0,0,3,0,01.juil,01.juil,0.9,02.juin,36,127,69,0.13,0.00,0.13,0.13,0.13,0.08,0.04,0.12,0.08,0.12
Unai Gómez,es ESP,MF,Athletic Club,20,2003,25,9,875,09.juil,2,0,2,2,0,0,1,0,01.mai,01.mai,0.7,02.janv,20,28,48,0.21,0.00,0.21,0.21,0.21,0.15,0.07,0.22,0.15,0.22
Édgar González,es ESP,DF MF,Almería,26,1997,31,30,2 522,28.0,2,0,2,2,0,0,7,1,02.mars,02.mars,0.3,02.juin,6,72,6,0.07,0.00,0.07,0.07,0.07,0.08,0.01,0.09,0.08,0.09
Fabio González,es ESP,MF,Las Palmas,26,1997,6,1,123,01.avr,0,0,0,0,0,0,1,0,0.0,0.0,0.0,0.0,0,9,2,0.00,0.00,0.00,0.00,0.00,0.00,0.00,0.00,0.00,0.00
Giovanni González,uy URU,DF,Mallorca,28,1994,34,27,2 464,27.avr,1,1,2,1,0,0,6,0,0.5,0.5,01.avr,01.août,28,91,95,0.04,0.04,0.07,0.04,0.07,0.02,0.05,0.07,0.02,0.07
Hugo González,es ESP,MF FW,Valencia,20,2003,9,0,87,1.0,0,1,1,0,0,0,0,0,0.0,0.0,0.5,0.5,2,2,7,0.00,01.mars,01.mars,0.00,01.mars,0.02,0.53,0.55,0.02,0.55
Iñaki González,es ESP,MF,Las Palmas,19,2004,1,0,5,0.1,0,0,0,0,0,0,0,0,0.0,0.0,0.0,0.0,0,0,0,0.00,0.00,0.00,0.00,0.00,0.00,0.00,0.00,0.00,0.00
Peter González,do DOM,MF FW,Valencia,21,2002,15,5,649,07.févr,0,0,0,0,0,0,1,0,01.juil,01.juil,1.0,02.juil,19,16,48,0.00,0.00,0.00,0.00,0.00,0.24,0.14,0.38,0.24,0.38
Urko González,es ESP,MF,Real Sociedad,22,2001,5,2,156,01.juil,0,0,0,0,0,0,1,0,0.1,0.1,0.0,0.1,1,6,1,0.00,0.00,0.00,0.00,0.00,0.04,0.00,0.04,0.04,0.04
Andoni Gorosabel,es ESP,DF,Alavés,26,1996,36,33,2 854,31.juil,1,0,1,1,0,0,6,0,0.7,0.7,01.mars,2.0,58,117,121,0.03,0.00,0.03,0.03,0.03,0.02,0.04,0.06,0.02,0.06
Pablo Gozalbez,es ESP,MF FW,Valencia,22,2001,5,1,103,01.janv,0,0,0,0,0,0,0,0,0.0,0.0,0.0,0.0,0,0,5,0.00,0.00,0.00,0.00,0.00,0.01,0.00,0.01,0.01,0.01
Mason Greenwood,eng ENG,MF FW,Getafe,21,2001,33,30,2 662,29.juin,8,6,14,6,2,3,6,1,08.août,06.avr,04.juin,11.0,127,89,239,0.27,0.20,0.47,0.20,0.41,0.30,0.15,0.45,0.22,0.37
Dominik Greif,sk SVK,GK,Mallorca,26,1997,1,1,90,1.0,0,0,0,0,0,0,0,0,0.0,0.0,0.0,0.0,0,0,0,0.00,0.00,0.00,0.00,0.00,0.00,0.00,0.00,0.00,0.00
Antoine Griezmann,fr FRA,FW MF,Atlético Madrid,32,1991,33,31,2 644,29.avr,16,6,22,12,4,4,5,0,12.mars,09.mars,05.juin,14.sept,43,118,196,0.54,0.20,0.75,0.41,0.61,0.42,0.19,0.61,0.32,0.51
Vicente Guaita,es ESP,GK,Celta Vigo,36,1987,27,26,2 403,26.juil,0,0,0,0,0,0,2,0,0.0,0.0,0.0,0.0,0,0,0,0.00,0.00,0.00,0.00,0.00,0.00,0.00,0.00,0.00,0.00
Andrés Guardado,mx MEX,MF,Betis,36,1986,12,4,447,5.0,0,0,0,0,0,0,2,0,0.1,0.1,0.2,0.3,5,36,6,0.00,0.00,0.00,0.00,0.00,0.03,0.04,0.06,0.03,0.06
Sergi Guardiola,es ESP,FW MF,Cádiz,32,1991,22,1,495,05.mai,1,1,2,1,0,0,1,0,01.août,01.août,0.8,02.juin,10,19,32,0.18,0.18,0.36,0.18,0.36,0.33,0.14,0.48,0.33,0.48
Nemanja Gudelj,rs SRB,DF MF,Sevilla,31,1991,22,20,1 742,19.avr,1,1,2,1,0,0,7,0,0.8,0.8,0.4,01.févr,23,73,5,0.05,0.05,0.10,0.05,0.10,0.04,0.02,0.06,0.04,0.06
Gonçalo Guedes,pt POR,FW MF,Villarreal,26,1996,17,9,951,10.juin,3,2,5,3,0,0,0,0,02.mars,02.mars,01.mai,03.août,38,50,88,0.28,0.19,0.47,0.28,0.47,0.22,0.14,0.36,0.22,0.36
Javier Guerra,es ESP,MF,Valencia,20,2003,36,28,2 498,27.août,4,1,5,4,0,0,3,1,02.juil,02.juil,0.9,03.juin,47,81,68,0.14,0.04,0.18,0.14,0.18,0.10,0.03,0.13,0.10,0.13
Ander Guevara,es ESP,MF,Alavés,26,1997,37,33,2 932,32.6,1,0,1,1,0,0,7,0,0.7,0.7,0.9,01.mai,53,187,37,0.03,0.00,0.03,0.03,0.03,0.02,0.03,0.05,0.02,0.05
Hugo Guillamón,es ESP,MF,Valencia,23,2000,26,12,1 315,14.juin,1,0,1,1,0,0,7,0,0.2,0.2,0.4,0.6,6,65,10,0.07,0.00,0.07,0.07,0.07,0.01,0.03,0.04,0.01,0.04
Player,Nation,Pos,Squad,Age,Born,MP,Starts,Min,90s,Gls,Ast,G+A,G-PK,PK,PKatt,CrdY,CrdR,xG,npxG,xAG,npxG+xAG,PrgC,PrgP,PrgR,Gls,Ast,G+A,G-PK,G+A-PK,xG,xAG,xG+xAG,npxG,npxG+xAG
Marc Guiu,es ESP,FW MF,Barcelona,17,2006,3,1,74,0.8,1,0,1,1,0,0,1,0,0.8,0.8,0.3,1.0,1,1,8,janv.22,0.00,janv.22,janv.22,janv.22,0.92,0.32,janv.24,0.92,janv.24
Arda Güler,tr TUR,FW MF,Real Madrid,18,2005,10,4,377,04.févr,6,0,6,6,0,0,1,0,01.avr,01.avr,0.1,01.juin,16,17,25,janv.43,0.00,janv.43,janv.43,janv.43,0.34,0.03,0.37,0.34,0.37
Gerard Gumbau,es ESP,MF,Granada,28,1994,35,31,2 674,29.juil,0,3,3,0,0,0,12,0,01.août,01.août,4.0,05.août,20,135,29,0.00,0.10,0.10,0.00,0.10,0.06,0.14,0.19,0.06,0.19
İlkay Gündoğan,de GER,MF,Barcelona,32,1990,36,33,2 994,33.3,5,9,14,4,1,2,5,0,07.mars,05.juil,10.mars,16.0,71,224,116,0.15,0.27,0.42,0.12,0.39,0.22,0.31,0.53,0.17,0.48
Jon Guridi,es ESP,MF,Alavés,28,1995,36,34,2 678,29.août,3,4,7,3,0,0,2,0,4.0,4.0,03.mai,07.mai,30,117,92,0.10,0.13,0.24,0.10,0.24,0.13,0.12,0.25,0.13,0.25
Gorka Guruzeta,es ESP,FW,Athletic Club,26,1996,32,30,2 217,24.juin,14,5,19,14,0,1,2,0,11.juin,10.août,02.avr,13.févr,18,55,102,0.57,0.20,0.77,0.57,0.77,0.47,0.10,0.57,0.44,0.54
Miguel Gutiérrez,es ESP,DF,Girona,22,2001,35,35,3 032,33.7,2,7,9,2,0,0,4,0,02.août,02.août,07.mai,10.févr,74,146,184,0.06,0.21,0.27,0.06,0.27,0.08,0.22,0.30,0.08,0.30
Munir El Haddadi,ma MAR,FW,Las Palmas,27,1995,38,32,2 449,27.févr,3,2,5,3,0,1,3,0,04.mars,03.mai,01.sept,05.mai,26,78,167,0.11,0.07,0.18,0.11,0.18,0.16,0.07,0.23,0.13,0.20
Ianis Hagi,ro ROU,MF FW,Alavés,24,1998,22,8,804,08.sept,0,2,2,0,0,1,3,0,02.août,2.0,2.0,4.0,17,32,58,0.00,0.22,0.22,0.00,0.22,0.31,0.22,0.53,0.22,0.44
Luiz Henrique,br BRA,FW,Betis,22,2001,14,6,616,06.août,0,3,3,0,0,0,1,0,01.févr,01.févr,01.juin,02.sept,35,17,58,0.00,0.44,0.44,0.00,0.44,0.18,0.24,0.42,0.18,0.42
Mario Hermoso,es ESP,DF,Atlético Madrid,28,1995,31,29,2 557,28.avr,0,1,1,0,0,0,9,0,01.avr,01.avr,0.8,02.févr,39,177,61,0.00,0.04,0.04,0.00,0.04,0.05,0.03,0.08,0.05,0.08
Javi Hernández ,es ESP,DF,Cádiz,25,1998,30,28,2 514,27.sept,1,2,3,1,0,0,10,0,01.avr,01.avr,02.janv,03.mai,40,94,57,0.04,0.07,0.11,0.04,0.11,0.05,0.07,0.13,0.05,0.13
Aridane Hernández,es ESP,DF,Rayo Vallecano,34,1989,19,19,1 69,18.août,0,0,0,0,0,0,3,0,0.3,0.3,0.0,0.4,0,21,0,0.00,0.00,0.00,0.00,0.00,0.02,0.00,0.02,0.02,0.02
Luis Hernández,es ESP,DF,Cádiz,34,1989,9,8,723,8.0,1,0,1,1,0,0,4,0,1.0,1.0,0.4,01.mars,2,31,1,0.12,0.00,0.12,0.12,0.12,0.12,0.04,0.16,0.12,0.16
Jorge Herrando,es ESP,DF,Osasuna,22,2001,19,18,1 644,18.mars,0,1,1,0,0,0,4,0,0.4,0.4,0.2,0.6,3,35,1,0.00,0.05,0.05,0.00,0.05,0.02,0.01,0.03,0.02,0.03
Ander Herrera,es ESP,MF,Athletic Club,33,1989,23,10,1 03,11.avr,0,3,3,0,0,0,4,0,0.7,0.7,01.févr,01.sept,11,94,17,0.00,0.26,0.26,0.00,0.26,0.06,0.10,0.17,0.06,0.17
Cristian Herrera,es ESP,FW MF,Las Palmas,32,1991,8,1,166,01.août,1,0,1,1,0,0,1,0,0.9,0.9,0.0,0.9,2,8,16,0.54,0.00,0.54,0.54,0.54,0.48,0.02,0.50,0.48,0.50
Sergio Herrera,es ESP,GK,Osasuna,30,1993,32,32,2 869,31.9,0,0,0,0,0,0,2,0,0.0,0.0,0.0,0.0,0,1,0,0.00,0.00,0.00,0.00,0.00,0.00,0.00,0.00,0.00,0.00
Yangel Herrera,ve VEN,MF,Girona,25,1998,29,27,2 107,23.avr,5,0,5,5,0,0,9,0,04.sept,04.sept,02.avr,07.mars,31,92,76,0.21,0.00,0.21,0.21,0.21,0.21,0.10,0.31,0.21,0.31
Juan Herzog,es ESP,DF,Las Palmas,20,2003,4,3,292,03.févr,2,0,2,2,0,0,1,0,0.7,0.7,0.0,0.7,0,3,0,0.62,0.00,0.62,0.62,0.62,0.21,0.00,0.21,0.21,0.21
Martin Hongla,cm CMR,MF DF,Granada,25,1998,13,6,562,06.févr,0,0,0,0,0,0,0,0,0.2,0.2,0.0,0.2,3,16,5,0.00,0.00,0.00,0.00,0.00,0.03,0.00,0.03,0.03,0.03
Xabier Huarte Armendáriz,es ESP,MF,Osasuna,22,2001,1,0,9,0.1,0,0,0,0,0,0,0,0,0.0,0.0,0.0,0.0,0,1,0,0.00,0.00,0.00,0.00,0.00,0.00,0.00,0.00,0.00,0.00
Pablo Ibáñez,es ESP,MF,Osasuna,24,1998,33,12,1 152,12.août,1,2,3,1,0,0,5,0,02.mars,02.mars,01.févr,03.mai,26,67,54,0.08,0.16,0.23,0.08,0.23,0.18,0.09,0.27,0.18,0.27
Iglesias,es ESP,DF FW,Getafe,25,1998,23,16,1 412,15.juil,0,2,2,0,0,0,4,0,0.6,0.6,0.7,01.mars,16,43,48,0.00,0.13,0.13,0.00,0.13,0.04,0.04,0.08,0.04,0.08
Borja Iglesias,es ESP,FW,Betis,30,1993,11,4,408,04.mai,0,1,1,0,0,0,2,0,0.6,0.6,0.9,01.mai,5,12,32,0.00,0.22,0.22,0.00,0.22,0.13,0.21,0.34,0.13,0.34
Player,Nation,Pos,Squad,Age,Born,MP,Starts,Min,90s,Gls,Ast,G+A,G-PK,PK,PKatt,CrdY,CrdR,xG,npxG,xAG,npxG+xAG,PrgC,PrgP,PrgR,Gls,Ast,G+A,G-PK,G+A-PK,xG,xAG,xG+xAG,npxG,npxG+xAG
Imanol,es ESP,DF,Athletic Club,23,2000,9,5,525,05.août,0,0,0,0,0,0,2,0,0.0,0.0,0.2,0.2,13,21,15,0.00,0.00,0.00,0.00,0.00,0.00,0.03,0.04,0.00,0.04
Isco,es ESP,MF,Betis,31,1992,29,28,2 326,25.août,8,5,13,6,2,2,10,0,08.mars,06.juil,06.avr,13.janv,100,216,145,0.31,0.19,0.50,0.23,0.43,0.32,0.25,0.57,0.26,0.51
Diego Iturralde,es ESP,DF,Sevilla,20,2003,1,0,37,0.4,0,0,0,0,0,0,0,0,0.0,0.0,0.0,0.0,1,1,0,0.00,0.00,0.00,0.00,0.00,0.00,0.00,0.00,0.00,0.00
Adnan Januzaj,be BEL,FW MF,Sevilla,28,1995,8,0,193,02.janv,0,0,0,0,0,0,0,0,0.6,0.6,0.0,0.6,1,9,17,0.00,0.00,0.00,0.00,0.00,0.28,0.02,0.30,0.28,0.30
Mikel Jauregizar,es ESP,MF,Athletic Club,19,2003,7,1,151,01.juil,0,0,0,0,0,0,0,0,0.0,0.0,0.1,0.2,2,5,3,0.00,0.00,0.00,0.00,0.00,0.02,0.08,0.10,0.02,0.10
Luis Javier Suárez,co COL,FW,Almería,25,1997,15,10,917,10.févr,6,0,6,5,1,1,3,0,06.mai,05.juil,0.6,06.mars,30,15,53,0.59,0.00,0.59,0.49,0.49,0.64,0.06,0.70,0.56,0.62
Salim El Jebari,ma MAR,MF,Atlético Madrid,19,2004,1,0,13,0.1,0,0,0,0,0,0,0,0,0.0,0.0,0.0,0.0,1,0,1,0.00,0.00,0.00,0.00,0.00,0.00,0.00,0.00,0.00,0.00
Frenkie de Jong,nl NED,MF,Barcelona,26,1997,20,20,1 634,18.févr,2,0,2,2,0,0,7,0,0.7,0.7,02.févr,02.sept,69,168,38,0.11,0.00,0.11,0.11,0.11,0.04,0.12,0.16,0.04,0.16
Joan Jordán,es ESP,MF,Sevilla,29,1994,8,4,380,04.févr,0,0,0,0,0,0,1,0,0.2,0.2,0.0,0.2,0,32,1,0.00,0.00,0.00,0.00,0.00,0.04,0.01,0.05,0.04,0.05
Jordi,es ESP,MF DF,Getafe,22,2001,13,5,573,06.avr,0,0,0,0,0,0,1,0,01.mars,01.mars,0.6,01.août,6,14,28,0.00,0.00,0.00,0.00,0.00,0.20,0.09,0.28,0.20,0.28
Jeremy Jorge,es ESP,FW,Getafe,20,2003,1,0,2,0.0,0,0,0,0,0,0,0,0,0.0,0.0,0.0,0.0,0,0,0,0.00,0.00,0.00,0.00,0.00,0.00,0.00,0.00,0.00,0.00
Willian José,br BRA,FW,Betis,31,1991,33,25,1 971,21.sept,10,5,15,10,0,0,0,1,05.juil,05.juil,02.mai,08.févr,8,32,90,0.46,0.23,0.68,0.46,0.68,0.26,0.12,0.37,0.26,0.37
Joselu,es ESP,FW,Real Madrid,33,1990,34,15,1 687,18.juil,10,2,12,10,0,2,1,0,11.juin,10.0,01.juil,11.juil,15,20,98,0.53,0.11,0.64,0.53,0.64,0.62,0.09,0.71,0.53,0.62
Kamil Jóźwiak,pl POL,MF,Granada,25,1998,11,7,571,06.mars,0,1,1,0,0,0,2,0,0.1,0.1,01.févr,01.mars,15,21,31,0.00,0.16,0.16,0.00,0.16,0.02,0.19,0.21,0.02,0.21
Juanmi,es ESP,FW,Cádiz,30,1993,16,9,873,09.juil,3,1,4,3,0,0,3,0,02.mai,02.mai,01.juin,04.févr,7,12,40,0.31,0.10,0.41,0.31,0.41,0.26,0.17,0.43,0.26,0.43
Juanpe,es ESP,DF,Girona,32,1991,17,6,746,08.mars,0,0,0,0,0,0,4,0,0.2,0.2,0.0,0.2,3,14,0,0.00,0.00,0.00,0.00,0.00,0.02,0.00,0.02,0.02,0.02
Vinicius Júnior,br BRA,FW,Real Madrid,23,2000,26,22,1 864,20.juil,15,5,20,14,1,1,7,0,13.janv,12.mars,04.févr,16.juin,137,57,277,0.72,0.24,0.97,0.68,0.92,0.63,0.21,0.84,0.59,0.80
Filip Jørgensen,dk DEN,GK,Villarreal,21,2002,36,36,3 24,36.0,0,0,0,0,0,0,4,0,0.0,0.0,0.0,0.0,0,0,0,0.00,0.00,0.00,0.00,0.00,0.00,0.00,0.00,0.00,0.00
Sory Kaba,gn GUI,FW,Las Palmas,28,1995,17,9,720,8.0,1,1,2,1,0,0,2,0,01.mai,01.mai,0.3,01.août,7,12,36,0.12,0.12,0.25,0.12,0.25,0.18,0.04,0.23,0.18,0.23
Kaiky,br BRA,DF,Almería,19,2004,8,5,523,05.août,1,0,1,1,0,0,2,0,0.2,0.2,0.0,0.3,4,24,1,0.17,0.00,0.17,0.17,0.17,0.04,0.00,0.04,0.04,0.04
Jon Karrikaburu,es ESP,MF FW,Alavés,20,2002,2,0,16,0.2,0,0,0,0,0,0,0,0,0.0,0.0,0.0,0.0,0,0,1,0.00,0.00,0.00,0.00,0.00,0.00,0.00,0.00,0.00,0.00
Ibrahima Kebe,ml MLI,MF,Girona,22,2000,2,0,9,0.1,0,0,0,0,0,0,1,0,0.0,0.0,0.0,0.0,0,0,1,0.00,0.00,0.00,0.00,0.00,0.00,0.00,0.00,0.00,0.00
Kiké,es ESP,FW MF,Alavés,33,1989,33,15,1 423,15.août,3,2,5,3,0,1,3,0,07.juil,06.sept,2.0,08.sept,18,32,97,0.19,0.13,0.32,0.19,0.32,0.49,0.13,0.61,0.44,0.56
Koke,es ESP,MF,Atlético Madrid,31,1992,35,32,2 493,27.juil,0,4,4,0,0,0,5,0,0.4,0.4,03.juin,04.janv,26,212,26,0.00,0.14,0.14,0.00,0.14,0.02,0.13,0.15,0.02,0.15
Ibrahima Koné,ml MLI,FW,Almería,24,1999,9,2,277,03.janv,0,0,0,0,0,0,0,0,0.4,0.4,0.1,0.5,5,3,18,0.00,0.00,0.00,0.00,0.00,0.14,0.03,0.17,0.14,0.17
Player,Nation,Pos,Squad,Age,Born,MP,Starts,Min,90s,Gls,Ast,G+A,G-PK,PK,PKatt,CrdY,CrdR,xG,npxG,xAG,npxG+xAG,PrgC,PrgP,PrgR,Gls,Ast,G+A,G-PK,G+A-PK,xG,xAG,xG+xAG,npxG,npxG+xAG
Rominigue Kouamé,ml MLI,MF,Cádiz,26,1996,16,9,821,09.janv,0,0,0,0,0,0,2,0,0.3,0.3,0.1,0.4,16,34,5,0.00,0.00,0.00,0.00,0.00,0.03,0.01,0.04,0.03,0.04
Jules Koundé,fr FRA,DF,Barcelona,24,1998,35,32,2 899,32.2,1,2,3,1,0,0,4,0,2.0,2.0,02.févr,04.févr,67,245,64,0.03,0.06,0.09,0.03,0.09,0.06,0.07,0.13,0.06,0.13
Toni Kroos,de GER,MF,Real Madrid,33,1990,33,24,2 124,23.juin,1,8,9,1,0,0,3,0,01.juin,01.juin,04.sept,06.mai,32,290,29,0.04,0.34,0.38,0.04,0.38,0.07,0.21,0.28,0.07,0.28
Takefusa Kubo,jp JPN,FW MF,Real Sociedad,22,2001,30,24,2 15,23.sept,7,4,11,7,0,0,1,0,03.mai,03.mai,06.avr,09.sept,136,89,231,0.29,0.17,0.46,0.29,0.46,0.15,0.27,0.42,0.15,0.42
Luca de la Torre,us USA,MF,Celta Vigo,25,1998,31,22,1 956,21.juil,1,4,5,1,0,0,4,1,02.mai,02.mai,01.avr,03.sept,58,93,88,0.05,0.18,0.23,0.05,0.23,0.11,0.07,0.18,0.11,0.18
Yoel Lago,es ESP,DF,Celta Vigo,19,2004,1,1,90,1.0,0,0,0,0,0,0,0,0,0.0,0.0,0.0,0.0,0,2,0,0.00,0.00,0.00,0.00,0.00,0.00,0.00,0.00,0.00,0.00
Érik Lamela,ar ARG,FW MF,Sevilla,31,1992,13,5,463,05.janv,2,0,2,2,0,0,3,0,1.0,1.0,1.0,2.0,11,17,28,0.39,0.00,0.39,0.39,0.39,0.19,0.19,0.38,0.19,0.38
Bruno Langa,mz MOZ,DF,Almería,25,1997,11,9,820,09.janv,1,0,1,1,0,0,1,1,0.2,0.2,0.4,0.5,14,25,30,0.11,0.00,0.11,0.11,0.11,0.02,0.04,0.06,0.02,0.06
Cyle Larin,ca CAN,FW,Mallorca,28,1995,35,20,1 823,20.mars,3,2,5,3,0,0,8,0,9.0,9.0,01.avr,10.avr,20,13,103,0.15,0.10,0.25,0.15,0.25,0.45,0.07,0.52,0.45,0.52
Juanmi Latasa,es ESP,FW,Getafe,22,2001,32,15,1 555,17.mars,2,0,2,2,0,0,7,1,03.juin,03.mai,01.mai,5.0,7,16,82,0.12,0.00,0.12,0.12,0.12,0.21,0.09,0.29,0.20,0.29
Toni Lato,es ESP,DF,Mallorca,25,1997,28,16,1 544,17.févr,0,1,1,0,0,0,3,0,0.2,0.2,01.mars,01.juin,30,39,110,0.00,0.06,0.06,0.00,0.06,0.01,0.08,0.09,0.01,0.09
Lázaro,br BRA,FW MF,Almería,21,2002,14,2,285,03.févr,0,0,0,0,0,0,0,0,0.9,0.9,0.5,01.avr,5,6,34,0.00,0.00,0.00,0.00,0.00,0.28,0.17,0.45,0.28,0.45
Robin Le Normand,es ESP,DF,Real Sociedad,26,1996,29,28,2 469,27.avr,2,0,2,2,0,0,13,0,1.0,1.0,0.1,01.févr,21,106,1,0.07,0.00,0.07,0.07,0.07,0.04,0.00,0.04,0.04,0.04
Jeremías Ledesma,ar ARG,GK,Cádiz,30,1993,34,34,3 048,33.9,0,0,0,0,0,0,0,0,0.0,0.0,0.1,0.1,0,0,0,0.00,0.00,0.00,0.00,0.00,0.00,0.00,0.00,0.00,0.00
Florian Lejeune,fr FRA,DF,Rayo Vallecano,32,1991,37,37,3 327,37.0,3,1,4,3,0,0,5,0,03.mars,03.mars,0.7,4.0,15,114,4,0.08,0.03,0.11,0.08,0.11,0.09,0.02,0.11,0.09,0.11
Stefan Lekovic,rs SRB,DF,Villarreal,19,2004,1,0,29,0.3,0,0,0,0,0,0,0,0,0.0,0.0,0.0,0.0,0,0,0,0.00,0.00,0.00,0.00,0.00,0.00,0.00,0.00,0.00,0.00
Iñigo Lekue,es ESP,DF,Athletic Club,30,1993,27,22,2 002,22.févr,0,2,2,0,0,0,4,0,0.2,0.2,01.janv,01.févr,44,119,35,0.00,0.09,0.09,0.00,0.09,0.01,0.05,0.06,0.01,0.06
Thomas Lemar,fr FRA,MF,Atlético Madrid,27,1995,3,3,164,01.août,0,0,0,0,0,0,0,0,0.2,0.2,0.0,0.2,5,13,9,0.00,0.00,0.00,0.00,0.00,0.09,0.01,0.10,0.09,0.10
Álvaro Lemos,es ESP,DF,Las Palmas,30,1993,4,3,251,02.août,0,0,0,0,0,0,1,0,0.0,0.0,0.0,0.0,6,17,8,0.00,0.00,0.00,0.00,0.00,0.01,0.00,0.01,0.01,0.01
Ruben Lendinez,es ESP,DF,Valencia,20,2003,1,0,11,0.1,0,0,0,0,0,0,0,0,0.0,0.0,0.0,0.0,0,0,3,0.00,0.00,0.00,0.00,0.00,0.00,0.00,0.00,0.00,0.00
Robert Lewandowski,pl POL,FW,Barcelona,34,1988,35,32,2 75,30.juin,19,8,27,15,4,4,5,0,18.janv,15.0,04.sept,19.sept,43,64,168,0.62,0.26,0.88,0.49,0.75,0.59,0.16,0.75,0.49,0.65
Samuel Lino,br BRA,DF MF,Atlético Madrid,23,1999,34,25,2 08,23.janv,4,5,9,4,0,0,1,0,05.juin,05.juin,04.juil,10.mars,131,84,215,0.17,0.22,0.39,0.17,0.39,0.24,0.21,0.45,0.24,0.45
Javier Llabrés,es ESP,MF FW,Mallorca,20,2002,16,1,247,02.juil,1,0,1,1,0,0,1,0,0.7,0.7,0.3,1.0,9,5,30,0.36,0.00,0.36,0.36,0.36,0.25,0.11,0.37,0.25,0.37
Marcos Llorente,es ESP,MF DF,Atlético Madrid,28,1995,37,29,2 565,28.mai,6,4,10,6,0,0,5,0,04.janv,04.janv,05.juin,09.juil,71,106,179,0.21,0.14,0.35,0.21,0.35,0.14,0.20,0.34,0.14,0.34
Enzo Loiodice,fr FRA,MF,Las Palmas,22,2000,34,19,1 79,19.sept,0,1,1,0,0,0,2,0,0.5,0.5,01.mars,01.sept,27,97,72,0.00,0.05,0.05,0.00,0.05,0.03,0.07,0.09,0.03,0.09
Player,Nation,Pos,Squad,Age,Born,MP,Starts,Min,90s,Gls,Ast,G+A,G-PK,PK,PKatt,CrdY,CrdR,xG,npxG,xAG,npxG+xAG,PrgC,PrgP,PrgR,Gls,Ast,G+A,G-PK,G+A-PK,xG,xAG,xG+xAG,npxG,npxG+xAG
David López,es ESP,DF,Girona,33,1989,25,25,1 965,21.août,3,0,3,3,0,0,4,0,02.janv,01.sept,0.2,02.janv,15,54,1,0.14,0.00,0.14,0.14,0.14,0.10,0.01,0.11,0.09,0.10
Diego López,es ESP,MF FW,Valencia,21,2002,36,30,2 656,29.mai,3,6,9,3,0,0,2,0,03.juil,03.juil,05.avr,09.janv,75,73,180,0.10,0.20,0.30,0.10,0.30,0.12,0.18,0.31,0.12,0.31
Fermin López,es ESP,MF FW,Barcelona,20,2003,31,14,1 446,16.janv,8,0,8,8,0,0,2,0,07.mai,07.mai,01.janv,08.juin,42,76,93,0.50,0.00,0.50,0.50,0.50,0.47,0.07,0.54,0.47,0.54
Javi López,es ESP,DF,Alavés,21,2002,32,25,2 386,26.mai,1,3,4,1,0,0,3,0,0.9,0.9,3.0,4.0,53,92,120,0.04,0.11,0.15,0.04,0.15,0.04,0.11,0.15,0.04,0.15
Unai López,es ESP,MF,Rayo Vallecano,27,1995,35,28,2 108,23.avr,1,2,3,1,0,0,8,0,01.janv,01.janv,02.mai,03.juil,32,116,59,0.04,0.09,0.13,0.04,0.13,0.05,0.11,0.16,0.05,0.16
Dion Lopy,sn SEN,MF,Almería,21,2002,30,23,1 916,21.mars,0,0,0,0,0,0,5,0,01.mars,01.mars,01.févr,02.avr,23,90,19,0.00,0.00,0.00,0.00,0.00,0.06,0.05,0.11,0.06,0.11
Anthony Lozano,hn HON,MF FW,Getafe,30,1993,6,0,92,1.0,0,0,0,0,0,0,1,0,0.2,0.2,0.3,0.4,0,1,6,0.00,0.00,0.00,0.00,0.00,0.18,0.25,0.43,0.18,0.43
Anthony Lozano,hn HON,FW,Almería,30,1993,13,10,772,08.juin,3,0,3,3,0,0,1,0,03.mars,03.mars,0.7,4.0,12,16,24,0.35,0.00,0.35,0.35,0.35,0.38,0.08,0.46,0.38,0.46
Lucas,br BRA,DF,Cádiz,22,2001,28,15,1 539,17.janv,1,0,1,1,0,0,6,0,0.8,0.8,01.sept,02.juil,30,47,65,0.06,0.00,0.06,0.06,0.06,0.05,0.11,0.16,0.05,0.16
José Luis Gayà,es ESP,DF,Valencia,28,1995,24,22,1 791,19.sept,1,2,3,1,0,0,2,0,0.5,0.5,02.juin,03.janv,41,72,97,0.05,0.10,0.15,0.05,0.15,0.02,0.13,0.15,0.02,0.15
José Luis Morales,es ESP,FW MF,Villarreal,36,1987,29,8,1 048,11.juin,7,0,7,7,0,0,0,0,05.juin,05.juin,0.6,06.janv,29,17,79,0.60,0.00,0.60,0.60,0.60,0.48,0.05,0.52,0.48,0.52
Dodi Lukebakio,be BEL,FW MF,Sevilla,25,1997,23,12,1 125,12.mai,5,1,6,5,0,0,0,0,05.juin,05.juin,0.7,06.févr,48,26,116,0.40,0.08,0.48,0.40,0.48,0.45,0.05,0.50,0.45,0.50
Andriy Lunin,ua UKR,GK,Real Madrid,24,1999,21,21,1 89,21.0,0,0,0,0,0,0,2,0,0.0,0.0,0.3,0.3,0,0,0,0.00,0.00,0.00,0.00,0.00,0.00,0.01,0.01,0.00,0.01
Darwin Machís,ve VEN,MF,Cádiz,30,1993,21,10,785,08.juil,4,0,4,3,1,1,0,1,01.avr,0.6,0.7,01.mars,20,15,54,0.46,0.00,0.46,0.34,0.34,0.16,0.08,0.24,0.07,0.15
Pablo Maffeo,es ESP,DF,Mallorca,26,1997,22,17,1 454,16.févr,1,2,3,1,0,0,3,1,0.8,0.8,0.9,01.juil,38,41,68,0.06,0.12,0.19,0.06,0.19,0.05,0.05,0.10,0.05,0.10
Jon Magunazelaia,es ESP,FW MF,Real Sociedad,22,2001,5,1,121,01.mars,0,0,0,0,0,0,0,0,0.3,0.3,0.5,0.7,2,2,10,0.00,0.00,0.00,0.00,0.00,0.21,0.34,0.55,0.21,0.55
Nemanja Maksimović,rs SRB,MF,Getafe,28,1995,37,37,3 265,36.3,4,0,4,4,0,0,4,0,05.mai,05.mai,01.janv,06.juin,22,73,35,0.11,0.00,0.11,0.11,0.11,0.15,0.03,0.18,0.15,0.18
Giorgi Mamardashvili,ge GEO,GK,Valencia,22,2000,37,37,3 284,36.5,0,0,0,0,0,0,3,1,0.0,0.0,0.4,0.4,0,0,0,0.00,0.00,0.00,0.00,0.00,0.00,0.01,0.01,0.00,0.01
Wilson Manafá,pt POR,DF MF,Granada,29,1994,4,3,240,02.juil,0,0,0,0,0,0,1,0,0.0,0.0,0.3,0.3,5,4,6,0.00,0.00,0.00,0.00,0.00,0.00,0.11,0.11,0.00,0.11
Reinildo Mandava,mz MOZ,DF,Atlético Madrid,29,1994,16,7,731,08.janv,2,1,3,2,0,0,2,0,0.9,0.9,0.6,01.mai,10,36,17,0.25,0.12,0.37,0.25,0.37,0.10,0.08,0.18,0.10,0.18
Aïssa Mandi,dz ALG,DF,Villarreal,31,1991,16,12,1 113,12.avr,1,0,1,1,0,0,3,0,0.6,0.6,0.7,01.mars,6,55,4,0.08,0.00,0.08,0.08,0.08,0.05,0.05,0.10,0.05,0.10
Javier Manquillo,es ESP,DF MF,Celta Vigo,29,1994,12,10,744,08.mars,0,1,1,0,0,0,3,0,0.1,0.1,0.2,0.3,5,25,16,0.00,0.12,0.12,0.00,0.12,0.01,0.02,0.04,0.01,0.04
Faitout Maouassa,fr FRA,DF MF,Granada,25,1998,6,2,229,02.mai,0,1,1,0,0,0,0,0,0.2,0.2,0.5,0.7,8,6,15,0.00,0.39,0.39,0.00,0.39,0.06,0.18,0.24,0.06,0.24
Marcão,br BRA,DF,Sevilla,27,1996,7,3,355,03.sept,0,0,0,0,0,0,2,0,0.0,0.0,0.2,0.2,3,12,0,0.00,0.00,0.00,0.00,0.00,0.00,0.05,0.05,0.00,0.05
Óscar de Marcos,es ESP,DF,Athletic Club,34,1989,28,26,2 258,25.janv,1,5,6,1,0,0,5,0,0.6,0.6,03.janv,03.juil,51,143,125,0.04,0.20,0.24,0.04,0.24,0.03,0.12,0.15,0.03,0.15
Player,Nation,Pos,Squad,Age,Born,MP,Starts,Min,90s,Gls,Ast,G+A,G-PK,PK,PKatt,CrdY,CrdR,xG,npxG,xAG,npxG+xAG,PrgC,PrgP,PrgR,Gls,Ast,G+A,G-PK,G+A-PK,xG,xAG,xG+xAG,npxG,npxG+xAG
Alberto Marí,es ESP,FW,Valencia,22,2001,16,2,276,03.janv,1,1,2,0,1,1,0,0,01.août,01.févr,0.9,2.0,2,6,13,0.33,0.33,0.65,0.00,0.33,0.60,0.28,0.88,0.39,0.67
José Mari,es ESP,MF FW,Cádiz,35,1987,3,0,14,0.2,0,0,0,0,0,0,1,0,0.0,0.0,0.0,0.0,0,1,1,0.00,0.00,0.00,0.00,0.00,0.00,0.18,0.18,0.00,0.18
José María Giménez,uy URU,DF,Atlético Madrid,28,1995,22,14,1 326,14.juil,0,0,0,0,0,0,5,0,0.4,0.4,0.1,0.5,2,26,1,0.00,0.00,0.00,0.00,0.00,0.03,0.00,0.03,0.03,0.03
Mariano,do DOM,FW MF,Sevilla,29,1993,9,2,244,02.juil,0,0,0,0,0,0,1,0,01.févr,01.févr,0.1,01.mars,3,6,17,0.00,0.00,0.00,0.00,0.00,0.45,0.02,0.48,0.45,0.48
Rafa Marín ,es ESP,DF,Alavés,21,2002,33,27,2 443,27.janv,0,0,0,0,0,0,6,0,0.7,0.7,0.3,1.0,13,77,6,0.00,0.00,0.00,0.00,0.00,0.03,0.01,0.04,0.03,0.04
Diego Mariño,es ESP,GK,Almería,33,1990,1,1,90,1.0,0,0,0,0,0,0,0,0,0.0,0.0,0.0,0.0,0,0,0,0.00,0.00,0.00,0.00,0.00,0.00,0.00,0.00,0.00,0.00
Mika Mármol,es ESP,DF,Las Palmas,22,2001,36,36,3 178,35.3,0,1,1,0,0,0,6,1,0.2,0.2,1.0,01.janv,36,142,13,0.00,0.03,0.03,0.00,0.03,0.00,0.03,0.03,0.00,0.03
Unai Marrero,es ESP,GK,Real Sociedad,21,2001,2,1,142,01.juin,0,0,0,0,0,0,0,0,0.0,0.0,0.0,0.0,0,0,0,0.00,0.00,0.00,0.00,0.00,0.00,0.00,0.00,0.00,0.00
Roger Martí,es ESP,FW,Cádiz,32,1991,23,18,1 359,15.janv,2,3,5,2,0,0,3,0,02.août,02.août,02.sept,05.juin,7,19,64,0.13,0.20,0.33,0.13,0.33,0.18,0.19,0.37,0.18,0.37
Iván Martín,es ESP,MF,Girona,24,1999,36,33,2 729,30.mars,5,4,9,5,0,0,5,0,02.sept,02.sept,03.avr,06.mars,84,143,109,0.16,0.13,0.30,0.16,0.30,0.09,0.11,0.21,0.09,0.21
Jon Martin,es ESP,DF,Real Sociedad,17,2006,1,0,24,0.3,0,0,0,0,0,0,0,0,0.0,0.0,0.0,0.0,0,0,0,0.00,0.00,0.00,0.00,0.00,0.00,0.00,0.00,0.00,0.00
Mario Martín,es ESP,MF,Real Madrid,19,2004,2,0,18,0.2,0,0,0,0,0,0,0,0,0.0,0.0,0.0,0.0,0,0,1,0.00,0.00,0.00,0.00,0.00,0.00,0.00,0.00,0.00,0.00
Arnau Martinez,es ESP,DF,Girona,20,2003,21,14,1 241,13.août,0,2,2,0,0,0,5,0,0.2,0.2,01.avr,01.juin,29,68,16,0.00,0.15,0.15,0.00,0.15,0.01,0.10,0.12,0.01,0.12
Iñigo Martínez,es ESP,DF,Barcelona,32,1991,20,13,1 296,14.avr,0,0,0,0,0,0,5,0,0.4,0.4,0.0,0.4,33,97,5,0.00,0.00,0.00,0.00,0.00,0.03,0.00,0.03,0.03,0.03
Marc Martínez,es ESP,GK,Granada,33,1990,3,3,270,3.0,0,0,0,0,0,0,0,0,0.0,0.0,0.0,0.0,0,0,0,0.00,0.00,0.00,0.00,0.00,0.00,0.00,0.00,0.00,0.00
Marvin,es ESP,FW DF,Las Palmas,23,2000,31,17,1 855,20.juin,0,2,2,0,0,0,5,0,0.9,0.9,02.mai,03.mai,60,36,177,0.00,0.10,0.10,0.00,0.10,0.05,0.12,0.17,0.05,0.17
Omar Mascarell,gq EQG,MF,Mallorca,30,1993,29,18,1 571,17.mai,0,0,0,0,0,0,8,1,0.4,0.4,0.0,0.4,12,67,11,0.00,0.00,0.00,0.00,0.00,0.02,0.00,0.02,0.02,0.02
Jaime Mata,es ESP,FW MF,Getafe,34,1988,35,22,1 787,19.sept,5,1,6,5,0,0,10,1,05.juin,05.juin,01.mai,07.févr,16,19,138,0.25,0.05,0.30,0.25,0.30,0.28,0.08,0.36,0.28,0.36
Luís Maximiano,pt POR,GK,Almería,24,1999,33,33,2 97,33.0,0,0,0,0,0,0,1,0,0.0,0.0,0.0,0.0,0,0,0,0.00,0.00,0.00,0.00,0.00,0.00,0.00,0.00,0.00,0.00
Borja Mayoral,es ESP,FW,Getafe,26,1997,27,25,2 153,23.sept,15,1,16,11,4,4,2,0,11.sept,08.juil,01.avr,10.janv,27,67,100,0.63,0.04,0.67,0.46,0.50,0.50,0.06,0.55,0.36,0.42
Mamadou Mbaye,sn SEN,DF,Cádiz,25,1998,4,2,288,03.févr,0,0,0,0,0,0,2,0,0.3,0.3,0.0,0.3,0,4,0,0.00,0.00,0.00,0.00,0.00,0.11,0.00,0.11,0.11,0.11
Hannibal Mejbri,tn TUN,MF,Sevilla,20,2003,6,1,104,01.févr,0,0,0,0,0,0,2,0,0.0,0.0,0.5,0.5,1,5,6,0.00,0.00,0.00,0.00,0.00,0.01,0.39,0.40,0.01,0.40
Óscar Melendo,es ESP,MF FW,Granada,25,1997,26,15,1 122,12.mai,0,0,0,0,0,0,2,0,0.4,0.4,0.5,0.9,21,38,33,0.00,0.00,0.00,0.00,0.00,0.04,0.04,0.07,0.04,0.07
Gonzalo Melero,es ESP,MF FW,Almería,29,1994,28,10,1 103,12.mars,1,1,2,1,0,0,3,0,2.0,2.0,01.févr,03.févr,23,49,33,0.08,0.08,0.16,0.08,0.16,0.16,0.10,0.26,0.16,0.26
Memphis,nl NED,FW,Atlético Madrid,29,1994,23,9,893,09.sept,5,1,6,5,0,0,2,0,05.août,05.août,01.août,07.juin,16,27,82,0.50,0.10,0.60,0.50,0.60,0.58,0.18,0.76,0.58,0.76
Player,Nation,Pos,Squad,Age,Born,MP,Starts,Min,90s,Gls,Ast,G+A,G-PK,PK,PKatt,CrdY,CrdR,xG,npxG,xAG,npxG+xAG,PrgC,PrgP,PrgR,Gls,Ast,G+A,G-PK,G+A-PK,xG,xAG,xG+xAG,npxG,npxG+xAG
Houboulang Mendes,gw GNB,DF,Almería,25,1998,7,4,396,04.avr,0,0,0,0,0,0,0,0,0.0,0.0,0.0,0.0,5,9,6,0.00,0.00,0.00,0.00,0.00,0.00,0.01,0.01,0.00,0.01
Tomás Mendes,es ESP,MF,Alavés,18,2004,1,0,6,0.1,0,0,0,0,0,0,0,0,0.0,0.0,0.0,0.0,0,0,0,0.00,0.00,0.00,0.00,0.00,0.00,0.00,0.00,0.00,0.00
Brais Méndez,es ESP,MF FW,Real Sociedad,26,1997,32,27,2 413,26.août,5,6,11,5,0,0,7,0,04.févr,04.févr,04.févr,08.avr,45,128,121,0.19,0.22,0.41,0.19,0.41,0.16,0.16,0.31,0.16,0.31
Bruno Méndez,uy URU,DF,Granada,23,1999,17,15,1 333,14.août,2,0,2,2,0,0,4,0,0.6,0.6,0.1,0.7,8,47,14,0.14,0.00,0.14,0.14,0.14,0.04,0.01,0.05,0.04,0.05
Diego Méndez,es ESP,MF,Rayo Vallecano,19,2003,1,0,5,0.1,0,0,0,0,0,0,0,0,0.0,0.0,0.0,0.0,1,1,0,0.00,0.00,0.00,0.00,0.00,0.00,0.00,0.00,0.00,0.00
Ferland Mendy,fr FRA,DF,Real Madrid,28,1995,23,21,1 72,19.janv,0,0,0,0,0,0,5,0,0.2,0.2,0.9,01.janv,19,84,96,0.00,0.00,0.00,0.00,0.00,0.01,0.05,0.06,0.01,0.06
Jorge Meré,es ESP,DF,Cádiz,26,1997,10,8,673,07.mai,0,0,0,0,0,0,0,0,0.2,0.2,0.0,0.2,2,15,0,0.00,0.00,0.00,0.00,0.00,0.02,0.00,0.02,0.02,0.02
Mikel Merino,es ESP,MF,Real Sociedad,27,1996,32,27,2 482,27.juin,5,3,8,5,0,0,10,0,03.mars,03.mars,01.sept,05.févr,26,163,99,0.18,0.11,0.29,0.18,0.29,0.12,0.07,0.19,0.12,0.19
Omenuke Mfulu,cd COD,MF FW,Las Palmas,29,1994,5,1,82,0.9,0,0,0,0,0,0,1,0,0.0,0.0,0.0,0.0,1,1,0,0.00,0.00,0.00,0.00,0.00,0.00,0.00,0.00,0.00,0.00
Miguel,es ESP,FW MF,Alavés,23,1999,3,1,65,0.7,0,0,0,0,0,0,0,0,0.1,0.1,0.0,0.1,1,0,3,0.00,0.00,0.00,0.00,0.00,0.13,0.00,0.13,0.13,0.13
Éder Militão,br BRA,DF,Real Madrid,25,1998,10,6,496,05.mai,0,0,0,0,0,0,0,0,0.1,0.1,0.0,0.1,7,15,2,0.00,0.00,0.00,0.00,0.00,0.02,0.00,0.02,0.02,0.02
Luis Milla,es ESP,MF,Getafe,28,1994,27,25,2 115,23.mai,0,1,1,0,0,0,6,0,0.6,0.6,01.juil,02.mars,31,121,35,0.00,0.04,0.04,0.00,0.04,0.03,0.07,0.10,0.03,0.10
Marko Milovanović,rs SRB,FW MF,Almería,19,2003,11,2,308,03.avr,1,0,1,1,0,0,0,0,01.mai,01.mai,0.1,01.juin,2,3,13,0.29,0.00,0.29,0.29,0.29,0.45,0.03,0.47,0.45,0.47
Óscar Mingueza,es ESP,DF MF,Celta Vigo,24,1999,38,33,2 998,33.3,2,2,4,2,0,0,4,0,02.juin,02.juin,03.sept,06.mai,74,170,134,0.06,0.06,0.12,0.06,0.12,0.08,0.12,0.20,0.08,0.20
Ignasi Miquel,es ESP,DF,Granada,30,1992,34,33,2 992,33.2,1,1,2,1,0,0,5,0,01.avr,01.avr,01.févr,02.mai,8,83,8,0.03,0.03,0.06,0.03,0.06,0.04,0.04,0.08,0.04,0.08
Rafa Mir,es ESP,FW MF,Sevilla,26,1997,15,3,391,04.mars,2,0,2,2,0,0,1,0,01.avr,01.avr,0.3,01.juil,3,2,16,0.46,0.00,0.46,0.46,0.46,0.33,0.07,0.39,0.33,0.39
Juan Miranda,es ESP,DF,Betis,23,2000,25,21,1 858,20.juin,1,1,2,1,0,0,8,0,01.juin,01.juin,01.sept,03.juin,35,103,95,0.05,0.05,0.10,0.05,0.10,0.08,0.09,0.17,0.08,0.17
Stefan Mitrović,rs SRB,DF,Getafe,33,1990,11,9,699,07.août,1,0,1,1,0,0,3,0,0.1,0.1,0.3,0.4,4,19,2,0.13,0.00,0.13,0.13,0.13,0.01,0.04,0.05,0.01,0.05
Luka Modrić,hr CRO,MF,Real Madrid,37,1985,32,18,1 688,18.août,2,6,8,2,0,0,2,0,01.mars,01.mars,05.mai,06.août,53,196,85,0.11,0.32,0.43,0.11,0.43,0.07,0.30,0.37,0.07,0.37
Johan Mojica,co COL,DF,Osasuna,30,1992,30,22,2 041,22.juil,0,3,3,0,0,0,1,0,1.0,1.0,02.juin,03.juin,57,82,117,0.00,0.13,0.13,0.00,0.13,0.04,0.11,0.16,0.04,0.16
Alberto Moleiro,es ESP,FW MF,Las Palmas,19,2003,28,21,1 803,20.0,3,3,6,3,0,0,1,0,2.0,2.0,02.juil,04.juin,86,87,184,0.15,0.15,0.30,0.15,0.30,0.10,0.13,0.23,0.10,0.23
Nahuel Molina,ar ARG,DF,Atlético Madrid,25,1998,30,19,1 852,20.juin,2,3,5,2,0,0,4,1,01.mars,01.mars,02.sept,04.févr,47,68,170,0.10,0.15,0.24,0.10,0.24,0.06,0.14,0.20,0.06,0.20
Jon Moncayola,es ESP,MF,Osasuna,25,1998,33,21,1 8,20.0,1,3,4,1,0,0,2,1,0.6,0.6,02.mars,02.sept,14,99,46,0.05,0.15,0.20,0.05,0.20,0.03,0.11,0.14,0.03,0.14
César Montes,mx MEX,DF,Almería,26,1997,21,21,1 788,19.sept,0,0,0,0,0,0,5,0,0.7,0.7,0.2,0.9,7,52,2,0.00,0.00,0.00,0.00,0.00,0.04,0.01,0.04,0.04,0.04
Álvaro Morata,es ESP,FW,Atlético Madrid,30,1992,32,21,1 904,21.févr,15,3,18,15,0,1,4,1,13.août,12.sept,01.juil,14.juin,22,20,88,0.71,0.14,0.85,0.71,0.85,0.65,0.08,0.73,0.61,0.69
Player,Nation,Pos,Squad,Age,Born,MP,Starts,Min,90s,Gls,Ast,G+A,G-PK,PK,PKatt,CrdY,CrdR,xG,npxG,xAG,npxG+xAG,PrgC,PrgP,PrgR,Gls,Ast,G+A,G-PK,G+A-PK,xG,xAG,xG+xAG,npxG,npxG+xAG
Alberto Moreno,es ESP,DF,Villarreal,31,1992,27,17,1 484,16.mai,2,2,4,2,0,0,5,2,0.7,0.7,01.juin,02.avr,26,55,79,0.12,0.12,0.24,0.12,0.24,0.04,0.10,0.14,0.04,0.14
Gerard Moreno,es ESP,FW,Villarreal,31,1992,30,28,2 215,24.juin,10,6,16,8,2,3,0,0,09.juil,07.mars,05.mars,12.juin,48,155,199,0.41,0.24,0.65,0.33,0.57,0.39,0.22,0.61,0.30,0.51
Jorge Moreno,es ESP,DF,Osasuna,22,2001,1,0,15,0.2,0,0,0,0,0,0,0,0,0.0,0.0,0.0,0.0,0,0,0,0.00,0.00,0.00,0.00,0.00,0.00,0.00,0.00,0.00,0.00
Ilaix Moriba,gn GUI,MF FW,Getafe,20,2003,14,8,605,06.juil,0,2,2,0,0,0,5,1,0.3,0.3,0.6,0.9,8,21,19,0.00,0.30,0.30,0.00,0.30,0.05,0.09,0.14,0.05,0.14
Manu Morlanes,es ESP,MF,Mallorca,24,1999,35,16,1 615,17.sept,0,2,2,0,0,0,2,0,1.0,1.0,2.0,3.0,29,104,31,0.00,0.11,0.11,0.00,0.11,0.06,0.11,0.17,0.06,0.17
Cristhian Mosquera,es ESP,DF,Valencia,19,2004,36,33,3 075,34.2,0,0,0,0,0,0,2,0,0.7,0.7,0.0,0.7,14,77,4,0.00,0.00,0.00,0.00,0.00,0.02,0.00,0.02,0.02,0.02
Yerson Mosquera,co COL,DF,Villarreal,22,2001,16,14,1 229,13.juil,2,1,3,2,0,0,4,0,01.juin,01.juin,0.3,01.sept,8,36,12,0.15,0.07,0.22,0.15,0.22,0.11,0.02,0.14,0.11,0.14
Abdul Mumin,gh GHA,DF,Rayo Vallecano,25,1998,20,19,1 694,18.août,1,0,1,1,0,0,5,1,0.4,0.4,0.3,0.7,6,38,4,0.05,0.00,0.05,0.05,0.05,0.02,0.01,0.03,0.02,0.03
Iker Muniain,es ESP,MF FW,Athletic Club,30,1992,20,5,594,06.juin,2,0,2,2,0,0,1,0,01.juil,01.juil,0.4,02.févr,18,43,50,0.30,0.00,0.30,0.30,0.30,0.26,0.06,0.33,0.26,0.33
Aihen Muñoz,es ESP,DF,Real Sociedad,25,1997,21,11,1 127,12.mai,0,2,2,0,0,0,2,0,0.3,0.3,2.0,02.févr,24,39,23,0.00,0.16,0.16,0.00,0.16,0.02,0.16,0.18,0.02,0.18
Iker Muñoz,es ESP,MF,Osasuna,20,2002,28,20,1 854,20.juin,4,0,4,4,0,0,5,0,01.janv,01.janv,0.2,01.févr,17,80,23,0.19,0.00,0.19,0.19,0.19,0.05,0.01,0.06,0.05,0.06
Javier Muñoz,es ESP,MF,Las Palmas,28,1995,37,30,2 64,29.mars,2,3,5,2,0,0,6,0,02.mai,02.mai,01.avr,4.0,33,122,126,0.07,0.10,0.17,0.07,0.17,0.09,0.05,0.14,0.09,0.14
Vedat Muriqi,xk KVX,FW,Mallorca,29,1994,29,25,2 327,25.sept,7,2,9,6,1,3,5,0,10.avr,8.0,02.juin,10.juin,20,40,134,0.27,0.08,0.35,0.23,0.31,0.40,0.10,0.50,0.31,0.41
Nacho,es ESP,DF,Real Madrid,33,1990,29,18,1 746,19.avr,0,1,1,0,0,0,4,2,0.5,0.5,01.févr,01.juil,13,55,9,0.00,0.05,0.05,0.00,0.05,0.03,0.06,0.09,0.03,0.09
Matija Nastasić,rs SRB,DF,Mallorca,30,1993,26,25,2 258,25.janv,2,0,2,2,0,0,8,0,1.0,1.0,0.6,01.juin,11,64,4,0.08,0.00,0.08,0.08,0.08,0.04,0.02,0.06,0.04,0.06
Roberto Navarro,es ESP,MF FW,Cádiz,21,2002,28,24,1 888,21.0,1,1,2,1,0,0,0,1,02.janv,02.janv,03.janv,05.mars,81,70,119,0.05,0.05,0.10,0.05,0.10,0.10,0.15,0.25,0.10,0.25
Jesús Navas,es ESP,DF,Sevilla,37,1985,29,25,2 003,22.mars,0,2,2,0,0,0,6,1,0.1,0.1,01.sept,02.janv,54,103,141,0.00,0.09,0.09,0.00,0.09,0.01,0.09,0.09,0.01,0.09
Álvaro Negredo,es ESP,FW MF,Cádiz,37,1985,7,0,54,0.6,0,0,0,0,0,0,0,0,0.1,0.1,0.1,0.2,0,0,0,0.00,0.00,0.00,0.00,0.00,0.16,0.13,0.28,0.16,0.28
Carlos Neva,es ESP,DF,Granada,27,1996,36,36,3 146,35.0,0,2,2,0,0,0,4,0,0.1,0.1,03.févr,03.mars,43,111,98,0.00,0.06,0.06,0.00,0.06,0.00,0.09,0.10,0.00,0.10
Tanguy Nianzou,fr FRA,DF,Sevilla,21,2002,8,3,318,03.mai,0,0,0,0,0,0,3,0,0.0,0.0,0.0,0.0,2,14,1,0.00,0.00,0.00,0.00,0.00,0.01,0.00,0.01,0.01,0.01
Saúl Ñíguez,es ESP,MF,Atlético Madrid,28,1994,34,14,1 374,15.mars,1,4,5,1,0,0,10,1,01.mai,01.mai,03.févr,04.juin,21,34,43,0.07,0.26,0.33,0.07,0.33,0.10,0.21,0.30,0.10,0.30
Peru Nolaskoain,es ESP,DF MF,Athletic Club,24,1998,2,0,10,0.1,0,0,0,0,0,0,0,0,0.0,0.0,0.0,0.0,0,0,0,0.00,0.00,0.00,0.00,0.00,0.00,0.00,0.00,0.00,0.00
Randy Nteka,ao ANG,FW MF,Rayo Vallecano,25,1997,16,3,572,06.avr,1,1,2,0,1,1,3,0,02.mars,01.mai,0.9,02.mai,12,15,35,0.16,0.16,0.31,0.00,0.16,0.37,0.15,0.51,0.24,0.39
Unai Núñez,es ESP,DF,Celta Vigo,26,1997,34,31,2 801,31.janv,1,0,1,1,0,0,4,0,01.avr,01.avr,0.8,02.févr,10,106,2,0.03,0.00,0.03,0.03,0.03,0.05,0.02,0.07,0.05,0.07
Ørjan Nyland,no NOR,GK,Sevilla,32,1990,24,24,2 16,24.0,0,0,0,0,0,0,1,0,0.0,0.0,0.4,0.4,0,0,1,0.00,0.00,0.00,0.00,0.00,0.00,0.02,0.02,0.00,0.02
Player,Nation,Pos,Squad,Age,Born,MP,Starts,Min,90s,Gls,Ast,G+A,G-PK,PK,PKatt,CrdY,CrdR,xG,npxG,xAG,npxG+xAG,PrgC,PrgP,PrgR,Gls,Ast,G+A,G-PK,G+A-PK,xG,xAG,xG+xAG,npxG,npxG+xAG
Jan Oblak,si SVN,GK,Atlético Madrid,30,1993,38,38,3 42,38.0,0,0,0,0,0,0,1,0,0.0,0.0,0.0,0.0,0,0,0,0.00,0.00,0.00,0.00,0.00,0.00,0.00,0.00,0.00,0.00
Brian Ocampo,uy URU,MF FW,Cádiz,24,1999,13,1,248,02.août,1,0,1,1,0,0,2,0,0.3,0.3,0.1,0.3,18,9,25,0.36,0.00,0.36,0.36,0.36,0.10,0.03,0.13,0.10,0.13
Lucas Ocampos,ar ARG,FW MF,Sevilla,29,1994,35,34,2 871,31.9,4,3,7,3,1,1,8,0,05.avr,04.juin,04.mai,09.janv,117,124,265,0.13,0.09,0.22,0.09,0.19,0.17,0.14,0.31,0.14,0.29
Álvaro Odriozola,es ESP,DF,Real Sociedad,27,1995,9,6,393,04.avr,0,0,0,0,0,0,0,0,0.0,0.0,0.2,0.2,14,8,12,0.00,0.00,0.00,0.00,0.00,0.00,0.04,0.04,0.00,0.04
Aingeru Olabarrieta,es ESP,FW,Athletic Club,17,2005,1,0,9,0.1,0,0,0,0,0,0,0,0,0.0,0.0,0.0,0.0,1,0,0,0.00,0.00,0.00,0.00,0.00,0.12,0.00,0.12,0.12,0.12
Olasagasti,es ESP,MF,Real Sociedad,22,2000,14,2,360,4.0,0,0,0,0,0,0,3,0,0.9,0.9,0.3,01.févr,8,13,12,0.00,0.00,0.00,0.00,0.00,0.21,0.09,0.30,0.21,0.30
Samu Omorodion,es ESP,FW,Alavés,19,2004,34,21,1 918,21.mars,8,1,9,8,0,0,6,0,10.août,10.août,01.mars,12.0,30,18,100,0.38,0.05,0.42,0.38,0.42,0.51,0.06,0.56,0.51,0.56
Samu Omorodion,es ESP,FW,Granada,19,2004,1,1,80,0.9,1,0,1,1,0,0,0,0,0.7,0.7,0.0,0.7,0,0,3,janv.13,0.00,janv.13,janv.13,janv.13,0.78,0.05,0.84,0.78,0.84
Aimar Oroz,es ESP,MF,Osasuna,21,2001,33,26,2 339,26.0,2,1,3,1,1,1,3,0,03.mai,02.août,01.juin,04.avr,52,103,126,0.08,0.04,0.12,0.04,0.08,0.14,0.06,0.20,0.11,0.17
Eneko Ortiz,es ESP,DF,Alavés,20,2003,1,0,14,0.2,0,0,0,0,0,0,0,0,0.0,0.0,0.0,0.0,1,1,1,0.00,0.00,0.00,0.00,0.00,0.00,0.00,0.00,0.00,0.00
Asier Osambela,es ESP,MF,Osasuna,19,2004,1,0,9,0.1,0,0,0,0,0,0,0,0,0.0,0.0,0.0,0.0,0,0,1,0.00,0.00,0.00,0.00,0.00,0.00,0.00,0.00,0.00,0.00
Milutin Osmajić,me MNE,MF,Cádiz,24,1999,1,0,5,0.1,0,0,0,0,0,0,0,0,0.1,0.1,0.0,0.1,0,0,0,0.00,0.00,0.00,0.00,0.00,janv.46,0.80,févr.26,janv.46,févr.26
Aiham Ousou,sy SYR,DF,Cádiz,23,2000,6,5,430,04.août,0,0,0,0,0,0,0,0,0.2,0.2,0.0,0.2,2,7,0,0.00,0.00,0.00,0.00,0.00,0.04,0.00,0.04,0.04,0.04
Jesús Owono,gq EQG,GK,Alavés,22,2001,4,4,360,4.0,0,0,0,0,0,0,1,0,0.0,0.0,0.0,0.0,0,0,0,0.00,0.00,0.00,0.00,0.00,0.00,0.00,0.00,0.00,0.00
Mikel Oyarzabal,es ESP,FW MF,Real Sociedad,26,1997,33,23,2 156,24.0,9,3,12,7,2,2,3,0,09.janv,07.mai,01.juil,09.févr,27,39,126,0.38,0.13,0.50,0.29,0.42,0.38,0.07,0.45,0.31,0.39
Cenk Özkacar,tr TUR,DF,Valencia,22,2000,23,18,1 598,17.août,0,0,0,0,0,0,3,0,0.3,0.3,0.1,0.3,17,56,5,0.00,0.00,0.00,0.00,0.00,0.01,0.00,0.02,0.01,0.02
Jon Pacheco,es ESP,DF,Real Sociedad,22,2001,23,16,1 526,17.0,1,1,2,1,0,0,8,0,01.janv,01.janv,0.2,01.mars,9,53,1,0.06,0.06,0.12,0.06,0.12,0.06,0.01,0.08,0.06,0.08
Isaac Palazón Camacho,es ESP,MF FW,Rayo Vallecano,28,1994,37,34,2 791,31.0,4,1,5,2,2,2,8,0,05.sept,04.avr,01.sept,06.mars,40,128,152,0.13,0.03,0.16,0.06,0.10,0.19,0.06,0.25,0.14,0.20
Joaquín Panichelli,ar ARG,FW MF,Alavés,20,2002,8,2,226,02.mai,0,0,0,0,0,0,0,0,0.6,0.6,0.1,0.7,3,6,10,0.00,0.00,0.00,0.00,0.00,0.22,0.04,0.26,0.22,0.26
Sokratis Papastathopoulos,gr GRE,DF,Betis,35,1988,15,12,1 136,12.juin,0,0,0,0,0,0,6,0,0.3,0.3,0.0,0.3,1,13,1,0.00,0.00,0.00,0.00,0.00,0.02,0.00,0.02,0.02,0.02
Victor Parada,es ESP,FW MF,Alavés,21,2002,2,0,3,0.0,0,0,0,0,0,0,0,0,0.0,0.0,0.0,0.0,0,0,0,0.00,0.00,0.00,0.00,0.00,0.00,0.00,0.00,0.00,0.00
Aitor Paredes,es ESP,DF,Athletic Club,23,2000,34,31,2 704,30.0,1,0,1,1,0,0,9,1,01.févr,01.févr,0.2,01.avr,6,107,1,0.03,0.00,0.03,0.03,0.03,0.04,0.01,0.05,0.04,0.05
Daniel Parejo,es ESP,MF,Villarreal,34,1989,33,29,2 58,28.juil,3,5,8,0,3,3,4,0,02.sept,0.6,3.0,03.juin,11,210,28,0.10,0.17,0.28,0.00,0.17,0.10,0.10,0.21,0.02,0.12
Pascu,es ESP,FW,Villarreal,20,2003,1,0,14,0.2,0,0,0,0,0,0,0,0,0.0,0.0,0.0,0.0,0,2,1,0.00,0.00,0.00,0.00,0.00,0.00,0.00,0.00,0.00,0.00
Gabriel Paulista,br BRA,DF,Atlético Madrid,32,1990,5,5,405,04.mai,0,0,0,0,0,0,1,0,0.2,0.2,0.1,0.3,1,7,0,0.00,0.00,0.00,0.00,0.00,0.04,0.02,0.06,0.04,0.06
Player,Nation,Pos,Squad,Age,Born,MP,Starts,Min,90s,Gls,Ast,G+A,G-PK,PK,PKatt,CrdY,CrdR,xG,npxG,xAG,npxG+xAG,PrgC,PrgP,PrgR,Gls,Ast,G+A,G-PK,G+A-PK,xG,xAG,xG+xAG,npxG,npxG+xAG
Gabriel Paulista,br BRA,DF,Valencia,32,1990,18,16,1 398,15.mai,0,0,0,0,0,0,6,1,0.4,0.4,0.2,0.6,2,33,2,0.00,0.00,0.00,0.00,0.00,0.02,0.01,0.04,0.02,0.04
Nicolás Paz,ar ARG,MF FW,Real Madrid,18,2004,4,0,23,0.3,0,0,0,0,0,0,0,0,0.1,0.1,0.0,0.1,3,6,2,0.00,0.00,0.00,0.00,0.00,0.31,0.00,0.31,0.31,0.31
Alfonso Pedraza,es ESP,DF,Villarreal,27,1996,19,14,1 116,12.avr,1,3,4,1,0,0,4,1,0.6,0.6,03.juin,04.févr,56,31,97,0.08,0.24,0.32,0.08,0.32,0.05,0.29,0.34,0.05,0.34
Pedri,es ESP,MF FW,Barcelona,20,2002,24,16,1 476,16.avr,4,2,6,4,0,0,3,0,03.janv,03.janv,04.févr,07.mars,41,136,81,0.24,0.12,0.37,0.24,0.37,0.19,0.25,0.44,0.19,0.44
Adrià Pedrosa,es ESP,DF,Sevilla,25,1998,31,15,1 753,19.mai,1,4,5,1,0,0,1,0,0.7,0.7,03.févr,03.sept,46,61,109,0.05,0.21,0.26,0.05,0.26,0.04,0.16,0.20,0.04,0.20
Pejiño,es ESP,FW,Las Palmas,27,1996,17,6,504,05.juin,2,0,2,2,0,0,1,0,01.mars,01.mars,0.6,01.sept,17,20,66,0.36,0.00,0.36,0.36,0.36,0.23,0.11,0.34,0.23,0.34
Facundo Pellistri,uy URU,MF FW,Granada,21,2001,15,14,1 232,13.juil,2,1,3,2,0,0,2,1,02.mai,02.mai,01.févr,03.juil,33,22,96,0.15,0.07,0.22,0.15,0.22,0.18,0.09,0.27,0.18,0.27
Iñaki Peña ,es ESP,GK,Barcelona,24,1999,10,10,900,10.0,0,0,0,0,0,0,0,0,0.0,0.0,0.0,0.0,0,0,0,0.00,0.00,0.00,0.00,0.00,0.00,0.00,0.00,0.00,0.00
Marcos Peña,es ESP,MF,Almería,18,2005,7,4,441,04.sept,0,0,0,0,0,0,3,0,0.2,0.2,0.0,0.2,0,10,0,0.00,0.00,0.00,0.00,0.00,0.04,0.01,0.04,0.04,0.04
Rubén Peña,es ESP,DF FW,Osasuna,32,1991,29,26,2 088,23.févr,0,2,2,0,0,0,3,0,0.9,0.9,02.juin,03.mai,62,78,147,0.00,0.09,0.09,0.00,0.09,0.04,0.11,0.15,0.04,0.15
Alberto Perea,es ESP,MF FW,Granada,32,1990,2,0,2,0.0,0,0,0,0,0,0,0,0,0.0,0.0,0.1,0.1,0,2,1,0.00,0.00,0.00,0.00,0.00,0.00,avr.87,avr.87,0.00,avr.87
Ayoze Pérez,es ESP,FW,Betis,30,1993,31,29,2 294,25.mai,9,1,10,9,0,0,4,0,07.avr,07.avr,03.sept,11.mars,90,80,175,0.35,0.04,0.39,0.35,0.39,0.29,0.15,0.44,0.29,0.44
Carles Pérez,es ESP,MF DF,Celta Vigo,25,1998,16,7,772,08.juin,1,1,2,1,0,0,3,0,01.févr,01.févr,01.mars,02.avr,34,18,66,0.12,0.12,0.23,0.12,0.23,0.14,0.15,0.28,0.14,0.28
Francisco Perez,es ESP,MF FW,Valencia,20,2002,32,27,2 049,22.août,1,4,5,1,0,0,4,0,01.janv,01.janv,02.juin,03.juin,59,41,145,0.04,0.18,0.22,0.04,0.22,0.05,0.11,0.16,0.05,0.16
Kike Pérez,es ESP,MF FW,Rayo Vallecano,26,1997,24,9,835,09.mars,1,0,1,1,0,0,7,0,01.sept,01.sept,0.6,02.avr,17,47,42,0.11,0.00,0.11,0.11,0.11,0.20,0.06,0.26,0.20,0.26
Máximo Perrone,ar ARG,MF,Las Palmas,20,2003,29,20,1 623,18.0,0,0,0,0,0,0,6,0,0.2,0.2,0.5,0.8,12,78,22,0.00,0.00,0.00,0.00,0.00,0.01,0.03,0.04,0.01,0.04
Njegoš Petrović,rs SRB,MF FW,Granada,24,1999,10,0,157,01.juil,0,0,0,0,0,0,0,0,0.0,0.0,0.1,0.1,3,8,3,0.00,0.00,0.00,0.00,0.00,0.02,0.06,0.08,0.02,0.08
Germán Pezzella,ar ARG,DF,Betis,32,1991,32,32,2 767,30.juil,1,0,1,1,0,0,7,0,2.0,2.0,0.3,02.mars,5,64,1,0.03,0.00,0.03,0.03,0.03,0.07,0.01,0.08,0.07,0.08
Kamil Piątkowski,pl POL,DF,Granada,23,2000,9,6,505,05.juin,0,0,0,0,0,0,1,1,0.8,0.8,0.1,0.9,2,10,0,0.00,0.00,0.00,0.00,0.00,0.14,0.02,0.17,0.14,0.17
Yeremi Pino,es ESP,MF FW,Villarreal,20,2002,7,7,475,05.mars,0,0,0,0,0,0,4,0,01.avr,01.avr,0.2,01.juil,11,10,49,0.00,0.00,0.00,0.00,0.00,0.27,0.05,0.31,0.27,0.31
Portu,es ESP,FW,Getafe,31,1992,3,0,97,01.janv,0,0,0,0,0,0,1,0,0.2,0.2,0.2,0.3,3,3,3,0.00,0.00,0.00,0.00,0.00,0.15,0.14,0.29,0.15,0.29
Portu,es ESP,MF FW,Girona,31,1992,33,11,1 188,13.févr,7,5,12,7,0,0,3,0,03.avr,03.avr,03.mai,06.août,32,32,96,0.53,0.38,0.91,0.53,0.91,0.26,0.26,0.52,0.26,0.52
José Pozo,es ESP,MF,Rayo Vallecano,27,1996,2,0,19,0.2,0,0,0,0,0,0,0,0,0.0,0.0,0.0,0.0,0,1,2,0.00,0.00,0.00,0.00,0.00,0.00,0.00,0.00,0.00,0.00
Alejandro Pozo Pozo,es ESP,DF MF,Almería,24,1999,21,9,976,10.août,0,0,0,0,0,0,3,0,0.4,0.4,0.6,1.0,22,44,62,0.00,0.00,0.00,0.00,0.00,0.04,0.06,0.10,0.04,0.10
Beñat Prados,es ESP,MF DF,Athletic Club,22,2001,26,16,1 449,16.janv,0,0,0,0,0,0,1,0,0.5,0.5,0.5,1.0,23,87,30,0.00,0.00,0.00,0.00,0.00,0.03,0.03,0.06,0.03,0.06
Player,Nation,Pos,Squad,Age,Born,MP,Starts,Min,90s,Gls,Ast,G+A,G-PK,PK,PKatt,CrdY,CrdR,xG,npxG,xAG,npxG+xAG,PrgC,PrgP,PrgR,Gls,Ast,G+A,G-PK,G+A-PK,xG,xAG,xG+xAG,npxG,npxG+xAG
Abdón Prats,es ESP,FW MF,Mallorca,30,1992,34,11,1 27,14.janv,6,1,7,6,0,0,4,0,03.févr,03.févr,02.avr,05.juin,9,26,49,0.43,0.07,0.50,0.43,0.50,0.23,0.17,0.40,0.23,0.40
Marc Pubill,es ESP,DF,Almería,20,2003,23,22,1 883,20.sept,1,3,4,1,0,0,2,0,0.7,0.7,01.mai,02.févr,59,36,85,0.05,0.14,0.19,0.05,0.19,0.03,0.07,0.10,0.03,0.10
Antonio Puertas,es ESP,MF FW,Granada,31,1992,27,6,730,08.janv,0,2,2,0,0,2,3,1,03.févr,01.juin,0.6,02.févr,18,22,46,0.00,0.25,0.25,0.00,0.25,0.39,0.08,0.47,0.20,0.27
Arnau Puigmal,es ESP,FW DF,Almería,22,2001,11,3,255,02.août,0,0,0,0,0,0,3,0,0.0,0.0,0.3,0.3,4,8,17,0.00,0.00,0.00,0.00,0.00,0.00,0.10,0.10,0.00,0.10
Nemanja Radonjić,rs SRB,MF DF,Mallorca,27,1996,11,4,353,03.sept,0,0,0,0,0,0,0,0,01.juin,01.juin,0.6,02.févr,23,12,43,0.00,0.00,0.00,0.00,0.00,0.40,0.16,0.55,0.40,0.55
Aleksandar Radovanović,rs SRB,DF,Almería,29,1993,9,8,569,06.mars,0,0,0,0,0,0,2,0,0.0,0.0,0.0,0.1,0,5,1,0.00,0.00,0.00,0.00,0.00,0.01,0.00,0.01,0.01,0.01
Abdellah Raihani,ma MAR,FW,Atlético Madrid,19,2004,1,0,10,0.1,0,0,0,0,0,0,0,0,0.0,0.0,0.0,0.0,0,0,1,0.00,0.00,0.00,0.00,0.00,0.00,0.00,0.00,0.00,0.00
Antonio Raillo,es ESP,DF,Mallorca,31,1991,26,25,2 195,24.avr,3,2,5,3,0,0,6,1,01.avr,01.avr,2.0,03.avr,24,80,4,0.12,0.08,0.21,0.12,0.21,0.06,0.08,0.14,0.06,0.14
Predrag Rajković,rs SRB,GK,Mallorca,27,1995,36,36,3 24,36.0,0,0,0,0,0,0,2,0,0.0,0.0,0.2,0.2,0,0,0,0.00,0.00,0.00,0.00,0.00,0.00,0.01,0.01,0.00,0.01
Ivan Rakitić,hr CRO,MF,Sevilla,35,1988,18,16,1 425,15.août,2,1,3,2,0,0,6,0,01.mars,01.mars,3.0,04.mars,24,127,52,0.13,0.06,0.19,0.13,0.19,0.08,0.19,0.27,0.08,0.27
Largie Ramazani,be BEL,FW MF,Almería,22,2001,29,16,1 555,17.mars,3,5,8,3,0,0,11,2,04.juil,04.juil,05.juil,10.mai,59,42,104,0.17,0.29,0.46,0.17,0.46,0.27,0.33,0.60,0.27,0.60
Benito Ramírez,es ESP,FW MF,Las Palmas,28,1995,20,2,384,04.mars,1,1,2,1,0,0,0,0,0.4,0.4,0.5,0.9,13,5,46,0.23,0.23,0.47,0.23,0.47,0.09,0.13,0.22,0.09,0.22
Sandro Ramírez,es ESP,FW,Las Palmas,28,1995,27,21,1 808,20.janv,1,3,4,1,0,1,3,0,03.juil,3.0,02.juin,05.juin,61,54,209,0.05,0.15,0.20,0.05,0.20,0.19,0.13,0.32,0.15,0.28
Chris Ramos,es ESP,FW MF,Cádiz,26,1997,37,30,2 612,29.0,5,1,6,5,0,0,5,0,10.janv,10.janv,01.juil,11.juil,31,28,102,0.17,0.03,0.21,0.17,0.21,0.35,0.06,0.40,0.35,0.40
Sergio Ramos,es ESP,DF,Sevilla,37,1986,28,28,2 517,28.0,3,0,3,3,0,0,7,1,01.sept,01.sept,0.1,2.0,11,81,5,0.11,0.00,0.11,0.11,0.11,0.07,0.00,0.07,0.07,0.07
Raphinha,br BRA,FW MF,Barcelona,26,1996,28,17,1 368,15.févr,6,9,15,5,1,1,4,1,07.avr,06.juin,05.juil,12.mars,49,57,164,0.39,0.59,0.99,0.33,0.92,0.48,0.37,0.86,0.43,0.81
Andrei Ratiu,ro ROU,DF MF,Rayo Vallecano,25,1998,12,6,630,7.0,0,0,0,0,0,0,1,0,0.3,0.3,0.6,0.9,28,19,25,0.00,0.00,0.00,0.00,0.00,0.04,0.09,0.13,0.04,0.13
Raúl,es ESP,FW,Osasuna,22,2000,35,13,1 355,15.janv,6,1,7,6,0,0,4,0,04.sept,04.sept,0.6,05.mai,16,22,68,0.40,0.07,0.46,0.40,0.46,0.32,0.04,0.37,0.32,0.37
Abde Rebbach,dz ALG,FW MF,Alavés,24,1998,23,6,722,8.0,1,0,1,1,0,0,1,0,0.8,0.8,01.août,02.juin,34,14,78,0.12,0.00,0.12,0.12,0.12,0.10,0.22,0.33,0.10,0.33
Pepe Reina,es ESP,GK,Villarreal,40,1982,2,2,180,2.0,0,0,0,0,0,0,2,1,0.0,0.0,0.0,0.0,0,0,0,0.00,0.00,0.00,0.00,0.00,0.00,0.00,0.00,0.00,0.00
Álex Remiro,es ESP,GK,Real Sociedad,28,1995,37,37,3 275,36.4,0,0,0,0,0,0,3,1,0.0,0.0,0.0,0.0,0,1,0,0.00,0.00,0.00,0.00,0.00,0.00,0.00,0.00,0.00,0.00
Chadi Riad,ma MAR,DF,Betis,20,2003,26,24,2 164,24.0,0,0,0,0,0,0,1,0,0.7,0.7,0.2,0.9,4,34,1,0.00,0.00,0.00,0.00,0.00,0.03,0.01,0.04,0.03,0.04
Diego Rico,es ESP,DF,Getafe,30,1993,32,28,2 535,28.févr,0,7,7,0,0,0,10,0,0.3,0.3,03.août,04.janv,28,119,79,0.00,0.25,0.25,0.00,0.25,0.01,0.14,0.15,0.01,0.15
Luis Rioja,es ESP,FW MF,Alavés,29,1993,37,31,2 498,27.août,5,4,9,2,3,4,4,0,06.janv,3.0,03.sept,06.sept,70,77,173,0.18,0.14,0.32,0.07,0.22,0.22,0.14,0.36,0.11,0.25
Rodrigo Riquelme,es ESP,DF MF,Atlético Madrid,23,2000,34,17,1 528,17.0,3,5,8,3,0,0,1,0,02.juil,02.juil,03.janv,05.sept,87,53,166,0.18,0.29,0.47,0.18,0.47,0.16,0.18,0.35,0.16,0.35
Player,Nation,Pos,Squad,Age,Born,MP,Starts,Min,90s,Gls,Ast,G+A,G-PK,PK,PKatt,CrdY,CrdR,xG,npxG,xAG,npxG+xAG,PrgC,PrgP,PrgR,Gls,Ast,G+A,G-PK,G+A-PK,xG,xAG,xG+xAG,npxG,npxG+xAG
Alberto Risco,es ESP,MF,Getafe,17,2005,4,1,137,01.mai,0,0,0,0,0,0,0,0,0.1,0.1,0.3,0.4,3,6,14,0.00,0.00,0.00,0.00,0.00,0.05,0.21,0.26,0.05,0.26
Mihailo Ristić,rs SRB,DF MF,Celta Vigo,27,1995,12,9,808,9.0,0,0,0,0,0,0,2,0,0.3,0.3,0.1,0.5,24,30,42,0.00,0.00,0.00,0.00,0.00,0.04,0.01,0.05,0.04,0.05
Gorka Rivera Alonso,es ESP,DF,Getafe,18,2004,1,0,3,0.0,0,0,0,0,0,0,0,0,0.0,0.0,0.0,0.0,0,0,0,0.00,0.00,0.00,0.00,0.00,0.00,0.00,0.00,0.00,0.00
Sergi Roberto,es ESP,MF DF,Barcelona,31,1992,14,10,860,09.juin,3,2,5,3,0,0,4,0,01.juil,01.juil,0.8,02.avr,13,50,33,0.31,0.21,0.52,0.31,0.52,0.18,0.08,0.26,0.18,0.26
Lucas Robertone,ar ARG,MF,Almería,26,1997,33,29,2 381,26.mai,0,5,5,0,0,0,11,0,1.0,1.0,02.mai,03.mai,31,128,37,0.00,0.19,0.19,0.00,0.19,0.04,0.10,0.13,0.04,0.13
Marc Roca,es ESP,MF,Betis,26,1996,26,24,1 98,22.0,2,2,4,2,0,0,5,0,01.janv,01.janv,01.avr,02.mai,24,126,20,0.09,0.09,0.18,0.09,0.18,0.05,0.06,0.12,0.05,0.12
Sergio Rodelas,es ESP,FW DF,Granada,18,2004,3,2,122,01.avr,0,1,1,0,0,0,0,0,0.0,0.0,01.janv,01.févr,3,1,5,0.00,0.74,0.74,0.00,0.74,0.02,0.84,0.86,0.02,0.86
Rodri,es ESP,FW MF,Betis,23,2000,29,9,1 051,11.juil,0,0,0,0,0,0,0,0,01.janv,01.janv,01.févr,02.févr,49,65,116,0.00,0.00,0.00,0.00,0.00,0.09,0.10,0.19,0.09,0.19
Álvaro Rodríguez,uy URU,FW,Real Madrid,19,2004,1,0,1,0.0,0,0,0,0,0,0,0,0,0.0,0.0,0.0,0.0,0,0,0,0.00,0.00,0.00,0.00,0.00,0.00,0.00,0.00,0.00,0.00
Óscar Rodríguez Arnaiz,es ESP,MF FW,Getafe,25,1998,24,9,967,10.juil,2,1,3,2,0,0,9,0,01.mai,01.mai,02.janv,03.juin,13,52,48,0.19,0.09,0.28,0.19,0.28,0.14,0.20,0.34,0.14,0.34
Damián Rodríguez,es ESP,MF,Celta Vigo,20,2003,5,3,258,02.sept,0,2,2,0,0,0,1,0,0.0,0.0,0.8,0.8,2,9,4,0.00,0.70,0.70,0.00,0.70,0.01,0.27,0.28,0.01,0.28
Dani Rodríguez,es ESP,MF,Mallorca,35,1988,36,31,2 615,29.janv,2,4,6,2,0,0,9,0,01.avr,01.avr,04.janv,05.mai,54,118,110,0.07,0.14,0.21,0.07,0.21,0.05,0.14,0.19,0.05,0.19
Guido Rodríguez,ar ARG,MF,Betis,29,1994,24,22,1 846,20.mai,2,0,2,2,0,0,6,0,0.7,0.7,0.8,01.avr,8,65,18,0.10,0.00,0.10,0.10,0.10,0.03,0.04,0.07,0.03,0.07
Kirian Rodríguez,es ESP,MF,Las Palmas,27,1996,37,36,3 211,35.7,6,2,8,6,0,0,8,0,02.janv,02.janv,01.juin,03.juil,46,296,78,0.17,0.06,0.22,0.17,0.22,0.06,0.05,0.10,0.06,0.10
Miguel Rodríguez,es ESP,MF,Celta Vigo,20,2003,15,2,300,03.mars,0,0,0,0,0,0,2,0,0.2,0.2,0.2,0.4,14,8,35,0.00,0.00,0.00,0.00,0.00,0.07,0.05,0.11,0.07,0.11
Rodrygo,br BRA,FW,Real Madrid,22,2001,34,28,2 38,26.avr,10,5,15,10,0,1,2,0,11.juil,10.sept,4.0,14.sept,159,90,301,0.38,0.19,0.57,0.38,0.57,0.44,0.15,0.59,0.41,0.56
Carlos Romero,es ESP,DF,Villarreal,21,2001,7,2,262,02.sept,0,0,0,0,0,0,1,0,0.4,0.4,0.0,0.4,6,6,21,0.00,0.00,0.00,0.00,0.00,0.14,0.00,0.14,0.14,0.14
Isaac Romero,es ESP,FW,Sevilla,23,2000,14,14,1 039,11.mai,4,4,8,4,0,0,2,0,07.mars,07.mars,01.juil,9.0,31,16,64,0.35,0.35,0.69,0.35,0.69,0.63,0.15,0.78,0.63,0.78
Luka Romero,ar ARG,FW,Almería,18,2004,13,5,438,04.sept,3,0,3,3,0,0,2,0,01.mars,01.mars,0.1,01.avr,11,14,20,0.62,0.00,0.62,0.62,0.62,0.26,0.02,0.28,0.26,0.28
Oriol Romeu,es ESP,MF,Barcelona,31,1991,28,11,936,10.avr,0,1,1,0,0,0,4,0,0.7,0.7,01.mars,2.0,12,66,4,0.00,0.10,0.10,0.00,0.10,0.07,0.12,0.19,0.07,0.19
Unai Ropero,es ESP,MF,Alavés,21,2001,1,0,5,0.1,0,0,0,0,0,0,0,0,0.0,0.0,0.0,0.0,0,0,0,0.00,0.00,0.00,0.00,0.00,0.00,0.00,0.00,0.00,0.00
Vitor Roque,br BRA,FW,Barcelona,18,2005,14,2,328,03.juin,2,0,2,2,0,0,4,1,02.mai,02.mai,0.0,02.juin,12,2,26,0.55,0.00,0.55,0.55,0.55,0.70,0.01,0.71,0.70,0.71
Antonio Rüdiger,de GER,DF,Real Madrid,30,1993,33,30,2 709,30.janv,1,0,1,1,0,0,7,0,01.mai,01.mai,01.févr,02.juin,17,88,1,0.03,0.00,0.03,0.03,0.03,0.05,0.04,0.09,0.05,0.09
Javier Rueda Garcia,es ESP,MF DF,Celta Vigo,21,2002,1,0,20,0.2,0,0,0,0,0,0,0,0,0.0,0.0,0.0,0.0,0,1,2,0.00,0.00,0.00,0.00,0.00,0.00,0.00,0.00,0.00,0.00
Aitor Ruibal,es ESP,DF FW,Betis,27,1996,18,11,1 017,11.mars,2,1,3,2,0,0,5,0,0.8,0.8,01.mars,02.janv,22,54,50,0.18,0.09,0.27,0.18,0.27,0.07,0.11,0.19,0.07,0.19
Player,Nation,Pos,Squad,Age,Born,MP,Starts,Min,90s,Gls,Ast,G+A,G-PK,PK,PKatt,CrdY,CrdR,xG,npxG,xAG,npxG+xAG,PrgC,PrgP,PrgR,Gls,Ast,G+A,G-PK,G+A-PK,xG,xAG,xG+xAG,npxG,npxG+xAG
Sergio Ruiz,es ESP,MF,Granada,28,1994,35,30,2 494,27.juil,0,4,4,0,0,0,9,0,0.7,0.7,01.mars,2.0,34,113,23,0.00,0.14,0.14,0.00,0.14,0.03,0.05,0.07,0.03,0.07
Youssouf Sabaly,sn SEN,DF,Betis,30,1993,12,12,1 046,11.juin,0,1,1,0,0,0,2,0,0.1,0.1,0.5,0.6,31,47,43,0.00,0.09,0.09,0.00,0.09,0.01,0.04,0.05,0.01,0.05
Umar Sadiq,ng NGA,FW,Real Sociedad,26,1997,26,12,1 077,12.0,3,1,4,3,0,0,4,0,03.juin,03.juin,01.janv,04.juil,18,13,74,0.25,0.08,0.33,0.25,0.33,0.30,0.09,0.39,0.30,0.39
Pablo Saenz,es ESP,MF,Granada,22,2001,1,0,19,0.2,0,0,0,0,0,0,0,0,0.0,0.0,0.0,0.0,0,2,0,0.00,0.00,0.00,0.00,0.00,0.00,0.00,0.00,0.00,0.00
Kike Salas,es ESP,DF,Sevilla,21,2002,23,19,1 605,17.août,3,0,3,3,0,0,10,0,0.8,0.8,0.5,01.avr,11,61,16,0.17,0.00,0.17,0.17,0.17,0.05,0.03,0.08,0.05,0.08
Salvi,es ESP,MF,Rayo Vallecano,32,1991,1,0,28,0.3,0,0,0,0,0,0,0,0,0.0,0.0,0.0,0.0,2,0,2,0.00,0.00,0.00,0.00,0.00,0.00,0.00,0.00,0.00,0.00
Diadie Samassékou,ml MLI,MF,Cádiz,27,1996,4,0,92,1.0,0,0,0,0,0,0,0,0,0.0,0.0,0.0,0.0,2,7,1,0.00,0.00,0.00,0.00,0.00,0.03,0.02,0.04,0.03,0.04
Fede San Emeterio,es ESP,MF,Cádiz,26,1997,4,3,152,01.juil,1,0,1,1,0,0,1,1,0.1,0.1,0.1,0.1,0,4,0,0.59,0.00,0.59,0.59,0.59,0.03,0.05,0.09,0.03,0.09
Oihan Sancet,es ESP,MF,Athletic Club,23,2000,30,25,1 975,21.sept,4,5,9,4,0,1,5,2,06.mars,05.mai,04.juil,10.févr,76,121,157,0.18,0.23,0.41,0.18,0.41,0.29,0.21,0.50,0.25,0.47
Ricard Sánchez ,es ESP,DF,Granada,23,2000,33,25,2 295,25.mai,3,0,3,3,0,0,8,0,1.0,1.0,01.sept,02.sept,49,84,103,0.12,0.00,0.12,0.12,0.12,0.04,0.08,0.11,0.04,0.11
Antonio Sánchez,es ESP,MF,Mallorca,26,1997,29,21,1 452,16.janv,3,1,4,3,0,0,3,0,02.mai,02.mai,0.8,03.mars,35,57,61,0.19,0.06,0.25,0.19,0.25,0.16,0.05,0.21,0.16,0.21
Juanlu Sánchez,es ESP,DF,Sevilla,19,2003,26,11,1 181,13.janv,0,2,2,0,0,0,2,0,0.9,0.9,01.janv,2.0,42,50,112,0.00,0.15,0.15,0.00,0.15,0.07,0.09,0.15,0.07,0.15
Manu Sánchez,es ESP,DF MF,Celta Vigo,22,2000,26,20,1 775,19.juil,0,5,5,0,0,0,3,0,0.5,0.5,02.juil,03.févr,41,74,67,0.00,0.25,0.25,0.00,0.25,0.02,0.14,0.16,0.02,0.16
Yellu Santiago,es ESP,MF,Getafe,19,2004,14,8,656,07.mars,1,0,1,1,0,0,4,0,0.6,0.6,0.4,1.0,5,15,12,0.14,0.00,0.14,0.14,0.14,0.08,0.05,0.14,0.08,0.14
Paco Sanz,es ESP,DF,Almería,18,2004,1,0,24,0.3,0,0,0,0,0,0,0,0,0.0,0.0,0.0,0.0,0,0,0,0.00,0.00,0.00,0.00,0.00,0.00,0.00,0.00,0.00,0.00
Stefan Savić,me MNE,DF,Atlético Madrid,32,1991,23,19,1 63,18.janv,0,0,0,0,0,0,7,1,0.3,0.3,0.1,0.5,14,66,2,0.00,0.00,0.00,0.00,0.00,0.02,0.01,0.03,0.02,0.03
Sávio,br BRA,FW MF,Girona,19,2004,37,35,2 976,33.1,9,10,19,9,0,0,5,0,06.janv,06.janv,07.sept,14.0,181,93,372,0.27,0.30,0.57,0.27,0.57,0.18,0.24,0.42,0.18,0.42
Aleksandar Sedlar,rs SRB,DF,Alavés,31,1991,11,11,946,10.mai,1,0,1,1,0,0,2,0,0.3,0.3,0.1,0.3,6,26,1,0.10,0.00,0.10,0.10,0.10,0.03,0.01,0.03,0.03,0.03
André Silva,pt POR,FW,Real Sociedad,27,1995,19,9,729,08.janv,3,0,3,2,1,1,1,0,03.mars,02.mai,0.3,02.août,5,7,44,0.37,0.00,0.37,0.25,0.25,0.41,0.04,0.45,0.31,0.35
Rui Silva,pt POR,GK,Betis,29,1994,28,28,2 475,27.mai,0,0,0,0,0,0,4,0,0.0,0.0,0.0,0.0,0,1,1,0.00,0.00,0.00,0.00,0.00,0.00,0.00,0.00,0.00,0.00
Giuliano Simeone,ar ARG,FW,Alavés,20,2002,14,6,630,7.0,1,2,3,1,0,1,1,0,02.avr,01.juin,2.0,03.juin,25,24,47,0.14,0.29,0.43,0.14,0.43,0.34,0.29,0.63,0.23,0.52
Unai Simón,es ESP,GK,Athletic Club,26,1997,36,36,3 182,35.4,0,0,0,0,0,0,2,0,0.0,0.0,0.0,0.0,0,0,0,0.00,0.00,0.00,0.00,0.00,0.00,0.00,0.00,0.00,0.00
Daley Sinkgraven,nl NED,DF,Las Palmas,28,1995,10,6,374,04.févr,0,0,0,0,0,0,0,1,0.0,0.0,0.0,0.0,3,17,8,0.00,0.00,0.00,0.00,0.00,0.00,0.00,0.00,0.00,0.00
Jailson Siqueira,br BRA,DF MF,Celta Vigo,27,1995,14,9,897,10.0,0,1,1,0,0,0,1,0,0.2,0.2,0.5,0.7,16,38,8,0.00,0.10,0.10,0.00,0.10,0.02,0.05,0.07,0.02,0.07
Antonio Sivera,es ESP,GK,Alavés,26,1996,34,34,3 06,34.0,0,0,0,0,0,0,3,0,0.0,0.0,0.1,0.1,0,0,0,0.00,0.00,0.00,0.00,0.00,0.00,0.00,0.00,0.00,0.00
Player,Nation,Pos,Squad,Age,Born,MP,Starts,Min,90s,Gls,Ast,G+A,G-PK,PK,PKatt,CrdY,CrdR,xG,npxG,xAG,npxG+xAG,PrgC,PrgP,PrgR,Gls,Ast,G+A,G-PK,G+A-PK,xG,xAG,xG+xAG,npxG,npxG+xAG
Rubén Sobrino,es ESP,MF FW,Cádiz,31,1992,32,18,1 646,18.mars,0,1,1,0,0,0,8,1,01.août,01.août,02.mars,04.janv,27,34,78,0.00,0.05,0.05,0.00,0.05,0.10,0.12,0.22,0.10,0.22
Alex Sola,es ESP,FW MF,Alavés,24,1999,29,14,1 262,14.0,0,3,3,0,0,0,2,0,01.juin,01.juin,02.mars,03.sept,40,42,103,0.00,0.21,0.21,0.00,0.21,0.12,0.16,0.28,0.12,0.28
Alex Sola,es ESP,DF MF,Real Sociedad,24,1999,2,0,30,0.3,0,0,0,0,0,0,0,0,0.0,0.0,0.0,0.0,1,1,0,0.00,0.00,0.00,0.00,0.00,0.00,0.00,0.00,0.00,0.00
Jhon Solis,co COL,MF,Girona,18,2004,18,2,384,04.mars,0,0,0,0,0,0,0,0,1.0,1.0,0.3,01.avr,9,22,13,0.00,0.00,0.00,0.00,0.00,0.24,0.07,0.32,0.24,0.32
David Soria,es ESP,GK,Getafe,30,1993,38,38,3 413,37.9,0,0,0,0,0,0,3,0,0.0,0.0,0.0,0.0,0,0,0,0.00,0.00,0.00,0.00,0.00,0.00,0.00,0.00,0.00,0.00
Alberto Soro,es ESP,MF,Granada,24,1999,1,0,8,0.1,0,0,0,0,0,0,0,0,0.0,0.0,0.0,0.0,0,0,0,0.00,0.00,0.00,0.00,0.00,0.00,0.51,0.51,0.00,0.51
Hugo Sotelo,es ESP,MF,Celta Vigo,19,2003,17,8,721,8.0,0,1,1,0,0,0,1,0,0.3,0.3,01.juin,01.sept,16,55,13,0.00,0.12,0.12,0.00,0.12,0.04,0.19,0.24,0.04,0.24
Boubakary Soumaré,fr FRA,MF,Sevilla,24,1999,28,26,2 286,25.avr,0,1,1,0,0,0,10,0,0.0,0.0,0.9,1.0,29,102,22,0.00,0.04,0.04,0.00,0.04,0.00,0.04,0.04,0.00,0.04
Djibril Sow,ch SUI,MF,Sevilla,26,1997,24,18,1 46,16.févr,1,1,2,1,0,0,6,0,01.mai,01.mai,0.8,02.mars,25,73,45,0.06,0.06,0.12,0.06,0.12,0.09,0.05,0.14,0.09,0.14
Çağlar Söyüncü,tr TUR,DF,Atlético Madrid,27,1996,6,1,114,01.mars,0,0,0,0,0,0,0,1,0.0,0.0,0.0,0.0,2,6,0,0.00,0.00,0.00,0.00,0.00,0.00,0.00,0.00,0.00,0.00
Carl Starfelt,se SWE,DF,Celta Vigo,28,1995,27,26,2 216,24.juin,1,0,1,1,0,0,4,0,01.avr,01.avr,0.2,01.juin,5,38,1,0.04,0.00,0.04,0.04,0.04,0.06,0.01,0.06,0.06,0.06
Jørgen Strand Larsen,no NOR,FW,Celta Vigo,23,2000,37,36,2 863,31.août,13,3,16,13,0,0,5,0,14.mai,14.mai,02.mai,17.0,33,25,183,0.41,0.09,0.50,0.41,0.50,0.46,0.08,0.54,0.46,0.54
Cristhian Stuani,uy URU,FW,Girona,36,1986,31,5,804,08.sept,9,3,12,9,0,0,6,0,09.juin,09.juin,01.sept,11.mai,3,5,24,01.janv,0.34,janv.34,01.janv,janv.34,01.août,0.21,janv.29,01.août,janv.29
Álex Suárez,es ESP,DF,Las Palmas,30,1993,32,30,2 562,28.mai,2,0,2,2,0,0,7,0,01.févr,01.févr,0.2,01.avr,12,109,15,0.07,0.00,0.07,0.07,0.07,0.04,0.01,0.05,0.04,0.05
Damián Suárez,uy URU,DF,Getafe,35,1988,16,15,1 299,14.avr,0,2,2,0,0,0,7,1,0.3,0.3,0.8,01.févr,20,58,47,0.00,0.14,0.14,0.00,0.14,0.02,0.06,0.08,0.02,0.08
Denis Suárez,es ESP,MF FW,Villarreal,29,1994,4,1,133,01.mai,0,0,0,0,0,0,0,0,0.1,0.1,0.3,0.4,4,13,7,0.00,0.00,0.00,0.00,0.00,0.06,0.18,0.24,0.06,0.24
Suso,es ESP,MF FW,Sevilla,29,1993,29,15,1 517,16.sept,1,4,5,1,0,0,5,1,01.avr,01.avr,03.sept,05.mars,41,110,109,0.06,0.24,0.30,0.06,0.30,0.08,0.23,0.32,0.08,0.32
Max Svensson,es ESP,FW,Osasuna,21,2001,1,0,3,0.0,0,0,0,0,0,0,0,0,0.0,0.0,0.0,0.0,0,0,0,0.00,0.00,0.00,0.00,0.00,0.00,0.00,0.00,0.00,0.00
Williot Swedberg,se SWE,FW MF,Celta Vigo,19,2004,15,4,439,04.sept,5,0,5,5,0,0,1,0,02.mars,02.mars,0.2,02.mai,7,6,26,01.mars,0.00,01.mars,01.mars,01.mars,0.47,0.04,0.51,0.47,0.51
Mamadou Sylla,sn SEN,FW MF,Alavés,29,1994,2,0,18,0.2,0,0,0,0,0,0,0,0,0.0,0.0,0.0,0.0,0,1,1,0.00,0.00,0.00,0.00,0.00,0.00,0.00,0.00,0.00,0.00
Alexander Sørloth,no NOR,FW,Villarreal,27,1995,34,30,2 489,27.juil,23,6,29,23,0,0,3,0,12.mars,12.mars,04.avr,16.juil,48,40,159,0.83,0.22,01.mai,0.83,01.mai,0.44,0.16,0.60,0.44,0.60
Yassin Tallal,es ESP,FW,Getafe,18,2005,1,0,3,0.0,0,0,0,0,0,0,0,0,0.0,0.0,0.0,0.0,1,0,1,0.00,0.00,0.00,0.00,0.00,0.00,0.00,0.00,0.00,0.00
Renato Tapia,pe PER,MF DF,Celta Vigo,28,1995,21,15,1 337,14.sept,0,0,0,0,0,0,5,1,1.0,1.0,0.6,01.juin,9,61,14,0.00,0.00,0.00,0.00,0.00,0.07,0.04,0.11,0.07,0.11
César Tárrega,es ESP,DF,Valencia,21,2002,1,0,8,0.1,0,0,0,0,0,0,0,0,0.0,0.0,0.0,0.0,0,0,0,0.00,0.00,0.00,0.00,0.00,0.00,0.00,0.00,0.00,0.00
Marciano Tchami,gw GNB,FW MF,Almería,19,2004,6,0,43,0.5,0,0,0,0,0,0,0,0,0.0,0.0,0.0,0.1,1,1,3,0.00,0.00,0.00,0.00,0.00,0.06,0.10,0.17,0.06,0.17
Player,Nation,Pos,Squad,Age,Born,MP,Starts,Min,90s,Gls,Ast,G+A,G-PK,PK,PKatt,CrdY,CrdR,xG,npxG,xAG,npxG+xAG,PrgC,PrgP,PrgR,Gls,Ast,G+A,G-PK,G+A-PK,xG,xAG,xG+xAG,npxG,npxG+xAG
Aurélien Tchouaméni,fr FRA,MF DF,Real Madrid,23,2000,27,22,1 987,22.janv,3,1,4,3,0,0,7,0,01.mars,01.mars,0.9,02.janv,28,111,15,0.14,0.05,0.18,0.14,0.18,0.06,0.04,0.10,0.06,0.10
Nahuel Tenaglia,ar ARG,DF,Alavés,27,1996,25,11,1 141,12.juil,1,0,1,1,0,0,5,0,0.6,0.6,0.5,01.févr,17,45,24,0.08,0.00,0.08,0.08,0.08,0.05,0.04,0.09,0.05,0.09
Marc-André ter Stegen,de GER,GK,Barcelona,31,1992,28,28,2 52,28.0,0,0,0,0,0,0,3,0,0.0,0.0,0.1,0.1,0,1,0,0.00,0.00,0.00,0.00,0.00,0.00,0.00,0.00,0.00,0.00
Ramón Terrats,es ESP,MF DF,Villarreal,22,2000,19,6,785,08.juil,0,2,2,0,0,0,4,0,0.4,0.4,01.juin,01.sept,19,38,54,0.00,0.23,0.23,0.00,0.23,0.04,0.18,0.22,0.04,0.22
Kieran Tierney,sct SCO,DF,Real Sociedad,26,1997,20,14,1 238,13.août,0,2,2,0,0,0,1,0,0.2,0.2,0.6,0.8,22,77,39,0.00,0.15,0.15,0.00,0.15,0.01,0.05,0.06,0.01,0.06
Raúl de Tomás,es ESP,FW,Rayo Vallecano,28,1994,25,15,1 272,14.janv,1,2,3,0,1,1,5,0,03.avr,02.juin,01.mars,03.sept,11,23,73,0.07,0.14,0.21,0.00,0.14,0.24,0.09,0.33,0.18,0.28
Pablo Torre,es ESP,MF FW,Girona,20,2003,26,4,701,07.août,0,2,2,0,0,0,1,0,0.8,0.8,0.9,01.juin,25,65,40,0.00,0.26,0.26,0.00,0.26,0.10,0.11,0.21,0.10,0.21
Raúl Torrente,es ESP,DF,Granada,21,2001,17,14,1 25,13.sept,0,0,0,0,0,0,4,0,0.2,0.2,0.4,0.6,4,33,2,0.00,0.00,0.00,0.00,0.00,0.01,0.03,0.04,0.01,0.04
Ferrán Torres,es ESP,FW,Barcelona,23,2000,29,12,1 211,13.mai,7,2,9,7,0,0,2,0,05.mai,05.mai,02.juil,08.févr,30,44,113,0.52,0.15,0.67,0.52,0.67,0.41,0.20,0.61,0.41,0.61
Óliver Torres,es ESP,MF,Sevilla,28,1994,27,18,1 616,18.0,0,1,1,0,0,0,3,0,0.5,0.5,02.févr,02.juil,40,96,110,0.00,0.06,0.06,0.00,0.06,0.03,0.12,0.15,0.03,0.15
Lucas Torró,es ESP,MF,Osasuna,29,1994,28,21,1 788,19.sept,1,0,1,1,0,0,5,0,01.mai,01.mai,0.6,2.0,3,60,15,0.05,0.00,0.05,0.05,0.05,0.07,0.03,0.10,0.07,0.10
Bertrand Traoré,bf BFA,MF,Villarreal,27,1995,11,6,568,06.mars,1,0,1,1,0,0,4,0,0.9,0.9,0.4,01.mars,29,30,63,0.16,0.00,0.16,0.16,0.16,0.15,0.06,0.21,0.15,0.21
Hamari Traoré,ml MLI,DF,Real Sociedad,31,1992,31,27,2 292,25.mai,0,2,2,0,0,0,7,0,0.5,0.5,01.mai,02.janv,49,129,83,0.00,0.08,0.08,0.00,0.08,0.02,0.06,0.08,0.02,0.08
Óscar Trejo,ar ARG,FW MF,Rayo Vallecano,35,1988,31,19,1 38,15.mars,0,0,0,0,0,0,4,1,0.9,0.9,01.mars,02.févr,28,124,81,0.00,0.00,0.00,0.00,0.00,0.06,0.08,0.14,0.06,0.14
Manu Trigueros,es ESP,MF,Villarreal,31,1991,14,2,309,03.avr,0,0,0,0,0,0,0,0,0.5,0.5,0.2,0.7,7,20,13,0.00,0.00,0.00,0.00,0.00,0.13,0.07,0.20,0.13,0.20
Viktor Tsyhankov,ua UKR,MF FW,Girona,25,1997,30,26,2 052,22.août,8,7,15,8,0,0,0,0,06.févr,06.févr,05.sept,12.janv,65,89,226,0.35,0.31,0.66,0.35,0.66,0.27,0.26,0.53,0.27,0.53
Beñat Turrientes,es ESP,MF,Real Sociedad,21,2002,29,19,1 687,18.juil,0,1,1,0,0,0,4,0,01.févr,01.févr,0.5,01.août,26,51,31,0.00,0.05,0.05,0.00,0.05,0.06,0.03,0.09,0.06,0.09
Enes Ünal,tr TUR,FW MF,Getafe,26,1997,3,1,140,01.juin,0,1,1,0,0,0,0,0,0.1,0.1,0.4,0.5,2,1,7,0.00,0.64,0.64,0.00,0.64,0.06,0.24,0.30,0.06,0.30
Myrto Uzuni,al ALB,FW,Granada,28,1995,34,28,2 448,27.févr,11,1,12,7,4,5,3,0,12.sept,9.0,02.juin,11.juin,21,18,90,0.40,0.04,0.44,0.26,0.29,0.48,0.09,0.57,0.33,0.43
Óscar Valentín,es ESP,MF,Rayo Vallecano,28,1994,34,32,2 692,29.sept,1,0,1,1,0,0,7,1,01.juil,01.juil,0.6,02.févr,24,132,11,0.03,0.00,0.03,0.03,0.03,0.06,0.02,0.07,0.06,0.07
Martin Valjent,sk SVK,DF,Mallorca,27,1995,28,28,2 349,26.janv,0,1,1,0,0,0,5,0,0.3,0.3,0.9,01.févr,22,61,27,0.00,0.04,0.04,0.00,0.04,0.01,0.03,0.05,0.01,0.05
Jesús Vallejo,es ESP,DF,Granada,26,1997,3,1,108,01.févr,0,0,0,0,0,0,1,0,0.0,0.0,0.0,0.0,1,2,0,0.00,0.00,0.00,0.00,0.00,0.00,0.00,0.00,0.00,0.00
Álvaro Vallés,es ESP,GK,Las Palmas,26,1997,37,37,3 263,36.3,0,0,0,0,0,0,2,1,0.0,0.0,0.0,0.0,0,5,0,0.00,0.00,0.00,0.00,0.00,0.00,0.00,0.00,0.00,0.00
Federico Valverde,uy URU,MF,Real Madrid,25,1998,37,33,2 904,32.3,2,7,9,2,0,0,2,0,03.mai,03.mai,05.août,09.mars,104,231,102,0.06,0.22,0.28,0.06,0.28,0.11,0.18,0.29,0.11,0.29
Siebe Van Der Heyden,be BEL,DF,Mallorca,25,1998,6,4,286,03.févr,0,0,0,0,0,0,2,1,0.2,0.2,0.0,0.2,1,1,1,0.00,0.00,0.00,0.00,0.00,0.05,0.00,0.05,0.05,0.05
Player,Nation,Pos,Squad,Age,Born,MP,Starts,Min,90s,Gls,Ast,G+A,G-PK,PK,PKatt,CrdY,CrdR,xG,npxG,xAG,npxG+xAG,PrgC,PrgP,PrgR,Gls,Ast,G+A,G-PK,G+A-PK,xG,xAG,xG+xAG,npxG,npxG+xAG
José Luis García Vayá,es ESP,MF,Valencia,24,1998,37,37,3 302,36.7,7,1,8,0,7,8,4,0,07.mars,1.0,03.févr,04.févr,30,251,43,0.19,0.03,0.22,0.00,0.03,0.20,0.09,0.29,0.03,0.11
Borja Vázquez,es ESP,FW,Cádiz,18,2005,1,0,4,0.0,0,0,0,0,0,0,0,0,0.0,0.0,0.1,0.1,0,1,1,0.00,0.00,0.00,0.00,0.00,0.00,janv.70,janv.70,0.00,janv.70
Jesus Vazquez,es ESP,DF MF,Valencia,20,2003,20,6,716,8.0,1,0,1,1,0,0,1,0,01.févr,01.févr,0.1,01.mars,13,15,29,0.13,0.00,0.13,0.13,0.13,0.15,0.02,0.16,0.15,0.16
Kevin Vázquez,es ESP,DF,Celta Vigo,30,1993,12,10,700,07.août,0,0,0,0,0,0,3,0,0.0,0.0,0.2,0.2,6,28,20,0.00,0.00,0.00,0.00,0.00,0.00,0.02,0.03,0.00,0.03
Lucas Vázquez,es ESP,DF,Real Madrid,32,1991,29,14,1 419,15.août,3,6,9,3,0,0,0,0,01.févr,01.janv,03.août,04.août,28,58,160,0.19,0.38,0.57,0.19,0.57,0.07,0.24,0.31,0.07,0.31
Gabriel Veiga,es ESP,FW,Celta Vigo,21,2002,1,0,18,0.2,0,0,0,0,0,0,0,0,0.0,0.0,0.0,0.0,0,0,1,0.00,0.00,0.00,0.00,0.00,0.00,0.00,0.00,0.00,0.00
Alejo Véliz,ar ARG,FW,Sevilla,19,2003,6,0,35,0.4,0,0,0,0,0,0,0,0,0.2,0.2,0.0,0.2,0,0,1,0.00,0.00,0.00,0.00,0.00,0.58,0.00,0.58,0.58,0.58
Arthur Vermeeren,be BEL,MF,Atlético Madrid,18,2005,5,2,162,01.août,0,0,0,0,0,0,2,0,0.0,0.0,0.1,0.1,2,7,7,0.00,0.00,0.00,0.00,0.00,0.00,0.04,0.04,0.00,0.04
Mikel Vesga,es ESP,MF,Athletic Club,30,1993,27,18,1 534,17.0,3,1,4,1,2,2,2,0,02.juil,01.janv,01.févr,02.mars,10,88,29,0.18,0.06,0.23,0.06,0.12,0.16,0.07,0.23,0.07,0.14
Carlos Vicente,es ESP,FW,Alavés,24,1999,18,12,1 114,12.avr,2,4,6,2,0,0,1,0,02.mars,02.mars,03.juil,6.0,23,23,82,0.16,0.32,0.48,0.16,0.48,0.19,0.30,0.49,0.19,0.49
Nacho Vidal,es ESP,DF FW,Osasuna,28,1995,7,0,96,01.janv,1,0,1,1,0,0,0,0,0.3,0.3,0.0,0.3,0,1,4,0.94,0.00,0.94,0.94,0.94,0.28,0.01,0.29,0.28,0.29
Nacho Vidal,es ESP,DF,Mallorca,28,1995,8,5,416,04.juin,0,0,0,0,0,0,2,0,1.0,1.0,0.2,01.févr,5,15,31,0.00,0.00,0.00,0.00,0.00,0.23,0.04,0.26,0.23,0.26
Fran Vieites,es ESP,GK,Betis,24,1999,4,3,315,03.mai,0,0,0,0,0,0,0,0,0.0,0.0,0.0,0.0,0,0,0,0.00,0.00,0.00,0.00,0.00,0.00,0.00,0.00,0.00,0.00
Jonathan Viera,es ESP,MF FW,Las Palmas,33,1989,9,7,617,06.sept,2,1,3,0,2,2,1,0,02.mars,0.7,1.0,01.juil,26,65,37,0.29,0.15,0.44,0.00,0.15,0.33,0.14,0.47,0.10,0.24
Jonathan Viera,es ESP,MF,Almería,33,1989,12,12,912,10.janv,0,3,3,0,0,0,3,1,01.mars,01.mars,02.juil,03.sept,35,68,29,0.00,0.30,0.30,0.00,0.30,0.13,0.26,0.39,0.13,0.39
Toni Villa,es ESP,FW,Girona,28,1995,2,0,13,0.1,0,0,0,0,0,0,0,0,0.0,0.0,0.0,0.0,1,1,3,0.00,0.00,0.00,0.00,0.00,0.17,0.00,0.17,0.17,0.17
Asier Villalibre,es ESP,FW,Athletic Club,25,1997,18,4,513,05.juil,2,1,3,2,0,0,0,0,01.juil,01.juil,1.0,02.juil,6,10,29,0.35,0.18,0.53,0.35,0.53,0.30,0.17,0.47,0.30,0.47
Gonzalo Villar,es ESP,MF,Granada,25,1998,35,21,1 803,20.0,1,3,4,1,0,0,7,0,01.sept,01.sept,02.févr,04.janv,27,74,27,0.05,0.15,0.20,0.05,0.20,0.09,0.11,0.20,0.09,0.20
Iván Villar,es ESP,GK,Celta Vigo,26,1997,12,12,1 014,11.mars,0,0,0,0,0,0,0,2,0.0,0.0,0.1,0.1,0,0,0,0.00,0.00,0.00,0.00,0.00,0.00,0.01,0.01,0.00,0.01
Ricardo Visus,es ESP,DF,Betis,22,2001,3,1,166,01.août,0,0,0,0,0,0,0,0,0.0,0.0,0.0,0.0,0,2,0,0.00,0.00,0.00,0.00,0.00,0.00,0.00,0.00,0.00,0.00
Daniel Vivian,es ESP,DF,Athletic Club,24,1999,33,31,2 878,32.0,0,0,0,0,0,0,6,0,0.6,0.6,0.7,01.mars,23,123,4,0.00,0.00,0.00,0.00,0.00,0.02,0.02,0.04,0.02,0.04
Shon Weissman,il ISR,FW,Granada,27,1996,5,0,82,0.9,0,0,0,0,0,0,0,0,0.0,0.0,0.0,0.0,1,1,1,0.00,0.00,0.00,0.00,0.00,0.04,0.00,0.04,0.04,0.04
Iñaki Williams,gh GHA,FW,Athletic Club,29,1994,34,32,2 844,31.6,12,3,15,12,0,0,4,0,09.avr,09.avr,06.mars,15.août,114,78,333,0.38,0.09,0.47,0.38,0.47,0.30,0.20,0.50,0.30,0.50
Nico Williams,es ESP,FW,Athletic Club,21,2002,31,29,2 263,25.janv,5,11,16,5,0,0,6,1,6.0,6.0,05.juil,11.juil,143,66,302,0.20,0.44,0.64,0.20,0.64,0.24,0.22,0.46,0.24,0.46
Axel Witsel,be BEL,DF,Atlético Madrid,34,1989,35,30,2 783,30.sept,2,0,2,2,0,0,5,0,1.0,1.0,0.3,01.mars,17,89,8,0.06,0.00,0.06,0.06,0.06,0.03,0.01,0.04,0.03,0.04
Player,Nation,Pos,Squad,Age,Born,MP,Starts,Min,90s,Gls,Ast,G+A,G-PK,PK,PKatt,CrdY,CrdR,xG,npxG,xAG,npxG+xAG,PrgC,PrgP,PrgR,Gls,Ast,G+A,G-PK,G+A-PK,xG,xAG,xG+xAG,npxG,npxG+xAG
Xeber,es ESP,FW MF,Alavés,26,1997,10,3,302,03.avr,0,0,0,0,0,0,1,0,0.4,0.4,0.6,1.0,6,6,30,0.00,0.00,0.00,0.00,0.00,0.11,0.19,0.30,0.11,0.30
Antal Yaakobishvili,hu HUN,DF,Girona,19,2004,1,0,61,0.7,0,0,0,0,0,0,0,0,0.0,0.0,0.3,0.3,0,0,0,0.00,0.00,0.00,0.00,0.00,0.00,0.37,0.37,0.00,0.37
Lamine Yamal,es ESP,FW,Barcelona,16,2007,37,22,2 201,24.mai,5,5,10,5,0,0,3,0,05.févr,05.févr,06.févr,11.avr,123,80,350,0.20,0.20,0.41,0.20,0.41,0.21,0.25,0.47,0.21,0.47
Roman Yaremchuk,ua UKR,FW,Valencia,27,1995,25,11,928,10.mars,3,0,3,3,0,0,2,0,04.juin,04.juin,0.1,04.août,12,20,46,0.29,0.00,0.29,0.29,0.29,0.45,0.01,0.46,0.45,0.46
Arsen Zakharyan,ru RUS,MF FW,Real Sociedad,20,2003,29,15,1 228,13.juin,1,2,3,1,0,0,1,0,02.avr,02.avr,02.janv,04.mai,28,47,88,0.07,0.15,0.22,0.07,0.22,0.18,0.15,0.33,0.18,0.33
Joseba Zaldúa,es ESP,DF,Cádiz,31,1992,13,9,704,07.août,0,0,0,0,0,0,3,0,0.0,0.0,0.5,0.6,7,15,33,0.00,0.00,0.00,0.00,0.00,0.00,0.07,0.07,0.00,0.07
Bryan Zaragoza,es ESP,MF FW,Granada,21,2001,21,18,1 638,18.févr,6,2,8,5,1,1,5,0,03.août,3.0,03.mars,06.mars,100,36,127,0.33,0.11,0.44,0.27,0.38,0.21,0.18,0.39,0.16,0.35
Igor Zubeldia,es ESP,DF,Real Sociedad,26,1997,30,29,2 518,28.0,0,2,2,0,0,0,11,1,0.8,0.8,01.janv,01.sept,28,129,0,0.00,0.07,0.07,0.00,0.07,0.03,0.04,0.07,0.03,0.07
Martín Zubimendi,es ESP,MF,Real Sociedad,24,1999,31,29,2 654,29.mai,4,1,5,4,0,0,5,0,02.juil,02.juil,01.mai,04.janv,34,152,27,0.14,0.03,0.17,0.14,0.17,0.09,0.05,0.14,0.09,0.14
