Player,Nation,Pos,Squad,Age,Born,MP,Starts,Min,90s,Gls,Ast,G+A,G-PK,PK,PKatt,CrdY,CrdR,xG,npxG,xAG,npxG+xAG,PrgC,PrgP,PrgR,Gls,Ast,G+A,G-PK,G+A-PK,xG,xAG,xG+xAG,npxG,npxG+xAG
Yunis Abdelhamid,ma MAR,DF,Reims,34,1987,37,37,3 33,37.0,1,2,3,1,0,0,6,0,02.avr,02.avr,1.0,03.avr,40,215,10,0.03,0.05,0.08,0.03,0.08,0.06,0.03,0.09,0.06,0.09
Himad Abdelli,dz ALG,MF FW,Angers,22,1999,30,24,2 137,23.juil,2,2,4,2,0,0,3,0,01.avr,01.avr,02.sept,04.mars,58,151,111,0.08,0.08,0.17,0.08,0.17,0.06,0.12,0.18,0.06,0.18
Salis Abdul Samed,gh GHA,MF,Lens,22,2000,33,33,2 894,32.2,1,1,2,1,0,0,6,1,0.9,0.9,01.juin,02.mai,33,165,44,0.03,0.03,0.06,0.03,0.06,0.03,0.05,0.08,0.03,0.08
Laurent Abergel,fr FRA,MF,Lorient,29,1993,29,28,2 342,26.0,0,1,1,0,0,0,7,1,0.5,0.5,01.mars,01.août,13,143,14,0.00,0.04,0.04,0.00,0.04,0.02,0.05,0.07,0.02,0.07
Matthis Abline,fr FRA,FW MF,Auxerre,19,2003,19,8,806,9.0,2,1,3,1,1,2,1,0,03.juin,2.0,0.7,02.juil,14,8,49,0.22,0.11,0.33,0.11,0.22,0.40,0.08,0.47,0.22,0.30
Matthis Abline,fr FRA,FW MF,Rennes,19,2003,11,0,107,01.févr,1,0,1,1,0,0,0,0,0.8,0.8,0.3,1.0,4,2,11,0.84,0.00,0.84,0.84,0.84,0.65,0.22,0.87,0.65,0.87
Zakaria Aboukhlal,ma MAR,FW MF,Toulouse,22,2000,37,28,2 473,27.mai,10,5,15,10,0,0,4,0,11.mai,11.mai,03.mars,14.juil,100,72,276,0.36,0.18,0.55,0.36,0.55,0.42,0.12,0.54,0.42,0.54
Mohamed Achi,fr FRA,FW,Nantes,20,2002,2,0,36,0.4,0,0,0,0,0,0,0,0,0.1,0.1,0.0,0.2,2,3,1,0.00,0.00,0.00,0.00,0.00,0.30,0.08,0.39,0.30,0.39
Martin Adeline,fr FRA,MF FW,Reims,18,2003,5,0,107,01.févr,0,0,0,0,0,0,2,0,0.1,0.1,0.0,0.1,1,3,1,0.00,0.00,0.00,0.00,0.00,0.06,0.00,0.06,0.06,0.06
Emmanuel Agbadou,ci CIV,DF,Reims,25,1997,29,27,2 388,26.mai,0,3,3,0,0,0,5,3,01.juil,01.juil,02.avr,04.janv,15,131,8,0.00,0.11,0.11,0.00,0.11,0.06,0.09,0.15,0.06,0.15
Lucien Agoume,fr FRA,MF,Troyes,20,2002,15,14,1 094,12.févr,0,1,1,0,0,0,5,0,0.8,0.8,01.janv,01.sept,9,93,10,0.00,0.08,0.08,0.00,0.08,0.07,0.09,0.16,0.07,0.16
Ruben Aguilar,fr FRA,DF,Monaco,29,1993,20,14,1 172,13.0,0,0,0,0,0,0,3,0,0.2,0.2,0.9,01.janv,29,102,78,0.00,0.00,0.00,0.00,0.00,0.02,0.07,0.09,0.02,0.09
Amar Ahmed,se SWE,FW,Troyes,18,2004,1,0,20,0.2,0,0,0,0,0,0,0,0,0.0,0.0,0.0,0.0,0,1,2,0.00,0.00,0.00,0.00,0.00,0.00,0.00,0.00,0.00,0.00
Jean-Eudes Aholou,ci CIV,MF,Strasbourg,28,1994,30,16,1 3,14.avr,3,1,4,3,0,0,4,1,01.févr,01.févr,01.janv,02.mars,25,50,37,0.21,0.07,0.28,0.21,0.28,0.08,0.08,0.16,0.08,0.16
Ludovic Ajorque,fr FRA,FW,Strasbourg,28,1994,13,9,771,08.juin,1,0,1,0,1,1,1,0,03.mars,02.mai,0.8,03.mars,2,13,55,0.12,0.00,0.12,0.00,0.00,0.38,0.10,0.48,0.29,0.39
Maghnes Akliouche,fr FRA,MF FW,Monaco,20,2002,11,5,402,04.mai,0,0,0,0,0,0,3,0,0.5,0.5,0.5,0.9,9,16,42,0.00,0.00,0.00,0.00,0.00,0.10,0.11,0.21,0.10,0.21
Doğan Alemdar,tr TUR,GK,Rennes,19,2002,6,4,406,04.mai,0,0,0,0,0,0,1,0,0.0,0.0,0.1,0.1,0,0,0,0.00,0.00,0.00,0.00,0.00,0.00,0.03,0.03,0.00,0.03
Jim Allevinah,ga GAB,DF FW,Clermont Foot,27,1995,36,25,2 244,24.sept,1,1,2,1,0,0,2,0,02.mai,02.mai,2.0,04.mai,82,59,141,0.04,0.04,0.08,0.04,0.08,0.10,0.08,0.18,0.10,0.18
Mickaël Alphonse,gp GLP,DF,Ajaccio,33,1989,26,14,1 361,15.janv,0,0,0,0,0,0,2,1,0.5,0.5,0.6,01.janv,30,51,34,0.00,0.00,0.00,0.00,0.00,0.03,0.04,0.08,0.03,0.08
Ibrahim Amadou,fr FRA,DF MF,Angers,29,1993,7,4,424,04.juil,0,0,0,0,0,0,2,0,0.1,0.1,0.1,0.1,0,5,5,0.00,0.00,0.00,0.00,0.00,0.01,0.01,0.03,0.01,0.03
Ayoub Amraoui,ma MAR,DF FW,Nice,18,2004,7,3,294,03.mars,0,0,0,0,0,0,1,0,0.0,0.0,0.1,0.1,6,13,18,0.00,0.00,0.00,0.00,0.00,0.00,0.04,0.04,0.00,0.04
Benjamin André,fr FRA,MF,Lille,31,1990,34,33,2 916,32.4,1,1,2,1,0,0,12,0,01.juin,01.juin,01.août,03.avr,41,309,46,0.03,0.03,0.06,0.03,0.06,0.05,0.06,0.11,0.05,0.11
Komnen Andrić,rs SRB,FW,Clermont Foot,27,1995,34,16,1 446,16.janv,4,3,7,3,1,2,4,0,05.mai,03.sept,0.9,04.août,8,27,88,0.25,0.19,0.44,0.19,0.37,0.34,0.06,0.39,0.24,0.30
Houssem Aouar,dz ALG,MF,Lyon,24,1998,16,6,526,05.août,1,1,2,1,0,0,2,0,01.avr,01.avr,01.janv,02.juin,12,37,36,0.17,0.17,0.34,0.17,0.34,0.25,0.20,0.44,0.25,0.44
Adil Aouchiche,fr FRA,MF,Lorient,20,2002,11,1,250,02.août,0,0,0,0,0,0,0,0,0.5,0.5,0.1,0.6,16,23,20,0.00,0.00,0.00,0.00,0.00,0.20,0.02,0.22,0.20,0.22
Player,Nation,Pos,Squad,Age,Born,MP,Starts,Min,90s,Gls,Ast,G+A,G-PK,PK,PKatt,CrdY,CrdR,xG,npxG,xAG,npxG+xAG,PrgC,PrgP,PrgR,Gls,Ast,G+A,G-PK,G+A-PK,xG,xAG,xG+xAG,npxG,npxG+xAG
Dennis Appiah,fr FRA,DF MF,Nantes,30,1992,15,9,795,08.août,0,0,0,0,0,0,1,0,0.4,0.4,0.2,0.6,15,39,51,0.00,0.00,0.00,0.00,0.00,0.05,0.02,0.06,0.05,0.06
Stredair Appuah,fr FRA,DF MF,Nantes,18,2004,5,0,66,0.7,0,0,0,0,0,0,0,0,0.1,0.1,0.2,0.3,7,3,10,0.00,0.00,0.00,0.00,0.00,0.09,0.29,0.38,0.09,0.38
Taïryk Arconte,fr FRA,FW,Brest,18,2003,4,1,128,01.avr,0,0,0,0,0,0,0,0,0.3,0.3,0.1,0.4,1,1,8,0.00,0.00,0.00,0.00,0.00,0.19,0.10,0.29,0.19,0.29
Mohamed El Arouch,fr FRA,MF,Lyon,18,2004,1,0,2,0.0,0,0,0,0,0,0,0,0,0.0,0.0,0.0,0.0,1,1,0,0.00,0.00,0.00,0.00,0.00,0.00,0.00,0.00,0.00,0.00
Lorenz Assignon,tg TOG,DF,Rennes,22,2000,12,2,261,02.sept,0,1,1,0,0,0,3,0,0.3,0.3,0.3,0.6,10,11,13,0.00,0.34,0.34,0.00,0.34,0.11,0.10,0.22,0.11,0.22
Youcef Atal,dz ALG,DF MF,Nice,26,1996,18,8,779,08.juil,1,0,1,1,0,0,1,0,1.0,1.0,01.mars,02.mars,38,39,63,0.12,0.00,0.12,0.12,0.12,0.12,0.15,0.27,0.12,0.27
Valentin Atangana Edoa,fr FRA,MF,Reims,16,2005,7,2,174,01.sept,0,0,0,0,0,0,0,0,0.0,0.0,0.2,0.2,5,5,6,0.00,0.00,0.00,0.00,0.00,0.02,0.10,0.12,0.02,0.12
Mathias Autret,fr FRA,MF FW,Auxerre,31,1991,23,16,1 29,14.mars,2,2,4,1,1,1,0,0,02.mai,01.juil,2.0,03.juil,20,77,58,0.14,0.14,0.28,0.07,0.21,0.17,0.14,0.31,0.12,0.26
Cédric Avinel,gp GLP,DF,Ajaccio,35,1986,24,19,1 794,19.sept,1,0,1,1,0,0,2,1,1.0,1.0,0.0,1.0,3,31,1,0.05,0.00,0.05,0.05,0.05,0.05,0.00,0.05,0.05,0.05
Loïc Bade,fr FRA,DF,Rennes,22,2000,1,1,90,1.0,0,1,1,0,0,0,1,0,0.2,0.2,0.1,0.3,0,3,0,0.00,1.00,1.00,0.00,1.00,0.20,0.06,0.26,0.20,0.26
Benoît Badiashile,fr FRA,DF,Monaco,21,2001,11,9,839,09.mars,2,0,2,2,0,0,3,0,0.6,0.6,0.4,1.0,3,39,0,0.21,0.00,0.21,0.21,0.21,0.07,0.04,0.11,0.07,0.11
Eric Bailly,ci CIV,DF,Marseille,28,1994,17,5,543,6.0,0,0,0,0,0,0,1,0,0.2,0.2,0.0,0.2,4,12,4,0.00,0.00,0.00,0.00,0.00,0.03,0.00,0.03,0.03,0.03
Dénys Bain,fr FRA,DF,Auxerre,29,1993,2,1,126,01.avr,0,0,0,0,0,0,0,0,0.0,0.0,0.0,0.0,0,3,0,0.00,0.00,0.00,0.00,0.00,0.00,0.00,0.00,0.00,0.00
Brandon Baiye,be BEL,MF,Clermont Foot,21,2000,7,0,51,0.6,0,0,0,0,0,0,0,0,0.0,0.0,0.1,0.1,0,2,0,0.00,0.00,0.00,0.00,0.00,0.00,0.21,0.21,0.00,0.21
Cédric Bakambu,cd COD,MF,Marseille,31,1991,3,0,59,0.7,0,1,1,0,0,0,0,0,0.0,0.0,1.0,1.0,1,0,4,0.00,janv.53,janv.53,0.00,janv.53,0.00,janv.56,janv.56,0.00,janv.56
Thierno Balde,fr FRA,DF MF,Troyes,20,2002,31,25,2 153,23.sept,0,1,1,0,0,0,1,0,0.3,0.3,01.janv,01.avr,66,60,118,0.00,0.04,0.04,0.00,0.04,0.01,0.05,0.06,0.01,0.06
Carlos Baleba,cm CMR,MF,Lille,18,2004,19,5,478,05.mars,0,0,0,0,0,0,3,1,0.5,0.5,0.1,0.6,16,33,12,0.00,0.00,0.00,0.00,0.00,0.09,0.02,0.11,0.09,0.11
Leonardo Balerdi,ar ARG,DF,Marseille,23,1999,35,30,2 639,29.mars,0,1,1,0,0,0,9,1,01.mars,01.mars,0.2,01.avr,15,97,19,0.00,0.03,0.03,0.00,0.03,0.04,0.01,0.05,0.04,0.05
Folarin Balogun,us USA,FW,Reims,21,2001,37,34,2 999,33.3,21,2,23,15,6,7,5,0,26.juin,21.0,03.août,24.août,56,55,283,0.63,0.06,0.69,0.45,0.51,0.80,0.11,0.91,0.63,0.74
Abdoulaye Bamba,ci CIV,DF,Angers,32,1990,21,12,1 364,15.févr,0,0,0,0,0,0,2,0,0.0,0.0,0.3,0.3,8,36,19,0.00,0.00,0.00,0.00,0.00,0.00,0.02,0.02,0.00,0.02
Jonathan Bamba,ci CIV,FW,Lille,26,1996,34,32,2 783,30.sept,6,7,13,6,0,0,6,0,08.févr,08.févr,06.mai,14.juil,111,146,345,0.19,0.23,0.42,0.19,0.42,0.27,0.21,0.47,0.27,0.47
Bradley Barcola,fr FRA,FW MF,Lyon,19,2002,26,15,1 44,16.0,5,8,13,5,0,0,3,0,03.avr,03.avr,03.sept,07.avr,51,39,156,0.31,0.50,0.81,0.31,0.81,0.22,0.25,0.46,0.22,0.46
Melvin Bard,fr FRA,DF,Nice,21,2000,33,28,2 456,27.mars,0,0,0,0,0,0,6,0,0.5,0.5,0.9,01.avr,61,96,126,0.00,0.00,0.00,0.00,0.00,0.02,0.03,0.05,0.02,0.05
Ross Barkley,eng ENG,MF FW,Nice,28,1993,27,9,960,10.juil,4,2,6,4,0,0,1,0,04.mars,04.mars,02.avr,06.juil,30,48,46,0.37,0.19,0.56,0.37,0.56,0.42,0.23,0.65,0.42,0.65
Mickaël Barreto,fr FRA,MF,Ajaccio,31,1991,20,15,1 325,14.juil,1,1,2,1,0,0,1,0,0.9,0.9,01.sept,02.août,26,87,53,0.07,0.07,0.14,0.07,0.14,0.06,0.13,0.19,0.06,0.19
Player,Nation,Pos,Squad,Age,Born,MP,Starts,Min,90s,Gls,Ast,G+A,G-PK,PK,PKatt,CrdY,CrdR,xG,npxG,xAG,npxG+xAG,PrgC,PrgP,PrgR,Gls,Ast,G+A,G-PK,G+A-PK,xG,xAG,xG+xAG,npxG,npxG+xAG
Cyrille Bayala,bf BFA,MF,Ajaccio,26,1996,33,25,2 009,22.mars,1,1,2,1,0,0,3,1,2.0,2.0,2.0,04.janv,46,66,109,0.04,0.04,0.09,0.04,0.09,0.09,0.09,0.18,0.09,0.18
Yanis Begraoui,ma MAR,FW MF,Toulouse,21,2001,3,1,65,0.7,0,0,0,0,0,0,0,0,0.0,0.0,0.3,0.3,1,3,3,0.00,0.00,0.00,0.00,0.00,0.00,0.37,0.37,0.00,0.37
Alexis Beka Beka,fr FRA,MF DF,Nice,21,2001,14,7,545,06.janv,0,0,0,0,0,0,2,0,0.5,0.5,0.1,0.5,13,25,23,0.00,0.00,0.00,0.00,0.00,0.08,0.01,0.09,0.08,0.09
Jérémie Bela,ao ANG,DF MF,Clermont Foot,29,1993,19,7,743,08.mars,1,1,2,1,0,0,0,0,0.6,0.6,0.2,0.8,22,24,54,0.12,0.12,0.24,0.12,0.24,0.07,0.03,0.10,0.07,0.10
Reda Belahyane,ma MAR,MF,Nice,18,2004,4,1,182,2.0,0,0,0,0,0,0,0,0,0.1,0.1,0.0,0.1,3,10,1,0.00,0.00,0.00,0.00,0.00,0.04,0.01,0.05,0.04,0.05
Youcef Belaïli,dz ALG,MF FW,Ajaccio,30,1992,17,15,1 15,12.août,6,3,9,1,5,6,2,0,06.févr,01.août,03.mai,05.mars,32,55,68,0.47,0.23,0.70,0.08,0.31,0.48,0.27,0.76,0.14,0.42
Youcef Belaïli,dz ALG,FW MF,Brest,30,1992,6,4,356,4.0,0,2,2,0,0,0,3,0,0.7,0.7,0.8,01.avr,16,14,31,0.00,0.51,0.51,0.00,0.51,0.17,0.19,0.36,0.17,0.36
Haris Belkebla,dz ALG,MF,Brest,28,1994,38,30,2 656,29.mai,2,0,2,1,1,1,3,0,01.mars,0.5,0.6,01.janv,19,129,37,0.07,0.00,0.07,0.03,0.03,0.04,0.02,0.06,0.02,0.04
Jean-Ricner Bellegarde,ht HAI,MF FW,Strasbourg,24,1998,30,29,2 419,26.sept,2,6,8,2,0,0,5,0,02.mai,02.mai,05.févr,07.juil,104,153,110,0.07,0.22,0.30,0.07,0.30,0.09,0.19,0.29,0.09,0.29
Jeanuël Belocian,fr FRA,DF,Rennes,17,2005,8,6,506,05.juin,0,0,0,0,0,0,1,0,0.0,0.0,0.1,0.1,8,21,21,0.00,0.00,0.00,0.00,0.00,0.01,0.02,0.02,0.01,0.02
Eliesse Ben Seghir,ma MAR,FW MF,Monaco,17,2005,19,13,1 052,11.juil,4,1,5,4,0,0,1,0,01.sept,01.sept,01.févr,03.févr,31,55,93,0.34,0.09,0.43,0.34,0.43,0.17,0.11,0.27,0.17,0.27
Salim Ben Seghir,fr FRA,MF,Marseille,19,2003,1,0,4,0.0,0,0,0,0,0,0,0,0,0.0,0.0,0.0,0.0,0,0,0,0.00,0.00,0.00,0.00,0.00,0.00,0.00,0.00,0.00,0.00
Wissam Ben Yedder,fr FRA,FW,Monaco,31,1990,32,28,2 114,23.mai,19,6,25,14,5,6,4,0,17.avr,12.juil,03.août,16.mai,48,75,198,0.81,0.26,01.juin,0.60,0.85,0.74,0.16,0.90,0.54,0.70
Nabil Bentaleb,dz ALG,MF,Angers,27,1994,30,29,2 489,27.juil,4,4,8,2,2,2,7,1,03.févr,01.juin,02.mars,03.sept,46,176,28,0.14,0.14,0.29,0.07,0.22,0.11,0.08,0.20,0.06,0.14
Patrick Berg,no NOR,MF FW,Lens,24,1997,3,0,25,0.3,0,0,0,0,0,0,0,0,0.0,0.0,0.0,0.0,0,3,4,0.00,0.00,0.00,0.00,0.00,0.00,0.17,0.17,0.00,0.17
Mitchell van Bergen,nl NED,FW DF,Reims,22,1999,28,6,905,10.janv,0,1,1,0,0,0,1,0,02.févr,02.févr,02.juil,04.août,51,21,89,0.00,0.10,0.10,0.00,0.10,0.22,0.26,0.48,0.22,0.48
Quentin Bernard,fr FRA,DF,Auxerre,33,1989,7,7,630,7.0,0,1,1,0,0,0,0,0,0.0,0.0,0.6,0.6,4,27,14,0.00,0.14,0.14,0.00,0.14,0.00,0.08,0.08,0.00,0.08
Paul Bernardoni,fr FRA,GK,Angers,25,1997,27,27,2 43,27.0,0,0,0,0,0,0,0,0,0.0,0.0,0.0,0.0,0,0,0,0.00,0.00,0.00,0.00,0.00,0.00,0.00,0.00,0.00,0.00
Juan Bernat,es ESP,DF MF,Paris S-G,29,1993,28,18,1 648,18.mars,1,4,5,1,0,0,1,0,0.9,0.9,03.janv,03.sept,24,38,143,0.05,0.22,0.27,0.05,0.27,0.05,0.17,0.21,0.05,0.21
Jason Berthomier,fr FRA,MF,Clermont Foot,32,1990,2,0,23,0.3,0,0,0,0,0,0,0,0,0.0,0.0,0.0,0.0,0,1,2,0.00,0.00,0.00,0.00,0.00,0.00,0.00,0.00,0.00,0.00
El Bilal Touré,ml MLI,FW,Reims,20,2001,3,1,91,1.0,0,0,0,0,0,0,0,0,0.0,0.0,0.1,0.1,0,1,1,0.00,0.00,0.00,0.00,0.00,0.03,0.05,0.09,0.03,0.09
Jean-Claude Billong,cm CMR,MF,Clermont Foot,28,1993,1,0,23,0.3,0,0,0,0,0,0,0,0,0.0,0.0,0.0,0.0,0,4,0,0.00,0.00,0.00,0.00,0.00,0.00,0.00,0.00,0.00,0.00
Veljko Birmančević,rs SRB,FW MF,Toulouse,24,1998,25,2,444,04.sept,0,0,0,0,0,0,0,0,01.mars,01.mars,0.2,01.mai,21,16,50,0.00,0.00,0.00,0.00,0.00,0.27,0.05,0.31,0.27,0.31
Marco Bizot,nl NED,GK,Brest,31,1991,37,37,3 33,37.0,0,0,0,0,0,0,4,0,0.0,0.0,0.0,0.0,0,0,0,0.00,0.00,0.00,0.00,0.00,0.00,0.00,0.00,0.00,0.00
Rubén Blanco,es ESP,GK,Marseille,27,1995,6,6,495,05.mai,0,0,0,0,0,0,0,0,0.0,0.0,0.0,0.0,0,0,0,0.00,0.00,0.00,0.00,0.00,0.00,0.00,0.00,0.00,0.00
Player,Nation,Pos,Squad,Age,Born,MP,Starts,Min,90s,Gls,Ast,G+A,G-PK,PK,PKatt,CrdY,CrdR,xG,npxG,xAG,npxG+xAG,PrgC,PrgP,PrgR,Gls,Ast,G+A,G-PK,G+A-PK,xG,xAG,xG+xAG,npxG,npxG+xAG
Ludovic Blas,fr FRA,MF FW,Nantes,24,1997,37,30,2 813,31.mars,7,5,12,5,2,4,6,0,09.mars,06.avr,05.août,12.janv,122,147,248,0.22,0.16,0.38,0.16,0.32,0.30,0.18,0.48,0.20,0.39
Miha Blažič,si SVN,DF,Angers,29,1993,24,22,1 979,22.0,2,0,2,2,0,0,4,0,01.juin,01.juin,0.1,01.juin,0,64,0,0.09,0.00,0.09,0.09,0.09,0.07,0.00,0.07,0.07,0.07
Joaquín Blázquez,ar ARG,GK,Brest,21,2001,1,1,90,1.0,0,0,0,0,0,0,0,0,0.0,0.0,0.0,0.0,0,0,0,0.00,0.00,0.00,0.00,0.00,0.00,0.00,0.00,0.00,0.00
Myron Boadu,nl NED,FW,Monaco,21,2001,12,3,295,03.mars,3,0,3,3,0,0,0,0,02.juin,02.juin,0.3,02.sept,5,3,21,0.92,0.00,0.92,0.92,0.92,0.79,0.09,0.88,0.79,0.88
Jérôme Boateng,de GER,DF,Lyon,33,1988,8,6,428,04.août,0,0,0,0,0,0,0,0,0.0,0.0,0.2,0.2,0,6,0,0.00,0.00,0.00,0.00,0.00,0.00,0.04,0.04,0.00,0.04
Antonin Bobichon,fr FRA,MF,Angers,26,1995,3,0,18,0.2,0,0,0,0,0,0,0,0,0.1,0.1,0.2,0.3,2,4,8,0.00,0.00,0.00,0.00,0.00,0.28,01.janv,janv.30,0.28,janv.30
Quentin Boisgard,fr FRA,MF,Lorient,25,1997,5,1,184,2.0,1,0,1,1,0,0,1,0,0.4,0.4,0.1,0.5,7,11,15,0.49,0.00,0.49,0.49,0.49,0.19,0.05,0.25,0.19,0.25
Neto Borges,br BRA,DF,Clermont Foot,25,1996,33,33,2 833,31.mai,3,1,4,3,0,0,4,2,03.janv,03.janv,02.juil,05.août,69,100,189,0.10,0.03,0.13,0.10,0.13,0.10,0.09,0.19,0.10,0.18
Kenji-Van Boto,mg MAD,DF,Auxerre,26,1996,2,2,180,2.0,0,0,0,0,0,0,0,0,0.1,0.1,0.0,0.1,4,2,10,0.00,0.00,0.00,0.00,0.00,0.05,0.00,0.05,0.05,0.05
Kouamé Botué,bf BFA,FW MF,Ajaccio,19,2002,8,2,229,02.mai,0,0,0,0,0,0,0,0,01.févr,01.févr,0.1,01.mars,4,4,16,0.00,0.00,0.00,0.00,0.00,0.48,0.05,0.53,0.48,0.53
Badredine Bouanani,dz ALG,FW MF,Nice,17,2004,19,9,863,09.juin,0,4,4,0,0,0,0,0,01.juil,01.juil,03.mai,05.févr,47,31,98,0.00,0.42,0.42,0.00,0.42,0.18,0.36,0.54,0.18,0.54
Hicham Boudaoui,dz ALG,MF,Nice,22,1999,27,22,1 875,20.août,1,2,3,1,0,0,5,0,0.9,0.9,01.sept,02.août,39,110,55,0.05,0.10,0.14,0.05,0.14,0.04,0.09,0.14,0.04,0.14
Franci Bouebari,fr FRA,DF,Strasbourg,18,2003,2,0,76,0.8,0,0,0,0,0,0,0,0,0.0,0.0,0.0,0.0,0,0,2,0.00,0.00,0.00,0.00,0.00,0.00,0.03,0.03,0.00,0.03
Sofiane Boufal,ma MAR,FW MF,Angers,28,1993,13,9,834,09.mars,4,3,7,2,2,2,3,1,03.juin,02.janv,02.sept,5.0,49,56,94,0.43,0.32,0.76,0.22,0.54,0.39,0.32,0.71,0.22,0.54
Ismaël Boura,km COM,DF FW,Lens,21,2000,9,0,93,1.0,0,0,0,0,0,0,0,0,0.1,0.1,0.2,0.3,6,6,11,0.00,0.00,0.00,0.00,0.00,0.06,0.20,0.26,0.06,0.26
Benjamin Bourigeaud,fr FRA,MF FW,Rennes,28,1994,37,37,3 065,34.1,7,10,17,5,2,2,6,1,08.juil,07.janv,11.juin,18.juil,40,264,250,0.21,0.29,0.50,0.15,0.44,0.26,0.34,0.60,0.21,0.55
Bilal Brahimi,dz ALG,FW MF,Nice,22,2000,26,5,800,08.sept,3,2,5,3,0,0,0,0,1.0,1.0,01.juil,02.août,41,16,100,0.34,0.23,0.56,0.34,0.56,0.12,0.19,0.31,0.12,0.31
Lilian Brassier,fr FRA,DF,Brest,22,1999,36,35,3 093,34.4,0,0,0,0,0,0,5,0,01.janv,01.janv,0.9,2.0,20,111,29,0.00,0.00,0.00,0.00,0.00,0.03,0.03,0.06,0.03,0.06
Andreas Bruus,dk DEN,DF FW,Troyes,23,1999,27,18,1 628,18.janv,0,2,2,0,0,0,2,0,0.7,0.7,01.juil,02.avr,47,41,117,0.00,0.11,0.11,0.00,0.11,0.04,0.09,0.13,0.04,0.13
Joe Bryan,eng ENG,MF DF,Nice,28,1993,6,2,177,2.0,0,0,0,0,0,0,3,0,0.0,0.0,0.0,0.1,2,8,16,0.00,0.00,0.00,0.00,0.00,0.01,0.02,0.04,0.01,0.04
Adam Buksa,pl POL,FW MF,Lens,26,1996,8,0,101,01.janv,0,0,0,0,0,0,0,0,0.0,0.0,0.0,0.0,1,3,9,0.00,0.00,0.00,0.00,0.00,0.00,0.04,0.04,0.00,0.04
Maxime Busi,be BEL,DF,Reims,22,1999,21,11,1 043,11.juin,0,1,1,0,0,0,4,0,0.1,0.1,0.7,0.8,25,57,44,0.00,0.09,0.09,0.00,0.09,0.01,0.06,0.07,0.01,0.07
Marcin Bułka,pl POL,GK,Nice,22,1999,2,2,180,2.0,0,0,0,0,0,0,0,0,0.0,0.0,0.0,0.0,0,0,0,0.00,0.00,0.00,0.00,0.00,0.00,0.00,0.00,0.00,0.00
Rémy Cabella,fr FRA,MF FW,Lille,32,1990,32,28,2 525,28.janv,7,10,17,7,0,0,3,0,08.mars,08.mars,10.juil,19.0,113,230,242,0.25,0.36,0.61,0.25,0.61,0.30,0.38,0.68,0.30,0.68
Jimmy Cabot,fr FRA,DF MF,Lens,28,1994,11,5,511,05.juil,0,1,1,0,0,0,2,0,0.3,0.3,02.janv,02.avr,26,29,65,0.00,0.18,0.18,0.00,0.18,0.05,0.37,0.43,0.05,0.43
Player,Nation,Pos,Squad,Age,Born,MP,Starts,Min,90s,Gls,Ast,G+A,G-PK,PK,PKatt,CrdY,CrdR,xG,npxG,xAG,npxG+xAG,PrgC,PrgP,PrgR,Gls,Ast,G+A,G-PK,G+A-PK,xG,xAG,xG+xAG,npxG,npxG+xAG
Jens Cajuste,se SWE,MF,Reims,22,1999,31,14,1 53,17.0,3,1,4,3,0,0,8,1,01.mai,01.mai,01.févr,02.août,46,109,40,0.18,0.06,0.24,0.18,0.24,0.09,0.07,0.16,0.09,0.16
Duje Ćaleta-Car,hr CRO,DF,Marseille,25,1996,1,0,8,0.1,0,0,0,0,0,0,0,0,0.0,0.0,0.0,0.0,0,0,0,0.00,0.00,0.00,0.00,0.00,0.00,0.00,0.00,0.00,0.00
Mahdi Camara,fr FRA,MF,Brest,24,1998,31,20,1 82,20.févr,2,0,2,2,0,0,4,1,02.mai,02.mai,0.4,3.0,32,80,44,0.10,0.00,0.10,0.10,0.10,0.12,0.02,0.15,0.12,0.15
Mohamed Camara,ml MLI,MF,Monaco,22,2000,29,25,2 194,24.avr,0,3,3,0,0,0,6,1,1.0,1.0,02.févr,03.févr,28,135,19,0.00,0.12,0.12,0.00,0.12,0.04,0.09,0.13,0.04,0.13
Ousmane Camara,gn GUI,FW MF,Auxerre,20,2001,3,0,24,0.3,0,0,0,0,0,0,1,0,0.1,0.1,0.2,0.3,2,2,1,0.00,0.00,0.00,0.00,0.00,0.19,0.83,01.janv,0.19,01.janv
Ousmane Camara,ml MLI,DF,Angers,19,2003,9,6,521,05.août,0,0,0,0,0,0,2,0,0.2,0.2,0.0,0.2,3,16,0,0.00,0.00,0.00,0.00,0.00,0.03,0.00,0.03,0.03,0.03
Axel Camblan,fr FRA,FW MF,Brest,18,2003,7,0,68,0.8,0,0,0,0,0,0,0,0,0.2,0.2,0.1,0.3,2,4,9,0.00,0.00,0.00,0.00,0.00,0.22,0.17,0.39,0.22,0.39
Pierrick Capelle,fr FRA,MF DF,Angers,35,1987,26,15,1 428,15.sept,0,3,3,0,0,0,8,0,01.mai,01.mai,01.févr,02.juil,16,66,40,0.00,0.19,0.19,0.00,0.19,0.10,0.07,0.17,0.10,0.17
Maxence Caqueret,fr FRA,MF,Lyon,22,2000,36,32,2 767,30.juil,4,7,11,4,0,0,2,0,02.juin,02.juin,05.janv,07.juil,46,183,114,0.13,0.23,0.36,0.13,0.36,0.09,0.16,0.25,0.09,0.25
Irvin Cardona,mt MLT,FW MF,Brest,24,1997,10,1,233,02.juin,0,0,0,0,0,0,0,0,0.2,0.2,0.3,0.5,3,4,14,0.00,0.00,0.00,0.00,0.00,0.07,0.12,0.18,0.07,0.18
Igor Carioca,br BRA,DF,Lorient,25,1996,7,5,456,05.janv,0,0,0,0,0,0,2,1,0.2,0.2,0.5,0.7,8,22,23,0.00,0.00,0.00,0.00,0.00,0.04,0.10,0.14,0.04,0.14
Matis Carvalho,pt POR,GK,Montpellier,23,1999,2,1,136,01.mai,0,0,0,0,0,0,0,0,0.0,0.0,0.0,0.0,0,0,0,0.00,0.00,0.00,0.00,0.00,0.00,0.00,0.00,0.00,0.00
Jean-Charles Castelletto,cm CMR,DF,Nantes,27,1995,32,30,2 568,28.mai,0,0,0,0,0,0,3,0,0.7,0.7,0.4,01.févr,19,120,20,0.00,0.00,0.00,0.00,0.00,0.03,0.01,0.04,0.03,0.04
Yoann Cathline,fr FRA,FW MF,Lorient,20,2002,23,11,1 09,12.janv,1,1,2,1,0,0,0,0,01.mai,01.mai,0.7,02.févr,46,29,106,0.08,0.08,0.17,0.08,0.17,0.12,0.05,0.18,0.12,0.18
Maximiliano Caufriez,be BEL,DF,Clermont Foot,25,1997,26,25,2 222,24.juil,1,0,1,1,0,0,10,1,0.9,0.9,0.0,0.9,33,92,13,0.04,0.00,0.04,0.04,0.04,0.04,0.00,0.04,0.04,0.04
Fabien Centonze,fr FRA,DF,Nantes,26,1996,23,19,1 689,18.août,0,0,0,0,0,0,4,0,0.7,0.7,0.9,01.juin,42,102,125,0.00,0.00,0.00,0.00,0.00,0.04,0.05,0.09,0.04,0.09
Florian Chabrolle,fr FRA,MF,Ajaccio,24,1998,7,3,329,03.juil,0,0,0,0,0,0,1,0,0.1,0.1,0.0,0.1,1,14,8,0.00,0.00,0.00,0.00,0.00,0.01,0.00,0.01,0.01,0.01
El Chadaille Bitshiabu,fr FRA,DF,Paris S-G,17,2005,13,6,583,06.mai,0,0,0,0,0,0,2,0,0.0,0.0,0.1,0.1,1,23,8,0.00,0.00,0.00,0.00,0.00,0.00,0.01,0.01,0.00,0.01
Fares Chaïbi,dz ALG,FW MF,Toulouse,19,2002,36,24,2 34,26.0,5,5,10,5,0,0,2,0,05.sept,05.sept,04.sept,10.sept,71,101,212,0.19,0.19,0.38,0.19,0.38,0.23,0.19,0.42,0.23,0.42
Muhammed Cham,at AUT,MF,Clermont Foot,21,2000,38,23,1 968,21.sept,7,4,11,5,2,2,2,0,6.0,04.avr,03.janv,07.mai,71,106,120,0.32,0.18,0.50,0.23,0.41,0.27,0.14,0.41,0.20,0.34
Gaëtan Charbonnier,fr FRA,FW MF,Auxerre,33,1988,6,3,254,02.août,1,0,1,1,0,0,1,0,0.6,0.6,0.2,0.7,2,11,18,0.35,0.00,0.35,0.35,0.35,0.21,0.05,0.26,0.21,0.26
Brendan Chardonnet,fr FRA,DF,Brest,27,1994,30,27,2 491,27.juil,0,0,0,0,0,0,6,0,01.févr,01.févr,0.4,01.mai,9,80,7,0.00,0.00,0.00,0.00,0.00,0.04,0.01,0.06,0.04,0.06
Xavier Chavalerin,fr FRA,MF,Troyes,31,1991,34,25,2 426,27.0,4,2,6,4,0,0,3,0,01.mai,01.mai,02.mars,03.août,18,95,49,0.15,0.07,0.22,0.15,0.22,0.06,0.08,0.14,0.06,0.14
Ivane Chegra,fr FRA,MF FW,Ajaccio,18,2004,6,1,193,02.janv,0,0,0,0,0,0,0,0,0.0,0.0,0.1,0.1,7,7,5,0.00,0.00,0.00,0.00,0.00,0.01,0.04,0.06,0.01,0.06
Rayan Cherki,fr FRA,MF FW,Lyon,18,2003,34,21,1 872,20.août,4,6,10,4,0,0,3,0,04.sept,04.sept,07.févr,12.janv,133,144,260,0.19,0.29,0.48,0.19,0.48,0.24,0.34,0.58,0.24,0.58
Player,Nation,Pos,Squad,Age,Born,MP,Starts,Min,90s,Gls,Ast,G+A,G-PK,PK,PKatt,CrdY,CrdR,xG,npxG,xAG,npxG+xAG,PrgC,PrgP,PrgR,Gls,Ast,G+A,G-PK,G+A-PK,xG,xAG,xG+xAG,npxG,npxG+xAG
Ilyes Cheti,dz ALG,DF,Angers,27,1995,6,2,207,02.mars,0,0,0,0,0,0,1,0,0.0,0.0,0.2,0.2,2,4,7,0.00,0.00,0.00,0.00,0.00,0.00,0.07,0.07,0.00,0.07
Lucas Chevalier,fr FRA,GK,Lille,20,2001,32,32,2 88,32.0,0,0,0,0,0,0,1,0,0.0,0.0,0.6,0.6,0,0,0,0.00,0.00,0.00,0.00,0.00,0.00,0.02,0.02,0.00,0.02
Pedro Chirivella,es ESP,MF,Nantes,25,1997,26,25,2 028,22.mai,0,1,1,0,0,0,1,0,0.8,0.8,01.juil,02.mai,15,172,22,0.00,0.04,0.04,0.00,0.04,0.04,0.07,0.11,0.04,0.11
Joris Chotard,fr FRA,MF,Montpellier,20,2001,35,26,2 461,27.mars,0,6,6,0,0,0,4,0,0.6,0.6,03.mai,04.janv,8,105,28,0.00,0.22,0.22,0.00,0.22,0.02,0.13,0.15,0.02,0.15
Yanis Cimignani,fr FRA,MF DF,Ajaccio,20,2002,8,3,279,03.janv,0,0,0,0,0,0,0,0,0.2,0.2,0.1,0.3,3,0,17,0.00,0.00,0.00,0.00,0.00,0.06,0.03,0.09,0.06,0.09
Souleymane Cissé,fr FRA,DF,Clermont Foot,19,2002,2,0,36,0.4,0,0,0,0,0,0,0,0,0.0,0.0,0.0,0.0,0,0,1,0.00,0.00,0.00,0.00,0.00,0.11,0.00,0.11,0.11,0.11
Alexis Claude-Maurice,fr FRA,FW,Nice,24,1998,2,1,64,0.7,0,0,0,0,0,0,0,0,0.1,0.1,0.0,0.1,0,2,1,0.00,0.00,0.00,0.00,0.00,0.12,0.07,0.18,0.12,0.18
Alexis Claude-Maurice,fr FRA,MF FW,Lens,24,1998,20,5,604,06.juil,5,3,8,5,0,0,0,0,02.juin,02.juin,01.mars,03.sept,11,25,43,0.75,0.45,janv.19,0.75,janv.19,0.39,0.19,0.58,0.39,0.58
Jonathan Clauss,fr FRA,DF,Marseille,29,1992,34,32,2 59,28.août,2,9,11,2,0,0,1,0,04.févr,04.févr,08.avr,12.juin,83,121,240,0.07,0.31,0.38,0.07,0.38,0.15,0.29,0.44,0.15,0.44
Marcus Coco,fr FRA,FW MF,Nantes,26,1996,26,6,641,07.janv,1,0,1,1,0,0,2,0,01.janv,01.janv,01.janv,02.févr,23,26,56,0.14,0.00,0.14,0.14,0.14,0.16,0.15,0.31,0.16,0.31
Alexandre Coeff,fr FRA,DF,Auxerre,30,1992,7,6,586,06.mai,0,1,1,0,0,0,0,0,0.1,0.1,0.3,0.4,3,26,9,0.00,0.15,0.15,0.00,0.15,0.01,0.05,0.06,0.01,0.06
Abdu Conté,pt POR,DF,Troyes,24,1998,19,15,1 315,14.juin,1,2,3,1,0,0,0,0,0.6,0.6,2.0,02.juin,32,56,91,0.07,0.14,0.21,0.07,0.21,0.04,0.14,0.18,0.04,0.18
Sébastien Corchia,fr FRA,DF,Nantes,31,1990,22,6,786,08.juil,0,1,1,0,0,0,3,0,0.2,0.2,0.3,0.5,21,29,65,0.00,0.11,0.11,0.00,0.11,0.02,0.04,0.05,0.02,0.05
David Costa,pt POR,MF FW,Lens,21,2001,31,16,1 407,15.juin,1,3,4,1,0,0,2,0,02.août,02.août,04.janv,06.sept,61,117,133,0.06,0.19,0.26,0.06,0.26,0.18,0.26,0.44,0.18,0.44
Logan Costa,cv CPV,DF,Toulouse,21,2001,6,4,415,04.juin,0,0,0,0,0,0,0,0,0.6,0.6,0.2,0.8,5,18,0,0.00,0.00,0.00,0.00,0.00,0.13,0.04,0.17,0.13,0.17
Nuno da Costa,cv CPV,FW MF,Auxerre,31,1991,33,23,2 003,22.mars,5,4,9,5,0,0,5,1,04.juin,04.juin,03.juil,08.mars,30,32,130,0.22,0.18,0.40,0.22,0.40,0.21,0.17,0.37,0.21,0.37
Benoît Costil,fr FRA,GK,Auxerre,35,1987,19,19,1 71,19.0,0,0,0,0,0,0,0,0,0.0,0.0,0.0,0.0,0,1,0,0.00,0.00,0.00,0.00,0.00,0.00,0.00,0.00,0.00,0.00
Mathieu Coutadeur,fr FRA,MF,Ajaccio,36,1986,27,22,1 947,21.juin,0,0,0,0,0,0,2,0,0.1,0.1,1.0,01.janv,20,110,22,0.00,0.00,0.00,0.00,0.00,0.00,0.05,0.05,0.00,0.05
Nicolas Cozza,fr FRA,DF,Montpellier,23,1999,17,14,1 277,14.févr,2,1,3,2,0,0,3,0,01.avr,01.avr,0.8,02.janv,20,48,34,0.14,0.07,0.21,0.14,0.21,0.10,0.05,0.15,0.10,0.15
Damien Da Silva,fr FRA,DF,Lyon,34,1988,7,3,338,03.août,0,0,0,0,0,0,2,0,0.1,0.1,0.0,0.1,2,18,1,0.00,0.00,0.00,0.00,0.00,0.03,0.00,0.03,0.03,0.03
Andréa Dacourt,fr FRA,MF,Nice,17,2005,1,0,1,0.0,0,0,0,0,0,0,0,0,0.0,0.0,0.0,0.0,0,0,0,0.00,0.00,0.00,0.00,0.00,0.00,0.00,0.00,0.00,0.00
Colin Dagba,fr FRA,DF MF,Strasbourg,23,1998,21,12,958,10.juin,0,0,0,0,0,0,3,0,0.4,0.4,0.8,01.janv,26,31,48,0.00,0.00,0.00,0.00,0.00,0.03,0.07,0.10,0.03,0.10
Thijs Dallinga,nl NED,FW,Toulouse,21,2000,36,28,2 353,26.janv,12,1,13,12,0,0,4,0,09.août,09.août,2.0,11.sept,23,30,174,0.46,0.04,0.50,0.46,0.50,0.38,0.08,0.46,0.38,0.46
Flavius Daniliuc,at AUT,DF,Nice,21,2001,2,1,91,1.0,0,0,0,0,0,0,0,0,0.0,0.0,0.1,0.1,2,4,3,0.00,0.00,0.00,0.00,0.00,0.00,0.05,0.05,0.00,0.05
Kévin Danois,fr FRA,MF,Auxerre,18,2004,1,0,2,0.0,0,0,0,0,0,0,0,0,0.0,0.0,0.0,0.0,0,0,0,0.00,0.00,0.00,0.00,0.00,0.00,0.00,0.00,0.00,0.00
Player,Nation,Pos,Squad,Age,Born,MP,Starts,Min,90s,Gls,Ast,G+A,G-PK,PK,PKatt,CrdY,CrdR,xG,npxG,xAG,npxG+xAG,PrgC,PrgP,PrgR,Gls,Ast,G+A,G-PK,G+A-PK,xG,xAG,xG+xAG,npxG,npxG+xAG
Kevin Danso,at AUT,DF,Lens,23,1998,37,37,3 232,35.9,1,2,3,1,0,0,7,1,02.mai,02.avr,1.0,03.mai,34,163,2,0.03,0.06,0.08,0.03,0.08,0.07,0.03,0.10,0.07,0.10
Dante,br BRA,DF,Nice,38,1983,37,37,3 299,36.7,1,2,3,1,0,0,6,0,01.mai,01.mai,01.juil,03.févr,12,160,3,0.03,0.05,0.08,0.03,0.08,0.04,0.05,0.09,0.04,0.09
Achraf Dari,ma MAR,DF,Brest,23,1999,18,15,1 317,14.juin,1,0,1,1,0,0,1,0,0.4,0.4,0.0,0.4,3,33,1,0.07,0.00,0.07,0.07,0.07,0.02,0.00,0.03,0.02,0.03
Jonathan David,ca CAN,FW,Lille,22,2000,37,36,3 166,35.2,24,4,28,14,10,11,6,0,23.juin,15.janv,06.janv,21.févr,67,95,297,0.68,0.11,0.80,0.40,0.51,0.67,0.17,0.84,0.43,0.60
Thibault De Smet,be BEL,DF,Reims,24,1998,22,20,1 758,19.mai,0,1,1,0,0,0,2,0,0.0,0.0,01.mars,01.mars,39,89,89,0.00,0.05,0.05,0.00,0.05,0.00,0.07,0.07,0.00,0.07
Brecht Dejaegere,be BEL,MF,Toulouse,31,1991,30,25,1 809,20.janv,4,1,5,4,0,0,5,0,02.juin,02.juin,01.juil,04.mars,36,96,96,0.20,0.05,0.25,0.20,0.25,0.13,0.08,0.21,0.13,0.21
Romain Del Castillo,fr FRA,MF FW,Brest,26,1996,27,16,1 422,15.août,6,6,12,1,5,5,2,0,06.mars,02.avr,04.févr,06.juin,47,75,125,0.38,0.38,0.76,0.06,0.44,0.40,0.27,0.67,0.15,0.42
Thomas Delaine,fr FRA,DF MF,Strasbourg,30,1992,17,13,1 069,11.sept,0,2,2,0,0,0,3,0,0.4,0.4,01.avr,01.août,38,21,92,0.00,0.17,0.17,0.00,0.17,0.03,0.12,0.15,0.03,0.15
Sacha Delaye,fr FRA,FW MF,Montpellier,20,2002,3,0,20,0.2,1,0,1,1,0,0,0,0,0.1,0.1,0.0,0.1,1,1,0,avr.50,0.00,avr.50,avr.50,avr.50,0.31,0.00,0.31,0.31,0.31
Andy Delort,dz ALG,FW,Nice,30,1991,14,9,781,08.juil,6,1,7,3,3,3,0,0,05.avr,3.0,01.avr,04.avr,7,19,48,0.69,0.12,0.81,0.35,0.46,0.62,0.16,0.78,0.35,0.51
Andy Delort,dz ALG,FW,Nantes,30,1991,12,6,469,05.févr,0,0,0,0,0,0,0,0,02.mai,02.mai,0.7,03.mars,2,9,44,0.00,0.00,0.00,0.00,0.00,0.49,0.14,0.63,0.49,0.63
Karamoko Dembélé,eng ENG,FW MF,Brest,19,2003,15,0,179,2.0,0,0,0,0,0,0,0,0,0.2,0.2,0.2,0.4,7,5,26,0.00,0.00,0.00,0.00,0.00,0.11,0.08,0.19,0.11,0.19
Moussa Dembélé,fr FRA,FW MF,Lyon,26,1996,23,8,877,09.juil,3,0,3,3,0,0,1,0,03.août,03.août,0.3,04.janv,10,23,66,0.31,0.00,0.31,0.31,0.31,0.39,0.03,0.42,0.39,0.42
Siriki Dembélé,ci CIV,MF FW,Auxerre,25,1996,12,4,372,04.janv,0,0,0,0,0,0,1,0,0.3,0.3,1.0,01.mars,14,9,29,0.00,0.00,0.00,0.00,0.00,0.07,0.23,0.30,0.07,0.30
Branco van den Boomen,nl NED,MF,Toulouse,27,1995,35,32,2 888,32.1,5,8,13,1,4,4,6,0,6.0,02.sept,08.janv,10.sept,48,321,102,0.16,0.25,0.41,0.03,0.28,0.19,0.25,0.44,0.09,0.34
Rémy Descamps,fr FRA,GK,Nantes,26,1996,1,1,90,1.0,0,0,0,0,0,0,1,0,0.0,0.0,0.0,0.0,0,0,0,0.00,0.00,0.00,0.00,0.00,0.00,0.00,0.00,0.00,0.00
Mikkel Desler,dk DEN,DF,Toulouse,27,1995,27,26,2 257,25.janv,1,2,3,1,0,0,5,1,0.8,0.8,01.sept,02.juil,59,136,127,0.04,0.08,0.12,0.04,0.12,0.03,0.08,0.11,0.03,0.11
Mamadou Diakhon,fr FRA,FW,Reims,16,2005,2,0,21,0.2,0,0,0,0,0,0,0,0,0.0,0.0,0.0,0.0,1,0,1,0.00,0.00,0.00,0.00,0.00,0.14,0.00,0.14,0.14,0.14
Bafodé Diakité,fr FRA,DF,Lille,21,2001,33,29,2 653,29.mai,3,0,3,3,0,0,6,0,01.juil,01.juil,0.7,02.avr,43,179,67,0.10,0.00,0.10,0.10,0.10,0.06,0.02,0.08,0.06,0.08
Ibrahim Diakité,gn GUI,DF,Reims,18,2003,3,1,131,01.mai,0,0,0,0,0,0,1,0,0.2,0.2,0.0,0.2,0,2,6,0.00,0.00,0.00,0.00,0.00,0.14,0.00,0.14,0.14,0.14
Baila Diallo,fr FRA,DF MF,Clermont Foot,21,2001,6,0,89,1.0,0,0,0,0,0,0,0,0,0.0,0.0,0.0,0.0,3,1,9,0.00,0.00,0.00,0.00,0.00,0.02,0.00,0.02,0.02,0.02
Habib Diallo,sn SEN,FW,Strasbourg,27,1995,37,32,2 879,32.0,20,1,21,17,3,4,4,1,17.juil,14.mai,03.mai,18.0,40,41,203,0.63,0.03,0.66,0.53,0.56,0.55,0.11,0.66,0.45,0.56
Ismael Diallo,ci CIV,DF,Ajaccio,25,1997,28,25,2 176,24.févr,0,0,0,0,0,0,9,1,0.3,0.3,0.6,0.8,36,70,36,0.00,0.00,0.00,0.00,0.00,0.01,0.02,0.03,0.01,0.03
Habib Diarra,sn SEN,MF FW,Strasbourg,18,2004,29,18,1 626,18.janv,3,2,5,3,0,0,4,0,01.août,01.août,02.févr,04.janv,68,52,89,0.17,0.11,0.28,0.17,0.28,0.10,0.12,0.23,0.10,0.23
Moussa Diarra,ml MLI,DF,Toulouse,21,2000,23,12,1 225,13.juin,0,1,1,0,0,0,0,0,0.2,0.2,0.7,0.9,21,50,43,0.00,0.07,0.07,0.00,0.07,0.01,0.05,0.06,0.01,0.06
Player,Nation,Pos,Squad,Age,Born,MP,Starts,Min,90s,Gls,Ast,G+A,G-PK,PK,PKatt,CrdY,CrdR,xG,npxG,xAG,npxG+xAG,PrgC,PrgP,PrgR,Gls,Ast,G+A,G-PK,G+A-PK,xG,xAG,xG+xAG,npxG,npxG+xAG
Stéphane Diarra,fr FRA,FW MF,Lorient,23,1998,28,14,1 066,11.août,2,0,2,2,0,0,1,0,02.févr,02.févr,01.juil,4.0,40,33,85,0.17,0.00,0.17,0.17,0.17,0.19,0.15,0.33,0.19,0.33
Krépin Diatta,sn SEN,MF FW,Monaco,23,1999,31,22,2 072,23.0,4,2,6,4,0,0,3,0,04.juin,04.juin,03.avr,8.0,80,90,229,0.17,0.09,0.26,0.17,0.26,0.20,0.15,0.35,0.20,0.35
Mory Diaw,sn SEN,GK,Clermont Foot,29,1993,37,37,3 33,37.0,0,0,0,0,0,0,0,0,0.0,0.0,0.2,0.2,0,0,0,0.00,0.00,0.00,0.00,0.00,0.00,0.00,0.00,0.00,0.00
Bamba Dieng,sn SEN,FW MF,Marseille,22,2000,10,1,194,02.févr,1,0,1,1,0,0,1,0,01.mai,01.mai,0.1,01.juin,5,1,23,0.46,0.00,0.46,0.46,0.46,0.71,0.04,0.76,0.71,0.76
Bamba Dieng,sn SEN,FW,Lorient,22,2000,15,9,747,08.mars,3,0,3,2,1,1,1,0,04.sept,04.janv,0.6,04.juil,4,7,48,0.36,0.00,0.36,0.24,0.24,0.59,0.08,0.67,0.50,0.57
Tristan Dingomé,cm CMR,MF,Troyes,31,1991,8,0,99,01.janv,0,0,0,0,0,0,0,0,0.2,0.2,0.3,0.4,1,6,4,0.00,0.00,0.00,0.00,0.00,0.16,0.23,0.39,0.16,0.39
Sinaly Diomande,ci CIV,DF,Lyon,21,2001,24,22,1 957,21.juil,0,0,0,0,0,0,2,1,0.8,0.8,0.2,1.0,10,108,8,0.00,0.00,0.00,0.00,0.00,0.04,0.01,0.05,0.04,0.05
Lois Diony,fr FRA,FW,Angers,29,1992,11,5,506,05.juin,1,0,1,1,0,0,1,0,02.févr,02.févr,0.3,02.mai,14,11,64,0.18,0.00,0.18,0.18,0.18,0.39,0.06,0.45,0.39,0.45
Edan Diop,fr FRA,DF FW,Monaco,17,2004,7,1,223,02.mai,1,0,1,1,0,0,0,0,01.févr,01.févr,0.8,02.janv,8,17,29,0.40,0.00,0.40,0.40,0.40,0.49,0.34,0.83,0.49,0.83
Sofiane Diop,fr FRA,MF FW,Nice,22,2000,22,14,1 228,13.juin,1,4,5,1,0,0,1,0,02.juin,02.juin,01.sept,04.avr,55,72,91,0.07,0.29,0.37,0.07,0.37,0.19,0.14,0.33,0.19,0.33
Sofiane Diop,fr FRA,MF,Monaco,22,2000,1,1,65,0.7,1,0,1,1,0,0,0,0,1.0,1.0,0.1,01.janv,5,2,10,janv.38,0.00,janv.38,janv.38,janv.38,janv.40,0.11,janv.51,janv.40,janv.51
Yehvann Diouf,sn SEN,GK,Reims,22,1999,31,31,2 79,31.0,0,0,0,0,0,0,2,0,0.0,0.0,0.0,0.0,0,1,0,0.00,0.00,0.00,0.00,0.00,0.00,0.00,0.00,0.00,0.00
Axel Disasi,fr FRA,DF,Monaco,24,1998,38,37,3 33,37.0,3,3,6,3,0,1,3,0,03.août,3.0,01.févr,04.févr,64,206,17,0.08,0.08,0.16,0.08,0.16,0.10,0.03,0.13,0.08,0.11
Tiago Djaló,pt POR,DF,Lille,22,2000,25,24,2 017,22.avr,2,0,2,2,0,0,7,0,01.mars,01.mars,0.1,01.avr,9,70,4,0.09,0.00,0.09,0.09,0.09,0.06,0.01,0.06,0.06,0.06
Alexander Djiku,gh GHA,DF,Strasbourg,27,1994,31,31,2 677,29.juil,1,2,3,1,0,0,8,1,01.avr,01.avr,0.7,02.janv,4,136,4,0.03,0.07,0.10,0.03,0.10,0.05,0.02,0.07,0.05,0.07
Moussa Djitte,sn SEN,FW,Ajaccio,22,1999,6,1,136,01.mai,0,0,0,0,0,0,0,0,0.1,0.1,0.0,0.2,0,2,12,0.00,0.00,0.00,0.00,0.00,0.09,0.01,0.10,0.09,0.10
Ouparine Djoco,gw GNB,GK,Clermont Foot,24,1998,1,1,90,1.0,0,0,0,0,0,0,0,0,0.0,0.0,0.0,0.0,0,0,0,0.00,0.00,0.00,0.00,0.00,0.00,0.00,0.00,0.00,0.00
Alan Do Marcolino,ga GAB,FW,Rennes,20,2002,3,0,19,0.2,0,0,0,0,0,0,0,0,0.0,0.0,0.0,0.0,0,0,0,0.00,0.00,0.00,0.00,0.00,0.00,0.00,0.00,0.00,0.00
Jeremy Doku,be BEL,MF FW,Rennes,20,2002,29,13,1 291,14.mars,6,2,8,6,0,0,0,0,02.juil,02.juil,04.sept,07.mai,101,71,156,0.42,0.14,0.56,0.42,0.56,0.19,0.34,0.53,0.19,0.53
Kyliane Dong,fr FRA,MF FW,Troyes,17,2004,6,2,213,02.avr,0,0,0,0,0,0,0,0,0.1,0.1,0.2,0.3,12,4,18,0.00,0.00,0.00,0.00,0.00,0.06,0.08,0.15,0.06,0.15
Jordan Dongmo,cm CMR,MF,Troyes,21,2001,2,0,20,0.2,0,0,0,0,0,0,0,0,0.0,0.0,0.0,0.0,0,0,0,0.00,0.00,0.00,0.00,0.00,0.00,0.00,0.00,0.00,0.00
Gianluigi Donnarumma,it ITA,GK,Paris S-G,23,1999,38,38,3 409,37.9,0,0,0,0,0,0,3,0,0.0,0.0,0.0,0.0,0,0,0,0.00,0.00,0.00,0.00,0.00,0.00,0.00,0.00,0.00,0.00
Jodel Dossou,bj BEN,MF DF,Clermont Foot,30,1992,9,2,258,02.sept,1,0,1,1,0,0,0,0,0.4,0.4,0.2,0.6,8,6,23,0.35,0.00,0.35,0.35,0.35,0.15,0.05,0.21,0.15,0.21
Lohann Doucet,fr FRA,MF FW,Nantes,19,2002,9,0,91,1.0,0,0,0,0,0,0,0,0,0.1,0.1,0.2,0.2,2,9,1,0.00,0.00,0.00,0.00,0.00,0.05,0.15,0.20,0.05,0.20
Siriné Doucouré,ml MLI,FW MF,Lorient,20,2002,12,0,136,01.mai,0,1,1,0,0,0,0,0,0.7,0.7,0.6,01.mars,5,5,20,0.00,0.66,0.66,0.00,0.66,0.47,0.41,0.88,0.47,0.88
Player,Nation,Pos,Squad,Age,Born,MP,Starts,Min,90s,Gls,Ast,G+A,G-PK,PK,PKatt,CrdY,CrdR,xG,npxG,xAG,npxG+xAG,PrgC,PrgP,PrgR,Gls,Ast,G+A,G-PK,G+A-PK,xG,xAG,xG+xAG,npxG,npxG+xAG
Désiré Doué,fr FRA,MF FW,Rennes,17,2005,26,11,1 115,12.avr,3,1,4,3,0,0,5,0,01.juin,01.juin,01.mai,03.janv,39,57,83,0.24,0.08,0.32,0.24,0.32,0.13,0.12,0.25,0.13,0.25
Guela Doué,ci CIV,FW MF,Rennes,19,2002,2,0,12,0.1,0,0,0,0,0,0,0,0,0.0,0.0,0.0,0.0,0,1,0,0.00,0.00,0.00,0.00,0.00,0.25,0.00,0.25,0.25,0.25
Ismaël Doukouré,fr FRA,DF MF,Strasbourg,19,2003,28,25,2 297,25.mai,1,1,2,1,0,0,5,0,0.3,0.3,0.4,0.7,27,99,20,0.04,0.04,0.08,0.04,0.08,0.01,0.02,0.03,0.01,0.03
Kamory Doumbia,ml MLI,MF,Reims,19,2003,26,13,1 155,12.août,2,2,4,1,1,1,0,0,03.juil,02.sept,02.sept,05.août,29,85,82,0.16,0.16,0.31,0.08,0.23,0.29,0.23,0.51,0.23,0.45
Souleyman Doumbia,ci CIV,DF FW,Angers,25,1996,24,21,1 79,19.sept,0,0,0,0,0,0,2,1,1.0,1.0,01.juin,02.juin,52,58,95,0.00,0.00,0.00,0.00,0.00,0.05,0.08,0.13,0.05,0.13
Rémy Dugimont,fr FRA,FW MF,Auxerre,36,1986,11,0,113,01.mars,0,1,1,0,0,0,1,0,0.1,0.1,0.3,0.4,2,8,12,0.00,0.80,0.80,0.00,0.80,0.07,0.22,0.29,0.07,0.29
Maxime Dupé,fr FRA,GK,Toulouse,29,1993,38,38,3 42,38.0,0,0,0,0,0,0,2,0,0.0,0.0,0.0,0.0,0,0,0,0.00,0.00,0.00,0.00,0.00,0.00,0.00,0.00,0.00,0.00
Jean-Kevin Duverne,ht HAI,DF,Brest,25,1997,34,27,2 515,27.sept,0,0,0,0,0,0,2,0,0.4,0.4,0.8,01.févr,80,149,134,0.00,0.00,0.00,0.00,0.00,0.01,0.03,0.04,0.01,0.04
Hugo Ekitike,fr FRA,FW,Paris S-G,20,2002,25,12,1 155,12.août,3,4,7,3,0,0,0,0,03.juil,03.juil,01.juin,05.mars,23,23,84,0.23,0.31,0.55,0.23,0.55,0.29,0.13,0.42,0.29,0.42
Alberth Elis,hn HON,MF FW,Brest,26,1996,10,2,257,02.sept,0,0,0,0,0,0,0,0,0.5,0.5,0.2,0.7,8,4,19,0.00,0.00,0.00,0.00,0.00,0.18,0.06,0.24,0.18,0.24
Breel Embolo,ch SUI,FW,Monaco,25,1997,32,19,1 859,20.juil,12,2,14,12,0,1,3,0,08.mai,07.juin,03.févr,10.août,24,52,159,0.58,0.10,0.68,0.58,0.68,0.41,0.16,0.57,0.37,0.52
Maxime Estève,fr FRA,DF,Montpellier,20,2002,23,18,1 646,18.mars,0,0,0,0,0,0,3,0,0.6,0.6,0.1,0.6,9,44,1,0.00,0.00,0.00,0.00,0.00,0.03,0.00,0.03,0.03,0.03
Fábio,br BRA,DF MF,Nantes,32,1990,6,3,224,02.mai,0,0,0,0,0,0,1,1,0.2,0.2,0.6,0.8,4,11,18,0.00,0.00,0.00,0.00,0.00,0.08,0.24,0.32,0.08,0.32
Noah Fadiga,sn SEN,DF,Brest,22,1999,21,16,1 308,14.mai,1,0,1,1,0,0,2,0,0.7,0.7,0.1,0.8,43,63,36,0.07,0.00,0.07,0.07,0.07,0.05,0.01,0.06,0.05,0.06
Wout Faes,be BEL,DF,Reims,24,1998,3,3,270,3.0,0,0,0,0,0,0,2,0,0.0,0.0,0.0,0.0,1,8,1,0.00,0.00,0.00,0.00,0.00,0.00,0.00,0.00,0.00,0.00
Romain Faivre,fr FRA,MF FW,Lorient,24,1998,16,14,1 246,13.août,5,3,8,5,0,0,0,0,02.juil,02.juil,02.janv,04.août,77,67,66,0.36,0.22,0.58,0.36,0.58,0.19,0.15,0.34,0.19,0.34
Romain Faivre,fr FRA,MF,Lyon,24,1998,10,3,300,03.mars,0,1,1,0,0,0,0,0,0.2,0.2,0.3,0.5,14,24,16,0.00,0.30,0.30,0.00,0.30,0.05,0.09,0.14,0.05,0.14
Fallou Fall,sn SEN,DF,Reims,18,2004,1,0,32,0.4,0,0,0,0,0,0,1,0,0.0,0.0,0.0,0.0,0,1,0,0.00,0.00,0.00,0.00,0.00,0.00,0.00,0.00,0.00,0.00
Khalil Fayad,fr FRA,MF,Montpellier,18,2004,24,7,718,8.0,0,2,2,0,0,0,1,1,0.5,0.5,01.avr,01.sept,9,22,11,0.00,0.25,0.25,0.00,0.25,0.06,0.17,0.24,0.06,0.24
Cheikh Faye,sn SEN,FW,Montpellier,23,1999,2,0,37,0.4,0,0,0,0,0,0,0,0,0.0,0.0,0.0,0.0,0,0,3,0.00,0.00,0.00,0.00,0.00,0.00,0.00,0.00,0.00,0.00
Jordan Ferri,fr FRA,MF,Montpellier,30,1992,34,32,2 738,30.avr,1,2,3,1,0,0,7,1,0.8,0.8,3.0,03.août,37,209,42,0.03,0.07,0.10,0.03,0.10,0.03,0.10,0.13,0.03,0.13
Karol Fila,pl POL,DF,Strasbourg,24,1998,2,0,47,0.5,0,0,0,0,0,0,0,0,0.1,0.1,0.0,0.1,4,4,4,0.00,0.00,0.00,0.00,0.00,0.14,0.00,0.14,0.14,0.14
Alexis Flips,fr FRA,FW MF,Reims,22,2000,33,28,1 978,22.0,4,6,10,4,0,0,3,1,03.sept,03.sept,06.févr,10.0,23,110,162,0.18,0.27,0.46,0.18,0.46,0.18,0.28,0.46,0.18,0.46
Seko Fofana,ci CIV,MF,Lens,27,1995,35,34,3 073,34.1,7,5,12,6,1,2,2,0,09.mars,07.juil,03.juin,11.mars,117,165,233,0.21,0.15,0.35,0.18,0.32,0.27,0.11,0.38,0.22,0.33
Yahia Fofana,ci CIV,GK,Angers,21,2000,11,11,990,11.0,0,0,0,0,0,0,2,0,0.0,0.0,0.0,0.0,0,0,0,0.00,0.00,0.00,0.00,0.00,0.00,0.00,0.00,0.00,0.00
Player,Nation,Pos,Squad,Age,Born,MP,Starts,Min,90s,Gls,Ast,G+A,G-PK,PK,PKatt,CrdY,CrdR,xG,npxG,xAG,npxG+xAG,PrgC,PrgP,PrgR,Gls,Ast,G+A,G-PK,G+A-PK,xG,xAG,xG+xAG,npxG,npxG+xAG
Youssouf Fofana,fr FRA,MF,Monaco,23,1999,36,35,3 086,34.3,2,2,4,2,0,0,4,2,02.août,02.août,04.avr,07.févr,81,238,71,0.06,0.06,0.12,0.06,0.12,0.08,0.13,0.21,0.08,0.21
Thomas Foket,be BEL,DF,Reims,27,1994,24,23,1 976,22.0,0,1,1,0,0,0,0,0,0.1,0.1,02.août,02.sept,56,94,154,0.00,0.05,0.05,0.00,0.05,0.01,0.13,0.13,0.01,0.13
José Fonte,pt POR,DF,Lille,38,1983,31,30,2 592,28.août,1,0,1,1,0,0,7,0,01.avr,01.avr,0.4,01.août,7,99,8,0.03,0.00,0.03,0.03,0.03,0.05,0.01,0.06,0.05,0.06
Steven Fortes,cv CPV,DF,Lens,30,1992,1,0,7,0.1,0,0,0,0,0,0,0,0,0.0,0.0,0.0,0.0,0,0,0,0.00,0.00,0.00,0.00,0.00,0.00,0.00,0.00,0.00,0.00
Przemysław Frankowski,pl POL,DF MF,Lens,27,1995,37,31,2 833,31.mai,5,3,8,2,3,3,4,0,04.févr,01.août,06.août,08.juin,51,132,237,0.16,0.10,0.25,0.06,0.16,0.13,0.22,0.35,0.06,0.27
Angelo Fulgini,fr FRA,MF FW,Lens,25,1996,17,12,858,09.mai,1,1,2,1,0,0,0,0,01.mars,01.mars,02.juil,4.0,20,43,70,0.10,0.10,0.21,0.10,0.21,0.13,0.29,0.42,0.13,0.42
Gauthier Gallon,fr FRA,GK,Troyes,29,1993,30,30,2 667,29.juin,0,0,0,0,0,0,3,1,0.0,0.0,0.0,0.0,0,0,0,0.00,0.00,0.00,0.00,0.00,0.00,0.00,0.00,0.00,0.00
Kévin Gameiro,fr FRA,FW,Strasbourg,35,1987,34,23,2 098,23.mars,10,0,10,9,1,2,1,1,08.févr,06.mai,03.mars,09.août,48,69,158,0.43,0.00,0.43,0.39,0.39,0.35,0.14,0.49,0.28,0.42
Ignatius Ganago,cm CMR,FW MF,Nantes,23,1999,28,16,1 52,16.sept,5,3,8,5,0,0,0,0,03.juil,03.juil,01.juil,05.avr,27,20,101,0.30,0.18,0.47,0.30,0.47,0.22,0.10,0.32,0.22,0.32
Ignatius Ganago,cm CMR,FW,Lens,23,1999,4,0,59,0.7,0,0,0,0,0,0,0,0,0.0,0.0,0.0,0.0,0,3,3,0.00,0.00,0.00,0.00,0.00,0.07,0.00,0.07,0.07,0.07
Johan Gastien,fr FRA,MF,Clermont Foot,34,1988,31,29,2 603,28.sept,4,3,7,4,0,0,7,0,01.févr,01.févr,02.janv,03.mars,13,219,27,0.14,0.10,0.24,0.14,0.24,0.04,0.07,0.12,0.04,0.12
Denis Genreau,au AUS,MF,Toulouse,23,1999,20,7,657,07.mars,0,1,1,0,0,0,3,0,0.6,0.6,0.7,01.mars,9,27,34,0.00,0.14,0.14,0.00,0.14,0.08,0.10,0.18,0.08,0.18
Valère Germain,fr FRA,FW MF,Montpellier,32,1990,31,5,688,07.juin,2,0,2,2,0,0,1,1,02.mai,02.mai,0.6,03.janv,6,15,46,0.26,0.00,0.26,0.26,0.26,0.33,0.07,0.40,0.33,0.40
Gerson,br BRA,MF,Marseille,25,1997,10,6,417,04.juin,2,0,2,2,0,0,1,0,0.8,0.8,0.3,01.janv,9,21,29,0.43,0.00,0.43,0.43,0.43,0.18,0.06,0.24,0.18,0.24
Ismaël Gharbi,tn TUN,MF FW,Paris S-G,18,2004,6,0,58,0.6,0,0,0,0,0,0,1,0,0.2,0.2,0.0,0.2,3,1,8,0.00,0.00,0.00,0.00,0.00,0.32,0.00,0.32,0.32,0.32
Faouzi Ghoulam,dz ALG,DF,Angers,31,1991,7,6,479,05.mars,0,0,0,0,0,0,0,0,0.1,0.1,0.8,0.8,4,19,20,0.00,0.00,0.00,0.00,0.00,0.01,0.14,0.16,0.01,0.16
Samuel Gigot,fr FRA,DF,Marseille,28,1993,26,24,1 879,20.sept,2,2,4,2,0,0,5,2,02.juin,02.juin,0.4,3.0,33,74,19,0.10,0.10,0.19,0.10,0.19,0.12,0.02,0.14,0.12,0.14
Andrei Girotto,br BRA,DF MF,Nantes,30,1992,36,36,3 149,35.0,1,1,2,1,0,0,7,0,01.juil,01.juil,01.sept,03.juin,14,140,7,0.03,0.03,0.06,0.03,0.06,0.05,0.06,0.10,0.05,0.10
Aleksandr Golovin,ru RUS,MF FW,Monaco,26,1996,34,29,2 464,27.avr,8,7,15,8,0,0,5,0,05.mars,05.mars,05.août,11.janv,89,132,210,0.29,0.26,0.55,0.29,0.55,0.19,0.21,0.40,0.19,0.40
André Gomes,pt POR,MF,Lille,29,1993,26,18,1 629,18.janv,3,2,5,3,0,0,6,0,01.janv,01.janv,01.févr,02.mars,26,160,33,0.17,0.11,0.28,0.17,0.28,0.06,0.07,0.13,0.06,0.13
Angel Gomes,eng ENG,MF,Lille,21,2000,36,34,2 816,31.mars,2,6,8,1,1,1,8,0,04.juin,03.août,03.janv,06.sept,39,166,115,0.06,0.19,0.26,0.03,0.22,0.15,0.10,0.24,0.12,0.22
Maxime Gonalons,fr FRA,MF,Clermont Foot,33,1989,25,19,1 449,16.janv,1,0,1,1,0,0,3,0,0.5,0.5,0.5,1.0,10,99,3,0.06,0.00,0.06,0.06,0.06,0.03,0.03,0.06,0.03,0.06
Oumar Gonzalez,cm CMR,DF,Ajaccio,24,1998,30,29,2 578,28.juin,0,0,0,0,0,0,10,0,1.0,1.0,0.0,1.0,12,54,5,0.00,0.00,0.00,0.00,0.00,0.04,0.00,0.04,0.04,0.04
Amine Gouiri,dz ALG,FW MF,Nice,22,2000,3,3,226,02.mai,0,0,0,0,0,0,0,0,0.6,0.6,0.3,0.8,8,1,18,0.00,0.00,0.00,0.00,0.00,0.23,0.10,0.33,0.23,0.33
Amine Gouiri,dz ALG,FW MF,Rennes,22,2000,33,29,2 523,28.0,15,3,18,15,0,0,4,0,11.janv,11.janv,04.mars,15.avr,63,70,205,0.54,0.11,0.64,0.54,0.64,0.40,0.15,0.55,0.40,0.55
Player,Nation,Pos,Squad,Age,Born,MP,Starts,Min,90s,Gls,Ast,G+A,G-PK,PK,PKatt,CrdY,CrdR,xG,npxG,xAG,npxG+xAG,PrgC,PrgP,PrgR,Gls,Ast,G+A,G-PK,G+A-PK,xG,xAG,xG+xAG,npxG,npxG+xAG
Jonathan Gradit,fr FRA,DF,Lens,29,1992,33,33,2 823,31.4,1,3,4,1,0,0,7,0,0.8,0.8,01.janv,2.0,41,233,9,0.03,0.10,0.13,0.03,0.13,0.03,0.04,0.06,0.03,0.06
Andrew Gravillon,gp GLP,DF,Reims,24,1998,13,12,1 038,11.mai,0,0,0,0,0,0,3,0,0.8,0.8,0.4,01.janv,18,38,14,0.00,0.00,0.00,0.00,0.00,0.07,0.03,0.10,0.07,0.10
Adrian Grbić,at AUT,MF FW,Lorient,25,1996,2,0,25,0.3,0,0,0,0,0,0,0,0,0.2,0.2,0.0,0.2,1,0,2,0.00,0.00,0.00,0.00,0.00,0.67,0.00,0.67,0.67,0.67
Gabriel Gudmundsson,se SWE,DF FW,Lille,23,1999,18,9,838,09.mars,0,0,0,0,0,0,3,0,0.5,0.5,0.9,01.mars,44,31,57,0.00,0.00,0.00,0.00,0.00,0.05,0.09,0.14,0.05,0.14
Axel Gueguin,fr FRA,FW MF,Montpellier,17,2005,5,0,24,0.3,0,0,0,0,0,0,0,0,0.0,0.0,0.0,0.0,0,0,6,0.00,0.00,0.00,0.00,0.00,0.00,0.00,0.00,0.00,0.00
Mattéo Guendouzi,fr FRA,MF,Marseille,23,1999,33,25,2 108,23.avr,2,4,6,1,1,1,3,0,03.mars,02.mai,02.janv,04.juin,50,170,100,0.09,0.17,0.26,0.04,0.21,0.14,0.09,0.23,0.11,0.20
Evann Guessand,ci CIV,FW MF,Nantes,21,2001,30,15,1 26,14.0,3,2,5,3,0,0,2,0,02.juin,02.juin,01.mars,03.sept,46,37,97,0.21,0.14,0.36,0.21,0.36,0.18,0.10,0.28,0.18,0.28
Pape Gueye,sn SEN,MF DF,Marseille,23,1999,14,4,492,05.mai,1,1,2,1,0,0,1,0,0.7,0.7,0.9,01.juin,9,31,13,0.18,0.18,0.37,0.18,0.37,0.13,0.16,0.29,0.13,0.29
Frederic Guilbert,fr FRA,DF,Strasbourg,27,1994,18,17,1 461,16.févr,0,1,1,0,0,0,3,0,0.6,0.6,1.0,01.juin,21,52,52,0.00,0.06,0.06,0.00,0.06,0.03,0.06,0.10,0.03,0.10
Serhou Guirassy,gn GUI,MF,Rennes,26,1996,1,0,23,0.3,0,0,0,0,0,0,0,0,0.1,0.1,0.1,0.3,0,0,6,0.00,0.00,0.00,0.00,0.00,0.44,0.57,1.00,0.44,1.00
Rafik Guitane,fr FRA,FW,Reims,23,1999,1,0,3,0.0,0,0,0,0,0,0,0,0,0.0,0.0,0.0,0.0,0,0,0,0.00,0.00,0.00,0.00,0.00,0.00,0.00,0.00,0.00,0.00
Malo Gusto,fr FRA,DF,Lyon,19,2003,21,19,1 595,17.juil,0,1,1,0,0,0,1,0,0.4,0.4,03.janv,03.mai,66,82,147,0.00,0.06,0.06,0.00,0.06,0.02,0.18,0.20,0.02,0.20
Jaouen Hadjam,dz ALG,DF,Nantes,19,2003,13,8,805,08.sept,0,1,1,0,0,0,1,0,0.2,0.2,0.3,0.5,22,45,39,0.00,0.11,0.11,0.00,0.11,0.02,0.03,0.06,0.02,0.06
Massadio Haïdara,ml MLI,DF MF,Lens,29,1992,36,17,1 671,18.juin,0,1,1,0,0,0,5,0,02.janv,02.janv,01.janv,03.févr,23,85,58,0.00,0.05,0.05,0.00,0.05,0.11,0.06,0.17,0.11,0.17
Achraf Hakimi,ma MAR,DF MF,Paris S-G,23,1998,28,23,2 053,22.août,5,3,8,5,0,0,7,2,03.août,03.août,3.0,06.août,85,99,229,0.22,0.13,0.35,0.22,0.35,0.17,0.13,0.30,0.17,0.30
Mathis Hamdi,fr FRA,DF,Troyes,18,2003,2,0,69,0.8,0,0,0,0,0,0,0,0,0.0,0.0,0.0,0.0,0,1,7,0.00,0.00,0.00,0.00,0.00,0.00,0.00,0.00,0.00,0.00
Ben Hamed Touré,ci CIV,FW,Ajaccio,18,2003,4,2,209,02.mars,0,0,0,0,0,0,0,0,0.1,0.1,0.0,0.1,2,1,8,0.00,0.00,0.00,0.00,0.00,0.04,0.00,0.04,0.04,0.04
Romain Hamouma,fr FRA,FW MF,Ajaccio,35,1987,19,14,1 079,12.0,2,2,4,2,0,0,5,2,03.févr,03.févr,02.mars,05.mai,29,47,110,0.17,0.17,0.33,0.17,0.33,0.26,0.19,0.45,0.26,0.45
Saïd Hamulic,ba BIH,FW,Toulouse,21,2000,6,0,104,01.févr,0,0,0,0,0,0,1,0,0.0,0.0,0.0,0.1,1,2,3,0.00,0.00,0.00,0.00,0.00,0.04,0.03,0.06,0.04,0.06
Amine Harit,ma MAR,MF FW,Marseille,25,1997,10,6,515,05.juil,0,0,0,0,0,0,1,0,0.5,0.5,01.mai,2.0,19,38,54,0.00,0.00,0.00,0.00,0.00,0.09,0.25,0.34,0.09,0.34
Rhys Healey,wls WAL,FW,Toulouse,27,1994,4,0,64,0.7,2,0,2,2,0,0,1,0,0.4,0.4,0.2,0.6,1,0,7,févr.81,0.00,févr.81,févr.81,févr.81,0.56,0.34,0.90,0.56,0.90
Gauthier Hein,fr FRA,MF FW,Auxerre,25,1996,35,23,1 874,20.août,2,0,2,2,0,0,1,0,03.sept,03.sept,03.janv,7.0,61,76,142,0.10,0.00,0.10,0.10,0.10,0.19,0.15,0.34,0.19,0.34
Henrique,br BRA,DF FW,Lyon,28,1994,7,3,356,4.0,0,1,1,0,0,0,0,0,0.0,0.0,0.1,0.1,3,11,4,0.00,0.25,0.25,0.00,0.25,0.01,0.03,0.04,0.01,0.04
Christophe Hérelle,mq MTQ,DF,Brest,29,1992,16,12,1 06,11.août,0,0,0,0,0,0,2,0,0.1,0.1,0.1,0.2,2,24,2,0.00,0.00,0.00,0.00,0.00,0.01,0.01,0.02,0.01,0.02
Noah Holm,no NOR,FW MF,Reims,21,2001,8,2,194,02.févr,0,0,0,0,0,0,1,0,0.3,0.3,0.3,0.6,1,2,8,0.00,0.00,0.00,0.00,0.00,0.15,0.15,0.30,0.15,0.30
Player,Nation,Pos,Squad,Age,Born,MP,Starts,Min,90s,Gls,Ast,G+A,G-PK,PK,PKatt,CrdY,CrdR,xG,npxG,xAG,npxG+xAG,PrgC,PrgP,PrgR,Gls,Ast,G+A,G-PK,G+A-PK,xG,xAG,xG+xAG,npxG,npxG+xAG
Franck Honorat,fr FRA,FW MF,Brest,25,1996,33,29,2 535,28.févr,6,5,11,6,0,0,1,0,04.août,04.août,09.avr,14.févr,98,70,261,0.21,0.18,0.39,0.21,0.39,0.17,0.33,0.50,0.17,0.50
Cédric Hountondji,bj BEN,DF,Angers,28,1994,36,35,3 095,34.4,0,0,0,0,0,0,7,0,01.janv,01.janv,0.4,01.juin,5,84,1,0.00,0.00,0.00,0.00,0.00,0.03,0.01,0.05,0.03,0.05
Ilyes Housni,fr FRA,FW,Paris S-G,17,2005,1,0,11,0.1,0,0,0,0,0,0,0,0,0.0,0.0,0.0,0.0,0,0,1,0.00,0.00,0.00,0.00,0.00,0.00,0.00,0.00,0.00,0.00
Adrien Hunou,fr FRA,MF FW,Angers,28,1994,34,28,2 234,24.août,4,1,5,4,0,0,2,0,06.mai,06.mai,02.mars,08.juil,34,62,149,0.16,0.04,0.20,0.16,0.20,0.26,0.09,0.35,0.26,0.35
Mounaim El Idrissy,fr FRA,FW,Ajaccio,23,1999,32,30,2 497,27.juil,6,0,6,6,0,0,10,0,07.févr,07.févr,1.0,08.févr,21,40,173,0.22,0.00,0.22,0.22,0.22,0.26,0.03,0.30,0.26,0.30
Rareş Ilie,ro ROU,MF FW,Nice,19,2003,4,2,148,01.juin,0,0,0,0,0,0,0,0,0.3,0.3,0.2,0.5,7,1,6,0.00,0.00,0.00,0.00,0.00,0.18,0.14,0.32,0.18,0.32
Bonke Innocent,ng NGA,MF,Lorient,26,1996,25,14,1 182,13.janv,0,1,1,0,0,0,5,0,0.1,0.1,0.3,0.4,3,31,0,0.00,0.08,0.08,0.00,0.08,0.01,0.02,0.03,0.01,0.03
Ismaily,br BRA,DF,Lille,32,1990,23,21,1 779,19.août,2,1,3,2,0,0,0,0,01.févr,01.févr,02.mars,03.mai,40,95,116,0.10,0.05,0.15,0.10,0.15,0.06,0.12,0.18,0.06,0.18
Junya Ito,jp JPN,FW,Reims,29,1993,35,34,2 916,32.4,6,5,11,6,0,0,3,1,05.juil,05.juil,8.0,13.juil,133,141,338,0.19,0.15,0.34,0.19,0.34,0.18,0.25,0.42,0.18,0.42
Ismail Jakobs,sn SEN,DF FW,Monaco,22,1999,32,9,1 119,12.avr,0,2,2,0,0,0,3,0,1.0,1.0,01.mai,02.mai,39,46,109,0.00,0.16,0.16,0.00,0.16,0.08,0.12,0.20,0.08,0.20
Marin Jakoliš,hr CRO,FW,Angers,25,1996,1,0,28,0.3,0,0,0,0,0,0,0,0,0.1,0.1,0.0,0.1,2,3,2,0.00,0.00,0.00,0.00,0.00,0.39,0.00,0.39,0.39,0.39
Léo Jardim,br BRA,GK,Lille,27,1995,6,6,540,6.0,0,0,0,0,0,0,0,0,0.0,0.0,0.0,0.0,0,0,0,0.00,0.00,0.00,0.00,0.00,0.00,0.00,0.00,0.00,0.00
Luis Javier Suárez,co COL,FW,Marseille,24,1997,7,2,293,03.mars,3,1,4,3,0,0,1,0,02.avr,02.avr,0.4,02.août,5,11,17,0.92,0.31,janv.23,0.92,janv.23,0.74,0.11,0.85,0.74,0.85
Dany Jean,ht HAI,DF MF,Strasbourg,19,2002,2,0,13,0.1,0,0,0,0,0,0,0,0,0.0,0.0,0.0,0.0,1,2,2,0.00,0.00,0.00,0.00,0.00,0.00,0.32,0.32,0.00,0.32
Julian Jeanvier,gn GUI,DF,Auxerre,30,1992,22,20,1 76,19.juin,1,0,1,1,0,0,5,1,01.févr,01.févr,0.0,01.févr,4,27,6,0.05,0.00,0.05,0.05,0.05,0.06,0.00,0.06,0.06,0.06
Jeffinho,br BRA,FW,Lyon,22,1999,9,4,446,5.0,1,0,1,1,0,0,1,0,01.janv,01.janv,0.5,01.juin,27,10,52,0.20,0.00,0.20,0.20,0.20,0.23,0.10,0.33,0.23,0.33
Paul Joly,fr FRA,DF,Auxerre,22,2000,10,10,867,09.juin,0,0,0,0,0,0,2,0,0.1,0.1,0.3,0.5,19,41,48,0.00,0.00,0.00,0.00,0.00,0.01,0.03,0.05,0.01,0.05
Jubal,br BRA,DF,Auxerre,28,1993,37,35,3 217,35.7,3,1,4,2,1,1,7,0,03.janv,02.mars,0.4,02.juil,7,73,1,0.08,0.03,0.11,0.06,0.08,0.09,0.01,0.10,0.06,0.08
Christopher Jullien,fr FRA,DF,Montpellier,29,1993,30,30,2 695,29.sept,0,2,2,0,0,0,5,0,2.0,2.0,01.janv,03.janv,2,52,6,0.00,0.07,0.07,0.00,0.07,0.07,0.04,0.10,0.07,0.10
Eli Junior Kroupi,fr FRA,FW MF,Lorient,16,2006,1,0,8,0.1,0,0,0,0,0,0,0,0,0.0,0.0,0.0,0.0,0,0,0,0.00,0.00,0.00,0.00,0.00,0.00,0.00,0.00,0.00,0.00
Issa Kaboré,bf BFA,DF,Marseille,21,2001,22,9,1 028,11.avr,1,0,1,1,0,0,1,0,0.9,0.9,0.9,01.juil,39,54,130,0.09,0.00,0.09,0.09,0.09,0.07,0.08,0.15,0.07,0.15
Abdoul Kader Bamba,fr FRA,FW MF,Nantes,28,1994,4,1,78,0.9,0,0,0,0,0,0,0,1,0.1,0.1,0.0,0.1,1,3,12,0.00,0.00,0.00,0.00,0.00,0.11,0.04,0.15,0.11,0.15
Gaël Kakuta,cd COD,FW,Lens,31,1991,2,0,22,0.2,0,0,0,0,0,0,0,0,0.0,0.0,0.0,0.0,2,1,1,0.00,0.00,0.00,0.00,0.00,0.19,0.00,0.19,0.19,0.19
Arnaud Kalimuendo,fr FRA,FW,Rennes,20,2002,30,24,1 849,20.mai,7,3,10,7,0,0,0,0,07.mai,07.mai,02.avr,09.sept,36,32,193,0.34,0.15,0.49,0.34,0.49,0.36,0.12,0.48,0.36,0.48
Gedeon Kalulu,cd COD,DF,Lorient,24,1997,29,28,2 438,27.janv,0,4,4,0,0,0,6,0,0.6,0.6,01.mai,02.févr,58,106,82,0.00,0.15,0.15,0.00,0.15,0.02,0.06,0.08,0.02,0.08
Player,Nation,Pos,Squad,Age,Born,MP,Starts,Min,90s,Gls,Ast,G+A,G-PK,PK,PKatt,CrdY,CrdR,xG,npxG,xAG,npxG+xAG,PrgC,PrgP,PrgR,Gls,Ast,G+A,G-PK,G+A-PK,xG,xAG,xG+xAG,npxG,npxG+xAG
Justin-Noël Kalumba,fr FRA,DF,Angers,17,2004,7,7,546,06.janv,0,0,0,0,0,0,0,0,0.1,0.1,0.1,0.2,9,10,31,0.00,0.00,0.00,0.00,0.00,0.01,0.02,0.03,0.01,0.03
Warren Kamanzi,no NOR,DF,Toulouse,21,2000,11,7,665,07.avr,0,0,0,0,0,0,1,0,0.3,0.3,0.3,0.5,22,22,28,0.00,0.00,0.00,0.00,0.00,0.04,0.04,0.07,0.04,0.07
Bingourou Kamara,sn SEN,GK,Montpellier,25,1996,5,4,408,04.mai,0,0,0,0,0,0,1,0,0.0,0.0,0.0,0.0,0,0,0,0.00,0.00,0.00,0.00,0.00,0.00,0.00,0.00,0.00,0.00
Nordine Kandil,fr FRA,MF FW,Strasbourg,20,2001,7,0,101,01.janv,0,1,1,0,0,0,0,0,0.2,0.2,0.8,0.9,9,6,9,0.00,0.89,0.89,0.00,0.89,0.14,0.70,0.84,0.14,0.84
Ayman Kari,fr FRA,MF DF,Lorient,17,2004,5,0,96,01.janv,0,0,0,0,0,0,0,0,0.5,0.5,0.0,0.6,5,7,3,0.00,0.00,0.00,0.00,0.00,0.51,0.03,0.54,0.51,0.54
Kévin Keben Biakolo,cm CMR,DF,Toulouse,18,2004,11,4,362,4.0,0,0,0,0,0,0,1,0,0.0,0.0,0.2,0.2,5,5,18,0.00,0.00,0.00,0.00,0.00,0.01,0.05,0.06,0.01,0.06
Check Keita,fr FRA,DF,Reims,19,2003,9,8,682,07.juin,0,0,0,0,0,0,1,0,0.2,0.2,0.0,0.2,8,19,0,0.00,0.00,0.00,0.00,0.00,0.03,0.00,0.03,0.03,0.03
Saîf-Eddine Khaoui,tn TUN,MF,Clermont Foot,27,1995,34,23,2 027,22.mai,7,3,10,7,0,0,4,0,05.janv,05.janv,03.août,08.sept,23,72,88,0.31,0.13,0.44,0.31,0.44,0.23,0.17,0.39,0.23,0.39
Wahbi Khazri,tn TUN,FW MF,Montpellier,31,1991,27,20,1 635,18.févr,4,1,5,4,0,0,5,1,04.janv,04.janv,01.juin,05.août,40,49,91,0.22,0.06,0.28,0.22,0.28,0.23,0.09,0.32,0.23,0.32
Anthony Khelifa,dz ALG,DF,Ajaccio,16,2005,2,0,10,0.1,0,0,0,0,0,0,0,0,0.0,0.0,0.0,0.0,1,1,0,0.00,0.00,0.00,0.00,0.00,0.00,0.00,0.00,0.00,0.00
Presnel Kimpembe,fr FRA,DF,Paris S-G,26,1995,11,9,730,08.janv,0,0,0,0,0,0,3,0,0.7,0.7,0.2,0.8,4,40,4,0.00,0.00,0.00,0.00,0.00,0.08,0.02,0.10,0.08,0.10
Samuel Koeberlé,fr FRA,MF,Reims,17,2004,1,0,3,0.0,0,0,0,0,0,0,0,0,0.0,0.0,0.0,0.0,0,0,1,0.00,0.00,0.00,0.00,0.00,0.00,0.00,0.00,0.00,0.00
Rudy Kohon,fr FRA,DF,Troyes,18,2004,1,0,64,0.7,0,0,0,0,0,0,0,0,0.0,0.0,0.0,0.0,0,2,0,0.00,0.00,0.00,0.00,0.00,0.00,0.00,0.00,0.00,0.00
Sead Kolašinac,ba BIH,DF,Marseille,29,1993,33,26,2 214,24.juin,4,1,5,4,0,0,3,0,04.janv,04.janv,0.9,05.janv,49,109,86,0.16,0.04,0.20,0.16,0.20,0.17,0.04,0.21,0.17,0.21
Cheick Konaté,ml MLI,DF,Clermont Foot,18,2004,9,6,572,06.avr,0,0,0,0,0,0,2,0,0.4,0.4,0.2,0.6,12,21,9,0.00,0.00,0.00,0.00,0.00,0.06,0.04,0.10,0.06,0.10
Ibrahima Koné,ml MLI,FW,Lorient,23,1999,37,15,1 577,17.mai,7,1,8,5,2,3,3,0,05.juin,03.févr,1.0,04.mars,15,27,109,0.40,0.06,0.46,0.29,0.34,0.32,0.06,0.38,0.18,0.24
Youssouf Koné,ml MLI,DF,Ajaccio,27,1995,13,12,916,10.févr,0,0,0,0,0,0,4,0,0.0,0.0,0.1,0.1,14,23,16,0.00,0.00,0.00,0.00,0.00,0.00,0.01,0.01,0.00,0.01
Rominigue Kouamé,ml MLI,MF,Troyes,25,1996,32,31,2 661,29.juin,1,1,2,1,0,0,9,0,01.avr,01.avr,02.janv,03.mai,59,169,36,0.03,0.03,0.07,0.03,0.07,0.05,0.07,0.12,0.05,0.12
Boubakar Kouyaté,ml MLI,DF,Montpellier,25,1997,15,15,1 256,14.0,0,0,0,0,0,0,5,0,0.7,0.7,0.1,0.8,3,27,1,0.00,0.00,0.00,0.00,0.00,0.05,0.01,0.06,0.05,0.06
Sael Kumbedi,fr FRA,DF,Lyon,17,2005,20,14,1 32,14.juil,0,2,2,0,0,0,8,0,0.4,0.4,01.févr,01.juil,16,40,84,0.00,0.14,0.14,0.00,0.14,0.03,0.09,0.11,0.03,0.11
Grejohn Kyei,fr FRA,FW,Clermont Foot,26,1995,37,26,2 232,24.août,10,3,13,6,4,6,3,0,11.juil,7.0,01.juin,08.juin,27,37,160,0.40,0.12,0.52,0.24,0.36,0.47,0.06,0.54,0.28,0.34
Rémy Labeau Lascary,gp GLP,FW MF,Lens,19,2003,10,0,123,01.avr,0,0,0,0,0,0,0,0,0.4,0.4,0.0,0.4,3,3,16,0.00,0.00,0.00,0.00,0.00,0.28,0.03,0.32,0.28,0.32
Gaëtan Laborde,fr FRA,FW,Nice,28,1994,33,28,2 506,27.août,13,3,16,13,0,1,0,0,11.août,11.0,05.août,16.sept,54,53,196,0.47,0.11,0.57,0.47,0.57,0.42,0.21,0.63,0.40,0.61
Gaëtan Laborde,fr FRA,FW,Rennes,28,1994,4,3,249,02.août,2,0,2,2,0,0,0,0,01.juil,01.juil,0.2,01.sept,8,5,20,0.72,0.00,0.72,0.72,0.72,0.62,0.07,0.69,0.62,0.69
Alexandre Lacazette,fr FRA,FW,Lyon,31,1991,35,34,2 929,32.5,27,5,32,21,6,8,3,0,24.févr,17.sept,05.avr,23.févr,40,108,227,0.83,0.15,0.98,0.65,0.80,0.74,0.16,0.91,0.55,0.71
Player,Nation,Pos,Squad,Age,Born,MP,Starts,Min,90s,Gls,Ast,G+A,G-PK,PK,PKatt,CrdY,CrdR,xG,npxG,xAG,npxG+xAG,PrgC,PrgP,PrgR,Gls,Ast,G+A,G-PK,G+A-PK,xG,xAG,xG+xAG,npxG,npxG+xAG
Qazim Laçi,al ALB,MF,Ajaccio,26,1996,9,2,212,02.avr,0,0,0,0,0,0,0,0,0.2,0.2,0.2,0.4,0,24,4,0.00,0.00,0.00,0.00,0.00,0.06,0.08,0.15,0.06,0.15
Alban Lafont,ci CIV,GK,Nantes,23,1999,37,37,3 329,37.0,0,0,0,0,0,0,2,1,0.0,0.0,0.1,0.1,1,1,0,0.00,0.00,0.00,0.00,0.00,0.00,0.00,0.00,0.00,0.00
Kenny Lala,mg MAD,DF,Brest,30,1991,17,16,1 417,15.juil,0,2,2,0,0,0,4,0,0.4,0.4,2.0,02.avr,24,61,30,0.00,0.13,0.13,0.00,0.13,0.02,0.12,0.15,0.02,0.15
Mohamed Lamine Bayo,gn GUI,FW MF,Lille,24,1998,27,6,651,07.févr,4,1,5,4,0,0,1,0,03.févr,03.févr,01.août,5.0,8,5,48,0.55,0.14,0.69,0.55,0.69,0.45,0.25,0.69,0.45,0.69
Julien Laporte,fr FRA,DF,Lorient,28,1993,20,19,1 654,18.avr,0,0,0,0,0,0,1,0,0.3,0.3,0.0,0.3,4,41,0,0.00,0.00,0.00,0.00,0.00,0.02,0.00,0.02,0.02,0.02
Yasser Larouci,dz ALG,DF MF,Troyes,21,2001,30,21,1 797,20.0,1,1,2,1,0,0,1,0,0.5,0.5,01.juin,02.févr,72,63,113,0.05,0.05,0.10,0.05,0.10,0.03,0.08,0.11,0.03,0.11
Armand Lauriente,fr FRA,FW,Lorient,23,1998,3,3,266,3.0,1,0,1,1,0,0,0,0,01.août,01.août,01.janv,02.sept,14,14,21,0.34,0.00,0.34,0.34,0.34,0.60,0.38,0.98,0.60,0.98
Théo Le Bris,fr FRA,MF DF,Lorient,19,2002,27,15,1 452,16.janv,2,2,4,2,0,0,0,0,01.janv,01.janv,01.févr,02.mars,51,47,103,0.12,0.12,0.25,0.12,0.25,0.07,0.07,0.14,0.07,0.14
Julien Le Cardinal,fr FRA,DF,Lens,24,1997,8,2,165,01.août,0,0,0,0,0,0,0,0,0.6,0.6,0.6,01.févr,4,8,13,0.00,0.00,0.00,0.00,0.00,0.31,0.35,0.66,0.31,0.66
Jérémy Le Douaron,fr FRA,MF FW,Brest,24,1998,32,24,2 071,23.0,10,3,13,10,0,0,1,0,08.avr,08.avr,01.juil,10.févr,38,31,132,0.43,0.13,0.56,0.43,0.56,0.37,0.08,0.44,0.37,0.44
Enzo Le Fée,fr FRA,MF,Lorient,22,2000,35,35,3 028,33.6,5,6,11,5,0,0,5,0,03.mai,03.mai,06.août,10.mars,96,218,105,0.15,0.18,0.33,0.15,0.33,0.11,0.20,0.31,0.11,0.31
Vincent Le Goff,fr FRA,DF,Lorient,32,1989,37,37,3 33,37.0,0,0,0,0,0,0,1,0,01.févr,01.févr,0.7,01.août,69,178,84,0.00,0.00,0.00,0.00,0.00,0.03,0.02,0.05,0.03,0.05
Maxime Le Marchand,fr FRA,DF,Strasbourg,32,1989,26,23,2 015,22.avr,0,0,0,0,0,0,6,1,0.6,0.6,0.3,0.9,10,90,4,0.00,0.00,0.00,0.00,0.00,0.03,0.01,0.04,0.03,0.04
Paolo Lebas,fr FRA,MF,Ajaccio,19,2003,1,0,55,0.6,0,0,0,0,0,0,0,0,0.0,0.0,0.0,0.0,0,2,0,0.00,0.00,0.00,0.00,0.00,0.00,0.00,0.00,0.00,0.00
Jean-Louis Leca,fr FRA,GK,Lens,36,1985,1,1,90,1.0,0,0,0,0,0,0,0,0,0.0,0.0,0.0,0.0,0,0,0,0.00,0.00,0.00,0.00,0.00,0.00,0.00,0.00,0.00,0.00
Benjamin Lecomte,fr FRA,GK,Montpellier,31,1991,19,19,1 71,19.0,0,0,0,0,0,0,0,0,0.0,0.0,0.1,0.1,0,0,0,0.00,0.00,0.00,0.00,0.00,0.00,0.00,0.00,0.00,0.00
Pierre Lees-Melou,fr FRA,MF,Brest,29,1993,32,32,2 767,30.juil,5,5,10,5,0,0,10,1,02.janv,02.janv,02.mars,04.avr,33,179,45,0.16,0.16,0.33,0.16,0.33,0.07,0.08,0.14,0.07,0.14
Félix Lemaréchal,fr FRA,MF,Brest,18,2003,13,2,288,03.févr,0,0,0,0,0,0,2,0,0.1,0.1,0.5,0.6,5,14,9,0.00,0.00,0.00,0.00,0.00,0.02,0.16,0.19,0.02,0.19
Mario Lemina,ga GAB,MF DF,Nice,28,1993,14,11,838,09.mars,0,0,0,0,0,0,1,1,0.3,0.3,0.1,0.4,14,46,10,0.00,0.00,0.00,0.00,0.00,0.03,0.01,0.04,0.03,0.04
Donovan Léon,gf GUF,GK,Auxerre,29,1992,2,2,180,2.0,0,0,0,0,0,0,0,0,0.0,0.0,0.0,0.0,0,0,0,0.00,0.00,0.00,0.00,0.00,0.00,0.00,0.00,0.00,0.00
Johann Lepenant,fr FRA,MF,Lyon,19,2002,31,21,1 933,21.mai,1,2,3,1,0,0,4,0,0.9,0.9,01.févr,2.0,20,125,44,0.05,0.09,0.14,0.05,0.14,0.04,0.05,0.09,0.04,0.09
Benjamin Leroy,fr FRA,GK,Ajaccio,33,1989,32,32,2 798,31.janv,0,0,0,0,0,0,1,0,0.0,0.0,0.0,0.0,0,1,0,0.00,0.00,0.00,0.00,0.00,0.00,0.00,0.00,0.00,0.00
Léo Leroy,fr FRA,MF,Montpellier,22,2000,27,14,1 192,13.févr,0,0,0,0,0,0,7,0,01.janv,01.janv,0.9,2.0,14,61,25,0.00,0.00,0.00,0.00,0.00,0.08,0.07,0.15,0.08,0.15
Alexandre Letellier,fr FRA,GK,Paris S-G,31,1990,1,0,11,0.1,0,0,0,0,0,0,0,0,0.0,0.0,0.0,0.0,0,0,0,0.00,0.00,0.00,0.00,0.00,0.00,0.00,0.00,0.00,0.00
Ruan Levine,br BRA,MF FW,Ajaccio,23,1999,3,0,24,0.3,0,0,0,0,0,0,0,0,0.2,0.2,0.1,0.3,0,1,4,0.00,0.00,0.00,0.00,0.00,0.56,0.46,01.févr,0.56,01.févr
Player,Nation,Pos,Squad,Age,Born,MP,Starts,Min,90s,Gls,Ast,G+A,G-PK,PK,PKatt,CrdY,CrdR,xG,npxG,xAG,npxG+xAG,PrgC,PrgP,PrgR,Gls,Ast,G+A,G-PK,G+A-PK,xG,xAG,xG+xAG,npxG,npxG+xAG
Dimitri Liénard,fr FRA,DF MF,Strasbourg,34,1988,28,18,1 543,17.janv,0,0,0,0,0,0,4,0,0.6,0.6,01.sept,02.mai,24,67,111,0.00,0.00,0.00,0.00,0.00,0.03,0.11,0.15,0.03,0.15
Mateusz Lis,pl POL,GK,Troyes,25,1997,9,8,751,08.mars,0,0,0,0,0,0,1,0,0.0,0.0,0.0,0.0,0,0,0,0.00,0.00,0.00,0.00,0.00,0.00,0.00,0.00,0.00,0.00
Bradley Locko,fr FRA,DF,Reims,20,2002,15,13,1 059,11.août,0,0,0,0,0,0,3,1,0.2,0.2,0.5,0.7,31,55,39,0.00,0.00,0.00,0.00,0.00,0.02,0.05,0.06,0.02,0.06
Bradley Locko,fr FRA,DF,Brest,20,2002,7,2,270,3.0,0,0,0,0,0,0,0,0,0.0,0.0,0.2,0.2,11,7,5,0.00,0.00,0.00,0.00,0.00,0.00,0.05,0.05,0.00,0.05
Anthony Lopes,pt POR,GK,Lyon,31,1990,32,32,2 816,31.mars,0,0,0,0,0,0,2,1,0.0,0.0,0.0,0.0,0,0,0,0.00,0.00,0.00,0.00,0.00,0.00,0.00,0.00,0.00,0.00
Rony Lopes,pt POR,MF FW,Troyes,26,1995,32,29,2 346,26.janv,7,5,12,7,0,0,2,0,04.sept,04.sept,04.sept,09.août,61,97,117,0.27,0.19,0.46,0.27,0.46,0.19,0.19,0.38,0.19,0.38
Pau López,es ESP,GK,Marseille,27,1994,33,32,2 925,32.5,0,2,2,0,0,0,3,0,0.0,0.0,0.4,0.4,0,2,0,0.00,0.06,0.06,0.00,0.06,0.00,0.01,0.01,0.00,0.01
Dion Lopy,sn SEN,MF,Reims,20,2002,29,16,1 379,15.mars,0,1,1,0,0,0,6,2,0.9,0.9,01.juin,02.mai,17,101,38,0.00,0.07,0.07,0.00,0.07,0.06,0.10,0.16,0.06,0.16
Jordan Lotomba,ch SUI,DF,Nice,23,1998,33,27,2 453,27.mars,0,2,2,0,0,0,4,0,0.9,0.9,0.9,01.août,82,106,99,0.00,0.07,0.07,0.00,0.07,0.03,0.03,0.07,0.03,0.07
Dejan Lovren,hr CRO,DF,Lyon,33,1989,17,17,1 459,16.févr,1,0,1,1,0,0,2,0,0.8,0.8,0.5,01.mars,12,64,1,0.06,0.00,0.06,0.06,0.06,0.05,0.03,0.08,0.05,0.08
Jean Lucas,br BRA,MF,Monaco,24,1998,6,3,291,03.févr,0,0,0,0,0,0,0,0,0.6,0.6,0.2,0.8,5,20,6,0.00,0.00,0.00,0.00,0.00,0.19,0.05,0.23,0.19,0.23
Castello Lukeba,fr FRA,DF,Lyon,19,2002,34,33,2 986,33.2,2,0,2,2,0,0,9,1,01.févr,01.févr,0.3,01.avr,24,166,9,0.06,0.00,0.06,0.06,0.06,0.03,0.01,0.04,0.03,0.04
Youssouf M'Changama,km COM,MF,Auxerre,31,1990,26,11,1 081,12.0,0,0,0,0,0,0,1,0,0.6,0.6,0.9,01.mai,17,49,35,0.00,0.00,0.00,0.00,0.00,0.05,0.08,0.12,0.05,0.12
Deiver Machado,co COL,DF MF,Lens,28,1993,33,26,2 184,24.mars,4,3,7,4,0,0,5,1,01.mars,01.mars,02.août,04.janv,59,54,131,0.16,0.12,0.29,0.16,0.29,0.05,0.12,0.17,0.05,0.17
Soungoutou Magassa,fr FRA,MF,Monaco,18,2003,2,0,82,0.9,0,0,0,0,0,0,0,0,0.0,0.0,0.0,0.0,0,3,1,0.00,0.00,0.00,0.00,0.00,0.00,0.00,0.00,0.00,0.00
Hugo Magnetti,fr FRA,MF,Brest,24,1998,32,19,1 688,18.août,1,2,3,1,0,0,2,0,0.8,0.8,0.6,01.mai,32,70,27,0.05,0.11,0.16,0.05,0.16,0.05,0.03,0.08,0.05,0.08
Yohann Magnin,fr FRA,MF,Clermont Foot,25,1997,38,25,2 399,26.juil,0,0,0,0,0,0,6,0,01.janv,01.janv,02.mars,03.mars,14,121,56,0.00,0.00,0.00,0.00,0.00,0.04,0.09,0.13,0.04,0.13
Lovro Majer,hr CRO,MF FW,Rennes,24,1998,32,18,1 668,18.mai,2,5,7,1,1,1,3,0,03.mars,02.mai,04.avr,7.0,66,134,115,0.11,0.27,0.38,0.05,0.32,0.18,0.24,0.42,0.14,0.38
Jean-Victor Makengo,fr FRA,MF,Lorient,24,1998,15,12,1 064,11.août,0,0,0,0,0,0,2,1,0.1,0.1,0.5,0.7,23,42,30,0.00,0.00,0.00,0.00,0.00,0.01,0.04,0.06,0.01,0.06
Béni Makouana,cg CGO,FW MF,Montpellier,19,2002,8,1,198,02.févr,0,0,0,0,0,0,1,0,0.8,0.8,0.0,0.8,9,2,17,0.00,0.00,0.00,0.00,0.00,0.37,0.01,0.38,0.37,0.38
Ruslan Malinovskyi,ua UKR,MF FW,Marseille,29,1993,20,13,1 227,13.juin,1,1,2,1,0,0,4,0,02.mars,02.mars,02.avr,04.juin,35,64,81,0.07,0.07,0.15,0.07,0.15,0.17,0.17,0.34,0.17,0.34
Hianga Mananga Mbock,fr FRA,MF,Brest,22,1999,2,0,15,0.2,0,0,0,0,0,0,0,0,0.0,0.0,0.0,0.0,2,0,1,0.00,0.00,0.00,0.00,0.00,0.00,0.00,0.00,0.00,0.00
Steve Mandanda,fr FRA,GK,Rennes,37,1985,34,34,3 014,33.5,0,1,1,0,0,0,1,0,0.0,0.0,0.1,0.1,0,1,0,0.00,0.03,0.03,0.00,0.03,0.00,0.00,0.00,0.00,0.00
Thomas Mangani,fr FRA,MF,Ajaccio,35,1987,26,14,1 332,14.août,1,1,2,0,1,2,4,1,2.0,0.4,01.sept,02.mars,9,92,15,0.07,0.07,0.14,0.00,0.07,0.14,0.13,0.26,0.03,0.16
Vito Mannone,it ITA,GK,Lorient,34,1988,18,17,1 608,17.sept,0,0,0,0,0,0,1,0,0.0,0.0,0.0,0.0,0,0,0,0.00,0.00,0.00,0.00,0.00,0.00,0.00,0.00,0.00,0.00
Player,Nation,Pos,Squad,Age,Born,MP,Starts,Min,90s,Gls,Ast,G+A,G-PK,PK,PKatt,CrdY,CrdR,xG,npxG,xAG,npxG+xAG,PrgC,PrgP,PrgR,Gls,Ast,G+A,G-PK,G+A-PK,xG,xAG,xG+xAG,npxG,npxG+xAG
Myziane Maolida,km COM,MF FW,Reims,23,1999,9,2,232,02.juin,1,0,1,1,0,0,0,0,0.5,0.5,0.4,0.9,13,8,26,0.39,0.00,0.39,0.39,0.39,0.18,0.17,0.35,0.18,0.35
Faitout Maouassa,fr FRA,FW DF,Montpellier,24,1998,33,23,1 923,21.avr,5,5,10,5,0,0,0,0,03.mars,03.mars,02.févr,05.juin,37,51,108,0.23,0.23,0.47,0.23,0.47,0.16,0.10,0.26,0.16,0.26
Vincent Marchetti,fr FRA,MF,Ajaccio,25,1997,31,29,2 452,27.févr,0,2,2,0,0,0,7,0,02.mars,02.mars,01.juin,4.0,66,143,58,0.00,0.07,0.07,0.00,0.07,0.09,0.06,0.15,0.09,0.15
Guillermo Maripán,cl CHI,DF,Monaco,28,1994,26,25,2 157,24.0,3,0,3,3,0,0,6,1,01.juin,01.juin,0.1,01.juil,6,68,0,0.13,0.00,0.13,0.13,0.13,0.06,0.01,0.07,0.06,0.07
Marquinhos,br BRA,DF,Paris S-G,28,1994,33,30,2 717,30.2,2,0,2,2,0,0,4,0,02.janv,02.janv,0.5,02.juin,4,99,15,0.07,0.00,0.07,0.07,0.07,0.07,0.02,0.09,0.07,0.09
Jonas Martin,fr FRA,MF,Lille,32,1990,12,2,277,03.janv,0,0,0,0,0,0,2,0,0.1,0.1,0.1,0.2,4,20,4,0.00,0.00,0.00,0.00,0.00,0.04,0.04,0.08,0.04,0.08
Gelson Martins,pt POR,MF FW,Monaco,27,1995,11,3,345,03.août,0,0,0,0,0,0,0,0,0.8,0.8,0.3,01.janv,15,14,47,0.00,0.00,0.00,0.00,0.00,0.20,0.08,0.28,0.20,0.28
Han-Noah Massengo,fr FRA,MF,Auxerre,21,2001,14,13,1 116,12.avr,0,0,0,0,0,0,3,0,01.avr,01.avr,0.6,2.0,21,48,29,0.00,0.00,0.00,0.00,0.00,0.11,0.05,0.16,0.11,0.16
Yanis Massolin,fr FRA,MF,Clermont Foot,19,2002,6,0,60,0.7,0,0,0,0,0,0,0,0,0.0,0.0,0.0,0.0,0,4,0,0.00,0.00,0.00,0.00,0.00,0.07,0.00,0.07,0.07,0.07
Eliot Matazo,be BEL,MF,Monaco,20,2002,23,13,1 175,13.janv,1,0,1,1,0,0,2,0,0.2,0.2,0.1,0.3,5,60,10,0.08,0.00,0.08,0.08,0.08,0.02,0.01,0.03,0.02,0.03
Chrislain Matsima,fr FRA,DF MF,Lorient,20,2002,6,2,227,02.mai,0,0,0,0,0,0,0,0,0.1,0.1,0.0,0.1,0,1,0,0.00,0.00,0.00,0.00,0.00,0.02,0.00,0.02,0.02,0.02
Chrislain Matsima,fr FRA,DF,Monaco,20,2002,8,5,446,5.0,0,1,1,0,0,0,0,0,0.7,0.7,0.4,1.0,2,23,9,0.00,0.20,0.20,0.00,0.20,0.14,0.07,0.21,0.14,0.21
Jean Mattéo Bahoya,fr FRA,FW MF,Angers,17,2005,10,2,270,3.0,0,0,0,0,0,0,0,0,0.5,0.5,0.4,0.9,9,3,20,0.00,0.00,0.00,0.00,0.00,0.17,0.12,0.29,0.17,0.29
Azor Matusiwa,nl NED,MF,Reims,24,1998,30,29,2 484,27.juin,0,0,0,0,0,0,4,0,0.4,0.4,01.févr,01.juil,15,213,18,0.00,0.00,0.00,0.00,0.00,0.02,0.04,0.06,0.02,0.06
Aïman Maurer,ma MAR,MF,Clermont Foot,17,2004,10,6,501,05.juin,0,1,1,0,0,0,0,0,01.févr,01.févr,01.mai,02.juil,21,9,40,0.00,0.18,0.18,0.00,0.18,0.22,0.26,0.48,0.22,0.48
Stephy Mavididi,eng ENG,FW,Montpellier,24,1998,26,14,1 288,14.mars,4,2,6,4,0,0,1,1,04.mars,04.mars,01.avr,05.juil,34,22,91,0.28,0.14,0.42,0.28,0.42,0.30,0.10,0.40,0.30,0.40
Christian Mawissa,fr FRA,DF,Toulouse,17,2005,2,1,98,01.janv,0,0,0,0,0,0,1,0,0.0,0.0,0.0,0.0,1,6,1,0.00,0.00,0.00,0.00,0.00,0.00,0.00,0.00,0.00,0.00
Fernand Mayembo,cg CGO,DF,Ajaccio,26,1996,11,8,707,07.sept,0,0,0,0,0,0,1,0,01.févr,01.févr,0.1,01.févr,2,11,1,0.00,0.00,0.00,0.00,0.00,0.15,0.01,0.16,0.15,0.16
Derek Mazou-Sacko,fr FRA,MF,Troyes,17,2004,1,0,16,0.2,0,0,0,0,0,0,0,0,0.0,0.0,0.0,0.0,1,1,1,0.00,0.00,0.00,0.00,0.00,0.00,0.00,0.00,0.00,0.00
Kylian Mbappé,fr FRA,FW,Paris S-G,23,1998,34,32,2 818,31.mars,29,5,34,26,3,5,6,0,26.mars,22.févr,07.avr,29.mai,165,128,468,0.93,0.16,01.sept,0.83,0.99,0.84,0.23,01.juil,0.71,0.94
Chancel Mbemba,cd COD,DF,Marseille,27,1994,36,32,2 849,31.juil,5,0,5,5,0,0,2,0,03.janv,03.janv,0.5,03.mai,47,183,49,0.16,0.00,0.16,0.16,0.16,0.10,0.01,0.11,0.10,0.11
Jason Mbock,fr FRA,MF FW,Angers,22,1999,2,0,25,0.3,0,0,0,0,0,0,0,0,0.0,0.0,0.3,0.3,0,1,2,0.00,0.00,0.00,0.00,0.00,0.00,01.oct,01.oct,0.00,01.oct
Nathanael Mbuku,cd COD,FW MF,Reims,20,2002,6,0,66,0.7,0,0,0,0,0,0,0,0,0.1,0.1,0.0,0.1,4,3,6,0.00,0.00,0.00,0.00,0.00,0.12,0.00,0.12,0.12,0.12
Facundo Medina,ar ARG,DF,Lens,23,1999,32,32,2 779,30.sept,2,4,6,2,0,0,7,0,02.juin,02.juin,01.août,04.mars,81,238,30,0.06,0.13,0.19,0.06,0.19,0.08,0.06,0.14,0.08,0.14
Bamo Meïté,ci CIV,DF,Lorient,20,2001,17,16,1 503,16.juil,1,0,1,1,0,0,5,0,0.7,0.7,0.1,0.8,10,32,1,0.06,0.00,0.06,0.06,0.06,0.04,0.01,0.05,0.04,0.05
Player,Nation,Pos,Squad,Age,Born,MP,Starts,Min,90s,Gls,Ast,G+A,G-PK,PK,PKatt,CrdY,CrdR,xG,npxG,xAG,npxG+xAG,PrgC,PrgP,PrgR,Gls,Ast,G+A,G-PK,G+A-PK,xG,xAG,xG+xAG,npxG,npxG+xAG
Farid El Melali,dz ALG,DF FW,Angers,25,1997,17,9,806,9.0,0,0,0,0,0,0,1,0,01.janv,01.janv,0.2,01.mars,42,24,54,0.00,0.00,0.00,0.00,0.00,0.12,0.02,0.14,0.12,0.14
Birger Meling,no NOR,DF,Rennes,27,1994,27,10,1 209,13.avr,0,1,1,0,0,0,3,1,0.0,0.0,0.9,0.9,37,91,74,0.00,0.07,0.07,0.00,0.07,0.00,0.07,0.07,0.00,0.07
Nuno Mendes,pt POR,DF,Paris S-G,20,2002,23,18,1 548,17.févr,1,6,7,1,0,0,2,0,1.0,1.0,02.août,03.sept,51,77,195,0.06,0.35,0.41,0.06,0.41,0.06,0.17,0.23,0.06,0.23
Pedro Mendes,pt POR,DF,Montpellier,31,1990,1,0,13,0.1,0,0,0,0,0,0,0,0,0.0,0.0,0.0,0.0,0,0,0,0.00,0.00,0.00,0.00,0.00,0.00,0.00,0.00,0.00,0.00
Thiago Mendes,br BRA,MF DF,Lyon,30,1992,31,22,2 063,22.sept,1,1,2,1,0,0,3,0,0.7,0.7,0.6,01.avr,10,170,20,0.04,0.04,0.09,0.04,0.09,0.03,0.03,0.06,0.03,0.06
Antoine Mendy,sn SEN,DF,Nice,18,2004,11,7,518,05.août,0,1,1,0,0,0,0,0,0.3,0.3,0.4,0.7,2,21,37,0.00,0.17,0.17,0.00,0.17,0.06,0.07,0.13,0.06,0.13
Arial Mendy,sn SEN,DF,Clermont Foot,27,1994,5,1,223,02.mai,0,0,0,0,0,0,0,0,0.0,0.0,0.1,0.1,6,7,22,0.00,0.00,0.00,0.00,0.00,0.02,0.03,0.05,0.02,0.05
Batista Mendy,fr FRA,MF DF,Angers,22,2000,35,35,2 859,31.août,0,0,0,0,0,0,8,1,0.9,0.9,01.févr,02.janv,27,195,49,0.00,0.00,0.00,0.00,0.00,0.03,0.04,0.07,0.03,0.07
Gideon Mensah,gh GHA,DF,Auxerre,24,1998,26,26,2 262,25.janv,0,0,0,0,0,0,5,0,0.1,0.1,02.janv,02.janv,56,116,110,0.00,0.00,0.00,0.00,0.00,0.00,0.08,0.09,0.00,0.09
Quentin Merlin,fr FRA,DF,Nantes,20,2002,24,22,1 791,19.sept,1,2,3,1,0,0,2,0,0.8,0.8,03.mars,04.janv,43,94,96,0.05,0.10,0.15,0.05,0.15,0.04,0.16,0.20,0.04,0.20
Lionel Messi,ar ARG,FW MF,Paris S-G,35,1987,32,32,2 837,31.mai,16,16,32,16,0,0,0,0,15.mai,15.mai,13.avr,28.sept,114,300,220,0.51,0.51,01.févr,0.51,01.févr,0.49,0.43,0.92,0.49,0.92
Amine Messoussa,dz ALG,FW,Lille,17,2004,1,0,1,0.0,0,0,0,0,0,0,0,0,0.0,0.0,0.0,0.0,0,0,1,0.00,0.00,0.00,0.00,0.00,0.00,0.00,0.00,0.00,0.00
Arkadiusz Milik,pl POL,FW,Marseille,28,1994,2,2,129,01.avr,0,0,0,0,0,0,1,0,0.1,0.1,0.2,0.4,1,1,9,0.00,0.00,0.00,0.00,0.00,0.10,0.17,0.27,0.10,0.27
Takumi Minamino,jp JPN,MF FW,Monaco,27,1995,18,10,724,8.0,1,3,4,1,0,0,2,0,01.sept,01.sept,01.avr,03.févr,26,28,66,0.12,0.37,0.50,0.12,0.50,0.23,0.17,0.40,0.23,0.40
Terem Moffi,ng NGA,FW,Nice,23,1999,16,15,1 328,14.août,6,3,9,6,0,0,2,0,08.mars,08.mars,02.sept,11.janv,25,20,77,0.41,0.20,0.61,0.41,0.61,0.56,0.19,0.75,0.56,0.75
Terem Moffi,ng NGA,FW,Lorient,23,1999,18,17,1 386,15.avr,12,0,12,11,1,2,1,0,07.mars,05.juil,0.5,06.févr,29,20,61,0.78,0.00,0.78,0.71,0.71,0.47,0.03,0.50,0.37,0.40
Mostafa Mohamed,eg EGY,FW,Nantes,24,1997,36,18,1 939,21.mai,8,2,10,8,0,0,1,0,07.mars,07.mars,01.juil,9.0,13,22,109,0.37,0.09,0.46,0.37,0.46,0.34,0.08,0.42,0.34,0.42
Florent Mollet,fr FRA,MF,Nantes,30,1991,19,11,1 089,12.janv,1,2,3,1,0,0,3,0,01.févr,01.févr,02.août,4.0,25,73,67,0.08,0.17,0.25,0.08,0.25,0.10,0.23,0.33,0.10,0.33
Marlos Moreno,co COL,MF DF,Troyes,25,1996,2,0,13,0.1,0,0,0,0,0,0,0,0,0.0,0.0,0.0,0.0,0,1,0,0.00,0.00,0.00,0.00,0.00,0.00,0.00,0.00,0.00,0.00
Lebo Mothiba,za RSA,FW MF,Strasbourg,26,1996,19,3,435,04.août,3,0,3,3,0,0,0,0,01.janv,01.janv,0.1,01.janv,7,7,30,0.62,0.00,0.62,0.62,0.62,0.22,0.02,0.23,0.22,0.23
Steve Mounié,bj BEN,FW,Brest,27,1994,23,20,1 655,18.avr,6,0,6,5,1,1,2,0,07.mars,06.mai,0.8,07.mars,23,32,89,0.33,0.00,0.33,0.27,0.27,0.40,0.04,0.44,0.35,0.40
Bevic Moussiti-Oko,cg CGO,FW,Ajaccio,27,1995,17,7,698,07.août,1,0,1,1,0,0,1,0,01.août,01.août,0.8,02.juil,10,10,45,0.13,0.00,0.13,0.13,0.13,0.24,0.11,0.35,0.24,0.35
Samuel Moutoussamy,cd COD,MF,Nantes,25,1996,35,27,2 399,26.juil,0,2,2,0,0,0,8,0,01.juil,01.juil,1.0,02.juil,41,156,45,0.00,0.08,0.08,0.00,0.08,0.07,0.04,0.10,0.07,0.10
François Mughe,cm CMR,MF,Marseille,18,2004,1,0,11,0.1,0,0,0,0,0,0,0,0,0.0,0.0,0.0,0.0,0,0,0,0.00,0.00,0.00,0.00,0.00,0.00,0.00,0.00,0.00,0.00
Nordi Mukiele,fr FRA,DF,Paris S-G,24,1997,19,12,1 137,12.juin,0,3,3,0,0,0,0,0,1.0,1.0,02.janv,03.janv,19,26,57,0.00,0.24,0.24,0.00,0.24,0.08,0.17,0.25,0.08,0.25
Player,Nation,Pos,Squad,Age,Born,MP,Starts,Min,90s,Gls,Ast,G+A,G-PK,PK,PKatt,CrdY,CrdR,xG,npxG,xAG,npxG+xAG,PrgC,PrgP,PrgR,Gls,Ast,G+A,G-PK,G+A-PK,xG,xAG,xG+xAG,npxG,npxG+xAG
Marshall Munetsi,zw ZIM,MF,Reims,26,1996,34,31,2 7,30.0,7,3,10,7,0,0,6,0,09.avr,09.avr,03.janv,12.mai,33,95,87,0.23,0.10,0.33,0.23,0.33,0.31,0.10,0.42,0.31,0.42
Yvon Mvogo,ch SUI,GK,Lorient,28,1994,21,21,1 812,20.janv,0,0,0,0,0,0,0,0,0.0,0.0,0.0,0.0,0,0,0,0.00,0.00,0.00,0.00,0.00,0.00,0.00,0.00,0.00,0.00
Nathan N'Goumou,cm CMR,FW,Toulouse,22,2000,1,1,90,1.0,0,0,0,0,0,0,0,0,0.0,0.0,0.3,0.3,1,5,7,0.00,0.00,0.00,0.00,0.00,0.00,0.25,0.25,0.00,0.25
Youssouf Ndayishimiye,bi BDI,MF DF,Nice,23,1998,10,6,568,06.mars,1,0,1,1,0,0,2,0,0.5,0.5,0.1,0.5,7,30,5,0.16,0.00,0.16,0.16,0.16,0.08,0.01,0.08,0.08,0.08
Papa Ndiaga Yade,mr MTN,DF MF,Troyes,22,2000,14,6,568,06.mars,0,2,2,0,0,0,1,1,0.7,0.7,01.mars,01.sept,29,16,45,0.00,0.32,0.32,0.00,0.32,0.11,0.20,0.31,0.11,0.31
Neymar,br BRA,MF FW,Paris S-G,30,1992,20,18,1 545,17.févr,13,11,24,11,2,2,6,1,08.janv,06.mai,08.août,15.mars,69,161,127,0.76,0.64,janv.40,0.64,janv.28,0.47,0.51,0.98,0.38,0.89
Ibrahima Niane,sn SEN,FW,Angers,23,1999,16,15,1 136,12.juin,2,0,2,2,0,0,4,0,03.avr,03.avr,0.5,03.sept,11,24,57,0.16,0.00,0.16,0.16,0.16,0.27,0.04,0.31,0.27,0.31
M'Baye Niang,sn SEN,FW,Auxerre,27,1994,30,17,1 482,16.mai,6,0,6,3,3,3,2,2,07.févr,04.sept,0.6,05.avr,17,30,87,0.36,0.00,0.36,0.18,0.18,0.44,0.03,0.47,0.30,0.33
Rasmus Nicolaisen,dk DEN,DF,Toulouse,25,1997,34,34,2 995,33.3,0,2,2,0,0,0,7,1,01.févr,01.févr,0.8,2.0,21,114,4,0.00,0.06,0.06,0.00,0.06,0.04,0.02,0.06,0.04,0.06
Arnaud Nordin,fr FRA,FW,Montpellier,24,1998,36,30,2 401,26.juil,9,3,12,9,0,0,4,0,06.mai,06.mai,02.sept,09.avr,109,63,181,0.34,0.11,0.45,0.34,0.45,0.24,0.11,0.35,0.24,0.35
Riad Nouri,fr FRA,MF FW,Ajaccio,37,1985,33,16,1 693,18.août,1,1,2,1,0,1,3,0,02.mars,01.juin,02.mars,03.sept,33,39,144,0.05,0.05,0.11,0.05,0.11,0.12,0.12,0.25,0.08,0.21
Alexander Nübel,de GER,GK,Monaco,25,1996,38,38,3 42,38.0,0,0,0,0,0,0,2,0,0.0,0.0,0.0,0.0,0,1,0,0.00,0.00,0.00,0.00,0.00,0.00,0.00,0.00,0.00,0.00
Gerzino Nyamsi,fr FRA,DF,Strasbourg,25,1997,20,19,1 578,17.mai,1,1,2,1,0,0,4,1,01.mai,01.mai,0.1,01.juin,13,68,3,0.06,0.06,0.11,0.06,0.11,0.09,0.01,0.09,0.09,0.09
Wilson Odobert,fr FRA,MF FW,Troyes,17,2004,32,19,1 764,19.juin,4,2,6,4,0,0,0,0,02.juin,02.juin,01.août,04.avr,72,47,132,0.20,0.10,0.31,0.20,0.31,0.13,0.09,0.23,0.13,0.23
Florent Ogier,fr FRA,DF,Clermont Foot,33,1989,26,18,1 701,18.sept,0,1,1,0,0,0,4,0,0.2,0.2,01.mars,01.mai,4,57,3,0.00,0.05,0.05,0.00,0.05,0.01,0.07,0.08,0.01,0.08
Warmed Omari,km COM,DF,Rennes,22,2000,16,15,1 363,15.janv,0,0,0,0,0,0,2,1,0.6,0.6,0.4,1.0,4,58,0,0.00,0.00,0.00,0.00,0.00,0.04,0.03,0.06,0.04,0.06
Jonas Omlin,ch SUI,GK,Montpellier,28,1994,14,14,1 166,13.0,0,0,0,0,0,0,1,1,0.0,0.0,0.0,0.0,0,0,0,0.00,0.00,0.00,0.00,0.00,0.00,0.00,0.00,0.00,0.00
Ado Onaiwu,jp JPN,FW,Toulouse,26,1995,34,9,1 082,12.0,2,1,3,2,0,0,0,0,01.juin,01.juin,01.janv,02.juil,11,30,86,0.17,0.08,0.25,0.17,0.25,0.13,0.09,0.23,0.13,0.23
Jean Onana,cm CMR,MF DF,Lens,22,2000,21,9,810,9.0,0,0,0,0,0,0,3,0,0.4,0.4,0.4,0.8,12,29,18,0.00,0.00,0.00,0.00,0.00,0.04,0.04,0.08,0.04,0.08
Loïs Openda,be BEL,FW,Lens,22,2000,38,29,2 517,28.0,21,4,25,20,1,1,2,0,18.avr,17.juin,4.0,21.juin,61,42,206,0.75,0.14,0.89,0.72,0.86,0.66,0.14,0.80,0.63,0.77
Dango Ouattara,bf BFA,FW MF,Lorient,20,2002,18,18,1 548,17.févr,6,5,11,6,0,0,3,1,05.févr,05.févr,03.janv,08.mars,64,39,151,0.35,0.29,0.64,0.35,0.64,0.30,0.18,0.48,0.30,0.48
Zinédine Ould Khaled,fr FRA,MF FW,Angers,22,2000,4,0,51,0.6,0,0,0,0,0,0,0,0,0.3,0.3,0.0,0.3,0,5,2,0.00,0.00,0.00,0.00,0.00,0.54,0.00,0.54,0.54,0.54
Azzedine Ounahi,ma MAR,MF FW,Marseille,22,2000,7,1,121,01.mars,1,0,1,1,0,0,0,0,0.7,0.7,0.2,0.9,6,5,8,0.74,0.00,0.74,0.74,0.74,0.50,0.16,0.65,0.50,0.65
Azzedine Ounahi,ma MAR,MF FW,Angers,22,2000,15,13,1 129,12.mai,0,0,0,0,0,0,1,0,01.août,01.août,01.juin,03.avr,53,87,77,0.00,0.00,0.00,0.00,0.00,0.14,0.12,0.27,0.14,0.27
Adam Ounas,dz ALG,FW MF,Lille,25,1996,21,12,1 064,11.août,1,1,2,1,0,0,2,0,02.mars,02.mars,02.août,05.janv,55,66,125,0.08,0.08,0.17,0.08,0.17,0.20,0.23,0.43,0.20,0.43
Player,Nation,Pos,Squad,Age,Born,MP,Starts,Min,90s,Gls,Ast,G+A,G-PK,PK,PKatt,CrdY,CrdR,xG,npxG,xAG,npxG+xAG,PrgC,PrgP,PrgR,Gls,Ast,G+A,G-PK,G+A-PK,xG,xAG,xG+xAG,npxG,npxG+xAG
Ante Palaversa,hr CRO,MF,Troyes,22,2000,2,0,31,0.3,1,0,1,1,0,0,0,0,0.5,0.5,0.1,0.6,0,0,0,févr.90,0.00,févr.90,févr.90,févr.90,janv.47,0.19,janv.66,janv.47,janv.66
Nicolas Pallois,fr FRA,DF,Nantes,34,1987,26,26,2 213,24.juin,1,0,1,1,0,0,4,1,01.févr,01.févr,0.4,01.mai,8,86,3,0.04,0.00,0.04,0.04,0.04,0.05,0.01,0.06,0.05,0.06
Erik Palmer-Brown,us USA,DF,Troyes,25,1997,38,36,3 191,35.5,0,0,0,0,0,0,5,0,01.janv,01.janv,0.4,01.mai,6,75,0,0.00,0.00,0.00,0.00,0.00,0.03,0.01,0.04,0.03,0.04
Lucas Paquetá,br BRA,MF,Lyon,24,1997,2,2,159,01.août,0,0,0,0,0,0,0,0,0.4,0.4,0.2,0.6,3,8,10,0.00,0.00,0.00,0.00,0.00,0.21,0.12,0.33,0.21,0.33
Leandro Paredes,ar ARG,MF,Paris S-G,28,1994,3,0,52,0.6,0,1,1,0,0,0,0,0,0.0,0.0,0.4,0.4,1,6,0,0.00,janv.73,janv.73,0.00,janv.73,0.00,0.72,0.72,0.00,0.72
Dimitri Payet,fr FRA,MF FW,Marseille,35,1987,24,9,835,09.mars,4,3,7,3,1,1,0,0,3.0,02.févr,03.mai,05.juil,22,71,84,0.43,0.32,0.75,0.32,0.65,0.33,0.37,0.70,0.24,0.62
Théo Pellenard,fr FRA,DF,Auxerre,28,1994,2,1,99,01.janv,0,0,0,0,0,0,0,0,0.0,0.0,0.0,0.0,0,2,0,0.00,0.00,0.00,0.00,0.00,0.03,0.00,0.03,0.03,0.03
Timothee Pembele,fr FRA,DF,Paris S-G,19,2002,5,4,263,02.sept,0,1,1,0,0,0,0,0,0.2,0.2,0.3,0.5,4,5,20,0.00,0.34,0.34,0.00,0.34,0.05,0.11,0.17,0.05,0.17
Patrick Pentz,at AUT,GK,Reims,25,1997,7,7,630,7.0,0,0,0,0,0,0,1,0,0.0,0.0,0.0,0.0,0,0,0,0.00,0.00,0.00,0.00,0.00,0.00,0.00,0.00,0.00,0.00
Nicolas Pépé,ci CIV,FW MF,Nice,27,1995,18,17,1 495,16.juin,6,0,6,3,3,3,2,0,08.janv,05.août,02.juin,08.mars,48,53,151,0.36,0.00,0.36,0.18,0.18,0.48,0.15,0.63,0.34,0.49
Brayann Pereira,fr FRA,DF,Auxerre,19,2003,2,2,180,2.0,0,0,0,0,0,0,0,0,0.0,0.0,0.0,0.0,4,4,8,0.00,0.00,0.00,0.00,0.00,0.00,0.00,0.00,0.00,0.00
Danilo Pereira,pt POR,DF MF,Paris S-G,30,1991,33,27,2 41,26.août,2,0,2,2,0,0,3,0,02.mars,02.mars,0.5,02.août,26,154,11,0.07,0.00,0.07,0.07,0.07,0.09,0.02,0.10,0.09,0.10
Mathias Pereira Lage,pt POR,MF FW,Brest,25,1996,24,16,1 264,14.0,2,1,3,2,0,0,2,0,01.avr,01.avr,01.juin,3.0,20,30,98,0.14,0.07,0.21,0.14,0.21,0.10,0.11,0.21,0.10,0.21
Gaëtan Perrin,fr FRA,MF FW,Auxerre,26,1996,37,15,1 391,15.mai,3,1,4,2,1,1,1,0,02.sept,02.janv,01.sept,4.0,55,69,81,0.19,0.06,0.26,0.13,0.19,0.19,0.12,0.31,0.14,0.26
Lucas Perrin,fr FRA,DF,Strasbourg,23,1998,26,18,1 765,19.juin,0,1,1,0,0,0,4,0,0.5,0.5,1.0,01.mai,13,50,14,0.00,0.05,0.05,0.00,0.05,0.03,0.05,0.08,0.03,0.08
Ronaël Pierre-Gabriel,fr FRA,DF,Strasbourg,24,1998,14,7,653,07.mars,0,1,1,0,0,0,3,0,0.2,0.2,0.8,1.0,16,22,35,0.00,0.14,0.14,0.00,0.14,0.03,0.12,0.14,0.03,0.14
Julien Ponceau,fr FRA,MF,Lorient,21,2000,31,20,1 655,18.avr,1,4,5,1,0,0,1,0,01.août,01.août,3.0,04.août,53,101,103,0.05,0.22,0.27,0.05,0.27,0.10,0.16,0.26,0.10,0.26
Łukasz Poręba,pl POL,MF,Lens,22,2000,10,3,260,02.sept,0,1,1,0,0,0,1,0,0.6,0.6,0.7,01.mars,3,20,18,0.00,0.35,0.35,0.00,0.35,0.20,0.23,0.44,0.20,0.44
Jackson Porozo,ec ECU,DF,Troyes,21,2000,22,17,1 617,18.0,2,0,2,2,0,0,3,0,02.août,02.août,0.2,3.0,6,26,4,0.11,0.00,0.11,0.11,0.11,0.16,0.01,0.17,0.16,0.17
Sanjin Prcić,ba BIH,MF,Strasbourg,28,1993,29,17,1 633,18.janv,1,1,2,1,0,0,3,1,01.févr,01.févr,0.8,01.sept,14,112,14,0.06,0.06,0.11,0.06,0.11,0.06,0.04,0.11,0.06,0.11
Mehdi Puch-Herrantz,fr FRA,MF,Ajaccio,18,2004,4,0,47,0.5,0,0,0,0,0,0,0,0,0.0,0.0,0.1,0.1,3,4,1,0.00,0.00,0.00,0.00,0.00,0.00,0.22,0.22,0.00,0.22
Ghjuvanni Quilichini,fr FRA,GK,Ajaccio,19,2002,1,0,82,0.9,0,0,0,0,0,0,0,0,0.0,0.0,0.0,0.0,0,0,0,0.00,0.00,0.00,0.00,0.00,0.00,0.00,0.00,0.00,0.00
Ionuț Radu,ro ROU,GK,Auxerre,25,1997,17,17,1 53,17.0,0,0,0,0,0,0,0,0,0.0,0.0,0.0,0.0,0,0,0,0.00,0.00,0.00,0.00,0.00,0.00,0.00,0.00,0.00,0.00
Simon Ramet,fr FRA,DF,Lille,19,2003,1,0,1,0.0,0,0,0,0,0,0,0,0,0.0,0.0,0.0,0.0,0,0,0,0.00,0.00,0.00,0.00,0.00,0.00,0.00,0.00,0.00,0.00
Adil Rami,fr FRA,DF,Troyes,36,1985,20,18,1 596,17.juil,0,1,1,0,0,0,2,0,0.7,0.7,0.6,01.mars,4,35,2,0.00,0.06,0.06,0.00,0.06,0.04,0.03,0.07,0.04,0.07
Player,Nation,Pos,Squad,Age,Born,MP,Starts,Min,90s,Gls,Ast,G+A,G-PK,PK,PKatt,CrdY,CrdR,xG,npxG,xAG,npxG+xAG,PrgC,PrgP,PrgR,Gls,Ast,G+A,G-PK,G+A-PK,xG,xAG,xG+xAG,npxG,npxG+xAG
Sergio Ramos,es ESP,DF,Paris S-G,36,1986,33,31,2 704,30.0,2,1,3,2,0,0,3,1,01.juil,01.juil,0.2,01.sept,15,163,10,0.07,0.03,0.10,0.07,0.10,0.06,0.01,0.06,0.06,0.06
Aaron Ramsey,wls WAL,MF,Nice,31,1990,27,18,1 584,17.juin,1,1,2,1,0,0,3,0,02.mai,02.mai,01.août,04.mars,29,126,84,0.06,0.06,0.11,0.06,0.11,0.14,0.10,0.24,0.14,0.24
Lilian Raolisoa,fr FRA,DF MF,Angers,22,2000,7,0,173,01.sept,1,0,1,1,0,0,0,0,0.2,0.2,0.8,1.0,5,10,16,0.52,0.00,0.52,0.52,0.52,0.09,0.41,0.50,0.09,0.50
Elba Rashani,xk KVX,MF FW,Clermont Foot,29,1993,32,26,2 162,24.0,3,3,6,3,0,0,3,0,04.juil,04.juil,03.juin,08.mars,55,54,172,0.12,0.12,0.25,0.12,0.25,0.20,0.15,0.34,0.20,0.34
Rafael Ratão,br BRA,FW MF,Toulouse,26,1995,30,25,1 851,20.juin,5,4,9,5,0,0,2,0,05.janv,05.janv,04.janv,09.févr,61,83,216,0.24,0.19,0.44,0.24,0.44,0.25,0.20,0.45,0.25,0.45
Rayan Raveloson,mg MAD,DF MF,Auxerre,25,1997,34,27,2 431,27.0,2,1,3,2,0,0,0,0,02.avr,02.avr,0.9,03.mars,36,100,61,0.07,0.04,0.11,0.07,0.11,0.09,0.03,0.12,0.09,0.12
Jeff Reine-Adélaïde,fr FRA,MF,Troyes,24,1998,6,3,233,02.juin,0,1,1,0,0,0,0,0,0.3,0.3,0.4,0.8,10,20,8,0.00,0.39,0.39,0.00,0.39,0.12,0.17,0.29,0.12,0.29
Jeff Reine-Adélaïde,fr FRA,MF,Lyon,24,1998,14,1,336,03.juil,0,0,0,0,0,0,1,0,0.8,0.8,0.9,01.juin,20,32,25,0.00,0.00,0.00,0.00,0.00,0.21,0.23,0.44,0.21,0.44
Alexsandro Ribeiro,br BRA,DF,Lille,22,1999,21,16,1 612,17.sept,3,0,3,3,0,0,4,0,01.août,01.août,0.1,01.sept,9,90,7,0.17,0.00,0.17,0.17,0.17,0.10,0.01,0.11,0.10,0.11
Rémy Riou,fr FRA,GK,Lyon,34,1987,7,6,601,06.juil,0,0,0,0,0,0,0,0,0.0,0.0,0.0,0.0,0,1,0,0.00,0.00,0.00,0.00,0.00,0.00,0.00,0.00,0.00,0.00
Renaud Ripart,fr FRA,FW MF,Troyes,29,1993,26,15,1 32,14.juil,4,1,5,4,0,0,4,0,03.mai,03.mai,01.sept,05.avr,28,47,104,0.27,0.07,0.34,0.27,0.34,0.24,0.13,0.37,0.24,0.37
Joe Rodon,wls WAL,DF,Rennes,24,1997,16,16,1 417,15.juil,1,0,1,1,0,0,2,1,0.9,0.9,0.0,0.9,5,49,0,0.06,0.00,0.06,0.06,0.06,0.06,0.00,0.06,0.06,0.06
Valentin Rongier,fr FRA,MF,Marseille,27,1994,36,34,3 032,33.7,1,2,3,1,0,0,8,0,01.juil,01.juil,02.juil,04.avr,57,238,72,0.03,0.06,0.09,0.03,0.09,0.05,0.08,0.13,0.05,0.13
Pablo Rosario,do DOM,MF DF,Nice,25,1997,31,17,1 767,19.juin,0,1,1,0,0,0,6,0,0.9,0.9,01.août,02.juil,18,112,42,0.00,0.05,0.05,0.00,0.05,0.05,0.09,0.14,0.05,0.14
Anthony Rouault,fr FRA,DF,Toulouse,21,2001,37,37,3 314,36.8,2,1,3,2,0,0,4,1,03.mars,03.mars,0.8,04.janv,10,136,6,0.05,0.03,0.08,0.05,0.08,0.09,0.02,0.11,0.09,0.11
Kays Ruiz,fr FRA,MF,Auxerre,19,2002,1,1,62,0.7,0,0,0,0,0,0,1,0,0.0,0.0,0.0,0.0,1,0,2,0.00,0.00,0.00,0.00,0.00,0.00,0.00,0.00,0.00,0.00
Fabián Ruiz Peña,es ESP,MF,Paris S-G,26,1996,27,21,1 892,21.0,3,2,5,3,0,0,0,0,02.août,02.août,02.janv,04.sept,32,128,86,0.14,0.10,0.24,0.14,0.24,0.13,0.10,0.23,0.13,0.23
Halid Šabanović,ba BIH,DF,Angers,22,1999,15,8,638,07.janv,2,0,2,2,0,0,1,1,0.9,0.9,0.0,1.0,5,20,30,0.28,0.00,0.28,0.28,0.28,0.13,0.01,0.14,0.13,0.14
Falaye Sacko,ml MLI,DF,Montpellier,27,1995,35,29,2 58,28.juil,1,3,4,1,0,0,3,0,0.8,0.8,01.janv,01.sept,50,76,70,0.03,0.10,0.14,0.03,0.14,0.03,0.04,0.07,0.03,0.07
Wesley Saïd,fr FRA,FW MF,Lens,27,1995,21,6,644,07.févr,5,0,5,5,0,0,2,0,03.mars,03.mars,0.9,04.févr,19,26,67,0.70,0.00,0.70,0.70,0.70,0.46,0.13,0.59,0.46,0.59
Théo Sainte-Luce,fr FRA,DF,Montpellier,23,1998,9,7,534,05.sept,1,1,2,1,0,0,0,0,0.4,0.4,0.7,01.févr,5,14,36,0.17,0.17,0.34,0.17,0.34,0.07,0.13,0.20,0.07,0.20
Hamza Sakhi,fr FRA,MF,Auxerre,26,1996,27,18,1 658,18.avr,1,2,3,1,0,0,1,0,01.juil,01.juil,03.févr,04.sept,43,135,75,0.05,0.11,0.16,0.05,0.16,0.09,0.17,0.27,0.09,0.27
Mamadou Sakho,fr FRA,DF,Montpellier,32,1990,15,7,763,08.mai,1,0,1,1,0,0,2,0,0.5,0.5,0.2,0.7,0,33,2,0.12,0.00,0.12,0.12,0.12,0.06,0.02,0.08,0.06,0.08
Ibrahim Salah,ma MAR,FW MF,Rennes,20,2001,13,1,227,02.mai,0,0,0,0,0,0,0,0,0.3,0.3,0.3,0.6,13,14,27,0.00,0.00,0.00,0.00,0.00,0.10,0.14,0.24,0.10,0.24
Amine Salama,fr FRA,FW MF,Angers,22,2000,25,12,1 249,13.sept,3,1,4,3,0,0,1,0,3.0,3.0,01.mai,04.mai,35,21,94,0.22,0.07,0.29,0.22,0.29,0.22,0.11,0.33,0.22,0.33
Player,Nation,Pos,Squad,Age,Born,MP,Starts,Min,90s,Gls,Ast,G+A,G-PK,PK,PKatt,CrdY,CrdR,xG,npxG,xAG,npxG+xAG,PrgC,PrgP,PrgR,Gls,Ast,G+A,G-PK,G+A-PK,xG,xAG,xG+xAG,npxG,npxG+xAG
Yoann Salmier,gf GUF,DF,Troyes,29,1992,32,31,2 646,29.avr,1,0,1,1,0,0,5,1,01.févr,01.févr,0.4,01.juin,24,121,9,0.03,0.00,0.03,0.03,0.03,0.04,0.02,0.05,0.04,0.05
Mama Samba Baldé,gw GNB,FW,Troyes,26,1995,34,30,2 665,29.juin,12,3,15,10,2,2,6,2,10.juin,09.janv,02.janv,11.févr,51,56,179,0.41,0.10,0.51,0.34,0.44,0.36,0.07,0.43,0.31,0.38
Brice Samba,fr FRA,GK,Lens,28,1994,37,37,3 33,37.0,0,0,0,0,0,0,3,0,0.0,0.0,0.1,0.1,0,1,0,0.00,0.00,0.00,0.00,0.00,0.00,0.00,0.00,0.00,0.00
Renato Sanches,pt POR,MF,Paris S-G,24,1997,23,6,717,8.0,2,0,2,2,0,0,1,0,01.janv,01.janv,01.juil,02.août,30,56,25,0.25,0.00,0.25,0.25,0.25,0.14,0.21,0.35,0.14,0.35
Alexis Sánchez,cl CHI,FW MF,Marseille,33,1988,35,32,2 679,29.août,14,3,17,12,2,3,3,0,12.juin,10.févr,05.août,16.0,42,127,232,0.47,0.10,0.57,0.40,0.50,0.42,0.20,0.62,0.34,0.54
Morgan Sanson,fr FRA,MF,Strasbourg,27,1994,18,18,1 419,15.août,1,2,3,1,0,0,1,0,03.janv,03.janv,02.janv,05.mars,43,60,70,0.06,0.13,0.19,0.06,0.19,0.20,0.14,0.34,0.20,0.34
Baptiste Santamaria,fr FRA,MF,Rennes,27,1995,25,20,1 813,20.janv,2,0,2,2,0,0,2,0,01.janv,01.janv,0.7,01.août,17,141,21,0.10,0.00,0.10,0.10,0.10,0.06,0.03,0.09,0.06,0.09
Pablo Sarabia,es ESP,FW MF,Paris S-G,30,1992,14,3,370,04.janv,0,0,0,0,0,0,1,0,01.mars,01.mars,01.mars,02.juil,9,18,37,0.00,0.00,0.00,0.00,0.00,0.32,0.33,0.64,0.32,0.64
Amin Sarr,se SWE,FW,Lyon,21,2001,13,6,537,6.0,1,1,2,1,0,0,0,0,01.févr,01.févr,0.4,01.juin,12,9,47,0.17,0.17,0.34,0.17,0.34,0.21,0.07,0.27,0.21,0.27
Malang Sarr,fr FRA,DF,Monaco,23,1999,13,8,716,8.0,0,0,0,0,0,0,3,0,0.0,0.0,0.0,0.0,5,59,2,0.00,0.00,0.00,0.00,0.00,0.00,0.00,0.01,0.00,0.01
Mamadou Sarr,sn SEN,MF,Lyon,16,2005,1,0,8,0.1,0,0,0,0,0,0,0,0,0.0,0.0,0.0,0.0,0,0,0,0.00,0.00,0.00,0.00,0.00,0.00,0.00,0.00,0.00,0.00
Téji Savanier,fr FRA,MF,Montpellier,30,1991,30,30,2 546,28.mars,12,4,16,6,6,6,4,3,08.juin,03.août,05.août,09.juin,48,205,117,0.42,0.14,0.57,0.21,0.35,0.30,0.21,0.51,0.14,0.34
Kasper Schmeichel,dk DEN,GK,Nice,35,1986,36,36,3 24,36.0,0,0,0,0,0,0,0,0,0.0,0.0,0.4,0.4,0,0,0,0.00,0.00,0.00,0.00,0.00,0.00,0.01,0.01,0.00,0.01
Alidu Seidu,gh GHA,DF,Clermont Foot,22,2000,28,28,2 458,27.mars,0,0,0,0,0,0,10,1,0.1,0.1,0.5,0.7,27,65,35,0.00,0.00,0.00,0.00,0.00,0.01,0.02,0.02,0.01,0.02
Matz Sels,be BEL,GK,Strasbourg,30,1992,38,38,3 42,38.0,0,0,0,0,0,0,2,0,0.0,0.0,0.3,0.3,0,0,0,0.00,0.00,0.00,0.00,0.00,0.00,0.01,0.01,0.00,0.01
Marvin Senaya,tg TOG,DF,Strasbourg,21,2001,1,0,9,0.1,0,0,0,0,0,0,0,0,0.0,0.0,0.0,0.0,1,1,0,0.00,0.00,0.00,0.00,0.00,0.00,0.00,0.00,0.00,0.00
Kaj Sierhuis,nl NED,FW MF,Reims,24,1998,14,1,218,02.avr,0,0,0,0,0,0,0,0,0.4,0.4,0.0,0.4,5,3,29,0.00,0.00,0.00,0.00,0.00,0.16,0.00,0.16,0.16,0.16
Vincent Sierro,ch SUI,MF,Toulouse,26,1995,15,7,665,07.avr,0,0,0,0,0,0,3,0,0.5,0.5,0.8,01.févr,7,49,13,0.00,0.00,0.00,0.00,0.00,0.06,0.10,0.17,0.06,0.17
Caio Henrique Oliveira Silva,br BRA,DF,Monaco,25,1997,35,32,2 896,32.2,1,9,10,1,0,0,3,0,0.7,0.7,05.févr,6.0,56,197,141,0.03,0.28,0.31,0.03,0.31,0.02,0.16,0.19,0.02,0.19
Abdallah Sima,sn SEN,FW,Angers,21,2001,34,19,1 836,20.avr,5,1,6,5,0,0,0,0,04.août,04.août,02.févr,7.0,38,21,140,0.25,0.05,0.29,0.25,0.29,0.24,0.11,0.34,0.24,0.34
Moses Simon,ng NGA,FW MF,Nantes,27,1995,34,28,2 346,26.janv,5,4,9,4,1,1,3,0,04.juin,03.juin,03.mai,07.janv,138,62,218,0.19,0.15,0.35,0.15,0.31,0.18,0.14,0.31,0.14,0.27
Lassine Sinayoko,ml MLI,MF FW,Auxerre,22,1999,33,16,1 57,17.avr,1,2,3,1,0,0,2,1,03.févr,03.févr,02.juin,05.août,49,74,150,0.06,0.11,0.17,0.06,0.17,0.18,0.15,0.33,0.18,0.33
Ibrahima Sissoko,ml MLI,MF,Strasbourg,24,1997,26,13,1 31,14.juin,0,2,2,0,0,0,1,0,0.7,0.7,0.9,01.juin,18,67,41,0.00,0.14,0.14,0.00,0.14,0.05,0.06,0.11,0.05,0.11
Moussa Sissoko,fr FRA,MF,Nantes,32,1989,30,22,1 918,21.mars,2,0,2,2,0,0,3,0,02.avr,02.avr,0.9,03.mars,33,105,70,0.09,0.00,0.09,0.09,0.09,0.11,0.04,0.16,0.11,0.16
Naatan Skyttä,fi FIN,MF,Toulouse,20,2002,2,0,23,0.3,0,0,0,0,0,0,0,0,0.1,0.1,0.0,0.1,1,3,2,0.00,0.00,0.00,0.00,0.00,0.40,0.00,0.40,0.40,0.40
Player,Nation,Pos,Squad,Age,Born,MP,Starts,Min,90s,Gls,Ast,G+A,G-PK,PK,PKatt,CrdY,CrdR,xG,npxG,xAG,npxG+xAG,PrgC,PrgP,PrgR,Gls,Ast,G+A,G-PK,G+A-PK,xG,xAG,xG+xAG,npxG,npxG+xAG
Islam Slimani,dz ALG,FW,Brest,34,1988,16,11,986,11.0,1,1,2,1,0,1,5,0,02.juin,01.août,01.janv,02.sept,11,26,61,0.09,0.09,0.18,0.09,0.18,0.23,0.10,0.34,0.16,0.27
Eduard Sobol,ua UKR,DF,Strasbourg,27,1995,15,9,870,09.juil,0,1,1,0,0,0,2,0,0.1,0.1,0.8,0.9,16,34,54,0.00,0.10,0.10,0.00,0.10,0.01,0.08,0.09,0.01,0.09
Carlos Soler,es ESP,MF,Paris S-G,25,1997,26,14,1 187,13.févr,3,2,5,3,0,0,0,0,01.juin,01.juin,01.avr,3.0,18,53,67,0.23,0.15,0.38,0.23,0.38,0.12,0.11,0.23,0.12,0.23
François-Joseph Sollacaro,fr FRA,GK,Ajaccio,28,1994,6,6,540,6.0,0,0,0,0,0,0,1,0,0.0,0.0,0.0,0.0,0,0,0,0.00,0.00,0.00,0.00,0.00,0.00,0.00,0.00,0.00,0.00
Florian Sotoca,fr FRA,MF FW,Lens,31,1990,38,34,3 054,33.9,7,9,16,6,1,3,4,0,10.mai,08.janv,08.janv,16.févr,53,186,302,0.21,0.27,0.47,0.18,0.44,0.31,0.24,0.55,0.24,0.48
Moussa Soumano,fr FRA,FW,Ajaccio,17,2005,14,5,495,05.mai,1,0,1,1,0,0,3,0,0.5,0.5,0.3,0.8,5,1,19,0.18,0.00,0.18,0.18,0.18,0.10,0.05,0.15,0.10,0.15
Arnaud Souquet,fr FRA,DF FW,Montpellier,30,1992,12,3,361,4.0,0,0,0,0,0,0,1,0,0.1,0.1,0.5,0.6,5,10,14,0.00,0.00,0.00,0.00,0.00,0.01,0.13,0.15,0.01,0.15
Kevin Spadanuda,ch SUI,MF FW,Ajaccio,25,1997,22,13,1 063,11.août,0,1,1,0,0,0,3,0,0.7,0.7,0.6,01.mars,17,17,56,0.00,0.08,0.08,0.00,0.08,0.06,0.05,0.11,0.06,0.11
Djed Spence,eng ENG,DF,Rennes,21,2000,8,7,573,06.avr,0,0,0,0,0,0,0,0,0.4,0.4,0.1,0.5,21,21,18,0.00,0.00,0.00,0.00,0.00,0.06,0.02,0.08,0.06,0.08
Stijn Spierings,nl NED,MF,Toulouse,26,1996,36,35,3 12,34.7,2,0,2,2,0,0,6,0,01.août,01.août,02.janv,03.sept,31,231,30,0.06,0.00,0.06,0.06,0.06,0.05,0.06,0.11,0.05,0.11
Calvin Stengs,nl NED,FW,Nice,23,1998,4,3,212,02.avr,0,0,0,0,0,0,0,0,0.3,0.3,0.1,0.4,10,12,16,0.00,0.00,0.00,0.00,0.00,0.12,0.05,0.17,0.12,0.17
Tony Strata,ro ROU,MF DF,Ajaccio,17,2004,3,1,138,01.mai,0,0,0,0,0,0,1,0,0.0,0.0,0.0,0.0,1,2,0,0.00,0.00,0.00,0.00,0.00,0.00,0.02,0.02,0.00,0.02
Gabriel Suazo,cl CHI,DF,Toulouse,24,1997,18,14,1 259,14.0,0,1,1,0,0,0,1,0,0.1,0.1,0.8,0.9,26,79,66,0.00,0.07,0.07,0.00,0.07,0.01,0.06,0.07,0.01,0.07
Kamaldeen Sulemana,gh GHA,FW MF,Rennes,20,2002,14,2,326,03.juin,1,0,1,1,0,0,1,0,01.avr,01.avr,0.6,01.sept,17,18,57,0.28,0.00,0.28,0.28,0.28,0.38,0.16,0.54,0.38,0.54
Yuito Suzuki,jp JPN,FW MF,Strasbourg,20,2001,3,0,36,0.4,1,0,1,1,0,0,0,0,0.1,0.1,0.0,0.1,3,3,6,févr.50,0.00,févr.50,févr.50,févr.50,0.34,0.00,0.34,0.34,0.34
Issiaga Sylla,gn GUI,DF,Montpellier,28,1994,15,15,1 305,14.mai,1,3,4,1,0,0,0,0,0.8,0.8,2.0,02.août,28,82,65,0.07,0.21,0.28,0.07,0.28,0.05,0.14,0.19,0.05,0.19
Issiaga Sylla,gn GUI,DF,Toulouse,28,1994,17,16,1 372,15.févr,0,0,0,0,0,0,3,0,0.4,0.4,0.5,0.9,51,95,107,0.00,0.00,0.00,0.00,0.00,0.03,0.03,0.06,0.03,0.06
Nicolás Tagliafico,ar ARG,DF,Lyon,29,1992,34,34,2 991,33.2,1,3,4,1,0,0,5,0,02.avr,01.sept,04.févr,06.janv,38,156,171,0.03,0.09,0.12,0.03,0.12,0.07,0.13,0.20,0.06,0.18
Waniss Taibi,fr FRA,MF,Angers,20,2002,11,1,189,02.janv,0,1,1,0,0,0,1,0,0.3,0.3,0.1,0.4,8,16,7,0.00,0.48,0.48,0.00,0.48,0.15,0.03,0.18,0.15,0.18
Flavien Tait,fr FRA,MF,Rennes,29,1993,30,19,1 68,18.juil,2,2,4,2,0,0,2,0,02.mars,02.mars,02.févr,04.mai,52,154,56,0.11,0.11,0.21,0.11,0.21,0.13,0.12,0.24,0.13,0.24
Montassar Talbi,tn TUN,DF,Lorient,24,1998,38,38,3 42,38.0,1,2,3,1,0,0,0,0,0.7,0.7,0.5,01.févr,13,61,0,0.03,0.05,0.08,0.03,0.08,0.02,0.01,0.03,0.02,0.03
Thibault Tamas,fr FRA,DF,Montpellier,21,2001,1,0,10,0.1,0,0,0,0,0,0,0,0,0.0,0.0,0.0,0.0,0,0,1,0.00,0.00,0.00,0.00,0.00,0.00,0.00,0.00,0.00,0.00
Florian Tardieu,fr FRA,MF,Troyes,30,1992,15,11,1 009,11.févr,3,0,3,0,3,3,2,0,02.sept,0.5,1.0,01.mai,20,83,17,0.27,0.00,0.27,0.00,0.00,0.26,0.09,0.35,0.05,0.14
Nuno Tavares,pt POR,DF MF,Marseille,22,2000,31,23,2 349,26.janv,6,0,6,6,0,0,6,1,04.mai,04.mai,02.juin,07.janv,96,115,245,0.23,0.00,0.23,0.23,0.23,0.17,0.10,0.27,0.17,0.27
Enzo Tchato,cm CMR,DF,Montpellier,19,2002,21,11,1 096,12.févr,1,1,2,1,0,0,1,0,0.4,0.4,01.janv,01.mai,25,34,57,0.08,0.08,0.16,0.08,0.16,0.03,0.09,0.12,0.03,0.12
Player,Nation,Pos,Squad,Age,Born,MP,Starts,Min,90s,Gls,Ast,G+A,G-PK,PK,PKatt,CrdY,CrdR,xG,npxG,xAG,npxG+xAG,PrgC,PrgP,PrgR,Gls,Ast,G+A,G-PK,G+A-PK,xG,xAG,xG+xAG,npxG,npxG+xAG
Martin Terrier,fr FRA,FW MF,Rennes,25,1997,16,16,1 319,14.juil,9,4,13,9,0,0,0,0,05.juin,05.juin,03.avr,9.0,34,60,137,0.61,0.27,0.89,0.61,0.89,0.38,0.23,0.61,0.38,0.61
Tetê,br BRA,FW MF,Lyon,22,2000,17,14,1 107,12.mars,6,2,8,6,0,0,3,0,04.févr,04.févr,01.mars,05.mai,49,52,130,0.49,0.16,0.65,0.49,0.65,0.35,0.10,0.45,0.35,0.45
Arthur Theate,be BEL,DF,Rennes,22,2000,35,35,3 127,34.7,4,0,4,4,0,0,5,0,04.mai,04.mai,0.6,05.janv,37,248,4,0.12,0.00,0.12,0.12,0.12,0.13,0.02,0.15,0.13,0.15
Sada Thioub,sn SEN,DF FW,Angers,27,1995,27,11,1 06,11.août,1,2,3,1,0,0,3,0,01.avr,01.avr,01.sept,03.mars,23,57,78,0.08,0.17,0.25,0.08,0.25,0.11,0.16,0.28,0.11,0.28
Adrien Thomasson,fr FRA,MF,Strasbourg,28,1993,15,10,937,10.avr,0,2,2,0,0,0,2,0,01.mai,01.mai,01.sept,03.avr,15,41,73,0.00,0.19,0.19,0.00,0.19,0.14,0.18,0.33,0.14,0.33
Adrien Thomasson,fr FRA,MF FW,Lens,28,1993,20,16,1 278,14.févr,5,5,10,5,0,0,1,0,3.0,3.0,02.août,05.août,17,49,98,0.35,0.35,0.70,0.35,0.70,0.21,0.20,0.41,0.21,0.41
Khéphren Thuram,fr FRA,MF,Nice,21,2001,35,30,2 547,28.mars,2,4,6,2,0,0,3,0,03.févr,03.févr,05.janv,08.mars,92,128,77,0.07,0.14,0.21,0.07,0.21,0.11,0.18,0.29,0.11,0.29
Alexis Tibidi,fr FRA,FW MF,Troyes,18,2003,3,0,74,0.8,0,0,0,0,0,0,0,0,0.0,0.0,0.0,0.0,1,0,4,0.00,0.00,0.00,0.00,0.00,0.00,0.00,0.00,0.00,0.00
Jean-Clair Todibo,fr FRA,DF,Nice,22,1999,34,33,2 87,31.9,0,0,0,0,0,0,4,2,0.8,0.8,0.2,1.0,21,153,6,0.00,0.00,0.00,0.00,0.00,0.03,0.01,0.03,0.03,0.03
Karl Toko Ekambi,cm CMR,FW MF,Rennes,29,1992,17,11,972,10.août,3,2,5,3,0,0,0,0,03.juin,03.juin,01.avr,5.0,30,21,87,0.28,0.19,0.46,0.28,0.46,0.33,0.13,0.47,0.33,0.47
Karl Toko Ekambi,cm CMR,FW MF,Lyon,29,1992,19,15,1 353,15.0,4,2,6,4,0,0,1,0,04.avr,04.avr,3.0,07.avr,58,36,188,0.27,0.13,0.40,0.27,0.40,0.30,0.20,0.49,0.30,0.49
Corentin Tolisso,fr FRA,MF,Lyon,27,1994,30,25,2 036,22.juin,1,2,3,1,0,0,3,0,01.juil,01.juil,04.avr,06.févr,32,230,52,0.04,0.09,0.13,0.04,0.13,0.08,0.20,0.27,0.08,0.27
Birama Touré,ml MLI,MF,Auxerre,30,1992,38,38,3 4,37.8,2,0,2,2,0,1,3,0,01.sept,01.janv,0.2,01.mars,10,138,25,0.05,0.00,0.05,0.05,0.05,0.05,0.01,0.06,0.03,0.04
Mo Touré,au AUS,FW MF,Reims,18,2004,3,0,23,0.3,0,0,0,0,0,0,0,0,0.0,0.0,0.0,0.0,1,1,5,0.00,0.00,0.00,0.00,0.00,0.00,0.15,0.15,0.00,0.15
Souleymane Touré,fr FRA,DF,Marseille,19,2003,5,0,68,0.8,0,0,0,0,0,0,1,0,0.0,0.0,0.0,0.0,1,2,1,0.00,0.00,0.00,0.00,0.00,0.00,0.00,0.00,0.00,0.00
Souleymane Touré,fr FRA,DF,Auxerre,19,2003,19,18,1 588,17.juin,1,0,1,1,0,0,5,1,01.mai,01.mai,0.4,01.sept,11,45,6,0.06,0.00,0.06,0.06,0.06,0.08,0.02,0.11,0.08,0.11
Yoann Touzghar,tn TUN,FW,Ajaccio,35,1986,11,5,447,5.0,0,0,0,0,0,0,0,1,0.2,0.2,0.0,0.3,3,7,24,0.00,0.00,0.00,0.00,0.00,0.05,0.01,0.06,0.05,0.06
Charles Traore,ml MLI,DF,Nantes,30,1992,12,6,482,05.avr,0,0,0,0,0,0,2,0,0.0,0.0,0.5,0.5,2,11,8,0.00,0.00,0.00,0.00,0.00,0.00,0.09,0.09,0.00,0.09
Hamari Traoré,ml MLI,DF,Rennes,30,1992,31,28,2 528,28.janv,1,4,5,1,0,0,5,0,01.sept,01.sept,02.juin,04.avr,55,159,162,0.04,0.14,0.18,0.04,0.18,0.07,0.09,0.16,0.07,0.16
Théo Trinker,fr FRA,MF,Nice,21,2001,1,0,1,0.0,0,0,0,0,0,0,0,0,0.0,0.0,0.0,0.0,0,0,0,0.00,0.00,0.00,0.00,0.00,0.00,0.00,0.00,0.00,0.00
Adrien Truffert,fr FRA,DF,Rennes,20,2001,28,24,1 954,21.juil,0,6,6,0,0,0,1,0,0.6,0.6,01.mai,02.févr,55,89,166,0.00,0.28,0.28,0.00,0.28,0.03,0.07,0.10,0.03,0.10
Theocharis Tsingaras,gr GRE,MF,Toulouse,21,2000,1,0,7,0.1,0,0,0,0,0,0,0,0,0.0,0.0,0.1,0.1,0,1,0,0.00,0.00,0.00,0.00,0.00,0.00,0.85,0.85,0.00,0.85
Ike Ugbo,ca CAN,FW MF,Troyes,23,1998,25,9,895,09.sept,2,1,3,2,0,0,0,0,02.févr,02.févr,0.5,02.juil,9,8,34,0.20,0.10,0.30,0.20,0.30,0.22,0.05,0.27,0.22,0.27
Lesley Ugochukwu,fr FRA,MF,Rennes,18,2004,26,14,1 33,14.août,0,1,1,0,0,0,3,1,0.9,0.9,0.8,01.août,11,50,11,0.00,0.07,0.07,0.00,0.07,0.06,0.06,0.12,0.06,0.12
Cengiz Ünder,tr TUR,MF DF,Marseille,25,1997,37,28,2 49,27.juil,5,4,9,4,1,1,3,0,08.mars,07.mai,07.sept,15.mai,69,115,262,0.18,0.14,0.33,0.14,0.29,0.30,0.29,0.59,0.27,0.56
Player,Nation,Pos,Squad,Age,Born,MP,Starts,Min,90s,Gls,Ast,G+A,G-PK,PK,PKatt,CrdY,CrdR,xG,npxG,xAG,npxG+xAG,PrgC,PrgP,PrgR,Gls,Ast,G+A,G-PK,G+A-PK,xG,xAG,xG+xAG,npxG,npxG+xAG
Jere Uronen,fi FIN,DF,Brest,28,1994,6,3,300,03.mars,0,1,1,0,0,0,0,0,0.0,0.0,0.2,0.2,3,15,14,0.00,0.30,0.30,0.00,0.30,0.01,0.06,0.07,0.01,0.07
Yan Valery,tn TUN,DF,Angers,23,1999,30,30,2 497,27.juil,0,0,0,0,0,0,3,0,0.8,0.8,01.sept,02.juil,72,84,74,0.00,0.00,0.00,0.00,0.00,0.03,0.07,0.10,0.03,0.10
Vanderson,br BRA,DF MF,Monaco,21,2001,31,24,2 214,24.juin,1,4,5,1,0,0,4,1,02.avr,02.avr,03.mai,05.sept,50,108,175,0.04,0.16,0.20,0.04,0.20,0.10,0.14,0.24,0.10,0.24
Jordan Veretout,fr FRA,MF,Marseille,29,1993,38,31,2 863,31.août,4,3,7,3,1,1,4,0,03.sept,03.janv,03.août,06.sept,59,248,73,0.13,0.09,0.22,0.09,0.19,0.12,0.12,0.24,0.10,0.22
Marco Verratti,it ITA,MF,Paris S-G,29,1992,29,27,2 194,24.avr,0,0,0,0,0,0,10,1,0.8,0.8,02.mai,03.mars,40,262,52,0.00,0.00,0.00,0.00,0.00,0.03,0.10,0.14,0.03,0.14
João Victor,br BRA,DF,Nantes,24,1998,13,9,842,09.avr,0,1,1,0,0,0,5,0,0.1,0.1,0.6,0.8,17,40,14,0.00,0.11,0.11,0.00,0.11,0.01,0.07,0.08,0.01,0.08
Clément Vidal,fr FRA,DF MF,Ajaccio,22,2000,26,21,1 901,21.janv,1,0,1,1,0,0,5,1,0.8,0.8,0.2,1.0,3,61,3,0.05,0.00,0.05,0.05,0.05,0.04,0.01,0.05,0.04,0.05
Alan Virginius,fr FRA,FW,Lille,19,2003,15,1,258,02.sept,1,0,1,1,0,0,1,0,03.janv,03.janv,0.0,03.janv,12,10,32,0.35,0.00,0.35,0.35,0.35,01.juil,0.01,01.sept,01.juil,01.sept
Mattia Viti,it ITA,DF,Nice,20,2002,9,7,634,7.0,1,0,1,1,0,0,0,0,0.1,0.1,0.0,0.1,1,19,1,0.14,0.00,0.14,0.14,0.14,0.01,0.00,0.01,0.01,0.01
Vitinha,pt POR,FW,Marseille,22,2000,14,5,464,05.févr,2,0,2,2,0,0,0,0,4.0,4.0,0.2,04.févr,3,9,41,0.39,0.00,0.39,0.39,0.39,0.77,0.03,0.80,0.77,0.80
Vitinha,pt POR,MF,Paris S-G,22,2000,36,29,2 446,27.févr,2,3,5,2,0,0,3,0,3.0,3.0,3.0,06.janv,50,137,94,0.07,0.11,0.18,0.07,0.18,0.11,0.11,0.22,0.11,0.22
Kevin Volland,de GER,FW MF,Monaco,30,1992,17,7,639,07.janv,3,2,5,3,0,0,1,0,01.juil,01.juil,01.juin,03.mars,6,31,60,0.42,0.28,0.70,0.42,0.70,0.25,0.23,0.47,0.25,0.47
Elye Wahi,fr FRA,FW,Montpellier,19,2003,33,29,2 513,27.sept,19,5,24,18,1,1,8,1,12.févr,11.avr,03.juin,15.0,57,25,190,0.68,0.18,0.86,0.64,0.82,0.44,0.13,0.56,0.41,0.54
Timothy Weah,us USA,DF FW,Lille,22,2000,29,18,1 748,19.avr,0,2,2,0,0,0,2,0,02.mai,02.mai,01.juin,04.janv,69,79,169,0.00,0.10,0.10,0.00,0.10,0.13,0.08,0.21,0.13,0.21
Mateusz Wieteska,pl POL,DF,Clermont Foot,25,1997,35,35,3 117,34.6,0,1,1,0,0,0,7,1,02.janv,02.janv,0.3,02.avr,15,99,8,0.00,0.03,0.03,0.00,0.03,0.06,0.01,0.07,0.06,0.07
Christopher Wooh,cm CMR,DF,Rennes,20,2001,13,12,1 006,11.févr,0,0,0,0,0,0,4,0,0.7,0.7,0.2,0.9,6,38,0,0.00,0.00,0.00,0.00,0.00,0.06,0.02,0.08,0.06,0.08
Christopher Wooh,cm CMR,MF,Lens,20,2001,1,0,4,0.0,0,0,0,0,0,0,0,0,0.0,0.0,0.0,0.0,0,0,0,0.00,0.00,0.00,0.00,0.00,0.00,0.00,0.00,0.00,0.00
Xeka,pt POR,MF,Rennes,27,1994,8,6,552,06.janv,0,0,0,0,0,0,1,0,0.1,0.1,0.0,0.1,5,39,13,0.00,0.00,0.00,0.00,0.00,0.02,0.00,0.02,0.02,0.02
Yusuf Yazıcı,tr TUR,MF,Lille,25,1997,4,3,200,02.févr,1,1,2,1,0,0,0,0,0.2,0.2,0.6,0.7,5,17,18,0.45,0.45,0.90,0.45,0.90,0.07,0.26,0.34,0.07,0.34
Darlin Yongwa,cm CMR,DF,Lorient,21,2000,14,8,781,08.juil,1,1,2,1,0,0,2,0,0.7,0.7,01.juil,02.mars,29,24,70,0.12,0.12,0.23,0.12,0.23,0.08,0.19,0.27,0.08,0.27
Leny Yoro,fr FRA,DF,Lille,16,2005,13,8,769,08.mai,0,0,0,0,0,0,0,0,0.1,0.1,0.0,0.1,0,15,1,0.00,0.00,0.00,0.00,0.00,0.01,0.00,0.02,0.01,0.02
Mohamed Youssouf,km COM,DF,Ajaccio,34,1988,30,27,2 459,27.mars,0,0,0,0,0,0,5,1,0.3,0.3,01.avr,01.juin,48,91,83,0.00,0.00,0.00,0.00,0.00,0.01,0.05,0.06,0.01,0.06
Warren Zaïre-Emery,fr FRA,MF DF,Paris S-G,16,2006,26,8,929,10.mars,2,0,2,2,0,0,1,0,01.avr,01.avr,0.4,01.sept,23,32,54,0.19,0.00,0.19,0.19,0.19,0.14,0.04,0.18,0.14,0.18
Oliver Zandén,se SWE,DF MF,Toulouse,20,2001,5,1,146,01.juin,0,0,0,0,0,0,0,0,0.0,0.0,0.1,0.1,4,6,12,0.00,0.00,0.00,0.00,0.00,0.02,0.06,0.08,0.02,0.08
Akim Zedadka,dz ALG,DF,Auxerre,27,1995,20,19,1 599,17.août,0,0,0,0,0,0,5,0,0.4,0.4,01.mars,01.juin,25,51,71,0.00,0.00,0.00,0.00,0.00,0.02,0.07,0.09,0.02,0.09
Player,Nation,Pos,Squad,Age,Born,MP,Starts,Min,90s,Gls,Ast,G+A,G-PK,PK,PKatt,CrdY,CrdR,xG,npxG,xAG,npxG+xAG,PrgC,PrgP,PrgR,Gls,Ast,G+A,G-PK,G+A-PK,xG,xAG,xG+xAG,npxG,npxG+xAG
Akim Zedadka,dz ALG,DF MF,Lille,27,1995,8,4,354,03.sept,1,0,1,1,0,0,1,0,0.4,0.4,0.5,0.9,6,15,18,0.25,0.00,0.25,0.25,0.25,0.10,0.13,0.22,0.10,0.22
Mehdi Zeffane,dz ALG,DF MF,Clermont Foot,30,1992,18,7,658,07.mars,1,1,2,1,0,0,1,0,01.janv,01.janv,0.7,01.août,9,18,31,0.14,0.14,0.27,0.14,0.27,0.15,0.10,0.25,0.15,0.25
Arber Zeneli,xk KVX,FW MF,Reims,27,1995,23,12,1,11.janv,0,2,2,0,0,0,0,0,02.janv,02.janv,03.janv,05.févr,45,51,118,0.00,0.18,0.18,0.00,0.18,0.19,0.28,0.47,0.19,0.47
Nathan Zeze,fr FRA,DF,Nantes,17,2005,1,1,59,0.7,0,0,0,0,0,0,0,0,0.0,0.0,0.0,0.0,0,0,0,0.00,0.00,0.00,0.00,0.00,0.00,0.00,0.00,0.00,0.00
Edon Zhegrova,xk KVX,FW MF,Lille,23,1999,22,11,1 056,11.juil,3,4,7,3,0,0,1,0,03.juin,03.juin,04.juin,08.févr,74,52,194,0.26,0.34,0.60,0.26,0.60,0.31,0.39,0.70,0.31,0.70
Tanguy Zoukrou,fr FRA,DF,Troyes,19,2003,8,5,511,05.juil,0,0,0,0,0,0,0,0,0.0,0.0,0.1,0.1,0,11,3,0.00,0.00,0.00,0.00,0.00,0.00,0.01,0.01,0.00,0.01
