Player,Nation,Pos,Squad,Age,Born,MP,Starts,Min,90s,Gls,Ast,G+A,G-PK,PK,PKatt,CrdY,CrdR,Gls,Ast,G+A,G-PK,G+A-PK
Yunis Abdelhamid,ma MAR,DF,Dijon,28,1987,18,15,1 314,14.juin,0,0,0,0,0,0,3,0,0.00,0.00,0.00,0.00,0.00
Mehdi Abeid,dz ALG,MF,Dijon,23,1992,28,27,2 374,26.avr,3,2,5,3,0,0,8,0,0.11,0.08,0.19,0.11,0.19
Geoffrey Acheampong,gh GHA,MF,Bastia,19,1997,2,0,12,0.1,0,0,0,0,0,0,0,0,0.00,0.00,0.00,0.00,0.00
Jordan Adéoti,bj BEN,DF MF,Caen,27,1989,27,23,2 12,23.juin,0,1,1,0,0,0,3,0,0.00,0.04,0.04,0.00,0.04
Youssef Aït Bennasser,ma MAR,MF,Nancy,20,1996,26,23,1 93,21.avr,3,1,4,3,0,0,3,0,0.14,0.05,0.19,0.14,0.19
Jean-Daniel Akpa-Akpro,ci CIV,DF MF,Toulouse,23,1992,2,0,73,0.8,0,0,0,0,0,0,1,0,0.00,0.00,0.00,0.00,0.00
Alexis Alegue,fr FRA,FW MF,Nantes,19,1996,2,0,18,0.2,0,0,0,0,0,0,0,0,0.00,0.00,0.00,0.00,0.00
Romain Alessandrini,fr FRA,FW MF,Marseille,27,1989,6,3,241,02.juil,0,0,0,0,0,0,1,0,0.00,0.00,0.00,0.00,0.00
Jérémie Aliadière,fr FRA,FW MF,Lorient,33,1983,13,6,487,05.avr,1,2,3,1,0,0,0,0,0.18,0.37,0.55,0.18,0.55
Júnior Alonso,py PAR,DF,Lille,23,1993,12,10,959,10.juil,0,1,1,0,0,0,1,0,0.00,0.09,0.09,0.00,0.09
Ibrahim Amadou,fr FRA,DF MF,Lille,23,1993,35,34,2 952,32.8,1,0,1,1,0,0,4,0,0.03,0.00,0.03,0.03,0.03
Morgan Amalfitano,fr FRA,MF,Rennes,31,1985,6,6,401,04.mai,1,0,1,1,0,0,0,0,0.22,0.00,0.22,0.22,0.22
Morgan Amalfitano,fr FRA,MF,Lille,31,1985,17,8,733,08.janv,0,0,0,0,0,0,0,0,0.00,0.00,0.00,0.00,0.00
Romain Amalfitano,fr FRA,MF,Dijon,26,1989,26,15,1 418,15.août,0,0,0,0,0,0,2,0,0.00,0.00,0.00,0.00,0.00
Kelvin Amian,fr FRA,DF,Toulouse,18,1998,22,20,1 776,19.juil,0,0,0,0,0,0,1,0,0.00,0.00,0.00,0.00,0.00
Benjamin André,fr FRA,DF MF,Rennes,25,1990,36,36,3 215,35.7,0,3,3,0,0,0,6,0,0.00,0.08,0.08,0.00,0.08
Yoann Andreu,fr FRA,DF,Angers,27,1989,16,16,1 367,15.févr,0,0,0,0,0,0,3,0,0.00,0.00,0.00,0.00,0.00
Benjamin Angoua,ci CIV,DF,Guingamp,29,1986,7,6,538,6.0,0,0,0,0,0,0,0,0,0.00,0.00,0.00,0.00,0.00
Houssem Aouar,dz ALG,FW MF,Lyon,18,1998,3,1,127,01.avr,0,0,0,0,0,0,0,0,0.00,0.00,0.00,0.00,0.00
Mauro Arambarri,uy URU,MF,Bordeaux,20,1995,4,0,40,0.4,0,0,0,0,0,0,0,0,0.00,0.00,0.00,0.00,0.00
Alphonse Areola,fr FRA,GK,Paris S-G,23,1993,15,14,1 297,14.avr,0,0,0,0,0,0,0,0,0.00,0.00,0.00,0.00,0.00
Fernando Aristeguieta,ve VEN,FW,Nantes,24,1992,5,0,52,0.6,0,0,0,0,0,0,0,0,0.00,0.00,0.00,0.00,0.00
Sylvain Armand,fr FRA,DF,Rennes,35,1980,1,0,66,0.7,0,0,0,0,0,0,0,0,0.00,0.00,0.00,0.00,0.00
Benoît Assou-Ekotto,cm CMR,DF,Metz,32,1984,18,16,1 479,16.avr,0,1,1,0,0,0,2,2,0.00,0.06,0.06,0.00,0.06
Jean-Kévin Augustin,fr FRA,FW,Paris S-G,19,1997,10,1,196,02.févr,1,2,3,1,0,0,0,0,0.46,0.92,janv.38,0.46,janv.38
Player,Nation,Pos,Squad,Age,Born,MP,Starts,Min,90s,Gls,Ast,G+A,G-PK,PK,PKatt,CrdY,CrdR,Gls,Ast,G+A,G-PK,G+A-PK
Serge Aurier,ci CIV,DF MF,Paris S-G,23,1992,22,21,1 829,20.mars,0,3,3,0,0,0,5,1,0.00,0.15,0.15,0.00,0.15
Ludovic Baal,gf GUF,DF MF,Rennes,30,1986,33,33,2 88,32.0,0,4,4,0,0,0,3,1,0.00,0.12,0.12,0.00,0.12
Loic Badiashile,fr FRA,GK,Monaco,18,1998,1,0,45,0.5,0,0,0,0,0,0,0,0,0.00,0.00,0.00,0.00,0.00
Tobias Badila,cg CGO,DF,Nancy,23,1993,26,24,2 252,25.0,1,0,1,1,0,0,7,0,0.04,0.00,0.04,0.04,0.04
Dylan Bahamboula,cg CGO,FW MF,Dijon,21,1995,11,4,526,05.août,1,0,1,1,0,0,1,0,0.17,0.00,0.17,0.17,0.17
Farès Bahlouli,fr FRA,MF,Lille,21,1995,3,1,98,01.janv,0,0,0,0,0,0,0,0,0.00,0.00,0.00,0.00,0.00
Tiemoué Bakayoko,fr FRA,MF,Monaco,21,1994,32,25,2 223,24.juil,2,1,3,2,0,0,2,1,0.08,0.04,0.12,0.08,0.12
Iván Balliu,al ALB,DF,Metz,24,1992,27,26,2 331,25.sept,0,4,4,0,0,0,4,0,0.00,0.15,0.15,0.00,0.15
Florent Balmont,fr FRA,MF,Dijon,36,1980,23,20,1 714,19.0,0,2,2,0,0,0,7,0,0.00,0.11,0.11,0.00,0.11
Mario Balotelli,it ITA,FW,Nice,25,1990,23,20,1 741,19.mars,15,1,16,12,3,4,7,3,0.78,0.05,0.83,0.62,0.67
Abdoulaye Bamba,ci CIV,DF,Angers,26,1990,8,7,593,06.juin,0,1,1,0,0,0,2,0,0.00,0.15,0.15,0.00,0.15
Jonathan Bamba,ci CIV,FW MF,Angers,20,1996,16,9,833,09.mars,3,2,5,3,0,0,0,0,0.32,0.22,0.54,0.32,0.54
Yacine Bammou,ma MAR,FW MF,Nantes,24,1991,32,18,1 778,19.août,4,3,7,4,0,0,7,0,0.20,0.15,0.35,0.20,0.35
Maxime Barthelmé,fr FRA,FW MF,Lorient,27,1988,9,3,327,03.juin,0,1,1,0,0,0,1,0,0.00,0.28,0.28,0.00,0.28
Marko Baša,me MNE,DF,Lille,33,1982,23,23,1 949,21.juil,1,0,1,1,0,0,0,0,0.05,0.00,0.05,0.05,0.05
Nicolas Basin,fr FRA,DF,Metz,18,1998,1,0,26,0.3,0,0,0,0,0,0,0,0,0.00,0.00,0.00,0.00,0.00
Amine Bassi,fr FRA,FW MF,Nancy,18,1997,1,1,90,1.0,0,0,0,0,0,0,0,0,0.00,0.00,0.00,0.00,0.00
Éric Bauthéac,fr FRA,FW MF,Lille,28,1987,13,9,725,08.janv,0,0,0,0,0,0,4,0,0.00,0.00,0.00,0.00,0.00
Paul Baysse,fr FRA,DF,Nice,28,1988,22,20,1 858,20.juin,2,1,3,2,0,0,1,0,0.10,0.05,0.15,0.10,0.15
Hervé Bazile,ht HAI,FW MF,Caen,26,1990,19,7,732,08.janv,2,2,4,2,0,0,1,0,0.25,0.25,0.49,0.25,0.49
Henri Bedimo,cm CMR,DF,Marseille,32,1984,16,13,1 173,13.0,0,0,0,0,0,0,2,0,0.00,0.00,0.00,0.00,0.00
Jérémie Bela,ao ANG,DF FW,Dijon,23,1993,14,2,375,04.févr,0,1,1,0,0,0,0,0,0.00,0.24,0.24,0.00,0.24
Younès Belhanda,ma MAR,FW MF,Nice,26,1990,31,28,2 541,28.févr,3,5,8,3,0,0,8,1,0.11,0.18,0.28,0.11,0.28
François Bellugou,fr FRA,DF MF,Lorient,29,1987,26,16,1 422,15.août,0,0,0,0,0,0,5,1,0.00,0.00,0.00,0.00,0.00
Anthony Belmonte,fr FRA,MF,Dijon,20,1995,8,4,261,02.sept,0,0,0,0,0,0,0,0,0.00,0.00,0.00,0.00,0.00
Player,Nation,Pos,Squad,Age,Born,MP,Starts,Min,90s,Gls,Ast,G+A,G-PK,PK,PKatt,CrdY,CrdR,Gls,Ast,G+A,G-PK,G+A-PK
Hatem Ben Arfa,fr FRA,FW MF,Paris S-G,29,1987,23,5,643,07.janv,0,1,1,0,0,0,1,0,0.00,0.14,0.14,0.00,0.14
Issam Ben Khémis,tn TUN,MF,Lorient,20,1996,2,0,27,0.3,0,0,0,0,0,0,0,0,0.00,0.00,0.00,0.00,0.00
Syam Ben Youssef,tn TUN,DF,Caen,27,1989,17,14,1 293,14.avr,0,0,0,0,0,0,6,0,0.00,0.00,0.00,0.00,0.00
Nicolas Benezet,fr FRA,FW MF,Guingamp,25,1991,5,3,169,01.sept,1,1,2,1,0,0,0,0,0.53,0.53,01.juil,0.53,01.juil
Pierre Bengtsson,se SWE,DF MF,Bastia,28,1988,30,29,2 626,29.2,1,1,2,1,0,0,0,0,0.03,0.03,0.07,0.03,0.07
Walter Benítez,ar ARG,GK,Nice,23,1993,3,2,215,02.avr,0,0,0,0,0,0,0,0,0.00,0.00,0.00,0.00,0.00
Ramy Bensebaini,dz ALG,DF MF,Rennes,21,1995,25,22,1 838,20.avr,0,0,0,0,0,0,4,2,0.00,0.00,0.00,0.00,0.00
Yassine Benzia,dz ALG,FW MF,Lille,21,1994,25,21,1 627,18.janv,3,3,6,2,1,1,3,0,0.17,0.17,0.33,0.11,0.28
Franck Béria,fr FRA,DF,Lille,33,1983,28,27,2 326,25.août,1,0,1,1,0,0,8,1,0.04,0.00,0.04,0.04,0.04
Robert Berić,si SVN,FW,Saint-Étienne,25,1991,22,18,1 444,16.0,6,0,6,6,0,1,0,0,0.37,0.00,0.37,0.37,0.37
Kévin Bérigaud,fr FRA,FW,Montpellier,28,1988,13,6,625,06.sept,0,1,1,0,0,0,0,0,0.00,0.14,0.14,0.00,0.14
Kévin Bérigaud,fr FRA,FW,Angers,28,1988,13,4,470,05.févr,0,0,0,0,0,0,1,0,0.00,0.00,0.00,0.00,0.00
Quentin Bernard,fr FRA,DF,Dijon,27,1989,7,6,554,06.févr,0,0,0,0,0,0,1,0,0.00,0.00,0.00,0.00,0.00
Vincent Bessat,fr FRA,DF MF,Caen,30,1985,37,31,2 815,31.mars,0,5,5,0,0,0,3,0,0.00,0.16,0.16,0.00,0.16
Thievy Bifouma,cg CGO,FW MF,Bastia,24,1992,14,9,707,07.sept,2,1,3,2,0,0,3,0,0.25,0.13,0.38,0.25,0.38
Milan Biševac,rs SRB,DF,Metz,32,1983,21,21,1 834,20.avr,0,0,0,0,0,0,4,1,0.00,0.00,0.00,0.00,0.00
Yves Bissouma,ml MLI,MF,Lille,19,1996,23,5,766,08.mai,1,0,1,1,0,0,4,1,0.12,0.00,0.12,0.12,0.12
Ludovic Blas,fr FRA,FW MF,Guingamp,18,1997,24,10,1 16,12.sept,1,1,2,1,0,0,5,0,0.08,0.08,0.16,0.08,0.16
Alexis Blin,fr FRA,MF,Toulouse,19,1996,26,26,2 148,23.sept,0,0,0,0,0,0,6,1,0.00,0.00,0.00,0.00,0.00
Yann Bodiger,fr FRA,MF,Toulouse,21,1995,29,23,1 836,20.avr,1,3,4,0,1,1,7,1,0.05,0.15,0.20,0.00,0.15
Mathieu Bodmer,fr FRA,DF MF,Nice,33,1982,12,7,587,06.mai,0,0,0,0,0,0,2,0,0.00,0.00,0.00,0.00,0.00
Mathieu Bodmer,fr FRA,DF MF,Guingamp,33,1982,10,8,671,07.mai,0,0,0,0,0,0,2,0,0.00,0.00,0.00,0.00,0.00
Olivier Boscagli,fr FRA,DF,Nice,18,1997,1,0,43,0.5,0,0,0,0,0,0,0,0,0.00,0.00,0.00,0.00,0.00
Gabriel Boschilia,br BRA,FW MF,Monaco,20,1996,11,5,437,04.sept,6,2,8,6,0,0,1,0,janv.24,0.41,janv.65,janv.24,janv.65
Ryad Boudebouz,dz ALG,FW MF,Montpellier,26,1990,33,33,2 921,32.5,11,9,20,8,3,3,4,0,0.34,0.28,0.62,0.25,0.52
Player,Nation,Pos,Squad,Age,Born,MP,Starts,Min,90s,Gls,Ast,G+A,G-PK,PK,PKatt,CrdY,CrdR,Gls,Ast,G+A,G-PK,G+A-PK
Arnold Bouka Moutou,cg CGO,DF,Dijon,27,1988,10,8,755,08.avr,0,0,0,0,0,0,4,1,0.00,0.00,0.00,0.00,0.00
Farid Boulaya,dz ALG,FW MF,Bastia,23,1993,2,1,17,0.2,0,0,0,0,0,0,0,0,0.00,0.00,0.00,0.00,0.00
Grégory Bourillon,fr FRA,DF MF,Angers,32,1984,5,4,345,03.août,1,0,1,1,0,0,1,0,0.26,0.00,0.26,0.26,0.26
Martin Braithwaite,dk DEN,FW MF,Toulouse,25,1991,34,33,2 945,32.7,11,3,14,7,4,6,7,0,0.34,0.09,0.43,0.21,0.31
Jimmy Briand,fr FRA,FW MF,Guingamp,30,1985,34,32,2 882,32.0,12,6,18,9,3,3,2,0,0.37,0.19,0.56,0.28,0.47
Patrick Burner,mq MTQ,DF MF,Nice,20,1996,4,3,248,02.août,0,0,0,0,0,0,0,0,0.00,0.00,0.00,0.00,0.00
Alexis Busin,fr FRA,MF,Nancy,20,1995,6,2,243,02.juil,1,0,1,1,0,0,0,0,0.37,0.00,0.37,0.37,0.37
Erick Cabaco,uy URU,DF,Nancy,21,1995,20,18,1 613,17.sept,0,1,1,0,0,0,1,1,0.00,0.06,0.06,0.00,0.06
Rémy Cabella,fr FRA,FW MF,Marseille,26,1990,29,17,1 587,17.juin,2,4,6,2,0,0,4,0,0.11,0.23,0.34,0.11,0.34
Jimmy Cabot,fr FRA,DF FW,Lorient,22,1994,25,11,1 279,14.févr,5,4,9,5,0,0,1,0,0.35,0.28,0.63,0.35,0.63
Jerson Cabral,nl NED,FW,Bastia,25,1991,6,0,68,0.8,0,0,0,0,0,0,0,0,0.00,0.00,0.00,0.00,0.00
Mathieu Cafaro,fr FRA,FW MF,Toulouse,19,1997,4,0,67,0.7,0,0,0,0,0,0,1,0,0.00,0.00,0.00,0.00,0.00
Cafú,pt POR,MF,Lorient,23,1993,18,15,1 183,13.janv,0,2,2,0,0,0,3,0,0.00,0.15,0.15,0.00,0.15
Yannick Cahuzac,fr FRA,MF,Bastia,31,1985,29,29,2 427,27.0,1,0,1,1,0,0,11,4,0.04,0.00,0.04,0.04,0.04
Lorenzo Callegari,fr FRA,MF,Paris S-G,18,1998,1,0,4,0.0,0,0,0,0,0,0,0,0,0.00,0.00,0.00,0.00,0.00
Souleymane Camara,sn SEN,FW,Montpellier,33,1982,28,10,1 089,12.janv,1,1,2,1,0,0,0,0,0.08,0.08,0.17,0.08,0.17
Pierrick Capelle,fr FRA,DF FW,Angers,29,1987,32,20,1 749,19.avr,2,1,3,2,0,0,4,0,0.10,0.05,0.15,0.10,0.15
Yoan Cardinale,fr FRA,GK,Nice,22,1994,36,36,3 205,35.6,0,0,0,0,0,0,2,0,0.00,0.00,0.00,0.00,0.00
Irvin Cardona,mt MLT,FW MF,Monaco,18,1997,3,0,19,0.2,0,0,0,0,0,0,0,0,0.00,0.00,0.00,0.00,0.00
Diego Carlos,br BRA,DF,Nantes,23,1993,34,34,2 949,32.8,2,1,3,2,0,0,8,0,0.06,0.03,0.09,0.06,0.09
Cédric Carrasso,fr FRA,GK,Bordeaux,34,1981,24,24,2 16,24.0,0,0,0,0,0,0,0,0,0.00,0.00,0.00,0.00,0.00
Guido Carrillo,ar ARG,FW,Monaco,25,1991,19,5,598,06.juin,7,1,8,7,0,0,0,0,01.mai,0.15,janv.20,01.mai,janv.20
Ivan Cavaleiro,pt POR,FW MF,Monaco,22,1993,2,1,98,01.janv,0,0,0,0,0,0,0,0,0.00,0.00,0.00,0.00,0.00
Edinson Cavani,uy URU,FW MF,Paris S-G,29,1987,36,35,2 965,32.9,35,4,39,28,7,8,5,0,01.juin,0.12,janv.18,0.85,0.97
Dimitri Cavaré,fr FRA,DF,Rennes,21,1995,2,1,106,01.févr,0,0,0,0,0,0,0,0,0.00,0.00,0.00,0.00,0.00
Player,Nation,Pos,Squad,Age,Born,MP,Starts,Min,90s,Gls,Ast,G+A,G-PK,PK,PKatt,CrdY,CrdR,Gls,Ast,G+A,G-PK,G+A-PK
Julien Cétout,fr FRA,DF MF,Nancy,28,1988,28,27,2 332,25.sept,1,2,3,1,0,0,3,0,0.04,0.08,0.12,0.04,0.12
Fouad Chafik,ma MAR,DF MF,Dijon,29,1986,27,27,2 395,26.juin,0,1,1,0,0,0,2,0,0.00,0.04,0.04,0.00,0.04
Kwon Chang-hoon,kr KOR,FW MF,Dijon,22,1994,8,2,224,02.mai,0,0,0,0,0,0,1,0,0.00,0.00,0.00,0.00,0.00
Clément Chantôme,fr FRA,MF,Rennes,28,1987,7,6,336,03.juil,0,0,0,0,0,0,1,0,0.00,0.00,0.00,0.00,0.00
Paul Charruau,fr FRA,GK,Bastia,23,1993,1,0,42,0.5,0,0,0,0,0,0,0,0,0.00,0.00,0.00,0.00,0.00
Sergei Chernik,by BLR,GK,Nancy,28,1988,17,15,1 377,15.mars,0,0,0,0,0,0,0,0,0.00,0.00,0.00,0.00,0.00
Michaël Chrétien,ma MAR,DF,Nancy,32,1984,13,13,1 124,12.mai,0,0,0,0,0,0,1,0,0.00,0.00,0.00,0.00,0.00
Michaël Ciani,fr FRA,DF,Lorient,32,1984,25,25,2 167,24.janv,3,0,3,3,0,0,5,0,0.12,0.00,0.12,0.12,0.12
Gilles Cioni,fr FRA,DF,Bastia,32,1984,25,23,2 064,22.sept,0,0,0,0,0,0,7,0,0.00,0.00,0.00,0.00,0.00
Issa Cissokho,sn SEN,DF,Angers,31,1985,13,13,1 158,12.sept,0,2,2,0,0,0,2,1,0.00,0.16,0.16,0.00,0.16
Renato Civelli,ar ARG,DF,Lille,32,1983,13,12,1 098,12.févr,1,0,1,1,0,0,4,0,0.08,0.00,0.08,0.08,0.08
Jérémy Clément,fr FRA,MF,Saint-Étienne,31,1984,5,3,335,03.juil,0,0,0,0,0,0,0,0,0.00,0.00,0.00,0.00,0.00
Marcus Coco,fr FRA,DF FW,Guingamp,20,1996,34,31,2 612,29.0,4,2,6,4,0,0,6,0,0.14,0.07,0.21,0.14,0.21
Renaud Cohade,fr FRA,MF,Metz,31,1984,33,32,2 782,30.sept,1,4,5,1,0,0,11,1,0.03,0.13,0.16,0.03,0.16
Daniel Congré,fr FRA,DF,Montpellier,31,1985,24,21,1 815,20.févr,1,0,1,1,0,0,2,1,0.05,0.00,0.05,0.05,0.05
Diego Contento,de GER,DF,Bordeaux,26,1990,25,24,2 103,23.avr,0,1,1,0,0,0,3,0,0.00,0.04,0.04,0.00,0.04
Sébastien Corchia,fr FRA,DF MF,Lille,25,1990,38,38,3 416,38.0,1,1,2,1,0,0,4,0,0.03,0.03,0.05,0.03,0.05
Benjamin Corgnet,fr FRA,MF,Saint-Étienne,29,1987,10,3,397,04.avr,1,0,1,1,0,0,1,0,0.23,0.00,0.23,0.23,0.23
Maxwel Cornet,ci CIV,DF FW,Lyon,19,1996,33,19,1 899,21.janv,6,2,8,6,0,0,1,0,0.28,0.09,0.38,0.28,0.38
Benoît Costil,fr FRA,GK,Rennes,29,1987,38,38,3 42,38.0,0,0,0,0,0,0,1,0,0.00,0.00,0.00,0.00,0.00
Karim Coulibaly,fr FRA,MF,Nancy,23,1993,9,6,560,06.févr,0,0,0,0,0,0,0,0,0.00,0.00,0.00,0.00,0.00
Lassana Coulibaly,ml MLI,FW MF,Bastia,20,1996,30,25,2 277,25.mars,0,2,2,0,0,0,4,0,0.00,0.08,0.08,0.00,0.08
Enzo Crivelli,fr FRA,FW,Bastia,21,1995,24,24,2 073,23.0,10,1,11,10,0,1,8,1,0.43,0.04,0.48,0.43,0.48
Joffrey Cuffaut,fr FRA,DF,Nancy,28,1988,30,29,2 568,28.mai,1,1,2,1,0,0,8,0,0.04,0.04,0.07,0.04,0.07
Wylan Cyprien,fr FRA,MF,Nice,21,1995,29,27,2 431,27.0,8,3,11,8,0,0,2,0,0.30,0.11,0.41,0.30,0.41
Player,Nation,Pos,Squad,Age,Born,MP,Starts,Min,90s,Gls,Ast,G+A,G-PK,PK,PKatt,CrdY,CrdR,Gls,Ast,G+A,G-PK,G+A-PK
Damien Da Silva,fr FRA,DF MF,Caen,28,1988,36,36,3 167,35.2,0,2,2,0,0,0,5,2,0.00,0.06,0.06,0.00,0.06
Bryan Dabo,bf BFA,MF,Saint-Étienne,24,1992,14,8,643,07.janv,0,0,0,0,0,0,3,0,0.00,0.00,0.00,0.00,0.00
Mouhamadou Dabo,fr FRA,DF,Caen,29,1986,2,2,146,01.juin,0,0,0,0,0,0,1,0,0.00,0.00,0.00,0.00,0.00
Maurice Dalé,fr FRA,FW,Nancy,31,1985,25,16,1 462,16.févr,3,4,7,3,0,0,1,0,0.18,0.25,0.43,0.18,0.43
Gaël Danic,fr FRA,MF,Bastia,34,1981,29,19,1 843,20.mai,4,3,7,4,0,0,9,1,0.20,0.15,0.34,0.20,0.34
Dante,br BRA,DF,Nice,32,1983,33,33,2 97,33.0,0,3,3,0,0,0,5,0,0.00,0.09,0.09,0.00,0.09
Romain Danzé,fr FRA,DF MF,Rennes,30,1986,35,34,3 092,34.4,0,2,2,0,0,0,2,0,0.00,0.06,0.06,0.00,0.06
Sergi Darder,es ESP,MF,Lyon,22,1993,23,15,1 414,15.juil,1,2,3,1,0,0,3,0,0.06,0.13,0.19,0.06,0.19
Nill De Pauw,cd COD,FW MF,Guingamp,26,1990,28,3,761,08.mai,4,2,6,4,0,0,1,0,0.47,0.24,0.71,0.47,0.71
Morgan De Sanctis,it ITA,GK,Monaco,39,1977,1,1,90,1.0,0,0,0,0,0,0,0,0,0.00,0.00,0.00,0.00,0.00
Lucas Deaux,fr FRA,MF,Guingamp,27,1988,38,35,3 075,34.2,2,5,7,2,0,0,4,0,0.06,0.15,0.20,0.06,0.20
Jonathan Delaplace,fr FRA,DF MF,Caen,30,1986,33,31,2 637,29.mars,0,4,4,0,0,0,3,0,0.00,0.14,0.14,0.00,0.14
Paul Delecroix,fr FRA,GK,Lorient,27,1988,7,7,630,7.0,0,0,0,0,0,0,1,0,0.00,0.00,0.00,0.00,0.00
Andy Delort,dz ALG,FW,Toulouse,24,1991,15,15,1 218,13.mai,5,1,6,4,1,2,0,0,0.37,0.07,0.44,0.30,0.37
Quentin Depehi,fr FRA,FW,Toulouse,19,1997,1,0,12,0.1,0,0,0,0,0,0,0,0,0.00,0.00,0.00,0.00,0.00
Mathieu Deplagne,fr FRA,DF,Montpellier,24,1991,19,14,1 125,12.mai,0,1,1,0,0,0,5,0,0.00,0.08,0.08,0.00,0.08
Ángel Di María,ar ARG,FW MF,Paris S-G,28,1988,29,24,2 036,22.juin,6,7,13,6,0,0,1,1,0.27,0.31,0.57,0.27,0.57
Issiar Dia,sn SEN,FW MF,Nancy,29,1987,31,22,2,22.févr,8,3,11,7,1,1,3,0,0.36,0.14,0.50,0.32,0.45
Cheick Diabaté,ml MLI,FW,Metz,28,1988,14,12,1 055,11.juil,8,1,9,5,3,3,2,0,0.68,0.09,0.77,0.43,0.51
Abou Diaby,fr FRA,MF,Marseille,30,1986,2,2,128,01.avr,0,0,0,0,0,0,1,0,0.00,0.00,0.00,0.00,0.00
Fallou Diagne,sn SEN,DF,Metz,26,1989,12,12,999,11.janv,0,0,0,0,0,0,3,1,0.00,0.00,0.00,0.00,0.00
Modou Diagne,sn SEN,DF,Nancy,22,1994,22,21,1 846,20.mai,1,0,1,1,0,0,1,1,0.05,0.00,0.05,0.05,0.05
Adama Diakhaby,fr FRA,FW MF,Rennes,20,1996,25,3,728,08.janv,4,0,4,3,1,1,2,0,0.49,0.00,0.49,0.37,0.37
Mouctar Diakhaby,gn GUI,DF,Lyon,19,1996,22,22,1 929,21.avr,1,0,1,1,0,0,5,0,0.05,0.00,0.05,0.05,0.05
Abdou Diallo,sn SEN,DF,Monaco,20,1996,5,4,388,04.mars,0,0,0,0,0,0,0,0,0.00,0.00,0.00,0.00,0.00
Player,Nation,Pos,Squad,Age,Born,MP,Starts,Min,90s,Gls,Ast,G+A,G-PK,PK,PKatt,CrdY,CrdR,Gls,Ast,G+A,G-PK,G+A-PK
Habib Diallo,sn SEN,FW,Metz,21,1995,19,7,832,09.févr,1,1,2,1,0,0,0,0,0.11,0.11,0.22,0.11,0.22
Mustapha Diallo,sn SEN,FW MF,Guingamp,30,1986,26,22,1 744,19.avr,5,1,6,5,0,0,9,1,0.26,0.05,0.31,0.26,0.31
Sadio Diallo,gn GUI,FW MF,Bastia,25,1990,28,20,1 417,15.juil,3,3,6,3,0,0,3,0,0.19,0.19,0.38,0.19,0.38
Alou Diarra,fr FRA,MF,Nancy,35,1981,18,16,1 291,14.mars,2,0,2,2,0,0,7,0,0.14,0.00,0.14,0.14,0.14
Lassana Diarra,fr FRA,MF,Marseille,31,1985,11,8,729,08.janv,0,0,0,0,0,0,2,0,0.00,0.00,0.00,0.00,0.00
Thomas Didillon,fr FRA,GK,Metz,20,1995,32,32,2 88,32.0,0,0,0,0,0,0,0,0,0.00,0.00,0.00,0.00,0.00
Étienne Didot,fr FRA,MF,Guingamp,33,1983,28,26,2 139,23.août,1,1,2,1,0,0,6,0,0.04,0.04,0.08,0.04,0.08
Famara Diedhiou,sn SEN,FW,Angers,23,1992,31,28,2 27,25.févr,8,1,9,7,1,2,6,0,0.32,0.04,0.36,0.28,0.32
Ismaël Diomandé,ci CIV,MF,Caen,23,1992,12,7,792,08.août,0,0,0,0,0,0,3,0,0.00,0.00,0.00,0.00,0.00
Lois Diony,fr FRA,FW,Dijon,23,1992,35,31,2 807,31.2,11,7,18,11,0,0,2,1,0.35,0.22,0.58,0.35,0.58
Issa Diop,fr FRA,DF,Toulouse,19,1997,30,30,2 7,30.0,2,1,3,2,0,0,9,0,0.07,0.03,0.10,0.07,0.10
Nabil Dirar,ma MAR,DF MF,Monaco,30,1986,18,8,876,09.juil,1,3,4,1,0,0,2,0,0.10,0.31,0.41,0.10,0.41
Koffi Djidji,ci CIV,DF,Nantes,23,1992,28,28,2 491,27.juil,0,0,0,0,0,0,7,0,0.00,0.00,0.00,0.00,0.00
Alexander Djiku,gh GHA,DF MF,Bastia,21,1994,23,21,1 85,20.juin,1,0,1,1,0,0,2,2,0.05,0.00,0.05,0.05,0.05
Keagan Dolly,za RSA,FW MF,Montpellier,23,1993,12,5,448,5.0,0,0,0,0,0,0,0,0,0.00,0.00,0.00,0.00,0.00
Anastasios Donis,gr GRE,FW MF,Nice,19,1996,18,3,455,05.janv,5,1,6,5,0,0,1,0,0.99,0.20,janv.19,0.99,janv.19
Férébory Doré,cg CGO,FW,Angers,27,1989,9,1,180,2.0,0,0,0,0,0,0,0,0,0.00,0.00,0.00,0.00,0.00
Dória,br BRA,DF,Marseille,21,1994,23,14,1 372,15.févr,1,0,1,1,0,0,4,0,0.07,0.00,0.07,0.07,0.07
Cheick Doukouré,ci CIV,MF,Metz,23,1992,29,27,2 256,25.janv,0,1,1,0,0,0,8,2,0.00,0.04,0.04,0.00,0.04
Tongo Doumbia,ml MLI,MF,Toulouse,26,1989,10,5,476,05.mars,0,0,0,0,0,0,2,0,0.00,0.00,0.00,0.00,0.00
Julian Draxler,de GER,FW MF,Paris S-G,22,1993,17,12,1 012,11.févr,4,1,5,4,0,0,2,0,0.36,0.09,0.44,0.36,0.44
Matthieu Dreyer,fr FRA,GK,Caen,27,1989,2,2,180,2.0,0,0,0,0,0,0,0,0,0.00,0.00,0.00,0.00,0.00
Leo Dubois,fr FRA,DF MF,Nantes,21,1994,36,35,3 133,34.8,0,6,6,0,0,0,2,0,0.00,0.17,0.17,0.00,0.17
Maxime Dupé,fr FRA,GK,Nantes,23,1993,16,16,1 44,16.0,0,0,0,0,0,0,1,0,0.00,0.00,0.00,0.00,0.00
Jimmy Durmaz,se SWE,MF,Toulouse,27,1989,27,17,1 52,16.sept,2,1,3,2,0,0,5,0,0.12,0.06,0.18,0.12,0.18
Player,Nation,Pos,Squad,Age,Born,MP,Starts,Min,90s,Gls,Ast,G+A,G-PK,PK,PKatt,CrdY,CrdR,Gls,Ast,G+A,G-PK,G+A-PK
Éder,pt POR,FW,Lille,28,1987,31,28,2 47,27.avr,6,5,11,5,1,2,3,0,0.22,0.18,0.40,0.18,0.36
Odsonne Édouard,fr FRA,FW,Toulouse,18,1998,16,4,572,06.avr,1,0,1,1,0,0,0,0,0.16,0.00,0.16,0.16,0.16
Vincent Enyeama,ng NGA,GK,Lille,33,1982,32,32,2 854,31.juil,0,0,0,0,0,0,4,0,0.00,0.00,0.00,0.00,0.00
Kermit Erasmus,za RSA,FW MF,Rennes,26,1990,8,1,169,01.sept,0,0,0,0,0,0,0,0,0.00,0.00,0.00,0.00,0.00
Mevlüt Erdinç,tr TUR,FW,Metz,29,1987,24,15,1 405,15.juin,6,1,7,3,3,4,1,0,0.38,0.06,0.45,0.19,0.26
Patrice Evra,fr FRA,DF,Marseille,35,1981,11,11,868,09.juin,1,0,1,1,0,0,3,0,0.10,0.00,0.10,0.10,0.10
Valentin Eysseric,fr FRA,FW MF,Nice,24,1992,29,23,2 076,23.janv,4,7,11,4,0,0,4,0,0.17,0.30,0.48,0.17,0.48
Fabinho,br BRA,DF MF,Monaco,22,1993,37,33,3 073,34.1,9,1,10,2,7,7,8,0,0.26,0.03,0.29,0.06,0.09
Radamel Falcao,co COL,FW,Monaco,30,1986,29,22,1 927,21.avr,21,4,25,17,4,4,2,0,0.98,0.19,janv.17,0.79,0.98
Simon Falette,gn GUI,DF,Metz,24,1992,35,35,3 089,34.3,3,1,4,3,0,0,7,0,0.09,0.03,0.12,0.09,0.12
Rod Fanni,fr FRA,DF,Marseille,34,1981,28,27,2 396,26.juin,1,0,1,1,0,0,7,0,0.04,0.00,0.04,0.04,0.04
Nabil Fekir,fr FRA,FW MF,Lyon,23,1993,32,28,2 209,24.mai,9,5,14,7,2,2,5,1,0.37,0.20,0.57,0.29,0.49
Julien Féret,fr FRA,MF,Caen,34,1982,35,35,3 116,34.6,2,3,5,2,0,0,1,0,0.06,0.09,0.14,0.06,0.14
Gelson Fernandes,ch SUI,MF,Rennes,29,1986,27,21,1 836,20.avr,0,0,0,0,0,0,7,0,0.00,0.00,0.00,0.00,0.00
Jordan Ferri,fr FRA,MF,Lyon,24,1992,28,11,1 052,11.juil,1,2,3,1,0,0,4,0,0.09,0.17,0.26,0.09,0.26
Afonso Figueiredo,pt POR,DF,Rennes,23,1993,5,2,260,02.sept,0,0,0,0,0,0,0,0,0.00,0.00,0.00,0.00,0.00
Moryké Fofana,ci CIV,FW MF,Lorient,24,1991,7,4,353,03.sept,0,0,0,0,0,0,0,0,0.00,0.00,0.00,0.00,0.00
Milan Gajić,rs SRB,DF MF,Bordeaux,20,1996,14,11,1 137,12.juin,0,0,0,0,0,0,5,0,0.00,0.00,0.00,0.00,0.00
Jordy Gaspar,ao ANG,DF MF,Lyon,19,1997,2,2,172,01.sept,0,0,0,0,0,0,1,0,0.00,0.00,0.00,0.00,0.00
Johan Gastien,fr FRA,MF,Dijon,28,1988,15,8,889,09.sept,0,0,0,0,0,0,3,0,0.00,0.00,0.00,0.00,0.00
Romain Genevois,ht HAI,DF,Caen,28,1987,13,10,860,09.juin,0,0,0,0,0,0,1,0,0.00,0.00,0.00,0.00,0.00
Valère Germain,fr FRA,FW MF,Monaco,26,1990,36,27,2 225,24.juil,10,4,14,10,0,0,0,0,0.40,0.16,0.57,0.40,0.57
Anwar El Ghazi,nl NED,FW MF,Lille,21,1995,12,7,703,07.août,1,0,1,1,0,0,2,0,0.13,0.00,0.13,0.13,0.13
Lamine Ghezali,fr FRA,MF,Saint-Étienne,17,1999,1,0,2,0.0,0,0,0,0,0,0,0,0,0.00,0.00,0.00,0.00,0.00
Rachid Ghezzal,dz ALG,FW MF,Lyon,24,1992,26,15,1 374,15.mars,2,2,4,2,0,0,3,1,0.13,0.13,0.26,0.13,0.26
Player,Nation,Pos,Squad,Age,Born,MP,Starts,Min,90s,Gls,Ast,G+A,G-PK,PK,PKatt,CrdY,CrdR,Gls,Ast,G+A,G-PK,G+A-PK
Guillaume Gillet,be BEL,DF MF,Nantes,32,1984,38,38,3 366,37.4,3,0,3,3,0,0,5,0,0.08,0.00,0.08,0.08,0.08
Thibault Giresse,fr FRA,MF,Guingamp,35,1981,13,4,433,04.août,1,0,1,1,0,0,0,0,0.21,0.00,0.21,0.21,0.21
Kamil Glik,pl POL,DF MF,Monaco,28,1988,36,36,3 24,36.0,6,2,8,6,0,0,6,0,0.17,0.06,0.22,0.17,0.22
Joris Gnagnon,fr FRA,DF,Rennes,19,1997,27,27,2 327,25.sept,1,0,1,1,0,0,2,0,0.04,0.00,0.04,0.04,0.04
Mauro Goicoechea,uy URU,GK,Toulouse,28,1988,2,2,180,2.0,0,0,0,0,0,0,0,0,0.00,0.00,0.00,0.00,0.00
Bafétimbi Gomis,fr FRA,FW,Marseille,30,1985,31,30,2 599,28.sept,20,4,24,17,3,3,6,0,0.69,0.14,0.83,0.59,0.73
Maxime Gonalons,fr FRA,MF,Lyon,27,1989,30,29,2 518,28.0,1,1,2,1,0,0,7,1,0.04,0.04,0.07,0.04,0.07
Mathieu Gorgelin,fr FRA,GK,Lyon,25,1990,1,1,90,1.0,0,0,0,0,0,0,0,0,0.00,0.00,0.00,0.00,0.00
Yoann Gourcuff,fr FRA,MF,Rennes,30,1986,27,27,2 289,25.avr,4,3,7,4,0,0,3,0,0.16,0.12,0.28,0.16,0.28
Clément Grenier,fr FRA,MF,Lyon,25,1991,4,0,35,0.4,0,0,0,0,0,0,0,0,0.00,0.00,0.00,0.00,0.00
Kamil Grosicki,pl POL,FW MF,Rennes,28,1988,16,9,992,11.0,4,3,7,3,1,2,0,0,0.36,0.27,0.64,0.27,0.54
Gonçalo Guedes,pt POR,FW MF,Paris S-G,19,1996,7,1,143,01.juin,0,1,1,0,0,0,0,0,0.00,0.63,0.63,0.00,0.63
Mattéo Guendouzi,fr FRA,MF,Lorient,17,1999,8,4,420,04.juil,0,0,0,0,0,0,2,0,0.00,0.00,0.00,0.00,0.00
Diallo Guidileye,mr MTN,MF,Nancy,26,1989,24,18,1 749,19.avr,0,2,2,0,0,0,5,0,0.00,0.10,0.10,0.00,0.10
Frederic Guilbert,fr FRA,DF MF,Bordeaux,21,1994,3,2,223,02.mai,0,0,0,0,0,0,0,0,0.00,0.00,0.00,0.00,0.00
Frederic Guilbert,fr FRA,DF MF,Caen,21,1994,23,23,2 038,22.juin,0,1,1,0,0,0,4,0,0.00,0.04,0.04,0.00,0.04
Théo Guivarch,fr FRA,GK,Guingamp,20,1995,1,0,50,0.6,0,0,0,0,0,0,0,0,0.00,0.00,0.00,0.00,0.00
Oussama Haddadi,tn TUN,DF MF,Dijon,24,1992,13,12,1 078,12.0,0,2,2,0,0,0,2,0,0.00,0.17,0.17,0.00,0.17
Youssouf Hadji,ma MAR,FW MF,Nancy,36,1980,26,14,1 299,14.avr,0,1,1,0,0,1,1,0,0.00,0.07,0.07,0.00,0.07
Pierre-Yves Hamel,fr FRA,FW,Lorient,22,1994,3,0,36,0.4,1,0,1,1,0,0,0,0,févr.50,0.00,févr.50,févr.50,févr.50
Romain Hamouma,fr FRA,FW MF,Saint-Étienne,29,1987,29,22,1 969,21.sept,7,5,12,5,2,2,2,0,0.32,0.23,0.55,0.23,0.46
Amine Harit,ma MAR,FW MF,Nantes,19,1997,30,23,2 184,24.mars,1,1,2,1,0,0,4,1,0.04,0.04,0.08,0.04,0.08
Gauthier Hein,fr FRA,FW MF,Metz,19,1996,13,6,518,05.août,1,0,1,1,0,0,1,0,0.17,0.00,0.17,0.17,0.17
Dalbert Henrique,br BRA,DF MF,Nice,22,1993,33,33,2 867,31.9,0,2,2,0,0,0,7,0,0.00,0.06,0.06,0.00,0.06
Pedro Henrique,br BRA,FW MF,Rennes,26,1990,13,4,331,03.juil,0,1,1,0,0,0,3,0,0.00,0.27,0.27,0.00,0.27
Player,Nation,Pos,Squad,Age,Born,MP,Starts,Min,90s,Gls,Ast,G+A,G-PK,PK,PKatt,CrdY,CrdR,Gls,Ast,G+A,G-PK,G+A-PK
Vitorino Hilton,br BRA,DF,Montpellier,38,1977,32,32,2 803,31.janv,1,1,2,1,0,0,2,0,0.03,0.03,0.06,0.03,0.06
Tomáš Hubočan,sk SVK,DF,Marseille,30,1985,13,11,997,11.janv,0,0,0,0,0,0,4,0,0.00,0.00,0.00,0.00,0.00
Adrien Hunou,fr FRA,FW MF,Rennes,22,1994,22,11,1 139,12.juil,1,0,1,1,0,0,2,0,0.08,0.00,0.08,0.08,0.08
Didier Ibrahim Ndong,ga GAB,DF MF,Lorient,22,1994,2,2,120,01.mars,0,0,0,0,0,0,0,1,0.00,0.00,0.00,0.00,0.00
Jordan Ikoko,cd COD,DF,Guingamp,22,1994,27,25,2 324,25.août,0,1,1,0,0,0,3,0,0.00,0.04,0.04,0.00,0.04
Jonathan Ikone,fr FRA,FW MF,Montpellier,18,1998,14,7,669,07.avr,1,1,2,1,0,0,1,0,0.13,0.13,0.27,0.13,0.27
Jonathan Ikone,fr FRA,FW MF,Paris S-G,18,1998,4,2,138,01.mai,0,0,0,0,0,0,0,0,0.00,0.00,0.00,0.00,0.00
Jules Iloki,fr FRA,MF,Nantes,24,1992,23,15,1 215,13.mai,1,4,5,1,0,0,2,0,0.07,0.30,0.37,0.07,0.37
Emmanuel Imorou,bj BEN,DF,Caen,27,1988,9,8,699,07.août,0,0,0,0,0,0,1,0,0.00,0.00,0.00,0.00,0.00
Christophe Jallet,fr FRA,DF,Lyon,32,1983,13,12,1 094,12.févr,1,2,3,1,0,0,0,0,0.08,0.16,0.25,0.08,0.25
Nicolas Janvier,fr FRA,MF,Rennes,17,1998,4,1,93,1.0,0,0,0,0,0,0,0,0,0.00,0.00,0.00,0.00,0.00
Corentin Jean,fr FRA,FW MF,Toulouse,21,1995,16,16,1 258,14.0,1,2,3,1,0,0,1,0,0.07,0.14,0.21,0.07,0.21
Corentin Jean,fr FRA,FW MF,Monaco,21,1995,2,1,101,01.janv,0,0,0,0,0,0,1,0,0.00,0.00,0.00,0.00,0.00
Benjamin Jeannot,fr FRA,FW,Lorient,24,1992,17,4,520,05.août,0,1,1,0,0,0,0,1,0.00,0.17,0.17,0.00,0.17
Jemerson,br BRA,DF,Monaco,23,1992,34,34,3 058,34.0,2,0,2,2,0,0,9,1,0.06,0.00,0.06,0.06,0.06
Jesé,es ESP,FW MF,Paris S-G,23,1993,9,1,268,3.0,1,0,1,0,1,1,0,0,0.34,0.00,0.34,0.00,0.00
Karl-Johan Johnsson,se SWE,GK,Guingamp,26,1990,37,37,3 28,36.4,0,0,0,0,0,0,1,1,0.00,0.00,0.00,0.00,0.00
Jorge,br BRA,DF,Monaco,20,1996,2,1,91,1.0,1,0,1,1,0,0,0,0,0.99,0.00,0.99,0.99,0.99
Jorginho,gw GNB,MF,Saint-Étienne,20,1995,5,3,259,02.sept,1,0,1,1,0,0,2,1,0.35,0.00,0.35,0.35,0.35
Yann Jouffre,fr FRA,MF,Metz,32,1984,20,14,1 283,14.mars,4,2,6,2,2,2,1,0,0.28,0.14,0.42,0.14,0.28
Geoffrey Jourdren,fr FRA,GK,Montpellier,30,1986,13,13,1 17,13.0,0,0,0,0,0,0,0,0,0.00,0.00,0.00,0.00,0.00
Vukašin Jovanović,rs SRB,DF,Bordeaux,20,1996,8,8,704,07.août,0,0,0,0,0,0,3,0,0.00,0.00,0.00,0.00,0.00
Christopher Jullien,fr FRA,DF,Toulouse,23,1993,35,35,3 15,35.0,4,1,5,4,0,0,2,1,0.11,0.03,0.14,0.11,0.14
Alexander Kačaniklić,se SWE,FW MF,Nantes,24,1991,17,7,701,07.août,0,0,0,0,0,0,2,0,0.00,0.00,0.00,0.00,0.00
Aldo Kalulu,cd COD,FW MF,Rennes,20,1996,10,5,420,04.juil,0,1,1,0,0,0,1,0,0.00,0.21,0.21,0.00,0.21
Player,Nation,Pos,Squad,Age,Born,MP,Starts,Min,90s,Gls,Ast,G+A,G-PK,PK,PKatt,CrdY,CrdR,Gls,Ast,G+A,G-PK,G+A-PK
Aldo Kalulu,cd COD,FW MF,Lyon,20,1996,4,1,78,0.9,1,0,1,1,0,0,0,0,janv.15,0.00,janv.15,janv.15,janv.15
François Kamano,gn GUI,FW MF,Bordeaux,20,1996,30,17,1 695,18.août,6,5,11,6,0,0,4,0,0.32,0.27,0.58,0.32,0.58
Abdelhamid El Kaoutari,ma MAR,DF,Bastia,26,1990,18,16,1 352,15.0,0,0,0,0,0,0,2,1,0.00,0.00,0.00,0.00,0.00
Yann Karamoh,fr FRA,FW MF,Caen,18,1998,35,25,2 201,24.mai,5,4,9,5,0,0,2,0,0.20,0.16,0.37,0.20,0.37
Benjamin Karamoko,ml MLI,DF,Saint-Étienne,21,1995,1,1,60,0.7,0,0,0,0,0,0,1,0,0.00,0.00,0.00,0.00,0.00
Eiji Kawashima,jp JPN,GK,Metz,33,1983,5,5,450,5.0,0,0,0,0,0,0,0,0,0.00,0.00,0.00,0.00,0.00
Abdoulaye Keita,ml MLI,MF,Bastia,22,1994,21,14,1 471,16.mars,0,0,0,0,0,0,2,0,0.00,0.00,0.00,0.00,0.00
Olivier Kemen,cm CMR,MF,Lyon,20,1996,2,0,60,0.7,0,0,0,0,0,0,0,0,0.00,0.00,0.00,0.00,0.00
Christophe Kerbrat,fr FRA,DF MF,Guingamp,29,1986,35,35,3 134,34.8,0,2,2,0,0,0,4,0,0.00,0.06,0.06,0.00,0.06
Billy Ketkeophomphone,la LAO,FW MF,Angers,26,1990,5,4,292,03.févr,1,0,1,1,0,0,3,1,0.31,0.00,0.31,0.31,0.31
Hamidou Keyta,fr FRA,FW MF,Saint-Étienne,21,1994,4,2,163,01.août,0,0,0,0,0,0,0,0,0.00,0.00,0.00,0.00,0.00
Saîf-Eddine Khaoui,tn TUN,FW MF,Marseille,21,1995,9,1,149,01.juil,0,0,0,0,0,0,0,0,0.00,0.00,0.00,0.00,0.00
Isaac Kiese Thelin,se SWE,FW,Bordeaux,24,1992,7,2,238,02.juin,2,0,2,1,1,1,1,0,0.76,0.00,0.76,0.38,0.38
Presnel Kimpembe,fr FRA,DF,Paris S-G,20,1995,19,19,1 71,19.0,0,0,0,0,0,0,7,0,0.00,0.00,0.00,0.00,0.00
Ricardo Kishna,nl NED,FW MF,Lille,21,1995,11,5,504,05.juin,0,0,0,0,0,0,0,0,0.00,0.00,0.00,0.00,0.00
Erwin Koffi,fr FRA,DF FW,Lorient,21,1995,12,11,997,11.janv,0,1,1,0,0,0,0,0,0.00,0.09,0.09,0.00,0.09
Youssouf Koné,ml MLI,DF,Lille,21,1995,2,2,180,2.0,0,0,0,0,0,0,0,0,0.00,0.00,0.00,0.00,0.00
Anthony Koura,bf BFA,FW,Nancy,23,1993,15,8,766,08.mai,1,0,1,1,0,0,1,0,0.12,0.00,0.12,0.12,0.12
Vincent Koziello,fr FRA,MF,Nice,20,1995,27,19,1 669,18.mai,1,1,2,1,0,0,4,0,0.05,0.05,0.11,0.05,0.11
Grzegorz Krychowiak,pl POL,MF,Paris S-G,26,1990,11,7,659,07.mars,0,0,0,0,0,0,2,0,0.00,0.00,0.00,0.00,0.00
Layvin Kurzawa,fr FRA,DF,Paris S-G,23,1992,18,18,1 527,17.0,2,2,4,2,0,0,3,0,0.12,0.12,0.24,0.12,0.24
Enock Kwateng,fr FRA,DF,Nantes,19,1997,7,4,430,04.août,0,0,0,0,0,0,2,0,0.00,0.00,0.00,0.00,0.00
Gaëtan Laborde,fr FRA,FW MF,Bordeaux,22,1994,36,21,2 033,22.juin,6,5,11,6,0,0,3,0,0.27,0.22,0.49,0.27,0.49
Alexandre Lacazette,fr FRA,FW,Lyon,25,1991,30,28,2 405,26.juil,28,3,31,18,10,12,3,0,01.mai,0.11,janv.16,0.67,0.79
Léo Lacroix,ch SUI,DF,Saint-Étienne,24,1992,20,18,1 681,18.juil,0,0,0,0,0,0,6,0,0.00,0.00,0.00,0.00,0.00
Player,Nation,Pos,Squad,Age,Born,MP,Starts,Min,90s,Gls,Ast,G+A,G-PK,PK,PKatt,CrdY,CrdR,Gls,Ast,G+A,G-PK,G+A-PK
Alban Lafont,ci CIV,GK,Toulouse,17,1999,36,36,3 24,36.0,0,0,0,0,0,0,5,0,0.00,0.00,0.00,0.00,0.00
Ádám Lang,hu HUN,DF,Dijon,23,1993,19,18,1 625,18.janv,0,0,0,0,0,0,4,0,0.00,0.00,0.00,0.00,0.00
Paul Lasne,fr FRA,MF,Montpellier,27,1989,24,16,1 485,16.mai,3,2,5,3,0,0,1,0,0.18,0.12,0.30,0.18,0.30
Wesley Lautoa,nc NCL,DF MF,Lorient,28,1987,21,18,1 507,16.juil,1,0,1,1,0,0,6,0,0.06,0.00,0.06,0.06,0.06
Mickaël Le Bihan,fr FRA,DF FW,Nice,26,1990,10,2,306,03.avr,3,0,3,3,0,0,0,0,0.88,0.00,0.88,0.88,0.88
Vincent Le Goff,fr FRA,DF,Lorient,26,1989,38,37,3 336,37.1,1,0,1,1,0,0,5,0,0.03,0.00,0.03,0.03,0.03
Maxime Le Marchand,fr FRA,DF MF,Nice,26,1989,10,8,707,07.sept,0,0,0,0,0,0,1,0,0.00,0.00,0.00,0.00,0.00
James Lea Siliki,cm CMR,FW MF,Rennes,20,1996,1,0,13,0.1,0,0,0,0,0,0,0,0,0.00,0.00,0.00,0.00,0.00
Jordan Leborgne,gp GLP,MF,Caen,20,1995,6,2,248,02.août,0,0,0,0,0,0,0,0,0.00,0.00,0.00,0.00,0.00
Jean-Louis Leca,fr FRA,GK,Bastia,30,1985,34,34,3 017,33.5,0,0,0,0,0,0,5,1,0.00,0.00,0.00,0.00,0.00
Benjamin Lecomte,fr FRA,GK,Lorient,25,1991,31,31,2 79,31.0,0,0,0,0,0,0,0,0,0.00,0.00,0.00,0.00,0.00
Pierre Lees-Melou,fr FRA,MF,Dijon,23,1993,32,30,2 484,27.juin,7,3,10,7,0,0,3,0,0.25,0.11,0.36,0.25,0.36
Kevin Lejeune,fr FRA,DF MF,Metz,31,1985,14,8,636,07.janv,0,0,0,0,0,0,0,0,0.00,0.00,0.00,0.00,0.00
Thomas Lemar,fr FRA,MF,Monaco,20,1995,34,28,2 61,29.0,9,11,20,9,0,0,1,0,0.31,0.38,0.69,0.31,0.69
Fabien Lemoine,fr FRA,MF,Saint-Étienne,29,1987,16,9,780,08.juil,0,0,0,0,0,0,0,1,0.00,0.00,0.00,0.00,0.00
Clément Lenglet,fr FRA,DF,Nancy,21,1995,18,18,1 62,18.0,0,0,0,0,0,0,4,0,0.00,0.00,0.00,0.00,0.00
Ermir Lenjani,al ALB,DF FW,Rennes,26,1989,2,0,26,0.3,0,0,0,0,0,0,0,0,0.00,0.00,0.00,0.00,0.00
Benjamin Leroy,fr FRA,GK,Dijon,27,1989,1,1,90,1.0,0,0,0,0,0,0,0,0,0.00,0.00,0.00,0.00,0.00
Alexandre Letellier,fr FRA,GK,Angers,25,1990,6,6,540,6.0,0,0,0,0,0,0,0,0,0.00,0.00,0.00,0.00,0.00
Dorian Lévêque,fr FRA,DF,Guingamp,26,1989,2,2,165,01.août,0,0,0,0,0,0,1,0,0.00,0.00,0.00,0.00,0.00
Igor Lewczuk,pl POL,DF,Bordeaux,31,1985,25,25,2 113,23.mai,1,0,1,1,0,0,3,0,0.04,0.00,0.04,0.04,0.04
Aaron Leya Iseka,be BEL,FW,Marseille,18,1997,8,3,260,02.sept,0,1,1,0,0,0,0,0,0.00,0.35,0.35,0.00,0.35
Lucas Lima,br BRA,DF,Nantes,24,1991,38,38,3 382,37.6,1,2,3,0,1,2,6,1,0.03,0.05,0.08,0.00,0.05
Alexandre Llovet,fr FRA,FW,Montpellier,18,1997,2,0,18,0.2,0,0,0,0,0,0,0,0,0.00,0.00,0.00,0.00,0.00
Giovani Lo Celso,ar ARG,FW MF,Paris S-G,20,1996,4,1,82,0.9,0,0,0,0,0,0,1,0,0.00,0.00,0.00,0.00,0.00
Player,Nation,Pos,Squad,Age,Born,MP,Starts,Min,90s,Gls,Ast,G+A,G-PK,PK,PKatt,CrdY,CrdR,Gls,Ast,G+A,G-PK,G+A-PK
Anthony Lopes,pt POR,GK,Lyon,25,1990,37,37,3 33,37.0,0,0,0,0,0,0,0,0,0.00,0.00,0.00,0.00,0.00
Rony Lopes,pt POR,FW MF,Lille,20,1995,25,22,1 861,20.juil,4,4,8,4,0,0,2,0,0.19,0.19,0.39,0.19,0.39
Maxime Lopez,fr FRA,MF,Marseille,18,1997,30,26,2 173,24.janv,3,7,10,3,0,0,4,0,0.12,0.29,0.41,0.12,0.41
Jordan Lotiès,fr FRA,DF,Dijon,31,1984,24,23,2 046,22.juil,2,0,2,2,0,0,6,1,0.09,0.00,0.09,0.09,0.09
Jeff Louis,ht HAI,MF,Caen,23,1992,5,3,230,02.juin,0,0,0,0,0,0,0,0,0.00,0.00,0.00,0.00,0.00
David Luiz,br BRA,DF MF,Paris S-G,29,1987,3,3,241,02.juil,0,0,0,0,0,0,1,0,0.00,0.00,0.00,0.00,0.00
Dodi Lukebakio,be BEL,FW MF,Toulouse,18,1997,5,0,92,1.0,0,0,0,0,0,0,0,0,0.00,0.00,0.00,0.00,0.00
Arnaud Lusamba,cd COD,MF,Nice,19,1997,6,3,253,02.août,0,0,0,0,0,0,0,0,0.00,0.00,0.00,0.00,0.00
Cheikh M'Bengue,sn SEN,DF,Saint-Étienne,28,1988,15,15,1 179,13.janv,0,1,1,0,0,0,4,0,0.00,0.08,0.08,0.00,0.08
Zinédine Machach,fr FRA,FW MF,Marseille,20,1996,10,4,417,04.juin,0,0,0,0,0,0,5,1,0.00,0.00,0.00,0.00,0.00
Gabriel Magalhães,br BRA,DF,Lille,18,1997,1,0,9,0.1,0,0,0,0,0,0,0,0,0.00,0.00,0.00,0.00,0.00
Hicham Mahou,fr FRA,FW MF,Nice,17,1999,1,0,16,0.2,0,0,0,0,0,0,0,0,0.00,0.00,0.00,0.00,0.00
Habib Maïga,ci CIV,MF,Saint-Étienne,20,1996,5,4,295,03.mars,0,0,0,0,0,0,0,0,0.00,0.00,0.00,0.00,0.00
Mike Maignan,fr FRA,GK,Lille,21,1995,7,6,566,06.mars,0,0,0,0,0,0,0,0,0.00,0.00,0.00,0.00,0.00
Anthony Maisonnial,fr FRA,GK,Saint-Étienne,18,1998,2,1,168,01.sept,0,0,0,0,0,0,0,0,0.00,0.00,0.00,0.00,0.00
Abdul Majeed Waris,gh GHA,FW MF,Lorient,24,1991,35,31,2 84,31.6,9,5,14,8,1,3,5,0,0.29,0.16,0.44,0.25,0.41
Jean-Victor Makengo,fr FRA,MF,Caen,18,1998,17,9,877,09.juil,0,0,0,0,0,0,2,0,0.00,0.00,0.00,0.00,0.00
Steed Malbranque,fr FRA,MF,Caen,36,1980,13,3,370,04.janv,0,0,0,0,0,0,2,0,0.00,0.00,0.00,0.00,0.00
Malcom,br BRA,FW MF,Bordeaux,19,1997,37,33,2 728,30.mars,7,4,11,7,0,1,2,0,0.23,0.13,0.36,0.23,0.36
Kévin Malcuit,ma MAR,DF FW,Saint-Étienne,25,1991,25,23,2 092,23.févr,0,2,2,0,0,0,4,2,0.00,0.09,0.09,0.00,0.09
Emanuel Mammana,ar ARG,DF,Lyon,20,1996,17,17,1 514,16.août,1,0,1,1,0,0,3,0,0.06,0.00,0.06,0.06,0.06
Vincent Manceau,fr FRA,DF MF,Angers,27,1989,33,32,2 865,31.août,1,0,1,1,0,0,5,0,0.03,0.00,0.03,0.03,0.03
Christophe Mandanne,fr FRA,FW MF,Nancy,31,1985,20,9,932,10.avr,1,1,2,1,0,0,2,0,0.10,0.10,0.19,0.10,0.19
Georges Mandjeck,cm CMR,DF MF,Metz,27,1988,29,27,2 336,26.0,3,0,3,3,0,0,7,0,0.12,0.00,0.12,0.12,0.12
Alexis Mané,sn SEN,MF,Guingamp,19,1997,4,0,41,0.5,0,0,0,0,0,0,0,0,0.00,0.00,0.00,0.00,0.00
Player,Nation,Pos,Squad,Age,Born,MP,Starts,Min,90s,Gls,Ast,G+A,G-PK,PK,PKatt,CrdY,CrdR,Gls,Ast,G+A,G-PK,G+A-PK
Thomas Mangani,fr FRA,MF,Angers,29,1987,34,33,2 844,31.6,3,6,9,1,2,2,3,0,0.09,0.19,0.28,0.03,0.22
Faitout Maouassa,fr FRA,DF MF,Nancy,18,1998,14,13,1 039,11.mai,3,3,6,3,0,0,5,1,0.26,0.26,0.52,0.26,0.52
Mohamed Mara,gn GUI,FW,Lorient,19,1996,9,7,626,7.0,0,1,1,0,0,0,2,0,0.00,0.14,0.14,0.00,0.14
Florian Marange,fr FRA,DF,Bastia,30,1986,19,16,1 452,16.janv,0,0,0,0,0,0,3,1,0.00,0.00,0.00,0.00,0.00
Fernando Marçal,br BRA,DF MF,Guingamp,27,1989,31,31,2 688,29.sept,0,6,6,0,0,0,5,1,0.00,0.20,0.20,0.00,0.20
Vincent Marcel,fr FRA,MF,Nice,19,1997,6,3,230,02.juin,0,0,0,0,0,0,0,0,0.00,0.00,0.00,0.00,0.00
Vincent Marchetti,fr FRA,DF MF,Nancy,19,1997,17,10,977,10.sept,0,1,1,0,0,0,3,0,0.00,0.09,0.09,0.00,0.09
Jordan Marié,fr FRA,MF,Dijon,24,1991,24,17,1 437,16.0,1,1,2,1,0,0,5,1,0.06,0.06,0.13,0.06,0.13
Marquinhos,br BRA,DF MF,Paris S-G,22,1994,29,27,2 501,27.août,3,0,3,3,0,0,1,0,0.11,0.00,0.11,0.11,0.11
Marvin Martin,fr FRA,MF,Dijon,28,1988,12,4,499,05.mai,0,1,1,0,0,0,0,0,0.00,0.18,0.18,0.00,0.18
Pablo Martinez,fr FRA,DF,Angers,27,1989,9,6,622,06.sept,0,0,0,0,0,0,4,0,0.00,0.00,0.00,0.00,0.00
Jonathan Martins Pereira,fr FRA,DF,Guingamp,30,1986,13,12,1 01,11.févr,0,0,0,0,0,0,5,1,0.00,0.00,0.00,0.00,0.00
Joris Marveaux,mq MTQ,MF,Montpellier,33,1982,8,4,366,04.janv,0,0,0,0,0,0,0,0,0.00,0.00,0.00,0.00,0.00
Sylvain Marveaux,fr FRA,FW MF,Lorient,30,1986,24,24,1 907,21.févr,5,7,12,5,0,0,1,0,0.24,0.33,0.57,0.24,0.57
Jean-Philippe Mateta,fr FRA,FW,Lyon,19,1997,2,1,86,1.0,0,0,0,0,0,0,0,0,0.00,0.00,0.00,0.00,0.00
Boris Mathis,fr FRA,FW,Metz,18,1997,2,0,22,0.2,0,0,0,0,0,0,0,0,0.00,0.00,0.00,0.00,0.00
Blaise Matuidi,fr FRA,MF,Paris S-G,29,1987,34,26,2 415,26.août,4,4,8,4,0,0,4,0,0.15,0.15,0.30,0.15,0.30
Rio Mavuba,fr FRA,MF,Lille,32,1984,18,14,1 117,12.avr,0,0,0,0,0,0,4,1,0.00,0.00,0.00,0.00,0.00
Maxwell,br BRA,DF,Paris S-G,34,1981,20,19,1 713,19.0,0,6,6,0,0,0,0,0,0.00,0.32,0.32,0.00,0.32
Youssef Maziz,fr FRA,FW MF,Metz,18,1998,1,0,15,0.2,0,0,0,0,0,0,0,0,0.00,0.00,0.00,0.00,0.00
Kylian Mbappé,fr FRA,FW MF,Monaco,17,1998,29,17,1 498,16.juin,15,7,22,15,0,0,2,0,0.90,0.42,janv.32,0.90,janv.32
Isaac Mbenza,be BEL,FW MF,Montpellier,20,1996,16,12,945,10.mai,3,1,4,3,0,0,0,0,0.29,0.10,0.38,0.29,0.38
Memphis,nl NED,FW MF,Lyon,22,1994,17,13,1 188,13.févr,5,6,11,5,0,0,1,0,0.38,0.45,0.83,0.38,0.83
Pedro Mendes,pt POR,DF,Rennes,25,1990,19,19,1 664,18.mai,0,0,0,0,0,0,7,0,0.00,0.00,0.00,0.00,0.00
Ryan Mendes,cv CPV,FW MF,Lille,26,1990,7,2,236,02.juin,0,0,0,0,0,0,0,0,0.00,0.00,0.00,0.00,0.00
Player,Nation,Pos,Squad,Age,Born,MP,Starts,Min,90s,Gls,Ast,G+A,G-PK,PK,PKatt,CrdY,CrdR,Gls,Ast,G+A,G-PK,G+A-PK
Alexandre Mendy,gw GNB,FW,Guingamp,22,1994,22,5,814,9.0,3,0,3,3,0,0,2,0,0.33,0.00,0.33,0.33,0.33
Benjamin Mendy,fr FRA,DF,Monaco,22,1994,25,24,2 056,22.août,0,5,5,0,0,0,6,1,0.00,0.22,0.22,0.00,0.22
Hamza Mendyl,ma MAR,DF MF,Lille,18,1997,1,0,12,0.1,0,0,0,0,0,0,0,0,0.00,0.00,0.00,0.00,0.00
Jérémy Ménez,fr FRA,FW MF,Bordeaux,29,1987,26,17,1 472,16.avr,3,3,6,3,0,1,4,1,0.18,0.18,0.37,0.18,0.37
Walid Mesloub,dz ALG,FW MF,Lorient,30,1985,21,11,1 181,13.janv,0,1,1,0,0,0,2,1,0.00,0.08,0.08,0.00,0.08
Thomas Meunier,be BEL,DF MF,Paris S-G,24,1991,22,18,1 695,18.août,1,4,5,1,0,0,3,0,0.05,0.21,0.27,0.05,0.27
Mexer,mz MOZ,DF,Rennes,27,1988,23,20,1 817,20.févr,1,1,2,1,0,0,3,0,0.05,0.05,0.10,0.05,0.10
Mathieu Michel,fr FRA,GK,Angers,24,1991,23,23,2 07,23.0,0,0,0,0,0,0,1,0,0.00,0.00,0.00,0.00,0.00
Clément Michelin,fr FRA,DF MF,Toulouse,19,1997,8,6,480,05.mars,0,0,0,0,0,0,1,0,0.00,0.00,0.00,0.00,0.00
Guido Milán,ar ARG,DF,Metz,29,1987,22,18,1 734,19.mars,1,0,1,1,0,0,2,0,0.05,0.00,0.05,0.05,0.05
Wilfried Moimbé,fr FRA,DF MF,Nantes,27,1988,8,1,174,01.sept,0,0,0,0,0,0,0,0,0.00,0.00,0.00,0.00,0.00
Florent Mollet,fr FRA,FW MF,Metz,24,1991,25,9,892,09.sept,0,1,1,0,0,0,4,0,0.00,0.10,0.10,0.00,0.10
Cédric Mongongu,cd COD,DF,Montpellier,27,1989,3,0,29,0.3,0,0,0,0,0,0,0,0,0.00,0.00,0.00,0.00,0.00
Kévin Monnet-Paquet,fr FRA,FW MF,Saint-Étienne,27,1988,34,27,2 368,26.mars,4,4,8,4,0,0,0,0,0.15,0.15,0.30,0.15,0.30
Steven Moreira,cv CPV,DF MF,Rennes,21,1994,1,1,90,1.0,0,0,0,0,0,0,0,0,0.00,0.00,0.00,0.00,0.00
Steven Moreira,cv CPV,DF MF,Lorient,21,1994,28,28,2 514,27.sept,0,2,2,0,0,0,6,0,0.00,0.07,0.07,0.00,0.07
Jérémy Morel,mg MAD,DF,Lyon,32,1984,29,29,2 541,28.févr,0,4,4,0,0,0,3,0,0.00,0.14,0.14,0.00,0.14
Mehdi Mostefa,dz ALG,DF MF,Bastia,32,1983,31,26,2 339,26.0,0,1,1,0,0,0,9,0,0.00,0.04,0.04,0.00,0.04
Thiago Motta,it ITA,MF,Paris S-G,33,1982,30,25,2 228,24.août,0,1,1,0,0,0,7,1,0.00,0.04,0.04,0.00,0.04
François Moubandje,ch SUI,DF,Toulouse,26,1990,34,34,3 035,33.7,0,1,1,0,0,0,4,0,0.00,0.03,0.03,0.00,0.03
Benjamin Moukandjo,cm CMR,FW MF,Lorient,27,1988,25,24,1 999,22.févr,13,1,14,10,3,3,1,0,0.59,0.05,0.63,0.45,0.50
Jessy Moulin,fr FRA,GK,Saint-Étienne,30,1986,6,6,460,05.janv,0,0,0,0,0,0,0,1,0.00,0.00,0.00,0.00,0.00
Steve Mounié,bj BEN,FW,Montpellier,21,1994,35,32,2 825,31.4,14,2,16,14,0,0,6,1,0.45,0.06,0.51,0.45,0.51
Lucas Moura,br BRA,FW MF,Paris S-G,23,1992,37,29,2 421,26.sept,12,6,18,11,1,1,0,0,0.45,0.22,0.67,0.41,0.63
João Moutinho,pt POR,MF,Monaco,29,1986,31,19,1 778,19.août,2,4,6,2,0,0,0,0,0.10,0.20,0.30,0.10,0.30
Player,Nation,Pos,Squad,Age,Born,MP,Starts,Min,90s,Gls,Ast,G+A,G-PK,PK,PKatt,CrdY,CrdR,Gls,Ast,G+A,G-PK,G+A-PK
Ndombe Mubele,cd COD,FW MF,Rennes,22,1994,15,13,1 163,12.sept,3,0,3,3,0,0,0,0,0.23,0.00,0.23,0.23,0.23
Nordi Mukiele,fr FRA,DF MF,Montpellier,18,1997,17,16,1 44,16.0,0,0,0,0,0,0,2,0,0.00,0.00,0.00,0.00,0.00
Vincent Muratori,fr FRA,DF,Nancy,28,1987,17,17,1 399,15.mai,0,0,0,0,0,0,5,1,0.00,0.00,0.00,0.00,0.00
Yrondu Musavu-King,ga GAB,DF,Toulouse,24,1992,3,3,270,3.0,0,0,0,0,0,0,0,0,0.00,0.00,0.00,0.00,0.00
Arnold Mvuemba,cd COD,FW MF,Lorient,31,1985,32,31,2 776,30.août,1,1,2,1,0,0,5,0,0.03,0.03,0.06,0.03,0.06
Mamadou N'Diaye,sn SEN,DF,Montpellier,21,1995,3,1,88,1.0,0,0,0,0,0,0,0,0,0.00,0.00,0.00,0.00,0.00
Kévin N'Doram,fr FRA,DF MF,Monaco,20,1996,5,3,321,03.juin,0,0,0,0,0,0,0,0,0.00,0.00,0.00,0.00,0.00
Cheikh N'Doye,sn SEN,MF,Angers,30,1986,33,32,2 912,32.4,5,3,8,5,0,0,5,1,0.15,0.09,0.25,0.15,0.25
Guy N'dy Assembé,cm CMR,GK,Nancy,30,1986,23,23,2 043,22.juil,0,0,0,0,0,0,0,0,0.00,0.00,0.00,0.00,0.00
Serge N'Guessan,ci CIV,MF,Nancy,22,1994,9,6,560,06.févr,0,0,0,0,0,0,4,0,0.00,0.00,0.00,0.00,0.00
Clinton N'Jie,cm CMR,FW MF,Marseille,22,1993,22,11,1 026,11.avr,4,1,5,4,0,0,1,0,0.35,0.09,0.44,0.35,0.44
Mickael Nade,fr FRA,DF,Saint-Étienne,17,1999,1,1,90,1.0,0,0,0,0,0,0,0,0,0.00,0.00,0.00,0.00,0.00
Préjuce Nakoulma,bf BFA,FW MF,Nantes,29,1987,11,10,814,9.0,6,1,7,6,0,0,3,0,0.66,0.11,0.77,0.66,0.77
Lenny Nangis,fr FRA,FW MF,Bastia,22,1994,30,12,1 382,15.avr,0,2,2,0,0,0,8,0,0.00,0.13,0.13,0.00,0.13
Axel Ngando,fr FRA,MF,Bastia,23,1993,20,10,907,10.janv,0,1,1,0,0,0,1,0,0.00,0.10,0.10,0.00,0.10
Exaucé Ngassaki,cg CGO,FW,Caen,19,1997,1,0,3,0.0,0,0,0,0,0,0,0,0,0.00,0.00,0.00,0.00,0.00
Opa Nguette,sn SEN,FW MF,Metz,22,1994,33,26,2 219,24.juil,2,2,4,2,0,0,4,0,0.08,0.08,0.16,0.08,0.16
Casimir Ninga,td CHA,FW MF,Montpellier,23,1993,9,6,514,05.juil,5,2,7,5,0,0,2,0,0.88,0.35,janv.23,0.88,janv.23
Pavle Ninkov,rs SRB,DF,Toulouse,31,1985,9,0,196,02.févr,0,0,0,0,0,0,2,0,0.00,0.00,0.00,0.00,0.00
Nicolas Nkoulou,cm CMR,DF,Lyon,26,1990,13,13,1 17,13.0,0,0,0,0,0,0,2,0,0.00,0.00,0.00,0.00,0.00
Christopher Nkunku,fr FRA,FW MF,Paris S-G,18,1997,8,5,398,04.avr,1,0,1,1,0,0,2,0,0.23,0.00,0.23,0.23,0.23
Arnaud Nordin,fr FRA,FW MF,Saint-Étienne,18,1998,15,5,608,06.août,2,0,2,2,0,0,1,0,0.30,0.00,0.30,0.30,0.30
Paul-Georges Ntep,cm CMR,FW MF,Rennes,24,1992,15,14,1 123,12.mai,2,5,7,2,0,0,1,0,0.16,0.40,0.56,0.16,0.56
Dickson Nwakaeme,ng NGA,FW,Angers,30,1986,6,0,92,1.0,0,0,0,0,0,0,1,0,0.00,0.00,0.00,0.00,0.00
Mounir Obbadi,ma MAR,MF,Nice,33,1983,6,3,304,03.avr,0,0,0,0,0,0,2,0,0.00,0.00,0.00,0.00,0.00
Player,Nation,Pos,Squad,Age,Born,MP,Starts,Min,90s,Gls,Ast,G+A,G-PK,PK,PKatt,CrdY,CrdR,Gls,Ast,G+A,G-PK,G+A-PK
Mounir Obbadi,ma MAR,MF,Lille,33,1983,5,5,335,03.juil,0,0,0,0,0,0,2,0,0.00,0.00,0.00,0.00,0.00
David Oberhauser,fr FRA,GK,Metz,25,1990,1,1,90,1.0,0,0,0,0,0,0,0,0,0.00,0.00,0.00,0.00,0.00
Sérgio Oliveira,pt POR,MF,Nantes,24,1992,6,0,114,01.mars,0,0,0,0,0,0,1,0,0.00,0.00,0.00,0.00,0.00
Prince Oniangué,cg CGO,DF MF,Bastia,27,1988,14,13,1 115,12.avr,3,0,3,3,0,0,2,0,0.24,0.00,0.24,0.24,0.24
Adam Ounas,dz ALG,FW MF,Bordeaux,19,1996,26,11,1 224,13.juin,3,2,5,2,1,1,5,1,0.22,0.15,0.37,0.15,0.29
Vincent Pajot,fr FRA,MF,Saint-Étienne,25,1990,21,15,1 364,15.févr,3,0,3,3,0,0,2,0,0.20,0.00,0.20,0.20,0.20
Nicolas Pallois,fr FRA,DF,Bordeaux,28,1987,31,31,2 79,31.0,2,1,3,2,0,0,10,2,0.06,0.03,0.10,0.06,0.10
Julian Palmieri,fr FRA,DF MF,Lille,29,1986,22,16,1 523,16.sept,1,2,3,1,0,0,5,1,0.06,0.12,0.18,0.06,0.18
Felipe Pardo,co COL,FW MF,Nantes,25,1990,13,6,585,06.mai,1,1,2,1,0,0,3,0,0.15,0.15,0.31,0.15,0.31
Bryan Passi,cg CGO,DF MF,Montpellier,18,1997,3,1,145,01.juin,0,0,0,0,0,0,1,0,0.00,0.00,0.00,0.00,0.00
Javier Pastore,ar ARG,MF,Paris S-G,27,1989,15,9,864,09.juin,0,4,4,0,0,0,0,0,0.00,0.42,0.42,0.00,0.42
Mateo Pavlović,ba BIH,DF,Angers,26,1990,12,9,856,09.mai,1,1,2,1,0,0,2,1,0.11,0.11,0.21,0.11,0.21
Dimitri Payet,fr FRA,FW MF,Marseille,29,1987,15,14,1 246,13.août,4,3,7,4,0,0,3,0,0.29,0.22,0.51,0.29,0.51
Benoît Pedretti,fr FRA,MF,Nancy,35,1980,26,21,1 87,20.août,1,2,3,1,0,0,7,1,0.05,0.10,0.14,0.05,0.14
Yohann Pelé,fr FRA,GK,Marseille,33,1982,38,38,3 42,38.0,0,0,0,0,0,0,3,0,0.00,0.00,0.00,0.00,0.00
Théo Pellenard,fr FRA,DF,Bordeaux,22,1994,6,5,459,05.janv,0,0,0,0,0,0,1,0,0.00,0.00,0.00,0.00,0.00
Nicolas Pépé,ci CIV,FW MF,Angers,21,1995,33,11,1 321,14.juil,3,1,4,3,0,0,2,0,0.20,0.07,0.27,0.20,0.27
Ricardo Pereira,pt POR,DF FW,Nice,22,1993,24,23,2 055,22.août,2,4,6,2,0,0,2,0,0.09,0.18,0.26,0.09,0.26
Loïc Perrin,fr FRA,DF MF,Saint-Étienne,30,1985,27,26,2 245,24.sept,4,0,4,4,0,0,1,0,0.16,0.00,0.16,0.16,0.16
Denis Petrić,rs SRB,GK,Angers,28,1988,9,9,810,9.0,0,0,0,0,0,0,1,0,0.00,0.00,0.00,0.00,0.00
Mathieu Peybernes,fr FRA,DF,Bastia,25,1990,19,19,1 64,18.févr,0,0,0,0,0,0,0,0,0.00,0.00,0.00,0.00,0.00
Mathieu Peybernes,fr FRA,DF,Lorient,25,1990,18,18,1 53,17.0,0,0,0,0,0,0,5,0,0.00,0.00,0.00,0.00,0.00
Romain Philippoteaux,fr FRA,FW MF,Lorient,28,1988,30,18,1 557,17.mars,2,1,3,2,0,0,3,0,0.12,0.06,0.17,0.12,0.17
Chris Philipps,lu LUX,DF MF,Metz,22,1994,11,9,815,09.janv,0,0,0,0,0,0,4,0,0.00,0.00,0.00,0.00,0.00
Jessy Pi,fr FRA,MF,Toulouse,22,1993,15,3,428,04.août,0,0,0,0,0,0,1,0,0.00,0.00,0.00,0.00,0.00
Player,Nation,Pos,Squad,Age,Born,MP,Starts,Min,90s,Gls,Ast,G+A,G-PK,PK,PKatt,CrdY,CrdR,Gls,Ast,G+A,G-PK,G+A-PK
Ronaël Pierre-Gabriel,fr FRA,DF,Saint-Étienne,18,1998,14,11,963,10.juil,0,0,0,0,0,0,4,0,0.00,0.00,0.00,0.00,0.00
Laurent Pionnier,fr FRA,GK,Montpellier,34,1982,25,25,2 25,25.0,0,0,0,0,0,0,0,0,0.00,0.00,0.00,0.00,0.00
Jaroslav Plašil,cz CZE,MF,Bordeaux,34,1982,37,26,2 4,26.juil,1,4,5,1,0,0,2,0,0.04,0.15,0.19,0.04,0.19
Alassane Pléa,fr FRA,FW MF,Nice,23,1993,25,22,1 84,20.avr,11,2,13,10,1,2,1,0,0.54,0.10,0.64,0.49,0.59
Morgan Poaty,cg CGO,DF FW,Montpellier,19,1997,3,1,51,0.6,0,0,0,0,0,0,0,1,0.00,0.00,0.00,0.00,0.00
Florentin Pogba,gn GUI,DF,Saint-Étienne,25,1990,17,16,1 363,15.janv,1,1,2,1,0,0,1,0,0.07,0.07,0.13,0.07,0.13
Lukáš Pokorný,cz CZE,DF,Montpellier,23,1993,13,12,1 089,12.janv,0,0,0,0,0,0,2,0,0.00,0.00,0.00,0.00,0.00
Pierre-Yves Polomat,fr FRA,DF,Saint-Étienne,22,1993,11,6,645,07.févr,0,1,1,0,0,0,2,0,0.00,0.14,0.14,0.00,0.14
Maxime Poundjé,fr FRA,DF,Bordeaux,23,1992,7,7,585,06.mai,0,0,0,0,0,0,0,0,0.00,0.00,0.00,0.00,0.00
Sanjin Prcić,ba BIH,MF,Rennes,22,1993,25,22,1 852,20.juin,1,1,2,1,0,0,4,1,0.05,0.05,0.10,0.05,0.10
Nicolas de Préville,fr FRA,FW MF,Lille,25,1991,30,23,2 059,22.sept,14,5,19,10,4,4,2,0,0.61,0.22,0.83,0.44,0.66
Jérôme Prior,fr FRA,GK,Bordeaux,20,1995,14,14,1 26,14.0,0,0,0,0,0,0,0,0,0.00,0.00,0.00,0.00,0.00
Sloan Privat,fr FRA,FW,Guingamp,27,1989,20,12,881,09.août,3,1,4,3,0,0,1,0,0.31,0.10,0.41,0.31,0.41
Loïc Puyo,fr FRA,FW MF,Nancy,27,1988,22,15,1 433,15.sept,2,0,2,2,0,0,3,0,0.13,0.00,0.13,0.13,0.13
Antoine Rabillard,fr FRA,FW,Marseille,20,1995,2,0,16,0.2,0,0,0,0,0,0,0,0,0.00,0.00,0.00,0.00,0.00
Adrien Rabiot,fr FRA,MF,Paris S-G,21,1995,27,20,1 935,21.mai,3,2,5,3,0,0,2,0,0.14,0.09,0.23,0.14,0.23
Rafael,br BRA,DF MF,Lyon,26,1990,27,25,2 149,23.sept,0,3,3,0,0,0,8,1,0.00,0.13,0.13,0.00,0.13
Andrea Raggi,it ITA,DF,Monaco,32,1984,14,11,966,10.juil,0,0,0,0,0,0,0,0,0.00,0.00,0.00,0.00,0.00
Florian Raspentino,fr FRA,FW MF,Bastia,27,1989,9,3,282,03.janv,0,0,0,0,0,0,0,0,0.00,0.00,0.00,0.00,0.00
Karim Rekik,nl NED,DF,Marseille,21,1994,10,8,761,08.mai,0,0,0,0,0,0,0,0,0.00,0.00,0.00,0.00,0.00
William Rémy,fr FRA,DF,Montpellier,25,1991,15,8,946,10.mai,0,1,1,0,0,0,1,1,0.00,0.10,0.10,0.00,0.10
Paul Reulet,fr FRA,GK,Caen,22,1994,3,2,197,02.févr,0,0,0,0,0,0,0,0,0.00,0.00,0.00,0.00,0.00
Baptiste Reynet,fr FRA,GK,Dijon,25,1990,37,37,3 33,37.0,0,0,0,0,0,0,1,0,0.00,0.00,0.00,0.00,0.00
Rémy Riou,fr FRA,GK,Nantes,28,1987,22,22,1 98,22.0,0,0,0,0,0,0,0,0,0.00,0.00,0.00,0.00,0.00
Yohann Rivière,fr FRA,FW,Dijon,31,1984,14,1,152,01.juil,1,0,1,1,0,0,2,0,0.59,0.00,0.59,0.59,0.59
Player,Nation,Pos,Squad,Age,Born,MP,Starts,Min,90s,Gls,Ast,G+A,G-PK,PK,PKatt,CrdY,CrdR,Gls,Ast,G+A,G-PK,G+A-PK
Jonathan Rivierez,mq MTQ,DF,Metz,27,1989,16,14,1 252,13.sept,0,1,1,0,0,0,3,0,0.00,0.07,0.07,0.00,0.07
Antony Robic,fr FRA,FW MF,Nancy,30,1986,24,13,1 162,12.sept,0,0,0,0,0,1,3,0,0.00,0.00,0.00,0.00,0.00
Kenny Rocha Santos,cv CPV,FW MF,Saint-Étienne,16,2000,3,1,61,0.7,0,0,0,0,0,0,0,0,0.00,0.00,0.00,0.00,0.00
Ronny Rodelin,fr FRA,FW MF,Caen,26,1989,37,31,2 955,32.8,9,3,12,8,1,1,4,0,0.27,0.09,0.37,0.24,0.34
Diego Rolán,uy URU,FW MF,Bordeaux,23,1993,29,19,1 763,19.juin,9,0,9,9,0,1,3,1,0.46,0.00,0.46,0.46,0.46
Rolando,pt POR,DF,Marseille,30,1985,30,29,2 618,29.janv,4,0,4,4,0,0,2,0,0.14,0.00,0.14,0.14,0.14
Valentin Rongier,fr FRA,DF MF,Nantes,21,1994,31,26,2 162,24.0,2,2,4,2,0,0,1,0,0.08,0.08,0.17,0.08,0.17
Lindsay Rose,mu MRI,DF,Bastia,24,1992,9,7,690,07.juil,0,0,0,0,0,0,1,0,0.00,0.00,0.00,0.00,0.00
Lindsay Rose,mu MRI,DF,Lorient,24,1992,3,3,270,3.0,0,0,0,0,0,0,0,0,0.00,0.00,0.00,0.00,0.00
Valentin Rosier,fr FRA,DF MF,Dijon,19,1996,3,3,270,3.0,0,0,0,0,0,0,0,0,0.00,0.00,0.00,0.00,0.00
Jérôme Roussillon,fr FRA,DF MF,Montpellier,23,1993,32,31,2 74,30.avr,1,2,3,1,0,0,3,0,0.03,0.07,0.10,0.03,0.10
Nolan Roux,fr FRA,FW MF,Saint-Étienne,28,1988,21,12,1 226,13.juin,4,2,6,1,3,3,2,0,0.29,0.15,0.44,0.07,0.22
Stéphane Ruffier,fr FRA,GK,Saint-Étienne,29,1986,31,31,2 79,31.0,0,0,0,0,0,0,0,0,0.00,0.00,0.00,0.00,0.00
Vincent Rüfli,ch SUI,DF,Dijon,28,1988,19,17,1 48,16.avr,0,2,2,0,0,0,8,0,0.00,0.12,0.12,0.00,0.12
Maciej Rybus,pl POL,DF MF,Lyon,26,1989,19,14,1 235,13.juil,0,1,1,0,0,0,1,0,0.00,0.07,0.07,0.00,0.07
Youssouf Sabaly,sn SEN,DF,Bordeaux,23,1993,30,30,2 646,29.avr,0,4,4,0,0,0,3,0,0.00,0.14,0.14,0.00,0.14
Wesley Saïd,fr FRA,FW MF,Rennes,21,1995,25,9,1 031,11.mai,4,0,4,4,0,0,1,0,0.35,0.00,0.35,0.35,0.35
Jamel Saihi,tn TUN,MF,Montpellier,29,1987,2,0,61,0.7,0,0,0,0,0,0,0,0,0.00,0.00,0.00,0.00,0.00
Jamel Saihi,tn TUN,MF,Angers,29,1987,5,3,235,02.juin,0,0,0,0,0,0,0,0,0.00,0.00,0.00,0.00,0.00
Dylan Saint-Louis,cg CGO,FW MF,Saint-Étienne,21,1995,1,1,83,0.9,1,0,1,1,0,0,0,0,01.août,0.00,01.août,01.août,01.août
Allan Saint-Maximin,fr FRA,FW MF,Bastia,19,1997,34,30,2 696,30.0,3,3,6,3,0,0,1,1,0.10,0.10,0.20,0.10,0.20
Nicolas Saint-Ruf,gp GLP,DF,Montpellier,23,1992,7,7,620,06.sept,0,0,0,0,0,0,0,0,0.00,0.00,0.00,0.00,0.00
Nicolas Saint-Ruf,gp GLP,DF,Bastia,23,1992,5,4,316,03.mai,0,0,0,0,0,0,2,2,0.00,0.00,0.00,0.00,0.00
Henri Saivet,sn SEN,FW MF,Saint-Étienne,25,1990,27,21,1 765,19.juin,1,2,3,1,0,0,3,0,0.05,0.10,0.15,0.05,0.15
Hiroki Sakai,jp JPN,DF MF,Marseille,26,1990,35,34,3 012,33.5,0,2,2,0,0,0,6,0,0.00,0.06,0.06,0.00,0.06
Player,Nation,Pos,Squad,Age,Born,MP,Starts,Min,90s,Gls,Ast,G+A,G-PK,PK,PKatt,CrdY,CrdR,Gls,Ast,G+A,G-PK,G+A-PK
Emiliano Sala,ar ARG,FW,Nantes,25,1990,34,29,2 562,28.mai,12,5,17,11,1,2,6,0,0.42,0.18,0.60,0.39,0.56
Yannis Salibur,fr FRA,FW MF,Guingamp,25,1991,35,34,2 809,31.2,8,4,12,7,1,1,2,0,0.26,0.13,0.38,0.22,0.35
Romain Salin,fr FRA,GK,Guingamp,32,1984,1,1,90,1.0,0,0,0,0,0,0,0,0,0.00,0.00,0.00,0.00,0.00
Frédéric Sammaritano,fr FRA,FW MF,Dijon,30,1986,31,23,1 965,21.août,4,4,8,3,1,2,3,0,0.18,0.18,0.37,0.14,0.32
Pape Sané,sn SEN,FW,Caen,24,1991,13,3,341,03.août,1,0,1,1,0,0,0,0,0.26,0.00,0.26,0.26,0.26
Ibrahim Sangaré,ci CIV,MF,Toulouse,18,1997,5,3,262,02.sept,0,0,0,0,0,0,1,0,0.00,0.00,0.00,0.00,0.00
Younousse Sankharé,sn SEN,MF,Bordeaux,26,1989,16,15,1 391,15.mai,4,2,6,4,0,0,2,0,0.26,0.13,0.39,0.26,0.39
Younousse Sankharé,sn SEN,MF,Lille,26,1989,21,17,1 576,17.mai,2,1,3,2,0,0,4,1,0.11,0.06,0.17,0.11,0.17
Baissama Sankoh,gn GUI,DF MF,Guingamp,24,1992,17,11,1 046,11.juin,0,0,0,0,0,0,3,0,0.00,0.00,0.00,0.00,0.00
Killian Sanson,fr FRA,MF,Montpellier,19,1997,1,0,15,0.2,0,0,0,0,0,0,0,0,0.00,0.00,0.00,0.00,0.00
Morgan Sanson,fr FRA,MF,Montpellier,21,1994,20,20,1 742,19.avr,3,3,6,3,0,0,2,0,0.15,0.15,0.31,0.15,0.31
Morgan Sanson,fr FRA,MF,Marseille,21,1994,17,15,1 358,15.janv,1,3,4,1,0,0,1,0,0.07,0.20,0.27,0.07,0.27
Baptiste Santamaria,fr FRA,MF,Angers,21,1995,37,35,3 07,34.1,0,0,0,0,0,0,2,0,0.00,0.00,0.00,0.00,0.00
Ivan Santini,hr CRO,FW,Caen,27,1989,34,34,2 874,31.9,15,3,18,12,3,4,7,0,0.47,0.09,0.56,0.38,0.47
Bouna Sarr,sn SEN,DF MF,Marseille,24,1992,26,9,941,10.mai,0,1,1,0,0,0,1,0,0.00,0.10,0.10,0.00,0.10
Ismaila Sarr,sn SEN,FW MF,Metz,18,1998,31,20,1 943,21.juin,5,1,6,5,0,0,2,0,0.23,0.05,0.28,0.23,0.28
Malang Sarr,fr FRA,DF,Nice,17,1999,27,25,2 207,24.mai,1,1,2,1,0,0,4,0,0.04,0.04,0.08,0.04,0.08
Faïz Selemani,km COM,FW MF,Lorient,22,1993,3,0,67,0.7,0,0,0,0,0,0,2,0,0.00,0.00,0.00,0.00,0.00
Ole Selnæs,no NOR,MF,Saint-Étienne,22,1994,26,23,2 067,23.0,0,0,0,0,0,0,4,0,0.00,0.00,0.00,0.00,0.00
Jean Seri,ci CIV,MF,Nice,25,1991,34,34,2 982,33.1,7,9,16,5,2,2,4,0,0.21,0.27,0.48,0.15,0.42
Grégory Sertic,fr FRA,MF,Bordeaux,26,1989,17,15,1 365,15.févr,1,1,2,1,0,0,2,0,0.07,0.07,0.13,0.07,0.13
Grégory Sertic,fr FRA,MF,Marseille,26,1989,8,7,654,07.mars,0,0,0,0,0,0,0,0,0.00,0.00,0.00,0.00,0.00
Stéphane Sessègnon,bj BEN,FW MF,Montpellier,32,1984,27,26,2 314,25.juil,2,2,4,2,0,0,4,2,0.08,0.08,0.16,0.08,0.16
Nicolas Seube,fr FRA,DF MF,Caen,36,1979,20,13,1 031,11.mai,0,0,0,0,0,0,3,0,0.00,0.00,0.00,0.00,0.00
Moussa Seydi,sn SEN,FW,Metz,19,1996,1,0,22,0.2,0,0,0,0,0,0,0,0,0.00,0.00,0.00,0.00,0.00
Player,Nation,Pos,Squad,Age,Born,MP,Starts,Min,90s,Gls,Ast,G+A,G-PK,PK,PKatt,CrdY,CrdR,Gls,Ast,G+A,G-PK,G+A-PK
Djibril Sidibé,fr FRA,DF MF,Monaco,24,1992,29,26,2 321,25.août,2,5,7,2,0,0,7,0,0.08,0.19,0.27,0.08,0.27
Franck Signorino,fr FRA,DF,Metz,34,1981,17,17,1 476,16.avr,0,0,0,0,0,0,3,0,0.00,0.00,0.00,0.00,0.00
Kolbeinn Sigþórsson,is ISL,FW,Nantes,26,1990,2,2,155,01.juil,0,0,0,0,0,0,0,0,0.00,0.00,0.00,0.00,0.00
Bernardo Silva,pt POR,FW MF,Monaco,21,1994,37,33,2 782,30.sept,8,8,16,8,0,0,3,0,0.26,0.26,0.52,0.26,0.52
Thiago Silva,br BRA,DF,Paris S-G,31,1984,27,27,2 385,26.mai,3,1,4,3,0,0,1,0,0.11,0.04,0.15,0.11,0.15
Giovanni Sio,ci CIV,FW MF,Rennes,27,1989,34,32,2 678,29.août,9,1,10,9,0,0,6,0,0.30,0.03,0.34,0.30,0.34
Pantxi Sirieix,fr FRA,MF,Toulouse,35,1980,4,0,43,0.5,0,0,0,0,0,0,0,0,0.00,0.00,0.00,0.00,0.00
Ellyes Skhiri,tn TUN,MF,Montpellier,21,1995,37,37,3 281,36.5,1,1,2,1,0,0,3,0,0.03,0.03,0.05,0.03,0.05
Naïm Sliti,tn TUN,FW MF,Lille,24,1992,16,10,955,10.juin,1,2,3,1,0,0,1,0,0.09,0.19,0.28,0.09,0.28
Somália,br BRA,DF FW,Toulouse,27,1988,28,18,1 812,20.janv,0,1,1,0,0,0,2,1,0.00,0.05,0.05,0.00,0.05
Jérémy Sorbon,fr FRA,DF,Guingamp,32,1983,33,33,2 945,32.7,1,0,1,1,0,0,1,0,0.03,0.00,0.03,0.03,0.03
Adama Soumaoro,fr FRA,DF,Lille,24,1992,27,26,2 326,25.août,0,0,0,0,0,0,1,1,0.00,0.00,0.00,0.00,0.00
Arnaud Souquet,fr FRA,DF MF,Nice,24,1992,26,26,2 34,26.0,1,4,5,1,0,0,3,0,0.04,0.15,0.19,0.04,0.19
Sébastien Squillaci,fr FRA,DF,Bastia,35,1980,10,10,855,09.mai,0,0,0,0,0,0,2,0,0.00,0.00,0.00,0.00,0.00
Bassem Srarfi,tn TUN,FW MF,Nice,19,1997,5,0,41,0.5,0,0,0,0,0,0,0,0,0.00,0.00,0.00,0.00,0.00
Mariusz Stępiński,pl POL,FW,Nantes,21,1995,21,16,1 174,13.0,4,3,7,4,0,0,1,0,0.31,0.23,0.54,0.31,0.54
Danijel Subašić,hr CRO,GK,Monaco,31,1984,36,36,3 24,36.0,0,0,0,0,0,0,1,0,0.00,0.00,0.00,0.00,0.00
Gilles Sunu,tg TOG,FW MF,Angers,25,1991,23,8,814,9.0,0,0,0,0,0,0,1,0,0.00,0.00,0.00,0.00,0.00
Stoppila Sunzu,zm ZAM,DF MF,Lille,27,1989,4,1,198,02.févr,0,0,0,0,0,0,0,0,0.00,0.00,0.00,0.00,0.00
Seydou Sy,sn SEN,GK,Monaco,20,1995,1,1,45,0.5,0,0,0,0,0,0,0,0,0.00,0.00,0.00,0.00,0.00
Issiaga Sylla,gn GUI,DF MF,Toulouse,22,1994,27,21,1 674,18.juin,1,1,2,1,0,0,6,0,0.05,0.05,0.11,0.05,0.11
Yacouba Sylla,ml MLI,MF,Montpellier,25,1990,19,13,1 076,12.0,1,0,1,1,0,0,4,0,0.08,0.00,0.08,0.08,0.08
Alexander Søderlund,no NOR,FW,Saint-Étienne,28,1987,17,8,903,10.0,1,1,2,1,0,0,2,0,0.10,0.10,0.20,0.10,0.20
Mehdi Tahrat,dz ALG,DF MF,Angers,26,1990,7,3,297,03.mars,0,0,0,0,0,0,2,0,0.00,0.00,0.00,0.00,0.00
Flavien Tait,fr FRA,FW MF,Angers,23,1993,11,5,438,04.sept,2,2,4,2,0,0,1,0,0.41,0.41,0.82,0.41,0.82
Player,Nation,Pos,Squad,Age,Born,MP,Starts,Min,90s,Gls,Ast,G+A,G-PK,PK,PKatt,CrdY,CrdR,Gls,Ast,G+A,G-PK,G+A-PK
Oussama Tannane,ma MAR,FW MF,Saint-Étienne,22,1994,17,14,1 279,14.févr,1,1,2,1,0,0,4,1,0.07,0.07,0.14,0.07,0.14
Júlio Tavares,cv CPV,FW,Dijon,27,1988,35,31,2 76,30.juil,9,3,12,7,2,2,3,0,0.29,0.10,0.39,0.23,0.33
Jordan Tell,gp GLP,FW MF,Caen,19,1997,5,0,61,0.7,0,0,0,0,0,0,0,0,0.00,0.00,0.00,0.00,0.00
Martin Terrier,fr FRA,FW MF,Lille,19,1997,11,1,256,02.août,1,0,1,1,0,0,0,0,0.35,0.00,0.35,0.35,0.35
Florian Thauvin,fr FRA,FW MF,Marseille,23,1993,38,36,2 956,32.8,15,9,24,14,1,1,2,0,0.46,0.27,0.73,0.43,0.70
Alexis Thébaux,fr FRA,GK,Bastia,31,1985,1,1,90,1.0,0,0,0,0,0,0,0,0,0.00,0.00,0.00,0.00,0.00
Kévin Théophile-Catherine,fr FRA,DF,Saint-Étienne,26,1989,31,30,2 73,30.mars,0,2,2,0,0,0,3,0,0.00,0.07,0.07,0.00,0.07
Vincent Thill,lu LUX,MF,Metz,16,2000,1,0,9,0.1,0,0,0,0,0,0,0,0,0.00,0.00,0.00,0.00,0.00
Romain Thomas,fr FRA,DF,Angers,28,1988,36,36,3 208,35.6,1,0,1,1,0,0,5,1,0.03,0.00,0.03,0.03,0.03
Adrien Thomasson,fr FRA,DF FW,Nantes,22,1993,29,21,1 935,21.mai,2,2,4,2,0,0,5,1,0.09,0.09,0.19,0.09,0.19
Nicolaj Thomsen,dk DEN,MF,Nantes,23,1993,13,9,744,08.mars,1,0,1,1,0,0,1,0,0.12,0.00,0.12,0.12,0.12
Marcel Tisserand,cd COD,DF,Monaco,23,1993,1,1,90,1.0,0,0,0,0,0,0,1,0,0.00,0.00,0.00,0.00,0.00
Ola Toivonen,se SWE,FW MF,Toulouse,30,1986,35,19,1 805,20.janv,7,2,9,7,0,0,9,0,0.35,0.10,0.45,0.35,0.45
Karl Toko Ekambi,cm CMR,FW MF,Angers,23,1992,31,29,2 428,27.0,7,4,11,7,0,0,0,0,0.26,0.15,0.41,0.26,0.41
Corentin Tolisso,fr FRA,DF MF,Lyon,21,1994,31,29,2 573,28.juin,8,5,13,8,0,0,1,1,0.28,0.17,0.45,0.28,0.45
Jérémy Toulalan,fr FRA,DF MF,Bordeaux,32,1983,30,30,2 601,28.sept,0,0,0,0,0,0,5,0,0.00,0.00,0.00,0.00,0.00
Abdoulaye Touré,gn GUI,FW MF,Nantes,22,1994,12,3,377,04.févr,0,0,0,0,0,0,1,0,0.00,0.00,0.00,0.00,0.00
Almamy Touré,ml MLI,DF,Monaco,20,1996,15,12,1 084,12.0,0,4,4,0,0,0,0,0,0.00,0.33,0.33,0.00,0.33
Thomas Touré,ci CIV,FW MF,Bordeaux,22,1993,6,5,366,04.janv,0,1,1,0,0,0,2,0,0.00,0.25,0.25,0.00,0.25
Zargo Touré,sn SEN,DF MF,Lorient,26,1989,23,21,1 885,20.sept,1,0,1,1,0,0,5,1,0.05,0.00,0.05,0.05,0.05
Lucas Tousart,fr FRA,MF,Lyon,19,1997,22,17,1 636,18.févr,1,1,2,1,0,0,1,0,0.06,0.06,0.11,0.06,0.11
Abdou Traoré,ml MLI,MF,Bordeaux,28,1988,6,0,97,01.janv,0,0,0,0,0,0,0,0,0.00,0.00,0.00,0.00,0.00
Adama Traoré,ml MLI,FW MF,Monaco,21,1995,5,4,279,03.janv,2,0,2,2,0,0,1,0,0.65,0.00,0.65,0.65,0.65
Ismaël Traoré,ci CIV,DF,Angers,29,1986,32,32,2 809,31.2,1,1,2,1,0,0,3,0,0.03,0.03,0.06,0.03,0.06
Kevin Trapp,de GER,GK,Paris S-G,26,1990,24,24,2 123,23.juin,0,0,0,0,0,0,0,0,0.00,0.00,0.00,0.00,0.00
Player,Nation,Pos,Squad,Age,Born,MP,Starts,Min,90s,Gls,Ast,G+A,G-PK,PK,PKatt,CrdY,CrdR,Gls,Ast,G+A,G-PK,G+A-PK
Óscar Trejo,ar ARG,FW MF,Toulouse,28,1988,29,27,2 308,25.juin,2,5,7,2,0,0,4,0,0.08,0.19,0.27,0.08,0.27
Matthieu Udol,fr FRA,DF,Metz,20,1996,3,3,270,3.0,0,0,0,0,0,0,0,0,0.00,0.00,0.00,0.00,0.00
Valentín Vada,ar ARG,FW MF,Bordeaux,20,1996,28,25,1 879,20.sept,6,2,8,4,2,2,4,0,0.29,0.10,0.38,0.19,0.29
William Vainqueur,fr FRA,MF,Marseille,27,1988,29,29,2 545,28.mars,0,1,1,0,0,0,6,0,0.00,0.04,0.04,0.00,0.04
Mathieu Valbuena,fr FRA,FW MF,Lyon,31,1984,30,15,1 558,17.mars,8,5,13,8,0,0,6,0,0.46,0.29,0.75,0.46,0.75
Anthony Vanden Borre,be BEL,DF MF,Montpellier,28,1987,10,9,794,08.août,0,0,0,0,0,0,2,0,0.00,0.00,0.00,0.00,0.00
Cédric Varrault,fr FRA,DF,Dijon,36,1980,32,32,2 792,31.0,3,0,3,3,0,0,4,2,0.10,0.00,0.10,0.10,0.10
Rémy Vercoutre,fr FRA,GK,Caen,36,1980,34,34,3 043,33.8,0,0,0,0,0,0,2,0,0.00,0.00,0.00,0.00,0.00
Jordan Veretout,fr FRA,MF,Saint-Étienne,23,1993,35,34,2 942,32.7,3,4,7,3,0,0,6,0,0.09,0.12,0.21,0.09,0.21
Marco Verratti,it ITA,MF,Paris S-G,23,1992,28,25,2 148,23.sept,3,5,8,3,0,0,6,0,0.13,0.21,0.34,0.13,0.34
Dušan Veškovac,rs SRB,DF,Toulouse,30,1986,1,1,90,1.0,0,0,0,0,0,0,0,0,0.00,0.00,0.00,0.00,0.00
Thomas Vincensini,fr FRA,GK,Bastia,22,1993,3,3,270,3.0,0,0,0,0,0,0,0,0,0.00,0.00,0.00,0.00,0.00
Thibaut Vion,fr FRA,DF FW,Metz,22,1993,13,6,532,05.sept,2,1,3,2,0,0,2,0,0.34,0.17,0.51,0.34,0.51
Oswaldo Vizcarrondo,ve VEN,DF,Nantes,32,1984,20,14,1 41,15.juil,0,0,0,0,0,0,10,0,0.00,0.00,0.00,0.00,0.00
Alhassan Wakaso,gh GHA,DF MF,Lorient,24,1992,13,8,683,07.juin,0,0,0,0,0,0,2,0,0.00,0.00,0.00,0.00,0.00
Anthony Walongwa,,DF,Nantes,22,1993,3,3,249,02.août,0,0,0,0,0,0,1,0,0.00,0.00,0.00,0.00,0.00
Rémi Walter,fr FRA,MF,Nice,21,1995,22,15,1 411,15.juil,0,1,1,0,0,0,0,0,0.00,0.06,0.06,0.00,0.06
Yoane Wissa,cd COD,FW MF,Angers,19,1996,2,0,27,0.3,0,0,0,0,0,0,0,0,0.00,0.00,0.00,0.00,0.00
Xeka,pt POR,MF,Lille,21,1994,13,13,1 115,12.avr,1,2,3,1,0,0,2,0,0.08,0.16,0.24,0.08,0.24
Steeve Yago,bf BFA,DF,Toulouse,23,1992,22,21,1 86,20.juil,0,0,0,0,0,0,13,0,0.00,0.00,0.00,0.00,0.00
Alaeddine Yahia,tn TUN,DF,Caen,34,1981,31,30,2 546,28.mars,1,0,1,1,0,0,7,0,0.04,0.00,0.04,0.04,0.04
Mapou Yanga-Mbiwa,fr FRA,DF,Lyon,27,1989,25,24,2 131,23.juil,0,0,0,0,0,0,7,0,0.00,0.00,0.00,0.00,0.00
Zaydou Youssouf,km COM,MF,Bordeaux,17,1999,2,1,69,0.8,0,0,0,0,0,0,0,0,0.00,0.00,0.00,0.00,0.00
Andre-Frank Zambo Anguissa,cm CMR,MF,Marseille,20,1995,33,18,1 969,21.sept,0,1,1,0,0,0,3,0,0.00,0.05,0.05,0.00,0.05
Mehdi Zeffane,dz ALG,DF MF,Rennes,24,1992,1,1,74,0.8,0,0,0,0,0,0,0,0,0.00,0.00,0.00,0.00,0.00
