Player,Nation,Pos,Squad,Age,Born,MP,Starts,Min,90s,Gls,Ast,G+A,G-PK,PK,PKatt,CrdY,CrdR,xG,npxG,xAG,npxG+xAG,PrgC,PrgP,PrgR,Gls,Ast,G+A,G-PK,G+A-PK,xG,xAG,xG+xAG,npxG,npxG+xAG
Yunis Abdelhamid,ma MAR,DF,Reims,33,1987,34,34,2983,33.1,2,0,2,2,0,0,5,1,01.févr,01.févr,0.8,2.0,23,119,14,0.06,0.00,0.06,0.06,0.06,0.04,0.02,0.06,0.04,0.06
Salis Abdul Samed,gh GHA,MF,Clermont Foot,21,2000,31,29,2462,27.avr,1,0,1,1,0,0,12,3,0.7,0.7,0.9,01.juin,24,108,47,0.04,0.00,0.04,0.04,0.04,0.03,0.03,0.06,0.03,0.06
Laurent Abergel,fr FRA,MF,Lorient,28,1993,34,34,2956,32.8,0,2,2,0,0,0,9,0,01.mai,01.mai,03.juil,05.janv,30,171,73,0.00,0.06,0.06,0.00,0.06,0.04,0.11,0.16,0.04,0.16
Charles Abi,fr FRA,FW,Saint-Étienne,21,2000,1,1,45,0.5,0,0,0,0,0,0,0,0,0.0,0.0,0.0,0.0,0,0,4,0.00,0.00,0.00,0.00,0.00,0.00,0.00,0.00,0.00,0.00
Matthis Abline,fr FRA,FW,Rennes,18,2003,7,1,103,01.janv,0,0,0,0,0,0,0,0,0.3,0.3,0.0,0.3,1,2,6,0.00,0.00,0.00,0.00,0.00,0.24,0.00,0.24,0.24,0.24
Mohamed Achi,fr FRA,MF,Nantes,19,2002,1,0,10,0.1,0,0,0,0,0,0,0,0,0.0,0.0,0.0,0.0,0,0,0,0.00,0.00,0.00,0.00,0.00,0.00,0.00,0.00,0.00,0.00
Martin Adeline,fr FRA,MF  FW,Reims,17,2003,8,2,352,03.sept,0,0,0,0,0,0,1,0,0.4,0.4,0.5,0.8,5,16,13,0.00,0.00,0.00,0.00,0.00,0.09,0.12,0.21,0.09,0.21
Yacine Adli,fr FRA,MF  FW,Bordeaux,21,2000,36,25,226,25.janv,1,7,8,1,0,0,5,0,2.0,2.0,05.juil,07.juil,66,164,99,0.04,0.28,0.32,0.04,0.32,0.08,0.23,0.31,0.08,0.31
Lucien Agoume,fr FRA,MF,Brest,19,2002,27,21,1868,20.août,0,0,0,0,0,0,6,0,01.févr,01.janv,0.7,01.juil,16,116,28,0.00,0.00,0.00,0.00,0.00,0.06,0.03,0.09,0.05,0.08
Nayef Aguerd,ma MAR,DF,Rennes,25,1996,31,31,2735,30.avr,2,2,4,2,0,0,3,1,02.janv,02.janv,0.3,02.avr,11,101,1,0.07,0.07,0.13,0.07,0.13,0.07,0.01,0.08,0.07,0.08
Ruben Aguilar,fr FRA,DF,Monaco,28,1993,28,22,214,23.août,0,2,2,0,0,0,4,0,0.3,0.3,0.9,01.févr,61,157,101,0.00,0.08,0.08,0.00,0.08,0.01,0.04,0.05,0.01,0.05
Anel Ahmedhodžić,ba BIH,DF,Bordeaux,22,1999,15,15,135,15.0,0,1,1,0,0,0,6,0,0.4,0.4,0.9,01.mars,18,63,12,0.00,0.07,0.07,0.00,0.07,0.03,0.06,0.09,0.03,0.09
Jean-Eudes Aholou,ci CIV,MF,Strasbourg,27,1994,25,11,1004,11.févr,1,1,2,1,0,0,2,0,01.sept,01.sept,0.8,02.juil,16,38,39,0.09,0.09,0.18,0.09,0.18,0.17,0.08,0.24,0.17,0.24
Ludovic Ajorque,fr FRA,FW,Strasbourg,27,1994,36,31,2738,30.avr,12,8,20,9,3,3,5,1,10.juin,08.mars,7.0,15.mars,21,69,217,0.39,0.26,0.66,0.30,0.56,0.35,0.23,0.58,0.27,0.50
Maghnes Akliouche,fr FRA,MF  FW,Monaco,19,2002,7,0,54,0.6,0,0,0,0,0,0,1,0,0.1,0.1,0.0,0.2,2,5,7,0.00,0.00,0.00,0.00,0.00,0.24,0.06,0.30,0.24,0.30
Sofiane Alakouch,ma MAR,DF  MF,Metz,23,1998,4,0,158,01.août,0,0,0,0,0,0,1,0,0.0,0.0,0.0,0.0,3,5,10,0.00,0.00,0.00,0.00,0.00,0.01,0.01,0.02,0.01,0.02
Josué Albert,gf GUF,DF,Clermont Foot,29,1992,2,0,22,0.2,0,0,0,0,0,0,0,0,0.0,0.0,0.0,0.0,0,0,2,0.00,0.00,0.00,0.00,0.00,0.13,0.00,0.13,0.13,0.13
Doğan Alemdar,tr TUR,GK,Rennes,18,2002,12,12,108,12.0,0,0,0,0,0,0,1,0,0.0,0.0,0.0,0.0,0,1,0,0.00,0.00,0.00,0.00,0.00,0.00,0.00,0.00,0.00,0.00
Mohamed Ali Cho,fr FRA,FW,Angers,17,2004,32,21,1837,20.avr,4,1,5,4,0,0,6,2,06.avr,06.avr,02.juil,09.janv,60,22,150,0.20,0.05,0.24,0.20,0.24,0.31,0.13,0.44,0.31,0.44
Jim Allevinah,ga GAB,FW,Clermont Foot,26,1995,30,13,1488,16.mai,1,2,3,1,0,0,1,0,02.août,02.août,01.sept,04.juil,77,56,118,0.06,0.12,0.18,0.06,0.18,0.17,0.12,0.29,0.17,0.29
Ibrahim Amadou,fr FRA,DF  MF,Metz,28,1993,10,10,812,9.0,1,0,1,1,0,0,4,0,0.4,0.4,0.1,0.5,6,21,1,0.11,0.00,0.11,0.11,0.11,0.04,0.01,0.05,0.04,0.05
Jordan Amavi,fr FRA,DF,Nice,27,1994,8,4,413,04.juin,0,0,0,0,0,0,1,0,0.0,0.0,0.1,0.1,13,28,21,0.00,0.00,0.00,0.00,0.00,0.00,0.02,0.02,0.00,0.02
Jordan Amavi,fr FRA,DF  FW,Marseille,27,1994,2,2,128,01.avr,0,0,0,0,0,0,0,0,0.0,0.0,0.0,0.0,3,9,6,0.00,0.00,0.00,0.00,0.00,0.00,0.03,0.03,0.00,0.03
Benjamin André,fr FRA,MF,Lille,30,1990,33,33,2752,30.juin,2,1,3,2,0,0,12,1,01.avr,01.avr,01.mars,02.juil,38,178,59,0.07,0.03,0.10,0.07,0.10,0.05,0.04,0.09,0.05,0.09
Houssem Aouar,dz ALG,MF  FW,Lyon,23,1998,36,29,2504,27.août,6,4,10,6,0,0,1,0,06.mars,06.mars,04.mai,10.août,88,165,169,0.22,0.14,0.36,0.22,0.36,0.22,0.16,0.39,0.22,0.39
Player,Nation,Pos,Squad,Age,Born,MP,Starts,Min,90s,Gls,Ast,G+A,G-PK,PK,PKatt,CrdY,CrdR,xG,npxG,xAG,npxG+xAG,PrgC,PrgP,PrgR,Gls,Ast,G+A,G-PK,G+A-PK,xG,xAG,xG+xAG,npxG,npxG+xAG
Adil Aouchiche,fr FRA,MF  FW,Saint-Étienne,19,2002,35,11,1081,12.0,0,4,4,0,0,0,2,0,01.févr,01.févr,01.juin,02.août,43,75,61,0.00,0.33,0.33,0.00,0.33,0.10,0.14,0.23,0.10,0.23
Dennis Appiah,fr FRA,DF,Nantes,29,1992,32,22,2099,23.mars,0,0,0,0,0,0,4,0,0.0,0.0,0.3,0.3,25,69,58,0.00,0.00,0.00,0.00,0.00,0.00,0.01,0.01,0.00,0.01
Lorenz Assignon,tg TOG,DF,Rennes,21,2000,20,5,616,06.août,0,2,2,0,0,0,0,0,0.7,0.7,01.janv,01.sept,19,27,45,0.00,0.29,0.29,0.00,0.29,0.11,0.17,0.27,0.11,0.27
Youcef Atal,dz ALG,DF,Nice,25,1996,17,13,114,12.juil,2,1,3,2,0,0,4,0,0.9,0.9,01.mars,02.févr,63,44,106,0.16,0.08,0.24,0.16,0.24,0.07,0.11,0.18,0.07,0.18
Jean-Kévin Augustin,fr FRA,FW  MF,Nantes,24,1997,7,0,84,0.9,0,0,0,0,0,0,1,0,0.1,0.1,0.0,0.1,1,0,7,0.00,0.00,0.00,0.00,0.00,0.12,0.00,0.12,0.12,0.12
Karim Azamoum,fr FRA,DF,Troyes,31,1990,7,4,388,04.mars,0,0,0,0,0,0,2,0,0.1,0.1,0.0,0.1,4,6,4,0.00,0.00,0.00,0.00,0.00,0.03,0.00,0.03,0.03,0.03
Loïc Bade,fr FRA,DF,Rennes,21,2000,14,11,985,10.sept,0,1,1,0,0,0,3,1,0.3,0.3,0.5,0.8,8,45,3,0.00,0.09,0.09,0.00,0.09,0.03,0.05,0.07,0.03,0.07
Benoît Badiashile,fr FRA,DF,Monaco,20,2001,24,21,1838,20.avr,1,0,1,1,0,0,4,0,01.juin,01.juin,0.4,2.0,16,111,5,0.05,0.00,0.05,0.05,0.05,0.08,0.02,0.10,0.08,0.10
Youssouph Badji,sn SEN,FW  MF,Brest,19,2001,9,1,135,01.mai,0,0,0,0,0,0,0,0,0.1,0.1,0.1,0.2,0,0,11,0.00,0.00,0.00,0.00,0.00,0.08,0.04,0.12,0.08,0.12
Stéphane Bahoken,cm CMR,FW,Angers,29,1992,29,12,1099,12.févr,3,1,4,3,0,0,0,0,04.janv,04.janv,01.mars,05.avr,9,15,78,0.25,0.08,0.33,0.25,0.33,0.33,0.11,0.44,0.33,0.44
Dénys Bain,fr FRA,DF,Brest,28,1993,2,2,180,2.0,0,0,0,0,0,0,0,0,0.0,0.0,0.0,0.0,0,8,0,0.00,0.00,0.00,0.00,0.00,0.00,0.00,0.00,0.00,0.00
Stefan Bajic,fr FRA,GK,Saint-Étienne,19,2001,7,4,510,05.juil,0,0,0,0,0,0,0,0,0.0,0.0,0.0,0.0,0,0,0,0.00,0.00,0.00,0.00,0.00,0.00,0.00,0.00,0.00,0.00
Cédric Bakambu,cd COD,FW,Marseille,30,1991,12,5,356,4.0,4,0,4,4,0,0,1,0,02.juin,02.juin,0.4,3.0,7,9,28,01.janv,0.00,01.janv,01.janv,01.janv,0.65,0.11,0.76,0.65,0.76
Abdoulaye Bakayoko,fr FRA,DF,Saint-Étienne,18,2002,4,4,307,03.avr,0,0,0,0,0,0,0,0,0.0,0.0,0.0,0.0,1,7,1,0.00,0.00,0.00,0.00,0.00,0.00,0.00,0.00,0.00,0.00
Dilane Bakwa,fr FRA,FW  MF,Bordeaux,18,2002,5,0,43,0.5,0,0,0,0,0,0,0,0,0.1,0.1,0.0,0.1,1,0,1,0.00,0.00,0.00,0.00,0.00,0.19,0.00,0.19,0.19,0.19
Ibrahima Baldé,fr FRA,FW  MF,Lens,18,2003,4,0,58,0.6,0,0,0,0,0,0,0,0,0.0,0.0,0.0,0.0,0,0,5,0.00,0.00,0.00,0.00,0.00,0.00,0.03,0.03,0.00,0.03
Leonardo Balerdi,ar ARG,DF,Marseille,22,1999,17,10,950,10.juin,0,0,0,0,0,0,4,1,0.1,0.1,0.0,0.1,6,41,2,0.00,0.00,0.00,0.00,0.00,0.01,0.00,0.01,0.01,0.01
Abdoulaye Bamba,ci CIV,DF  FW,Angers,31,1990,10,4,458,05.janv,0,0,0,0,0,0,1,0,0.2,0.2,0.1,0.3,7,13,21,0.00,0.00,0.00,0.00,0.00,0.05,0.02,0.06,0.05,0.06
Jonathan Bamba,ci CIV,MF  FW,Lille,25,1996,31,28,2428,27.0,1,2,3,1,0,0,3,0,3.0,3.0,03.juil,06.juil,101,116,200,0.04,0.07,0.11,0.04,0.11,0.11,0.14,0.25,0.11,0.25
Simon Banza,cd COD,FW,Lens,24,1996,4,1,124,01.avr,1,1,2,1,0,0,0,0,1.0,1.0,0.7,01.juil,2,1,8,0.73,0.73,janv.45,0.73,janv.45,0.73,0.53,janv.26,0.73,janv.26
Danilo Barbosa,br BRA,DF,Nice,25,1996,1,1,90,1.0,0,0,0,0,0,0,0,0,0.0,0.0,0.0,0.0,1,4,0,0.00,0.00,0.00,0.00,0.00,0.00,0.00,0.00,0.00,0.00
Bradley Barcola,fr FRA,FW  MF,Lyon,18,2002,11,2,263,02.sept,0,1,1,0,0,0,0,0,0.3,0.3,0.6,1.0,9,9,27,0.00,0.34,0.34,0.00,0.34,0.11,0.22,0.33,0.11,0.33
Melvin Bard,fr FRA,DF,Nice,20,2000,33,30,2589,28.août,2,2,4,2,0,0,3,0,0.9,0.9,03.avr,04.mars,65,134,129,0.07,0.07,0.14,0.07,0.14,0.03,0.12,0.15,0.03,0.15
Toma Bašić,hr CRO,MF,Bordeaux,24,1996,3,3,209,02.mars,0,1,1,0,0,0,0,0,0.0,0.0,0.4,0.4,6,9,10,0.00,0.43,0.43,0.00,0.43,0.02,0.16,0.18,0.02,0.18
Amine Bassi,fr FRA,MF  FW,Metz,23,1997,5,2,184,2.0,0,0,0,0,0,0,0,0,0.2,0.2,0.4,0.6,5,13,11,0.00,0.00,0.00,0.00,0.00,0.09,0.22,0.30,0.09,0.30
Player,Nation,Pos,Squad,Age,Born,MP,Starts,Min,90s,Gls,Ast,G+A,G-PK,PK,PKatt,CrdY,CrdR,xG,npxG,xAG,npxG+xAG,PrgC,PrgP,PrgR,Gls,Ast,G+A,G-PK,G+A-PK,xG,xAG,xG+xAG,npxG,npxG+xAG
Paul Baysse,fr FRA,MF  DF,Bordeaux,33,1988,2,0,11,0.1,0,0,0,0,0,0,0,0,0.0,0.0,0.0,0.0,0,0,0,0.00,0.00,0.00,0.00,0.00,0.00,0.00,0.00,0.00,0.00
Youcef Belaïli,dz ALG,MF  FW,Brest,29,1992,13,11,825,09.févr,3,2,5,3,0,1,2,0,02.août,01.sept,02.août,04.juil,36,42,56,0.33,0.22,0.55,0.33,0.55,0.31,0.31,0.62,0.21,0.52
Haris Belkebla,dz ALG,MF,Brest,27,1994,31,26,231,25.juil,0,0,0,0,0,0,2,0,0.1,0.1,0.8,0.9,15,98,27,0.00,0.00,0.00,0.00,0.00,0.00,0.03,0.04,0.00,0.04
Jean-Ricner Bellegarde,ht HAI,MF,Strasbourg,23,1998,36,26,2332,25.sept,2,3,5,2,0,0,5,0,01.sept,01.sept,02.juil,04.juin,75,107,90,0.08,0.12,0.19,0.08,0.19,0.07,0.10,0.18,0.07,0.18
Jeanuël Belocian,fr FRA,DF,Rennes,16,2005,1,0,12,0.1,0,0,0,0,0,0,0,0,0.0,0.0,0.0,0.0,0,0,0,0.00,0.00,0.00,0.00,0.00,0.00,0.00,0.00,0.00,0.00
Hatem Ben Arfa,fr FRA,FW  MF,Lille,34,1987,7,4,314,03.mai,0,1,1,0,0,0,1,0,0.3,0.3,0.7,0.9,12,14,18,0.00,0.29,0.29,0.00,0.29,0.07,0.19,0.26,0.07,0.26
Salim Ben Seghir,fr FRA,MF,Marseille,18,2003,1,0,1,0.0,0,0,0,0,0,0,0,0,0.0,0.0,0.0,0.0,0,0,0,0.00,0.00,0.00,0.00,0.00,0.00,0.00,0.00,0.00,0.00
Wissam Ben Yedder,fr FRA,FW,Monaco,30,1990,37,29,2529,28.janv,25,5,30,17,8,8,3,0,18.janv,11.août,5.0,16.juil,59,73,238,0.89,0.18,01.juil,0.60,0.78,0.64,0.18,0.82,0.42,0.60
Darío Benedetto,ar ARG,FW  MF,Marseille,31,1990,2,0,54,0.6,0,0,0,0,0,0,0,0,0.3,0.3,0.0,0.3,1,2,2,0.00,0.00,0.00,0.00,0.00,0.43,0.06,0.49,0.43,0.49
Walter Benítez,ar ARG,GK,Nice,28,1993,37,37,333,37.0,0,0,0,0,0,0,2,0,0.0,0.0,0.0,0.0,0,0,0,0.00,0.00,0.00,0.00,0.00,0.00,0.00,0.00,0.00,0.00
Loris Benito,ch SUI,DF,Bordeaux,29,1992,1,1,61,0.7,0,0,0,0,0,0,0,0,0.0,0.0,0.0,0.0,0,5,0,0.00,0.00,0.00,0.00,0.00,0.00,0.00,0.00,0.00,0.00
Nabil Bentaleb,dz ALG,MF,Angers,26,1994,18,18,1515,16.août,1,0,1,1,0,0,4,0,0.6,0.6,0.1,0.7,12,82,16,0.06,0.00,0.06,0.06,0.06,0.04,0.00,0.04,0.04,0.04
Patrick Berg,no NOR,MF,Lens,23,1997,14,2,307,03.avr,0,0,0,0,0,0,0,0,0.0,0.0,0.0,0.1,4,15,1,0.00,0.00,0.00,0.00,0.00,0.01,0.01,0.02,0.01,0.02
Mitchell van Bergen,nl NED,FW  MF,Reims,21,1999,20,11,983,10.sept,0,0,0,0,0,0,1,0,01.févr,01.févr,01.mars,02.mai,24,14,54,0.00,0.00,0.00,0.00,0.00,0.11,0.12,0.23,0.11,0.23
Valon Berisha,xk KVX,MF  FW,Reims,28,1993,13,5,455,05.janv,0,1,1,0,0,0,2,1,0.2,0.2,0.5,0.6,4,20,15,0.00,0.20,0.20,0.00,0.20,0.04,0.09,0.13,0.04,0.13
Paul Bernardoni,fr FRA,GK,Angers,24,1997,13,13,117,13.0,0,0,0,0,0,0,0,0,0.0,0.0,0.0,0.0,0,0,0,0.00,0.00,0.00,0.00,0.00,0.00,0.00,0.00,0.00,0.00
Paul Bernardoni,fr FRA,GK,Saint-Étienne,24,1997,19,19,171,19.0,0,0,0,0,0,0,0,0,0.0,0.0,0.0,0.0,0,0,0,0.00,0.00,0.00,0.00,0.00,0.00,0.00,0.00,0.00,0.00
Juan Bernat,es ESP,DF  MF,Paris S-G,28,1993,15,12,958,10.juin,0,0,0,0,0,0,2,0,0.1,0.1,0.7,0.8,20,30,85,0.00,0.00,0.00,0.00,0.00,0.01,0.07,0.07,0.01,0.07
Dimitry Bertaud,cd COD,GK,Montpellier,23,1998,11,9,833,09.mars,0,0,0,0,0,0,0,0,0.0,0.0,0.0,0.0,0,0,0,0.00,0.00,0.00,0.00,0.00,0.00,0.00,0.00,0.00,0.00
Jason Berthomier,fr FRA,MF,Clermont Foot,31,1990,29,22,1732,19.févr,1,5,6,1,0,0,0,0,01.juil,01.juil,03.sept,05.juin,26,134,91,0.05,0.26,0.31,0.05,0.31,0.09,0.20,0.29,0.09,0.29
Giulian Biancone,fr FRA,DF  MF,Troyes,21,2000,33,26,2292,25.mai,1,2,3,1,0,0,10,0,01.juil,01.juil,1.0,02.juil,58,87,100,0.04,0.08,0.12,0.04,0.12,0.07,0.04,0.11,0.07,0.11
El Bilal Touré,ml MLI,FW,Reims,19,2001,21,15,1194,13.mars,2,4,6,1,1,1,2,0,04.janv,03.mars,01.juil,5.0,22,23,78,0.15,0.30,0.45,0.08,0.38,0.31,0.13,0.44,0.25,0.38
Jean-Claude Billong,cm CMR,DF,Clermont Foot,27,1993,15,10,980,10.sept,0,0,0,0,0,0,2,0,0.2,0.2,0.1,0.2,4,21,2,0.00,0.00,0.00,0.00,0.00,0.01,0.01,0.02,0.01,0.02
Nathan Bitumazala,fr FRA,DF,Paris S-G,18,2002,1,0,11,0.1,0,0,0,0,0,0,0,0,0.0,0.0,0.0,0.0,0,0,3,0.00,0.00,0.00,0.00,0.00,0.00,0.00,0.00,0.00,0.00
Marco Bizot,nl NED,GK,Brest,30,1991,38,38,342,38.0,0,1,1,0,0,0,1,0,0.0,0.0,0.1,0.1,0,0,0,0.00,0.03,0.03,0.00,0.03,0.00,0.00,0.00,0.00,0.00
Player,Nation,Pos,Squad,Age,Born,MP,Starts,Min,90s,Gls,Ast,G+A,G-PK,PK,PKatt,CrdY,CrdR,xG,npxG,xAG,npxG+xAG,PrgC,PrgP,PrgR,Gls,Ast,G+A,G-PK,G+A-PK,xG,xAG,xG+xAG,npxG,npxG+xAG
Ludovic Blas,fr FRA,MF  FW,Nantes,23,1997,35,35,2961,32.9,10,5,15,5,5,5,10,0,11.juil,07.août,03.sept,11.juil,69,157,190,0.30,0.15,0.46,0.15,0.30,0.36,0.12,0.48,0.24,0.36
Myron Boadu,nl NED,FW,Monaco,20,2001,31,7,960,10.juil,4,1,5,4,0,0,0,0,06.juin,06.juin,0.6,07.févr,7,11,68,0.37,0.09,0.47,0.37,0.47,0.62,0.05,0.68,0.62,0.68
Jérôme Boateng,de GER,DF,Lyon,32,1988,24,19,1622,18.0,0,1,1,0,0,0,6,0,0.3,0.3,01.juil,2.0,4,85,4,0.00,0.06,0.06,0.00,0.06,0.02,0.10,0.11,0.02,0.11
Antonin Bobichon,fr FRA,MF  FW,Angers,25,1995,4,0,38,0.4,0,0,0,0,0,0,0,0,0.0,0.0,0.0,0.0,0,1,2,0.00,0.00,0.00,0.00,0.00,0.00,0.00,0.00,0.00,0.00
Quentin Boisgard,fr FRA,MF  FW,Lorient,24,1997,25,9,958,10.juin,1,1,2,1,0,0,3,0,0.8,0.8,01.avr,02.févr,18,31,57,0.09,0.09,0.19,0.09,0.19,0.08,0.13,0.21,0.08,0.21
Charles Boli,fr FRA,MF  DF,Lens,22,1998,4,0,32,0.4,0,0,0,0,0,0,0,0,0.0,0.0,0.0,0.0,1,2,2,0.00,0.00,0.00,0.00,0.00,0.00,0.00,0.00,0.00,0.00
Sven Botman,nl NED,DF,Lille,21,2000,25,25,225,25.0,3,1,4,3,0,0,4,0,01.juin,01.juin,0.2,01.sept,12,79,0,0.12,0.04,0.16,0.12,0.16,0.06,0.01,0.07,0.06,0.07
Denis Bouanga,ga GAB,FW  MF,Saint-Étienne,26,1994,34,28,2436,27.janv,9,6,15,9,0,0,4,1,8.0,8.0,04.sept,12.sept,79,66,244,0.33,0.22,0.55,0.33,0.55,0.29,0.18,0.48,0.29,0.48
Hicham Boudaoui,dz ALG,MF,Nice,21,1999,29,21,1621,18.0,3,2,5,3,0,0,7,0,01.janv,01.janv,02.juil,03.août,38,47,101,0.17,0.11,0.28,0.17,0.28,0.06,0.15,0.21,0.06,0.21
Ryad Boudebouz,dz ALG,MF  FW,Saint-Étienne,31,1990,30,27,2252,25.0,3,4,7,2,1,1,2,0,02.mars,01.mai,03.juin,05.janv,85,182,138,0.12,0.16,0.28,0.08,0.24,0.09,0.15,0.24,0.06,0.20
Sofiane Boufal,ma MAR,FW  MF,Angers,27,1993,29,28,233,25.sept,8,4,12,5,3,3,6,0,08.mai,06.janv,06.avr,12.juin,127,125,207,0.31,0.15,0.46,0.19,0.35,0.33,0.25,0.58,0.24,0.49
Farid Boulaya,dz ALG,MF  FW,Metz,28,1993,24,18,1526,17.0,4,2,6,4,0,0,1,1,01.mai,01.mai,03.mai,05.janv,50,74,73,0.24,0.12,0.35,0.24,0.35,0.09,0.21,0.30,0.09,0.30
Ismaël Boura,km COM,DF,Lens,20,2000,5,1,95,01.janv,0,0,0,0,0,0,0,0,0.0,0.0,0.0,0.0,2,3,2,0.00,0.00,0.00,0.00,0.00,0.01,0.00,0.01,0.01,0.01
Benjamin Bourigeaud,fr FRA,FW  MF,Rennes,27,1994,38,38,3193,35.5,11,12,23,11,0,0,2,0,05.juil,05.juil,12.mars,18.0,47,201,322,0.31,0.34,0.65,0.31,0.65,0.16,0.35,0.51,0.16,0.51
Redwan Bourles,fr FRA,MF  FW,Lorient,18,2003,4,0,16,0.2,0,0,0,0,0,0,0,0,0.0,0.0,0.0,0.0,0,1,2,0.00,0.00,0.00,0.00,0.00,0.00,0.00,0.00,0.00,0.00
Domagoj Bradarić,hr CRO,DF,Lille,21,1999,15,2,417,04.juin,0,0,0,0,0,0,2,0,0.1,0.1,0.7,0.8,11,15,21,0.00,0.00,0.00,0.00,0.00,0.01,0.16,0.17,0.01,0.17
Bilal Brahimi,dz ALG,MF,Nice,21,2000,11,2,378,04.févr,0,0,0,0,0,0,1,0,0.6,0.6,0.9,01.juin,25,9,39,0.00,0.00,0.00,0.00,0.00,0.15,0.22,0.37,0.15,0.37
Bilal Brahimi,dz ALG,FW,Angers,21,2000,9,3,338,03.août,0,1,1,0,0,0,0,0,0.5,0.5,0.9,01.avr,19,5,32,0.00,0.27,0.27,0.00,0.27,0.13,0.24,0.37,0.13,0.37
Lilian Brassier,fr FRA,DF,Brest,21,1999,31,23,2263,25.janv,1,0,1,1,0,0,4,0,01.janv,01.janv,0.6,01.juil,31,86,22,0.04,0.00,0.04,0.04,0.04,0.04,0.02,0.07,0.04,0.07
Jimmy Briand,fr FRA,FW  MF,Bordeaux,35,1985,17,1,226,02.mai,2,1,3,1,1,2,1,0,02.févr,0.7,1.0,01.juin,2,7,23,0.80,0.40,janv.19,0.40,0.80,0.89,0.38,janv.27,0.26,0.64
Dylan Bronn,tn TUN,DF,Metz,26,1995,30,28,2545,28.mars,1,2,3,1,0,0,10,1,01.août,01.août,01.févr,3.0,14,58,3,0.04,0.07,0.11,0.04,0.11,0.06,0.04,0.11,0.06,0.11
Osman Bukari,gh GHA,FW  MF,Nantes,22,1998,24,10,1012,11.févr,2,4,6,2,0,0,1,0,01.avr,01.avr,02.août,04.févr,46,20,91,0.18,0.36,0.53,0.18,0.53,0.12,0.25,0.37,0.12,0.37
Maxime Busi,be BEL,DF,Reims,21,1999,18,13,1296,14.avr,1,0,1,1,0,0,3,0,0.6,0.6,01.janv,01.juil,40,60,64,0.07,0.00,0.07,0.07,0.07,0.04,0.07,0.12,0.04,0.12
Oriol Busquets,es ESP,MF,Clermont Foot,22,1999,9,2,201,02.févr,0,0,0,0,0,0,0,0,0.1,0.1,0.0,0.1,0,10,0,0.00,0.00,0.00,0.00,0.00,0.03,0.00,0.03,0.03,0.03
Marcin Bułka,pl POL,GK,Nice,21,1999,1,1,90,1.0,0,0,0,0,0,0,0,0,0.0,0.0,0.0,0.0,0,0,0,0.00,0.00,0.00,0.00,0.00,0.00,0.00,0.00,0.00,0.00
Player,Nation,Pos,Squad,Age,Born,MP,Starts,Min,90s,Gls,Ast,G+A,G-PK,PK,PKatt,CrdY,CrdR,xG,npxG,xAG,npxG+xAG,PrgC,PrgP,PrgR,Gls,Ast,G+A,G-PK,G+A-PK,xG,xAG,xG+xAG,npxG,npxG+xAG
Rémy Cabella,fr FRA,MF  FW,Montpellier,31,1990,5,3,313,03.mai,0,0,0,0,0,0,0,0,0.3,0.3,0.6,0.9,18,34,41,0.00,0.00,0.00,0.00,0.00,0.08,0.17,0.25,0.08,0.25
Jimmy Cabot,fr FRA,DF,Angers,27,1994,24,24,2008,22.mars,0,5,5,0,0,0,4,0,0.4,0.4,01.juil,02.janv,92,77,150,0.00,0.22,0.22,0.00,0.22,0.02,0.08,0.09,0.02,0.09
Anthony Caci,fr FRA,DF,Strasbourg,24,1997,37,26,2395,26.juin,1,3,4,1,0,0,4,0,0.9,0.9,4.0,04.sept,65,174,113,0.04,0.11,0.15,0.04,0.15,0.03,0.15,0.18,0.03,0.18
Mathieu Cafaro,fr FRA,MF  FW,Reims,24,1997,4,3,192,02.janv,0,0,0,0,0,0,2,0,0.4,0.4,0.1,0.5,4,6,13,0.00,0.00,0.00,0.00,0.00,0.19,0.05,0.24,0.19,0.24
Yannick Cahuzac,fr FRA,MF,Lens,36,1985,17,6,618,06.sept,0,0,0,0,0,0,1,1,0.0,0.0,0.0,0.1,5,19,15,0.00,0.00,0.00,0.00,0.00,0.00,0.00,0.01,0.00,0.01
Marc-Aurèle Caillard,fr FRA,GK,Metz,27,1994,19,17,1542,17.janv,0,0,0,0,0,0,1,0,0.0,0.0,0.0,0.0,0,0,0,0.00,0.00,0.00,0.00,0.00,0.00,0.00,0.00,0.00,0.00
Jens Cajuste,se SWE,MF  FW,Reims,21,1999,8,4,364,4.0,2,0,2,1,1,1,0,0,01.juil,0.9,0.0,1.0,10,13,14,0.49,0.00,0.49,0.25,0.25,0.43,0.01,0.44,0.23,0.24
Duje Ćaleta-Car,hr CRO,DF,Marseille,24,1996,26,24,2057,22.sept,2,0,2,2,0,0,6,0,01.août,01.août,0.6,02.avr,14,83,2,0.09,0.00,0.09,0.09,0.09,0.08,0.03,0.11,0.08,0.11
Lucas Calodat,fr FRA,DF,Saint-Étienne,19,2002,1,0,4,0.0,0,0,0,0,0,0,0,0,0.0,0.0,0.0,0.0,0,0,0,0.00,0.00,0.00,0.00,0.00,0.00,0.00,0.00,0.00,0.00
Mahdi Camara,fr FRA,MF  DF,Saint-Étienne,23,1998,35,34,3073,34.1,3,0,3,3,0,0,8,0,02.mai,02.mai,01.mars,03.août,43,132,89,0.09,0.00,0.09,0.09,0.09,0.07,0.04,0.11,0.07,0.11
Mamadou Camara,ml MLI,FW,Troyes,20,2001,3,0,40,0.4,0,0,0,0,0,0,0,0,0.1,0.1,0.0,0.1,0,0,2,0.00,0.00,0.00,0.00,0.00,0.19,0.00,0.19,0.19,0.19
Eduardo Camavinga,fr FRA,MF,Rennes,18,2002,4,1,143,01.juin,0,0,0,0,0,0,0,0,0.0,0.0,0.0,0.0,3,8,6,0.00,0.00,0.00,0.00,0.00,0.00,0.01,0.01,0.00,0.01
Fali Candé,gw GNB,DF,Metz,23,1998,11,11,973,10.août,0,2,2,0,0,0,2,0,0.3,0.3,01.mai,01.juil,13,20,41,0.00,0.18,0.18,0.00,0.18,0.03,0.14,0.16,0.03,0.16
Pierrick Capelle,fr FRA,MF  DF,Angers,34,1987,30,12,1193,13.mars,0,1,1,0,0,0,1,0,01.mai,01.mai,01.sept,03.avr,23,50,42,0.00,0.08,0.08,0.00,0.08,0.11,0.14,0.25,0.11,0.25
Maxence Caqueret,fr FRA,MF,Lyon,21,2000,31,26,2335,25.sept,0,0,0,0,0,0,5,0,0.7,0.7,01.juil,02.mai,25,154,29,0.00,0.00,0.00,0.00,0.00,0.03,0.07,0.10,0.03,0.10
Irvin Cardona,mt MLT,FW  MF,Brest,23,1997,32,13,1334,14.août,4,2,6,4,0,0,2,0,02.sept,02.sept,01.juil,04.mai,28,18,97,0.27,0.13,0.40,0.27,0.40,0.19,0.11,0.30,0.19,0.30
Igor Carioca,br BRA,DF,Lorient,24,1996,28,17,1578,17.mai,0,0,0,0,0,0,3,0,0.4,0.4,0.7,1.0,41,43,104,0.00,0.00,0.00,0.00,0.00,0.02,0.04,0.06,0.02,0.06
Moreto Cassamã,gw GNB,MF,Reims,23,1998,17,11,801,08.sept,2,0,2,2,0,0,1,0,0.6,0.6,0.5,01.févr,11,45,8,0.22,0.00,0.22,0.22,0.22,0.07,0.06,0.13,0.07,0.13
Jean-Charles Castelletto,cm CMR,DF,Nantes,26,1995,28,28,251,27.sept,1,0,1,1,0,0,8,0,01.févr,01.févr,0.2,01.avr,9,95,5,0.04,0.00,0.04,0.04,0.04,0.04,0.01,0.05,0.04,0.05
Zeki Çelik,tr TUR,DF,Lille,24,1997,32,30,2696,30.0,2,3,5,2,0,0,10,0,01.janv,01.janv,01.août,02.sept,72,172,129,0.07,0.10,0.17,0.07,0.17,0.04,0.06,0.10,0.04,0.10
Fabien Centonze,fr FRA,DF,Metz,25,1996,19,18,1586,17.juin,4,1,5,4,0,0,3,0,0.7,0.7,0.5,01.févr,46,55,67,0.23,0.06,0.28,0.23,0.28,0.04,0.03,0.07,0.04,0.07
El Chadaille Bitshiabu,fr FRA,DF,Paris S-G,16,2005,1,0,5,0.1,0,0,0,0,0,0,0,0,0.0,0.0,0.0,0.0,0,1,0,0.00,0.00,0.00,0.00,0.00,0.00,0.00,0.00,0.00,0.00
Nassim Chadli,fr FRA,MF  DF,Troyes,20,2001,8,1,96,01.janv,0,0,0,0,0,0,1,0,0.1,0.1,0.0,0.1,6,2,15,0.00,0.00,0.00,0.00,0.00,0.08,0.02,0.10,0.08,0.10
Mehdi Chahiri,ma MAR,DF,Strasbourg,25,1996,1,0,16,0.2,0,0,0,0,0,0,0,0,0.0,0.0,0.0,0.0,1,1,1,0.00,0.00,0.00,0.00,0.00,0.00,0.00,0.00,0.00,0.00
Dylan Chambost,fr FRA,MF  FW,Troyes,23,1997,19,9,753,08.avr,0,1,1,0,0,0,0,0,0.6,0.6,0.6,01.janv,7,47,20,0.00,0.12,0.12,0.00,0.12,0.07,0.07,0.13,0.07,0.13
Player,Nation,Pos,Squad,Age,Born,MP,Starts,Min,90s,Gls,Ast,G+A,G-PK,PK,PKatt,CrdY,CrdR,xG,npxG,xAG,npxG+xAG,PrgC,PrgP,PrgR,Gls,Ast,G+A,G-PK,G+A-PK,xG,xAG,xG+xAG,npxG,npxG+xAG
Brendan Chardonnet,fr FRA,DF,Brest,26,1994,32,31,2686,29.août,3,0,3,3,0,0,6,1,01.avr,01.avr,0.4,01.août,9,83,5,0.10,0.00,0.10,0.10,0.10,0.05,0.01,0.06,0.05,0.06
Xavier Chavalerin,fr FRA,MF,Troyes,30,1991,34,31,2717,30.2,5,2,7,5,0,0,4,0,01.avr,01.avr,03.août,05.févr,19,93,85,0.17,0.07,0.23,0.17,0.23,0.05,0.13,0.17,0.05,0.17
Xavier Chavalerin,fr FRA,MF,Reims,30,1991,3,2,220,02.avr,0,0,0,0,0,0,0,0,0.3,0.3,0.3,0.6,4,12,5,0.00,0.00,0.00,0.00,0.00,0.10,0.13,0.23,0.10,0.23
Rayan Cherki,fr FRA,FW  MF,Lyon,17,2003,16,3,440,04.sept,0,1,1,0,0,0,1,0,0.6,0.6,0.7,01.mars,30,23,51,0.00,0.20,0.20,0.00,0.20,0.12,0.15,0.27,0.12,0.27
Pedro Chirivella,es ESP,MF,Nantes,24,1997,31,31,2637,29.mars,3,1,4,3,0,0,6,0,1.0,1.0,01.mars,02.févr,13,216,34,0.10,0.03,0.14,0.10,0.14,0.03,0.04,0.08,0.03,0.08
Joris Chotard,fr FRA,MF,Montpellier,19,2001,36,33,2935,32.6,1,1,2,1,0,0,5,0,0.9,0.9,0.7,01.juin,5,91,20,0.03,0.03,0.06,0.03,0.06,0.03,0.02,0.05,0.03,0.05
Alexis Claude-Maurice,fr FRA,MF,Nice,23,1998,10,0,209,02.mars,0,2,2,0,0,0,1,0,0.4,0.4,01.févr,01.juin,5,7,13,0.00,0.86,0.86,0.00,0.86,0.17,0.53,0.70,0.17,0.70
Jonathan Clauss,fr FRA,DF,Lens,28,1992,37,35,3046,33.8,5,11,16,5,0,0,3,0,3.0,3.0,7.0,10.0,110,140,303,0.15,0.33,0.47,0.15,0.47,0.09,0.21,0.30,0.09,0.30
Marcus Coco,fr FRA,MF  FW,Nantes,25,1996,24,9,930,10.mars,1,1,2,1,0,0,3,1,0.7,0.7,01.mai,02.janv,28,22,62,0.10,0.10,0.19,0.10,0.19,0.07,0.14,0.21,0.07,0.21
Abdu Conté,pt POR,DF,Troyes,23,1998,17,17,1347,15.0,0,1,1,0,0,0,2,0,0.2,0.2,02.janv,02.mars,31,37,71,0.00,0.07,0.07,0.00,0.07,0.01,0.14,0.15,0.01,0.15
Sébastien Corchia,fr FRA,DF,Nantes,30,1990,28,13,1324,14.juil,0,3,3,0,0,0,0,1,0.4,0.4,0.6,1.0,29,57,72,0.00,0.20,0.20,0.00,0.20,0.03,0.04,0.07,0.03,0.07
Maxwel Cornet,ci CIV,DF,Lyon,24,1996,1,1,63,0.7,0,0,0,0,0,0,2,1,0.0,0.0,0.0,0.0,4,0,1,0.00,0.00,0.00,0.00,0.00,0.00,0.04,0.04,0.00,0.04
David Costa,pt POR,MF  FW,Lens,20,2001,33,16,1464,16.mars,3,5,8,3,0,0,2,0,02.janv,02.janv,03.mai,05.juil,56,96,99,0.18,0.31,0.49,0.18,0.49,0.13,0.22,0.35,0.13,0.35
Benoît Costil,fr FRA,GK,Bordeaux,34,1987,25,25,225,25.0,0,0,0,0,0,0,1,0,0.0,0.0,0.0,0.0,0,2,0,0.00,0.00,0.00,0.00,0.00,0.00,0.00,0.00,0.00,0.00
Kalifa Coulibaly,ml MLI,FW,Nantes,29,1991,21,9,850,09.avr,5,0,5,5,0,0,1,0,04.juil,04.juil,01.mars,6.0,5,13,29,0.53,0.00,0.53,0.53,0.53,0.50,0.13,0.63,0.50,0.63
Nicolas Cozza,fr FRA,DF,Montpellier,22,1999,34,32,277,30.août,2,2,4,2,0,0,2,1,01.juin,01.juin,0.6,02.janv,47,78,38,0.06,0.06,0.13,0.06,0.13,0.05,0.02,0.07,0.05,0.07
Enzo Crivelli,fr FRA,FW  MF,Saint-Étienne,26,1995,4,0,102,01.janv,0,0,0,0,0,0,0,0,0.5,0.5,0.0,0.5,1,2,9,0.00,0.00,0.00,0.00,0.00,0.47,0.00,0.47,0.47,0.47
Wylan Cyprien,fr FRA,MF,Nantes,26,1995,24,17,149,16.juin,2,3,5,2,0,0,3,0,0.8,0.8,02.sept,03.juil,8,96,32,0.12,0.18,0.30,0.12,0.30,0.05,0.18,0.23,0.05,0.23
Lucas Da Cunha,fr FRA,MF,Nice,20,2001,10,5,393,04.avr,0,1,1,0,0,0,0,0,0.8,0.8,01.mars,02.janv,15,11,18,0.00,0.23,0.23,0.00,0.23,0.19,0.29,0.48,0.19,0.48
Lucas Da Cunha,fr FRA,FW  MF,Clermont Foot,20,2001,15,11,836,09.mars,2,0,2,2,0,0,0,0,01.juil,01.juil,0.8,02.avr,25,30,58,0.22,0.00,0.22,0.22,0.22,0.18,0.08,0.26,0.18,0.26
Damien Da Silva,fr FRA,DF,Lyon,33,1988,17,13,1126,12.mai,0,0,0,0,0,0,5,1,0.3,0.3,0.5,0.8,12,59,2,0.00,0.00,0.00,0.00,0.00,0.03,0.04,0.06,0.03,0.06
Colin Dagba,fr FRA,DF,Paris S-G,22,1998,3,2,165,01.août,0,0,0,0,0,0,1,0,0.0,0.0,0.1,0.1,7,6,24,0.00,0.00,0.00,0.00,0.00,0.00,0.05,0.05,0.00,0.05
Flavius Daniliuc,at AUT,DF,Nice,20,2001,24,14,1293,14.avr,0,0,0,0,0,0,4,0,0.2,0.2,0.1,0.4,6,63,25,0.00,0.00,0.00,0.00,0.00,0.02,0.01,0.03,0.02,0.03
Kevin Danso,at AUT,DF,Lens,22,1998,33,32,279,31.0,2,2,4,2,0,0,9,2,01.juil,01.juil,0.5,02.févr,9,91,1,0.06,0.06,0.13,0.06,0.13,0.06,0.02,0.07,0.06,0.07
Dante,br BRA,DF,Nice,37,1983,34,33,287,31.9,0,0,0,0,0,0,7,3,0.5,0.5,1.0,01.mai,13,131,1,0.00,0.00,0.00,0.00,0.00,0.01,0.03,0.05,0.01,0.05
Player,Nation,Pos,Squad,Age,Born,MP,Starts,Min,90s,Gls,Ast,G+A,G-PK,PK,PKatt,CrdY,CrdR,xG,npxG,xAG,npxG+xAG,PrgC,PrgP,PrgR,Gls,Ast,G+A,G-PK,G+A-PK,xG,xAG,xG+xAG,npxG,npxG+xAG
Jonathan David,ca CAN,FW,Lille,21,2000,38,32,2804,31.2,15,0,15,13,2,3,3,0,14.juin,12.mars,03.mai,15.août,43,67,182,0.48,0.00,0.48,0.42,0.42,0.47,0.11,0.58,0.39,0.51
Konrad De La Fuente,us USA,FW  MF,Marseille,20,2001,16,9,785,08.juil,0,2,2,0,0,0,1,0,1.0,1.0,01.avr,02.avr,37,16,110,0.00,0.23,0.23,0.00,0.23,0.11,0.16,0.27,0.11,0.27
Romain Del Castillo,fr FRA,MF  FW,Rennes,25,1996,3,0,28,0.3,0,0,0,0,0,0,0,0,0.2,0.2,0.1,0.3,0,5,3,0.00,0.00,0.00,0.00,0.00,0.69,0.27,0.96,0.69,0.96
Romain Del Castillo,fr FRA,MF  FW,Brest,25,1996,19,13,975,10.août,0,6,6,0,0,0,1,1,0.6,0.6,01.mars,01.août,20,45,85,0.00,0.55,0.55,0.00,0.55,0.06,0.12,0.18,0.05,0.17
Thomas Delaine,fr FRA,DF,Metz,29,1992,29,26,2316,25.juil,1,2,3,1,0,0,4,0,1.0,1.0,02.janv,03.janv,110,73,154,0.04,0.08,0.12,0.04,0.12,0.04,0.08,0.12,0.04,0.12
Sacha Delaye,fr FRA,MF  FW,Montpellier,19,2002,10,3,254,02.août,0,1,1,0,0,0,0,0,0.1,0.1,01.janv,01.févr,2,8,13,0.00,0.35,0.35,0.00,0.35,0.04,0.37,0.42,0.04,0.42
Andy Delort,dz ALG,FW,Nice,29,1991,32,26,2448,27.févr,16,2,18,13,3,3,3,0,14.juin,12.févr,03.sept,16.janv,24,54,188,0.59,0.07,0.66,0.48,0.55,0.54,0.14,0.68,0.45,0.59
Andy Delort,dz ALG,FW,Montpellier,29,1991,3,3,269,3.0,2,1,3,2,0,0,0,0,01.mars,01.mars,0.8,02.févr,0,7,17,0.67,0.33,1.00,0.67,1.00,0.45,0.28,0.73,0.45,0.73
Moussa Dembélé,fr FRA,FW,Lyon,25,1996,30,25,2207,24.mai,21,4,25,16,5,5,6,0,19.mars,15.mars,4.0,19.mars,25,23,157,0.86,0.16,01.févr,0.65,0.82,0.79,0.16,0.95,0.63,0.79
Jason Denayer,be BEL,DF,Lyon,26,1995,15,12,1002,11.janv,3,0,3,3,0,0,2,0,01.juin,01.juin,0.0,01.juin,3,26,0,0.27,0.00,0.27,0.27,0.27,0.15,0.00,0.15,0.15,0.15
Arthur Desmas,fr FRA,GK,Clermont Foot,27,1994,15,15,1304,14.mai,0,0,0,0,0,0,0,0,0.0,0.0,0.0,0.0,0,1,0,0.00,0.00,0.00,0.00,0.00,0.00,0.00,0.00,0.00,0.00
Ángel Di María,ar ARG,FW,Paris S-G,33,1988,26,19,1645,18.mars,5,7,12,5,0,0,2,0,05.avr,05.avr,7.0,12.mars,74,112,235,0.27,0.38,0.66,0.27,0.66,0.29,0.38,0.67,0.29,0.67
Yadaly Diaby,gn GUI,FW  MF,Clermont Foot,20,2000,5,0,67,0.7,0,0,0,0,0,0,1,1,0.3,0.3,0.0,0.3,1,1,2,0.00,0.00,0.00,0.00,0.00,0.35,0.00,0.35,0.35,0.35
Ibrahim Diakité,gn GUI,MF,Reims,17,2003,1,0,4,0.0,0,0,0,0,0,0,0,0,0.0,0.0,0.0,0.0,0,0,0,0.00,0.00,0.00,0.00,0.00,0.00,0.00,0.00,0.00,0.00
Abdou Diallo,sn SEN,DF,Paris S-G,25,1996,12,10,877,09.juil,0,1,1,0,0,0,1,0,0.1,0.1,0.7,0.8,16,47,39,0.00,0.10,0.10,0.00,0.10,0.01,0.07,0.08,0.01,0.08
Habib Diallo,sn SEN,FW,Strasbourg,26,1995,31,16,1541,17.janv,11,1,12,9,2,2,2,0,08.août,07.févr,02.août,10.0,19,27,132,0.64,0.06,0.70,0.53,0.58,0.51,0.16,0.68,0.42,0.59
Habib Diarra,sn SEN,MF,Strasbourg,17,2004,4,1,109,01.févr,0,0,0,0,0,0,1,0,0.0,0.0,0.0,0.0,0,5,0,0.00,0.00,0.00,0.00,0.00,0.00,0.00,0.00,0.00,0.00
Stéphane Diarra,fr FRA,MF  FW,Lorient,22,1998,15,5,525,05.août,0,0,0,0,0,0,2,0,01.janv,01.janv,01.avr,02.mai,33,16,53,0.00,0.00,0.00,0.00,0.00,0.18,0.24,0.43,0.18,0.43
Krépin Diatta,sn SEN,MF  DF,Monaco,22,1999,8,3,285,03.févr,1,0,1,1,0,0,0,0,0.1,0.1,0.2,0.4,8,14,27,0.32,0.00,0.32,0.32,0.32,0.04,0.07,0.12,0.04,0.12
Bamba Dieng,sn SEN,FW,Marseille,21,2000,25,11,975,10.août,7,1,8,6,1,1,0,1,07.août,07.janv,01.sept,9.0,24,15,82,0.65,0.09,0.74,0.55,0.65,0.72,0.17,0.90,0.65,0.83
Elhadji Dieye,sn SEN,FW  MF,Saint-Étienne,19,2002,5,0,34,0.4,0,0,0,0,0,0,0,0,0.1,0.1,0.0,0.1,1,0,3,0.00,0.00,0.00,0.00,0.00,0.27,0.00,0.27,0.27,0.27
Javairô Dilrosun,nl NED,MF  FW,Bordeaux,23,1998,32,19,1732,19.févr,2,6,8,2,0,0,3,0,02.juin,02.juin,03.févr,05.août,72,76,107,0.10,0.31,0.42,0.10,0.42,0.14,0.17,0.30,0.14,0.30
Junior Dina Ebimbe,fr FRA,MF,Paris S-G,20,2000,10,4,316,03.mai,0,0,0,0,0,0,2,0,0.1,0.1,0.1,0.2,7,21,12,0.00,0.00,0.00,0.00,0.00,0.03,0.02,0.05,0.03,0.05
Tristan Dingomé,cm CMR,MF  FW,Troyes,30,1991,25,12,1077,12.0,2,4,6,2,0,0,3,0,0.8,0.8,02.avr,03.mars,5,61,74,0.17,0.33,0.50,0.17,0.50,0.07,0.20,0.27,0.07,0.27
Sinaly Diomande,ci CIV,DF,Lyon,20,2001,11,5,579,06.avr,0,0,0,0,0,0,2,0,0.2,0.2,0.0,0.2,0,29,0,0.00,0.00,0.00,0.00,0.00,0.04,0.00,0.04,0.04,0.04
Player,Nation,Pos,Squad,Age,Born,MP,Starts,Min,90s,Gls,Ast,G+A,G-PK,PK,PKatt,CrdY,CrdR,xG,npxG,xAG,npxG+xAG,PrgC,PrgP,PrgR,Gls,Ast,G+A,G-PK,G+A-PK,xG,xAG,xG+xAG,npxG,npxG+xAG
Sofiane Diop,fr FRA,MF  FW,Monaco,21,2000,30,24,1948,21.juin,6,4,10,6,0,0,6,0,05.juin,05.juin,03.juin,09.févr,75,130,202,0.28,0.18,0.46,0.28,0.46,0.26,0.17,0.42,0.26,0.42
Andy Diouf,fr FRA,MF,Rennes,18,2003,5,0,14,0.2,0,0,0,0,0,0,0,0,0.0,0.0,0.3,0.3,0,0,2,0.00,0.00,0.00,0.00,0.00,0.00,janv.97,janv.97,0.00,janv.97
Assane Dioussé,sn SEN,MF,Saint-Étienne,23,1997,4,0,23,0.3,0,0,0,0,0,0,0,0,0.0,0.0,0.0,0.0,1,2,1,0.00,0.00,0.00,0.00,0.00,0.00,0.00,0.00,0.00,0.00
Axel Disasi,fr FRA,DF,Monaco,23,1998,32,30,2721,30.2,1,0,1,1,0,0,5,0,02.janv,02.janv,1.0,03.janv,27,120,4,0.03,0.00,0.03,0.03,0.03,0.07,0.03,0.10,0.07,0.10
Tiago Djaló,pt POR,DF,Lille,21,2000,28,26,2329,25.sept,1,1,2,1,0,0,4,0,01.avr,01.avr,0.4,01.août,32,84,24,0.04,0.04,0.08,0.04,0.08,0.05,0.02,0.07,0.05,0.07
Alexander Djiku,gh GHA,DF,Strasbourg,26,1994,31,30,2694,29.sept,1,0,1,1,0,0,10,1,02.janv,02.janv,0.6,02.août,15,156,3,0.03,0.00,0.03,0.03,0.03,0.07,0.02,0.09,0.07,0.09
Bryan Djile Nokoué,cm CMR,DF  MF,Saint-Étienne,19,2002,2,0,57,0.6,0,0,0,0,0,0,0,0,0.0,0.0,0.0,0.0,1,1,2,0.00,0.00,0.00,0.00,0.00,0.00,0.00,0.00,0.00,0.00
Ouparine Djoco,gw GNB,GK,Clermont Foot,23,1998,24,23,2116,23.mai,0,0,0,0,0,0,1,0,0.0,0.0,0.0,0.0,0,0,0,0.00,0.00,0.00,0.00,0.00,0.00,0.00,0.00,0.00,0.00
Jeremy Doku,be BEL,FW  MF,Rennes,19,2002,14,4,469,05.févr,1,2,3,1,0,0,2,0,0.7,0.7,01.juil,02.avr,32,30,43,0.19,0.38,0.58,0.19,0.58,0.13,0.32,0.45,0.13,0.45
Kasper Dolberg,dk DEN,FW,Nice,23,1997,26,19,1492,16.juin,6,2,8,4,2,2,0,0,06.avr,04.août,01.févr,06.janv,15,16,90,0.36,0.12,0.48,0.24,0.36,0.39,0.07,0.46,0.29,0.37
Brandon Domingues,fr FRA,MF  FW,Troyes,21,2000,11,1,231,02.juin,1,0,1,1,0,0,0,0,0.7,0.7,0.2,0.9,7,6,24,0.39,0.00,0.39,0.39,0.39,0.27,0.09,0.36,0.27,0.36
Anastasios Donis,gr GRE,FW  MF,Reims,24,1996,13,3,370,04.janv,0,0,0,0,0,0,0,1,0.9,0.9,0.3,01.janv,27,4,46,0.00,0.00,0.00,0.00,0.00,0.21,0.06,0.28,0.21,0.28
Gianluigi Donnarumma,it ITA,GK,Paris S-G,22,1999,17,17,153,17.0,0,0,0,0,0,0,3,0,0.0,0.0,0.0,0.0,0,0,0,0.00,0.00,0.00,0.00,0.00,0.00,0.00,0.00,0.00,0.00
Jodel Dossou,bj BEN,FW,Clermont Foot,29,1992,35,23,2008,22.mars,3,1,4,3,0,0,4,0,5.0,5.0,02.févr,07.févr,104,75,191,0.13,0.04,0.18,0.13,0.18,0.22,0.10,0.32,0.22,0.32
Lohann Doucet,fr FRA,MF  DF,Nantes,18,2002,2,0,6,0.1,0,0,0,0,0,0,0,0,0.0,0.0,0.0,0.0,0,2,0,0.00,0.00,0.00,0.00,0.00,0.00,0.00,0.00,0.00,0.00
Cheick Doucouré,ml MLI,MF,Lens,21,2000,34,33,2946,32.7,1,4,5,1,0,0,7,1,01.juin,01.juin,03.juin,05.janv,54,266,32,0.03,0.12,0.15,0.03,0.15,0.05,0.11,0.16,0.05,0.16
Fodé Doucouré,ml MLI,DF  FW,Reims,20,2001,3,1,154,01.juil,0,0,0,0,0,0,0,0,0.0,0.0,0.0,0.0,1,2,1,0.00,0.00,0.00,0.00,0.00,0.00,0.01,0.01,0.00,0.01
Ismaël Doukouré,fr FRA,DF,Strasbourg,18,2003,1,0,17,0.2,0,0,0,0,0,0,0,0,0.0,0.0,0.0,0.0,0,0,0,0.00,0.00,0.00,0.00,0.00,0.00,0.00,0.00,0.00,0.00
Kamory Doumbia,ml MLI,MF  FW,Reims,18,2003,8,2,352,03.sept,2,1,3,2,0,0,1,0,0.6,0.6,0.4,01.janv,6,23,16,0.51,0.26,0.77,0.51,0.77,0.16,0.11,0.27,0.16,0.27
Moussa Doumbia,ml MLI,FW,Reims,26,1994,4,0,86,1.0,0,0,0,0,0,1,0,0,0.9,0.1,0.0,0.1,4,4,16,0.00,0.00,0.00,0.00,0.00,0.93,0.00,0.93,0.13,0.13
Souleyman Doumbia,ci CIV,DF  FW,Angers,24,1996,27,27,2219,24.juil,0,1,1,0,0,0,10,1,0.8,0.8,02.janv,02.sept,66,54,147,0.00,0.04,0.04,0.00,0.04,0.03,0.09,0.12,0.03,0.12
Julian Draxler,de GER,FW  MF,Paris S-G,27,1993,18,5,548,06.janv,2,1,3,2,0,0,0,0,01.mai,01.mai,02.mars,03.août,14,33,48,0.33,0.16,0.49,0.33,0.49,0.24,0.38,0.62,0.24,0.62
Matthieu Dreyer,fr FRA,GK,Lorient,32,1989,16,16,144,16.0,0,0,0,0,0,0,0,0,0.0,0.0,0.0,0.0,0,0,0,0.00,0.00,0.00,0.00,0.00,0.00,0.00,0.00,0.00,0.00
Leo Dubois,fr FRA,DF,Lyon,26,1994,23,20,1742,19.avr,0,0,0,0,0,0,5,0,0.8,0.8,1.0,01.sept,44,108,124,0.00,0.00,0.00,0.00,0.00,0.04,0.05,0.10,0.04,0.10
Jean-Kevin Duverne,ht HAI,DF,Brest,24,1997,37,33,3007,33.4,1,3,4,1,0,0,1,0,1.0,1.0,02.févr,03.févr,76,169,107,0.03,0.09,0.12,0.03,0.12,0.03,0.07,0.10,0.03,0.10
Player,Nation,Pos,Squad,Age,Born,MP,Starts,Min,90s,Gls,Ast,G+A,G-PK,PK,PKatt,CrdY,CrdR,xG,npxG,xAG,npxG+xAG,PrgC,PrgP,PrgR,Gls,Ast,G+A,G-PK,G+A-PK,xG,xAG,xG+xAG,npxG,npxG+xAG
Enzo Ebosse,cm CMR,DF,Angers,22,1999,27,21,189,21.0,0,0,0,0,0,0,1,0,0.1,0.1,0.6,0.7,26,55,18,0.00,0.00,0.00,0.00,0.00,0.01,0.03,0.03,0.01,0.03
Hugo Ekitike,fr FRA,FW,Reims,19,2002,24,15,1273,14.janv,10,3,13,9,1,2,1,1,06.mai,04.août,01.mai,06.mars,35,18,87,0.71,0.21,0.92,0.64,0.85,0.46,0.10,0.57,0.34,0.44
Alberth Elis,hn HON,FW  MF,Bordeaux,25,1996,20,16,1409,15.juil,9,1,10,9,0,1,2,0,06.mai,05.juil,01.mars,7.0,42,27,118,0.57,0.06,0.64,0.57,0.64,0.42,0.08,0.50,0.37,0.45
Renaud Emond,be BEL,FW  MF,Nantes,29,1991,6,2,190,02.janv,0,0,0,0,0,0,0,0,0.0,0.0,0.0,0.0,0,1,4,0.00,0.00,0.00,0.00,0.00,0.01,0.00,0.01,0.01,0.01
Maxime Estève,fr FRA,DF,Montpellier,19,2002,24,20,1857,20.juin,0,0,0,0,0,0,2,0,0.9,0.9,0.2,01.janv,12,29,2,0.00,0.00,0.00,0.00,0.00,0.04,0.01,0.05,0.04,0.05
Fábio,br BRA,DF,Nantes,31,1990,27,21,1667,18.mai,0,2,2,0,0,0,8,1,1.0,1.0,1.0,2.0,26,64,75,0.00,0.11,0.11,0.00,0.11,0.05,0.06,0.11,0.05,0.11
Cesc Fàbregas,es ESP,MF,Monaco,34,1987,2,0,38,0.4,0,0,0,0,0,0,0,0,0.0,0.0,0.2,0.2,2,12,3,0.00,0.00,0.00,0.00,0.00,0.00,0.52,0.52,0.00,0.52
Wout Faes,be BEL,DF,Reims,23,1998,37,37,333,37.0,4,0,4,4,0,0,2,0,02.janv,02.janv,0.2,02.mars,13,83,10,0.11,0.00,0.11,0.11,0.11,0.06,0.00,0.06,0.06,0.06
Romain Faivre,fr FRA,FW  MF,Lyon,23,1998,14,9,889,09.sept,3,0,3,3,0,0,0,0,01.août,01.août,02.mars,04.janv,63,84,72,0.30,0.00,0.30,0.30,0.30,0.18,0.23,0.41,0.18,0.41
Romain Faivre,fr FRA,MF,Brest,23,1998,21,20,1795,19.sept,7,5,12,2,5,5,1,0,06.mai,02.mai,02.août,05.mars,100,118,98,0.35,0.25,0.60,0.10,0.35,0.32,0.14,0.47,0.13,0.27
Wuilker Faríñez,ve VEN,GK,Lens,23,1998,13,11,1105,12.mars,0,0,0,0,0,0,0,0,0.0,0.0,0.0,0.0,0,0,0,0.00,0.00,0.00,0.00,0.00,0.00,0.00,0.00,0.00,0.00
Noah Fatar,fr FRA,DF  MF,Angers,19,2002,3,0,5,0.1,0,0,0,0,0,0,0,0,0.0,0.0,0.0,0.0,1,1,1,0.00,0.00,0.00,0.00,0.00,0.00,0.00,0.00,0.00,0.00
Julien Faussurier,fr FRA,MF  DF,Brest,34,1987,16,4,489,05.avr,0,1,1,0,0,0,1,0,0.4,0.4,0.8,01.févr,18,22,60,0.00,0.18,0.18,0.00,0.18,0.07,0.15,0.22,0.07,0.22
Jordan Ferri,fr FRA,MF,Montpellier,29,1992,34,33,2911,32.3,0,2,2,0,0,0,13,1,0.3,0.3,03.avr,03.juil,78,290,43,0.00,0.06,0.06,0.00,0.06,0.01,0.11,0.12,0.01,0.12
Karol Fila,pl POL,DF,Strasbourg,23,1998,16,7,560,06.févr,0,0,0,0,0,0,3,0,0.0,0.0,0.5,0.5,10,39,51,0.00,0.00,0.00,0.00,0.00,0.00,0.07,0.07,0.00,0.07
Alexis Flips,fr FRA,MF  DF,Reims,21,2000,25,13,1056,11.juil,2,4,6,1,1,1,2,0,2.0,01.févr,3.0,04.févr,15,29,61,0.17,0.34,0.51,0.09,0.43,0.17,0.26,0.43,0.10,0.36
Mamadou Fofana,ml MLI,DF,Metz,23,1998,1,0,33,0.4,0,0,0,0,0,0,0,0,0.0,0.0,0.0,0.0,0,0,0,0.00,0.00,0.00,0.00,0.00,0.00,0.00,0.00,0.00,0.00
Seko Fofana,ci CIV,MF,Lens,26,1995,38,38,3357,37.3,8,1,9,8,0,0,2,0,06.avr,06.avr,03.janv,09.mai,131,178,227,0.21,0.03,0.24,0.21,0.24,0.17,0.08,0.25,0.17,0.25
Youssouf Fofana,fr FRA,MF,Monaco,22,1999,33,23,219,24.mars,0,4,4,0,0,0,4,0,01.janv,01.janv,02.juin,03.juil,44,146,47,0.00,0.16,0.16,0.00,0.16,0.05,0.11,0.15,0.05,0.15
Thomas Foket,be BEL,DF  FW,Reims,26,1994,29,26,2235,24.août,1,0,1,1,0,0,5,0,0.6,0.6,01.juin,02.janv,34,72,115,0.04,0.00,0.04,0.04,0.04,0.02,0.06,0.09,0.02,0.09
Thomas Fontaine,mg MAD,DF,Lorient,30,1991,2,2,167,01.sept,0,0,0,0,0,0,1,0,0.0,0.0,0.0,0.0,0,4,0,0.00,0.00,0.00,0.00,0.00,0.00,0.00,0.00,0.00,0.00
José Fonte,pt POR,DF,Lille,37,1983,38,38,342,38.0,0,2,2,0,0,0,4,0,01.avr,01.avr,01.janv,02.avr,14,117,13,0.00,0.05,0.05,0.00,0.05,0.04,0.03,0.06,0.04,0.06
Steven Fortes,cv CPV,DF,Lens,29,1992,1,1,90,1.0,0,0,0,0,0,0,0,0,0.0,0.0,0.0,0.0,0,2,0,0.00,0.00,0.00,0.00,0.00,0.00,0.00,0.00,0.00,0.00
Przemysław Frankowski,pl POL,DF,Lens,26,1995,37,28,2448,27.févr,6,5,11,6,0,0,5,0,02.avr,02.avr,03.juil,6.0,53,89,223,0.22,0.18,0.40,0.22,0.40,0.09,0.13,0.22,0.09,0.22
Fransérgio,br BRA,MF,Bordeaux,30,1990,26,14,1258,14.0,0,1,1,0,0,0,7,0,01.mars,01.mars,0.4,01.juil,10,46,23,0.00,0.07,0.07,0.00,0.07,0.09,0.03,0.12,0.09,0.12
Player,Nation,Pos,Squad,Age,Born,MP,Starts,Min,90s,Gls,Ast,G+A,G-PK,PK,PKatt,CrdY,CrdR,xG,npxG,xAG,npxG+xAG,PrgC,PrgP,PrgR,Gls,Ast,G+A,G-PK,G+A-PK,xG,xAG,xG+xAG,npxG,npxG+xAG
Angelo Fulgini,fr FRA,MF  FW,Angers,24,1996,36,35,2929,32.5,5,4,9,5,0,0,6,0,05.août,05.août,4.0,09.juil,75,147,189,0.15,0.12,0.28,0.15,0.28,0.18,0.12,0.30,0.18,0.30
Gauthier Gallon,fr FRA,GK,Troyes,28,1993,31,31,279,31.0,0,0,0,0,0,0,2,0,0.0,0.0,0.0,0.0,0,0,0,0.00,0.00,0.00,0.00,0.00,0.00,0.00,0.00,0.00,0.00
Kévin Gameiro,fr FRA,FW,Strasbourg,34,1987,35,28,2385,26.mai,11,3,14,10,1,3,0,0,13.mars,10.sept,3.0,13.sept,69,62,225,0.42,0.11,0.53,0.38,0.49,0.50,0.11,0.62,0.41,0.53
Idrissa Gana Gueye,sn SEN,MF,Paris S-G,31,1989,26,18,1641,18.févr,3,1,4,3,0,0,4,0,01.avr,01.avr,01.juil,03.janv,28,132,35,0.16,0.05,0.22,0.16,0.22,0.08,0.09,0.17,0.08,0.17
Ignatius Ganago,cm CMR,FW,Lens,22,1999,28,11,1024,11.avr,5,1,6,5,0,0,2,0,04.févr,04.févr,01.janv,05.mars,11,14,77,0.44,0.09,0.53,0.44,0.53,0.37,0.10,0.47,0.37,0.47
Djeidi Gassama,fr FRA,FW,Paris S-G,17,2003,1,0,2,0.0,0,0,0,0,0,0,0,0,0.0,0.0,0.0,0.0,0,0,1,0.00,0.00,0.00,0.00,0.00,0.00,0.00,0.00,0.00,0.00
Johan Gastien,fr FRA,MF,Clermont Foot,33,1988,32,32,2746,30.mai,0,1,1,0,0,0,8,2,0.8,0.8,01.août,02.juin,17,227,32,0.00,0.03,0.03,0.00,0.03,0.03,0.06,0.09,0.03,0.09
Valère Germain,fr FRA,FW,Montpellier,31,1990,34,22,197,21.sept,4,3,7,4,0,0,3,0,04.avr,04.avr,02.sept,07.mars,9,36,95,0.18,0.14,0.32,0.18,0.32,0.20,0.13,0.33,0.20,0.33
Gerson,br BRA,MF  FW,Marseille,24,1997,35,29,2544,28.mars,9,4,13,9,0,0,3,0,04.sept,04.sept,03.janv,08.janv,61,94,172,0.32,0.14,0.46,0.32,0.46,0.17,0.11,0.29,0.17,0.29
Willem Geubbels,fr FRA,FW  MF,Nantes,19,2001,22,4,544,6.0,2,1,3,2,0,0,1,0,01.août,01.août,01.févr,3.0,15,5,36,0.33,0.17,0.50,0.33,0.50,0.30,0.20,0.50,0.30,0.50
Ismaël Gharbi,tn TUN,FW,Paris S-G,17,2004,1,0,2,0.0,0,0,0,0,0,0,0,0,0.0,0.0,0.0,0.0,0,1,0,0.00,0.00,0.00,0.00,0.00,0.00,0.00,0.00,0.00,0.00
Lamine Ghezali,fr FRA,DF,Saint-Étienne,22,1999,1,0,1,0.0,0,0,0,0,0,0,0,0,0.0,0.0,0.0,0.0,1,0,0,0.00,0.00,0.00,0.00,0.00,0.00,mars.32,mars.32,0.00,mars.32
Nicholas Gioacchini,us USA,FW  MF,Montpellier,21,2000,28,3,497,05.mai,0,2,2,0,0,0,0,0,01.avr,01.avr,0.8,02.mars,8,9,38,0.00,0.36,0.36,0.00,0.36,0.26,0.15,0.41,0.26,0.41
Jimmy Giraudon,fr FRA,DF,Troyes,29,1992,19,18,1619,18.0,0,0,0,0,0,0,5,1,0.0,0.0,0.3,0.3,2,34,0,0.00,0.00,0.00,0.00,0.00,0.00,0.02,0.02,0.00,0.02
Andrei Girotto,br BRA,DF  MF,Nantes,29,1992,36,36,3146,35.0,6,1,7,6,0,0,8,0,02.sept,02.sept,01.févr,04.janv,9,108,15,0.17,0.03,0.20,0.17,0.20,0.08,0.03,0.12,0.08,0.12
Aleksandr Golovin,ru RUS,FW  MF,Monaco,25,1996,27,17,1502,16.juil,3,4,7,3,0,0,4,1,02.juil,02.juil,03.janv,05.juil,51,87,126,0.18,0.24,0.42,0.18,0.42,0.16,0.18,0.34,0.16,0.34
Angel Gomes,eng ENG,MF  FW,Lille,20,2000,24,12,954,10.juin,1,1,2,1,0,0,3,0,01.janv,01.janv,01.janv,02.févr,16,43,49,0.09,0.09,0.19,0.09,0.19,0.11,0.10,0.21,0.11,0.21
Alfred Gomis,sn SEN,GK,Rennes,27,1993,25,25,225,25.0,0,0,0,0,0,0,1,0,0.0,0.0,0.0,0.0,0,0,0,0.00,0.00,0.00,0.00,0.00,0.00,0.00,0.00,0.00,0.00
Vagner Gonçalves,cv CPV,FW,Metz,25,1996,3,0,86,1.0,0,0,0,0,0,0,1,0,0.2,0.2,0.1,0.2,2,2,5,0.00,0.00,0.00,0.00,0.00,0.19,0.06,0.24,0.19,0.24
Álvaro González,es ESP,DF,Marseille,31,1990,6,5,451,5.0,0,0,0,0,0,0,1,0,0.2,0.2,0.0,0.2,0,12,0,0.00,0.00,0.00,0.00,0.00,0.04,0.00,0.04,0.04,0.04
Amine Gouiri,dz ALG,FW  MF,Nice,21,2000,38,32,2754,30.juin,10,9,19,7,3,5,3,0,11.août,07.sept,05.sept,13.août,93,104,198,0.33,0.29,0.62,0.23,0.52,0.39,0.19,0.58,0.26,0.45
Lucas Gourna-Douath,fr FRA,MF,Saint-Étienne,17,2003,31,20,1804,20.0,1,0,1,1,0,0,7,0,01.mars,01.mars,0.2,01.mai,29,69,22,0.05,0.00,0.05,0.05,0.05,0.07,0.01,0.08,0.07,0.08
Jonathan Gradit,fr FRA,DF,Lens,28,1992,35,35,3067,34.1,0,0,0,0,0,0,7,0,0.1,0.1,01.août,01.sept,65,210,15,0.00,0.00,0.00,0.00,0.00,0.00,0.05,0.06,0.00,0.06
Andrew Gravillon,gp GLP,DF,Reims,23,1998,26,24,2135,23.juil,0,0,0,0,0,0,9,2,0.8,0.8,0.6,01.avr,20,64,23,0.00,0.00,0.00,0.00,0.00,0.03,0.02,0.06,0.03,0.06
Adrian Grbić,at AUT,FW  MF,Lorient,24,1996,16,4,518,05.août,1,0,1,1,0,0,0,0,01.juil,01.juil,0.4,2.0,3,3,26,0.17,0.00,0.17,0.17,0.17,0.29,0.06,0.35,0.29,0.35
Player,Nation,Pos,Squad,Age,Born,MP,Starts,Min,90s,Gls,Ast,G+A,G-PK,PK,PKatt,CrdY,CrdR,xG,npxG,xAG,npxG+xAG,PrgC,PrgP,PrgR,Gls,Ast,G+A,G-PK,G+A-PK,xG,xAG,xG+xAG,npxG,npxG+xAG
Ivo Grbić,hr CRO,GK,Lille,25,1996,21,21,189,21.0,0,0,0,0,0,0,3,0,0.0,0.0,0.0,0.0,0,0,0,0.00,0.00,0.00,0.00,0.00,0.00,0.00,0.00,0.00,0.00
Etienne Green,eng ENG,GK,Saint-Étienne,21,2000,15,15,1197,13.mars,0,0,0,0,0,0,1,1,0.0,0.0,0.0,0.0,0,0,0,0.00,0.00,0.00,0.00,0.00,0.00,0.00,0.00,0.00,0.00
Gabriel Gudmundsson,se SWE,DF  MF,Lille,22,1999,30,15,1344,14.sept,1,0,1,1,0,0,3,0,02.févr,02.févr,1.0,03.mars,49,51,68,0.07,0.00,0.07,0.07,0.07,0.15,0.07,0.22,0.15,0.22
Mattéo Guendouzi,fr FRA,MF,Marseille,22,1999,38,35,3152,35.0,4,6,10,4,0,0,6,0,03.mai,03.mai,03.juin,07.janv,100,286,175,0.11,0.17,0.29,0.11,0.29,0.10,0.10,0.20,0.10,0.20
Yanis Guermouche,fr FRA,MF  FW,Montpellier,20,2001,3,0,11,0.1,0,0,0,0,0,0,0,0,0.0,0.0,0.0,0.0,2,1,0,0.00,0.00,0.00,0.00,0.00,0.00,0.00,0.00,0.00,0.00
Evann Guessand,ci CIV,FW,Nice,20,2001,20,2,438,04.sept,1,2,3,1,0,0,3,0,01.août,01.août,01.févr,3.0,6,7,24,0.21,0.41,0.62,0.21,0.62,0.37,0.24,0.62,0.37,0.62
Lamine Gueye,sn SEN,FW  MF,Metz,23,1998,14,7,555,06.févr,0,3,3,0,0,0,0,0,01.avr,01.avr,01.févr,02.juin,16,5,53,0.00,0.49,0.49,0.00,0.49,0.23,0.19,0.43,0.23,0.43
Pape Gueye,sn SEN,MF,Marseille,22,1999,28,17,1528,17.0,0,1,1,0,0,0,7,0,01.juil,01.juil,0.6,02.mars,24,88,20,0.00,0.06,0.06,0.00,0.06,0.10,0.04,0.14,0.10,0.14
Josuha Guilavogui,fr FRA,MF  DF,Bordeaux,30,1990,15,15,1331,14.août,1,1,2,1,0,0,4,0,01.mai,01.mai,0.8,02.mars,11,76,23,0.07,0.07,0.14,0.07,0.14,0.10,0.06,0.16,0.10,0.16
Frederic Guilbert,fr FRA,DF,Strasbourg,26,1994,33,28,2516,28.0,0,4,4,0,0,0,4,0,0.9,0.9,03.août,04.juil,54,110,167,0.00,0.14,0.14,0.00,0.14,0.03,0.14,0.17,0.03,0.17
Bruno Guimarães,br BRA,MF,Lyon,23,1997,20,19,1634,18.févr,0,3,3,0,0,0,2,0,1.0,1.0,03.juil,04.juil,56,165,41,0.00,0.17,0.17,0.00,0.17,0.06,0.20,0.26,0.06,0.26
Serhou Guirassy,gn GUI,FW,Rennes,25,1996,37,7,1016,11.mars,9,0,9,9,0,0,1,0,08.janv,08.janv,0.4,08.mai,8,23,86,0.80,0.00,0.80,0.80,0.80,0.72,0.03,0.75,0.72,0.75
Malo Gusto,fr FRA,DF,Lyon,18,2003,30,21,1884,20.sept,0,4,4,0,0,0,3,0,0.6,0.6,04.févr,04.juil,70,87,153,0.00,0.19,0.19,0.00,0.19,0.03,0.20,0.23,0.03,0.23
Massadio Haïdara,ml MLI,DF,Lens,28,1992,20,12,1076,12.0,1,1,2,1,0,0,5,1,0.7,0.7,0.1,0.8,22,40,45,0.08,0.08,0.17,0.08,0.17,0.06,0.01,0.07,0.06,0.07
Oualid El Hajjam,ma MAR,DF,Troyes,30,1991,19,12,1072,11.sept,1,1,2,1,0,0,2,0,0.7,0.7,0.8,01.mai,16,22,15,0.08,0.08,0.17,0.08,0.17,0.06,0.06,0.12,0.06,0.12
Achraf Hakimi,ma MAR,DF,Paris S-G,22,1998,32,28,2479,27.mai,4,6,10,4,0,0,3,1,02.mai,02.mai,04.janv,06.juin,71,99,294,0.15,0.22,0.36,0.15,0.36,0.09,0.15,0.24,0.09,0.24
Pierre-Yves Hamel,fr FRA,FW  MF,Lorient,27,1994,3,0,30,0.3,0,0,0,0,0,0,1,0,0.0,0.0,0.0,0.0,0,0,1,0.00,0.00,0.00,0.00,0.00,0.00,0.11,0.11,0.00,0.11
Pierre-Yves Hamel,fr FRA,FW,Clermont Foot,27,1994,17,6,523,05.août,0,0,0,0,0,0,2,0,01.juil,01.juil,0.2,01.sept,2,10,15,0.00,0.00,0.00,0.00,0.00,0.30,0.03,0.32,0.30,0.32
Romain Hamouma,fr FRA,FW  MF,Saint-Étienne,34,1987,22,7,886,09.août,2,1,3,2,0,0,2,0,02.sept,02.sept,01.avr,04.mars,27,23,100,0.20,0.10,0.30,0.20,0.30,0.29,0.14,0.43,0.29,0.43
Amine Harit,ma MAR,FW  MF,Marseille,24,1997,23,12,1165,12.sept,4,4,8,4,0,0,1,0,02.mai,02.mai,02.août,05.mars,50,65,118,0.31,0.31,0.62,0.31,0.62,0.20,0.22,0.41,0.20,0.41
Henrique,br BRA,DF,Lyon,27,1994,18,12,1105,12.mars,0,1,1,0,0,0,3,0,0.7,0.7,0.4,01.janv,27,35,57,0.00,0.08,0.08,0.00,0.08,0.06,0.04,0.09,0.06,0.09
Luis Henrique,br BRA,FW  MF,Marseille,19,2001,20,7,699,07.août,0,1,1,0,0,0,0,0,0.9,0.9,0.3,01.févr,15,19,69,0.00,0.13,0.13,0.00,0.13,0.12,0.04,0.16,0.12,0.16
Christophe Hérelle,mq MTQ,DF,Brest,28,1992,23,23,1932,21.mai,0,0,0,0,0,0,6,0,0.5,0.5,0.1,0.6,9,59,2,0.00,0.00,0.00,0.00,0.00,0.02,0.01,0.03,0.02,0.03
Jérôme Hergault,fr FRA,DF,Lorient,35,1986,8,5,352,03.sept,0,0,0,0,0,0,2,2,0.1,0.1,0.2,0.3,4,16,23,0.00,0.00,0.00,0.00,0.00,0.03,0.04,0.07,0.03,0.07
Ander Herrera,es ESP,MF,Paris S-G,31,1989,19,12,1091,12.janv,3,2,5,3,0,0,2,0,0.8,0.8,01.avr,02.févr,11,97,25,0.25,0.16,0.41,0.25,0.41,0.06,0.11,0.18,0.06,0.18
Player,Nation,Pos,Squad,Age,Born,MP,Starts,Min,90s,Gls,Ast,G+A,G-PK,PK,PKatt,CrdY,CrdR,xG,npxG,xAG,npxG+xAG,PrgC,PrgP,PrgR,Gls,Ast,G+A,G-PK,G+A-PK,xG,xAG,xG+xAG,npxG,npxG+xAG
Franck Honorat,fr FRA,FW  MF,Brest,24,1996,34,34,2899,32.2,11,4,15,11,0,0,3,0,04.mars,04.mars,06.juin,10.sept,117,84,289,0.34,0.12,0.47,0.34,0.47,0.13,0.21,0.34,0.13,0.34
Fraser Hornby,sct SCO,FW  MF,Reims,21,1999,8,4,350,03.sept,0,0,0,0,0,0,1,0,0.5,0.5,0.2,0.7,6,4,26,0.00,0.00,0.00,0.00,0.00,0.14,0.06,0.19,0.14,0.19
Cédric Hountondji,bj BEN,DF,Clermont Foot,27,1994,23,23,2034,22.juin,1,0,1,1,0,0,2,0,0.6,0.6,0.0,0.6,5,43,1,0.04,0.00,0.04,0.04,0.04,0.02,0.00,0.03,0.02,0.03
Suk Hyun-jun,kr KOR,FW  MF,Troyes,30,1991,9,0,153,01.juil,0,0,0,0,0,0,0,0,0.4,0.4,0.3,0.7,5,3,11,0.00,0.00,0.00,0.00,0.00,0.22,0.18,0.40,0.22,0.40
Mauro Icardi,ar ARG,FW,Paris S-G,28,1993,24,10,1027,11.avr,4,0,4,4,0,0,1,0,05.avr,05.avr,0.7,06.janv,6,10,53,0.35,0.00,0.35,0.35,0.35,0.48,0.06,0.53,0.48,0.53
Jonathan Iglesias,uy URU,MF,Clermont Foot,32,1988,15,5,579,06.avr,0,0,0,0,0,0,0,0,0.0,0.0,0.3,0.3,6,12,9,0.00,0.00,0.00,0.00,0.00,0.00,0.04,0.05,0.00,0.05
Juan Ignacio Ramírez,uy URU,FW,Saint-Étienne,24,1997,5,1,126,01.avr,0,0,0,0,0,0,0,0,0.0,0.0,0.0,0.0,1,1,3,0.00,0.00,0.00,0.00,0.00,0.03,0.00,0.03,0.03,0.03
Danylo Ihnatenko,ua UKR,MF,Bordeaux,24,1997,11,7,692,07.juil,0,3,3,0,0,0,3,1,0.3,0.3,01.févr,01.juin,16,48,10,0.00,0.39,0.39,0.00,0.39,0.05,0.16,0.21,0.05,0.21
Jonathan Ikone,fr FRA,MF  FW,Lille,23,1998,18,13,1062,11.août,1,0,1,1,0,0,1,0,02.janv,02.janv,02.févr,04.mars,34,50,71,0.08,0.00,0.08,0.08,0.08,0.18,0.18,0.37,0.18,0.37
Bonke Innocent,ng NGA,MF,Lorient,25,1996,12,11,874,09.juil,0,0,0,0,0,0,4,0,0.2,0.2,0.2,0.3,2,26,4,0.00,0.00,0.00,0.00,0.00,0.02,0.02,0.04,0.02,0.04
Wilson Isidor,fr FRA,FW  MF,Monaco,20,2000,4,0,50,0.6,0,0,0,0,0,0,0,0,0.1,0.1,0.1,0.2,0,0,5,0.00,0.00,0.00,0.00,0.00,0.14,0.14,0.28,0.14,0.28
Ismail Jakobs,sn SEN,DF  FW,Monaco,21,1999,28,10,1203,13.avr,0,1,1,0,0,0,1,0,0.4,0.4,03.mai,03.sept,45,70,100,0.00,0.07,0.07,0.00,0.07,0.03,0.26,0.29,0.03,0.29
Marin Jakoliš,hr CRO,FW,Angers,24,1996,10,2,229,02.mai,0,0,0,0,0,0,0,0,01.janv,01.janv,0.3,01.avr,5,4,17,0.00,0.00,0.00,0.00,0.00,0.42,0.13,0.54,0.42,0.54
Abdel Jalil Medioub,dz ALG,DF,Bordeaux,23,1997,10,6,622,06.sept,0,0,0,0,0,0,0,0,0.1,0.1,0.0,0.1,3,12,0,0.00,0.00,0.00,0.00,0.00,0.01,0.00,0.01,0.01,0.01
Léo Jardim,br BRA,GK,Lille,26,1995,17,17,153,17.0,0,0,0,0,0,0,0,0,0.0,0.0,0.0,0.0,0,0,0,0.00,0.00,0.00,0.00,0.00,0.00,0.00,0.00,0.00,0.00
Corentin Jean,fr FRA,FW  MF,Lens,26,1995,17,1,255,02.août,1,0,1,1,0,0,2,0,1.0,1.0,0.3,01.mars,4,11,21,0.35,0.00,0.35,0.35,0.35,0.35,0.11,0.46,0.35,0.46
Jemerson,br BRA,DF,Metz,28,1992,15,15,1202,13.avr,0,0,0,0,0,0,3,2,0.6,0.6,0.5,01.janv,5,15,2,0.00,0.00,0.00,0.00,0.00,0.05,0.03,0.08,0.05,0.08
Moritz Jenz,de GER,DF,Lorient,22,1999,17,16,1381,15.mars,1,0,1,1,0,0,5,1,01.févr,01.févr,0.1,01.mars,9,29,3,0.07,0.00,0.07,0.07,0.07,0.08,0.01,0.08,0.08,0.08
Lenny Joseph,fr FRA,FW  MF,Metz,20,2000,8,0,153,01.juil,0,0,0,0,0,0,1,0,0.0,0.0,0.0,0.0,0,2,11,0.00,0.00,0.00,0.00,0.00,0.00,0.01,0.01,0.00,0.01
Issa Kaboré,bf BFA,DF  MF,Troyes,20,2001,31,26,2254,25.0,0,1,1,0,0,0,8,2,0.3,0.3,02.janv,02.mars,99,67,157,0.00,0.04,0.04,0.00,0.04,0.01,0.08,0.09,0.01,0.09
Tino Kadewere,zw ZIM,FW,Lyon,25,1996,15,3,506,05.juin,1,0,1,1,0,0,0,1,02.mai,02.mai,01.janv,03.juin,12,14,48,0.18,0.00,0.18,0.18,0.18,0.45,0.20,0.64,0.45,0.64
Gaël Kakuta,cd COD,MF  FW,Lens,30,1991,29,20,1673,18.juin,3,2,5,2,1,1,1,0,03.mai,02.juil,02.mars,5.0,30,80,121,0.16,0.11,0.27,0.11,0.22,0.19,0.13,0.31,0.14,0.27
Arnaud Kalimuendo,fr FRA,FW,Lens,19,2002,32,27,2148,23.sept,12,0,12,10,2,2,1,1,08.sept,07.mars,01.juin,08.sept,49,30,192,0.50,0.00,0.50,0.42,0.42,0.37,0.07,0.44,0.31,0.37
Arnaud Kalimuendo,fr FRA,FW,Paris S-G,19,2002,2,0,8,0.1,0,0,0,0,0,0,0,0,0.0,0.0,0.0,0.0,0,0,0,0.00,0.00,0.00,0.00,0.00,0.00,0.00,0.00,0.00,0.00
Samuel Kalu,ng NGA,FW  MF,Bordeaux,23,1997,11,3,328,03.juin,1,1,2,1,0,0,1,0,01.févr,01.févr,0.2,01.avr,16,10,47,0.27,0.27,0.55,0.27,0.55,0.34,0.05,0.39,0.34,0.39
Player,Nation,Pos,Squad,Age,Born,MP,Starts,Min,90s,Gls,Ast,G+A,G-PK,PK,PKatt,CrdY,CrdR,xG,npxG,xAG,npxG+xAG,PrgC,PrgP,PrgR,Gls,Ast,G+A,G-PK,G+A-PK,xG,xAG,xG+xAG,npxG,npxG+xAG
Boubacar Kamara,fr FRA,MF  DF,Marseille,21,1999,34,31,2778,30.sept,1,0,1,1,0,0,5,0,1.0,1.0,3.0,4.0,25,206,50,0.03,0.00,0.03,0.03,0.03,0.03,0.10,0.13,0.03,0.13
Hassane Kamara,ci CIV,MF  DF,Nice,27,1994,11,7,544,6.0,0,0,0,0,0,0,2,0,01.janv,01.janv,0.9,01.sept,18,12,45,0.00,0.00,0.00,0.00,0.00,0.17,0.14,0.32,0.17,0.32
Jean-Armel Kana-Biyik,cm CMR,DF,Metz,32,1989,10,8,664,07.avr,0,0,0,0,0,0,1,0,0.1,0.1,0.0,0.1,1,10,1,0.00,0.00,0.00,0.00,0.00,0.01,0.00,0.01,0.01,0.01
Nordine Kandil,fr FRA,MF  FW,Strasbourg,19,2001,5,0,90,1.0,0,1,1,0,0,0,1,0,0.1,0.1,0.2,0.3,4,5,12,0.00,1.00,1.00,0.00,1.00,0.09,0.25,0.33,0.09,0.33
Eiji Kawashima,jp JPN,GK,Strasbourg,38,1983,1,1,90,1.0,0,0,0,0,0,0,0,0,0.0,0.0,0.0,0.0,0,0,0,0.00,0.00,0.00,0.00,0.00,0.00,0.00,0.00,0.00,0.00
Ilan Kebbal,dz ALG,MF  FW,Reims,23,1998,31,21,1772,19.juil,1,4,5,1,0,0,1,0,01.avr,01.avr,02.mai,03.sept,60,124,135,0.05,0.20,0.25,0.05,0.25,0.07,0.13,0.20,0.07,0.20
Thilo Kehrer,de GER,DF,Paris S-G,24,1996,27,16,1513,16.août,2,0,2,2,0,0,0,0,1.0,1.0,0.0,01.janv,13,67,39,0.12,0.00,0.12,0.12,0.12,0.06,0.00,0.06,0.06,0.06
Habib Keita,ml MLI,MF  FW,Lyon,19,2002,3,0,7,0.1,0,0,0,0,0,0,0,0,0.2,0.2,0.0,0.2,0,0,0,0.00,0.00,0.00,0.00,0.00,02.juil,0.00,02.juil,02.juil,02.juil
Saîf-Eddine Khaoui,tn TUN,MF  FW,Clermont Foot,26,1995,23,9,927,10.mars,1,0,1,1,0,0,1,0,02.janv,02.janv,0.9,3.0,12,31,45,0.10,0.00,0.10,0.10,0.10,0.20,0.09,0.29,0.20,0.29
Wahbi Khazri,tn TUN,FW  MF,Saint-Étienne,30,1991,30,26,2225,24.juil,10,0,10,6,4,4,6,0,07.juil,04.juin,02.mai,7.0,63,77,144,0.40,0.00,0.40,0.24,0.24,0.31,0.10,0.41,0.18,0.28
Presnel Kimpembe,fr FRA,DF,Paris S-G,25,1995,30,29,2576,28.juin,1,0,1,1,0,0,6,0,01.avr,01.avr,0.1,01.mai,30,170,16,0.03,0.00,0.03,0.03,0.03,0.05,0.00,0.05,0.05,0.05
Thibault Klidje,tg TOG,MF  FW,Bordeaux,20,2001,5,0,86,1.0,0,0,0,0,0,0,0,0,0.0,0.0,0.7,0.7,5,4,16,0.00,0.00,0.00,0.00,0.00,0.04,0.75,0.79,0.04,0.79
Justin Kluivert,nl NED,MF,Nice,22,1999,27,24,1868,20.août,4,5,9,4,0,0,6,1,02.août,02.août,04.sept,07.juil,83,56,166,0.19,0.24,0.43,0.19,0.43,0.14,0.23,0.37,0.14,0.37
Samuel Koeberlé,fr FRA,FW,Reims,16,2004,1,0,1,0.0,0,0,0,0,0,0,0,0,0.0,0.0,0.0,0.0,0,0,0,0.00,0.00,0.00,0.00,0.00,0.00,0.00,0.00,0.00,0.00
Philippe Koffi,ci CIV,FW,Reims,19,2002,10,3,375,04.févr,1,0,1,1,0,0,1,0,0.9,0.9,0.2,01.janv,10,3,31,0.24,0.00,0.24,0.24,0.24,0.23,0.04,0.27,0.23,0.27
Sead Kolašinac,ba BIH,DF,Marseille,28,1993,14,6,440,04.sept,0,1,1,0,0,0,0,0,0.0,0.0,0.2,0.2,10,13,32,0.00,0.20,0.20,0.00,0.20,0.00,0.05,0.05,0.00,0.05
Randal Kolo Muani,fr FRA,FW  MF,Nantes,22,1998,36,34,2948,32.8,12,4,16,12,0,0,2,0,10.juil,10.juil,04.avr,15.0,81,28,206,0.37,0.12,0.49,0.37,0.49,0.33,0.13,0.46,0.33,0.46
Timothée Kolodziejczak,fr FRA,DF,Saint-Étienne,29,1991,30,30,2565,28.mai,2,3,5,2,0,0,4,1,01.avr,01.avr,01.mars,02.août,38,102,72,0.07,0.11,0.18,0.07,0.18,0.05,0.05,0.10,0.05,0.10
Ghislain Konan,ci CIV,DF,Reims,25,1995,28,28,2418,26.sept,1,3,4,1,0,0,1,0,0.6,0.6,03.avr,03.sept,90,109,108,0.04,0.11,0.15,0.04,0.15,0.02,0.13,0.15,0.02,0.15
Ibrahima Koné,ml MLI,FW,Lorient,22,1999,16,6,732,08.janv,5,1,6,5,0,0,2,0,02.juil,02.juil,01.août,04.mai,11,13,51,0.61,0.12,0.74,0.61,0.74,0.34,0.22,0.55,0.34,0.55
Youssouf Koné,ml MLI,DF,Troyes,26,1995,21,11,980,10.sept,0,1,1,0,0,0,2,1,0.2,0.2,0.9,01.janv,26,38,32,0.00,0.09,0.09,0.00,0.09,0.02,0.08,0.10,0.02,0.10
Laurent Koscielny,fr FRA,DF,Bordeaux,35,1985,11,11,933,10.avr,0,1,1,0,0,0,2,0,0.0,0.0,0.2,0.2,1,31,0,0.00,0.10,0.10,0.00,0.10,0.00,0.02,0.02,0.00,0.02
Rominigue Kouamé,ml MLI,MF,Troyes,24,1996,34,34,2968,33.0,1,2,3,1,0,0,5,0,02.avr,02.avr,01.sept,04.mars,89,170,52,0.03,0.06,0.09,0.03,0.09,0.07,0.06,0.13,0.07,0.13
Boubakar Kouyaté,ml MLI,DF,Metz,24,1997,30,30,2665,29.juin,1,0,1,1,0,0,8,1,01.juil,01.juil,0.1,01.août,6,47,5,0.03,0.00,0.03,0.03,0.03,0.06,0.00,0.06,0.06,0.06
Jean-Philippe Krasso,ci CIV,FW,Saint-Étienne,24,1997,16,5,453,5.0,1,1,2,1,0,0,0,0,01.juin,01.juin,0.6,02.févr,11,8,25,0.20,0.20,0.40,0.20,0.40,0.31,0.13,0.43,0.31,0.43
Player,Nation,Pos,Squad,Age,Born,MP,Starts,Min,90s,Gls,Ast,G+A,G-PK,PK,PKatt,CrdY,CrdR,xG,npxG,xAG,npxG+xAG,PrgC,PrgP,PrgR,Gls,Ast,G+A,G-PK,G+A-PK,xG,xAG,xG+xAG,npxG,npxG+xAG
Mykola Kukharevych,ua UKR,FW,Troyes,20,2001,2,0,15,0.2,0,0,0,0,0,0,0,0,0.1,0.1,0.0,0.1,0,0,1,0.00,0.00,0.00,0.00,0.00,0.34,0.00,0.34,0.34,0.34
Enock Kwateng,fr FRA,DF,Bordeaux,24,1997,29,22,2002,22.févr,1,0,1,1,0,0,6,1,0.3,0.3,01.août,02.janv,37,106,38,0.04,0.00,0.04,0.04,0.04,0.01,0.08,0.09,0.01,0.09
Grejohn Kyei,fr FRA,FW,Clermont Foot,25,1995,14,4,396,04.avr,0,1,1,0,0,0,1,0,01.sept,01.sept,01.janv,3.0,0,7,32,0.00,0.23,0.23,0.00,0.23,0.42,0.26,0.68,0.42,0.68
Gaëtan Laborde,fr FRA,FW,Montpellier,27,1994,4,4,341,03.août,3,0,3,3,0,0,1,0,01.juin,01.juin,0.5,02.janv,7,7,25,0.79,0.00,0.79,0.79,0.79,0.43,0.13,0.57,0.43,0.57
Gaëtan Laborde,fr FRA,FW,Rennes,27,1994,34,32,2729,30.mars,12,8,20,10,2,2,1,0,14.sept,13.mars,05.janv,18.avr,38,54,211,0.40,0.26,0.66,0.33,0.59,0.49,0.17,0.66,0.44,0.61
Tom Lacoux,fr FRA,DF  MF,Bordeaux,19,2002,13,11,907,10.janv,0,0,0,0,0,0,5,0,0.0,0.0,0.3,0.4,8,27,14,0.00,0.00,0.00,0.00,0.00,0.00,0.03,0.04,0.00,0.04
Lenny Lacroix,fr FRA,DF,Metz,18,2003,3,2,200,02.févr,0,1,1,0,0,0,0,0,0.1,0.1,0.4,0.5,0,4,1,0.00,0.45,0.45,0.00,0.45,0.05,0.16,0.21,0.05,0.21
Alban Lafont,ci CIV,GK,Nantes,22,1999,38,38,342,38.0,0,0,0,0,0,0,3,0,0.0,0.0,0.0,0.0,0,0,0,0.00,0.00,0.00,0.00,0.00,0.00,0.00,0.00,0.00,0.00
Mohamed Lamine Bayo,gn GUI,FW,Clermont Foot,23,1998,32,27,2413,26.août,14,5,19,12,2,3,1,0,14.avr,11.sept,04.janv,16.0,28,55,147,0.52,0.19,0.71,0.45,0.63,0.54,0.15,0.69,0.44,0.60
Didier Lamkel Zé,cm CMR,FW,Metz,24,1996,9,8,605,06.juil,3,0,3,3,0,0,2,0,02.mars,02.mars,0.3,02.mai,21,6,63,0.45,0.00,0.45,0.45,0.45,0.34,0.04,0.38,0.34,0.38
Julien Laporte,fr FRA,DF,Lorient,27,1993,33,33,2891,32.1,2,0,2,2,0,0,7,0,01.sept,01.sept,0.5,02.mai,12,82,2,0.06,0.00,0.06,0.06,0.06,0.06,0.02,0.08,0.06,0.08
Yasser Larouci,dz ALG,DF,Troyes,20,2001,12,2,341,03.août,0,0,0,0,0,0,1,0,0.1,0.1,0.1,0.2,23,14,16,0.00,0.00,0.00,0.00,0.00,0.03,0.03,0.06,0.03,0.06
Paul Lasne,fr FRA,MF,Brest,32,1989,15,9,847,09.avr,0,1,1,0,0,0,1,0,0.4,0.4,01.janv,01.mai,8,34,11,0.00,0.11,0.11,0.00,0.11,0.04,0.12,0.16,0.04,0.16
Armand Lauriente,fr FRA,FW  MF,Lorient,22,1998,35,28,2477,27.mai,6,2,8,5,1,1,5,0,07.mai,06.juil,4.0,10.août,89,66,194,0.22,0.07,0.29,0.18,0.25,0.27,0.15,0.42,0.24,0.39
Théo Le Bris,fr FRA,MF,Lorient,18,2002,4,0,61,0.7,0,0,0,0,0,0,0,0,0.0,0.0,0.0,0.0,1,1,1,0.00,0.00,0.00,0.00,0.00,0.00,0.00,0.00,0.00,0.00
Jérémy Le Douaron,fr FRA,FW  MF,Brest,23,1998,32,16,1446,16.janv,5,3,8,5,0,0,0,0,03.juil,03.juil,02.juin,06.mars,39,18,127,0.31,0.19,0.50,0.31,0.50,0.23,0.16,0.39,0.23,0.39
Enzo Le Fée,fr FRA,MF  FW,Lorient,21,2000,36,25,2194,24.avr,2,3,5,2,0,0,2,0,01.sept,01.sept,02.juin,04.mai,63,136,105,0.08,0.12,0.21,0.08,0.21,0.08,0.11,0.18,0.08,0.18
Vincent Le Goff,fr FRA,DF,Lorient,31,1989,34,34,306,34.0,1,1,2,1,0,0,1,0,01.avr,01.avr,01.sept,03.mars,62,166,147,0.03,0.03,0.06,0.03,0.06,0.04,0.06,0.10,0.04,0.10
Maxime Le Marchand,fr FRA,DF,Strasbourg,31,1989,12,9,860,09.juin,1,1,2,1,0,0,4,0,0.3,0.3,0.1,0.4,2,28,1,0.10,0.10,0.21,0.10,0.21,0.03,0.01,0.04,0.03,0.04
Jean-Louis Leca,fr FRA,GK,Lens,35,1985,27,27,2313,25.juil,0,0,0,0,0,0,3,1,0.0,0.0,0.0,0.0,0,0,0,0.00,0.00,0.00,0.00,0.00,0.00,0.00,0.00,0.00,0.00
Félix Lemaréchal,fr FRA,MF,Monaco,17,2003,1,0,9,0.1,0,0,0,0,0,0,0,0,0.0,0.0,0.0,0.0,0,0,0,0.00,0.00,0.00,0.00,0.00,0.00,0.00,0.00,0.00,0.00
Mario Lemina,ga GAB,MF,Nice,27,1993,32,24,1967,21.sept,2,0,2,2,0,0,7,1,2.0,2.0,0.4,02.mars,35,93,30,0.09,0.00,0.09,0.09,0.09,0.09,0.02,0.11,0.09,0.11
Fabien Lemoine,fr FRA,MF,Lorient,34,1987,21,13,1117,12.avr,0,1,1,0,0,0,5,0,0.2,0.2,0.5,0.7,13,81,12,0.00,0.08,0.08,0.00,0.08,0.02,0.04,0.06,0.02,0.06
Léo Leroy,fr FRA,MF,Montpellier,21,2000,24,7,626,7.0,0,0,0,0,0,0,3,0,0.2,0.2,0.1,0.3,4,24,8,0.00,0.00,0.00,0.00,0.00,0.03,0.02,0.05,0.03,0.05
Alexandre Letellier,fr FRA,GK,Paris S-G,30,1990,1,0,8,0.1,0,0,0,0,0,0,0,0,0.0,0.0,0.0,0.0,0,0,0,0.00,0.00,0.00,0.00,0.00,0.00,0.00,0.00,0.00,0.00
Player,Nation,Pos,Squad,Age,Born,MP,Starts,Min,90s,Gls,Ast,G+A,G-PK,PK,PKatt,CrdY,CrdR,xG,npxG,xAG,npxG+xAG,PrgC,PrgP,PrgR,Gls,Ast,G+A,G-PK,G+A-PK,xG,xAG,xG+xAG,npxG,npxG+xAG
Yanis Lhery,fr FRA,FW  MF,Saint-Étienne,18,2003,5,0,72,0.8,0,0,0,0,0,0,0,0,0.2,0.2,0.0,0.2,2,1,3,0.00,0.00,0.00,0.00,0.00,0.27,0.00,0.27,0.27,0.27
Dimitri Liénard,fr FRA,DF  MF,Strasbourg,33,1988,33,23,2044,22.juil,2,3,5,2,0,0,8,0,01.avr,01.avr,3.0,04.avr,44,114,166,0.09,0.13,0.22,0.09,0.22,0.06,0.13,0.19,0.06,0.19
Isaac Lihadji,fr FRA,MF  FW,Lille,19,2002,13,2,238,02.juin,1,3,4,1,0,0,1,0,0.9,0.9,01.févr,02.févr,15,13,23,0.38,janv.13,janv.51,0.38,janv.51,0.35,0.47,0.82,0.35,0.82
Pol Lirola,es ESP,DF  FW,Marseille,23,1997,34,19,177,19.juil,1,2,3,1,0,0,1,0,01.avr,01.avr,02.août,04.févr,74,82,205,0.05,0.10,0.15,0.05,0.15,0.07,0.14,0.21,0.07,0.21
Bradley Locko,fr FRA,MF  DF,Reims,19,2002,24,11,1011,11.févr,1,1,2,1,0,0,4,0,0.2,0.2,0.3,0.5,30,39,40,0.09,0.09,0.18,0.09,0.18,0.02,0.02,0.04,0.02,0.04
Anthony Lopes,pt POR,GK,Lyon,30,1990,34,34,2982,33.1,0,0,0,0,0,0,1,1,0.0,0.0,0.0,0.0,0,1,0,0.00,0.00,0.00,0.00,0.00,0.00,0.00,0.00,0.00,0.00
Pau López,es ESP,GK,Marseille,26,1994,29,29,261,29.0,0,1,1,0,0,0,4,0,0.0,0.0,0.7,0.7,0,1,0,0.00,0.03,0.03,0.00,0.03,0.00,0.02,0.02,0.00,0.02
Dion Lopy,sn SEN,MF,Reims,19,2002,26,19,1642,18.févr,0,0,0,0,0,0,4,0,1.0,1.0,0.3,01.mars,16,50,31,0.00,0.00,0.00,0.00,0.00,0.05,0.02,0.07,0.05,0.07
Samuel Loric,fr FRA,DF,Lorient,21,2000,3,3,269,3.0,0,0,0,0,0,0,0,0,0.1,0.1,0.0,0.1,7,6,20,0.00,0.00,0.00,0.00,0.00,0.02,0.00,0.02,0.02,0.02
Jordan Lotomba,ch SUI,DF,Nice,22,1998,30,19,1782,19.août,0,0,0,0,0,0,4,0,0.8,0.8,01.févr,2.0,50,79,101,0.00,0.00,0.00,0.00,0.00,0.04,0.06,0.10,0.04,0.10
Johaneko Louisjean,fr FRA,DF,Bordeaux,17,2004,1,0,12,0.1,0,0,0,0,0,0,0,0,0.0,0.0,0.0,0.0,0,0,2,0.00,0.00,0.00,0.00,0.00,0.00,0.00,0.00,0.00,0.00
Jean Lucas,br BRA,MF,Monaco,23,1998,28,18,1445,16.janv,1,1,2,1,0,0,3,1,02.mai,02.mai,01.août,04.mars,42,81,71,0.06,0.06,0.12,0.06,0.12,0.15,0.11,0.27,0.15,0.27
Castello Lukeba,fr FRA,DF,Lyon,18,2002,24,24,2095,23.mars,2,0,2,2,0,0,1,0,01.juil,01.juil,0.2,01.sept,12,80,0,0.09,0.00,0.09,0.09,0.09,0.07,0.01,0.08,0.07,0.08
Levi Lumeka,eng ENG,DF  FW,Troyes,22,1998,5,0,67,0.7,0,0,0,0,0,0,0,0,0.0,0.0,0.0,0.0,2,1,4,0.00,0.00,0.00,0.00,0.00,0.00,0.00,0.00,0.00,0.00
Deiver Machado,co COL,DF  MF,Lens,27,1993,22,5,523,05.août,0,1,1,0,0,0,1,0,0.0,0.0,0.9,1.0,13,12,33,0.00,0.17,0.17,0.00,0.17,0.01,0.16,0.17,0.01,0.17
Yvann Macon,fr FRA,DF,Saint-Étienne,22,1998,22,19,1529,17.0,0,0,0,0,0,0,7,0,0.3,0.3,01.avr,01.juil,51,70,91,0.00,0.00,0.00,0.00,0.00,0.02,0.08,0.10,0.02,0.10
Louis Mafouta,cf CTA,FW,Metz,27,1994,15,5,525,05.août,2,0,2,2,0,0,0,0,01.avr,01.avr,0.2,01.juil,3,4,31,0.34,0.00,0.34,0.34,0.34,0.24,0.04,0.29,0.24,0.29
Hugo Magnetti,fr FRA,MF,Brest,23,1998,28,16,1463,16.mars,0,1,1,0,0,0,4,0,0.5,0.5,0.8,01.avr,16,68,15,0.00,0.06,0.06,0.00,0.06,0.03,0.05,0.09,0.03,0.09
Yohann Magnin,fr FRA,MF  DF,Clermont Foot,24,1997,24,19,1717,19.janv,1,0,1,1,0,0,2,0,01.janv,01.janv,0.6,01.juil,8,79,35,0.05,0.00,0.05,0.05,0.05,0.06,0.03,0.09,0.06,0.09
Habib Maïga,ci CIV,MF,Metz,25,1996,17,16,1267,14.janv,2,0,2,2,0,0,6,0,0.9,0.9,0.4,01.avr,14,53,28,0.14,0.00,0.14,0.14,0.14,0.07,0.03,0.10,0.07,0.10
Josh Maja,ng NGA,FW,Bordeaux,22,1998,2,0,9,0.1,0,0,0,0,0,0,0,0,0.0,0.0,0.1,0.1,0,1,1,0.00,0.00,0.00,0.00,0.00,0.00,janv.13,janv.13,0.00,janv.13
Abdul Majeed Waris,gh GHA,FW  MF,Strasbourg,29,1991,15,2,327,03.juin,2,0,2,2,0,0,1,0,01.févr,01.févr,0.5,01.juil,17,11,47,0.55,0.00,0.55,0.55,0.55,0.33,0.14,0.47,0.33,0.47
Lovro Majer,hr CRO,MF  FW,Rennes,23,1998,29,21,1832,20.avr,6,8,14,6,0,0,1,0,05.mars,05.mars,05.févr,10.juin,77,147,126,0.29,0.39,0.69,0.29,0.69,0.26,0.26,0.52,0.26,0.52
Béni Makouana,cg CGO,FW  MF,Montpellier,18,2002,23,1,322,03.juin,0,0,0,0,0,0,4,0,0.5,0.5,0.5,1.0,10,2,24,0.00,0.00,0.00,0.00,0.00,0.14,0.15,0.29,0.14,0.29
Hianga Mananga Mbock,fr FRA,MF,Brest,21,1999,14,9,799,08.sept,0,0,0,0,0,0,3,0,0.4,0.4,0.0,0.5,10,35,14,0.00,0.00,0.00,0.00,0.00,0.05,0.00,0.05,0.05,0.05
Player,Nation,Pos,Squad,Age,Born,MP,Starts,Min,90s,Gls,Ast,G+A,G-PK,PK,PKatt,CrdY,CrdR,xG,npxG,xAG,npxG+xAG,PrgC,PrgP,PrgR,Gls,Ast,G+A,G-PK,G+A-PK,xG,xAG,xG+xAG,npxG,npxG+xAG
Vincent Manceau,fr FRA,DF,Angers,32,1989,28,25,2361,26.févr,0,0,0,0,0,0,2,1,0.1,0.1,0.3,0.4,19,113,16,0.00,0.00,0.00,0.00,0.00,0.00,0.01,0.01,0.00,0.01
Steve Mandanda,fr FRA,GK,Marseille,36,1985,9,9,810,9.0,0,0,0,0,0,0,0,0,0.0,0.0,0.0,0.0,0,0,0,0.00,0.00,0.00,0.00,0.00,0.00,0.00,0.00,0.00,0.00
Reinildo Mandava,mz MOZ,DF,Lille,27,1994,18,18,1524,16.sept,1,0,1,1,0,0,7,0,0.5,0.5,0.2,0.6,38,65,64,0.06,0.00,0.06,0.06,0.06,0.03,0.01,0.04,0.03,0.04
Anthony Mandrea,dz ALG,GK,Angers,24,1996,10,10,900,10.0,0,0,0,0,0,0,0,0,0.0,0.0,0.0,0.0,0,0,0,0.00,0.00,0.00,0.00,0.00,0.00,0.00,0.00,0.00,0.00
Eliaquim Mangala,fr FRA,DF,Saint-Étienne,30,1991,14,14,1179,13.janv,1,0,1,1,0,0,9,0,0.5,0.5,0.0,0.5,3,24,1,0.08,0.00,0.08,0.08,0.08,0.04,0.00,0.04,0.04,0.04
Thomas Mangani,fr FRA,MF,Angers,34,1987,33,25,2193,24.avr,7,2,9,1,6,6,6,0,05.juil,0.9,01.mars,02.févr,8,165,31,0.29,0.08,0.37,0.04,0.12,0.23,0.05,0.28,0.04,0.09
Ricardo Mangas,pt POR,DF,Bordeaux,23,1998,29,27,2353,26.janv,3,1,4,3,0,0,2,0,01.juil,01.juil,0.6,02.avr,55,89,110,0.11,0.04,0.15,0.11,0.15,0.07,0.02,0.09,0.07,0.09
Myziane Maolida,km COM,MF,Nice,22,1999,1,0,34,0.4,0,0,0,0,0,0,0,0,0.0,0.0,0.0,0.0,2,0,2,0.00,0.00,0.00,0.00,0.00,0.10,0.00,0.10,0.10,0.10
Sekou Mara,fr FRA,FW  MF,Bordeaux,19,2002,26,8,905,10.janv,6,0,6,5,1,1,2,0,05.janv,04.avr,0.7,5.0,7,15,47,0.60,0.00,0.60,0.50,0.50,0.51,0.07,0.58,0.43,0.50
Marcelo,br BRA,DF,Bordeaux,34,1987,11,11,898,10.0,0,0,0,0,0,0,4,0,0.2,0.2,0.2,0.3,4,28,1,0.00,0.00,0.00,0.00,0.00,0.02,0.02,0.03,0.02,0.03
Marcelo,br BRA,DF,Lyon,34,1987,2,2,180,2.0,0,0,0,0,0,0,1,0,0.0,0.0,0.0,0.0,1,11,1,0.00,0.00,0.00,0.00,0.00,0.02,0.00,0.02,0.02,0.02
Guillermo Maripán,cl CHI,DF,Monaco,27,1994,26,21,1832,20.avr,0,0,0,0,0,0,5,0,0.6,0.6,0.3,1.0,11,80,2,0.00,0.00,0.00,0.00,0.00,0.03,0.02,0.05,0.03,0.05
Marquinhos,br BRA,DF,Paris S-G,27,1994,32,32,2861,31.août,5,0,5,5,0,0,5,0,03.août,03.août,0.4,04.janv,9,128,8,0.16,0.00,0.16,0.16,0.16,0.12,0.01,0.13,0.12,0.13
Jonas Martin,fr FRA,MF,Rennes,31,1990,29,24,2105,23.avr,1,1,2,1,0,0,8,0,01.févr,01.févr,01.mars,02.mai,8,132,14,0.04,0.04,0.09,0.04,0.09,0.05,0.06,0.11,0.05,0.11
Gelson Martins,pt POR,MF  FW,Monaco,26,1995,32,24,1905,21.févr,4,3,7,4,0,0,4,0,05.juil,05.juil,02.mai,08.févr,67,57,236,0.19,0.14,0.33,0.19,0.33,0.27,0.12,0.39,0.27,0.39
Pape Matar Sarr,sn SEN,MF,Metz,18,2002,33,22,2129,23.juil,1,3,4,1,0,0,7,0,02.janv,02.janv,01.mai,03.juin,37,115,49,0.04,0.13,0.17,0.04,0.17,0.09,0.06,0.15,0.09,0.15
Eliot Matazo,be BEL,MF,Monaco,19,2002,18,8,790,08.août,0,0,0,0,0,0,1,0,0.1,0.1,0.1,0.3,14,46,11,0.00,0.00,0.00,0.00,0.00,0.01,0.02,0.03,0.01,0.03
Chrislain Matsima,fr FRA,DF,Monaco,19,2002,7,1,134,01.mai,0,0,0,0,0,0,0,0,0.1,0.1,0.0,0.1,1,3,0,0.00,0.00,0.00,0.00,0.00,0.06,0.00,0.06,0.06,0.06
Azor Matusiwa,nl NED,MF,Reims,23,1998,29,29,2463,27.avr,1,1,2,1,0,0,8,1,0.4,0.4,0.8,01.févr,11,132,13,0.04,0.04,0.07,0.04,0.07,0.01,0.03,0.04,0.01,0.04
Stephy Mavididi,eng ENG,FW  MF,Montpellier,23,1998,30,27,2299,25.mai,8,3,11,8,0,0,4,0,07.juin,07.juin,03.mars,10.août,74,34,182,0.31,0.12,0.43,0.31,0.43,0.30,0.13,0.42,0.30,0.42
Derek Mazou-Sacko,fr FRA,FW  DF,Troyes,16,2004,2,0,3,0.0,0,0,0,0,0,0,0,0,0.0,0.0,0.0,0.0,0,0,0,0.00,0.00,0.00,0.00,0.00,0.00,0.00,0.00,0.00,0.00
Kylian Mbappé,fr FRA,FW,Paris S-G,22,1998,35,34,3023,33.6,28,17,45,24,4,4,10,0,23.août,20.juil,12.juin,33.4,210,107,449,0.83,0.51,janv.34,0.71,janv.22,0.71,0.38,01.août,0.62,0.99
Yannis Mbemba,ga GAB,DF  FW,Nantes,20,2001,2,0,5,0.1,0,0,0,0,0,0,0,0,0.1,0.1,0.0,0.1,0,0,0,0.00,0.00,0.00,0.00,0.00,janv.75,0.00,janv.75,janv.75,janv.75
Amadou Mbengue,sn SEN,DF  MF,Metz,19,2002,12,5,610,06.août,0,0,0,0,0,0,4,0,0.0,0.0,0.1,0.1,2,18,1,0.00,0.00,0.00,0.00,0.00,0.00,0.01,0.02,0.00,0.02
Jason Mbock,fr FRA,FW,Angers,21,1999,1,0,17,0.2,0,0,0,0,0,0,1,0,0.0,0.0,0.0,0.0,0,0,3,0.00,0.00,0.00,0.00,0.00,0.00,0.00,0.00,0.00,0.00
Player,Nation,Pos,Squad,Age,Born,MP,Starts,Min,90s,Gls,Ast,G+A,G-PK,PK,PKatt,CrdY,CrdR,xG,npxG,xAG,npxG+xAG,PrgC,PrgP,PrgR,Gls,Ast,G+A,G-PK,G+A-PK,xG,xAG,xG+xAG,npxG,npxG+xAG
Moustapha Mbow,sn SEN,DF,Reims,21,2000,1,1,90,1.0,0,0,0,0,0,0,0,0,0.0,0.0,0.0,0.0,0,0,0,0.00,0.00,0.00,0.00,0.00,0.00,0.00,0.00,0.00,0.00
Nathanael Mbuku,cd COD,FW  MF,Reims,19,2002,31,18,1418,15.août,2,1,3,2,0,0,1,0,02.avr,02.avr,0.7,3.0,57,40,78,0.13,0.06,0.19,0.13,0.19,0.15,0.04,0.19,0.15,0.19
Facundo Medina,ar ARG,DF,Lens,22,1999,31,30,2593,28.août,1,0,1,1,0,0,11,0,01.mars,01.mars,0.2,01.mai,52,201,12,0.03,0.00,0.03,0.03,0.03,0.05,0.01,0.05,0.05,0.05
Farid El Melali,dz ALG,FW,Angers,24,1997,2,0,14,0.2,0,0,0,0,0,0,0,0,0.0,0.0,0.0,0.0,0,0,0,0.00,0.00,0.00,0.00,0.00,0.21,0.00,0.21,0.21,0.21
Birger Meling,no NOR,DF,Rennes,26,1994,31,20,1829,20.mars,0,4,4,0,0,0,3,0,0.2,0.2,01.sept,02.févr,37,87,92,0.00,0.20,0.20,0.00,0.20,0.01,0.09,0.11,0.01,0.11
Houboulang Mendes,gw GNB,DF,Lorient,23,1998,36,36,322,35.8,0,1,1,0,0,0,5,1,1.0,1.0,01.juin,02.juin,56,78,75,0.00,0.03,0.03,0.00,0.03,0.03,0.05,0.07,0.03,0.07
Nuno Mendes,pt POR,DF,Paris S-G,19,2002,27,18,1658,18.avr,0,1,1,0,0,0,3,0,0.3,0.3,02.août,03.janv,41,53,128,0.00,0.05,0.05,0.00,0.05,0.01,0.15,0.17,0.01,0.17
Pedro Mendes,pt POR,DF,Montpellier,30,1990,1,0,16,0.2,0,0,0,0,0,0,0,0,0.0,0.0,0.1,0.1,0,2,0,0.00,0.00,0.00,0.00,0.00,0.00,0.29,0.29,0.00,0.29
Thiago Mendes,br BRA,MF  DF,Lyon,29,1992,29,21,1863,20.juil,1,1,2,1,0,0,3,1,0.7,0.7,01.avr,02.janv,8,112,21,0.05,0.05,0.10,0.05,0.10,0.03,0.07,0.10,0.03,0.10
Arial Mendy,sn SEN,DF  FW,Clermont Foot,26,1994,18,9,792,08.août,0,0,0,0,0,0,1,0,0.5,0.5,01.juil,02.févr,30,26,54,0.00,0.00,0.00,0.00,0.00,0.05,0.19,0.25,0.05,0.25
Batista Mendy,fr FRA,MF  DF,Angers,21,2000,34,27,2413,26.août,1,1,2,1,0,0,5,0,0.8,0.8,0.6,01.mai,20,117,23,0.04,0.04,0.07,0.04,0.07,0.03,0.02,0.05,0.03,0.05
Gideon Mensah,gh GHA,DF,Bordeaux,23,1998,23,13,1208,13.avr,0,2,2,0,0,0,1,1,0.1,0.1,01.août,2.0,40,62,79,0.00,0.15,0.15,0.00,0.15,0.01,0.14,0.15,0.01,0.15
Quentin Merlin,fr FRA,DF  MF,Nantes,19,2002,28,21,1926,21.avr,2,3,5,2,0,0,0,0,0.4,0.4,02.juil,03.janv,49,132,99,0.09,0.14,0.23,0.09,0.23,0.02,0.13,0.15,0.02,0.15
Lionel Messi,ar ARG,FW  MF,Paris S-G,34,1987,26,24,2153,23.sept,6,14,20,6,0,0,0,0,10.0,10.0,08.août,18.sept,113,291,125,0.25,0.59,0.84,0.25,0.84,0.42,0.37,0.79,0.42,0.79
Mexer,mz MOZ,DF,Bordeaux,32,1988,16,14,1227,13.juin,1,0,1,1,0,0,2,0,0.3,0.3,0.0,0.3,1,22,0,0.07,0.00,0.07,0.07,0.07,0.02,0.00,0.02,0.02,0.02
Edouard Michut,fr FRA,MF,Paris S-G,18,2003,5,0,70,0.8,0,1,1,0,0,0,0,1,0.0,0.0,0.1,0.1,1,6,2,0.00,janv.29,janv.29,0.00,janv.29,0.00,0.08,0.08,0.00,0.08
Georges Mikautadze,ge GEO,FW,Metz,20,2000,1,0,1,0.0,0,0,0,0,0,0,0,0,0.2,0.2,0.0,0.2,1,0,1,0.00,0.00,0.00,0.00,0.00,19.93,0.00,19.93,19.93,19.93
William Mikelbrencis,fr FRA,DF,Metz,17,2004,9,8,610,06.août,0,1,1,0,0,0,0,0,0.2,0.2,0.2,0.4,12,21,26,0.00,0.15,0.15,0.00,0.15,0.02,0.03,0.06,0.02,0.06
Arkadiusz Milik,pl POL,FW,Marseille,27,1994,23,15,1416,15.juil,7,2,9,6,1,1,1,0,08.févr,07.avr,01.juil,9.0,15,25,111,0.44,0.13,0.57,0.38,0.51,0.52,0.11,0.62,0.47,0.57
Terem Moffi,ng NGA,FW,Lorient,22,1999,37,34,2711,30.janv,8,4,12,6,2,2,1,0,11.janv,09.mai,03.sept,13.avr,50,47,154,0.27,0.13,0.40,0.20,0.33,0.37,0.13,0.50,0.31,0.44
Florent Mollet,fr FRA,FW  MF,Montpellier,29,1991,35,32,263,29.2,6,2,8,6,0,0,6,0,04.mars,04.mars,02.juil,06.sept,48,114,162,0.21,0.07,0.27,0.21,0.27,0.15,0.09,0.24,0.15,0.24
Thomas Monconduit,fr FRA,MF,Lorient,30,1991,34,26,2248,25.0,3,2,5,3,0,0,5,0,01.mai,01.mai,03.mars,04.juil,27,160,32,0.12,0.08,0.20,0.12,0.20,0.06,0.13,0.19,0.06,0.19
Jérémy Morel,mg MAD,DF,Lorient,37,1984,9,6,604,06.juil,0,0,0,0,0,0,0,0,0.0,0.0,0.1,0.1,2,8,3,0.00,0.00,0.00,0.00,0.00,0.00,0.01,0.02,0.00,0.02
Lebo Mothiba,za RSA,FW  MF,Troyes,25,1996,13,5,522,05.août,2,0,2,1,1,1,1,0,02.janv,01.mars,0.5,01.juil,7,2,39,0.34,0.00,0.34,0.17,0.17,0.36,0.08,0.44,0.22,0.30
Lebo Mothiba,za RSA,FW,Strasbourg,25,1996,1,0,1,0.0,0,0,0,0,0,0,0,0,0.0,0.0,0.0,0.0,0,0,0,0.00,0.00,0.00,0.00,0.00,0.00,0.00,0.00,0.00,0.00
Player,Nation,Pos,Squad,Age,Born,MP,Starts,Min,90s,Gls,Ast,G+A,G-PK,PK,PKatt,CrdY,CrdR,xG,npxG,xAG,npxG+xAG,PrgC,PrgP,PrgR,Gls,Ast,G+A,G-PK,G+A-PK,xG,xAG,xG+xAG,npxG,npxG+xAG
Baptiste Mouazan,fr FRA,MF,Lorient,19,2001,3,1,96,01.janv,0,0,0,0,0,0,0,0,0.1,0.1,0.0,0.1,1,3,3,0.00,0.00,0.00,0.00,0.00,0.05,0.00,0.05,0.05,0.05
Aimen Moueffek,fr FRA,MF,Saint-Étienne,20,2001,14,4,432,04.août,0,0,0,0,0,0,1,0,0.1,0.1,0.1,0.2,18,25,11,0.00,0.00,0.00,0.00,0.00,0.02,0.02,0.04,0.02,0.04
Harold Moukoudi,cm CMR,DF,Saint-Étienne,23,1997,24,17,1661,18.mai,0,0,0,0,0,0,3,0,0.9,0.9,0.1,0.9,7,61,3,0.00,0.00,0.00,0.00,0.00,0.05,0.00,0.05,0.05,0.05
Jessy Moulin,fr FRA,GK,Troyes,35,1986,7,7,630,7.0,0,0,0,0,0,0,3,1,0.0,0.0,0.0,0.0,0,0,0,0.00,0.00,0.00,0.00,0.00,0.00,0.00,0.00,0.00,0.00
Steve Mounié,bj BEN,FW,Brest,26,1994,35,25,2312,25.juil,9,2,11,7,2,2,2,0,11.août,10.févr,01.févr,11.avr,29,65,106,0.35,0.08,0.43,0.27,0.35,0.46,0.05,0.50,0.40,0.44
Samuel Moutoussamy,cd COD,MF,Nantes,24,1996,30,16,1509,16.août,0,1,1,0,0,0,5,0,01.août,01.août,0.4,02.févr,13,66,16,0.00,0.06,0.06,0.00,0.06,0.11,0.03,0.13,0.11,0.13
Marshall Munetsi,zw ZIM,MF  DF,Reims,25,1996,24,20,1885,20.sept,5,1,6,5,0,0,7,0,4.0,4.0,01.févr,05.févr,12,37,21,0.24,0.05,0.29,0.24,0.29,0.19,0.06,0.25,0.19,0.25
Junior Mwanga,fr FRA,DF,Bordeaux,18,2003,1,1,90,1.0,0,0,0,0,0,0,0,0,0.0,0.0,0.0,0.0,0,4,0,0.00,0.00,0.00,0.00,0.00,0.00,0.00,0.00,0.00,0.00
Kévin N'Doram,fr FRA,MF,Metz,25,1996,19,16,1235,13.juil,0,0,0,0,0,0,5,0,01.janv,01.janv,0.4,01.mai,3,63,6,0.00,0.00,0.00,0.00,0.00,0.08,0.03,0.11,0.08,0.11
Eric N'Jo,fr FRA,DF,Troyes,17,2004,2,0,98,01.janv,0,0,0,0,0,0,0,0,0.0,0.0,0.0,0.0,0,0,0,0.00,0.00,0.00,0.00,0.00,0.00,0.00,0.00,0.00,0.00
Vital N'Simba,cd COD,DF,Clermont Foot,28,1993,34,31,2789,31.0,1,3,4,1,0,0,4,0,0.7,0.7,04.juin,05.mars,74,142,138,0.03,0.10,0.13,0.03,0.13,0.02,0.15,0.17,0.02,0.17
Mickael Nade,fr FRA,DF,Saint-Étienne,22,1999,30,29,2563,28.mai,1,0,1,1,0,0,4,0,01.mai,01.mai,0.2,01.juil,10,85,4,0.04,0.00,0.04,0.04,0.04,0.05,0.01,0.06,0.05,0.06
Guédé Nadje,fr FRA,MF,Angers,17,2003,1,0,3,0.0,0,0,0,0,0,0,0,0,0.0,0.0,0.0,0.0,0,0,0,0.00,0.00,0.00,0.00,0.00,0.00,0.00,0.00,0.00,0.00
Paul Nardi,fr FRA,GK,Lorient,27,1994,22,22,198,22.0,0,0,0,0,0,0,1,0,0.0,0.0,0.0,0.0,0,0,0,0.00,0.00,0.00,0.00,0.00,0.00,0.00,0.00,0.00,0.00
Keylor Navas,cr CRC,GK,Paris S-G,34,1986,21,21,1856,20.juin,0,0,0,0,0,0,0,1,0.0,0.0,0.0,0.0,0,0,0,0.00,0.00,0.00,0.00,0.00,0.00,0.00,0.00,0.00,0.00
Papa Ndiaga Yade,mr MTN,DF  FW,Metz,21,2000,18,5,696,07.juil,0,1,1,0,0,0,3,0,0.2,0.2,0.7,0.9,39,12,32,0.00,0.13,0.13,0.00,0.13,0.03,0.09,0.12,0.03,0.12
Tanguy Ndombele,fr FRA,MF,Lyon,24,1996,11,7,701,07.août,0,2,2,0,0,0,3,0,0.2,0.2,01.juil,01.sept,13,56,10,0.00,0.26,0.26,0.00,0.26,0.03,0.22,0.25,0.03,0.25
Dan Ndoye,ch SUI,FW  MF,Nice,20,2000,3,2,205,02.mars,0,1,1,0,0,0,0,0,0.1,0.1,0.5,0.6,3,5,17,0.00,0.44,0.44,0.00,0.44,0.05,0.22,0.27,0.05,0.27
Neymar,br BRA,FW  MF,Paris S-G,29,1992,22,22,1851,20.juin,13,6,19,10,3,4,10,0,10.août,07.juil,07.mai,15.févr,96,146,244,0.63,0.29,0.92,0.49,0.78,0.53,0.37,0.89,0.37,0.74
Yvan Neyou,cm CMR,MF,Saint-Étienne,24,1997,16,12,936,10.avr,0,0,0,0,0,0,4,1,0.1,0.1,0.4,0.6,8,39,14,0.00,0.00,0.00,0.00,0.00,0.01,0.04,0.05,0.01,0.05
Opa Nguette,sn SEN,FW  MF,Metz,27,1994,26,10,1048,11.juin,2,2,4,2,0,0,1,0,02.févr,02.févr,0.4,02.mai,32,25,76,0.17,0.17,0.34,0.17,0.34,0.19,0.03,0.22,0.19,0.22
Sikou Niakaté,ml MLI,DF,Metz,22,1999,12,8,661,07.mars,0,0,0,0,0,0,2,0,0.1,0.1,0.0,0.2,3,7,0,0.00,0.00,0.00,0.00,0.00,0.02,0.01,0.02,0.02,0.02
Ibrahima Niane,sn SEN,FW,Metz,22,1999,26,20,1582,17.juin,3,1,4,2,1,1,2,1,03.juil,02.sept,01.mars,04.févr,14,20,89,0.17,0.06,0.23,0.11,0.17,0.21,0.07,0.28,0.17,0.24
M'Baye Niang,sn SEN,FW,Bordeaux,26,1994,22,7,777,08.juin,3,1,4,3,0,0,3,0,03.mars,03.mars,01.juil,05.janv,8,12,63,0.35,0.12,0.46,0.35,0.46,0.39,0.20,0.59,0.39,0.59
Cheikh Niasse,sn SEN,FW  MF,Lille,21,2000,4,0,44,0.5,0,0,0,0,0,0,1,0,0.0,0.0,0.0,0.0,0,3,0,0.00,0.00,0.00,0.00,0.00,0.00,0.00,0.00,0.00,0.00
Player,Nation,Pos,Squad,Age,Born,MP,Starts,Min,90s,Gls,Ast,G+A,G-PK,PK,PKatt,CrdY,CrdR,xG,npxG,xAG,npxG+xAG,PrgC,PrgP,PrgR,Gls,Ast,G+A,G-PK,G+A-PK,xG,xAG,xG+xAG,npxG,npxG+xAG
Casimir Ninga,td CHA,FW,Angers,28,1993,16,3,409,04.mai,0,0,0,0,0,0,2,0,0.8,0.8,0.0,0.9,6,5,27,0.00,0.00,0.00,0.00,0.00,0.18,0.01,0.19,0.18,0.19
Arnaud Nordin,fr FRA,FW  MF,Saint-Étienne,23,1998,36,20,1874,20.août,4,4,8,4,0,0,4,0,03.mai,03.mai,02.avr,05.sept,73,44,163,0.19,0.19,0.38,0.19,0.38,0.17,0.11,0.28,0.17,0.28
Alexander Nübel,de GER,GK,Monaco,24,1996,38,38,342,38.0,0,0,0,0,0,0,1,0,0.0,0.0,0.0,0.0,0,2,0,0.00,0.00,0.00,0.00,0.00,0.00,0.00,0.00,0.00,0.00
Gerzino Nyamsi,fr FRA,DF,Strasbourg,24,1997,34,33,2984,33.2,0,2,2,0,0,0,4,0,02.janv,02.janv,01.janv,03.févr,11,72,5,0.00,0.06,0.06,0.00,0.06,0.06,0.03,0.10,0.06,0.10
Florent Ogier,fr FRA,DF,Clermont Foot,32,1989,30,29,2429,27.0,1,0,1,1,0,0,6,0,0.7,0.7,0.2,0.8,2,80,2,0.04,0.00,0.04,0.04,0.04,0.02,0.01,0.03,0.02,0.03
Warmed Omari,km COM,DF,Rennes,21,2000,34,31,2796,31.janv,0,0,0,0,0,0,6,0,0.4,0.4,0.2,0.7,23,111,4,0.00,0.00,0.00,0.00,0.00,0.01,0.01,0.02,0.01,0.02
Jonas Omlin,ch SUI,GK,Montpellier,27,1994,29,29,2587,28.juil,0,0,0,0,0,0,0,1,0.0,0.0,0.0,0.0,0,0,0,0.00,0.00,0.00,0.00,0.00,0.00,0.00,0.00,0.00,0.00
Amadou Onana,be BEL,MF,Lille,19,2001,32,11,1359,15.janv,1,0,1,1,0,0,2,1,02.juin,02.juin,01.janv,03.juil,24,59,21,0.07,0.00,0.07,0.07,0.07,0.17,0.07,0.24,0.17,0.24
Jean Onana,cm CMR,MF,Bordeaux,21,2000,23,23,1832,20.avr,3,2,5,3,0,0,3,1,01.avr,01.avr,01.juin,3.0,18,90,46,0.15,0.10,0.25,0.15,0.25,0.07,0.08,0.15,0.07,0.15
Otávio,br BRA,MF,Bordeaux,27,1994,16,13,1147,12.juil,0,0,0,0,0,0,3,0,0.4,0.4,0.1,0.5,4,49,5,0.00,0.00,0.00,0.00,0.00,0.03,0.01,0.04,0.03,0.04
Dango Ouattara,bf BFA,MF  FW,Lorient,19,2002,25,7,812,9.0,1,2,3,1,0,0,4,0,02.janv,02.janv,01.avr,03.mai,18,23,76,0.11,0.22,0.33,0.11,0.33,0.24,0.15,0.39,0.24,0.39
Remi Oudin,fr FRA,MF  FW,Bordeaux,24,1996,33,20,1737,19.mars,4,5,9,4,0,0,6,0,3.0,3.0,03.août,06.août,31,53,96,0.21,0.26,0.47,0.21,0.47,0.16,0.20,0.35,0.16,0.35
Alexandre Oukidja,dz ALG,GK,Metz,33,1988,21,21,1875,20.août,0,0,0,0,0,0,2,1,0.0,0.0,0.0,0.0,0,0,0,0.00,0.00,0.00,0.00,0.00,0.00,0.00,0.00,0.00,0.00
Azzedine Ounahi,ma MAR,MF,Angers,21,2000,32,16,1633,18.janv,2,1,3,2,0,0,2,0,2.0,2.0,01.mai,03.mai,50,110,79,0.11,0.06,0.17,0.11,0.17,0.11,0.08,0.19,0.11,0.19
Ambroise Oyongo,cm CMR,DF,Montpellier,30,1991,11,7,659,07.mars,1,0,1,1,0,0,5,0,0.3,0.3,0.2,0.5,11,18,26,0.14,0.00,0.14,0.14,0.14,0.03,0.03,0.06,0.03,0.06
Vincent Pajot,fr FRA,MF,Metz,30,1990,30,27,2311,25.juil,1,0,1,1,0,0,6,1,0.9,0.9,0.4,01.févr,12,96,25,0.04,0.00,0.04,0.04,0.04,0.03,0.01,0.05,0.03,0.05
Nicolas Pallois,fr FRA,DF,Nantes,33,1987,30,29,2447,27.févr,1,0,1,1,0,0,8,1,0.4,0.4,0.1,0.5,16,72,7,0.04,0.00,0.04,0.04,0.04,0.02,0.00,0.02,0.02,0.02
Erik Palmer-Brown,us USA,DF,Troyes,24,1997,21,19,1734,19.mars,0,0,0,0,0,0,2,0,0.9,0.9,0.1,1.0,4,36,1,0.00,0.00,0.00,0.00,0.00,0.05,0.01,0.05,0.05,0.05
Emerson Palmieri,it ITA,DF,Lyon,26,1994,29,26,2264,25.févr,1,2,3,1,0,0,3,1,0.9,0.9,03.juin,04.mai,74,101,115,0.04,0.08,0.12,0.04,0.12,0.04,0.14,0.18,0.04,0.18
Lucas Paquetá,br BRA,MF  FW,Lyon,23,1997,35,32,2699,30.0,9,6,15,8,1,1,3,0,09.août,9.0,04.mai,13.mai,59,168,219,0.30,0.20,0.50,0.27,0.47,0.33,0.15,0.48,0.30,0.45
Rubén Pardo,es ESP,MF,Bordeaux,28,1992,1,0,6,0.1,0,0,0,0,0,0,0,0,0.0,0.0,0.0,0.0,0,1,0,0.00,0.00,0.00,0.00,0.00,0.00,0.00,0.00,0.00,0.00
Leandro Paredes,ar ARG,MF,Paris S-G,27,1994,15,10,838,09.mars,1,2,3,1,0,0,3,0,0.4,0.4,0.4,0.8,6,55,3,0.11,0.21,0.32,0.11,0.32,0.04,0.04,0.08,0.04,0.08
Strahinja Pavlović,rs SRB,DF,Monaco,20,2001,7,5,451,5.0,0,0,0,0,0,0,4,1,0.5,0.5,0.2,0.7,10,33,1,0.00,0.00,0.00,0.00,0.00,0.11,0.04,0.15,0.11,0.15
Dimitri Payet,fr FRA,FW  MF,Marseille,34,1987,31,28,2592,28.août,12,10,22,5,7,7,3,0,10.juin,05.janv,10.0,15.janv,76,187,212,0.42,0.35,0.76,0.17,0.52,0.37,0.35,0.71,0.18,0.52
Timothee Pembele,fr FRA,DF,Bordeaux,18,2002,26,17,1414,15.juil,1,1,2,1,0,0,3,0,0.9,0.9,03.janv,4.0,71,40,97,0.06,0.06,0.13,0.06,0.13,0.06,0.20,0.26,0.06,0.26
Player,Nation,Pos,Squad,Age,Born,MP,Starts,Min,90s,Gls,Ast,G+A,G-PK,PK,PKatt,CrdY,CrdR,xG,npxG,xAG,npxG+xAG,PrgC,PrgP,PrgR,Gls,Ast,G+A,G-PK,G+A-PK,xG,xAG,xG+xAG,npxG,npxG+xAG
Brayann Pereira,fr FRA,DF  MF,Lens,18,2003,2,0,15,0.2,0,0,0,0,0,0,0,0,0.0,0.0,0.1,0.1,2,0,3,0.00,0.00,0.00,0.00,0.00,0.00,0.51,0.51,0.00,0.51
Danilo Pereira,pt POR,MF,Paris S-G,29,1991,27,22,2038,22.juin,5,0,5,5,0,0,2,0,03.févr,03.févr,0.4,03.juin,18,111,15,0.22,0.00,0.22,0.22,0.22,0.14,0.02,0.16,0.14,0.16
Mathias Pereira Lage,pt POR,DF,Angers,24,1996,24,11,104,11.juin,4,2,6,4,0,0,0,0,02.juin,02.juin,01.avr,04.janv,22,36,73,0.35,0.17,0.52,0.35,0.52,0.23,0.13,0.35,0.23,0.35
Luan Peres Petroni,br BRA,DF,Marseille,27,1994,34,29,2679,29.août,0,2,2,0,0,0,6,0,0.1,0.1,01.juil,01.août,52,124,50,0.00,0.07,0.07,0.00,0.07,0.00,0.06,0.06,0.00,0.06
Lucas Perrin,fr FRA,DF,Strasbourg,22,1998,31,29,2502,27.août,1,1,2,1,0,0,5,0,0.4,0.4,0.6,1.0,33,148,12,0.04,0.04,0.07,0.04,0.07,0.01,0.02,0.03,0.01,0.03
Danijel Petković,me MNE,GK,Angers,28,1993,15,15,135,15.0,0,0,0,0,0,0,1,0,0.0,0.0,0.0,0.0,0,0,0,0.00,0.00,0.00,0.00,0.00,0.00,0.00,0.00,0.00,0.00
Léo Pétrot,fr FRA,DF,Lorient,24,1997,22,21,1815,20.févr,1,0,1,1,0,0,0,0,0.5,0.5,0.1,0.6,6,44,4,0.05,0.00,0.05,0.05,0.05,0.03,0.00,0.03,0.03,0.03
Romain Philippoteaux,fr FRA,MF,Brest,33,1988,1,0,24,0.3,0,0,0,0,0,0,0,0,0.0,0.0,0.0,0.0,1,2,0,0.00,0.00,0.00,0.00,0.00,0.00,0.00,0.00,0.00,0.00
Jérôme Phojo,fr FRA,DF,Clermont Foot,28,1993,1,0,6,0.1,0,0,0,0,0,0,0,0,0.0,0.0,0.0,0.0,0,0,1,0.00,0.00,0.00,0.00,0.00,0.00,0.00,0.00,0.00,0.00
Jérémy Pied,fr FRA,DF  FW,Lille,32,1989,2,0,13,0.1,0,0,0,0,0,0,0,0,0.0,0.0,0.0,0.0,3,2,4,0.00,0.00,0.00,0.00,0.00,0.00,0.18,0.18,0.00,0.18
Ronaël Pierre-Gabriel,fr FRA,DF,Brest,23,1998,30,29,2548,28.mars,0,1,1,0,0,0,6,0,0.6,0.6,01.juil,02.févr,65,138,71,0.00,0.04,0.04,0.00,0.04,0.02,0.06,0.08,0.02,0.08
Julian Pollersbeck,de GER,GK,Lyon,26,1994,6,4,436,04.août,0,0,0,0,0,0,0,0,0.0,0.0,0.0,0.0,0,0,0,0.00,0.00,0.00,0.00,0.00,0.00,0.00,0.00,0.00,0.00
Gaëtan Poussin,fr FRA,GK,Bordeaux,22,1999,13,13,117,13.0,0,0,0,0,0,0,3,0,0.0,0.0,0.0,0.0,0,0,0,0.00,0.00,0.00,0.00,0.00,0.00,0.00,0.00,0.00,0.00
Sanjin Prcić,ba BIH,MF,Strasbourg,27,1993,32,27,2186,24.mars,1,0,1,1,0,0,4,0,01.mai,01.mai,01.juil,03.févr,19,163,18,0.04,0.00,0.04,0.04,0.04,0.06,0.07,0.13,0.06,0.13
Nicolas de Préville,fr FRA,FW  MF,Metz,30,1991,27,24,1969,21.sept,5,2,7,5,0,0,5,0,02.août,02.août,02.févr,5.0,55,47,109,0.23,0.09,0.32,0.23,0.32,0.13,0.10,0.23,0.13,0.23
Nemanja Radonjić,rs SRB,FW,Marseille,25,1996,1,0,18,0.2,0,0,0,0,0,0,0,0,0.0,0.0,0.1,0.1,1,1,7,0.00,0.00,0.00,0.00,0.00,0.00,0.66,0.66,0.00,0.66
Rafinha,br BRA,FW  MF,Paris S-G,28,1993,5,3,220,02.avr,0,0,0,0,0,0,0,0,0.2,0.2,0.1,0.3,6,16,16,0.00,0.00,0.00,0.00,0.00,0.09,0.03,0.12,0.09,0.12
Predrag Rajković,rs SRB,GK,Reims,25,1995,38,38,342,38.0,0,0,0,0,0,0,3,0,0.0,0.0,0.0,0.0,0,1,1,0.00,0.00,0.00,0.00,0.00,0.00,0.00,0.00,0.00,0.00
Adil Rami,fr FRA,DF,Troyes,35,1985,17,14,1171,13.0,3,0,3,3,0,0,1,0,0.8,0.8,0.1,0.8,5,24,0,0.23,0.00,0.23,0.23,0.23,0.06,0.00,0.06,0.06,0.06
Sergio Ramos,es ESP,DF,Paris S-G,35,1986,12,8,801,08.sept,2,0,2,2,0,0,3,1,01.août,01.août,0.0,01.août,8,61,5,0.22,0.00,0.22,0.22,0.22,0.20,0.00,0.20,0.20,0.20
Elba Rashani,xk KVX,FW  MF,Clermont Foot,28,1993,29,22,1759,19.mai,8,3,11,8,0,0,3,0,05.févr,05.févr,02.févr,07.avr,43,46,110,0.41,0.15,0.56,0.41,0.56,0.26,0.11,0.38,0.26,0.38
Jeff Reine-Adélaïde,fr FRA,MF  DF,Lyon,23,1998,10,1,198,02.févr,0,1,1,0,0,0,0,0,0.2,0.2,0.9,01.janv,7,16,15,0.00,0.45,0.45,0.00,0.45,0.08,0.42,0.50,0.08,0.50
Tiago Ribeiro,pt POR,FW,Monaco,19,2002,1,0,2,0.0,0,0,0,0,0,0,0,0,0.0,0.0,0.0,0.0,1,0,0,0.00,0.00,0.00,0.00,0.00,0.00,0.00,0.00,0.00,0.00
Sergio Rico,es ESP,GK,Paris S-G,27,1993,1,0,23,0.3,0,0,0,0,0,0,0,0,0.0,0.0,0.0,0.0,0,0,0,0.00,0.00,0.00,0.00,0.00,0.00,0.00,0.00,0.00,0.00
Renaud Ripart,fr FRA,MF  FW,Troyes,28,1993,28,22,1893,21.0,2,2,4,2,0,0,2,0,03.janv,03.janv,02.mars,05.mars,39,61,147,0.10,0.10,0.19,0.10,0.19,0.15,0.11,0.25,0.15,0.25
Player,Nation,Pos,Squad,Age,Born,MP,Starts,Min,90s,Gls,Ast,G+A,G-PK,PK,PKatt,CrdY,CrdR,xG,npxG,xAG,npxG+xAG,PrgC,PrgP,PrgR,Gls,Ast,G+A,G-PK,G+A-PK,xG,xAG,xG+xAG,npxG,npxG+xAG
Mihailo Ristić,rs SRB,DF,Montpellier,25,1995,29,19,1803,20.0,1,3,4,1,0,0,3,1,0.5,0.5,01.mars,01.août,53,76,86,0.05,0.15,0.20,0.05,0.20,0.02,0.07,0.09,0.02,0.09
Maxence Rivera,fr FRA,FW,Saint-Étienne,19,2002,1,0,5,0.1,0,0,0,0,0,0,0,0,0.0,0.0,0.0,0.0,0,0,0,0.00,0.00,0.00,0.00,0.00,0.00,0.00,0.00,0.00,0.00
Patrick Roberts,eng ENG,MF,Troyes,24,1997,1,0,14,0.2,0,0,0,0,0,0,0,0,0.4,0.4,0.0,0.4,1,1,0,0.00,0.00,0.00,0.00,0.00,févr.58,0.00,févr.58,févr.58,févr.58
Stian Rode Gregersen,no NOR,DF,Bordeaux,26,1995,24,22,1953,21.juil,1,1,2,1,0,0,7,0,01.févr,01.févr,0.4,01.juin,20,53,7,0.05,0.05,0.09,0.05,0.09,0.05,0.02,0.07,0.05,0.07
Gerson Rodrigues,lu LUX,FW  MF,Troyes,26,1995,12,9,848,09.avr,1,1,2,1,0,0,6,0,3.0,3.0,0.4,03.avr,25,28,60,0.11,0.11,0.21,0.11,0.21,0.32,0.04,0.36,0.32,0.36
Valentin Rongier,fr FRA,MF  DF,Marseille,26,1994,32,25,2194,24.avr,0,1,1,0,0,0,3,0,02.avr,02.avr,01.avr,03.août,52,195,79,0.00,0.04,0.04,0.00,0.04,0.10,0.06,0.16,0.10,0.16
Pablo Rosario,do DOM,MF,Nice,24,1997,36,31,2729,30.mars,0,2,2,0,0,0,7,0,01.févr,01.févr,1.0,02.févr,23,186,24,0.00,0.07,0.07,0.00,0.07,0.04,0.03,0.07,0.04,0.07
Roli Pereira de Sa,fr FRA,MF,Nantes,24,1996,17,5,573,06.avr,0,0,0,0,0,0,1,0,0.6,0.6,0.6,01.févr,14,16,20,0.00,0.00,0.00,0.00,0.00,0.09,0.10,0.19,0.09,0.19
Mathys Saban,fr FRA,FW  MF,Saint-Étienne,19,2002,3,0,73,0.8,0,0,0,0,0,0,1,0,0.0,0.0,0.0,0.0,0,2,10,0.00,0.00,0.00,0.00,0.00,0.00,0.00,0.00,0.00,0.00
Falaye Sacko,ml MLI,DF,Saint-Étienne,26,1995,9,8,667,07.avr,0,0,0,0,0,0,0,0,0.1,0.1,0.2,0.2,6,38,6,0.00,0.00,0.00,0.00,0.00,0.01,0.02,0.03,0.01,0.03
Moïse Sahi Dion,ci CIV,FW  MF,Strasbourg,19,2001,8,0,128,01.avr,0,0,0,0,0,0,0,0,0.6,0.6,0.1,0.7,5,8,10,0.00,0.00,0.00,0.00,0.00,0.43,0.04,0.48,0.43,0.48
Rafiki Said,km COM,MF  FW,Brest,21,2000,14,0,122,01.avr,0,0,0,0,0,0,1,0,0.3,0.3,0.1,0.4,6,4,20,0.00,0.00,0.00,0.00,0.00,0.22,0.10,0.32,0.22,0.32
Wesley Saïd,fr FRA,FW  MF,Lens,26,1995,21,7,654,07.mars,5,0,5,5,0,0,2,0,04.mars,04.mars,0.9,05.févr,21,32,49,0.69,0.00,0.69,0.69,0.69,0.60,0.12,0.72,0.60,0.72
Mamadou Sakho,fr FRA,DF,Montpellier,31,1990,29,29,2575,28.juin,0,0,0,0,0,0,3,0,0.0,0.0,0.1,0.2,7,84,0,0.00,0.00,0.00,0.00,0.00,0.00,0.00,0.01,0.00,0.01
Bakary Sako,ml MLI,FW  MF,Saint-Étienne,33,1988,7,1,156,01.juil,0,0,0,0,0,0,0,0,0.3,0.3,0.0,0.3,3,4,11,0.00,0.00,0.00,0.00,0.00,0.18,0.02,0.20,0.18,0.20
William Saliba,fr FRA,DF,Marseille,20,2001,36,36,324,36.0,0,0,0,0,0,0,5,0,01.juil,01.juil,0.4,02.janv,50,220,14,0.00,0.00,0.00,0.00,0.00,0.05,0.01,0.06,0.05,0.06
Romain Salin,fr FRA,GK,Rennes,37,1984,1,1,90,1.0,0,0,0,0,0,0,0,0,0.0,0.0,0.0,0.0,0,0,0,0.00,0.00,0.00,0.00,0.00,0.00,0.00,0.00,0.00,0.00
Yoann Salmier,gf GUF,DF,Troyes,28,1992,31,30,2668,29.juin,0,1,1,0,0,0,5,0,0.9,0.9,0.7,01.juin,37,94,8,0.00,0.03,0.03,0.00,0.03,0.03,0.02,0.05,0.03,0.05
Mama Samba Baldé,gw GNB,MF  FW,Troyes,25,1995,30,20,1717,19.janv,3,2,5,3,0,1,1,1,06.mai,05.août,01.janv,06.sept,44,48,141,0.16,0.10,0.26,0.16,0.26,0.34,0.06,0.40,0.30,0.36
Junior Sambia,fr FRA,DF  FW,Montpellier,24,1996,30,16,1533,17.0,1,0,1,1,0,0,5,1,01.juin,01.juin,0.7,02.févr,54,52,108,0.06,0.00,0.06,0.06,0.06,0.09,0.04,0.13,0.09,0.13
Renato Sanches,pt POR,MF  FW,Lille,23,1997,25,20,1651,18.mars,2,5,7,2,0,0,8,1,0.9,0.9,03.mars,04.févr,59,171,71,0.11,0.27,0.38,0.11,0.38,0.05,0.18,0.23,0.05,0.23
Philippe Sandler,nl NED,DF,Troyes,24,1997,2,1,70,0.8,0,0,0,0,0,0,0,0,0.0,0.0,0.0,0.0,0,0,1,0.00,0.00,0.00,0.00,0.00,0.00,0.00,0.00,0.00,0.00
Baptiste Santamaria,fr FRA,MF  DF,Rennes,26,1995,34,28,2518,28.0,2,1,3,2,0,0,7,0,01.sept,01.sept,0.9,02.juil,19,133,37,0.07,0.04,0.11,0.07,0.11,0.07,0.03,0.10,0.07,0.10
Pablo Sarabia,es ESP,FW,Paris S-G,29,1992,2,0,22,0.2,1,0,1,1,0,0,1,0,1.0,1.0,0.0,1.0,0,0,5,04.sept,0.00,04.sept,04.sept,04.sept,avr.16,0.00,avr.16,avr.16,avr.16
Martin Satriano,uy URU,FW,Brest,20,2001,15,11,932,10.avr,4,0,4,4,0,0,5,0,03.avr,03.avr,0.1,03.mai,6,7,52,0.39,0.00,0.39,0.39,0.39,0.33,0.01,0.34,0.33,0.34
Player,Nation,Pos,Squad,Age,Born,MP,Starts,Min,90s,Gls,Ast,G+A,G-PK,PK,PKatt,CrdY,CrdR,xG,npxG,xAG,npxG+xAG,PrgC,PrgP,PrgR,Gls,Ast,G+A,G-PK,G+A-PK,xG,xAG,xG+xAG,npxG,npxG+xAG
Téji Savanier,fr FRA,MF,Montpellier,29,1991,29,28,2414,26.août,8,7,15,5,3,4,9,2,07.janv,03.sept,05.sept,09.août,59,183,122,0.30,0.26,0.56,0.19,0.45,0.26,0.22,0.48,0.15,0.37
Morgan Schneiderlin,fr FRA,MF,Nice,31,1989,20,5,649,07.févr,0,1,1,0,0,0,1,1,0.3,0.3,0.2,0.5,5,36,5,0.00,0.14,0.14,0.00,0.14,0.04,0.02,0.07,0.04,0.07
Alidu Seidu,gh GHA,DF,Clermont Foot,21,2000,21,16,141,15.juil,0,0,0,0,0,0,7,2,0.5,0.5,0.2,0.7,10,30,12,0.00,0.00,0.00,0.00,0.00,0.03,0.01,0.04,0.03,0.04
Matz Sels,be BEL,GK,Strasbourg,29,1992,37,37,333,37.0,0,0,0,0,0,0,1,0,0.0,0.0,0.1,0.1,0,1,0,0.00,0.00,0.00,0.00,0.00,0.00,0.00,0.00,0.00,0.00
Xherdan Shaqiri,ch SUI,FW  MF,Lyon,29,1991,11,9,679,07.mai,2,3,5,2,0,0,0,0,0.6,0.6,01.juil,02.mars,10,38,73,0.27,0.40,0.66,0.27,0.66,0.08,0.22,0.31,0.08,0.31
Mahame Siby,ml MLI,DF,Strasbourg,25,1996,2,0,17,0.2,0,0,0,0,0,0,0,0,0.0,0.0,0.0,0.0,0,0,0,0.00,0.00,0.00,0.00,0.00,0.00,0.00,0.00,0.00,0.00
Aboubakar Sidibé,fr FRA,DF,Clermont Foot,25,1996,1,0,6,0.1,0,0,0,0,0,0,0,0,0.0,0.0,0.0,0.0,1,0,2,0.00,0.00,0.00,0.00,0.00,0.00,0.00,0.00,0.00,0.00
Djibril Sidibé,fr FRA,DF,Monaco,29,1992,17,12,949,10.mai,0,0,0,0,0,0,6,0,0.2,0.2,0.6,0.8,26,68,41,0.00,0.00,0.00,0.00,0.00,0.02,0.06,0.07,0.02,0.07
Kaj Sierhuis,nl NED,FW,Reims,23,1998,2,1,80,0.9,0,0,0,0,0,0,0,0,0.1,0.1,0.1,0.2,3,1,3,0.00,0.00,0.00,0.00,0.00,0.08,0.12,0.20,0.08,0.20
Caio Henrique Oliveira Silva,br BRA,DF,Monaco,24,1997,34,31,2662,29.juin,2,8,10,2,0,0,5,0,1.0,1.0,06.mai,07.mai,81,156,208,0.07,0.27,0.34,0.07,0.34,0.03,0.22,0.25,0.03,0.25
Gabriel Silva,br BRA,DF  MF,Saint-Étienne,30,1991,13,9,713,07.sept,0,0,0,0,0,0,1,0,0.0,0.0,0.0,0.1,6,22,17,0.00,0.00,0.00,0.00,0.00,0.01,0.01,0.01,0.01,0.01
Moses Simon,ng NGA,FW  MF,Nantes,26,1995,30,29,2332,25.sept,6,8,14,6,0,0,3,0,04.juin,04.juin,08.juil,13.mars,146,49,242,0.23,0.31,0.54,0.23,0.54,0.18,0.33,0.51,0.18,0.51
Xavi Simons,nl NED,MF  FW,Paris S-G,18,2003,6,1,132,01.mai,0,0,0,0,0,0,1,0,0.2,0.2,0.1,0.3,3,3,5,0.00,0.00,0.00,0.00,0.00,0.14,0.08,0.22,0.14,0.22
Issouf Sissokho,ml MLI,MF,Bordeaux,19,2002,7,6,436,04.août,0,0,0,0,0,0,3,1,0.2,0.2,0.3,0.5,3,15,21,0.00,0.00,0.00,0.00,0.00,0.04,0.07,0.11,0.04,0.11
Ibrahima Sissoko,ml MLI,MF  DF,Strasbourg,23,1997,35,26,2303,25.juin,2,5,7,2,0,0,6,0,02.juin,02.juin,04.mars,06.août,50,100,103,0.08,0.20,0.27,0.08,0.27,0.10,0.17,0.27,0.10,0.27
Nelson Sissoko,fr FRA,DF,Saint-Étienne,24,1997,1,1,45,0.5,0,0,0,0,0,0,1,0,0.0,0.0,0.0,0.0,0,1,0,0.00,0.00,0.00,0.00,0.00,0.00,0.00,0.00,0.00,0.00
Sambou Sissoko,fr FRA,MF  DF,Reims,22,1999,8,0,176,2.0,0,0,0,0,0,0,0,0,0.1,0.1,0.3,0.4,3,7,4,0.00,0.00,0.00,0.00,0.00,0.08,0.14,0.22,0.08,0.22
Islam Slimani,dz ALG,FW,Lyon,33,1988,12,6,573,06.avr,1,1,2,1,0,0,3,0,01.sept,01.sept,0.7,02.mai,8,15,34,0.16,0.16,0.31,0.16,0.31,0.29,0.11,0.40,0.29,0.40
Florian Sotoca,fr FRA,FW  MF,Lens,30,1990,35,28,248,27.juin,6,4,10,4,2,2,7,0,08.mai,06.sept,03.févr,10.févr,51,124,194,0.22,0.15,0.36,0.15,0.29,0.31,0.12,0.43,0.25,0.37
Sambou Soumano,sn SEN,FW  MF,Lorient,20,2001,21,4,447,5.0,3,0,3,3,0,0,1,0,3.0,3.0,0.1,03.févr,11,4,26,0.60,0.00,0.60,0.60,0.60,0.61,0.03,0.64,0.61,0.64
Arnaud Souquet,fr FRA,DF,Montpellier,29,1992,34,27,2334,25.sept,1,3,4,1,0,0,4,0,0.5,0.5,01.avr,01.sept,68,78,118,0.04,0.12,0.15,0.04,0.15,0.02,0.05,0.07,0.02,0.07
Saidou Sow,gn GUI,DF,Saint-Étienne,19,2002,13,11,989,11.0,2,1,3,2,0,0,2,0,0.3,0.3,0.9,01.févr,13,47,3,0.18,0.09,0.27,0.18,0.27,0.02,0.08,0.10,0.02,0.10
Calvin Stengs,nl NED,MF,Nice,22,1998,24,11,1073,11.sept,1,1,2,1,0,0,1,0,02.juil,02.juil,02.mai,05.févr,33,51,74,0.08,0.08,0.17,0.08,0.17,0.23,0.21,0.44,0.23,0.44
Kamaldeen Sulemana,gh GHA,MF  FW,Rennes,19,2002,20,11,1015,11.mars,4,2,6,4,0,0,3,0,02.mars,02.mars,01.sept,04.févr,56,42,96,0.35,0.18,0.53,0.35,0.53,0.20,0.17,0.37,0.20,0.37
Abdoulaye Sylla,gn GUI,DF,Nantes,21,2000,2,2,157,01.juil,0,0,0,0,0,0,1,0,0.0,0.0,0.0,0.0,0,1,0,0.00,0.00,0.00,0.00,0.00,0.00,0.00,0.00,0.00,0.00
Player,Nation,Pos,Squad,Age,Born,MP,Starts,Min,90s,Gls,Ast,G+A,G-PK,PK,PKatt,CrdY,CrdR,xG,npxG,xAG,npxG+xAG,PrgC,PrgP,PrgR,Gls,Ast,G+A,G-PK,G+A-PK,xG,xAG,xG+xAG,npxG,npxG+xAG
Waniss Taibi,fr FRA,MF  FW,Angers,19,2002,7,1,132,01.mai,0,0,0,0,0,0,2,0,0.1,0.1,0.0,0.1,1,1,5,0.00,0.00,0.00,0.00,0.00,0.06,0.00,0.06,0.06,0.06
Flavien Tait,fr FRA,MF,Rennes,28,1993,28,24,2125,23.juin,5,3,8,5,0,0,3,0,02.juin,02.juin,02.sept,05.mai,67,189,79,0.21,0.13,0.34,0.21,0.34,0.11,0.12,0.23,0.11,0.23
Florian Tardieu,fr FRA,MF,Troyes,29,1992,30,29,2632,29.2,4,2,6,0,4,4,6,0,03.août,0.7,04.févr,04.sept,20,212,30,0.14,0.07,0.21,0.00,0.07,0.13,0.14,0.28,0.02,0.17
Oussama Targhalline,ma MAR,FW,Marseille,19,2002,2,0,5,0.1,0,0,0,0,0,0,1,0,0.0,0.0,0.0,0.0,1,0,1,0.00,0.00,0.00,0.00,0.00,0.00,0.00,0.00,0.00,0.00
Loum Tchaouna,fr FRA,FW  MF,Rennes,17,2003,10,0,87,1.0,0,0,0,0,0,0,0,0,0.3,0.3,0.1,0.4,3,1,9,0.00,0.00,0.00,0.00,0.00,0.26,0.14,0.41,0.26,0.41
Enzo Tchato,cm CMR,FW,Montpellier,18,2002,1,0,8,0.1,0,0,0,0,0,0,0,0,0.0,0.0,0.0,0.0,1,1,0,0.00,0.00,0.00,0.00,0.00,0.00,0.00,0.00,0.00,0.00
Warren Tchimbembé,cg CGO,MF,Metz,23,1998,9,1,205,02.mars,0,0,0,0,0,0,0,0,0.0,0.0,0.2,0.2,2,7,6,0.00,0.00,0.00,0.00,0.00,0.00,0.11,0.11,0.00,0.11
Aurélien Tchouaméni,fr FRA,MF,Monaco,21,2000,35,33,2929,32.5,3,2,5,3,0,0,11,1,2.0,2.0,02.août,04.août,47,250,39,0.09,0.06,0.15,0.09,0.15,0.06,0.08,0.15,0.06,0.15
Mathys Tel,fr FRA,FW  MF,Rennes,16,2005,7,0,56,0.6,0,0,0,0,0,0,0,0,0.2,0.2,0.1,0.3,0,2,5,0.00,0.00,0.00,0.00,0.00,0.37,0.11,0.48,0.37,0.48
Jordan Tell,gp GLP,FW,Clermont Foot,24,1997,15,1,290,03.févr,1,1,2,1,0,0,1,0,0.7,0.7,01.mars,02.janv,4,4,22,0.31,0.31,0.62,0.31,0.62,0.23,0.42,0.65,0.23,0.65
Martin Terrier,fr FRA,FW  MF,Rennes,24,1997,37,37,2779,30.sept,21,3,24,19,2,2,1,0,13.sept,12.mars,04.avr,16.juil,85,123,228,0.68,0.10,0.78,0.62,0.71,0.45,0.14,0.59,0.40,0.54
Tetê,br BRA,FW  MF,Lyon,21,2000,9,7,583,06.mai,2,5,7,2,0,0,1,0,02.mars,02.mars,02.mars,04.mai,28,37,48,0.31,0.77,01.août,0.31,01.août,0.35,0.35,0.70,0.35,0.70
Sada Thioub,sn SEN,FW,Angers,26,1995,1,0,3,0.0,0,0,0,0,0,0,0,0,0.0,0.0,0.0,0.0,0,0,0,0.00,0.00,0.00,0.00,0.00,0.00,0.00,0.00,0.00,0.00
Sada Thioub,sn SEN,DF  MF,Saint-Étienne,26,1995,17,11,950,10.juin,0,1,1,0,0,0,2,0,0.2,0.2,01.mai,01.août,30,58,67,0.00,0.09,0.09,0.00,0.09,0.02,0.15,0.17,0.02,0.17
Romain Thomas,fr FRA,DF,Angers,33,1988,30,29,2563,28.mai,2,0,2,2,0,0,9,0,2.0,2.0,0.0,02.janv,4,93,2,0.07,0.00,0.07,0.07,0.07,0.07,0.00,0.07,0.07,0.07
Adrien Thomasson,fr FRA,MF,Strasbourg,27,1993,31,27,2389,26.mai,8,4,12,8,0,0,2,1,06.févr,06.févr,03.mars,09.mai,43,151,167,0.30,0.15,0.45,0.30,0.45,0.23,0.13,0.36,0.23,0.36
Matheus Thuler,br BRA,DF,Montpellier,22,1999,16,10,855,09.mai,0,0,0,0,0,0,3,1,0.1,0.1,0.0,0.1,3,12,1,0.00,0.00,0.00,0.00,0.00,0.01,0.00,0.01,0.01,0.01
Khéphren Thuram,fr FRA,MF,Nice,20,2001,36,20,1901,21.janv,4,2,6,4,0,0,4,0,02.juil,02.juil,02.mars,5.0,65,123,33,0.19,0.09,0.28,0.19,0.28,0.13,0.11,0.24,0.13,0.24
Cheikh Tidiane Sabaly,sn SEN,FW  MF,Metz,22,1999,6,2,150,01.juil,0,0,0,0,0,0,0,0,0.1,0.1,0.0,0.1,2,2,4,0.00,0.00,0.00,0.00,0.00,0.06,0.02,0.08,0.06,0.08
Jean-Clair Todibo,fr FRA,DF,Nice,21,1999,36,35,3115,34.6,1,0,1,1,0,0,6,0,02.juin,02.juin,1.0,03.juin,33,174,8,0.03,0.00,0.03,0.03,0.03,0.08,0.03,0.10,0.08,0.10
Karl Toko Ekambi,cm CMR,FW,Lyon,28,1992,30,26,2296,25.mai,12,5,17,10,2,2,3,0,12.juin,11.0,5.0,16.0,89,55,268,0.47,0.20,0.67,0.39,0.59,0.49,0.20,0.69,0.43,0.63
Yoann Touzghar,tn TUN,FW,Troyes,34,1986,28,16,1457,16.févr,4,0,4,4,0,0,0,0,04.sept,04.sept,01.janv,06.janv,16,15,67,0.25,0.00,0.25,0.25,0.25,0.31,0.07,0.38,0.31,0.38
Amadou Traore,fr FRA,FW,Bordeaux,19,2002,1,0,19,0.2,0,0,0,0,0,0,0,0,0.0,0.0,0.0,0.0,0,0,2,0.00,0.00,0.00,0.00,0.00,0.00,0.00,0.00,0.00,0.00
Boubacar Traoré,ml MLI,MF,Metz,19,2001,27,17,1726,19.févr,1,1,2,1,0,0,9,1,0.8,0.8,01.avr,02.févr,26,85,10,0.05,0.05,0.10,0.05,0.10,0.04,0.07,0.12,0.04,0.12
Charles Traore,ml MLI,DF,Nantes,29,1992,16,7,718,8.0,0,0,0,0,0,0,3,0,0.0,0.0,0.0,0.0,5,41,19,0.00,0.00,0.00,0.00,0.00,0.00,0.00,0.00,0.00,0.00
Player,Nation,Pos,Squad,Age,Born,MP,Starts,Min,90s,Gls,Ast,G+A,G-PK,PK,PKatt,CrdY,CrdR,xG,npxG,xAG,npxG+xAG,PrgC,PrgP,PrgR,Gls,Ast,G+A,G-PK,G+A-PK,xG,xAG,xG+xAG,npxG,npxG+xAG
Hamari Traoré,ml MLI,DF,Rennes,29,1992,33,33,289,32.1,3,10,13,3,0,0,4,0,01.mai,01.mai,04.août,06.mars,65,177,180,0.09,0.31,0.40,0.09,0.40,0.05,0.15,0.20,0.05,0.20
Ismaël Traoré,ci CIV,DF,Angers,34,1986,37,36,3215,35.7,4,1,5,4,0,0,1,0,4.0,4.0,01.mars,05.mars,7,58,6,0.11,0.03,0.14,0.11,0.14,0.11,0.04,0.15,0.11,0.15
Miguel Trauco,pe PER,DF  MF,Saint-Étienne,28,1992,17,12,1112,12.avr,1,0,1,1,0,0,3,0,0.5,0.5,0.3,0.8,12,48,49,0.08,0.00,0.08,0.08,0.08,0.04,0.02,0.06,0.04,0.06
Adrien Truffert,fr FRA,DF,Rennes,19,2001,30,18,1639,18.févr,3,2,5,3,0,0,4,0,01.août,01.août,2.0,03.août,66,84,118,0.16,0.11,0.27,0.16,0.27,0.10,0.11,0.21,0.10,0.21
Matthieu Udol,fr FRA,DF,Metz,25,1996,12,11,1007,11.févr,1,0,1,1,0,0,0,0,0.5,0.5,0.4,0.9,17,30,10,0.09,0.00,0.09,0.09,0.09,0.05,0.03,0.08,0.05,0.08
Ike Ugbo,ca CAN,FW,Troyes,22,1998,14,11,814,9.0,5,0,5,4,1,1,0,0,03.juil,3.0,0.3,03.mars,1,7,31,0.55,0.00,0.55,0.44,0.44,0.41,0.04,0.45,0.33,0.36
Lesley Ugochukwu,fr FRA,MF,Rennes,17,2004,18,3,405,04.mai,1,0,1,1,0,0,2,0,0.3,0.3,0.6,0.9,3,12,7,0.22,0.00,0.22,0.22,0.22,0.07,0.14,0.21,0.07,0.21
Hwang Ui-jo,kr KOR,FW,Bordeaux,28,1992,32,29,2508,27.sept,11,2,13,11,0,0,3,0,08.sept,08.sept,01.avr,10.avr,30,20,131,0.39,0.07,0.47,0.39,0.47,0.32,0.05,0.37,0.32,0.37
Cengiz Ünder,tr TUR,FW  MF,Marseille,24,1997,32,25,22,24.avr,10,2,12,9,1,1,2,1,06.avr,05.juin,04.mars,09.sept,64,73,307,0.41,0.08,0.49,0.37,0.45,0.26,0.18,0.44,0.23,0.41
Jere Uronen,fi FIN,DF,Brest,27,1994,15,10,878,09.août,0,0,0,0,0,0,0,0,0.1,0.1,0.1,0.2,11,30,32,0.00,0.00,0.00,0.00,0.00,0.01,0.01,0.02,0.01,0.02
Vanderson,br BRA,FW  DF,Monaco,20,2001,17,12,112,12.avr,2,1,3,2,0,0,3,0,01.févr,01.févr,01.avr,02.juin,22,57,110,0.16,0.08,0.24,0.16,0.24,0.10,0.12,0.21,0.10,0.21
Jonathan Varane,mq MTQ,MF,Lens,19,2001,1,0,1,0.0,0,0,0,0,0,0,0,0,0.0,0.0,0.0,0.0,0,0,0,0.00,0.00,0.00,0.00,0.00,0.00,0.00,0.00,0.00,0.00
Marco Verratti,it ITA,MF,Paris S-G,28,1992,24,23,1937,21.mai,2,2,4,2,0,0,12,0,0.6,0.6,02.mars,02.sept,56,193,63,0.09,0.09,0.19,0.09,0.19,0.03,0.11,0.14,0.03,0.14
Kevin Volland,de GER,MF  FW,Monaco,29,1992,34,29,2436,27.janv,9,9,18,8,1,1,10,0,07.avr,06.juin,06.sept,13.mai,31,102,203,0.33,0.33,0.67,0.30,0.63,0.27,0.25,0.53,0.24,0.50
Elye Wahi,fr FRA,FW,Montpellier,18,2003,33,21,1786,19.août,10,1,11,10,0,0,2,0,07.août,07.août,0.9,08.août,24,12,100,0.50,0.05,0.55,0.50,0.55,0.40,0.05,0.45,0.40,0.45
Timothy Weah,us USA,MF  FW,Lille,21,2000,29,17,1616,18.0,3,4,7,3,0,0,2,1,03.juil,03.juil,4.0,07.juil,55,43,152,0.17,0.22,0.39,0.17,0.39,0.21,0.22,0.42,0.21,0.42
Georginio Wijnaldum,nl NED,MF,Paris S-G,30,1990,31,18,1653,18.avr,1,3,4,1,0,0,2,0,2.0,2.0,01.août,03.sept,13,59,55,0.05,0.16,0.22,0.05,0.22,0.11,0.10,0.21,0.11,0.21
Christopher Wooh,cm CMR,DF,Lens,19,2001,14,11,105,11.juil,0,1,1,0,0,0,2,0,1.0,1.0,0.4,01.avr,16,36,0,0.00,0.09,0.09,0.00,0.09,0.09,0.03,0.12,0.09,0.12
Xeka,pt POR,MF,Lille,26,1994,23,19,1619,18.0,3,0,3,3,0,0,10,0,01.mai,01.mai,01.avr,3.0,12,73,22,0.17,0.00,0.17,0.17,0.17,0.09,0.08,0.16,0.09,0.16
Sekou Yansané,fr FRA,FW,Paris S-G,18,2003,1,0,16,0.2,0,0,0,0,0,0,0,0,0.0,0.0,0.0,0.0,0,0,0,0.00,0.00,0.00,0.00,0.00,0.00,0.00,0.00,0.00,0.00
Yusuf Yazıcı,tr TUR,MF  FW,Lille,24,1997,15,5,509,05.juil,1,1,2,1,0,0,3,0,0.6,0.6,01.févr,01.août,8,24,44,0.18,0.18,0.35,0.18,0.35,0.11,0.22,0.33,0.11,0.33
Burak Yılmaz,tr TUR,FW,Lille,36,1985,31,25,2211,24.juin,4,3,7,2,2,2,9,1,09.juin,8.0,03.févr,11.févr,49,26,176,0.16,0.12,0.28,0.08,0.20,0.39,0.13,0.52,0.33,0.46
Leny Yoro,fr FRA,MF,Lille,15,2005,1,0,13,0.1,0,0,0,0,0,0,0,0,0.0,0.0,0.0,0.0,0,2,0,0.00,0.00,0.00,0.00,0.00,0.00,0.00,0.00,0.00,0.00
Zaydou Youssouf,km COM,MF,Saint-Étienne,22,1999,30,18,1553,17.mars,1,0,1,1,0,0,3,1,0.8,0.8,01.janv,01.sept,18,84,20,0.06,0.00,0.06,0.06,0.06,0.05,0.07,0.11,0.05,0.11
Akim Zedadka,dz ALG,DF,Clermont Foot,26,1995,38,37,3337,37.1,0,3,3,0,0,0,5,0,01.juin,01.juin,03.juin,05.févr,114,142,184,0.00,0.08,0.08,0.00,0.08,0.04,0.10,0.14,0.04,0.14
Player,Nation,Pos,Squad,Age,Born,MP,Starts,Min,90s,Gls,Ast,G+A,G-PK,PK,PKatt,CrdY,CrdR,xG,npxG,xAG,npxG+xAG,PrgC,PrgP,PrgR,Gls,Ast,G+A,G-PK,G+A-PK,xG,xAG,xG+xAG,npxG,npxG+xAG
Arber Zeneli,xk KVX,FW,Reims,26,1995,9,4,409,04.mai,2,3,5,2,0,0,0,0,01.mars,01.mars,01.sept,03.févr,14,11,30,0.44,0.66,01.oct,0.44,01.oct,0.28,0.41,0.70,0.28,0.70
Mehdi Zerkane,dz ALG,MF  DF,Bordeaux,22,1999,6,0,83,0.9,0,0,0,0,0,0,0,0,0.0,0.0,0.1,0.1,3,4,4,0.00,0.00,0.00,0.00,0.00,0.02,0.06,0.08,0.02,0.08
Edon Zhegrova,xk KVX,MF  FW,Lille,22,1999,13,5,481,05.mars,2,1,3,2,0,0,2,1,0.5,0.5,0.7,01.févr,28,20,61,0.37,0.19,0.56,0.37,0.56,0.10,0.13,0.23,0.10,0.23
Tanguy Zoukrou,fr FRA,DF,Troyes,18,2003,4,0,77,0.9,0,0,0,0,0,0,1,0,0.1,0.1,0.0,0.1,0,0,1,0.00,0.00,0.00,0.00,0.00,0.07,0.00,0.07,0.07,0.07
