Player,Nation,Pos,Squad,Age,Born,MP,Starts,Min,90s,Gls,Ast,G+A,G-PK,PK,PKatt,CrdY,CrdR,xG,npxG,xAG,npxG+xAG,PrgC,PrgP,PrgR,Gls,Ast,G+A,G-PK,G+A-PK,xG,xAG,xG+xAG,npxG,npxG+xAG
Keyliane Abdallah,fr FRA,FW,Marseille,17,2006,1,0,4,0.0,0,0,0,0,0,0,0,0,0.0,0.0,0.0,0.0,0,0,0,0.00,0.00,0.00,0.00,0.00,0.00,0.00,0.00,0.00,0.00
Yunis Abdelhamid,ma MAR,DF,Reims,35,1987,31,31,2 781,30.sept,4,0,4,3,1,1,5,0,03.avr,02.juin,0.3,02.sept,36,137,9,0.13,0.00,0.13,0.10,0.10,0.11,0.01,0.12,0.09,0.09
Salis Abdul Samed,gh GHA,MF,Lens,23,2000,27,17,1 519,16.sept,0,0,0,0,0,0,2,0,0.8,0.8,0.5,01.mars,9,78,20,0.00,0.00,0.00,0.00,0.00,0.05,0.03,0.08,0.05,0.08
Laurent Abergel,fr FRA,MF,Lorient,30,1993,33,32,2 86,31.août,2,1,3,2,0,0,4,0,01.janv,01.janv,02.janv,03.mars,38,194,51,0.06,0.03,0.09,0.06,0.09,0.04,0.07,0.10,0.04,0.10
Matthis Abline,fr FRA,FW,Nantes,20,2003,22,12,1 044,11.juin,5,0,5,5,0,0,1,0,03.août,03.août,2.0,05.août,28,20,87,0.43,0.00,0.43,0.43,0.43,0.33,0.17,0.50,0.33,0.50
Zakaria Aboukhlal,ma MAR,MF FW,Toulouse,23,2000,13,9,754,08.avr,3,0,3,2,1,1,2,0,02.août,2.0,0.2,02.févr,23,20,75,0.36,0.00,0.36,0.24,0.24,0.33,0.02,0.36,0.24,0.26
Akor Adams,ng NGA,FW,Montpellier,23,2000,32,27,2 252,25.0,8,1,9,8,0,0,2,0,12.avr,12.avr,01.sept,14.mars,40,17,127,0.32,0.04,0.36,0.32,0.36,0.50,0.07,0.57,0.50,0.57
Nathaniel Adjei,gh GHA,DF,Lorient,20,2002,15,14,1 243,13.août,0,0,0,0,0,0,2,0,0.4,0.4,0.1,0.5,10,34,4,0.00,0.00,0.00,0.00,0.00,0.03,0.01,0.03,0.03,0.03
Adryelson,br BRA,DF FW,Lyon,25,1998,2,0,6,0.1,0,0,0,0,0,0,0,0,0.0,0.0,0.0,0.0,0,0,0,0.00,0.00,0.00,0.00,0.00,0.00,0.00,0.00,0.00,0.00
Adson,br BRA,MF FW,Nantes,22,2000,8,2,238,02.juin,0,0,0,0,0,0,0,0,0.2,0.2,0.1,0.3,18,15,19,0.00,0.00,0.00,0.00,0.00,0.09,0.04,0.13,0.09,0.13
Emmanuel Agbadou,ci CIV,DF,Reims,26,1997,32,29,2 596,28.août,1,1,2,1,0,0,1,0,02.avr,02.avr,01.mai,03.août,42,179,19,0.03,0.03,0.07,0.03,0.07,0.08,0.05,0.13,0.08,0.13
Ruben Aguilar,fr FRA,DF,Lens,30,1993,25,22,1 922,21.avr,1,3,4,1,0,0,3,0,01.avr,01.avr,02.sept,04.mars,36,110,162,0.05,0.14,0.19,0.05,0.19,0.07,0.14,0.20,0.07,0.20
Tosin Aiyegun,bj BEN,MF FW,Lorient,25,1998,19,10,902,10.0,2,0,2,2,0,0,0,1,01.août,01.août,0.3,02.janv,17,16,52,0.20,0.00,0.20,0.20,0.20,0.18,0.03,0.21,0.18,0.21
Sergio Akieme,es ESP,DF,Reims,25,1997,13,8,818,09.janv,2,0,2,2,0,0,2,0,01.avr,01.avr,0.4,01.août,20,20,34,0.22,0.00,0.22,0.22,0.22,0.16,0.04,0.20,0.16,0.20
Maghnes Akliouche,fr FRA,MF FW,Monaco,21,2002,28,18,1 613,17.sept,7,4,11,7,0,0,5,0,05.avr,05.avr,03.mai,08.sept,46,93,135,0.39,0.22,0.61,0.39,0.61,0.30,0.19,0.49,0.30,0.49
Paul Akouokou,ci CIV,MF,Lyon,25,1997,8,4,307,03.avr,0,0,0,0,0,0,1,0,0.1,0.1,0.0,0.1,0,13,2,0.00,0.00,0.00,0.00,0.00,0.02,0.00,0.02,0.02,0.02
Aboubacar Ali,km COM,MF FW,Strasbourg,17,2006,9,1,130,01.avr,0,1,1,0,0,0,0,0,0.2,0.2,0.1,0.3,3,3,12,0.00,0.69,0.69,0.00,0.69,0.17,0.05,0.22,0.17,0.22
Mohamed Ali Cho,fr FRA,FW,Nice,19,2004,17,11,861,09.juin,1,2,3,1,0,0,2,0,01.janv,01.janv,2.0,03.janv,48,25,77,0.10,0.21,0.31,0.10,0.31,0.12,0.21,0.32,0.12,0.32
Nabil Alioui,fr FRA,MF FW,Le Havre,24,1999,18,12,1 009,11.févr,4,1,5,4,0,0,1,0,02.avr,02.avr,02.févr,04.juin,22,43,72,0.36,0.09,0.45,0.36,0.45,0.21,0.19,0.41,0.21,0.41
Jim Allevinah,ga GAB,MF DF,Clermont Foot,28,1995,29,22,1 861,20.juil,2,1,3,2,0,0,1,0,02.juin,02.juin,01.févr,03.août,87,52,120,0.10,0.05,0.15,0.10,0.15,0.12,0.06,0.18,0.12,0.18
Skelly Alvero,fr FRA,MF,Lyon,21,2002,8,6,426,04.juil,1,0,1,1,0,0,2,0,0.4,0.4,0.0,0.4,3,27,13,0.21,0.00,0.21,0.21,0.21,0.09,0.00,0.09,0.09,0.09
Papa Amadou Diallo,sn SEN,FW,Metz,19,2004,16,9,889,09.sept,2,1,3,2,0,0,1,0,02.juin,02.juin,0.9,03.mai,25,30,65,0.20,0.10,0.30,0.20,0.30,0.26,0.09,0.35,0.26,0.35
Jordan Amavi,fr FRA,DF,Brest,29,1994,2,1,91,1.0,1,0,1,1,0,0,1,0,0.1,0.1,0.0,0.1,0,2,1,0.99,0.00,0.99,0.99,0.99,0.10,0.00,0.10,0.10,0.10
Kelvin Amian,fr FRA,DF,Nantes,25,1998,12,11,798,08.sept,0,1,1,0,0,0,2,0,0.1,0.1,0.6,0.6,12,28,21,0.00,0.11,0.11,0.00,0.11,0.01,0.07,0.07,0.01,0.07
Michael Amir Murillo,pa PAN,DF,Marseille,27,1996,16,10,997,11.janv,3,2,5,3,0,0,3,0,0.8,0.8,01.févr,2.0,6,35,52,0.27,0.18,0.45,0.27,0.45,0.07,0.11,0.18,0.07,0.18
Player,Nation,Pos,Squad,Age,Born,MP,Starts,Min,90s,Gls,Ast,G+A,G-PK,PK,PKatt,CrdY,CrdR,xG,npxG,xAG,npxG+xAG,PrgC,PrgP,PrgR,Gls,Ast,G+A,G-PK,G+A-PK,xG,xAG,xG+xAG,npxG,npxG+xAG
Benjamin André,fr FRA,MF,Lille,32,1990,30,29,2 57,28.juin,4,0,4,4,0,0,8,0,02.juin,02.juin,01.mars,03.sept,19,180,37,0.14,0.00,0.14,0.14,0.14,0.09,0.05,0.14,0.09,0.14
Komnen Andrić,rs SRB,FW,Clermont Foot,28,1995,7,1,169,01.sept,0,0,0,0,0,0,0,0,0.1,0.1,0.2,0.2,0,5,24,0.00,0.00,0.00,0.00,0.00,0.03,0.10,0.12,0.03,0.12
Ângelo,br BRA,FW MF,Strasbourg,18,2004,21,11,1 094,12.févr,0,3,3,0,0,0,1,0,0.4,0.4,03.mars,03.juil,50,59,110,0.00,0.25,0.25,0.00,0.25,0.04,0.27,0.31,0.04,0.31
Stredair Appuah,fr FRA,FW MF,Nantes,19,2004,4,0,84,0.9,0,0,0,0,0,0,0,0,0.4,0.4,0.0,0.4,3,0,2,0.00,0.00,0.00,0.00,0.00,0.46,0.00,0.46,0.46,0.46
Yoël Armougom,fr FRA,DF MF,Clermont Foot,25,1998,5,2,234,02.juin,0,0,0,0,0,0,1,0,0.0,0.0,0.3,0.3,6,12,25,0.00,0.00,0.00,0.00,0.00,0.01,0.11,0.12,0.01,0.12
Hákon Arnar Haraldsson,is ISL,FW MF,Lille,20,2003,26,15,1 284,14.mars,2,0,2,2,0,0,5,0,0.8,0.8,01.mai,02.févr,25,48,90,0.14,0.00,0.14,0.14,0.14,0.05,0.10,0.16,0.05,0.16
Mohamed El Arouch,fr FRA,FW,Lyon,19,2004,1,0,2,0.0,0,0,0,0,0,0,0,0,0.0,0.0,0.0,0.0,0,0,0,0.00,0.00,0.00,0.00,0.00,0.00,0.00,0.00,0.00,0.00
Marco Asensio,es ESP,MF FW,Paris S-G,27,1996,19,13,1 113,12.avr,4,5,9,4,0,0,0,0,03.févr,03.févr,05.août,9.0,36,71,92,0.32,0.40,0.73,0.32,0.73,0.26,0.47,0.73,0.26,0.73
Joel Asoro,se SWE,FW MF,Metz,24,1999,20,10,848,09.avr,2,1,3,2,0,0,2,0,0.6,0.6,0.3,0.9,14,16,43,0.21,0.11,0.32,0.21,0.32,0.06,0.03,0.09,0.06,0.09
Lorenz Assignon,tg TOG,DF,Rennes,23,2000,14,12,1 011,11.févr,1,1,2,1,0,0,4,0,0.4,0.4,01.août,02.févr,28,51,67,0.09,0.09,0.18,0.09,0.18,0.04,0.16,0.20,0.04,0.20
Youcef Atal,dz ALG,DF,Nice,27,1996,6,5,359,4.0,1,0,1,1,0,0,2,0,0.1,0.1,0.8,0.9,9,15,5,0.25,0.00,0.25,0.25,0.25,0.03,0.20,0.24,0.03,0.24
Valentin Atangana Edoa,fr FRA,MF,Reims,17,2005,15,7,555,06.févr,0,0,0,0,0,0,0,0,0.5,0.5,0.1,0.6,10,21,17,0.00,0.00,0.00,0.00,0.00,0.08,0.02,0.10,0.08,0.10
Arthur Atta,fr FRA,MF FW,Metz,20,2003,21,10,924,10.mars,1,2,3,1,0,0,0,0,0.6,0.6,01.mars,01.sept,16,48,22,0.10,0.19,0.29,0.10,0.29,0.06,0.13,0.18,0.06,0.18
Pierre-Emerick Aubameyang,ga GAB,FW,Marseille,34,1989,34,30,2 622,29.janv,17,8,25,13,4,4,4,0,20.mai,17.mars,05.juin,23.0,68,58,235,0.58,0.27,0.86,0.45,0.72,0.70,0.19,0.90,0.59,0.79
André Ayew,gh GHA,FW,Le Havre,33,1989,19,12,1 104,12.mars,5,0,5,5,0,0,2,1,03.janv,03.janv,0.8,03.sept,14,23,65,0.41,0.00,0.41,0.41,0.41,0.25,0.07,0.32,0.25,0.32
Neil El Aynaoui,ma MAR,MF,Lens,22,2001,25,17,1 566,17.avr,1,2,3,1,0,0,1,0,02.avr,02.avr,0.8,03.févr,25,59,44,0.06,0.11,0.17,0.06,0.17,0.14,0.05,0.19,0.14,0.19
Abdellah Baallal,ma MAR,MF,Clermont Foot,18,2004,1,0,4,0.0,0,0,0,0,0,0,0,0,0.0,0.0,0.0,0.0,0,0,0,0.00,0.00,0.00,0.00,0.00,0.00,0.00,0.00,0.00,0.00
Shavy Babicka,ga GAB,FW MF,Toulouse,23,2000,12,4,373,04.janv,1,0,1,1,0,0,0,0,0.6,0.6,0.1,0.7,17,8,64,0.24,0.00,0.24,0.24,0.24,0.14,0.03,0.17,0.14,0.17
Aliou Badara Baldé,gn GUI,FW DF,Nice,20,2002,7,0,69,0.8,0,0,0,0,0,0,0,0,0.1,0.1,0.0,0.1,5,2,8,0.00,0.00,0.00,0.00,0.00,0.17,0.00,0.17,0.17,0.17
Tiemoué Bakayoko,fr FRA,MF,Lorient,28,1994,20,15,1 314,14.juin,2,1,3,2,0,0,5,0,01.juil,01.juil,0.5,02.mars,14,54,15,0.14,0.07,0.21,0.14,0.21,0.12,0.04,0.16,0.12,0.16
Dilane Bakwa,fr FRA,FW MF,Strasbourg,20,2002,31,25,2 177,24.févr,3,6,9,3,0,0,4,1,03.févr,03.févr,06.mars,09.avr,95,92,204,0.12,0.25,0.37,0.12,0.37,0.13,0.26,0.39,0.13,0.39
Carlos Baleba,cm CMR,MF,Lille,19,2004,2,1,61,0.7,0,0,0,0,0,0,0,0,0.0,0.0,0.0,0.0,1,3,1,0.00,0.00,0.00,0.00,0.00,0.05,0.00,0.05,0.05,0.05
Leonardo Balerdi,ar ARG,DF,Marseille,24,1999,27,26,2 271,25.févr,2,0,2,2,0,0,6,1,0.9,0.9,0.2,1.0,19,122,6,0.08,0.00,0.08,0.08,0.08,0.03,0.01,0.04,0.03,0.04
Folarin Balogun,us USA,FW,Monaco,22,2001,29,19,1 692,18.août,7,5,12,7,0,3,1,0,11.0,08.mai,03.mars,11.août,35,30,199,0.37,0.27,0.64,0.37,0.64,0.59,0.18,0.76,0.45,0.63
Mohamed Bamba,ci CIV,FW,Lorient,21,2001,16,14,1 138,12.juin,8,3,11,7,1,1,3,0,06.avr,05.juin,02.janv,07.juil,25,16,69,0.63,0.24,0.87,0.55,0.79,0.51,0.16,0.67,0.45,0.61
Player,Nation,Pos,Squad,Age,Born,MP,Starts,Min,90s,Gls,Ast,G+A,G-PK,PK,PKatt,CrdY,CrdR,xG,npxG,xAG,npxG+xAG,PrgC,PrgP,PrgR,Gls,Ast,G+A,G-PK,G+A-PK,xG,xAG,xG+xAG,npxG,npxG+xAG
Mamady Bangré,bf BFA,FW MF,Toulouse,22,2001,8,0,101,01.janv,0,1,1,0,0,0,2,0,0.1,0.1,0.7,0.8,10,9,12,0.00,0.89,0.89,0.00,0.89,0.12,0.59,0.71,0.12,0.71
Bradley Barcola,fr FRA,FW,Lyon,20,2002,3,3,270,3.0,0,0,0,0,0,0,1,0,0.1,0.1,0.3,0.4,11,9,31,0.00,0.00,0.00,0.00,0.00,0.02,0.10,0.12,0.02,0.12
Bradley Barcola,fr FRA,FW MF,Paris S-G,20,2002,25,18,1 37,15.févr,4,7,11,4,0,0,3,1,04.mai,04.mai,05.févr,09.août,93,56,217,0.26,0.46,0.72,0.26,0.72,0.30,0.34,0.64,0.30,0.64
Melvin Bard,fr FRA,DF,Nice,22,2000,32,31,2 654,29.mai,1,2,3,1,0,0,7,1,0.5,0.5,02.août,03.avr,60,111,99,0.03,0.07,0.10,0.03,0.10,0.02,0.10,0.11,0.02,0.11
Steven Baseya,fr FRA,DF,Strasbourg,18,2005,2,0,6,0.1,0,0,0,0,0,0,0,0,0.0,0.0,0.0,0.0,0,0,0,0.00,0.00,0.00,0.00,0.00,0.00,0.00,0.00,0.00,0.00
Mohamed Bechikh,fr FRA,FW MF,Strasbourg,18,2005,2,0,14,0.2,0,0,0,0,0,0,0,0,0.0,0.0,0.0,0.0,0,0,3,0.00,0.00,0.00,0.00,0.00,0.00,0.00,0.00,0.00,0.00
Yanis Begraoui,ma MAR,FW MF,Toulouse,22,2001,14,3,300,03.mars,0,0,0,0,0,0,0,0,0.4,0.4,0.1,0.5,9,8,30,0.00,0.00,0.00,0.00,0.00,0.12,0.03,0.15,0.12,0.15
Jérémie Bela,ao ANG,MF FW,Clermont Foot,30,1993,12,1,203,02.mars,0,0,0,0,0,0,0,0,0.2,0.2,0.1,0.3,14,10,33,0.00,0.00,0.00,0.00,0.00,0.10,0.05,0.15,0.10,0.15
Reda Belahyane,ma MAR,MF,Nice,19,2004,1,0,27,0.3,0,0,0,0,0,0,0,0,0.0,0.0,0.0,0.0,1,1,0,0.00,0.00,0.00,0.00,0.00,0.00,0.00,0.00,0.00,0.00
Alaa Bellaarouch,ma MAR,GK,Strasbourg,21,2002,15,15,1 35,15.0,0,0,0,0,0,0,1,0,0.0,0.0,0.0,0.0,0,0,0,0.00,0.00,0.00,0.00,0.00,0.00,0.00,0.00,0.00,0.00
Jean-Ricner Bellegarde,ht HAI,MF FW,Strasbourg,25,1998,3,3,269,3.0,2,2,4,2,0,0,2,0,0.6,0.6,01.mai,02.janv,9,11,10,0.67,0.67,janv.34,0.67,janv.34,0.19,0.51,0.69,0.19,0.69
Jeanuël Belocian,fr FRA,DF,Rennes,18,2005,23,16,1 448,16.janv,0,1,1,0,0,0,0,0,0.5,0.5,0.4,0.9,16,60,37,0.00,0.06,0.06,0.00,0.06,0.03,0.02,0.06,0.03,0.06
Eliesse Ben Seghir,ma MAR,MF FW,Monaco,18,2005,13,4,428,04.août,2,1,3,2,0,0,0,1,0.8,0.8,0.5,01.mars,26,21,56,0.42,0.21,0.63,0.42,0.63,0.17,0.10,0.27,0.17,0.27
Wissam Ben Yedder,fr FRA,FW,Monaco,32,1990,32,26,2 316,25.juil,16,2,18,15,1,1,2,0,12.avr,11.juin,04.mars,15.sept,52,96,229,0.62,0.08,0.70,0.58,0.66,0.48,0.17,0.65,0.45,0.62
Saïd Benrahma,dz ALG,FW MF,Lyon,27,1995,12,10,770,08.juin,3,3,6,3,0,0,2,0,01.juin,01.juin,03.juin,05.févr,46,34,113,0.35,0.35,0.70,0.35,0.70,0.19,0.42,0.61,0.19,0.61
Nabil Bentaleb,dz ALG,MF,Lille,28,1994,26,23,1 967,21.sept,0,3,3,0,0,0,7,0,0.4,0.4,0.9,01.févr,11,136,17,0.00,0.14,0.14,0.00,0.14,0.02,0.04,0.06,0.02,0.06
Lucas Beraldo,br BRA,DF,Paris S-G,19,2003,13,12,1 008,11.févr,1,0,1,1,0,0,4,1,1.0,1.0,0.2,01.févr,7,44,2,0.09,0.00,0.09,0.09,0.09,0.09,0.02,0.11,0.09,0.11
Dimitry Bertaud,cd COD,GK,Montpellier,25,1998,4,4,360,4.0,0,0,0,0,0,0,0,0,0.0,0.0,0.0,0.0,0,0,0,0.00,0.00,0.00,0.00,0.00,0.00,0.00,0.00,0.00,0.00
Marco Bizot,nl NED,GK,Brest,32,1991,32,32,2 876,32.0,0,0,0,0,0,0,3,1,0.0,0.0,0.1,0.1,0,1,0,0.00,0.00,0.00,0.00,0.00,0.00,0.00,0.00,0.00,0.00
Rubén Blanco,es ESP,GK,Marseille,28,1995,2,1,121,01.mars,0,0,0,0,0,0,0,0,0.0,0.0,0.0,0.0,0,2,0,0.00,0.00,0.00,0.00,0.00,0.00,0.00,0.00,0.00,0.00
Ludovic Blas,fr FRA,FW MF,Rennes,25,1997,29,18,1 563,17.avr,4,1,5,3,1,2,3,0,04.juil,03.janv,01.juil,04.août,46,59,157,0.23,0.06,0.29,0.17,0.23,0.27,0.10,0.37,0.18,0.27
Myron Boadu,nl NED,FW,Monaco,22,2001,9,0,85,0.9,1,0,1,1,0,0,0,0,0.4,0.4,0.0,0.4,3,1,9,01.juin,0.00,01.juin,01.juin,01.juin,0.46,0.00,0.46,0.46,0.46
Jeremie Boga,ci CIV,FW,Nice,26,1997,28,24,1 998,22.févr,6,6,12,6,0,0,1,0,04.mars,04.mars,04.févr,08.mai,107,64,170,0.27,0.27,0.54,0.27,0.54,0.19,0.19,0.38,0.19,0.38
Adama Bojang,gm GAM,FW,Reims,19,2004,9,0,83,0.9,0,0,0,0,0,0,1,0,01.mars,01.mars,0.0,01.mars,2,1,8,0.00,0.00,0.00,0.00,0.00,janv.38,0.05,janv.43,janv.38,janv.43
Neto Borges,br BRA,DF,Clermont Foot,26,1996,28,28,2 516,28.0,0,1,1,0,0,0,3,1,0.5,0.5,02.août,03.avr,58,88,165,0.00,0.04,0.04,0.00,0.04,0.02,0.10,0.12,0.02,0.12
Player,Nation,Pos,Squad,Age,Born,MP,Starts,Min,90s,Gls,Ast,G+A,G-PK,PK,PKatt,CrdY,CrdR,xG,npxG,xAG,npxG+xAG,PrgC,PrgP,PrgR,Gls,Ast,G+A,G-PK,G+A-PK,xG,xAG,xG+xAG,npxG,npxG+xAG
Saïmon Bouabré,fr FRA,MF,Monaco,17,2006,1,0,45,0.5,0,0,0,0,0,0,0,0,0.0,0.0,0.0,0.0,2,3,5,0.00,0.00,0.00,0.00,0.00,0.00,0.00,0.00,0.00,0.00
Ayyoub Bouaddi,fr FRA,MF,Lille,15,2007,9,1,131,01.mai,0,0,0,0,0,0,3,1,0.0,0.0,0.0,0.0,1,12,2,0.00,0.00,0.00,0.00,0.00,0.00,0.01,0.01,0.00,0.01
Badredine Bouanani,dz ALG,FW,Nice,18,2004,7,1,161,01.août,0,0,0,0,0,0,0,0,0.2,0.2,0.5,0.7,10,2,24,0.00,0.00,0.00,0.00,0.00,0.12,0.26,0.37,0.12,0.37
Badredine Bouanani,dz ALG,MF,Lorient,18,2004,11,4,443,04.sept,1,0,1,1,0,0,0,0,01.avr,01.avr,0.9,02.mars,30,32,27,0.20,0.00,0.20,0.20,0.20,0.28,0.18,0.46,0.28,0.46
Mohamed Bouchenna,fr FRA,MF FW,Clermont Foot,17,2006,2,0,29,0.3,0,0,0,0,0,0,1,0,0.1,0.1,0.2,0.3,0,1,3,0.00,0.00,0.00,0.00,0.00,0.19,0.65,0.85,0.19,0.85
Hicham Boudaoui,dz ALG,MF,Nice,23,1999,29,17,1 613,17.sept,2,0,2,2,0,0,5,0,03.mars,03.mars,01.août,05.janv,28,78,58,0.11,0.00,0.11,0.11,0.11,0.19,0.10,0.29,0.19,0.29
Benjamin Bourigeaud,fr FRA,MF FW,Rennes,29,1994,32,29,2 425,26.sept,9,6,15,2,7,7,1,0,09.sept,04.avr,06.juil,11.janv,27,178,139,0.33,0.22,0.56,0.07,0.30,0.37,0.25,0.62,0.16,0.41
Bilal Boutobba,fr FRA,FW MF,Clermont Foot,24,1998,27,10,926,10.mars,1,1,2,1,0,0,1,0,2.0,2.0,01.juil,03.juil,38,43,86,0.10,0.10,0.19,0.10,0.19,0.20,0.17,0.36,0.20,0.36
Hugo Boutsingkham,fr FRA,MF FW,Nantes,20,2003,2,0,11,0.1,0,0,0,0,0,0,0,0,0.0,0.0,0.0,0.0,0,0,0,0.00,0.00,0.00,0.00,0.00,0.00,0.00,0.00,0.00,0.00
Bilal Brahimi,dz ALG,FW,Nice,23,2000,2,0,11,0.1,0,0,0,0,0,0,0,0,0.0,0.0,0.1,0.1,1,0,6,0.00,0.00,0.00,0.00,0.00,0.00,0.58,0.58,0.00,0.58
Bilal Brahimi,dz ALG,FW MF,Brest,23,2000,18,1,221,02.mai,0,0,0,0,0,0,1,1,0.1,0.1,0.3,0.4,15,9,39,0.00,0.00,0.00,0.00,0.00,0.04,0.10,0.15,0.04,0.15
Lilian Brassier,fr FRA,DF,Brest,23,1999,30,30,2 677,29.juil,3,0,3,3,0,0,11,1,01.janv,01.janv,0.6,01.juin,20,121,5,0.10,0.00,0.10,0.10,0.10,0.04,0.02,0.06,0.04,0.06
Maxime Busi,be BEL,FW DF,Reims,23,1999,5,1,162,01.août,0,0,0,0,0,0,1,0,0.2,0.2,0.2,0.4,3,3,12,0.00,0.00,0.00,0.00,0.00,0.10,0.11,0.21,0.10,0.21
Marcin Bułka,pl POL,GK,Nice,23,1999,34,34,3 06,34.0,0,0,0,0,0,0,2,0,0.1,0.1,0.0,0.1,0,0,0,0.00,0.00,0.00,0.00,0.00,0.00,0.00,0.00,0.00,0.00
Rémy Cabella,fr FRA,FW MF,Lille,33,1990,30,14,1 477,16.avr,2,2,4,2,0,0,0,0,05.févr,05.févr,03.mars,08.mai,72,106,160,0.12,0.12,0.24,0.12,0.24,0.32,0.20,0.52,0.32,0.52
Duje Ćaleta-Car,hr CRO,DF,Lyon,26,1996,24,22,1 993,22.janv,0,0,0,0,0,0,2,1,0.5,0.5,1.0,01.mai,5,61,1,0.00,0.00,0.00,0.00,0.00,0.02,0.05,0.07,0.02,0.07
Lamine Camara,sn SEN,MF,Metz,19,2004,31,26,2 255,25.janv,1,4,5,1,0,1,3,0,02.févr,01.avr,03.mars,04.juil,23,97,69,0.04,0.16,0.20,0.04,0.20,0.09,0.13,0.22,0.06,0.19
Mahdi Camara,fr FRA,MF,Brest,25,1998,32,26,2 02,22.avr,7,3,10,6,1,1,7,0,04.sept,04.janv,03.janv,07.janv,37,81,129,0.31,0.13,0.45,0.27,0.40,0.22,0.14,0.35,0.18,0.32
Mohamed Camara,ml MLI,MF,Monaco,23,2000,20,14,1 035,11.mai,1,2,3,0,1,1,4,0,01.mai,0.7,0.6,01.mars,14,76,22,0.09,0.17,0.26,0.00,0.17,0.13,0.06,0.18,0.06,0.11
Axel Camblan,fr FRA,FW,Brest,19,2003,7,0,90,1.0,0,0,0,0,0,0,2,0,0.2,0.2,0.0,0.3,5,1,8,0.00,0.00,0.00,0.00,0.00,0.25,0.05,0.29,0.25,0.29
Fali Candé,gw GNB,DF,Metz,25,1998,25,20,1 849,20.mai,0,1,1,0,0,0,4,0,0.8,0.8,0.5,01.mars,4,38,3,0.00,0.05,0.05,0.00,0.05,0.04,0.02,0.06,0.04,0.06
Gino Caoki,fr FRA,MF,Lorient,19,2004,1,0,7,0.1,0,0,0,0,0,0,0,0,0.0,0.0,0.0,0.0,1,0,0,0.00,0.00,0.00,0.00,0.00,0.00,0.00,0.00,0.00,0.00
Maxence Caqueret,fr FRA,MF,Lyon,23,2000,34,34,3 022,33.6,1,3,4,1,0,0,1,0,02.janv,02.janv,6.0,08.janv,70,286,96,0.03,0.09,0.12,0.03,0.12,0.06,0.18,0.24,0.06,0.24
Igor Carioca,br BRA,DF MF,Lorient,26,1996,5,2,262,02.sept,0,0,0,0,0,0,2,0,0.0,0.0,0.3,0.3,6,8,16,0.00,0.00,0.00,0.00,0.00,0.01,0.09,0.10,0.01,0.10
Antonin Cartillier,fr FRA,DF,Monaco,19,2004,1,0,8,0.1,0,0,0,0,0,0,0,0,0.0,0.0,0.0,0.0,1,0,0,0.00,0.00,0.00,0.00,0.00,0.00,0.00,0.00,0.00,0.00
Player,Nation,Pos,Squad,Age,Born,MP,Starts,Min,90s,Gls,Ast,G+A,G-PK,PK,PKatt,CrdY,CrdR,xG,npxG,xAG,npxG+xAG,PrgC,PrgP,PrgR,Gls,Ast,G+A,G-PK,G+A-PK,xG,xAG,xG+xAG,npxG,npxG+xAG
Josué Casimir,ht HAI,FW DF,Le Havre,21,2001,30,25,2 016,22.avr,0,5,5,0,0,0,6,0,01.sept,01.sept,04.mars,06.mars,59,62,138,0.00,0.22,0.22,0.00,0.22,0.09,0.19,0.28,0.09,0.28
Cristian Cásseres Jr.,ve VEN,MF,Toulouse,23,2000,32,23,1 946,21.juin,1,3,4,1,0,0,1,0,01.janv,01.janv,01.juil,02.août,14,87,52,0.05,0.14,0.18,0.05,0.18,0.05,0.08,0.13,0.05,0.13
Jean-Charles Castelletto,cm CMR,DF,Nantes,28,1995,28,28,2 464,27.avr,2,0,2,2,0,0,5,0,0.6,0.6,0.8,01.avr,24,100,31,0.07,0.00,0.07,0.07,0.07,0.02,0.03,0.05,0.02,0.05
Maximiliano Caufriez,be BEL,DF,Clermont Foot,26,1997,20,20,1 659,18.avr,0,1,1,0,0,0,6,3,0.4,0.4,0.2,0.6,24,61,11,0.00,0.05,0.05,0.00,0.05,0.02,0.01,0.03,0.02,0.03
Ivan Cavaleiro,pt POR,FW,Lille,29,1993,17,9,770,08.juin,1,1,2,1,0,0,1,0,01.mars,01.mars,01.févr,02.mai,18,23,77,0.12,0.12,0.23,0.12,0.23,0.15,0.15,0.29,0.15,0.29
Fabien Centonze,fr FRA,DF,Nantes,27,1996,3,1,94,1.0,0,0,0,0,0,0,1,0,0.0,0.0,0.0,0.0,5,1,5,0.00,0.00,0.00,0.00,0.00,0.00,0.00,0.00,0.00,0.00
Fares Chaïbi,dz ALG,FW MF,Toulouse,20,2002,2,0,58,0.6,0,1,1,0,0,0,1,0,0.0,0.0,0.2,0.2,2,5,12,0.00,janv.55,janv.55,0.00,janv.55,0.00,0.29,0.29,0.00,0.29
Muhammed Cham,at AUT,MF FW,Clermont Foot,22,2000,33,29,2 554,28.avr,8,4,12,4,4,5,4,0,09.avr,05.mai,03.janv,08.juil,71,161,142,0.28,0.14,0.42,0.14,0.28,0.33,0.11,0.44,0.19,0.31
Brendan Chardonnet,fr FRA,DF,Brest,28,1994,33,33,2 97,33.0,1,1,2,1,0,0,4,0,01.mai,01.mai,01.juin,03.janv,25,115,8,0.03,0.03,0.06,0.03,0.06,0.04,0.05,0.09,0.04,0.09
Jhoanner Chávez,ec ECU,DF,Lens,21,2002,8,6,481,05.mars,0,0,0,0,0,0,1,0,0.3,0.3,0.5,0.8,4,15,19,0.00,0.00,0.00,0.00,0.00,0.06,0.08,0.14,0.06,0.14
Rayan Cherki,fr FRA,MF FW,Lyon,19,2003,33,19,1 719,19.janv,1,6,7,1,0,0,0,0,05.févr,05.févr,04.févr,09.avr,93,138,182,0.05,0.31,0.37,0.05,0.37,0.27,0.22,0.49,0.27,0.49
Lucas Chevalier,fr FRA,GK,Lille,21,2001,33,33,2 969,33.0,0,0,0,0,0,0,1,0,0.0,0.0,0.1,0.1,0,2,0,0.00,0.00,0.00,0.00,0.00,0.00,0.00,0.00,0.00,0.00
Pedro Chirivella,es ESP,MF,Nantes,26,1997,32,31,2 594,28.août,1,1,2,1,0,0,5,0,01.mai,01.mai,01.janv,02.juin,10,192,55,0.03,0.03,0.07,0.03,0.07,0.05,0.04,0.09,0.05,0.09
Joris Chotard,fr FRA,MF,Montpellier,21,2001,31,30,2 587,28.juil,0,3,3,0,0,0,5,0,0.6,0.6,01.sept,02.juin,12,111,40,0.00,0.10,0.10,0.00,0.10,0.02,0.07,0.09,0.02,0.09
Djaoui Cissé,fr FRA,MF,Rennes,19,2004,2,0,4,0.0,0,0,0,0,0,0,0,0,0.0,0.0,0.0,0.0,0,0,1,0.00,0.00,0.00,0.00,0.00,0.00,0.00,0.00,0.00,0.00
Ibrahim Cissoko,nl NED,FW MF,Toulouse,20,2003,11,2,241,02.juil,1,1,2,1,0,0,1,0,0.8,0.8,0.4,01.févr,21,12,39,0.37,0.37,0.75,0.37,0.75,0.29,0.16,0.45,0.29,0.45
Alexis Claude-Maurice,fr FRA,MF,Nice,25,1998,18,4,504,05.juin,0,0,0,0,0,0,1,0,0.8,0.8,0.3,1.0,15,21,25,0.00,0.00,0.00,0.00,0.00,0.13,0.05,0.19,0.13,0.19
Jonathan Clauss,fr FRA,DF,Marseille,30,1992,27,25,2 068,23.0,3,4,7,3,0,0,2,1,01.mars,01.mars,04.juin,05.sept,59,137,172,0.13,0.17,0.30,0.13,0.30,0.06,0.20,0.26,0.06,0.26
Marcus Coco,fr FRA,DF FW,Nantes,27,1996,28,18,1 481,16.mai,1,0,1,1,0,0,2,0,0.8,0.8,1.0,01.août,28,55,65,0.06,0.00,0.06,0.06,0.06,0.05,0.06,0.11,0.05,0.11
Maxime Colin,fr FRA,DF,Metz,31,1991,22,22,1 832,20.avr,0,0,0,0,0,0,3,0,0.3,0.3,0.4,0.7,23,67,22,0.00,0.00,0.00,0.00,0.00,0.02,0.02,0.04,0.02,0.04
Eray Cömert,ch SUI,DF,Nantes,25,1998,25,23,1 995,22.févr,2,0,2,2,0,0,5,0,0.7,0.7,0.2,0.8,7,57,3,0.09,0.00,0.09,0.09,0.09,0.03,0.01,0.04,0.03,0.04
Alois Confais,fr FRA,MF FW,Le Havre,26,1996,2,0,7,0.1,0,0,0,0,0,0,0,0,0.0,0.0,0.0,0.0,0,0,0,0.00,0.00,0.00,0.00,0.00,0.00,0.00,0.00,0.00,0.00
Joaquín Correa,ar ARG,FW MF,Marseille,28,1994,12,6,430,04.août,0,0,0,0,0,0,2,0,0.6,0.6,0.7,01.avr,9,25,57,0.00,0.00,0.00,0.00,0.00,0.13,0.16,0.29,0.13,0.29
Oscar Cortés,co COL,FW MF,Lens,19,2003,4,0,44,0.5,1,1,2,1,0,0,0,0,0.5,0.5,0.7,01.janv,1,2,8,02.mai,02.mai,04.sept,02.mai,04.sept,0.93,janv.41,févr.35,0.93,févr.35
David Costa,pt POR,MF,Lens,22,2001,25,17,1 494,16.juin,4,2,6,4,0,0,3,0,3.0,3.0,03.mai,06.mai,53,73,101,0.24,0.12,0.36,0.24,0.36,0.18,0.21,0.39,0.18,0.39
Player,Nation,Pos,Squad,Age,Born,MP,Starts,Min,90s,Gls,Ast,G+A,G-PK,PK,PKatt,CrdY,CrdR,xG,npxG,xAG,npxG+xAG,PrgC,PrgP,PrgR,Gls,Ast,G+A,G-PK,G+A-PK,xG,xAG,xG+xAG,npxG,npxG+xAG
Logan Costa,cv CPV,DF,Toulouse,22,2001,31,29,2 65,29.avr,1,1,2,1,0,0,6,0,01.avr,01.avr,0.6,2.0,19,145,14,0.03,0.03,0.07,0.03,0.07,0.05,0.02,0.07,0.05,0.07
Grégoire Coudert,fr FRA,GK,Brest,24,1999,3,2,181,2.0,0,0,0,0,0,0,0,0,0.0,0.0,0.0,0.0,0,0,0,0.00,0.00,0.00,0.00,0.00,0.00,0.00,0.00,0.00,0.00
Mamadou Coulibaly,fr FRA,MF,Monaco,19,2004,5,1,118,01.mars,0,0,0,0,0,0,0,0,0.2,0.2,0.1,0.2,2,5,7,0.00,0.00,0.00,0.00,0.00,0.13,0.04,0.18,0.13,0.18
Tanguy Coulibaly,fr FRA,FW MF,Montpellier,22,2001,16,7,623,06.sept,1,0,1,1,0,0,2,0,02.juin,02.juin,0.8,03.mars,27,13,48,0.14,0.00,0.14,0.14,0.14,0.37,0.11,0.48,0.37,0.48
Nicolas Cozza,fr FRA,DF,Nantes,24,1999,13,10,895,09.sept,0,0,0,0,0,0,2,0,0.7,0.7,0.6,01.févr,11,20,30,0.00,0.00,0.00,0.00,0.00,0.07,0.06,0.13,0.07,0.13
Trévis Dago,ci CIV,FW MF,Lille,18,2005,4,0,23,0.3,0,1,1,0,0,0,1,0,0.0,0.0,0.4,0.5,1,0,1,0.00,mars.91,mars.91,0.00,mars.91,0.16,janv.63,janv.78,0.16,janv.78
Thijs Dallinga,nl NED,FW,Toulouse,22,2000,33,28,2 51,27.sept,14,2,16,13,1,3,6,0,14.janv,11.août,01.févr,13.0,32,38,164,0.50,0.07,0.57,0.47,0.54,0.51,0.04,0.55,0.42,0.47
Kevin Danso,at AUT,DF,Lens,24,1998,30,30,2 655,29.mai,1,0,1,1,0,0,6,0,01.août,01.août,0.4,02.févr,27,133,3,0.03,0.00,0.03,0.03,0.03,0.06,0.01,0.07,0.06,0.07
Dante,br BRA,DF,Nice,39,1983,32,32,2 843,31.6,1,1,2,1,0,0,5,1,0.9,0.9,1.0,2.0,13,185,6,0.03,0.03,0.06,0.03,0.06,0.03,0.03,0.06,0.03,0.06
Raimane Daou,km COM,DF MF,Marseille,18,2004,1,0,25,0.3,0,0,0,0,0,0,0,0,0.0,0.0,0.0,0.0,0,0,1,0.00,0.00,0.00,0.00,0.00,0.00,0.00,0.00,0.00,0.00
Mohamed Daramy,dk DEN,FW MF,Reims,21,2002,25,19,1 648,18.mars,4,5,9,3,1,1,0,0,04.juin,03.août,02.avr,06.févr,72,69,162,0.22,0.27,0.49,0.16,0.44,0.25,0.13,0.38,0.21,0.34
Achraf Dari,ma MAR,DF FW,Brest,24,1999,4,1,121,01.mars,0,0,0,0,0,0,0,0,0.0,0.0,0.0,0.0,0,8,0,0.00,0.00,0.00,0.00,0.00,0.04,0.00,0.04,0.04,0.04
Jonathan David,ca CAN,FW,Lille,23,2000,34,30,2 629,29.2,19,4,23,17,2,3,4,0,17.mai,15.0,03.mars,18.mars,47,79,198,0.65,0.14,0.79,0.58,0.72,0.60,0.11,0.71,0.51,0.63
Thibault De Smet,be BEL,DF,Reims,25,1998,27,22,1 831,20.mars,0,0,0,0,0,0,7,1,0.3,0.3,0.8,01.janv,23,104,66,0.00,0.00,0.00,0.00,0.00,0.01,0.04,0.05,0.01,0.05
Romain Del Castillo,fr FRA,FW,Brest,27,1996,33,30,2 497,27.juil,8,8,16,5,3,3,4,0,05.févr,02.sept,09.sept,12.août,101,155,287,0.29,0.29,0.58,0.18,0.47,0.19,0.36,0.55,0.10,0.46
Thomas Delaine,fr FRA,DF MF,Strasbourg,31,1992,27,24,2 044,22.juil,1,1,2,1,0,0,5,0,01.juil,01.juil,03.juin,05.mars,63,52,151,0.04,0.04,0.09,0.04,0.09,0.07,0.16,0.23,0.07,0.23
Sacha Delaye,fr FRA,MF FW,Montpellier,21,2002,9,0,130,01.avr,0,0,0,0,0,0,1,0,0.3,0.3,0.1,0.4,2,4,8,0.00,0.00,0.00,0.00,0.00,0.23,0.07,0.30,0.23,0.30
Karamoko Dembélé,eng ENG,MF FW,Brest,20,2003,1,0,16,0.2,0,0,0,0,0,0,0,0,0.0,0.0,0.0,0.0,0,1,3,0.00,0.00,0.00,0.00,0.00,0.00,0.00,0.00,0.00,0.00
Ousmane Dembélé,fr FRA,MF FW,Paris S-G,26,1997,26,17,1 506,16.juil,3,8,11,3,0,0,0,0,04.avr,04.avr,06.juil,11.janv,160,133,247,0.18,0.48,0.66,0.18,0.66,0.26,0.40,0.67,0.26,0.67
Jessy Deminguet,fr FRA,MF FW,Strasbourg,25,1998,18,9,690,07.juil,0,0,0,0,0,0,1,0,0.3,0.3,0.4,0.7,7,24,13,0.00,0.00,0.00,0.00,0.00,0.04,0.06,0.10,0.04,0.10
Rémy Descamps,fr FRA,GK,Nantes,27,1996,6,6,540,6.0,0,0,0,0,0,0,1,0,0.0,0.0,0.0,0.0,0,0,0,0.00,0.00,0.00,0.00,0.00,0.00,0.00,0.00,0.00,0.00
Mikkel Desler,dk DEN,DF,Toulouse,28,1995,24,19,1 544,17.févr,0,1,1,0,0,0,2,0,01.janv,1.0,0.7,01.juil,30,81,96,0.00,0.06,0.06,0.00,0.06,0.06,0.04,0.10,0.06,0.10
Arthur Desmas,fr FRA,GK,Le Havre,29,1994,33,33,2 97,33.0,0,0,0,0,0,0,2,0,0.0,0.0,0.4,0.4,0,0,0,0.00,0.00,0.00,0.00,0.00,0.00,0.01,0.01,0.00,0.01
Lamine Diack,sn SEN,MF,Nantes,22,2000,1,0,1,0.0,0,0,0,0,0,0,0,0,0.0,0.0,0.0,0.0,0,0,0,0.00,0.00,0.00,0.00,0.00,0.00,0.00,0.00,0.00,0.00
Mamadou Diakhon,fr FRA,FW MF,Reims,17,2005,11,1,209,02.mars,0,0,0,0,0,0,0,0,0.0,0.0,0.2,0.3,11,1,16,0.00,0.00,0.00,0.00,0.00,0.01,0.10,0.11,0.01,0.11
Player,Nation,Pos,Squad,Age,Born,MP,Starts,Min,90s,Gls,Ast,G+A,G-PK,PK,PKatt,CrdY,CrdR,xG,npxG,xAG,npxG+xAG,PrgC,PrgP,PrgR,Gls,Ast,G+A,G-PK,G+A-PK,xG,xAG,xG+xAG,npxG,npxG+xAG
Bafodé Diakité,fr FRA,DF,Lille,22,2001,21,19,1 696,18.août,5,2,7,5,0,0,4,0,2.0,2.0,01.avr,03.mai,15,95,16,0.27,0.11,0.37,0.27,0.37,0.11,0.08,0.19,0.11,0.19
Ibrahim Diakité,gn GUI,DF,Reims,19,2003,5,1,109,01.févr,0,0,0,0,0,0,0,0,0.0,0.0,0.2,0.2,7,7,9,0.00,0.00,0.00,0.00,0.00,0.00,0.16,0.16,0.00,0.16
Oumar Diakité,ci CIV,FW,Reims,19,2003,28,18,1 585,17.juin,5,1,6,5,0,1,4,0,7.0,06.févr,01.mars,07.mai,29,28,107,0.28,0.06,0.34,0.28,0.34,0.40,0.07,0.47,0.35,0.43
Habib Diarra,sn SEN,MF FW,Strasbourg,19,2004,31,28,2 305,25.juin,3,1,4,2,1,1,3,0,03.avr,02.juil,01.mars,03.sept,59,107,88,0.12,0.04,0.16,0.08,0.12,0.13,0.05,0.18,0.10,0.15
Moussa Diarra,ml MLI,DF,Toulouse,22,2000,22,15,1 397,15.mai,1,2,3,1,0,0,5,0,0.5,0.5,01.janv,01.juin,18,70,12,0.06,0.13,0.19,0.06,0.19,0.03,0.07,0.10,0.03,0.10
Krépin Diatta,sn SEN,DF FW,Monaco,24,1999,26,12,1 206,13.avr,0,2,2,0,0,0,2,0,0.5,0.5,01.août,02.mars,48,80,95,0.00,0.15,0.15,0.00,0.15,0.04,0.13,0.17,0.04,0.17
Mory Diaw,sn SEN,GK,Clermont Foot,30,1993,30,30,2 7,30.0,0,0,0,0,0,0,3,0,0.0,0.0,0.1,0.1,0,1,0,0.00,0.00,0.00,0.00,0.00,0.00,0.00,0.00,0.00,0.00
Mahamadou Diawara,fr FRA,MF,Lyon,18,2005,11,4,358,4.0,0,0,0,0,0,0,2,0,0.7,0.7,0.1,0.9,13,20,14,0.00,0.00,0.00,0.00,0.00,0.19,0.03,0.22,0.19,0.22
Bamba Dieng,sn SEN,FW,Lorient,23,2000,16,5,549,06.janv,4,1,5,4,0,0,3,0,03.févr,03.févr,01.juin,04.août,5,4,44,0.66,0.16,0.82,0.66,0.82,0.53,0.27,0.79,0.53,0.79
Guillaume Dietsch,fr FRA,GK,Metz,22,2001,1,0,73,0.8,0,0,0,0,0,0,0,0,0.0,0.0,0.0,0.0,0,0,0,0.00,0.00,0.00,0.00,0.00,0.00,0.00,0.00,0.00,0.00
Sinaly Diomande,ci CIV,DF,Lyon,22,2001,10,10,889,09.sept,0,0,0,0,0,0,2,0,1.0,1.0,0.7,01.juil,5,43,0,0.00,0.00,0.00,0.00,0.00,0.10,0.07,0.17,0.10,0.17
Edan Diop,fr FRA,MF DF,Monaco,18,2004,10,0,163,01.août,0,0,0,0,0,0,3,0,0.0,0.0,0.0,0.0,4,7,11,0.00,0.00,0.00,0.00,0.00,0.00,0.00,0.00,0.00,0.00
Sofiane Diop,fr FRA,FW,Nice,23,2000,10,6,499,05.mai,0,0,0,0,0,0,0,0,01.févr,01.févr,0.8,2.0,20,17,43,0.00,0.00,0.00,0.00,0.00,0.22,0.14,0.36,0.22,0.36
Andy Diouf,fr FRA,MF,Lens,20,2003,25,16,1 314,14.juin,1,0,1,1,0,0,2,0,01.mai,01.mai,01.janv,02.juin,63,80,55,0.07,0.00,0.07,0.07,0.07,0.10,0.08,0.18,0.10,0.18
Yehvann Diouf,sn SEN,GK,Reims,23,1999,34,34,3 06,34.0,0,0,0,0,0,0,1,0,0.0,0.0,0.0,0.0,0,3,0,0.00,0.00,0.00,0.00,0.00,0.00,0.00,0.00,0.00,0.00
Chaim El Djebali,tn TUN,MF,Lyon,19,2004,1,0,12,0.1,0,0,0,0,0,0,0,0,0.0,0.0,0.0,0.0,1,2,0,0.00,0.00,0.00,0.00,0.00,0.00,0.00,0.00,0.00,0.00
Jeremy Doku,be BEL,FW,Rennes,21,2002,2,1,111,01.févr,1,0,1,1,0,0,0,0,0.6,0.6,0.2,0.8,11,5,19,0.81,0.00,0.81,0.81,0.81,0.48,0.16,0.64,0.48,0.64
Gianluigi Donnarumma,it ITA,GK,Paris S-G,24,1999,25,25,2 169,24.janv,0,0,0,0,0,0,3,1,0.0,0.0,0.0,0.0,0,0,0,0.00,0.00,0.00,0.00,0.00,0.00,0.00,0.00,0.00,0.00
Siriné Doucouré,ml MLI,FW,Lorient,21,2002,11,5,423,04.juil,1,3,4,1,0,0,2,0,0.9,0.9,01.mars,02.févr,14,5,35,0.21,0.64,0.85,0.21,0.85,0.20,0.28,0.47,0.20,0.47
Désiré Doué,fr FRA,MF FW,Rennes,18,2005,31,17,1 626,18.janv,4,4,8,4,0,0,3,0,02.avr,02.avr,03.juil,06.janv,78,121,172,0.22,0.22,0.44,0.22,0.44,0.13,0.21,0.34,0.13,0.34
Guela Doué,ci CIV,DF,Rennes,20,2002,24,13,1 234,13.juil,0,2,2,0,0,0,1,1,0.5,0.5,01.janv,01.juin,41,53,85,0.00,0.15,0.15,0.00,0.15,0.04,0.08,0.12,0.04,0.12
Douglas,br BRA,MF,Nantes,26,1997,25,22,1 772,19.juil,0,0,0,0,0,0,7,0,01.févr,01.févr,01.janv,02.mars,12,105,18,0.00,0.00,0.00,0.00,0.00,0.06,0.06,0.12,0.06,0.12
Ismaël Doukouré,fr FRA,MF DF,Strasbourg,20,2003,22,19,1 656,18.avr,0,0,0,0,0,0,4,0,0.3,0.3,0.2,0.5,15,80,7,0.00,0.00,0.00,0.00,0.00,0.02,0.01,0.03,0.02,0.03
Kamory Doumbia,ml MLI,MF,Brest,20,2003,25,7,879,09.août,6,5,11,6,0,0,1,0,04.févr,04.févr,0.9,5.0,22,48,43,0.61,0.51,janv.13,0.61,janv.13,0.43,0.09,0.52,0.43,0.52
Jean-Kevin Duverne,ht HAI,DF,Nantes,26,1997,19,15,1 348,15.0,0,0,0,0,0,0,5,0,0.3,0.3,0.2,0.5,18,64,23,0.00,0.00,0.00,0.00,0.00,0.02,0.01,0.03,0.02,0.03
Player,Nation,Pos,Squad,Age,Born,MP,Starts,Min,90s,Gls,Ast,G+A,G-PK,PK,PKatt,CrdY,CrdR,xG,npxG,xAG,npxG+xAG,PrgC,PrgP,PrgR,Gls,Ast,G+A,G-PK,G+A-PK,xG,xAG,xG+xAG,npxG,npxG+xAG
Aron Dønnum,no NOR,FW MF,Toulouse,25,1998,27,19,1 595,17.juil,0,1,1,0,0,0,8,0,1.0,1.0,02.janv,03.janv,69,66,120,0.00,0.06,0.06,0.00,0.06,0.06,0.12,0.18,0.06,0.18
Simon Ebonog,cm CMR,MF,Le Havre,18,2004,4,0,20,0.2,0,0,0,0,0,0,0,0,0.0,0.0,0.0,0.0,0,1,0,0.00,0.00,0.00,0.00,0.00,0.00,0.00,0.00,0.00,0.00
Hugo Ekitike,fr FRA,FW,Paris S-G,21,2002,1,0,9,0.1,0,0,0,0,0,0,0,0,0.0,0.0,0.0,0.0,0,1,3,0.00,0.00,0.00,0.00,0.00,0.00,0.30,0.30,0.00,0.30
Simon Elisor,fr FRA,FW,Metz,24,1999,14,9,767,08.mai,1,0,1,1,0,1,1,0,02.mars,01.mai,0.9,02.avr,9,14,43,0.12,0.00,0.12,0.12,0.12,0.27,0.11,0.38,0.18,0.29
Breel Embolo,ch SUI,FW,Monaco,26,1997,5,2,182,2.0,1,0,1,1,0,0,0,0,0.7,0.7,0.1,0.8,8,7,20,0.49,0.00,0.49,0.49,0.49,0.35,0.06,0.41,0.35,0.41
Emanuel Emegha,nl NED,FW,Strasbourg,20,2003,28,23,2 078,23.janv,8,1,9,8,0,1,3,0,10.sept,10.janv,0.4,10.mai,24,11,115,0.35,0.04,0.39,0.35,0.39,0.47,0.02,0.49,0.44,0.45
Maxime Estève,fr FRA,DF,Montpellier,21,2002,12,12,995,11.janv,1,1,2,1,0,0,2,0,0.2,0.2,0.3,0.5,8,23,10,0.09,0.09,0.18,0.09,0.18,0.02,0.02,0.04,0.02,0.04
Oscar Estupiñan,co COL,FW,Metz,26,1996,6,4,260,02.sept,0,0,0,0,0,0,0,0,0.5,0.5,0.0,0.5,5,2,8,0.00,0.00,0.00,0.00,0.00,0.18,0.01,0.18,0.18,0.18
Romain Faivre,fr FRA,MF FW,Lorient,25,1998,17,16,1 453,16.janv,5,1,6,5,0,0,1,0,02.août,02.août,01.juil,04.mai,68,102,78,0.31,0.06,0.37,0.31,0.37,0.17,0.10,0.28,0.17,0.28
Ilhan Fakili,fr FRA,MF FW,Clermont Foot,17,2006,3,1,94,1.0,0,0,0,0,0,0,0,0,0.2,0.2,0.0,0.2,2,4,7,0.00,0.00,0.00,0.00,0.00,0.17,0.03,0.20,0.17,0.20
Khalil Fayad,fr FRA,FW MF,Montpellier,19,2004,23,11,1 025,11.avr,3,0,3,3,0,0,2,0,01.sept,01.sept,0.5,02.avr,18,35,47,0.26,0.00,0.26,0.26,0.26,0.17,0.04,0.21,0.17,0.21
Ichem Ferrah,fr FRA,FW,Lille,17,2005,1,0,3,0.0,0,0,0,0,0,0,0,0,0.0,0.0,0.0,0.0,0,0,2,0.00,0.00,0.00,0.00,0.00,0.00,0.00,0.00,0.00,0.00
Jordan Ferri,fr FRA,MF,Montpellier,31,1992,30,23,2 031,22.juin,1,1,2,1,0,0,6,0,0.6,0.6,01.sept,02.mai,37,173,68,0.04,0.04,0.09,0.04,0.09,0.03,0.09,0.11,0.03,0.11
Malick Fofana,be BEL,FW,Lyon,18,2005,17,4,559,06.févr,3,0,3,3,0,0,0,0,01.août,01.août,0.5,02.avr,26,10,60,0.48,0.00,0.48,0.48,0.48,0.29,0.09,0.38,0.29,0.38
Youssouf Fofana,fr FRA,MF,Monaco,24,1999,32,31,2 697,30.0,4,4,8,4,0,0,3,0,5.0,5.0,03.avr,08.avr,53,249,86,0.13,0.13,0.27,0.13,0.27,0.17,0.11,0.28,0.17,0.28
Thomas Foket,be BEL,DF,Reims,28,1994,27,22,1 833,20.avr,0,1,1,0,0,0,9,1,0.2,0.2,0.9,01.janv,24,65,84,0.00,0.05,0.05,0.00,0.05,0.01,0.04,0.05,0.01,0.05
Tiago Fonseca Morais,pt POR,FW,Lille,19,2003,3,0,46,0.5,0,0,0,0,0,0,0,0,0.4,0.4,0.0,0.4,3,3,2,0.00,0.00,0.00,0.00,0.00,0.70,0.00,0.70,0.70,0.70
Przemysław Frankowski,pl POL,DF,Lens,28,1995,30,24,2 192,24.avr,3,2,5,2,1,2,4,0,03.juil,02.janv,03.août,05.sept,56,112,210,0.12,0.08,0.21,0.08,0.16,0.15,0.16,0.31,0.09,0.24
Angelo Fulgini,fr FRA,MF,Lens,26,1996,29,16,1 376,15.mars,1,2,3,1,0,0,1,0,03.févr,03.févr,03.févr,06.avr,35,74,117,0.07,0.13,0.20,0.07,0.20,0.21,0.21,0.42,0.21,0.42
Kévin Gameiro,fr FRA,FW MF,Strasbourg,36,1987,27,15,1 346,15.0,4,2,6,2,2,2,0,0,03.avr,01.sept,02.juil,04.juin,26,44,81,0.27,0.13,0.40,0.13,0.27,0.23,0.18,0.41,0.12,0.31
Ignatius Ganago,cm CMR,FW MF,Nantes,24,1999,6,2,184,2.0,0,0,0,0,0,0,0,0,0.4,0.4,0.6,1.0,7,5,26,0.00,0.00,0.00,0.00,0.00,0.21,0.27,0.49,0.21,0.49
Ulisses Garcia,ch SUI,DF,Marseille,27,1996,13,10,906,10.janv,0,0,0,0,0,0,0,0,0.5,0.5,0.9,01.avr,21,52,66,0.00,0.00,0.00,0.00,0.00,0.05,0.09,0.14,0.05,0.14
Johan Gastien,fr FRA,MF,Clermont Foot,35,1988,28,28,2 26,25.janv,0,0,0,0,0,0,7,0,0.3,0.3,02.avr,02.juil,21,168,21,0.00,0.00,0.00,0.00,0.00,0.01,0.10,0.11,0.01,0.11
Yann Gboho,fr FRA,MF FW,Toulouse,22,2001,16,13,1 193,13.mars,3,2,5,3,0,0,1,0,01.févr,01.févr,01.juil,02.sept,65,48,97,0.23,0.15,0.38,0.23,0.38,0.09,0.13,0.22,0.09,0.22
Gelabert,es ESP,MF FW,Toulouse,22,2000,16,10,754,08.avr,1,2,3,1,0,0,1,0,0.8,0.8,01.mars,02.janv,14,33,57,0.12,0.24,0.36,0.12,0.36,0.09,0.16,0.25,0.09,0.25
Player,Nation,Pos,Squad,Age,Born,MP,Starts,Min,90s,Gls,Ast,G+A,G-PK,PK,PKatt,CrdY,CrdR,xG,npxG,xAG,npxG+xAG,PrgC,PrgP,PrgR,Gls,Ast,G+A,G-PK,G+A-PK,xG,xAG,xG+xAG,npxG,npxG+xAG
Denis Genreau,au AUS,MF FW,Toulouse,24,1999,9,5,464,05.févr,0,0,0,0,0,0,0,0,0.4,0.4,0.4,0.7,6,14,27,0.00,0.00,0.00,0.00,0.00,0.07,0.07,0.14,0.07,0.14
Samuel Gigot,fr FRA,DF,Marseille,29,1993,21,20,1 726,19.févr,3,0,3,3,0,0,7,1,02.avr,02.avr,0.9,03.mars,10,54,8,0.16,0.00,0.16,0.16,0.16,0.12,0.04,0.17,0.12,0.17
Aleksandr Golovin,ru RUS,MF FW,Monaco,27,1996,25,25,2 147,23.sept,6,6,12,6,0,0,8,1,03.avr,03.avr,04.juil,8.0,50,172,157,0.25,0.25,0.50,0.25,0.50,0.14,0.20,0.34,0.14,0.34
Angel Gomes,eng ENG,MF,Lille,22,2000,31,29,2 571,28.juin,0,8,8,0,0,0,5,0,2.0,2.0,06.févr,08.févr,49,204,71,0.00,0.28,0.28,0.00,0.28,0.07,0.22,0.29,0.07,0.29
Maxime Gonalons,fr FRA,MF,Clermont Foot,34,1989,21,17,1 296,14.avr,1,0,1,1,0,0,4,0,0.4,0.4,0.2,0.6,8,81,10,0.07,0.00,0.07,0.07,0.07,0.03,0.01,0.04,0.03,0.04
Mathieu Gorgelin,fr FRA,GK,Le Havre,32,1990,1,1,90,1.0,0,0,0,0,0,0,1,0,0.0,0.0,0.0,0.0,0,0,0,0.00,0.00,0.00,0.00,0.00,0.00,0.00,0.00,0.00,0.00
Amine Gouiri,dz ALG,FW MF,Rennes,23,2000,31,24,2 067,23.0,7,3,10,7,0,0,2,0,07.avr,07.mars,01.juil,09.janv,59,82,185,0.30,0.13,0.44,0.30,0.44,0.32,0.08,0.40,0.32,0.39
Jonathan Gradit,fr FRA,DF,Lens,30,1992,26,26,2 112,23.mai,1,0,1,1,0,0,9,1,0.3,0.3,0.1,0.5,21,177,6,0.04,0.00,0.04,0.04,0.04,0.01,0.01,0.02,0.01,0.02
Samuel Grandsir,fr FRA,MF FW,Le Havre,26,1996,23,4,606,06.juil,1,1,2,1,0,1,4,2,02.juin,01.sept,01.févr,3.0,22,35,68,0.15,0.15,0.30,0.15,0.30,0.39,0.17,0.57,0.28,0.45
Adrian Grbić,at AUT,FW,Lorient,26,1996,1,0,31,0.3,0,0,0,0,0,0,0,0,0.1,0.1,0.0,0.1,0,0,4,0.00,0.00,0.00,0.00,0.00,0.27,0.00,0.27,0.27,0.27
Gabriel Gudmundsson,se SWE,DF FW,Lille,24,1999,25,14,1 267,14.janv,1,0,1,1,0,0,2,0,01.janv,01.janv,01.févr,02.févr,39,37,66,0.07,0.00,0.07,0.07,0.07,0.08,0.08,0.16,0.08,0.16
Axel Gueguin,fr FRA,DF FW,Montpellier,18,2005,3,1,132,01.mai,0,0,0,0,0,0,0,0,0.0,0.0,0.1,0.1,2,3,6,0.00,0.00,0.00,0.00,0.00,0.00,0.04,0.04,0.00,0.04
Mattéo Guendouzi,fr FRA,MF,Marseille,24,1999,2,0,19,0.2,0,0,0,0,0,0,0,0,0.5,0.5,0.0,0.5,2,1,1,0.00,0.00,0.00,0.00,0.00,févr.59,0.00,févr.59,févr.59,févr.59
Evann Guessand,ci CIV,FW,Nice,22,2001,34,14,1 553,17.mars,6,0,6,4,2,2,1,0,08.avr,06.août,01.avr,08.févr,40,34,114,0.35,0.00,0.35,0.23,0.23,0.48,0.08,0.56,0.39,0.47
Pape Gueye,sn SEN,MF DF,Marseille,24,1999,15,9,765,08.mai,1,0,1,1,0,0,2,0,0.4,0.4,0.8,01.févr,8,61,18,0.12,0.00,0.12,0.12,0.12,0.05,0.09,0.14,0.05,0.14
Morgan Guilavogui,gn GUI,FW MF,Lens,25,1998,23,2,566,06.mars,2,0,2,2,0,0,1,0,01.juin,01.juin,01.févr,02.août,16,36,75,0.32,0.00,0.32,0.32,0.32,0.25,0.20,0.44,0.25,0.44
Frederic Guilbert,fr FRA,DF MF,Strasbourg,28,1994,32,29,2 49,27.juil,2,0,2,2,0,0,3,0,1.0,1.0,01.juin,02.juil,32,116,70,0.07,0.00,0.07,0.07,0.07,0.04,0.06,0.10,0.04,0.10
Jaouen Hadjam,dz ALG,DF,Nantes,20,2003,8,0,112,01.févr,0,0,0,0,0,0,0,0,0.0,0.0,0.4,0.4,6,10,17,0.00,0.00,0.00,0.00,0.00,0.03,0.29,0.32,0.03,0.32
Massadio Haïdara,ml MLI,DF,Lens,30,1992,18,7,741,08.févr,0,1,1,0,0,0,1,0,0.1,0.1,0.2,0.3,8,40,25,0.00,0.12,0.12,0.00,0.12,0.02,0.02,0.04,0.02,0.04
Oualid El Hajjam,ma MAR,DF MF,Le Havre,32,1991,13,4,393,04.avr,0,0,0,0,0,0,1,0,0.4,0.4,0.9,01.mars,7,16,27,0.00,0.00,0.00,0.00,0.00,0.09,0.20,0.29,0.09,0.29
Achraf Hakimi,ma MAR,DF,Paris S-G,24,1998,25,20,1 932,21.mai,4,5,9,4,0,0,3,0,04.févr,04.févr,05.févr,09.avr,84,218,230,0.19,0.23,0.42,0.19,0.42,0.20,0.24,0.44,0.20,0.44
Amine Harit,ma MAR,MF FW,Marseille,26,1997,28,21,1 821,20.févr,1,2,3,1,0,0,5,0,03.juil,03.juil,03.juil,07.avr,84,127,112,0.05,0.10,0.15,0.05,0.15,0.18,0.18,0.37,0.18,0.37
Silvan Hefti,ch SUI,DF FW,Montpellier,25,1997,11,9,711,07.sept,0,1,1,0,0,0,1,0,0.2,0.2,1.0,01.févr,14,25,36,0.00,0.13,0.13,0.00,0.13,0.03,0.13,0.15,0.03,0.15
Henrique,br BRA,DF,Lyon,29,1994,11,6,607,06.juil,1,0,1,1,0,0,2,0,0.3,0.3,0.4,0.8,20,36,33,0.15,0.00,0.15,0.15,0.15,0.05,0.06,0.11,0.05,0.11
Luis Henrique,br BRA,FW DF,Marseille,21,2001,15,8,784,08.juil,1,0,1,1,0,0,0,0,01.mars,01.mars,0.7,2.0,30,40,84,0.11,0.00,0.11,0.11,0.11,0.15,0.08,0.23,0.15,0.23
Player,Nation,Pos,Squad,Age,Born,MP,Starts,Min,90s,Gls,Ast,G+A,G-PK,PK,PKatt,CrdY,CrdR,xG,npxG,xAG,npxG+xAG,PrgC,PrgP,PrgR,Gls,Ast,G+A,G-PK,G+A-PK,xG,xAG,xG+xAG,npxG,npxG+xAG
Christophe Hérelle,mq MTQ,DF,Metz,30,1992,19,18,1 617,18.0,0,0,0,0,0,0,4,1,0.1,0.1,0.0,0.1,1,41,1,0.00,0.00,0.00,0.00,0.00,0.01,0.00,0.01,0.01,0.01
Lucas Hernández,fr FRA,DF,Paris S-G,27,1996,27,23,1 909,21.févr,1,1,2,1,0,0,6,0,0.5,0.5,01.juin,2.0,30,156,22,0.05,0.05,0.09,0.05,0.09,0.02,0.07,0.10,0.02,0.10
Andrej Ilic,rs SRB,FW,Lille,23,2000,2,0,9,0.1,0,0,0,0,0,0,0,0,0.0,0.0,0.0,0.0,0,0,0,0.00,0.00,0.00,0.00,0.00,0.00,0.00,0.00,0.00,0.00
Bonke Innocent,ng NGA,MF,Lorient,27,1996,4,3,210,02.mars,0,0,0,0,0,0,1,0,0.0,0.0,0.1,0.1,0,13,2,0.00,0.00,0.00,0.00,0.00,0.01,0.03,0.05,0.01,0.05
Ismaily,br BRA,DF,Lille,33,1990,30,28,2 465,27.avr,1,1,2,1,0,0,1,0,0.3,0.3,01.févr,01.avr,74,114,110,0.04,0.04,0.07,0.04,0.07,0.01,0.04,0.05,0.01,0.05
Yanis Issoufou,fr FRA,MF,Montpellier,16,2006,1,0,13,0.1,0,0,0,0,0,0,0,0,0.0,0.0,0.0,0.0,0,1,1,0.00,0.00,0.00,0.00,0.00,0.00,0.00,0.00,0.00,0.00
Junya Ito,jp JPN,FW MF,Reims,30,1993,31,31,2 714,30.2,3,7,10,3,0,0,2,0,04.mai,04.mai,11.mai,16.0,123,139,287,0.10,0.23,0.33,0.10,0.33,0.15,0.38,0.53,0.15,0.53
Jérémy Jacquet,fr FRA,MF,Rennes,18,2005,1,0,5,0.1,0,0,0,0,0,0,0,0,0.0,0.0,0.0,0.0,1,0,0,0.00,0.00,0.00,0.00,0.00,0.00,0.00,0.00,0.00,0.00
Jérémy Jacquet,fr FRA,DF,Clermont Foot,18,2005,6,2,253,02.août,0,1,1,0,0,0,0,0,0.2,0.2,0.3,0.5,5,15,4,0.00,0.36,0.36,0.00,0.36,0.08,0.12,0.19,0.08,0.19
Ismail Jakobs,sn SEN,DF,Monaco,23,1999,22,16,1 466,16.mars,1,2,3,1,0,0,0,0,01.mars,01.mars,01.août,03.janv,44,56,133,0.06,0.12,0.18,0.06,0.18,0.08,0.11,0.19,0.08,0.19
Ablie Jallow,gm GAM,MF FW,Metz,24,1998,17,10,918,10.févr,3,2,5,2,1,1,1,0,2.0,01.févr,1.0,02.févr,29,42,53,0.29,0.20,0.49,0.20,0.39,0.19,0.10,0.29,0.12,0.22
Danley Jean-Jacques,ht HAI,MF,Metz,23,2000,33,30,2 682,29.août,0,0,0,0,0,0,5,0,02.sept,02.sept,0.6,03.mai,35,84,53,0.00,0.00,0.00,0.00,0.00,0.10,0.02,0.12,0.10,0.12
Jeffinho,br BRA,FW MF,Lyon,23,1999,10,3,308,03.avr,1,1,2,1,0,0,0,0,1.0,1.0,0.6,01.juin,15,14,36,0.29,0.29,0.58,0.29,0.58,0.30,0.18,0.48,0.30,0.48
Antoine Joujou,fr FRA,FW MF,Le Havre,20,2003,23,6,779,08.juil,0,2,2,0,0,0,1,0,01.janv,01.janv,0.6,01.août,35,22,82,0.00,0.23,0.23,0.00,0.23,0.13,0.07,0.20,0.13,0.20
Christopher Jullien,fr FRA,DF,Montpellier,30,1993,20,13,1 233,13.juil,1,0,1,1,0,0,5,0,01.janv,01.janv,0.1,01.févr,1,26,4,0.07,0.00,0.07,0.07,0.07,0.08,0.00,0.09,0.08,0.09
Eli Junior Kroupi,fr FRA,FW MF,Lorient,17,2006,30,11,1 084,12.0,5,3,8,5,0,0,1,0,03.mai,03.mai,01.août,05.mars,10,12,63,0.42,0.25,0.66,0.42,0.66,0.29,0.15,0.44,0.29,0.44
Abdoul Kader Bamba,fr FRA,FW MF,Nantes,29,1994,23,1,611,06.août,2,1,3,2,0,0,2,0,02.janv,02.janv,1.0,03.févr,41,31,73,0.29,0.15,0.44,0.29,0.44,0.31,0.15,0.46,0.31,0.46
Yaya Kader Fofana,ml MLI,MF DF,Reims,19,2004,4,0,32,0.4,0,0,0,0,0,0,0,0,0.1,0.1,0.0,0.1,1,3,1,0.00,0.00,0.00,0.00,0.00,0.23,0.00,0.23,0.23,0.23
Tino Kadewere,zw ZIM,FW MF,Lyon,27,1996,11,2,296,03.mars,0,0,0,0,0,0,0,0,0.7,0.7,0.3,0.9,4,12,28,0.00,0.00,0.00,0.00,0.00,0.20,0.09,0.28,0.20,0.28
Tino Kadewere,zw ZIM,FW MF,Nantes,27,1996,14,8,781,08.juil,1,0,1,1,0,1,1,0,01.sept,01.févr,01.août,02.sept,15,26,53,0.12,0.00,0.12,0.12,0.12,0.22,0.21,0.43,0.13,0.34
Arnaud Kalimuendo,fr FRA,FW,Rennes,21,2002,30,25,2 139,23.août,10,1,11,8,2,2,6,0,9.0,07.avr,02.juil,10.janv,27,37,181,0.42,0.04,0.46,0.34,0.38,0.38,0.11,0.49,0.31,0.43
Gedeon Kalulu,cd COD,DF,Lorient,25,1997,19,11,970,10.août,0,1,1,0,0,0,0,0,0.3,0.3,01.janv,01.avr,17,35,60,0.00,0.09,0.09,0.00,0.09,0.03,0.10,0.13,0.03,0.13
Warren Kamanzi,no NOR,DF FW,Toulouse,22,2000,24,12,1 187,13.févr,0,3,3,0,0,0,1,0,0.8,0.8,02.mai,03.avr,35,56,55,0.00,0.23,0.23,0.00,0.23,0.06,0.19,0.26,0.06,0.26
Lee Kang-in,kr KOR,FW MF,Paris S-G,22,2001,23,18,1 464,16.mars,3,4,7,3,0,0,2,0,01.mai,01.mai,02.mars,03.juil,50,103,150,0.18,0.25,0.43,0.18,0.43,0.09,0.14,0.23,0.09,0.23
Yann Karamoh,fr FRA,FW MF,Montpellier,25,1998,12,1,284,03.févr,1,0,1,1,0,0,1,0,0.8,0.8,0.2,1.0,7,3,28,0.32,0.00,0.32,0.32,0.32,0.26,0.06,0.32,0.26,0.32
Player,Nation,Pos,Squad,Age,Born,MP,Starts,Min,90s,Gls,Ast,G+A,G-PK,PK,PKatt,CrdY,CrdR,xG,npxG,xAG,npxG+xAG,PrgC,PrgP,PrgR,Gls,Ast,G+A,G-PK,G+A-PK,xG,xAG,xG+xAG,npxG,npxG+xAG
Ayman Kari,fr FRA,MF,Lorient,18,2004,14,12,893,09.sept,1,1,2,1,0,0,1,0,0.6,0.6,0.8,01.mai,22,37,53,0.10,0.10,0.20,0.10,0.20,0.06,0.08,0.15,0.06,0.15
Panos Katseris,gr GRE,DF,Lorient,22,2001,15,13,1 041,11.juin,1,1,2,1,0,0,4,0,02.janv,02.janv,0.8,02.sept,24,21,86,0.09,0.09,0.17,0.09,0.17,0.18,0.07,0.25,0.18,0.25
Kévin Keben Biakolo,cm CMR,DF,Toulouse,19,2004,8,7,521,05.août,0,0,0,0,0,0,1,0,0.0,0.0,0.1,0.1,5,13,10,0.00,0.00,0.00,0.00,0.00,0.00,0.01,0.01,0.00,0.01
Yassine Kechta,ma MAR,MF,Le Havre,21,2002,32,21,1 849,20.mai,2,1,3,2,0,0,4,0,01.juin,01.juin,02.févr,03.août,41,122,67,0.10,0.05,0.15,0.10,0.15,0.08,0.11,0.19,0.08,0.19
Thilo Kehrer,de GER,DF,Monaco,26,1996,15,15,1 323,14.juil,1,1,2,1,0,0,4,1,0.7,0.7,01.janv,01.août,13,90,16,0.07,0.07,0.14,0.07,0.14,0.05,0.07,0.12,0.05,0.12
Habib Keita,ml MLI,MF,Clermont Foot,21,2002,27,12,1 278,14.févr,1,0,1,1,0,0,4,0,0.7,0.7,0.6,01.mars,9,53,23,0.07,0.00,0.07,0.07,0.07,0.05,0.05,0.09,0.05,0.09
Reda Khadra,de GER,FW MF,Reims,22,2001,29,14,1 368,15.févr,1,3,4,1,0,0,1,0,01.août,01.août,03.mai,05.avr,35,40,110,0.07,0.20,0.26,0.07,0.26,0.12,0.23,0.35,0.12,0.35
Wahbi Khazri,tn TUN,FW,Montpellier,32,1991,25,13,1 131,12.juin,1,0,1,1,0,0,6,0,03.mars,03.mars,01.févr,04.mai,27,33,76,0.08,0.00,0.08,0.08,0.08,0.26,0.10,0.36,0.26,0.36
Abdukodir Khusanov,uz UZB,DF,Lens,19,2004,11,9,809,9.0,0,0,0,0,0,0,5,0,0.2,0.2,0.1,0.2,5,23,1,0.00,0.00,0.00,0.00,0.00,0.02,0.01,0.03,0.02,0.03
Philipp Köhn,ch SUI,GK,Monaco,25,1998,22,22,1 98,22.0,0,0,0,0,0,0,0,0,0.0,0.0,0.0,0.0,0,0,0,0.00,0.00,0.00,0.00,0.00,0.00,0.00,0.00,0.00,0.00
Randal Kolo Muani,fr FRA,FW MF,Paris S-G,24,1998,26,13,1 268,14.janv,6,5,11,6,0,0,1,0,06.janv,06.janv,03.mars,09.avr,36,42,125,0.43,0.35,0.78,0.43,0.78,0.43,0.23,0.66,0.43,0.66
Cheick Konaté,ml MLI,DF,Clermont Foot,19,2004,19,12,1 068,11.sept,1,1,2,1,0,0,4,0,0.5,0.5,01.juin,02.janv,22,37,86,0.08,0.08,0.17,0.08,0.17,0.04,0.13,0.18,0.04,0.18
Geoffrey Kondogbia,cf CTA,MF,Marseille,30,1993,26,15,1 463,16.mars,0,0,0,0,0,0,3,0,0.4,0.4,0.5,0.9,7,93,25,0.00,0.00,0.00,0.00,0.00,0.02,0.03,0.06,0.02,0.06
Abdoul Koné,fr FRA,DF,Reims,18,2005,3,3,193,02.janv,0,0,0,0,0,0,1,0,0.0,0.0,0.7,0.7,3,5,1,0.00,0.00,0.00,0.00,0.00,0.00,0.30,0.30,0.00,0.30
Amadou Koné,ml MLI,MF,Reims,18,2005,16,4,475,05.mars,0,0,0,0,0,0,4,1,0.3,0.3,0.2,0.4,2,28,2,0.00,0.00,0.00,0.00,0.00,0.05,0.03,0.08,0.05,0.08
Ibrahima Koné,ml MLI,FW,Lorient,24,1999,1,0,32,0.4,0,0,0,0,0,0,0,0,0.0,0.0,0.0,0.0,0,0,1,0.00,0.00,0.00,0.00,0.00,0.00,0.00,0.00,0.00,0.00
N'Guessan Kouadio,ci CIV,MF FW,Metz,20,2003,6,1,110,01.févr,0,0,0,0,0,0,0,0,0.1,0.1,0.0,0.1,1,5,2,0.00,0.00,0.00,0.00,0.00,0.07,0.00,0.07,0.07,0.07
Koffi Kouao,ci CIV,DF,Metz,25,1998,13,10,860,09.juin,0,2,2,0,0,0,2,0,0.2,0.2,01.mai,01.juil,10,29,29,0.00,0.21,0.21,0.00,0.21,0.02,0.16,0.18,0.02,0.18
Therence Koudou,fr FRA,DF,Reims,18,2004,9,3,314,03.mai,0,0,0,0,0,0,3,0,0.1,0.1,0.3,0.3,8,14,21,0.00,0.00,0.00,0.00,0.00,0.02,0.07,0.09,0.02,0.09
Boubakar Kouyaté,ml MLI,DF,Montpellier,26,1997,23,22,1 928,21.avr,0,2,2,0,0,0,5,1,0.8,0.8,01.mars,02.janv,4,58,3,0.00,0.09,0.09,0.00,0.09,0.04,0.06,0.10,0.04,0.10
Sael Kumbedi,fr FRA,DF,Lyon,18,2005,17,8,924,10.mars,0,1,1,0,0,0,3,0,0.2,0.2,0.7,1.0,19,42,75,0.00,0.10,0.10,0.00,0.10,0.02,0.07,0.09,0.02,0.09
Layvin Kurzawa,fr FRA,DF,Paris S-G,30,1992,1,0,9,0.1,0,0,0,0,0,0,0,0,0.0,0.0,0.0,0.0,0,0,1,0.00,0.00,0.00,0.00,0.00,0.00,0.00,0.00,0.00,0.00
Daler Kuzyaev,ru RUS,MF,Le Havre,30,1993,30,24,2 09,23.févr,2,2,4,2,0,0,1,0,01.août,01.août,01.mars,03.févr,23,119,97,0.09,0.09,0.17,0.09,0.17,0.08,0.06,0.14,0.08,0.14
Grejohn Kyei,fr FRA,FW,Clermont Foot,27,1995,26,10,1 026,11.avr,2,1,3,1,1,1,1,0,04.sept,04.janv,01.févr,05.mars,12,30,85,0.18,0.09,0.26,0.09,0.18,0.43,0.11,0.54,0.36,0.47
Gaëtan Laborde,fr FRA,FW MF,Nice,29,1994,34,22,1 906,21.févr,5,2,7,4,1,2,2,0,07.juil,06.janv,01.août,07.sept,33,46,161,0.24,0.09,0.33,0.19,0.28,0.36,0.08,0.45,0.29,0.37
Player,Nation,Pos,Squad,Age,Born,MP,Starts,Min,90s,Gls,Ast,G+A,G-PK,PK,PKatt,CrdY,CrdR,xG,npxG,xAG,npxG+xAG,PrgC,PrgP,PrgR,Gls,Ast,G+A,G-PK,G+A-PK,xG,xAG,xG+xAG,npxG,npxG+xAG
Alexandre Lacazette,fr FRA,FW,Lyon,32,1991,29,27,2 293,25.mai,19,2,21,17,2,2,3,1,11.avr,09.août,01.sept,11.juil,22,61,144,0.75,0.08,0.82,0.67,0.75,0.45,0.07,0.52,0.39,0.46
Alban Lafont,ci CIV,GK,Nantes,24,1999,28,28,2 496,27.juil,0,0,0,0,0,0,2,0,0.0,0.0,0.0,0.0,0,3,0,0.00,0.00,0.00,0.00,0.00,0.00,0.00,0.00,0.00,0.00
Kenny Lala,mg MAD,DF,Brest,31,1991,33,33,2 97,33.0,2,3,5,2,0,0,7,0,0.5,0.5,03.mars,03.août,45,200,98,0.06,0.09,0.15,0.06,0.15,0.01,0.10,0.12,0.01,0.12
Mathis Lambourde,fr FRA,FW,Rennes,17,2006,1,0,10,0.1,0,0,0,0,0,0,0,0,0.0,0.0,0.0,0.0,1,0,2,0.00,0.00,0.00,0.00,0.00,0.00,0.00,0.00,0.00,0.00
Mohamed Lamine Bayo,gn GUI,FW,Le Havre,25,1998,22,16,1 389,15.avr,5,1,6,3,2,2,4,0,07.févr,05.juil,0.6,06.févr,18,20,115,0.32,0.06,0.39,0.19,0.26,0.47,0.04,0.51,0.37,0.40
Didier Lamkel Zé,cm CMR,FW MF,Metz,26,1996,9,7,550,06.janv,1,0,1,1,0,0,1,0,01.juin,01.juin,0.9,02.mai,15,19,23,0.16,0.00,0.16,0.16,0.16,0.26,0.15,0.41,0.26,0.41
Julien Laporte,fr FRA,DF,Lorient,29,1993,23,20,1 818,20.févr,0,0,0,0,0,0,4,0,0.8,0.8,0.0,0.8,5,56,3,0.00,0.00,0.00,0.00,0.00,0.04,0.00,0.04,0.04,0.04
Théo Le Bris,fr FRA,DF MF,Lorient,20,2002,26,15,1 516,16.août,0,2,2,0,0,0,2,0,01.févr,01.févr,01.juin,02.août,56,58,117,0.00,0.12,0.12,0.00,0.12,0.07,0.10,0.17,0.07,0.17
Julien Le Cardinal,fr FRA,DF,Brest,25,1997,12,5,473,05.mars,0,0,0,0,0,0,3,0,0.3,0.3,0.1,0.4,3,24,4,0.00,0.00,0.00,0.00,0.00,0.05,0.02,0.08,0.05,0.08
Julien Le Cardinal,fr FRA,DF,Lens,25,1997,2,0,58,0.6,0,0,0,0,0,0,0,0,0.0,0.0,0.0,0.0,1,4,2,0.00,0.00,0.00,0.00,0.00,0.00,0.00,0.00,0.00,0.00
Jérémy Le Douaron,fr FRA,FW,Brest,25,1998,33,19,1 618,18.0,4,0,4,4,0,0,3,0,06.févr,06.févr,1.0,07.févr,48,21,130,0.22,0.00,0.22,0.22,0.22,0.34,0.06,0.40,0.34,0.40
Enzo Le Fée,fr FRA,MF,Rennes,23,2000,25,19,1 527,17.0,0,1,1,0,0,0,3,0,0.5,0.5,01.août,02.mars,45,124,58,0.00,0.06,0.06,0.00,0.06,0.03,0.11,0.14,0.03,0.14
Vincent Le Goff,fr FRA,DF MF,Lorient,33,1989,9,8,541,6.0,1,1,2,1,0,0,1,0,0.1,0.1,0.9,1.0,9,22,51,0.17,0.17,0.33,0.17,0.33,0.02,0.15,0.17,0.02,0.17
Adrien Lebeau,fr FRA,MF FW,Brest,24,1999,7,0,54,0.6,0,1,1,0,0,0,0,0,0.1,0.1,0.5,0.5,1,0,5,0.00,janv.67,janv.67,0.00,janv.67,0.10,0.77,0.87,0.10,0.87
Jean-Louis Leca,fr FRA,GK,Lens,37,1985,1,1,90,1.0,0,0,0,0,0,0,0,0,0.0,0.0,0.0,0.0,0,0,0,0.00,0.00,0.00,0.00,0.00,0.00,0.00,0.00,0.00,0.00
Benjamin Lecomte,fr FRA,GK,Montpellier,32,1991,30,30,2 7,30.0,0,1,1,0,0,0,1,0,0.0,0.0,0.5,0.5,0,0,0,0.00,0.03,0.03,0.00,0.03,0.00,0.02,0.02,0.00,0.02
Pierre Lees-Melou,fr FRA,MF,Brest,30,1993,29,29,2 517,28.0,4,0,4,4,0,0,12,1,02.avr,02.avr,02.avr,04.août,51,193,43,0.14,0.00,0.14,0.14,0.14,0.09,0.08,0.17,0.09,0.17
Johann Lepenant,fr FRA,MF,Lyon,20,2002,6,2,253,02.août,0,0,0,0,0,0,1,0,0.1,0.1,0.1,0.2,5,24,6,0.00,0.00,0.00,0.00,0.00,0.05,0.03,0.08,0.05,0.08
Léo Leroy,fr FRA,MF,Montpellier,23,2000,21,3,499,05.mai,0,1,1,0,0,0,4,0,0.8,0.8,0.7,01.mai,8,21,9,0.00,0.18,0.18,0.00,0.18,0.15,0.13,0.28,0.15,0.28
Gautier Lloris,fr FRA,DF,Le Havre,28,1995,31,31,2 778,30.sept,2,0,2,2,0,0,2,0,02.janv,02.janv,0.2,02.mars,13,105,5,0.06,0.00,0.06,0.06,0.06,0.07,0.01,0.07,0.07,0.07
Abou Lô,sn SEN,MF DF,Metz,23,2000,6,2,197,02.févr,0,0,0,0,0,0,0,1,0.1,0.1,0.3,0.5,0,4,2,0.00,0.00,0.00,0.00,0.00,0.06,0.16,0.22,0.06,0.22
Bradley Locko,fr FRA,DF,Brest,21,2002,33,33,2 959,32.9,0,3,3,0,0,0,5,0,0.3,0.3,01.juin,01.sept,83,129,162,0.00,0.09,0.09,0.00,0.09,0.01,0.05,0.06,0.01,0.06
Renan Lodi,br BRA,DF,Marseille,25,1998,14,14,1 235,13.juil,0,0,0,0,0,0,6,0,0.3,0.3,01.mars,01.juin,25,51,77,0.00,0.00,0.00,0.00,0.00,0.02,0.10,0.12,0.02,0.12
Elysée Logbo,fr FRA,FW,Le Havre,19,2004,10,2,248,02.août,0,0,0,0,0,0,0,0,0.3,0.3,0.1,0.5,1,2,7,0.00,0.00,0.00,0.00,0.00,0.12,0.04,0.16,0.12,0.16
Anthony Lopes,pt POR,GK,Lyon,32,1990,31,31,2 79,31.0,0,0,0,0,0,0,0,0,0.0,0.0,0.3,0.3,1,1,0,0.00,0.00,0.00,0.00,0.00,0.00,0.01,0.01,0.00,0.01
Player,Nation,Pos,Squad,Age,Born,MP,Starts,Min,90s,Gls,Ast,G+A,G-PK,PK,PKatt,CrdY,CrdR,xG,npxG,xAG,npxG+xAG,PrgC,PrgP,PrgR,Gls,Ast,G+A,G-PK,G+A-PK,xG,xAG,xG+xAG,npxG,npxG+xAG
Pau López,es ESP,GK,Marseille,28,1994,33,33,2 939,32.7,0,0,0,0,0,0,1,0,0.0,0.0,0.5,0.5,0,0,0,0.00,0.00,0.00,0.00,0.00,0.00,0.01,0.01,0.00,0.01
Jordan Lotomba,ch SUI,DF,Nice,24,1998,28,21,1 804,20.0,1,0,1,1,0,0,4,0,0.9,0.9,01.janv,2.0,36,52,40,0.05,0.00,0.05,0.05,0.05,0.04,0.05,0.10,0.04,0.10
Tom Louchet,fr FRA,MF DF,Nice,20,2003,13,3,409,04.mai,1,1,2,1,0,0,1,0,1.0,1.0,0.7,01.juil,6,18,40,0.22,0.22,0.44,0.22,0.44,0.23,0.16,0.38,0.23,0.38
Imran Louza,ma MAR,MF,Lorient,24,1999,14,10,863,09.juin,1,3,4,1,0,0,1,0,01.janv,01.janv,02.mai,03.juin,19,83,36,0.10,0.31,0.42,0.10,0.42,0.11,0.27,0.37,0.11,0.37
Dejan Lovren,hr CRO,DF,Lyon,34,1989,10,8,718,8.0,0,0,0,0,0,0,2,1,0.4,0.4,0.0,0.5,5,20,1,0.00,0.00,0.00,0.00,0.00,0.06,0.00,0.06,0.06,0.06
Joshua M'Bahia,ci CIV,MF,Clermont Foot,18,2005,1,0,14,0.2,0,0,0,0,0,0,1,0,0.0,0.0,0.0,0.0,0,1,2,0.00,0.00,0.00,0.00,0.00,0.00,0.21,0.21,0.00,0.21
Othmane Maamma,ma MAR,FW,Montpellier,17,2005,2,1,88,1.0,1,0,1,1,0,0,0,0,0.3,0.3,0.5,0.7,7,2,3,01.févr,0.00,01.févr,01.févr,01.févr,0.27,0.47,0.74,0.27,0.74
Deiver Machado,co COL,DF,Lens,29,1993,19,13,1 124,12.mai,4,0,4,4,0,0,4,0,01.juil,01.juil,01.mars,02.sept,22,26,74,0.32,0.00,0.32,0.32,0.32,0.13,0.10,0.24,0.13,0.24
Soungoutou Magassa,fr FRA,DF MF,Monaco,19,2003,21,15,1 346,15.0,0,0,0,0,0,0,7,0,0.6,0.6,0.1,0.8,7,92,13,0.00,0.00,0.00,0.00,0.00,0.04,0.01,0.05,0.04,0.05
Hugo Magnetti,fr FRA,MF,Brest,25,1998,33,30,2 34,26.0,2,0,2,2,0,0,6,0,02.avr,02.avr,01.août,04.mars,36,101,61,0.08,0.00,0.08,0.08,0.08,0.09,0.07,0.16,0.09,0.16
Yohann Magnin,fr FRA,MF,Clermont Foot,26,1997,31,17,1 687,18.juil,1,0,1,1,0,0,2,0,01.juin,01.juin,0.7,02.mars,14,71,47,0.05,0.00,0.05,0.05,0.05,0.09,0.04,0.12,0.09,0.12
Frank Magri,cm CMR,FW MF,Toulouse,23,1999,29,14,1 438,16.0,5,2,7,5,0,0,5,0,03.janv,03.janv,01.juin,04.juil,31,34,121,0.31,0.13,0.44,0.31,0.44,0.19,0.10,0.29,0.19,0.29
Adel Mahamoud,km COM,FW,Nantes,20,2003,1,0,10,0.1,0,0,0,0,0,0,0,0,0.0,0.0,0.0,0.0,0,2,1,0.00,0.00,0.00,0.00,0.00,0.00,0.00,0.00,0.00,0.00
Habib Maïga,ci CIV,MF FW,Metz,27,1996,7,1,147,01.juin,0,0,0,0,0,0,0,0,0.1,0.1,0.0,0.1,1,3,1,0.00,0.00,0.00,0.00,0.00,0.07,0.00,0.07,0.07,0.07
Ainsley Maitland-Niles,eng ENG,DF MF,Lyon,25,1997,23,16,1 432,15.sept,1,4,5,0,1,1,1,1,3.0,02.févr,02.janv,04.févr,26,76,82,0.06,0.25,0.31,0.00,0.25,0.19,0.13,0.32,0.14,0.27
Radosław Majecki,pl POL,GK,Monaco,23,1999,12,12,1 08,12.0,0,0,0,0,0,0,1,0,0.0,0.0,0.0,0.0,0,1,0,0.00,0.00,0.00,0.00,0.00,0.00,0.00,0.00,0.00,0.00
Lovro Majer,hr CRO,MF,Rennes,25,1998,1,0,16,0.2,0,0,0,0,0,0,0,0,0.0,0.0,0.3,0.3,1,0,1,0.00,0.00,0.00,0.00,0.00,0.14,janv.39,janv.52,0.14,janv.52
Jean-Victor Makengo,fr FRA,MF FW,Lorient,25,1998,11,5,479,05.mars,0,0,0,0,0,0,0,0,0.3,0.3,0.0,0.3,11,28,17,0.00,0.00,0.00,0.00,0.00,0.05,0.00,0.05,0.05,0.05
Aaron Malouda,fr FRA,FW,Lille,17,2005,1,0,1,0.0,0,0,0,0,0,0,0,0,0.0,0.0,0.0,0.0,0,0,0,0.00,0.00,0.00,0.00,0.00,0.00,0.00,0.00,0.00,0.00
Hianga Mananga Mbock,fr FRA,MF FW,Brest,23,1999,2,0,9,0.1,0,0,0,0,0,0,0,0,0.1,0.1,0.2,0.2,1,2,0,0.00,0.00,0.00,0.00,0.00,0.55,janv.62,févr.17,0.55,févr.17
Steve Mandanda,fr FRA,GK,Rennes,38,1985,34,34,3 06,34.0,0,0,0,0,0,0,1,0,0.0,0.0,0.0,0.0,0,2,0,0.00,0.00,0.00,0.00,0.00,0.00,0.00,0.00,0.00,0.00
Orel Mangala,be BEL,MF,Lyon,25,1998,8,4,398,04.avr,2,0,2,2,0,0,0,0,1.0,1.0,0.7,01.juin,9,26,21,0.45,0.00,0.45,0.45,0.45,0.22,0.15,0.37,0.22,0.37
Vito Mannone,it ITA,GK,Lille,35,1988,2,1,91,1.0,0,0,0,0,0,0,0,0,0.0,0.0,0.0,0.0,0,0,0,0.00,0.00,0.00,0.00,0.00,0.00,0.00,0.00,0.00,0.00
Faitout Maouassa,fr FRA,MF DF,Lens,25,1998,3,1,76,0.8,0,0,0,0,0,0,0,0,0.1,0.1,0.1,0.2,2,0,2,0.00,0.00,0.00,0.00,0.00,0.09,0.12,0.21,0.09,0.21
Guillermo Maripán,cl CHI,DF,Monaco,29,1994,23,21,1 767,19.juin,1,0,1,1,0,0,0,1,0.4,0.4,0.5,0.9,4,59,5,0.05,0.00,0.05,0.05,0.05,0.02,0.02,0.05,0.02,0.05
Player,Nation,Pos,Squad,Age,Born,MP,Starts,Min,90s,Gls,Ast,G+A,G-PK,PK,PKatt,CrdY,CrdR,xG,npxG,xAG,npxG+xAG,PrgC,PrgP,PrgR,Gls,Ast,G+A,G-PK,G+A-PK,xG,xAG,xG+xAG,npxG,npxG+xAG
Marquinhos,br BRA,FW MF,Nantes,20,2003,7,1,154,01.juil,0,0,0,0,0,0,0,0,0.3,0.3,0.7,1.0,2,4,11,0.00,0.00,0.00,0.00,0.00,0.15,0.43,0.58,0.15,0.58
Marquinhos,br BRA,DF,Paris S-G,29,1994,21,18,1 537,17.janv,0,1,1,0,0,0,1,0,0.4,0.4,0.5,0.9,18,114,3,0.00,0.06,0.06,0.00,0.06,0.03,0.03,0.05,0.03,0.05
Jonas Martin,fr FRA,MF,Brest,33,1990,31,9,1 208,13.avr,0,1,1,0,0,0,5,0,01.févr,01.févr,0.9,02.janv,28,105,32,0.00,0.07,0.07,0.00,0.07,0.09,0.07,0.15,0.09,0.15
Clinton Mata,ao ANG,DF,Lyon,30,1992,28,25,2 22,24.juil,0,3,3,0,0,0,6,0,0.6,0.6,02.févr,02.août,32,97,60,0.00,0.12,0.12,0.00,0.12,0.02,0.09,0.11,0.02,0.11
Eliot Matazo,be BEL,MF,Monaco,21,2002,6,0,102,01.janv,0,1,1,0,0,0,2,0,0.1,0.1,1.0,01.janv,2,10,2,0.00,0.88,0.88,0.00,0.88,0.07,0.91,0.98,0.07,0.98
Nemanja Matić,rs SRB,MF,Rennes,34,1988,13,11,1 027,11.avr,0,0,0,0,0,0,7,0,0.3,0.3,0.8,01.janv,14,83,8,0.00,0.00,0.00,0.00,0.00,0.03,0.07,0.10,0.03,0.10
Nemanja Matić,rs SRB,MF,Lyon,34,1988,15,15,1 254,13.sept,0,0,0,0,0,0,2,0,0.3,0.3,0.6,0.9,26,118,17,0.00,0.00,0.00,0.00,0.00,0.02,0.04,0.06,0.02,0.06
Chrislain Matsima,fr FRA,DF,Clermont Foot,21,2002,14,13,1 18,13.janv,1,0,1,1,0,0,2,0,0.2,0.2,0.0,0.2,13,45,1,0.08,0.00,0.08,0.08,0.08,0.01,0.00,0.01,0.01,0.01
Chrislain Matsima,fr FRA,DF,Monaco,21,2002,6,3,298,03.mars,0,1,1,0,0,0,2,0,0.1,0.1,0.1,0.2,5,31,5,0.00,0.30,0.30,0.00,0.30,0.04,0.02,0.06,0.04,0.06
Azor Matusiwa,nl NED,MF,Reims,25,1998,16,16,1 385,15.avr,1,0,1,1,0,0,3,0,0.7,0.7,0.7,01.mars,12,78,12,0.06,0.00,0.06,0.06,0.06,0.04,0.04,0.09,0.04,0.09
Azor Matusiwa,nl NED,MF,Rennes,25,1998,12,9,794,08.août,0,1,1,0,0,0,2,0,0.3,0.3,0.4,0.7,3,64,12,0.00,0.11,0.11,0.00,0.11,0.04,0.04,0.08,0.04,0.08
Aïman Maurer,ma MAR,MF FW,Clermont Foot,18,2004,5,0,56,0.6,0,0,0,0,0,0,0,0,0.1,0.1,0.0,0.1,1,2,8,0.00,0.00,0.00,0.00,0.00,0.20,0.00,0.20,0.20,0.20
Christian Mawissa,fr FRA,DF,Toulouse,18,2005,17,12,1 118,12.avr,2,0,2,2,0,0,3,0,1.0,1.0,0.3,01.mars,26,39,11,0.16,0.00,0.16,0.16,0.16,0.08,0.02,0.10,0.08,0.10
Noam Mayoka-Tika,be BEL,MF,Marseille,19,2003,1,0,1,0.0,0,0,0,0,0,0,0,0,0.0,0.0,0.0,0.0,0,0,0,0.00,0.00,0.00,0.00,0.00,0.00,0.00,0.00,0.00,0.00
Senny Mayulu,fr FRA,FW MF,Paris S-G,17,2006,8,3,324,03.juin,0,1,1,0,0,0,0,0,0.1,0.1,0.5,0.6,4,11,38,0.00,0.28,0.28,0.00,0.28,0.04,0.13,0.17,0.04,0.17
Youssef Maziz,fr FRA,FW MF,Metz,25,1998,2,2,124,01.avr,1,0,1,1,0,0,0,0,0.1,0.1,0.1,0.2,2,6,2,0.73,0.00,0.73,0.73,0.73,0.08,0.04,0.12,0.08,0.12
Ethan Mbappé,fr FRA,MF DF,Paris S-G,16,2006,3,0,48,0.5,0,0,0,0,0,0,0,0,0.1,0.1,0.0,0.1,1,1,4,0.00,0.00,0.00,0.00,0.00,0.27,0.00,0.27,0.27,0.27
Kylian Mbappé,fr FRA,FW,Paris S-G,24,1998,29,24,2 158,24.0,27,7,34,21,6,8,4,0,21.0,14.mai,05.juil,20.févr,114,122,285,janv.13,0.29,janv.42,0.88,janv.17,0.87,0.24,01.nov,0.60,0.84
Malick Mbaye,sn SEN,MF FW,Metz,19,2004,5,1,153,01.juil,0,0,0,0,0,0,1,0,0.4,0.4,0.2,0.6,8,1,20,0.00,0.00,0.00,0.00,0.00,0.26,0.11,0.37,0.26,0.37
Chancel Mbemba,cd COD,DF,Marseille,28,1994,25,25,2 207,24.mai,2,2,4,2,0,0,1,0,01.août,01.août,1.0,02.août,16,131,10,0.08,0.08,0.16,0.08,0.16,0.07,0.04,0.12,0.07,0.12
Nolan Mbemba,cg CGO,MF,Le Havre,28,1995,6,0,22,0.2,1,0,1,1,0,0,0,0,0.0,0.0,0.0,0.0,0,5,1,04.sept,0.00,04.sept,04.sept,04.sept,0.17,0.00,0.17,0.17,0.17
Christ Mbondi,fr FRA,FW,Reims,18,2004,1,0,2,0.0,0,0,0,0,0,0,0,0,0.0,0.0,0.0,0.0,0,0,1,0.00,0.00,0.00,0.00,0.00,0.00,0.00,0.00,0.00,0.00
Facundo Medina,ar ARG,DF,Lens,24,1999,31,30,2 714,30.2,1,3,4,1,0,0,11,0,01.janv,01.janv,01.août,02.sept,51,219,20,0.03,0.10,0.13,0.03,0.13,0.04,0.06,0.10,0.04,0.10
Bamo Meïté,ci CIV,DF,Marseille,21,2001,16,6,638,07.janv,0,0,0,0,0,0,1,0,0.1,0.1,0.0,0.1,11,29,5,0.00,0.00,0.00,0.00,0.00,0.01,0.00,0.01,0.01,0.01
Bamo Meïté,ci CIV,DF,Lorient,21,2001,2,2,146,01.juin,0,0,0,0,0,0,0,0,0.0,0.0,0.0,0.0,0,1,0,0.00,0.00,0.00,0.00,0.00,0.00,0.00,0.00,0.00,0.00
Player,Nation,Pos,Squad,Age,Born,MP,Starts,Min,90s,Gls,Ast,G+A,G-PK,PK,PKatt,CrdY,CrdR,xG,npxG,xAG,npxG+xAG,PrgC,PrgP,PrgR,Gls,Ast,G+A,G-PK,G+A-PK,xG,xAG,xG+xAG,npxG,npxG+xAG
Birger Meling,no NOR,DF,Rennes,28,1994,1,0,16,0.2,0,0,0,0,0,0,0,0,0.2,0.2,0.0,0.2,0,0,0,0.00,0.00,0.00,0.00,0.00,0.80,0.00,0.80,0.80,0.80
Nuno Mendes,pt POR,DF,Paris S-G,21,2002,6,2,267,3.0,1,1,2,1,0,0,3,0,0.3,0.3,0.4,0.7,12,21,25,0.34,0.34,0.67,0.34,0.67,0.11,0.14,0.25,0.11,0.25
Antoine Mendy,sn SEN,DF,Nice,19,2004,10,4,418,04.juin,0,0,0,0,0,0,0,0,0.1,0.1,0.4,0.5,3,12,6,0.00,0.00,0.00,0.00,0.00,0.02,0.08,0.10,0.02,0.10
Benjamin Mendy,fr FRA,DF,Lorient,29,1994,15,7,711,07.sept,2,1,3,2,0,0,3,0,01.janv,01.janv,01.sept,3.0,26,34,85,0.25,0.13,0.38,0.25,0.38,0.14,0.24,0.38,0.14,0.38
Formose Mendy,sn SEN,DF,Lorient,22,2001,18,13,1 256,14.0,0,0,0,0,0,0,6,0,0.3,0.3,0.1,0.4,14,61,13,0.00,0.00,0.00,0.00,0.00,0.02,0.00,0.03,0.02,0.03
Nampalys Mendy,sn SEN,MF,Lens,31,1992,16,13,1 052,11.juil,0,1,1,0,0,0,2,0,0.2,0.2,01.janv,01.mars,21,84,13,0.00,0.09,0.09,0.00,0.09,0.02,0.09,0.11,0.02,0.11
Quentin Merlin,fr FRA,DF,Marseille,21,2002,10,8,703,07.août,0,1,1,0,0,0,1,0,0.1,0.1,01.janv,01.mars,15,46,56,0.00,0.13,0.13,0.00,0.13,0.02,0.15,0.16,0.02,0.16
Quentin Merlin,fr FRA,DF,Nantes,21,2002,16,15,1 283,14.mars,0,1,1,0,0,0,0,0,0.7,0.7,01.mars,2.0,34,98,62,0.00,0.07,0.07,0.00,0.07,0.05,0.09,0.14,0.05,0.14
Bastien Meupiyou,fr FRA,DF,Nantes,17,2006,1,1,8,0.1,0,0,0,0,0,0,0,1,0.0,0.0,0.0,0.0,0,0,0,0.00,0.00,0.00,0.00,0.00,0.00,0.00,0.00,0.00,0.00
Lucas Michal,fr FRA,FW,Monaco,18,2005,1,0,7,0.1,0,0,0,0,0,0,0,0,0.0,0.0,0.0,0.0,1,0,0,0.00,0.00,0.00,0.00,0.00,0.00,0.00,0.00,0.00,0.00
Georges Mikautadze,ge GEO,FW,Metz,22,2000,20,20,1 747,19.avr,13,4,17,10,3,3,0,1,09.mai,07.févr,02.avr,09.mai,52,51,95,0.67,0.21,0.88,0.52,0.72,0.49,0.12,0.61,0.37,0.49
Takumi Minamino,jp JPN,MF,Monaco,28,1995,30,25,2 117,23.mai,9,6,15,9,0,0,4,0,05.sept,05.sept,04.sept,10.août,48,97,198,0.38,0.26,0.64,0.38,0.64,0.25,0.21,0.46,0.25,0.46
Lucas Mincarelli,fr FRA,DF MF,Montpellier,19,2004,13,12,978,10.sept,1,1,2,1,0,0,1,1,0.4,0.4,0.6,0.9,24,26,40,0.09,0.09,0.18,0.09,0.18,0.03,0.05,0.09,0.03,0.09
Ignacio Miramon,ar ARG,MF,Lille,20,2003,2,1,39,0.4,0,0,0,0,0,0,0,0,0.1,0.1,0.0,0.1,1,3,0,0.00,0.00,0.00,0.00,0.00,0.12,0.00,0.12,0.12,0.12
Terem Moffi,ng NGA,FW,Nice,24,1999,30,23,1 949,21.juil,11,2,13,8,3,3,4,0,10.juil,08.mars,03.févr,11.mai,24,27,123,0.51,0.09,0.60,0.37,0.46,0.49,0.15,0.64,0.38,0.53
Mostafa Mohamed,eg EGY,FW,Nantes,25,1997,29,24,2 002,22.févr,8,2,10,5,3,3,3,1,07.août,05.mai,02.avr,07.août,23,25,115,0.36,0.09,0.45,0.22,0.31,0.35,0.11,0.46,0.25,0.35
Florent Mollet,fr FRA,MF FW,Nantes,31,1991,29,24,2 083,23.janv,4,4,8,4,0,0,4,0,05.sept,05.sept,02.mai,08.avr,27,96,145,0.17,0.17,0.35,0.17,0.35,0.25,0.11,0.36,0.25,0.36
Enzo Mongo,fr FRA,DF,Nantes,18,2005,1,0,10,0.1,0,0,0,0,0,0,0,0,0.0,0.0,0.0,0.0,0,0,0,0.00,0.00,0.00,0.00,0.00,0.00,0.00,0.00,0.00,0.00
Diego Moreira,be BEL,FW MF,Lyon,18,2004,7,4,270,3.0,0,0,0,0,0,0,1,0,0.7,0.7,0.3,1.0,10,12,23,0.00,0.00,0.00,0.00,0.00,0.24,0.11,0.35,0.24,0.35
Lebo Mothiba,za RSA,FW,Strasbourg,27,1996,15,5,617,06.sept,3,0,3,3,0,0,0,0,04.juin,04.juin,0.2,04.août,8,9,27,0.44,0.00,0.44,0.44,0.44,0.67,0.02,0.70,0.67,0.70
Steve Mounié,bj BEN,FW,Brest,28,1994,32,20,1 769,19.juil,6,2,8,6,0,0,2,1,08.sept,08.sept,02.janv,11.0,22,25,111,0.31,0.10,0.41,0.31,0.41,0.45,0.11,0.56,0.45,0.56
Samuel Moutoussamy,cd COD,MF,Nantes,26,1996,26,11,1 107,12.mars,1,0,1,1,0,0,2,0,01.août,01.août,0.6,02.mars,20,59,33,0.08,0.00,0.08,0.08,0.08,0.14,0.05,0.19,0.14,0.19
Loris Mouyokolo,fr FRA,DF,Lorient,22,2001,1,1,90,1.0,0,0,0,0,0,0,0,0,0.0,0.0,0.0,0.0,1,0,0,0.00,0.00,0.00,0.00,0.00,0.00,0.00,0.00,0.00,0.00
François Mughe,cm CMR,MF DF,Marseille,19,2004,5,2,177,2.0,0,0,0,0,0,0,1,0,0.1,0.1,0.1,0.2,7,7,16,0.00,0.00,0.00,0.00,0.00,0.05,0.05,0.10,0.05,0.10
Nordi Mukiele,fr FRA,DF,Paris S-G,25,1997,16,9,796,08.août,0,0,0,0,0,0,2,0,01.mars,01.mars,0.1,01.avr,12,32,26,0.00,0.00,0.00,0.00,0.00,0.15,0.01,0.16,0.15,0.16
Player,Nation,Pos,Squad,Age,Born,MP,Starts,Min,90s,Gls,Ast,G+A,G-PK,PK,PKatt,CrdY,CrdR,xG,npxG,xAG,npxG+xAG,PrgC,PrgP,PrgR,Gls,Ast,G+A,G-PK,G+A-PK,xG,xAG,xG+xAG,npxG,npxG+xAG
Marshall Munetsi,zw ZIM,MF,Reims,27,1996,27,25,2 173,24.janv,4,3,7,4,0,0,5,0,06.févr,06.févr,1.0,07.févr,19,67,81,0.17,0.12,0.29,0.17,0.29,0.26,0.04,0.30,0.26,0.30
Yvon Mvogo,ch SUI,GK,Lorient,29,1994,34,34,3 06,34.0,0,0,0,0,0,0,1,0,0.0,0.0,0.0,0.0,0,0,0,0.00,0.00,0.00,0.00,0.00,0.00,0.00,0.00,0.00,0.00
Joel Mvuka,no NOR,DF FW,Lorient,20,2002,7,2,197,02.févr,0,0,0,0,0,0,1,0,0.0,0.0,0.0,0.0,4,1,16,0.00,0.00,0.00,0.00,0.00,0.01,0.00,0.01,0.01,0.01
Junior Mwanga,fr FRA,MF FW,Strasbourg,20,2003,22,17,1 45,16.janv,1,1,2,1,0,0,3,0,01.mai,01.mai,0.9,02.avr,28,56,37,0.06,0.06,0.12,0.06,0.12,0.09,0.05,0.15,0.09,0.15
Kévin N'Doram,fr FRA,MF,Metz,27,1996,23,18,1 604,17.août,0,2,2,0,0,0,4,0,0.3,0.3,0.5,0.8,12,62,3,0.00,0.11,0.11,0.00,0.11,0.02,0.03,0.05,0.02,0.05
Bilal Nadir,ma MAR,MF FW,Marseille,19,2003,5,1,113,01.mars,0,0,0,0,0,0,1,0,0.1,0.1,0.1,0.2,3,4,7,0.00,0.00,0.00,0.00,0.00,0.08,0.09,0.17,0.08,0.17
Mahamadou Nagida,cm CMR,DF,Rennes,18,2005,3,1,106,01.févr,0,0,0,0,0,0,0,0,0.1,0.1,0.3,0.4,5,2,11,0.00,0.00,0.00,0.00,0.00,0.10,0.24,0.35,0.10,0.35
Keito Nakamura,jp JPN,FW MF,Reims,23,2000,25,17,1 381,15.mars,4,1,5,4,0,0,1,0,03.févr,03.févr,01.mars,04.mai,48,56,141,0.26,0.07,0.33,0.26,0.33,0.21,0.09,0.29,0.21,0.29
Keylor Navas,cr CRC,GK,Paris S-G,36,1986,4,4,360,4.0,0,0,0,0,0,0,0,0,0.0,0.0,0.0,0.0,0,0,0,0.00,0.00,0.00,0.00,0.00,0.00,0.00,0.00,0.00,0.00
Youssouf Ndayishimiye,bi BDI,MF DF,Nice,24,1998,23,20,1 712,19.0,0,0,0,0,0,0,6,1,01.févr,01.févr,0.5,01.juil,16,96,13,0.00,0.00,0.00,0.00,0.00,0.06,0.03,0.09,0.06,0.09
Bassirou Ndiaye,sn SEN,FW,Lorient,21,2002,5,0,152,01.juil,0,0,0,0,0,0,0,0,0.0,0.0,0.2,0.2,1,1,7,0.00,0.00,0.00,0.00,0.00,0.00,0.09,0.09,0.00,0.09
Iliman Ndiaye,sn SEN,FW MF,Marseille,23,2000,30,19,1 618,18.0,3,3,6,3,0,0,0,1,04.mai,04.mai,02.juin,07.janv,51,62,152,0.17,0.17,0.33,0.17,0.33,0.25,0.15,0.39,0.25,0.39
Massamba Ndiaye,sn SEN,GK,Clermont Foot,21,2001,4,4,360,4.0,0,0,0,0,0,0,0,0,0.0,0.0,0.0,0.0,0,1,0,0.00,0.00,0.00,0.00,0.00,0.00,0.00,0.00,0.00,0.00
Rassoul Ndiaye,sn SEN,MF FW,Le Havre,21,2001,19,6,526,05.août,0,0,0,0,0,0,4,2,0.2,0.2,0.3,0.5,7,25,16,0.00,0.00,0.00,0.00,0.00,0.03,0.05,0.08,0.03,0.08
Cher Ndour,it ITA,MF,Paris S-G,19,2004,3,0,28,0.3,0,0,0,0,0,0,1,0,0.0,0.0,0.0,0.0,0,2,1,0.00,0.00,0.00,0.00,0.00,0.00,0.00,0.00,0.00,0.00
Joseph Nduquidi,fr FRA,MF DF,Metz,18,2004,13,7,751,08.mars,0,0,0,0,0,0,2,0,0.2,0.2,0.1,0.2,6,22,4,0.00,0.00,0.00,0.00,0.00,0.02,0.01,0.03,0.02,0.03
Loïc Nego,hu HUN,DF MF,Le Havre,32,1991,28,18,1 561,17.mars,0,3,3,0,0,0,3,0,01.mars,01.mars,1.0,02.mars,30,64,102,0.00,0.17,0.17,0.00,0.17,0.08,0.06,0.13,0.08,0.13
Steve Ngoura,fr FRA,FW MF,Le Havre,18,2005,12,1,223,02.mai,0,1,1,0,0,0,0,0,0.5,0.5,0.1,0.6,3,9,19,0.00,0.40,0.40,0.00,0.40,0.19,0.03,0.22,0.19,0.22
Shamar Nicholson,jm JAM,FW,Clermont Foot,26,1997,26,17,1 484,16.mai,4,3,7,3,1,2,2,0,05.sept,04.avr,01.janv,05.avr,18,33,110,0.24,0.18,0.42,0.18,0.36,0.36,0.07,0.43,0.26,0.33
Rasmus Nicolaisen,dk DEN,DF,Toulouse,26,1997,33,33,2 925,32.5,2,0,2,2,0,0,6,1,01.janv,01.janv,0.6,01.juil,5,95,11,0.06,0.00,0.06,0.06,0.06,0.03,0.02,0.05,0.03,0.05
Arnaud Nordin,fr FRA,FW MF,Montpellier,25,1998,20,15,1 246,13.août,5,3,8,5,0,0,1,1,03.juin,03.juin,3.0,06.mai,56,52,125,0.36,0.22,0.58,0.36,0.58,0.26,0.21,0.47,0.26,0.47
Ernest Nuamah,gh GHA,FW MF,Lyon,19,2003,29,21,1 838,20.avr,3,2,5,3,0,0,4,0,4.0,4.0,03.août,07.août,105,74,237,0.15,0.10,0.24,0.15,0.24,0.20,0.19,0.38,0.20,0.38
Gerzino Nyamsi,fr FRA,DF,Strasbourg,26,1997,13,13,1 092,12.janv,0,0,0,0,0,0,1,0,0.3,0.3,0.2,0.5,3,25,3,0.00,0.00,0.00,0.00,0.00,0.03,0.01,0.04,0.03,0.04
Rabby Nzingoula,fr FRA,MF FW,Strasbourg,17,2005,6,1,133,01.mai,0,1,1,0,0,0,1,0,0.1,0.1,0.1,0.2,3,8,6,0.00,0.68,0.68,0.00,0.68,0.06,0.07,0.14,0.06,0.14
Jake O'Brien,ie IRL,DF,Lyon,22,2001,27,27,2 369,26.mars,4,2,6,4,0,0,4,1,03.juin,03.juin,01.janv,04.juil,15,68,2,0.15,0.08,0.23,0.15,0.23,0.14,0.04,0.18,0.14,0.18
Player,Nation,Pos,Squad,Age,Born,MP,Starts,Min,90s,Gls,Ast,G+A,G-PK,PK,PKatt,CrdY,CrdR,xG,npxG,xAG,npxG+xAG,PrgC,PrgP,PrgR,Gls,Ast,G+A,G-PK,G+A-PK,xG,xAG,xG+xAG,npxG,npxG+xAG
Florent Ogier,fr FRA,DF,Clermont Foot,34,1989,14,9,943,10.mai,1,1,2,1,0,0,1,0,0.6,0.6,0.5,01.janv,4,17,0,0.10,0.10,0.19,0.10,0.19,0.06,0.05,0.10,0.06,0.10
Joseph Okumu,ke KEN,DF,Reims,26,1997,21,19,1 743,19.avr,1,0,1,1,0,0,3,0,01.mai,01.mai,0.0,01.mai,15,94,3,0.05,0.00,0.05,0.05,0.05,0.08,0.00,0.08,0.08,0.08
Warmed Omari,km COM,DF,Rennes,23,2000,25,23,2 071,23.0,1,0,1,1,0,0,5,1,0.7,0.7,0.3,0.9,22,123,1,0.04,0.00,0.04,0.04,0.04,0.03,0.01,0.04,0.03,0.04
Becir Omeragic,ch SUI,DF MF,Montpellier,21,2002,28,26,2 312,25.juil,0,0,0,0,0,0,4,0,0.5,0.5,0.7,01.févr,21,71,12,0.00,0.00,0.00,0.00,0.00,0.02,0.03,0.05,0.02,0.05
Jean Onana,cm CMR,MF,Marseille,23,2000,13,5,566,06.mars,1,0,1,1,0,0,1,0,0.8,0.8,0.1,0.9,9,32,9,0.16,0.00,0.16,0.16,0.16,0.13,0.01,0.15,0.13,0.15
Royce Openda,ga GAB,FW,Lorient,21,2002,1,0,16,0.2,0,0,0,0,0,0,0,0,0.0,0.0,0.0,0.0,0,0,1,0.00,0.00,0.00,0.00,0.00,0.00,0.00,0.00,0.00,0.00
Christopher Operi,ci CIV,DF,Le Havre,26,1997,28,28,2 445,27.févr,3,4,7,3,0,0,6,0,01.févr,01.févr,4.0,05.janv,31,82,111,0.11,0.15,0.26,0.11,0.26,0.04,0.15,0.19,0.04,0.19
Gift Orban,ng NGA,FW,Lyon,21,2002,13,5,474,05.mars,1,0,1,1,0,0,2,0,01.janv,01.janv,0.0,01.janv,8,6,33,0.19,0.00,0.19,0.19,0.19,0.21,0.00,0.21,0.21,0.21
Kassoum Ouattara,fr FRA,DF FW,Monaco,18,2004,14,7,636,07.janv,1,0,1,1,0,0,2,0,01.mars,01.mars,01.mars,02.juin,32,22,67,0.14,0.00,0.14,0.14,0.14,0.18,0.19,0.37,0.18,0.37
Alexandre Oukidja,dz ALG,GK,Metz,35,1988,34,34,2 987,33.2,0,0,0,0,0,0,3,0,0.0,0.0,0.0,0.0,1,3,0,0.00,0.00,0.00,0.00,0.00,0.00,0.00,0.00,0.00,0.00
Azzedine Ounahi,ma MAR,MF,Marseille,23,2000,21,15,1 209,13.avr,2,0,2,2,0,0,3,0,1.0,1.0,01.avr,02.avr,32,98,70,0.15,0.00,0.15,0.15,0.15,0.07,0.11,0.18,0.07,0.18
Adam Ounas,dz ALG,FW,Lille,26,1996,17,3,418,04.juin,1,0,1,1,0,0,0,0,0.6,0.6,01.sept,02.juin,20,20,40,0.22,0.00,0.22,0.22,0.22,0.14,0.41,0.55,0.14,0.55
Patrick Ouotro,ci CIV,FW,Strasbourg,17,2005,1,0,8,0.1,0,0,0,0,0,0,0,0,0.0,0.0,0.0,0.0,1,1,0,0.00,0.00,0.00,0.00,0.00,0.00,0.00,0.00,0.00,0.00
Pablo Pagis,fr FRA,MF,Lorient,20,2002,3,3,165,01.août,0,0,0,0,0,0,1,0,0.1,0.1,0.0,0.1,1,5,6,0.00,0.00,0.00,0.00,0.00,0.07,0.00,0.07,0.07,0.07
Nicolas Pallois,fr FRA,DF,Nantes,35,1987,23,17,1 589,17.juil,0,1,1,0,0,0,5,0,0.1,0.1,0.4,0.5,6,55,2,0.00,0.06,0.06,0.00,0.06,0.01,0.02,0.03,0.01,0.03
Andy Pelmard,mg MAD,DF,Clermont Foot,23,2000,34,33,2 989,33.2,0,0,0,0,0,0,1,0,0.3,0.3,0.6,1.0,39,120,7,0.00,0.00,0.00,0.00,0.00,0.01,0.02,0.03,0.01,0.03
Aurélien Pelon,fr FRA,DF,Lorient,19,2004,1,1,90,1.0,0,0,0,0,0,0,1,0,0.0,0.0,0.0,0.0,0,1,0,0.00,0.00,0.00,0.00,0.00,0.00,0.00,0.00,0.00,0.00
Faris Pemi Moumbagna,cm CMR,FW,Marseille,23,2000,13,5,547,06.janv,3,1,4,3,0,0,2,1,01.juil,01.juil,01.janv,02.août,6,16,32,0.49,0.16,0.66,0.49,0.66,0.28,0.18,0.47,0.28,0.47
Danilo Pereira,pt POR,DF,Paris S-G,31,1991,26,22,1 995,22.févr,0,0,0,0,0,0,2,0,01.avr,01.avr,0.0,01.avr,28,148,2,0.00,0.00,0.00,0.00,0.00,0.06,0.00,0.06,0.06,0.06
Mathias Pereira Lage,pt POR,FW MF,Brest,26,1996,30,12,1 187,13.févr,3,2,5,3,0,0,3,0,03.mai,03.mai,01.juil,05.févr,19,23,95,0.23,0.15,0.38,0.23,0.38,0.27,0.13,0.40,0.27,0.40
Romain Perraud,fr FRA,DF FW,Nice,25,1997,19,2,370,04.janv,0,1,1,0,0,0,2,0,0.0,0.0,0.9,1.0,6,11,13,0.00,0.24,0.24,0.00,0.24,0.01,0.23,0.24,0.01,0.24
Lucas Perrin,fr FRA,DF,Strasbourg,24,1998,31,30,2 723,30.mars,0,1,1,0,0,0,3,0,0.6,0.6,0.8,01.avr,17,115,8,0.00,0.03,0.03,0.00,0.03,0.02,0.03,0.05,0.02,0.05
Denis Petrić,rs SRB,GK,Nantes,35,1988,1,0,24,0.3,0,0,0,0,0,0,0,0,0.0,0.0,0.0,0.0,0,0,0,0.00,0.00,0.00,0.00,0.00,0.00,0.00,0.00,0.00,0.00
Ronaël Pierre-Gabriel,fr FRA,DF,Nantes,25,1998,12,6,598,06.juin,0,0,0,0,0,0,3,0,0.3,0.3,0.8,01.févr,12,17,12,0.00,0.00,0.00,0.00,0.00,0.05,0.12,0.17,0.05,0.17
Julien Ponceau,fr FRA,MF,Lorient,22,2000,32,27,2 244,24.sept,3,2,5,3,0,0,5,0,03.mars,03.mars,02.juil,05.sept,106,154,152,0.12,0.08,0.20,0.12,0.20,0.13,0.11,0.24,0.13,0.24
Player,Nation,Pos,Squad,Age,Born,MP,Starts,Min,90s,Gls,Ast,G+A,G-PK,PK,PKatt,CrdY,CrdR,xG,npxG,xAG,npxG+xAG,PrgC,PrgP,PrgR,Gls,Ast,G+A,G-PK,G+A-PK,xG,xAG,xG+xAG,npxG,npxG+xAG
Sanjin Prcić,ba BIH,MF,Strasbourg,29,1993,3,1,88,1.0,0,0,0,0,0,0,0,0,0.0,0.0,0.2,0.2,0,5,0,0.00,0.00,0.00,0.00,0.00,0.01,0.23,0.24,0.01,0.24
Gonçalo Ramos,pt POR,FW,Paris S-G,22,2001,29,16,1 419,15.août,11,1,12,10,1,1,1,0,10.sept,10.févr,02.avr,12.mai,11,29,88,0.70,0.06,0.76,0.63,0.70,0.69,0.15,0.84,0.64,0.79
Elba Rashani,xk KVX,MF FW,Clermont Foot,30,1993,24,14,1 175,13.janv,2,0,2,2,0,0,4,2,02.janv,02.janv,01.févr,03.mars,19,22,102,0.15,0.00,0.15,0.15,0.15,0.16,0.09,0.26,0.16,0.26
Guillaume Restes,fr FRA,GK,Toulouse,18,2005,34,34,3 06,34.0,0,0,0,0,0,0,3,0,0.0,0.0,0.0,0.0,0,0,0,0.00,0.00,0.00,0.00,0.00,0.00,0.00,0.00,0.00,0.00
Alexsandro Ribeiro,br BRA,DF,Lille,23,1999,29,24,2 22,24.juil,0,0,0,0,0,0,6,1,2.0,2.0,0.5,02.juin,15,82,7,0.00,0.00,0.00,0.00,0.00,0.08,0.02,0.10,0.08,0.10
Amir Richardson,ma MAR,MF,Reims,21,2002,28,14,1 352,15.0,3,1,4,3,0,0,4,0,01.juin,01.juin,01.janv,02.août,28,72,40,0.20,0.07,0.27,0.20,0.27,0.11,0.08,0.18,0.11,0.18
Fabian Rieder,ch SUI,MF,Rennes,21,2002,15,2,365,04.janv,1,0,1,1,0,0,0,0,0.3,0.3,0.6,0.9,10,41,18,0.25,0.00,0.25,0.25,0.25,0.07,0.14,0.21,0.07,0.21
Rémy Riou,fr FRA,GK,Lyon,35,1987,3,3,270,3.0,0,0,0,0,0,0,0,0,0.0,0.0,0.0,0.0,0,0,0,0.00,0.00,0.00,0.00,0.00,0.00,0.00,0.00,0.00,0.00
Valentin Rongier,fr FRA,MF,Marseille,28,1994,10,10,851,09.mai,0,0,0,0,0,0,2,0,0.6,0.6,0.8,01.avr,19,73,10,0.00,0.00,0.00,0.00,0.00,0.06,0.09,0.15,0.06,0.15
Pablo Rosario,do DOM,MF DF,Nice,26,1997,30,21,2 009,22.mars,0,0,0,0,0,0,4,0,01.févr,01.févr,01.avr,02.juin,20,93,27,0.00,0.00,0.00,0.00,0.00,0.05,0.06,0.11,0.05,0.11
Valentin Rosier,fr FRA,DF MF,Nice,26,1996,3,0,53,0.6,0,0,0,0,0,0,0,0,0.0,0.0,0.1,0.2,3,5,2,0.00,0.00,0.00,0.00,0.00,0.07,0.23,0.31,0.07,0.31
Fabián Ruiz Peña,es ESP,MF,Paris S-G,27,1996,21,14,1 197,13.mars,1,3,4,1,0,0,3,0,2.0,2.0,01.févr,03.janv,16,78,40,0.08,0.23,0.30,0.08,0.30,0.15,0.09,0.24,0.15,0.24
Emmanuel Sabbi,us USA,FW MF,Le Havre,25,1997,30,18,1 584,17.juin,5,1,6,3,2,2,5,0,04.janv,02.mai,01.avr,4.0,38,36,101,0.28,0.06,0.34,0.17,0.23,0.23,0.08,0.32,0.14,0.23
Falaye Sacko,ml MLI,DF,Montpellier,28,1995,19,15,1 382,15.avr,0,1,1,0,0,0,0,0,0.0,0.0,0.4,0.5,38,63,42,0.00,0.07,0.07,0.00,0.07,0.00,0.03,0.03,0.00,0.03
Modibo Sagnan,ml MLI,DF,Montpellier,24,1999,13,12,1 054,11.juil,2,0,2,2,0,0,5,0,01.févr,01.févr,0.3,01.mai,7,25,5,0.17,0.00,0.17,0.17,0.17,0.10,0.03,0.13,0.10,0.13
Moïse Sahi Dion,ci CIV,MF FW,Strasbourg,21,2001,18,7,628,7.0,3,1,4,3,0,0,0,0,04.janv,04.janv,01.mars,05.avr,13,21,42,0.43,0.14,0.57,0.43,0.57,0.58,0.19,0.77,0.58,0.77
Wesley Saïd,fr FRA,FW MF,Lens,28,1995,27,11,1 02,11.mars,7,1,8,7,0,0,1,0,05.juil,05.juil,0.9,06.juin,18,26,95,0.62,0.09,0.71,0.62,0.71,0.50,0.08,0.58,0.50,0.58
Théo Sainte-Luce,fr FRA,DF,Montpellier,24,1998,6,3,346,03.août,0,0,0,0,0,0,1,0,0.1,0.1,0.1,0.2,8,15,6,0.00,0.00,0.00,0.00,0.00,0.03,0.02,0.05,0.03,0.05
Mamadou Sakho,fr FRA,DF,Montpellier,33,1990,1,0,7,0.1,0,0,0,0,0,0,0,0,0.0,0.0,0.0,0.0,0,1,0,0.00,0.00,0.00,0.00,0.00,0.00,0.00,0.00,0.00,0.00
Ibrahim Salah,ma MAR,FW MF,Rennes,21,2001,23,4,524,05.août,4,1,5,4,0,0,3,0,03.janv,03.janv,0.5,03.juin,15,18,61,0.69,0.17,0.86,0.69,0.86,0.54,0.08,0.62,0.54,0.62
Amine Salama,fr FRA,FW,Reims,23,2000,11,2,313,03.mai,0,0,0,0,0,0,0,0,0.7,0.7,0.2,1.0,10,7,33,0.00,0.00,0.00,0.00,0.00,0.21,0.07,0.27,0.21,0.27
Mohammed Salisu,gh GHA,DF,Monaco,24,1999,12,11,1 035,11.mai,0,1,1,0,0,0,2,0,0.2,0.2,0.2,0.5,7,72,6,0.00,0.09,0.09,0.00,0.09,0.02,0.02,0.04,0.02,0.04
Yoann Salmier,gf GUF,DF,Le Havre,30,1992,20,18,1 568,17.avr,1,1,2,1,0,0,3,0,01.janv,01.janv,0.7,01.août,8,48,8,0.06,0.06,0.11,0.06,0.11,0.06,0.04,0.10,0.06,0.10
Mama Samba Baldé,gw GNB,FW MF,Lyon,27,1995,20,4,551,06.janv,2,3,5,2,0,0,1,0,03.avr,03.avr,02.mars,05.juil,23,11,73,0.33,0.49,0.82,0.33,0.82,0.55,0.38,0.94,0.55,0.94
Brice Samba,fr FRA,GK,Lens,29,1994,33,33,2 97,33.0,0,0,0,0,0,0,3,0,0.0,0.0,0.2,0.2,0,4,0,0.00,0.00,0.00,0.00,0.00,0.00,0.01,0.01,0.00,0.01
Player,Nation,Pos,Squad,Age,Born,MP,Starts,Min,90s,Gls,Ast,G+A,G-PK,PK,PKatt,CrdY,CrdR,xG,npxG,xAG,npxG+xAG,PrgC,PrgP,PrgR,Gls,Ast,G+A,G-PK,G+A-PK,xG,xAG,xG+xAG,npxG,npxG+xAG
Ibou Sané,sn SEN,MF FW,Metz,18,2005,9,0,128,01.avr,1,0,1,1,0,0,1,0,0.7,0.7,0.0,0.7,6,7,8,0.70,0.00,0.70,0.70,0.70,0.49,0.03,0.51,0.49,0.51
Sadibou Sané,sn SEN,DF,Metz,19,2004,14,9,846,09.avr,0,0,0,0,0,0,1,0,0.4,0.4,0.0,0.4,8,19,8,0.00,0.00,0.00,0.00,0.00,0.04,0.00,0.04,0.04,0.04
Arouna Sangante,sn SEN,DF,Le Havre,21,2002,30,30,2 687,29.sept,0,0,0,0,0,0,8,0,0.9,0.9,01.févr,02.janv,20,107,27,0.00,0.00,0.00,0.00,0.00,0.03,0.04,0.07,0.03,0.07
Morgan Sanson,fr FRA,MF,Nice,28,1994,29,24,1 964,21.août,2,3,5,2,0,0,4,0,03.mars,03.mars,4.0,07.mars,57,75,98,0.09,0.14,0.23,0.09,0.23,0.15,0.18,0.33,0.15,0.33
Baptiste Santamaria,fr FRA,MF,Rennes,28,1995,30,22,1 926,21.avr,0,1,1,0,0,0,3,0,01.sept,01.sept,0.6,02.mai,13,134,36,0.00,0.05,0.05,0.00,0.05,0.09,0.03,0.12,0.09,0.12
Andrey Santos,br BRA,MF,Strasbourg,19,2004,11,9,831,09.févr,1,0,1,1,0,0,4,0,1.0,1.0,1.0,2.0,5,48,15,0.11,0.00,0.11,0.11,0.11,0.11,0.11,0.21,0.11,0.21
Tiago Santos,pt POR,DF,Lille,21,2002,29,26,2 365,26.mars,1,2,3,1,0,0,6,0,01.avr,01.avr,02.mars,03.juin,89,105,137,0.04,0.08,0.11,0.04,0.11,0.05,0.09,0.14,0.05,0.14
Amin Sarr,se SWE,FW MF,Lyon,22,2001,3,1,98,01.janv,0,0,0,0,0,0,0,0,0.3,0.3,0.2,0.5,3,1,8,0.00,0.00,0.00,0.00,0.00,0.31,0.14,0.45,0.31,0.45
Ismaila Sarr,sn SEN,FW MF,Marseille,25,1998,23,15,1 447,16.janv,3,4,7,3,0,0,1,0,03.févr,03.févr,02.mai,05.juil,49,36,152,0.19,0.25,0.44,0.19,0.44,0.20,0.15,0.35,0.20,0.35
Mamadou Sarr,sn SEN,DF,Lyon,17,2005,1,0,8,0.1,0,0,0,0,0,0,0,0,0.0,0.0,0.0,0.0,0,0,0,0.00,0.00,0.00,0.00,0.00,0.00,0.00,0.00,0.00,0.00
Martin Satriano,uy URU,FW,Brest,22,2001,33,21,1 864,20.juil,4,4,8,4,0,0,4,0,06.janv,06.janv,02.sept,9.0,28,37,121,0.19,0.19,0.39,0.19,0.39,0.29,0.14,0.43,0.29,0.43
Téji Savanier,fr FRA,MF,Montpellier,31,1991,32,32,2 765,30.juil,9,6,15,2,7,7,8,1,09.janv,03.juin,06.sept,10.mai,39,224,108,0.29,0.20,0.49,0.07,0.26,0.29,0.22,0.52,0.12,0.34
Niklas Schmidt,de GER,MF,Toulouse,25,1998,22,15,1 269,14.janv,1,1,2,1,0,0,4,0,01.févr,01.févr,02.avr,03.juin,20,106,43,0.07,0.07,0.14,0.07,0.14,0.09,0.17,0.26,0.09,0.26
Jérémy Sebas,mq MTQ,FW MF,Strasbourg,20,2003,14,2,399,04.avr,2,0,2,2,0,0,0,0,1.0,1.0,0.0,1.0,13,6,39,0.45,0.00,0.45,0.45,0.45,0.21,0.01,0.22,0.21,0.22
Alidu Seidu,gh GHA,DF,Rennes,23,2000,11,7,593,06.juin,0,0,0,0,0,0,3,0,0.2,0.2,0.1,0.3,14,23,24,0.00,0.00,0.00,0.00,0.00,0.04,0.01,0.05,0.04,0.05
Alidu Seidu,gh GHA,DF,Clermont Foot,23,2000,14,13,1 131,12.juin,0,1,1,0,0,0,5,1,0.1,0.1,0.7,0.7,16,33,3,0.00,0.08,0.08,0.00,0.08,0.01,0.05,0.06,0.01,0.06
Matz Sels,be BEL,GK,Strasbourg,31,1992,19,19,1 71,19.0,0,0,0,0,0,0,2,0,0.0,0.0,0.5,0.5,0,0,0,0.00,0.00,0.00,0.00,0.00,0.00,0.03,0.03,0.00,0.03
Marvin Senaya,tg TOG,DF MF,Strasbourg,22,2001,32,23,2 138,23.août,1,1,2,1,0,0,5,1,01.févr,01.févr,02.août,4.0,48,74,81,0.04,0.04,0.08,0.04,0.08,0.05,0.12,0.17,0.05,0.17
Sofiane Sidi Ali,fr FRA,MF,Marseille,28,1995,2,0,18,0.2,0,0,0,0,0,0,0,0,0.0,0.0,0.0,0.0,0,1,3,0.00,0.00,0.00,0.00,0.00,0.12,0.00,0.12,0.12,0.12
Vincent Sierro,ch SUI,MF,Toulouse,27,1995,30,25,2 261,25.janv,6,2,8,2,4,5,8,0,05.sept,01.sept,02.mars,04.févr,17,135,73,0.24,0.08,0.32,0.08,0.16,0.23,0.09,0.33,0.08,0.17
Caio Henrique Oliveira Silva,br BRA,DF,Monaco,26,1997,9,7,623,06.sept,0,5,5,0,0,0,0,0,0.2,0.2,01.mars,01.mai,16,33,54,0.00,0.72,0.72,0.00,0.72,0.03,0.18,0.22,0.03,0.22
Moses Simon,ng NGA,FW MF,Nantes,28,1995,22,21,1 788,19.sept,3,5,8,2,1,1,0,0,04.janv,03.mars,03.juil,7.0,146,36,214,0.15,0.25,0.40,0.10,0.35,0.21,0.18,0.39,0.17,0.35
Wilfried Singo,ci CIV,DF,Monaco,22,2000,25,24,2 187,24.mars,1,1,2,1,0,0,8,1,0.8,0.8,1.0,01.sept,38,145,31,0.04,0.04,0.08,0.04,0.08,0.03,0.04,0.08,0.03,0.08
Ayanda Sishuba,be BEL,MF FW,Lens,18,2005,7,0,62,0.7,0,0,0,0,0,0,0,0,0.9,0.9,0.0,0.9,7,1,10,0.00,0.00,0.00,0.00,0.00,janv.27,0.04,janv.31,janv.27,janv.31
Ibrahima Sissoko,ml MLI,MF,Strasbourg,25,1997,27,18,1 642,18.févr,0,1,1,0,0,0,7,0,1.0,1.0,01.juil,02.juin,15,88,18,0.00,0.05,0.05,0.00,0.05,0.05,0.09,0.14,0.05,0.14
Player,Nation,Pos,Squad,Age,Born,MP,Starts,Min,90s,Gls,Ast,G+A,G-PK,PK,PKatt,CrdY,CrdR,xG,npxG,xAG,npxG+xAG,PrgC,PrgP,PrgR,Gls,Ast,G+A,G-PK,G+A-PK,xG,xAG,xG+xAG,npxG,npxG+xAG
Moussa Sissoko,fr FRA,MF,Nantes,33,1989,26,21,1 821,20.févr,0,0,0,0,0,0,7,0,01.mars,01.mars,01.janv,02.mars,30,74,59,0.00,0.00,0.00,0.00,0.00,0.06,0.05,0.12,0.06,0.12
Milan Škriniar,sk SVK,DF,Paris S-G,28,1995,24,17,1 629,18.janv,0,0,0,0,0,0,1,0,0.2,0.2,0.1,0.2,5,61,1,0.00,0.00,0.00,0.00,0.00,0.01,0.00,0.01,0.01,0.01
Naatan Skyttä,fi FIN,MF FW,Toulouse,21,2002,8,0,120,01.mars,0,0,0,0,0,0,0,0,0.5,0.5,0.6,01.janv,1,12,12,0.00,0.00,0.00,0.00,0.00,0.40,0.44,0.84,0.36,0.81
Eduard Sobol,ua UKR,DF,Strasbourg,28,1995,3,0,25,0.3,0,0,0,0,0,0,0,0,0.0,0.0,0.0,0.0,2,1,0,0.00,0.00,0.00,0.00,0.00,0.00,0.00,0.00,0.00,0.00
Emran Soglo,fr FRA,MF DF,Marseille,18,2005,3,1,109,01.févr,1,1,2,1,0,0,1,0,0.1,0.1,0.2,0.2,1,3,8,0.83,0.83,janv.65,0.83,janv.65,0.07,0.13,0.20,0.07,0.20
Carlos Soler,es ESP,MF DF,Paris S-G,26,1997,24,12,1 09,12.janv,2,2,4,2,0,0,1,0,01.mai,01.mai,02.avr,03.sept,15,74,59,0.17,0.17,0.33,0.17,0.33,0.12,0.20,0.32,0.12,0.32
Florian Sotoca,fr FRA,MF FW,Lens,32,1990,32,29,2 598,28.sept,7,6,13,3,4,4,4,1,09.janv,05.sept,06.mai,12.avr,56,156,253,0.24,0.21,0.45,0.10,0.31,0.32,0.22,0.54,0.21,0.43
Issa Soumaré,sn SEN,FW MF,Le Havre,22,2000,7,3,237,02.juin,0,0,0,0,0,0,0,0,0.4,0.4,0.6,1.0,4,4,18,0.00,0.00,0.00,0.00,0.00,0.14,0.24,0.39,0.14,0.39
Saidou Sow,gn GUI,DF,Strasbourg,21,2002,10,8,719,8.0,0,1,1,0,0,0,2,0,0.3,0.3,0.5,0.8,1,24,0,0.00,0.13,0.13,0.00,0.13,0.04,0.06,0.10,0.04,0.10
Stijn Spierings,nl NED,MF,Toulouse,27,1996,22,16,1 516,16.août,0,1,1,0,0,0,5,0,0.4,0.4,0.6,1.0,16,157,22,0.00,0.06,0.06,0.00,0.06,0.02,0.03,0.06,0.02,0.06
Stijn Spierings,nl NED,MF,Lens,27,1996,4,1,118,01.mars,0,0,0,0,0,0,2,0,0.0,0.0,0.0,0.0,0,9,4,0.00,0.00,0.00,0.00,0.00,0.00,0.00,0.00,0.00,0.00
Benjamin Stambouli,fr FRA,MF,Reims,32,1990,7,3,286,03.févr,0,1,1,0,0,0,4,0,0.1,0.1,0.1,0.2,2,8,2,0.00,0.31,0.31,0.00,0.31,0.02,0.03,0.05,0.02,0.05
Gabriel Suazo,cl CHI,DF,Toulouse,25,1997,31,27,2 357,26.févr,0,4,4,0,0,0,5,0,0.7,0.7,3.0,03.juil,44,114,166,0.00,0.15,0.15,0.00,0.15,0.03,0.12,0.14,0.03,0.14
Abakar Sylla,ci CIV,DF,Strasbourg,20,2002,22,19,1 792,19.sept,2,0,2,2,0,0,4,0,01.juin,01.juin,0.5,2.0,8,72,2,0.10,0.00,0.10,0.10,0.10,0.08,0.02,0.10,0.08,0.10
Dembo Sylla,gn GUI,DF,Lorient,20,2002,1,0,45,0.5,0,0,0,0,0,0,0,0,0.1,0.1,0.0,0.1,0,1,6,0.00,0.00,0.00,0.00,0.00,0.21,0.00,0.21,0.21,0.21
Issiaga Sylla,gn GUI,DF FW,Montpellier,29,1994,19,17,1 455,16.févr,1,2,3,1,0,0,3,0,01.avr,01.avr,01.juil,03.janv,29,43,51,0.06,0.12,0.19,0.06,0.19,0.09,0.11,0.19,0.09,0.19
Musa Al-Taamari,jo JOR,FW,Montpellier,26,1997,27,24,1 928,21.avr,5,2,7,5,0,0,0,0,03.juin,03.juin,03.mai,07.janv,81,54,168,0.23,0.09,0.33,0.23,0.33,0.17,0.16,0.33,0.17,0.33
Nicolás Tagliafico,ar ARG,DF,Lyon,30,1992,25,25,2 123,23.juin,3,1,4,3,0,0,7,1,02.juin,02.juin,1.0,03.mai,32,105,119,0.13,0.04,0.17,0.13,0.17,0.11,0.04,0.15,0.11,0.15
Montassar Talbi,tn TUN,DF,Lorient,25,1998,25,25,2 204,24.mai,0,0,0,0,0,0,2,0,0.6,0.6,0.2,0.8,15,88,7,0.00,0.00,0.00,0.00,0.00,0.02,0.01,0.03,0.02,0.03
Oussama Targhalline,ma MAR,MF,Le Havre,21,2002,14,12,1 025,11.avr,0,0,0,0,0,0,4,1,0.2,0.2,0.4,0.6,27,70,15,0.00,0.00,0.00,0.00,0.00,0.02,0.03,0.05,0.02,0.05
Enzo Tchato,cm CMR,DF,Montpellier,20,2002,17,11,1 125,12.mai,0,0,0,0,0,0,2,0,0.3,0.3,0.3,0.6,26,46,57,0.00,0.00,0.00,0.00,0.00,0.03,0.03,0.05,0.03,0.05
Arnau Tenas,es ESP,GK,Paris S-G,22,2001,6,5,529,05.sept,0,1,1,0,0,0,0,0,0.0,0.0,0.8,0.8,0,0,0,0.00,0.17,0.17,0.00,0.17,0.00,0.13,0.13,0.00,0.13
Martin Terrier,fr FRA,FW MF,Rennes,26,1997,24,19,1 527,17.0,7,3,10,7,0,0,2,1,05.févr,05.févr,02.juin,07.août,28,58,112,0.41,0.18,0.59,0.41,0.59,0.31,0.15,0.46,0.31,0.46
Benjamin Tetteh,gh GHA,FW MF,Metz,26,1997,12,1,278,03.janv,0,0,0,0,0,0,2,0,0.3,0.3,0.1,0.3,3,6,13,0.00,0.00,0.00,0.00,0.00,0.08,0.03,0.11,0.08,0.11
Teddy Teuma,mt MLT,MF,Reims,29,1993,28,25,2 113,23.mai,6,3,9,5,1,1,7,0,03.janv,02.mars,03.juil,6.0,29,157,112,0.26,0.13,0.38,0.21,0.34,0.13,0.16,0.29,0.10,0.26
Player,Nation,Pos,Squad,Age,Born,MP,Starts,Min,90s,Gls,Ast,G+A,G-PK,PK,PKatt,CrdY,CrdR,xG,npxG,xAG,npxG+xAG,PrgC,PrgP,PrgR,Gls,Ast,G+A,G-PK,G+A-PK,xG,xAG,xG+xAG,npxG,npxG+xAG
Arthur Theate,be BEL,DF,Rennes,23,2000,28,27,2 296,25.mai,2,0,2,2,0,0,4,0,01.sept,01.sept,0.8,02.juil,33,151,24,0.08,0.00,0.08,0.08,0.08,0.07,0.03,0.11,0.07,0.11
Adrien Thomasson,fr FRA,MF,Lens,29,1993,29,13,1 193,13.mars,1,2,3,1,0,0,2,1,03.août,03.août,03.sept,07.juil,20,68,121,0.08,0.15,0.23,0.08,0.23,0.29,0.29,0.58,0.29,0.58
Khéphren Thuram,fr FRA,MF,Nice,22,2001,27,25,2 108,23.avr,1,1,2,1,0,0,7,0,03.avr,03.avr,03.juil,7.0,67,104,57,0.04,0.04,0.09,0.04,0.09,0.14,0.16,0.30,0.14,0.30
Cheikh Tidiane Sabaly,sn SEN,FW MF,Metz,24,1999,29,17,1 379,15.mars,3,1,4,3,0,0,4,0,02.juil,02.juil,01.févr,03.août,37,36,75,0.20,0.07,0.26,0.20,0.26,0.17,0.08,0.25,0.17,0.25
Jean-Clair Todibo,fr FRA,DF,Nice,23,1999,30,30,2 651,29.mai,0,2,2,0,0,0,2,1,0.6,0.6,01.juin,02.févr,32,150,11,0.00,0.07,0.07,0.00,0.07,0.02,0.06,0.08,0.02,0.08
Corentin Tolisso,fr FRA,MF,Lyon,28,1994,25,21,1 741,19.mars,2,1,3,1,1,1,5,0,03.févr,02.avr,01.août,04.févr,30,153,67,0.10,0.05,0.16,0.05,0.10,0.17,0.09,0.26,0.13,0.22
Abdoulaye Touré,gn GUI,MF,Le Havre,29,1994,30,27,2 284,25.avr,2,0,2,0,2,2,4,0,3.0,01.avr,0.9,02.mars,22,148,25,0.08,0.00,0.08,0.00,0.00,0.12,0.04,0.15,0.05,0.09
Souleymane Touré,fr FRA,DF,Lorient,20,2003,24,23,2 051,22.août,1,1,2,1,0,0,6,0,01.juil,01.juil,0.4,02.févr,24,73,25,0.04,0.04,0.09,0.04,0.09,0.08,0.02,0.10,0.08,0.10
Bénie Traoré,ci CIV,FW MF,Nantes,20,2002,14,4,504,05.juin,0,1,1,0,0,0,1,1,0.7,0.7,0.9,01.juin,23,15,45,0.00,0.18,0.18,0.00,0.18,0.13,0.16,0.29,0.13,0.29
Daouda Traoré,fr FRA,MF,Nice,17,2006,1,0,16,0.2,0,0,0,0,0,0,0,0,0.1,0.1,0.0,0.1,1,1,0,0.00,0.00,0.00,0.00,0.00,0.34,0.00,0.34,0.34,0.34
Ismaël Traoré,ci CIV,DF,Metz,36,1986,26,25,2 22,24.juil,2,0,2,2,0,0,2,0,0.8,0.8,0.2,1.0,1,32,1,0.08,0.00,0.08,0.08,0.08,0.03,0.01,0.04,0.03,0.04
Adrien Truffert,fr FRA,DF,Rennes,21,2001,30,24,2 145,23.août,1,2,3,1,0,0,6,0,01.juil,01.juil,01.août,03.mai,51,98,181,0.04,0.08,0.13,0.04,0.13,0.07,0.08,0.15,0.07,0.15
Matthieu Udol,fr FRA,DF,Metz,27,1996,30,30,2 7,30.0,3,3,6,3,0,0,5,0,01.avr,01.avr,03.janv,04.mai,46,98,86,0.10,0.10,0.20,0.10,0.20,0.05,0.10,0.15,0.05,0.15
Manuel Ugarte,uy URU,MF,Paris S-G,22,2001,25,21,1 932,21.mai,0,2,2,0,0,0,5,0,0.6,0.6,0.9,01.mai,16,87,24,0.00,0.09,0.09,0.00,0.09,0.03,0.04,0.07,0.03,0.07
Samuel Umtiti,fr FRA,DF,Lille,29,1993,6,2,185,02.janv,0,0,0,0,0,0,0,0,0.0,0.0,0.0,0.0,0,8,0,0.00,0.00,0.00,0.00,0.00,0.00,0.00,0.00,0.00,0.00
Kévin Van Den Kerkhof,dz ALG,FW MF,Metz,27,1996,29,21,1 913,21.mars,1,2,3,1,0,0,2,0,01.mai,01.mai,03.mai,5.0,65,28,145,0.05,0.09,0.14,0.05,0.14,0.07,0.16,0.24,0.07,0.24
Vanderson,br BRA,DF,Monaco,22,2001,20,20,1 641,18.févr,3,1,4,3,0,0,6,1,02.janv,02.janv,01.avr,03.mai,26,71,129,0.16,0.05,0.22,0.16,0.22,0.12,0.08,0.19,0.12,0.19
Jordan Veretout,fr FRA,MF,Marseille,30,1993,29,24,2 183,24.mars,1,2,3,1,0,0,4,0,02.sept,02.sept,5.0,07.sept,53,194,81,0.04,0.08,0.12,0.04,0.12,0.12,0.21,0.33,0.12,0.33
Alan Virginius,fr FRA,FW,Lille,20,2003,2,1,71,0.8,0,0,0,0,0,0,0,0,0.0,0.0,0.0,0.0,1,2,4,0.00,0.00,0.00,0.00,0.00,0.00,0.02,0.02,0.00,0.02
Alan Virginius,fr FRA,FW,Clermont Foot,20,2003,14,12,934,10.avr,0,2,2,0,0,0,0,0,01.mars,01.mars,01.mai,02.août,22,21,64,0.00,0.19,0.19,0.00,0.19,0.13,0.15,0.27,0.13,0.27
Vitinha,pt POR,FW,Marseille,23,2000,18,10,923,10.mars,3,2,5,3,0,0,1,0,05.janv,05.janv,02.sept,8.0,15,23,84,0.29,0.20,0.49,0.29,0.49,0.50,0.28,0.78,0.50,0.78
Vitinha,pt POR,MF,Paris S-G,23,2000,28,23,2 126,23.juin,7,4,11,7,0,0,0,0,03.janv,03.janv,03.janv,06.mars,41,182,122,0.30,0.17,0.47,0.30,0.47,0.13,0.13,0.27,0.13,0.27
Elye Wahi,fr FRA,FW,Montpellier,20,2003,1,0,14,0.2,0,0,0,0,0,0,0,0,0.0,0.0,0.6,0.6,1,1,2,0.00,0.00,0.00,0.00,0.00,0.00,avr.23,avr.23,0.00,avr.23
Elye Wahi,fr FRA,FW,Lens,20,2003,27,20,1 692,18.août,9,3,12,8,1,1,10,1,11.mai,10.juil,02.juin,13.avr,52,15,171,0.48,0.16,0.64,0.43,0.59,0.61,0.14,0.75,0.57,0.71
Mateusz Wieteska,pl POL,DF,Clermont Foot,26,1997,2,2,174,01.sept,1,0,1,1,0,0,0,0,0.1,0.1,0.0,0.1,0,6,1,0.52,0.00,0.52,0.52,0.52,0.05,0.00,0.05,0.05,0.05
Player,Nation,Pos,Squad,Age,Born,MP,Starts,Min,90s,Gls,Ast,G+A,G-PK,PK,PKatt,CrdY,CrdR,xG,npxG,xAG,npxG+xAG,PrgC,PrgP,PrgR,Gls,Ast,G+A,G-PK,G+A-PK,xG,xAG,xG+xAG,npxG,npxG+xAG
Josh Wilson-Esbrand,eng ENG,DF MF,Reims,20,2002,11,5,461,05.janv,1,1,2,1,0,0,1,0,0.1,0.1,1.0,01.janv,11,19,20,0.20,0.20,0.39,0.20,0.39,0.03,0.19,0.21,0.03,0.21
Christopher Wooh,cm CMR,DF,Rennes,21,2001,18,15,1 388,15.avr,1,0,1,1,0,0,3,1,01.mars,01.mars,0.7,2.0,8,61,4,0.06,0.00,0.06,0.06,0.06,0.09,0.04,0.13,0.09,0.13
Yusuf Yazıcı,tr TUR,MF FW,Lille,26,1997,27,16,1 312,14.juin,5,2,7,5,0,0,5,0,05.avr,05.avr,01.sept,07.mars,31,48,90,0.34,0.14,0.48,0.34,0.48,0.37,0.13,0.50,0.37,0.50
Kelvin Yeboah,it ITA,FW,Montpellier,23,2000,13,0,276,03.janv,0,0,0,0,0,0,0,0,0.5,0.5,0.3,0.7,9,5,25,0.00,0.00,0.00,0.00,0.00,0.15,0.08,0.24,0.15,0.24
Bertuğ Yıldırım,tr TUR,FW,Rennes,21,2002,21,2,469,05.févr,0,1,1,0,0,0,3,0,01.avr,01.avr,0.7,02.janv,9,11,29,0.00,0.19,0.19,0.00,0.19,0.27,0.13,0.40,0.27,0.40
Darlin Yongwa,cm CMR,DF,Lorient,22,2000,22,11,1 159,12.sept,1,1,2,1,0,0,3,0,0.7,0.7,01.avr,02.janv,39,43,81,0.08,0.08,0.16,0.08,0.16,0.06,0.10,0.16,0.06,0.16
Leny Yoro,fr FRA,DF,Lille,17,2005,32,30,2 673,29.juil,2,0,2,2,0,0,5,0,01.mai,01.mai,0.1,01.juil,8,68,3,0.07,0.00,0.07,0.07,0.07,0.05,0.00,0.06,0.05,0.06
Etienne Youte Kinkoue,fr FRA,DF,Le Havre,21,2002,22,22,1 941,21.juin,0,0,0,0,0,0,1,0,0.4,0.4,0.1,0.4,12,31,3,0.00,0.00,0.00,0.00,0.00,0.02,0.00,0.02,0.02,0.02
Yoram Zague,fr FRA,DF,Paris S-G,17,2006,5,4,373,04.janv,1,0,1,1,0,0,1,0,0.3,0.3,0.5,0.8,2,13,4,0.24,0.00,0.24,0.24,0.24,0.07,0.11,0.18,0.07,0.18
Warren Zaïre-Emery,fr FRA,MF DF,Paris S-G,17,2006,26,21,1 962,21.août,2,3,5,2,0,0,4,0,01.avr,01.avr,03.févr,04.mai,54,116,90,0.09,0.14,0.23,0.09,0.23,0.06,0.14,0.21,0.06,0.21
Denis Zakaria,ch SUI,MF DF,Monaco,26,1996,25,24,2 137,23.juil,4,0,4,4,0,0,13,2,01.avr,01.avr,01.janv,02.mai,27,107,23,0.17,0.00,0.17,0.17,0.17,0.06,0.05,0.11,0.06,0.11
Mehdi Zeffane,dz ALG,DF MF,Clermont Foot,31,1992,23,15,1 231,13.juil,0,0,0,0,0,0,2,0,01.avr,01.avr,0.4,01.août,14,53,48,0.00,0.00,0.00,0.00,0.00,0.10,0.03,0.13,0.10,0.13
Nathan Zeze,fr FRA,DF,Nantes,18,2005,13,11,1 022,11.avr,0,0,0,0,0,0,1,0,0.3,0.3,0.0,0.3,1,30,2,0.00,0.00,0.00,0.00,0.00,0.03,0.00,0.03,0.03,0.03
Edon Zhegrova,xk KVX,FW,Lille,24,1999,33,25,2 288,25.avr,6,6,12,6,0,0,3,1,06.févr,06.févr,06.févr,12.avr,110,90,322,0.24,0.24,0.47,0.24,0.47,0.24,0.24,0.49,0.24,0.49
Luck Zogbé,ci CIV,DF,Brest,18,2005,1,0,11,0.1,0,0,0,0,0,0,0,0,0.0,0.0,0.0,0.0,0,0,0,0.00,0.00,0.00,0.00,0.00,0.00,0.00,0.00,0.00,0.00
