Player,Nation,Pos,Squad,Age,Born,MP,Starts,Min,90s,Gls,Ast,G+A,G-PK,PK,PKatt,CrdY,CrdR,xG,npxG,xAG,npxG+xAG,PrgC,PrgP,PrgR,Gls,Ast,G+A,G-PK,G+A-PK,xG,xAG,xG+xAG,npxG,npxG+xAG
Yunis Abdelhamid,ma MAR,DF,Reims,31,1987,28,28,252,28.0,3,0,3,3,0,0,0,0,01.juil,01.juil,01.févr,02.sept,21,96,6,0.11,0.00,0.11,0.11,0.11,0.06,0.04,0.10,0.06,0.10
Mehdi Abeid,dz ALG,MF,Nantes,26,1992,25,20,1817,20.févr,1,2,3,1,0,0,5,0,01.mai,01.mai,01.août,03.mars,25,104,42,0.05,0.10,0.15,0.05,0.15,0.07,0.09,0.16,0.07,0.16
Charles Abi,fr FRA,FW,Saint-Étienne,19,2000,15,6,623,06.sept,0,0,0,0,0,0,2,0,0.3,0.3,01.févr,01.mai,12,10,33,0.00,0.00,0.00,0.00,0.00,0.05,0.17,0.22,0.05,0.22
Amine Adli,ma MAR,MFFW,Toulouse,19,2000,4,0,46,0.5,0,0,0,0,0,0,1,0,0.0,0.0,0.1,0.1,4,3,5,0.00,0.00,0.00,0.00,0.00,0.00,0.13,0.13,0.00,0.13
Yacine Adli,fr FRA,MF,Bordeaux,19,2000,21,11,102,11.mars,3,3,6,3,0,0,3,0,0.8,0.8,02.févr,3.0,38,65,47,0.26,0.26,0.53,0.26,0.53,0.07,0.19,0.26,0.07,0.26
Nayef Aguerd,ma MAR,DF,Dijon,23,1996,11,11,957,10.juin,1,0,1,1,0,0,2,0,0.3,0.3,0.0,0.3,0,27,0,0.09,0.00,0.09,0.09,0.09,0.03,0.00,0.03,0.03,0.03
Ruben Aguilar,fr FRA,DF,Monaco,26,1993,19,11,1072,11.sept,0,2,2,0,0,0,2,2,0.2,0.2,01.août,2.0,32,52,80,0.00,0.17,0.17,0.00,0.17,0.02,0.15,0.17,0.02,0.17
Jean-Eudes Aholou,ci CIV,MF,Saint-Étienne,25,1994,11,8,630,7.0,1,1,2,1,0,0,3,1,0.7,0.7,0.5,01.févr,14,34,15,0.14,0.14,0.29,0.14,0.29,0.10,0.08,0.17,0.10,0.17
Youssef Aït Bennasser,ma MAR,MF,Bordeaux,23,1996,12,6,536,6.0,0,1,1,0,0,0,1,0,0.1,0.1,0.1,0.2,6,47,6,0.00,0.17,0.17,0.00,0.17,0.01,0.02,0.03,0.01,0.03
Rayan Aït-Nouri,dz ALG,DF,Angers,18,2001,17,16,1282,14.févr,0,2,2,0,0,0,3,0,0.2,0.2,0.7,0.8,45,56,69,0.00,0.14,0.14,0.00,0.14,0.01,0.05,0.06,0.01,0.06
Ludovic Ajorque,fr FRA,FW,Strasbourg,25,1994,26,24,2058,22.sept,8,4,12,7,1,1,3,0,07.févr,06.avr,02.août,09.févr,21,30,137,0.35,0.17,0.52,0.31,0.48,0.31,0.12,0.43,0.28,0.40
Marley Aké,fr FRA,FWMF,Marseille,18,2001,9,0,99,01.janv,0,0,0,0,0,0,1,0,0.1,0.1,0.0,0.1,1,4,6,0.00,0.00,0.00,0.00,0.00,0.12,0.00,0.12,0.12,0.12
Chadrac Akolo,cd COD,FWMF,Amiens,24,1995,15,5,544,6.0,2,1,3,2,0,0,1,0,01.janv,01.janv,01.mars,02.mai,11,26,53,0.33,0.17,0.50,0.33,0.50,0.19,0.22,0.41,0.19,0.41
Sofiane Alakouch,ma MAR,DF,Nîmes,21,1998,17,17,14,15.juin,0,0,0,0,0,0,3,0,0.9,0.9,0.4,01.avr,32,78,39,0.00,0.00,0.00,0.00,0.00,0.06,0.03,0.09,0.06,0.09
Haitam Aleesami,no NOR,DF,Amiens,28,1991,22,21,1916,21.mars,1,1,2,1,0,0,4,0,0.4,0.4,01.févr,01.juin,21,120,72,0.05,0.05,0.09,0.05,0.09,0.02,0.06,0.07,0.02,0.07
Rúnar Alex Rúnarsson,is ISL,GK,Dijon,24,1995,11,9,901,10.0,0,0,0,0,0,0,0,0,0.0,0.0,0.0,0.0,0,0,0,0.00,0.00,0.00,0.00,0.00,0.00,0.00,0.00,0.00,0.00
Rachid Alioui,ma MAR,FW,Angers,27,1992,28,17,1563,17.avr,6,1,7,6,0,0,1,0,05.févr,05.févr,01.mars,06.mai,24,35,108,0.35,0.06,0.40,0.35,0.40,0.30,0.07,0.37,0.30,0.37
Mickaël Alphonse,gp GLP,DF,Dijon,30,1989,17,15,1378,15.mars,0,1,1,0,0,0,2,0,0.2,0.2,0.7,0.9,37,44,45,0.00,0.07,0.07,0.00,0.07,0.01,0.05,0.06,0.01,0.06
Romain Amalfitano,fr FRA,MF,Dijon,29,1989,26,18,1695,18.août,1,1,2,1,0,0,5,0,0.4,0.4,01.févr,01.juil,24,94,28,0.05,0.05,0.11,0.05,0.11,0.02,0.07,0.09,0.02,0.09
Jordan Amavi,fr FRA,DF,Marseille,25,1994,26,24,2164,24.0,1,1,2,1,0,0,9,0,0.7,0.7,1.0,01.juil,62,72,92,0.04,0.04,0.08,0.04,0.08,0.03,0.04,0.07,0.03,0.07
Thierry Ambrose,gp GLP,FW,Metz,22,1997,18,4,548,06.janv,0,0,0,0,0,0,1,0,01.févr,01.févr,0.5,01.juil,31,23,49,0.00,0.00,0.00,0.00,0.00,0.19,0.09,0.27,0.19,0.27
Kelvin Amian,fr FRA,DF,Toulouse,21,1998,20,17,1633,18.janv,0,2,2,0,0,0,3,0,0.4,0.4,0.6,1.0,38,68,27,0.00,0.11,0.11,0.00,0.11,0.02,0.03,0.05,0.02,0.05
Joachim Andersen,dk DEN,DF,Lyon,23,1996,18,17,1531,17.0,1,0,1,1,0,0,3,0,0.9,0.9,0.2,01.janv,6,79,1,0.06,0.00,0.06,0.06,0.06,0.06,0.01,0.07,0.06,0.07
Benjamin André,fr FRA,MF,Lille,28,1990,26,23,2054,22.août,2,1,3,2,0,0,6,0,0.9,0.9,0.9,01.août,25,130,47,0.09,0.04,0.13,0.09,0.13,0.04,0.04,0.08,0.04,0.08
Victorien Angban,ci CIV,MF,Metz,22,1996,20,11,1029,11.avr,0,0,0,0,0,0,0,0,0.1,0.1,0.1,0.2,25,70,17,0.00,0.00,0.00,0.00,0.00,0.01,0.01,0.02,0.01,0.02
Player,Nation,Pos,Squad,Age,Born,MP,Starts,Min,90s,Gls,Ast,G+A,G-PK,PK,PKatt,CrdY,CrdR,xG,npxG,xAG,npxG+xAG,PrgC,PrgP,PrgR,Gls,Ast,G+A,G-PK,G+A-PK,xG,xAG,xG+xAG,npxG,npxG+xAG
Janis Antiste,fr FRA,MF,Toulouse,16,2002,1,0,12,0.1,0,0,0,0,0,0,0,0,0.0,0.0,0.0,0.0,1,0,1,0.00,0.00,0.00,0.00,0.00,0.37,0.00,0.37,0.37,0.37
Houssem Aouar,dz ALG,MFFW,Lyon,21,1998,25,23,1956,21.juil,3,4,7,3,0,0,3,0,03.juil,03.juil,02.mars,6.0,105,134,127,0.14,0.18,0.32,0.14,0.32,0.17,0.11,0.27,0.17,0.27
Adil Aouchiche,fr FRA,MF,Paris S-G,17,2002,1,1,64,0.7,0,0,0,0,0,0,0,0,0.0,0.0,0.0,0.0,0,0,3,0.00,0.00,0.00,0.00,0.00,0.00,0.00,0.00,0.00,0.00
Dennis Appiah,fr FRA,DF,Nantes,27,1992,19,18,1605,17.août,0,0,0,0,0,0,2,0,0.1,0.1,0.4,0.4,23,67,32,0.00,0.00,0.00,0.00,0.00,0.00,0.02,0.02,0.00,0.02
Luiz Araújo,br BRA,FWMF,Lille,23,1996,21,7,828,09.févr,2,1,3,2,0,0,1,0,1.0,1.0,01.août,02.août,30,29,60,0.22,0.11,0.33,0.22,0.33,0.11,0.20,0.31,0.11,0.31
Alphonse Areola,fr FRA,GK,Paris S-G,26,1993,3,3,270,3.0,0,0,0,0,0,0,0,0,0.0,0.0,0.0,0.0,0,0,0,0.00,0.00,0.00,0.00,0.00,0.00,0.00,0.00,0.00,0.00
Youcef Atal,dz ALG,FWDF,Nice,23,1996,13,12,1003,11.janv,1,1,2,1,0,0,5,0,01.avr,01.avr,1.0,02.avr,54,40,119,0.09,0.09,0.18,0.09,0.18,0.13,0.09,0.22,0.13,0.22
Jean-Kévin Augustin,fr FRA,FW,Monaco,22,1997,10,2,266,3.0,0,0,0,0,0,0,0,0,0.5,0.5,0.0,0.5,6,0,17,0.00,0.00,0.00,0.00,0.00,0.16,0.00,0.16,0.16,0.16
Mathias Autret,fr FRA,MFFW,Brest,28,1991,23,14,1222,13.juin,2,3,5,2,0,0,3,0,01.août,01.août,02.août,04.juil,32,63,83,0.15,0.22,0.37,0.15,0.37,0.14,0.21,0.34,0.14,0.34
Ludovic Baal,gf GUF,DF,Brest,33,1986,11,9,827,09.févr,0,0,0,0,0,0,1,0,0.1,0.1,0.8,0.9,29,48,42,0.00,0.00,0.00,0.00,0.00,0.02,0.08,0.10,0.02,0.10
Benoît Badiashile,fr FRA,DF,Monaco,18,2001,16,16,1411,15.juil,0,0,0,0,0,0,0,0,0.7,0.7,0.1,0.8,19,87,4,0.00,0.00,0.00,0.00,0.00,0.04,0.01,0.05,0.04,0.05
Bastian Badu,fr FRA,FW,Montpellier,19,2000,1,0,9,0.1,0,0,0,0,0,0,0,0,0.1,0.1,0.0,0.1,0,0,4,0.00,0.00,0.00,0.00,0.00,0.52,0.00,0.52,0.52,0.52
Stéphane Bahoken,cm CMR,FW,Angers,27,1992,20,10,907,10.janv,4,0,4,3,1,1,3,0,03.avr,02.juin,0.6,03.févr,16,8,74,0.40,0.00,0.40,0.30,0.30,0.33,0.06,0.39,0.26,0.31
Dénys Bain,fr FRA,DF,Brest,26,1993,15,13,1268,14.janv,1,0,1,1,0,0,3,1,0.7,0.7,0.0,0.7,1,23,0,0.07,0.00,0.07,0.07,0.07,0.05,0.00,0.05,0.05,0.05
Stefan Bajic,fr FRA,GK,Saint-Étienne,17,2001,1,1,90,1.0,0,0,0,0,0,0,0,0,0.0,0.0,0.0,0.0,0,0,0,0.00,0.00,0.00,0.00,0.00,0.00,0.00,0.00,0.00,0.00
Tiemoué Bakayoko,fr FRA,MF,Monaco,24,1994,20,20,1719,19.janv,1,2,3,1,0,0,4,1,02.janv,02.janv,01.févr,03.mars,30,112,56,0.05,0.10,0.16,0.05,0.16,0.11,0.06,0.17,0.11,0.17
Mitchel Bakker,nl NED,DF,Paris S-G,19,2000,1,1,90,1.0,0,0,0,0,0,0,1,0,0.0,0.0,0.0,0.0,0,5,7,0.00,0.00,0.00,0.00,0.00,0.00,0.00,0.00,0.00,0.00
Keita Baldé,sn SEN,FWMF,Monaco,24,1995,21,9,858,09.mai,4,1,5,4,0,0,4,0,4.0,4.0,0.7,04.juil,27,23,78,0.42,0.10,0.52,0.42,0.52,0.42,0.07,0.49,0.42,0.49
Fodé Ballo-Touré,sn SEN,DF,Monaco,22,1997,21,18,1679,18.juil,0,0,0,0,0,0,4,0,0.9,0.9,01.mai,02.mai,67,76,109,0.00,0.00,0.00,0.00,0.00,0.05,0.08,0.13,0.05,0.13
Florent Balmont,fr FRA,MF,Dijon,39,1980,11,4,401,04.mai,0,0,0,0,0,0,1,0,0.2,0.2,0.1,0.3,7,31,5,0.00,0.00,0.00,0.00,0.00,0.04,0.02,0.06,0.04,0.06
Abdoulaye Bamba,ci CIV,DF,Angers,29,1990,7,6,554,06.févr,0,0,0,0,0,0,2,0,0.0,0.0,0.2,0.2,9,15,23,0.00,0.00,0.00,0.00,0.00,0.00,0.03,0.03,0.00,0.03
Jonathan Bamba,ci CIV,FWMF,Lille,23,1996,26,22,1937,21.mai,1,4,5,0,1,3,1,0,05.juin,03.mars,02.juil,05.sept,86,80,132,0.05,0.19,0.23,0.00,0.19,0.26,0.12,0.39,0.15,0.28
Danilo Barbosa,br BRA,DFMF,Nice,23,1996,16,12,1122,12.mai,0,0,0,0,0,0,4,0,0.5,0.5,0.4,0.8,21,66,10,0.00,0.00,0.00,0.00,0.00,0.04,0.03,0.07,0.04,0.07
Melvin Bard,fr FRA,DF,Lyon,18,2000,1,0,45,0.5,0,0,0,0,0,0,0,0,0.0,0.0,0.0,0.0,0,1,10,0.00,0.00,0.00,0.00,0.00,0.00,0.09,0.09,0.00,0.09
Toma Bašić,hr CRO,MF,Bordeaux,22,1996,15,11,991,11.0,1,3,4,1,0,0,4,0,0.8,0.8,02.juil,03.mai,19,77,24,0.09,0.27,0.36,0.09,0.36,0.07,0.24,0.31,0.07,0.31
Player,Nation,Pos,Squad,Age,Born,MP,Starts,Min,90s,Gls,Ast,G+A,G-PK,PK,PKatt,CrdY,CrdR,xG,npxG,xAG,npxG+xAG,PrgC,PrgP,PrgR,Gls,Ast,G+A,G-PK,G+A-PK,xG,xAG,xG+xAG,npxG,npxG+xAG
Thomas Basila,fr FRA,DF,Nantes,20,1999,7,3,415,04.juin,0,0,0,0,0,0,1,0,0.1,0.1,0.2,0.3,4,13,8,0.00,0.00,0.00,0.00,0.00,0.02,0.04,0.06,0.02,0.06
Gil Bastião Dias,pt POR,DFMF,Monaco,22,1996,14,12,1057,11.juil,0,0,0,0,0,0,3,0,1.0,1.0,01.juin,02.juin,43,67,71,0.00,0.00,0.00,0.00,0.00,0.08,0.13,0.22,0.08,0.22
Cristian Battocchio,it ITA,MF,Brest,27,1992,24,16,1392,15.mai,3,1,4,3,0,1,1,0,01.juil,1.0,01.juil,02.juin,10,99,40,0.19,0.06,0.26,0.19,0.26,0.11,0.11,0.22,0.06,0.17
Gaëtan Belaud,fr FRA,DF,Brest,32,1986,7,6,580,06.avr,0,0,0,0,0,0,0,0,0.1,0.1,0.2,0.3,3,36,17,0.00,0.00,0.00,0.00,0.00,0.01,0.03,0.04,0.01,0.04
Haris Belkebla,dz ALG,MF,Brest,25,1994,23,20,1816,20.févr,0,0,0,0,0,0,4,0,0.7,0.7,0.5,01.févr,18,77,22,0.00,0.00,0.00,0.00,0.00,0.03,0.02,0.06,0.03,0.06
Raoul Bellanova,it ITA,DF,Bordeaux,19,2000,1,1,62,0.7,0,0,0,0,0,0,0,0,0.0,0.0,0.0,0.0,2,0,3,0.00,0.00,0.00,0.00,0.00,0.00,0.00,0.00,0.00,0.00
Jean-Ricner Bellegarde,ht HAI,MF,Strasbourg,21,1998,24,16,1497,16.juin,0,0,0,0,0,0,2,0,1.0,1.0,01.févr,02.janv,40,64,65,0.00,0.00,0.00,0.00,0.00,0.06,0.07,0.13,0.06,0.13
Sami Ben Amar,ma MAR,FW,Nîmes,21,1998,2,0,14,0.2,0,0,0,0,0,0,0,0,0.0,0.0,0.0,0.0,0,2,3,0.00,0.00,0.00,0.00,0.00,0.00,0.00,0.00,0.00,0.00
Wissam Ben Yedder,fr FRA,FW,Monaco,28,1990,26,25,2164,24.0,18,4,22,15,3,3,1,0,14.avr,12.0,06.févr,18.févr,71,102,209,0.75,0.17,0.91,0.62,0.79,0.60,0.26,0.85,0.50,0.76
Cristian Benavente,pe PER,MFFW,Nantes,25,1994,12,4,349,03.sept,0,1,1,0,0,0,0,0,0.4,0.4,0.9,01.mars,4,22,35,0.00,0.26,0.26,0.00,0.26,0.11,0.22,0.33,0.11,0.33
Darío Benedetto,ar ARG,FW,Marseille,29,1990,26,25,2101,23.mars,11,0,11,11,0,1,4,0,09.juin,08.août,01.juil,10.mai,14,39,120,0.47,0.00,0.47,0.47,0.47,0.41,0.07,0.49,0.38,0.45
Walter Benítez,ar ARG,GK,Nice,26,1993,26,26,234,26.0,0,0,0,0,0,0,0,0,0.0,0.0,0.0,0.0,0,0,0,0.00,0.00,0.00,0.00,0.00,0.00,0.00,0.00,0.00,0.00
Loris Benito,ch SUI,DF,Bordeaux,27,1992,23,21,1896,21.janv,1,0,1,1,0,0,5,0,0.8,0.8,0.9,01.juil,50,119,73,0.05,0.00,0.05,0.05,0.05,0.04,0.04,0.08,0.04,0.08
Bilal Benkhedim,fr FRA,MFFW,Saint-Étienne,18,2001,3,1,132,01.mai,0,0,0,0,0,0,0,0,0.4,0.4,0.4,0.8,4,7,3,0.00,0.00,0.00,0.00,0.00,0.27,0.28,0.55,0.27,0.55
Yassine Benrahou,fr FRA,FWMF,Bordeaux,20,1999,6,1,168,01.sept,0,2,2,0,0,0,0,0,0.2,0.2,0.9,01.janv,4,8,20,0.00,01.juil,01.juil,0.00,01.juil,0.13,0.47,0.60,0.13,0.60
Yassine Benrahou,fr FRA,MFFW,Nîmes,20,1999,9,9,762,08.mai,2,3,5,2,0,0,1,0,2.0,2.0,03.janv,05.févr,17,30,46,0.24,0.35,0.59,0.24,0.59,0.24,0.37,0.61,0.24,0.61
Yassine Benzia,dz ALG,MF,Dijon,24,1994,3,2,173,01.sept,0,0,0,0,0,0,0,0,0.1,0.1,0.3,0.5,6,4,5,0.00,0.00,0.00,0.00,0.00,0.07,0.18,0.25,0.07,0.25
Robert Berić,si SVN,FW,Saint-Étienne,28,1991,11,4,413,04.juin,1,0,1,1,0,0,0,0,01.avr,01.avr,0.3,01.juil,3,2,23,0.22,0.00,0.22,0.22,0.22,0.31,0.06,0.37,0.31,0.37
Paul Bernardoni,fr FRA,GK,Nîmes,22,1997,25,25,2203,24.mai,0,0,0,0,0,0,0,0,0.0,0.0,0.0,0.0,0,0,0,0.00,0.00,0.00,0.00,0.00,0.00,0.00,0.00,0.00,0.00
Juan Bernat,es ESP,DFMF,Paris S-G,26,1993,18,16,1388,15.avr,0,4,4,0,0,0,5,0,0.4,0.4,03.janv,03.mai,44,63,129,0.00,0.26,0.26,0.00,0.26,0.03,0.20,0.23,0.03,0.23
Dimitry Bertaud,cd COD,GK,Montpellier,21,1998,3,3,196,02.févr,0,0,0,0,0,0,0,1,0.0,0.0,0.0,0.0,0,0,0,0.00,0.00,0.00,0.00,0.00,0.00,0.00,0.00,0.00,0.00
El Bilal Touré,ml MLI,FW,Reims,17,2001,7,6,453,5.0,3,0,3,1,2,2,2,0,03.mars,01.août,0.2,2.0,7,4,34,0.60,0.00,0.60,0.20,0.20,0.65,0.04,0.70,0.36,0.40
Ludovic Blas,fr FRA,FWMF,Nantes,21,1997,24,22,1845,20.mai,5,1,6,5,0,0,0,0,4.0,4.0,01.juin,05.juin,53,92,112,0.24,0.05,0.29,0.24,0.29,0.20,0.08,0.28,0.20,0.28
Alexis Blin,fr FRA,MF,Amiens,22,1996,24,21,1841,20.mai,0,1,1,0,0,0,4,0,0.1,0.1,0.7,0.8,10,100,9,0.00,0.05,0.05,0.00,0.05,0.01,0.03,0.04,0.01,0.04
Antonin Bobichon,fr FRA,MF,Nîmes,23,1995,2,2,180,2.0,0,0,0,0,0,0,0,0,0.1,0.1,0.1,0.1,3,17,5,0.00,0.00,0.00,0.00,0.00,0.03,0.04,0.06,0.03,0.06
Player,Nation,Pos,Squad,Age,Born,MP,Starts,Min,90s,Gls,Ast,G+A,G-PK,PK,PKatt,CrdY,CrdR,xG,npxG,xAG,npxG+xAG,PrgC,PrgP,PrgR,Gls,Ast,G+A,G-PK,G+A-PK,xG,xAG,xG+xAG,npxG,npxG+xAG
Antonin Bobichon,fr FRA,MF,Angers,23,1995,11,8,649,07.févr,2,1,3,2,0,0,0,0,1.0,1.0,0.6,01.juin,20,42,24,0.28,0.14,0.42,0.28,0.42,0.14,0.09,0.23,0.14,0.23
Mathieu Bodmer,fr FRA,MFFW,Amiens,36,1982,9,0,88,1.0,1,0,1,1,0,0,1,0,0.3,0.3,0.2,0.5,2,9,3,01.févr,0.00,01.févr,01.févr,01.févr,0.28,0.20,0.48,0.28,0.48
Sacha Boey,fr FRA,DF,Rennes,18,2000,5,1,172,01.sept,0,0,0,0,0,0,1,0,0.1,0.1,0.1,0.2,3,6,11,0.00,0.00,0.00,0.00,0.00,0.05,0.06,0.12,0.05,0.12
Quentin Boisgard,fr FRA,MFFW,Toulouse,22,1997,20,13,1146,12.juil,1,1,2,1,0,0,1,0,0.8,0.8,01.avr,02.mars,27,41,61,0.08,0.08,0.16,0.08,0.16,0.07,0.11,0.18,0.07,0.18
Gabriel Boschilia,br BRA,MFFW,Monaco,23,1996,5,1,130,01.avr,0,0,0,0,0,0,0,0,0.2,0.2,0.0,0.2,4,5,4,0.00,0.00,0.00,0.00,0.00,0.13,0.00,0.13,0.13,0.13
Denis Bouanga,ga GAB,FWMF,Saint-Étienne,24,1994,26,23,2042,22.juil,10,3,13,7,3,3,4,0,10.mars,07.sept,02.janv,10.0,75,33,201,0.44,0.13,0.57,0.31,0.44,0.45,0.09,0.55,0.35,0.44
Hicham Boudaoui,dz ALG,MFFW,Nice,19,1999,9,6,490,05.avr,1,2,3,1,0,0,2,1,1.0,1.0,01.janv,02.janv,17,13,54,0.18,0.37,0.55,0.18,0.55,0.19,0.20,0.38,0.19,0.38
Ryad Boudebouz,dz ALG,MFFW,Saint-Étienne,29,1990,24,20,1597,17.juil,1,4,5,0,1,1,0,0,02.févr,01.avr,04.mai,05.sept,46,96,97,0.06,0.23,0.28,0.00,0.23,0.13,0.25,0.38,0.08,0.33
Farid Boulaya,dz ALG,FW,Metz,26,1993,19,8,821,09.janv,2,1,3,2,0,0,1,1,01.août,01.août,02.janv,03.sept,33,44,54,0.22,0.11,0.33,0.22,0.33,0.20,0.23,0.43,0.20,0.43
Benjamin Bourigeaud,fr FRA,MF,Rennes,25,1994,25,21,1903,21.janv,2,2,4,2,0,0,5,0,02.mai,02.mai,02.mars,04.sept,30,120,58,0.09,0.09,0.19,0.09,0.19,0.12,0.11,0.23,0.12,0.23
Bilal Boutobba,fr FRA,MF,Montpellier,20,1998,1,0,5,0.1,0,0,0,0,0,0,0,0,0.0,0.0,0.0,0.0,1,0,4,0.00,0.00,0.00,0.00,0.00,0.00,0.00,0.00,0.00,0.00
John Boye,gh GHA,DF,Metz,32,1987,24,24,2115,23.mai,2,0,2,2,0,0,6,0,02.mars,02.mars,0.1,02.avr,1,28,0,0.09,0.00,0.09,0.09,0.09,0.10,0.00,0.10,0.10,0.10
Domagoj Bradarić,hr CRO,DF,Lille,19,1999,18,16,1419,15.août,0,1,1,0,0,0,1,0,0.4,0.4,01.mars,01.juil,35,44,95,0.00,0.06,0.06,0.00,0.06,0.03,0.08,0.11,0.03,0.11
Anthony Briançon,fr FRA,DF,Nîmes,24,1994,22,20,1737,19.mars,1,0,1,1,0,0,0,2,2.0,2.0,0.4,02.mars,15,48,2,0.05,0.00,0.05,0.05,0.05,0.10,0.02,0.12,0.10,0.12
Jimmy Briand,fr FRA,FW,Bordeaux,33,1985,22,18,1525,16.sept,7,1,8,6,1,1,1,0,05.févr,04.mai,0.8,05.mars,9,15,73,0.41,0.06,0.47,0.35,0.41,0.31,0.05,0.36,0.26,0.31
Dylan Bronn,tn TUN,DF,Metz,24,1995,9,9,810,9.0,0,0,0,0,0,0,0,0,0.1,0.1,0.0,0.1,0,11,0,0.00,0.00,0.00,0.00,0.00,0.01,0.00,0.01,0.01,0.01
Lucas Buadés,fr FRA,MFFW,Nîmes,21,1997,6,1,121,01.mars,0,0,0,0,0,0,0,0,0.0,0.0,0.0,0.0,0,0,5,0.00,0.00,0.00,0.00,0.00,0.00,0.00,0.00,0.00,0.00
Patrick Burner,mq MTQ,DF,Nice,23,1996,20,15,1434,15.sept,1,1,2,1,0,0,6,1,0.3,0.3,0.8,01.janv,20,101,32,0.06,0.06,0.13,0.06,0.13,0.02,0.05,0.07,0.02,0.07
Ludovic Butelle,fr FRA,GK,Angers,36,1983,26,26,234,26.0,0,0,0,0,0,0,0,0,0.0,0.0,0.1,0.1,0,0,0,0.00,0.00,0.00,0.00,0.00,0.00,0.00,0.00,0.00,0.00
Marcin Bułka,pl POL,GK,Paris S-G,19,1999,1,1,90,1.0,0,0,0,0,0,0,0,0,0.0,0.0,0.0,0.0,0,0,0,0.00,0.00,0.00,0.00,0.00,0.00,0.00,0.00,0.00,0.00
Yohan Cabaye,fr FRA,MF,Saint-Étienne,33,1986,15,12,858,09.mai,0,1,1,0,0,0,3,0,0.5,0.5,0.3,0.9,11,59,11,0.00,0.10,0.10,0.00,0.10,0.05,0.04,0.09,0.05,0.09
Manuel Cabit,mq MTQ,DF,Metz,26,1993,3,3,270,3.0,0,1,1,0,0,0,2,0,0.0,0.0,0.7,0.7,8,9,14,0.00,0.33,0.33,0.00,0.33,0.00,0.23,0.23,0.00,0.23
Anthony Caci,fr FRA,DF,Strasbourg,22,1997,8,8,691,07.juil,1,4,5,1,0,0,0,0,0.4,0.4,01.sept,02.mars,12,52,20,0.13,0.52,0.65,0.13,0.65,0.05,0.25,0.30,0.05,0.30
Jhonder Cádiz,ve VEN,FWMF,Dijon,24,1995,17,7,799,08.sept,2,2,4,2,0,0,3,0,03.févr,03.févr,0.9,04.janv,25,20,64,0.23,0.23,0.45,0.23,0.45,0.36,0.10,0.46,0.36,0.46
Mathieu Cafaro,fr FRA,FWMF,Reims,22,1997,13,12,924,10.mars,1,2,3,0,1,1,3,1,02.juil,01.sept,02.janv,4.0,34,36,75,0.10,0.19,0.29,0.00,0.19,0.26,0.21,0.47,0.18,0.39
Player,Nation,Pos,Squad,Age,Born,MP,Starts,Min,90s,Gls,Ast,G+A,G-PK,PK,PKatt,CrdY,CrdR,xG,npxG,xAG,npxG+xAG,PrgC,PrgP,PrgR,Gls,Ast,G+A,G-PK,G+A-PK,xG,xAG,xG+xAG,npxG,npxG+xAG
Jonathan Cafu,br BRA,DF,Bordeaux,28,1991,3,2,201,02.févr,0,0,0,0,0,0,0,0,0.0,0.0,0.1,0.2,8,2,16,0.00,0.00,0.00,0.00,0.00,0.02,0.05,0.07,0.02,0.07
Arturo Calabresi,it ITA,DF,Amiens,23,1996,21,21,1878,20.sept,1,1,2,1,0,0,5,0,0.8,0.8,01.janv,01.sept,20,68,23,0.05,0.05,0.10,0.05,0.10,0.04,0.05,0.09,0.04,0.09
Duje Ćaleta-Car,hr CRO,DF,Marseille,22,1996,23,20,1886,21.0,1,1,2,1,0,0,6,0,01.avr,01.avr,0.5,01.sept,20,75,3,0.05,0.05,0.10,0.05,0.10,0.07,0.02,0.09,0.07,0.09
Mahdi Camara,fr FRA,MF,Saint-Étienne,21,1998,12,10,901,10.0,0,0,0,0,0,0,2,1,0.3,0.3,0.2,0.5,19,30,13,0.00,0.00,0.00,0.00,0.00,0.03,0.02,0.05,0.03,0.05
Souleymane Camara,sn SEN,FW,Montpellier,36,1982,13,0,163,01.août,0,0,0,0,0,0,0,0,0.3,0.3,0.4,0.7,1,8,14,0.00,0.00,0.00,0.00,0.00,0.17,0.24,0.41,0.17,0.41
Eduardo Camavinga,fr FRA,MF,Rennes,16,2002,25,24,2107,23.avr,1,2,3,1,0,0,4,0,0.9,0.9,0.7,01.juin,48,96,24,0.04,0.09,0.13,0.04,0.13,0.04,0.03,0.07,0.04,0.07
Pierrick Capelle,fr FRA,MFDF,Angers,32,1987,24,20,1747,19.avr,1,2,3,1,0,0,7,0,02.juin,02.juin,02.juin,05.févr,50,68,102,0.05,0.10,0.15,0.05,0.15,0.14,0.13,0.27,0.14,0.27
Maxence Caqueret,fr FRA,MF,Lyon,19,2000,8,7,568,06.mars,0,0,0,0,0,0,2,0,0.2,0.2,0.3,0.5,6,45,12,0.00,0.00,0.00,0.00,0.00,0.02,0.05,0.07,0.02,0.07
Irvin Cardona,mt MLT,FWMF,Brest,21,1997,21,15,145,16.janv,6,3,9,6,0,0,3,0,05.mai,05.mai,02.mars,07.août,37,53,134,0.37,0.19,0.56,0.37,0.56,0.34,0.14,0.48,0.34,0.48
Lionel Carole,fr FRA,DF,Strasbourg,28,1991,18,14,1272,14.janv,0,0,0,0,0,0,3,0,0.2,0.2,0.9,01.janv,32,81,61,0.00,0.00,0.00,0.00,0.00,0.01,0.06,0.08,0.01,0.08
Matis Carvalho,pt POR,GK,Montpellier,20,1999,1,0,72,0.8,0,0,0,0,0,0,0,0,0.0,0.0,0.0,0.0,0,0,0,0.00,0.00,0.00,0.00,0.00,0.00,0.00,0.00,0.00,0.00
Moreto Cassamã,gw GNB,MF,Reims,21,1998,7,7,592,06.juin,1,1,2,1,0,0,3,0,0.2,0.2,0.6,0.8,4,51,3,0.15,0.15,0.30,0.15,0.30,0.02,0.09,0.12,0.02,0.12
Jean-Charles Castelletto,cm CMR,DF,Brest,24,1995,22,22,1838,20.avr,1,0,1,1,0,0,3,1,0.5,0.5,0.2,0.7,8,66,1,0.05,0.00,0.05,0.05,0.05,0.03,0.01,0.03,0.03,0.03
Edinson Cavani,uy URU,FW,Paris S-G,32,1987,14,7,605,06.juil,4,1,5,3,1,1,2,0,08.juil,07.sept,01.janv,9.0,3,13,52,0.60,0.15,0.74,0.45,0.60,janv.29,0.16,janv.46,janv.18,janv.34
Zeki Çelik,tr TUR,DF,Lille,22,1997,23,23,207,23.0,0,2,2,0,0,0,4,0,0.2,0.2,01.sept,2.0,54,105,99,0.00,0.09,0.09,0.00,0.09,0.01,0.08,0.09,0.01,0.09
Fabien Centonze,fr FRA,DF,Metz,23,1996,28,28,252,28.0,0,3,3,0,0,0,3,0,0.5,0.5,01.sept,02.avr,97,80,82,0.00,0.11,0.11,0.00,0.11,0.02,0.07,0.09,0.02,0.09
Florian Chabrolle,fr FRA,MF,Marseille,21,1998,1,0,18,0.2,0,0,0,0,0,0,0,0,0.0,0.0,0.0,0.0,3,2,0,0.00,0.00,0.00,0.00,0.00,0.00,0.00,0.00,0.00,0.00
Fouad Chafik,ma MAR,DF,Dijon,32,1986,20,18,1528,17.0,0,2,2,0,0,0,1,0,0.2,0.2,01.sept,02.janv,44,85,52,0.00,0.12,0.12,0.00,0.12,0.01,0.11,0.12,0.01,0.12
Gaëtan Charbonnier,fr FRA,FWMF,Brest,30,1988,26,23,2065,22.sept,4,5,9,4,0,2,5,0,07.janv,05.mai,02.sept,08.avr,24,100,162,0.17,0.22,0.39,0.17,0.39,0.31,0.13,0.43,0.24,0.36
Brendan Chardonnet,fr FRA,DF,Brest,24,1994,12,9,823,09.janv,0,0,0,0,0,0,4,0,0.3,0.3,0.1,0.5,8,42,2,0.00,0.00,0.00,0.00,0.00,0.03,0.01,0.05,0.03,0.05
Xavier Chavalerin,fr FRA,MF,Reims,28,1991,24,24,2147,23.sept,1,3,4,1,0,0,6,0,0.9,0.9,03.janv,4.0,17,112,53,0.04,0.13,0.17,0.04,0.17,0.04,0.13,0.17,0.04,0.17
Aurélien Chedjou,cm CMR,DF,Amiens,34,1985,22,22,1971,21.sept,0,0,0,0,0,0,4,1,0.7,0.7,0.5,01.févr,11,82,0,0.00,0.00,0.00,0.00,0.00,0.03,0.02,0.05,0.03,0.05
Rayan Cherki,fr FRA,MFFW,Lyon,15,2003,6,1,143,01.juin,0,0,0,0,0,0,0,0,0.2,0.2,0.1,0.3,2,3,10,0.00,0.00,0.00,0.00,0.00,0.14,0.04,0.18,0.14,0.18
Joris Chotard,fr FRA,MF,Montpellier,17,2001,20,13,1251,13.sept,0,0,0,0,0,0,5,1,0.2,0.2,0.4,0.7,8,59,17,0.00,0.00,0.00,0.00,0.00,0.02,0.03,0.05,0.02,0.05
Mounir Chouiar,fr FRA,MFFW,Dijon,20,1999,20,18,1506,16.juil,4,0,4,4,0,0,4,1,03.juin,03.juin,03.juil,07.avr,67,54,89,0.24,0.00,0.24,0.24,0.24,0.22,0.22,0.44,0.22,0.44
Player,Nation,Pos,Squad,Age,Born,MP,Starts,Min,90s,Gls,Ast,G+A,G-PK,PK,PKatt,CrdY,CrdR,xG,npxG,xAG,npxG+xAG,PrgC,PrgP,PrgR,Gls,Ast,G+A,G-PK,G+A-PK,xG,xAG,xG+xAG,npxG,npxG+xAG
Ibrahim Cissé,ci CIV,DF,Nice,20,1999,2,0,50,0.6,0,0,0,0,0,0,0,0,0.1,0.1,0.0,0.1,1,1,0,0.00,0.00,0.00,0.00,0.00,0.20,0.00,0.20,0.20,0.20
Ibrahim Cissé,sn SEN,DF,Angers,23,1996,1,1,60,0.7,0,0,0,0,0,0,1,0,0.0,0.0,0.1,0.1,1,1,2,0.00,0.00,0.00,0.00,0.00,0.00,0.13,0.13,0.00,0.13
Alexis Claude-Maurice,fr FRA,FWMF,Nice,21,1998,22,19,1629,18.janv,1,1,2,1,0,0,2,0,03.févr,03.févr,01.juin,04.août,64,64,142,0.06,0.06,0.11,0.06,0.11,0.18,0.09,0.27,0.18,0.27
Yannis Clementia,mq MTQ,GK,Nice,22,1997,2,2,180,2.0,0,0,0,0,0,0,0,0,0.0,0.0,0.0,0.0,0,0,0,0.00,0.00,0.00,0.00,0.00,0.00,0.00,0.00,0.00,0.00
Marcus Coco,fr FRA,FW,Nantes,23,1996,1,1,14,0.2,0,0,0,0,0,0,0,0,0.0,0.0,0.0,0.0,0,0,1,0.00,0.00,0.00,0.00,0.00,0.00,0.00,0.00,0.00,0.00
Renaud Cohade,fr FRA,MF,Metz,34,1984,12,9,764,08.mai,1,0,1,1,0,0,3,0,0.4,0.4,0.6,1.0,27,71,30,0.12,0.00,0.12,0.12,0.12,0.04,0.07,0.12,0.04,0.12
Racine Coly,sn SEN,DFFW,Nice,23,1995,10,8,649,07.févr,1,0,1,1,0,0,5,2,0.9,0.9,0.1,0.9,7,43,20,0.14,0.00,0.14,0.14,0.14,0.12,0.01,0.13,0.12,0.13
Daniel Congré,fr FRA,DF,Montpellier,34,1985,24,23,1941,21.juin,0,1,1,0,0,0,4,0,01.févr,01.févr,0.2,01.avr,21,87,8,0.00,0.05,0.05,0.00,0.05,0.06,0.01,0.07,0.06,0.07
Benjamin Corgnet,fr FRA,MFFW,Strasbourg,32,1987,6,3,261,02.sept,0,0,0,0,0,0,0,0,0.5,0.5,0.1,0.6,3,6,12,0.00,0.00,0.00,0.00,0.00,0.18,0.03,0.21,0.18,0.21
Maxwel Cornet,ci CIV,FWDF,Lyon,22,1996,22,14,133,14.août,4,3,7,4,0,0,1,0,02.janv,02.janv,03.avr,05.mai,61,49,159,0.27,0.20,0.47,0.27,0.47,0.14,0.23,0.37,0.14,0.37
Quentin Cornette,fr FRA,FWMF,Amiens,25,1994,13,3,349,03.sept,0,2,2,0,0,0,0,0,0.1,0.1,01.févr,01.mars,13,14,39,0.00,0.52,0.52,0.00,0.52,0.02,0.32,0.34,0.02,0.34
Edmilson Correia,gw GNB,FWDF,Saint-Étienne,19,2000,4,0,49,0.5,0,0,0,0,0,0,0,0,0.0,0.0,0.1,0.1,1,1,5,0.00,0.00,0.00,0.00,0.00,0.00,0.16,0.16,0.00,0.16
Nuno da Costa,cv CPV,FW,Strasbourg,28,1991,14,4,527,05.sept,1,0,1,1,0,0,4,0,01.mars,01.mars,0.2,01.mai,6,13,57,0.17,0.00,0.17,0.17,0.17,0.23,0.03,0.26,0.23,0.26
Benoît Costil,fr FRA,GK,Bordeaux,32,1987,28,28,252,28.0,0,0,0,0,0,0,1,0,0.0,0.0,0.0,0.0,0,0,0,0.00,0.00,0.00,0.00,0.00,0.00,0.00,0.00,0.00,0.00
Kalifa Coulibaly,ml MLI,FW,Nantes,27,1991,21,18,1616,18.0,4,0,4,4,0,0,1,0,06.janv,06.janv,0.6,06.juil,23,21,124,0.22,0.00,0.22,0.22,0.22,0.34,0.03,0.37,0.34,0.37
Senou Coulibaly,ml MLI,DF,Dijon,24,1994,10,9,666,07.avr,0,0,0,0,0,0,0,0,0.6,0.6,0.0,0.6,2,16,1,0.00,0.00,0.00,0.00,0.00,0.08,0.00,0.08,0.08,0.08
Yoann Court,fr FRA,FWMF,Brest,29,1990,23,18,1465,16.mars,3,7,10,3,0,0,6,0,01.août,01.août,02.juil,04.mai,33,65,95,0.18,0.43,0.61,0.18,0.61,0.11,0.16,0.28,0.11,0.28
Nicolas Cozza,fr FRA,DF,Montpellier,20,1999,7,6,556,06.févr,0,0,0,0,0,0,1,0,0.2,0.2,0.0,0.2,2,13,1,0.00,0.00,0.00,0.00,0.00,0.04,0.00,0.04,0.04,0.04
Wylan Cyprien,fr FRA,MF,Nice,24,1995,20,20,1772,19.juil,7,3,10,2,5,5,3,1,06.mai,02.juin,03.avr,05.sept,24,156,28,0.36,0.15,0.51,0.10,0.25,0.33,0.17,0.50,0.13,0.30
Lucas Da Cunha,fr FRA,MF,Rennes,18,2001,2,1,72,0.8,0,0,0,0,0,0,0,0,0.1,0.1,0.1,0.2,0,3,3,0.00,0.00,0.00,0.00,0.00,0.08,0.16,0.24,0.08,0.24
Damien Da Silva,fr FRA,DF,Rennes,31,1988,25,25,2244,24.sept,1,2,3,1,0,0,3,0,0.4,0.4,01.févr,01.juin,20,60,3,0.04,0.08,0.12,0.04,0.12,0.02,0.05,0.07,0.02,0.07
Colin Dagba,fr FRA,DF,Paris S-G,20,1998,10,7,668,07.avr,0,0,0,0,0,0,1,0,0.1,0.1,0.7,0.8,24,22,55,0.00,0.00,0.00,0.00,0.00,0.01,0.10,0.11,0.01,0.11
Dante,br BRA,DF,Nice,35,1983,21,21,189,21.0,1,0,1,1,0,0,7,0,01.juil,01.juil,0.3,01.sept,8,89,1,0.05,0.00,0.05,0.05,0.05,0.08,0.01,0.09,0.08,0.09
Lucas Deaux,fr FRA,MF,Nîmes,30,1988,17,15,1335,14.août,2,1,3,2,0,0,2,0,01.mars,01.mars,01.avr,02.juil,14,91,24,0.13,0.07,0.20,0.13,0.20,0.09,0.09,0.18,0.09,0.18
Mathieu Debuchy,fr FRA,DF,Saint-Étienne,34,1985,21,20,1769,19.juil,1,1,2,1,0,0,2,0,01.avr,01.avr,1.0,02.avr,33,89,66,0.05,0.05,0.10,0.05,0.10,0.07,0.05,0.12,0.07,0.12
Player,Nation,Pos,Squad,Age,Born,MP,Starts,Min,90s,Gls,Ast,G+A,G-PK,PK,PKatt,CrdY,CrdR,xG,npxG,xAG,npxG+xAG,PrgC,PrgP,PrgR,Gls,Ast,G+A,G-PK,G+A-PK,xG,xAG,xG+xAG,npxG,npxG+xAG
Romain Del Castillo,fr FRA,FWMF,Rennes,23,1996,21,14,1242,13.août,2,5,7,1,1,1,2,0,03.janv,02.mars,03.avr,05.août,52,39,99,0.14,0.36,0.51,0.07,0.43,0.23,0.25,0.47,0.17,0.42
Thomas Delaine,fr FRA,DF,Metz,27,1992,16,14,1254,13.sept,0,0,0,0,0,0,4,0,0.3,0.3,0.6,0.9,66,47,86,0.00,0.00,0.00,0.00,0.00,0.02,0.04,0.07,0.02,0.07
Paul Delecroix,fr FRA,GK,Metz,30,1988,2,1,136,01.mai,0,0,0,0,0,0,0,0,0.0,0.0,0.0,0.0,0,0,0,0.00,0.00,0.00,0.00,0.00,0.00,0.00,0.00,0.00,0.00
Andy Delort,dz ALG,FW,Montpellier,27,1991,26,26,228,25.mars,9,3,12,9,0,2,5,0,11.avr,09.sept,04.juil,14.juin,50,69,246,0.36,0.12,0.47,0.36,0.47,0.45,0.19,0.64,0.39,0.58
Moussa Dembélé,fr FRA,FW,Lyon,23,1996,27,24,2188,24.mars,16,2,18,12,4,5,3,0,11.mai,07.mai,01.juin,09.févr,38,27,134,0.66,0.08,0.74,0.49,0.58,0.47,0.07,0.54,0.31,0.38
Jason Denayer,be BEL,DF,Lyon,24,1995,25,24,2131,23.juil,0,1,1,0,0,0,0,0,0.7,0.7,0.1,0.9,15,71,3,0.00,0.04,0.04,0.00,0.04,0.03,0.00,0.04,0.03,0.04
Kévin Denkey,tg TOG,FW,Nîmes,18,2000,17,6,603,06.juil,3,1,4,3,0,0,1,0,2.0,2.0,0.5,02.avr,6,16,52,0.45,0.15,0.60,0.45,0.60,0.29,0.07,0.36,0.29,0.36
Ángel Di María,ar ARG,FWMF,Paris S-G,31,1988,26,23,2,22.févr,8,14,22,7,1,2,2,0,08.mars,06.juil,14.mai,21.févr,111,178,275,0.36,0.63,0.99,0.32,0.95,0.37,0.65,01.févr,0.30,0.95
Boulaye Dia,sn SEN,FW,Reims,22,1996,24,21,1812,20.janv,7,1,8,6,1,1,0,0,05.juil,5.0,02.août,07.août,32,21,115,0.35,0.05,0.40,0.30,0.35,0.29,0.14,0.42,0.25,0.39
Fousseni Diabaté,ml MLI,FWMF,Amiens,23,1995,20,15,119,13.févr,1,3,4,1,0,0,3,0,0.6,0.6,01.juin,02.févr,47,27,111,0.08,0.23,0.30,0.08,0.30,0.05,0.12,0.17,0.05,0.17
Bafodé Diakité,fr FRA,DF,Toulouse,18,2001,16,16,1366,15.févr,2,0,2,2,0,0,1,1,01.juin,01.juin,0.0,01.juin,9,43,3,0.13,0.00,0.13,0.13,0.13,0.11,0.00,0.11,0.11,0.11
Abdou Diallo,sn SEN,DF,Paris S-G,23,1996,16,14,1201,13.mars,0,1,1,0,0,0,4,0,01.févr,01.févr,0.5,01.juil,21,88,10,0.00,0.07,0.07,0.00,0.07,0.09,0.04,0.13,0.09,0.13
Habib Diallo,sn SEN,FW,Metz,24,1995,26,26,2196,24.avr,12,3,15,11,1,3,2,1,09.juin,07.févr,02.juin,09.août,35,19,129,0.49,0.12,0.61,0.45,0.57,0.39,0.11,0.50,0.29,0.40
Ibrahima Diallo,fr FRA,MF,Brest,20,1999,19,18,1561,17.mars,0,1,1,0,0,0,2,0,0.2,0.2,0.7,0.9,24,69,18,0.00,0.06,0.06,0.00,0.06,0.01,0.04,0.05,0.01,0.05
Moussa Diarra,ml MLI,DF,Toulouse,18,2000,1,1,90,1.0,0,0,0,0,0,0,0,0,0.0,0.0,0.0,0.0,0,1,0,0.00,0.00,0.00,0.00,0.00,0.00,0.00,0.00,0.00,0.00
Lucas Dias,fr FRA,GK,Nîmes,20,1999,4,3,317,03.mai,0,0,0,0,0,0,0,0,0.0,0.0,0.0,0.0,0,0,0,0.00,0.00,0.00,0.00,0.00,0.00,0.00,0.00,0.00,0.00
Bakaye Dibassy,ml MLI,DF,Amiens,29,1989,22,22,1868,20.août,2,0,2,2,0,0,5,1,01.févr,01.févr,0.1,01.févr,15,48,11,0.10,0.00,0.10,0.10,0.10,0.06,0.00,0.06,0.06,0.06
Tristan Dingomé,cm CMR,MF,Reims,28,1991,15,12,892,09.sept,0,1,1,0,0,0,1,0,0.4,0.4,01.avr,01.août,1,51,48,0.00,0.10,0.10,0.00,0.10,0.04,0.14,0.18,0.04,0.18
Lois Diony,fr FRA,FW,Saint-Étienne,26,1992,12,8,666,07.avr,2,0,2,2,0,0,1,0,01.févr,01.févr,0.3,01.mai,15,9,45,0.27,0.00,0.27,0.27,0.27,0.16,0.04,0.20,0.16,0.20
Assane Dioussé,sn SEN,MF,Saint-Étienne,21,1997,4,1,120,01.mars,0,0,0,0,0,0,1,0,0.0,0.0,0.1,0.1,4,6,1,0.00,0.00,0.00,0.00,0.00,0.02,0.06,0.08,0.02,0.08
Axel Disasi,fr FRA,DF,Reims,21,1998,27,27,243,27.0,1,0,1,1,0,0,3,0,02.août,02.août,0.4,03.févr,42,114,3,0.04,0.00,0.04,0.04,0.04,0.10,0.01,0.12,0.10,0.12
Tiago Djaló,pt POR,DF,Lille,19,2000,8,8,661,07.mars,0,0,0,0,0,0,1,0,0.0,0.0,0.0,0.0,6,21,2,0.00,0.00,0.00,0.00,0.00,0.00,0.00,0.00,0.00,0.00
Alexander Djiku,gh GHA,DFMF,Strasbourg,24,1994,25,23,2064,22.sept,1,1,2,1,0,0,6,0,02.juin,02.juin,0.3,02.sept,6,93,5,0.04,0.04,0.09,0.04,0.09,0.11,0.01,0.13,0.11,0.13
Kasper Dolberg,dk DEN,FW,Nice,21,1997,23,22,1888,21.0,11,3,14,11,0,0,2,0,08.janv,08.janv,02.mars,10.avr,20,10,90,0.52,0.14,0.67,0.52,0.67,0.39,0.11,0.50,0.39,0.50
Keagan Dolly,za RSA,MF,Montpellier,26,1993,6,1,148,01.juin,0,0,0,0,0,0,1,0,0.1,0.1,0.2,0.3,4,8,13,0.00,0.00,0.00,0.00,0.00,0.07,0.12,0.19,0.07,0.19
Player,Nation,Pos,Squad,Age,Born,MP,Starts,Min,90s,Gls,Ast,G+A,G-PK,PK,PKatt,CrdY,CrdR,xG,npxG,xAG,npxG+xAG,PrgC,PrgP,PrgR,Gls,Ast,G+A,G-PK,G+A-PK,xG,xAG,xG+xAG,npxG,npxG+xAG
Anastasios Donis,gr GRE,FW,Reims,22,1996,15,6,609,06.août,0,0,0,0,0,0,1,0,01.avr,01.avr,0.3,01.juil,26,3,44,0.00,0.00,0.00,0.00,0.00,0.21,0.04,0.25,0.21,0.25
Mathieu Dossevi,tg TOG,MFFW,Toulouse,31,1988,26,20,1751,19.mai,1,2,3,1,0,0,0,0,01.juil,01.juil,05.janv,06.juil,91,57,163,0.05,0.10,0.15,0.05,0.15,0.08,0.26,0.35,0.08,0.35
Moussa Doumbia,ml MLI,FWMF,Reims,24,1994,26,22,1718,19.janv,2,1,3,1,1,1,8,1,03.avr,02.juin,02.janv,04.juil,102,79,159,0.10,0.05,0.16,0.05,0.10,0.18,0.11,0.29,0.14,0.24
Souleyman Doumbia,ci CIV,DF,Angers,22,1996,5,5,450,5.0,0,1,1,0,0,0,1,0,0.0,0.0,0.2,0.2,22,19,16,0.00,0.20,0.20,0.00,0.20,0.00,0.05,0.05,0.00,0.05
Souleyman Doumbia,ci CIV,DF,Rennes,22,1996,1,1,90,1.0,0,0,0,0,0,0,0,0,0.0,0.0,0.0,0.0,1,4,3,0.00,0.00,0.00,0.00,0.00,0.00,0.04,0.04,0.00,0.04
Julian Draxler,de GER,MF,Paris S-G,25,1993,11,7,686,07.juin,0,4,4,0,0,0,5,0,01.janv,01.janv,01.août,02.août,35,61,51,0.00,0.52,0.52,0.00,0.52,0.14,0.23,0.37,0.14,0.37
Leo Dubois,fr FRA,DF,Lyon,24,1994,16,15,1346,15.0,0,0,0,0,0,0,3,0,0.2,0.2,01.févr,01.avr,27,68,76,0.00,0.00,0.00,0.00,0.00,0.01,0.08,0.09,0.01,0.09
Haris Duljević,ba BIH,FWMF,Nîmes,25,1993,14,5,520,05.août,0,3,3,0,0,0,0,0,0.6,0.6,1.0,01.juin,15,20,29,0.00,0.52,0.52,0.00,0.52,0.10,0.18,0.28,0.10,0.28
Riza Durmisi,dk DEN,DFMF,Nice,25,1994,4,2,160,01.août,0,0,0,0,0,0,0,0,0.1,0.1,0.0,0.1,2,3,18,0.00,0.00,0.00,0.00,0.00,0.03,0.00,0.03,0.03,0.03
Jean-Kevin Duverne,ht HAI,DF,Brest,22,1997,14,13,1178,13.janv,0,0,0,0,0,0,0,0,0.2,0.2,0.1,0.2,15,70,4,0.00,0.00,0.00,0.00,0.00,0.01,0.01,0.02,0.01,0.02
Bruno Ecuele Manga,ga GAB,DF,Dijon,31,1988,28,28,252,28.0,0,0,0,0,0,0,2,0,01.juil,01.juil,0.3,2.0,5,48,1,0.00,0.00,0.00,0.00,0.00,0.06,0.01,0.07,0.06,0.07
Renaud Emond,be BEL,FW,Nantes,27,1991,6,3,292,03.févr,0,0,0,0,0,0,1,0,0.6,0.6,0.1,0.7,5,10,17,0.00,0.00,0.00,0.00,0.00,0.20,0.02,0.22,0.20,0.22
Fábio,br BRA,DF,Nantes,29,1990,10,10,834,09.mars,0,0,0,0,0,0,4,0,0.1,0.1,0.4,0.4,23,36,25,0.00,0.00,0.00,0.00,0.00,0.01,0.04,0.05,0.01,0.05
Cesc Fàbregas,es ESP,MF,Monaco,32,1987,18,12,930,10.mars,0,3,3,0,0,0,1,1,0.5,0.5,02.janv,02.juin,11,116,57,0.00,0.29,0.29,0.00,0.29,0.05,0.20,0.25,0.05,0.25
Julien Faussurier,fr FRA,DF,Brest,32,1987,22,22,198,22.0,2,3,5,2,0,0,1,0,0.8,0.8,01.août,02.juin,36,100,142,0.09,0.14,0.23,0.09,0.23,0.04,0.08,0.12,0.04,0.12
Zinedine Ferhat,dz ALG,FWMF,Nîmes,26,1993,26,25,2246,25.0,3,4,7,3,0,0,1,0,04.janv,04.janv,05.juin,09.août,85,82,198,0.12,0.16,0.28,0.12,0.28,0.17,0.22,0.39,0.17,0.39
Juan Ferney Otero,co COL,FWMF,Amiens,24,1995,18,14,1202,13.avr,1,2,3,1,0,0,0,1,2.0,2.0,01.sept,03.août,29,25,94,0.07,0.15,0.22,0.07,0.22,0.15,0.14,0.29,0.15,0.29
Jordan Ferri,fr FRA,MF,Montpellier,27,1992,16,13,115,12.août,0,0,0,0,0,0,1,1,0.4,0.4,01.mars,01.juil,32,97,50,0.00,0.00,0.00,0.00,0.00,0.03,0.10,0.13,0.03,0.13
Mamadou Fofana,ml MLI,DFMF,Metz,21,1998,20,18,1587,17.juin,0,0,0,0,0,0,4,0,0.4,0.4,0.5,0.8,5,29,2,0.00,0.00,0.00,0.00,0.00,0.02,0.03,0.05,0.02,0.05
Wesley Fofana,fr FRA,DF,Saint-Étienne,18,2000,14,13,1215,13.mai,1,0,1,1,0,0,4,0,0.9,0.9,0.1,1.0,30,33,4,0.07,0.00,0.07,0.07,0.07,0.07,0.00,0.07,0.07,0.07
Youssouf Fofana,fr FRA,MF,Strasbourg,20,1999,13,12,1008,11.févr,1,0,1,1,0,0,0,0,0.8,0.8,0.4,01.févr,28,56,43,0.09,0.00,0.09,0.09,0.09,0.07,0.04,0.11,0.07,0.11
Youssouf Fofana,fr FRA,MF,Monaco,20,1999,7,7,610,06.août,0,2,2,0,0,0,1,0,0.3,0.3,0.6,0.9,18,47,20,0.00,0.30,0.30,0.00,0.30,0.04,0.09,0.13,0.04,0.13
Thomas Foket,be BEL,DF,Reims,24,1994,27,27,243,27.0,0,1,1,0,0,0,3,0,0.5,0.5,01.mars,01.sept,69,89,110,0.00,0.04,0.04,0.00,0.04,0.02,0.05,0.07,0.02,0.07
Lamine Fomba,fr FRA,MF,Nîmes,21,1998,20,15,1373,15.mars,0,0,0,0,0,0,5,0,01.avr,01.avr,0.5,01.sept,11,41,27,0.00,0.00,0.00,0.00,0.00,0.09,0.03,0.13,0.09,0.13
José Fonte,pt POR,DF,Lille,35,1983,25,25,2205,24.mai,1,1,2,1,0,0,4,0,01.juin,01.juin,0.7,02.mars,9,82,8,0.04,0.04,0.08,0.04,0.08,0.07,0.03,0.09,0.07,0.09
Player,Nation,Pos,Squad,Age,Born,MP,Starts,Min,90s,Gls,Ast,G+A,G-PK,PK,PKatt,CrdY,CrdR,xG,npxG,xAG,npxG+xAG,PrgC,PrgP,PrgR,Gls,Ast,G+A,G-PK,G+A-PK,xG,xAG,xG+xAG,npxG,npxG+xAG
Lyle Foster,za RSA,FW,Monaco,18,2000,2,1,62,0.7,0,0,0,0,0,0,0,0,0.3,0.3,0.0,0.3,0,0,7,0.00,0.00,0.00,0.00,0.00,0.40,0.00,0.40,0.40,0.40
Angelo Fulgini,fr FRA,MF,Angers,22,1996,20,19,1579,17.mai,1,1,2,1,0,0,3,1,03.janv,03.janv,02.juin,05.juil,56,106,76,0.06,0.06,0.11,0.06,0.11,0.18,0.15,0.32,0.18,0.32
Ruben Gabrielsen,no NOR,DF,Toulouse,27,1992,8,8,656,07.mars,0,0,0,0,0,0,0,1,0.4,0.4,0.0,0.4,3,14,0,0.00,0.00,0.00,0.00,0.00,0.05,0.00,0.05,0.05,0.05
Nicolás Gaitán,ar ARG,MFFW,Lille,31,1988,4,0,54,0.6,0,0,0,0,0,0,0,0,0.0,0.0,0.0,0.0,1,0,4,0.00,0.00,0.00,0.00,0.00,0.00,0.05,0.05,0.00,0.05
Marvin Gakpa,fr FRA,MFFW,Metz,25,1993,13,4,468,05.févr,0,0,0,0,0,0,0,0,0.6,0.6,0.9,01.mai,9,23,19,0.00,0.00,0.00,0.00,0.00,0.12,0.17,0.29,0.12,0.29
Idrissa Gana Gueye,sn SEN,MF,Paris S-G,29,1989,20,19,1653,18.avr,1,2,3,1,0,0,2,0,01.mars,01.mars,02.juil,4.0,37,175,27,0.05,0.11,0.16,0.05,0.16,0.07,0.15,0.22,0.07,0.22
Ignatius Ganago,cm CMR,FWMF,Nice,20,1999,26,12,1239,13.août,3,1,4,3,0,0,0,0,01.sept,01.sept,0.9,02.août,33,33,150,0.22,0.07,0.29,0.22,0.29,0.14,0.06,0.20,0.14,0.20
Yann Gboho,fr FRA,FW,Rennes,18,2001,8,2,226,02.mai,1,1,2,1,0,0,1,0,0.2,0.2,0.2,0.5,9,9,14,0.40,0.40,0.80,0.40,0.80,0.10,0.10,0.19,0.10,0.19
Jérémy Gélin,fr FRA,DFMF,Rennes,22,1997,14,10,924,10.mars,0,0,0,0,0,0,1,0,0.5,0.5,0.1,0.5,0,38,1,0.00,0.00,0.00,0.00,0.00,0.04,0.01,0.05,0.04,0.05
Valère Germain,fr FRA,FW,Marseille,29,1990,25,14,135,15.0,2,4,6,2,0,0,1,0,01.mars,01.mars,02.juil,04.janv,15,25,97,0.13,0.27,0.40,0.13,0.40,0.09,0.18,0.27,0.09,0.27
Saman Ghoddos,ir IRN,FW,Amiens,25,1993,5,2,231,02.juin,1,0,1,1,0,0,1,0,0.7,0.7,0.4,01.janv,3,10,11,0.39,0.00,0.39,0.39,0.39,0.28,0.15,0.43,0.28,0.43
Andrei Girotto,br BRA,DF,Nantes,27,1992,25,25,2177,24.févr,1,0,1,1,0,0,6,1,01.mars,01.mars,0.4,01.juil,9,65,2,0.04,0.00,0.04,0.04,0.04,0.05,0.02,0.07,0.05,0.07
Kamil Glik,pl POL,DF,Monaco,31,1988,23,23,207,23.0,1,0,1,1,0,0,5,0,02.févr,02.févr,0.1,02.mars,6,36,0,0.04,0.00,0.04,0.04,0.04,0.09,0.01,0.10,0.09,0.10
Joris Gnagnon,fr FRA,DF,Rennes,22,1997,19,14,1278,14.févr,0,1,1,0,0,0,2,0,0.6,0.6,1.0,01.juin,10,35,3,0.00,0.07,0.07,0.00,0.07,0.04,0.07,0.11,0.04,0.11
Eddy Gnahoré,fr FRA,MF,Amiens,25,1993,17,14,1133,12.juin,0,0,0,0,0,0,4,1,0.9,0.9,0.6,01.avr,12,57,32,0.00,0.00,0.00,0.00,0.00,0.07,0.04,0.11,0.07,0.11
Mauro Goicoechea,uy URU,GK,Toulouse,31,1988,2,2,180,2.0,0,0,0,0,0,0,0,0,0.0,0.0,0.0,0.0,0,0,0,0.00,0.00,0.00,0.00,0.00,0.00,0.00,0.00,0.00,0.00
Aleksandr Golovin,ru RUS,MF,Monaco,23,1996,25,24,2061,22.sept,3,4,7,3,0,0,6,1,03.avr,03.avr,05.mai,9.0,93,142,115,0.13,0.17,0.31,0.13,0.31,0.15,0.24,0.39,0.15,0.39
Alfred Gomis,sn SEN,GK,Dijon,25,1993,19,19,1619,18.0,0,0,0,0,0,0,0,0,0.0,0.0,0.0,0.0,0,0,0,0.00,0.00,0.00,0.00,0.00,0.00,0.00,0.00,0.00,0.00
Mathieu Goncalves,fr FRA,DF,Toulouse,18,2001,4,3,314,03.mai,0,0,0,0,0,0,1,0,0.0,0.0,0.0,0.0,4,7,1,0.00,0.00,0.00,0.00,0.00,0.00,0.00,0.00,0.00,0.00
Álvaro González,es ESP,DF,Marseille,29,1990,20,19,1628,18.janv,0,0,0,0,0,0,4,1,1.0,1.0,0.4,01.mars,9,43,0,0.00,0.00,0.00,0.00,0.00,0.05,0.02,0.07,0.05,0.07
Prince-Désir Gouano,fr FRA,DF,Amiens,25,1993,3,3,270,3.0,0,0,0,0,0,0,0,0,0.0,0.0,0.0,0.0,0,6,0,0.00,0.00,0.00,0.00,0.00,0.00,0.00,0.00,0.00,0.00
Amine Gouiri,dz ALG,FW,Lyon,19,2000,1,0,1,0.0,0,0,0,0,0,0,0,0,0.0,0.0,0.0,0.0,0,0,0,0.00,0.00,0.00,0.00,0.00,0.00,0.00,0.00,0.00,0.00
Max Gradel,ci CIV,MFFW,Toulouse,31,1987,21,19,1635,18.févr,3,2,5,1,2,3,4,0,05.févr,02.août,02.févr,05.janv,82,52,145,0.17,0.11,0.28,0.06,0.17,0.28,0.12,0.41,0.15,0.28
Samuel Grandsir,fr FRA,FWMF,Brest,22,1996,24,17,1492,16.juin,3,1,4,3,0,0,0,0,02.avr,02.avr,01.sept,04.mars,63,54,162,0.18,0.06,0.24,0.18,0.24,0.15,0.11,0.26,0.15,0.26
Clément Grenier,fr FRA,MF,Rennes,28,1991,11,10,839,09.mars,1,0,1,1,0,0,2,0,0.7,0.7,0.7,01.avr,18,47,20,0.11,0.00,0.11,0.11,0.11,0.08,0.07,0.15,0.08,0.15
Player,Nation,Pos,Squad,Age,Born,MP,Starts,Min,90s,Gls,Ast,G+A,G-PK,PK,PKatt,CrdY,CrdR,xG,npxG,xAG,npxG+xAG,PrgC,PrgP,PrgR,Gls,Ast,G+A,G-PK,G+A-PK,xG,xAG,xG+xAG,npxG,npxG+xAG
Jérémy Grimm,fr FRA,MF,Strasbourg,32,1987,1,0,1,0.0,0,0,0,0,0,0,0,0,0.0,0.0,0.0,0.0,0,0,0,0.00,0.00,0.00,0.00,0.00,0.00,0.00,0.00,0.00,0.00
Bruno Guimarães,br BRA,MF,Lyon,21,1997,3,3,270,3.0,0,0,0,0,0,0,1,0,0.1,0.1,0.3,0.4,0,18,5,0.00,0.00,0.00,0.00,0.00,0.03,0.10,0.13,0.03,0.13
Serhou Guirassy,gn GUI,FW,Amiens,23,1996,23,23,1921,21.mars,9,2,11,6,3,4,6,0,08.sept,05.juil,0.9,06.juin,30,51,178,0.42,0.09,0.52,0.28,0.37,0.41,0.04,0.46,0.27,0.31
Rafik Guitane,fr FRA,MF,Rennes,20,1999,2,0,16,0.2,0,0,0,0,0,0,0,0,0.0,0.0,0.0,0.0,2,0,2,0.00,0.00,0.00,0.00,0.00,0.00,0.15,0.15,0.00,0.15
Régis Gurtner,fr FRA,GK,Amiens,32,1986,28,28,252,28.0,0,0,0,0,0,0,0,0,0.0,0.0,0.1,0.1,0,0,0,0.00,0.00,0.00,0.00,0.00,0.00,0.00,0.00,0.00,0.00
Luiz Gustavo,br BRA,MF,Marseille,32,1987,3,2,190,02.janv,0,0,0,0,0,0,0,0,0.1,0.1,0.1,0.3,1,6,1,0.00,0.00,0.00,0.00,0.00,0.06,0.06,0.12,0.06,0.12
Romain Hamouma,fr FRA,FWMF,Saint-Étienne,32,1987,14,9,865,09.juin,6,1,7,6,0,0,3,1,04.janv,04.janv,01.mai,05.juin,15,35,76,0.62,0.10,0.73,0.62,0.73,0.42,0.16,0.58,0.42,0.58
Benjamin Henrichs,de GER,DFMF,Monaco,22,1997,13,10,890,09.sept,0,0,0,0,0,0,3,0,0.7,0.7,0.6,01.avr,22,54,49,0.00,0.00,0.00,0.00,0.00,0.08,0.06,0.14,0.08,0.14
Christophe Hérelle,mq MTQ,DF,Nice,26,1992,15,13,1103,12.mars,3,0,3,3,0,0,3,1,01.févr,01.févr,0.4,01.juin,11,77,11,0.24,0.00,0.24,0.24,0.24,0.10,0.03,0.13,0.10,0.13
Ander Herrera,es ESP,MFDF,Paris S-G,29,1989,8,6,547,06.janv,1,1,2,1,0,0,0,0,0.3,0.3,0.9,01.mars,7,44,38,0.16,0.16,0.33,0.16,0.33,0.05,0.15,0.21,0.05,0.21
Vitorino Hilton,br BRA,DF,Montpellier,41,1977,28,28,251,27.sept,0,2,2,0,0,0,2,0,01.mai,01.mai,01.févr,02.juil,28,110,6,0.00,0.07,0.07,0.00,0.07,0.05,0.04,0.10,0.05,0.10
Josué Homawoo,tg TOG,DF,Nantes,21,1997,1,0,45,0.5,0,0,0,0,0,0,0,0,0.0,0.0,0.0,0.0,1,2,0,0.00,0.00,0.00,0.00,0.00,0.00,0.00,0.00,0.00,0.00
Franck Honorat,fr FRA,FWDF,Saint-Étienne,22,1996,12,9,849,09.avr,0,3,3,0,0,0,1,0,0.1,0.1,01.août,2.0,34,28,76,0.00,0.32,0.32,0.00,0.32,0.01,0.19,0.21,0.01,0.21
Adrien Hunou,fr FRA,FWMF,Rennes,25,1994,23,13,121,13.avr,8,1,9,7,1,1,2,0,07.sept,07.févr,02.avr,09.juin,20,27,82,0.60,0.07,0.67,0.52,0.60,0.59,0.18,0.77,0.53,0.71
Suk Hyun-jun,kr KOR,FWMF,Reims,28,1991,13,1,262,02.sept,1,1,2,1,0,0,3,0,1.0,1.0,0.6,01.juin,4,7,25,0.34,0.34,0.69,0.34,0.69,0.33,0.21,0.54,0.33,0.54
Didier Ibrahim Ndong,ga GAB,MF,Dijon,25,1994,27,27,2386,26.mai,0,3,3,0,0,0,5,0,0.7,0.7,01.sept,02.juin,48,130,26,0.00,0.11,0.11,0.00,0.11,0.03,0.07,0.10,0.03,0.10
Mauro Icardi,ar ARG,FW,Paris S-G,26,1993,20,14,1267,14.janv,12,2,14,12,0,0,0,0,11.juil,11.juil,01.août,13.mai,9,18,64,0.85,0.14,0.99,0.85,0.99,0.83,0.13,0.96,0.83,0.96
Jonathan Ikone,fr FRA,MFFW,Lille,21,1998,28,26,2057,22.sept,3,6,9,2,1,1,6,0,04.janv,03.mars,4.0,07.mars,67,72,162,0.13,0.26,0.39,0.09,0.35,0.18,0.18,0.35,0.14,0.32
Yun Il-lok,kr KOR,MFFW,Montpellier,27,1992,5,1,121,01.mars,0,0,0,0,0,0,0,0,0.5,0.5,0.4,1.0,4,1,13,0.00,0.00,0.00,0.00,0.00,0.38,0.33,0.71,0.38,0.71
Nicolas Isimat-Mirin,fr FRA,DF,Toulouse,27,1991,14,14,126,14.0,1,0,1,1,0,0,4,0,0.5,0.5,0.1,0.5,7,34,0,0.07,0.00,0.07,0.07,0.07,0.04,0.00,0.04,0.04,0.04
Christophe Jallet,fr FRA,DF,Amiens,35,1983,12,10,855,09.mai,1,1,2,1,0,0,0,0,0.1,0.1,0.7,0.8,12,51,31,0.11,0.11,0.21,0.11,0.21,0.01,0.07,0.08,0.01,0.08
Corentin Jean,fr FRA,DF,Toulouse,24,1995,1,0,7,0.1,0,0,0,0,0,0,0,0,0.0,0.0,0.0,0.0,1,0,2,0.00,0.00,0.00,0.00,0.00,0.00,0.00,0.00,0.00,0.00
Benjamin Jeannot,fr FRA,MFFW,Dijon,27,1992,2,2,167,01.sept,0,0,0,0,0,0,0,0,0.3,0.3,0.0,0.3,3,8,9,0.00,0.00,0.00,0.00,0.00,0.14,0.00,0.14,0.14,0.14
Jemerson,br BRA,DFMF,Monaco,26,1992,13,13,1056,11.juil,0,0,0,0,0,0,2,1,0.0,0.0,0.5,0.5,11,59,6,0.00,0.00,0.00,0.00,0.00,0.00,0.04,0.04,0.00,0.04
Jesé,es ESP,FW,Paris S-G,26,1993,1,0,1,0.0,0,0,0,0,0,0,0,0,0.0,0.0,0.0,0.0,0,0,0,0.00,0.00,0.00,0.00,0.00,0.00,0.00,0.00,0.00,0.00
Player,Nation,Pos,Squad,Age,Born,MP,Starts,Min,90s,Gls,Ast,G+A,G-PK,PK,PKatt,CrdY,CrdR,xG,npxG,xAG,npxG+xAG,PrgC,PrgP,PrgR,Gls,Ast,G+A,G-PK,G+A-PK,xG,xAG,xG+xAG,npxG,npxG+xAG
Vukašin Jovanović,rs SRB,DF,Bordeaux,23,1996,9,5,573,06.avr,0,1,1,0,0,0,4,0,0.0,0.0,0.3,0.3,4,27,0,0.00,0.16,0.16,0.00,0.16,0.00,0.04,0.04,0.00,0.04
Stevan Jovetić,me MNE,FWMF,Monaco,29,1989,9,5,473,05.mars,2,0,2,2,0,0,2,1,01.mars,01.mars,0.4,01.juil,18,26,44,0.38,0.00,0.38,0.38,0.38,0.26,0.07,0.33,0.26,0.33
Abdoul Kader Bamba,fr FRA,FWMF,Nantes,25,1994,27,16,1468,16.mars,1,3,4,1,0,0,5,0,2.0,2.0,5.0,7.0,82,58,137,0.06,0.18,0.25,0.06,0.25,0.12,0.31,0.43,0.12,0.43
Gaël Kakuta,cd COD,MFFW,Amiens,28,1991,24,23,2001,22.févr,2,5,7,2,0,0,4,0,02.août,02.août,02.juin,05.mai,63,101,155,0.09,0.22,0.31,0.09,0.31,0.13,0.12,0.25,0.13,0.25
Lovre Kalinić,hr CRO,GK,Toulouse,29,1990,4,4,305,03.avr,0,0,0,0,0,0,0,0,0.0,0.0,0.0,0.0,0,0,0,0.00,0.00,0.00,0.00,0.00,0.00,0.00,0.00,0.00,0.00
Samuel Kalu,ng NGA,DFFW,Bordeaux,21,1997,20,15,1357,15.janv,1,1,2,1,0,0,4,0,02.juil,02.juil,01.avr,04.janv,54,44,130,0.07,0.07,0.13,0.07,0.13,0.18,0.09,0.27,0.18,0.27
François Kamano,gn GUI,DFMF,Bordeaux,23,1996,11,7,648,07.févr,1,0,1,1,0,0,1,0,0.8,0.8,0.3,01.janv,31,18,69,0.14,0.00,0.14,0.14,0.14,0.10,0.05,0.15,0.10,0.15
Boubacar Kamara,fr FRA,DFMF,Marseille,19,1999,24,24,2139,23.août,1,2,3,1,0,0,7,1,0.8,0.8,0.3,1.0,9,87,3,0.04,0.08,0.13,0.04,0.13,0.03,0.01,0.04,0.03,0.04
Hassane Kamara,ci CIV,DFFW,Reims,25,1994,23,18,1709,19.0,2,0,2,2,0,0,5,0,01.sept,01.sept,0.6,02.mai,85,81,82,0.11,0.00,0.11,0.11,0.11,0.10,0.03,0.13,0.10,0.13
Wilfried Kanga,ci CIV,FW,Angers,21,1998,4,0,68,0.8,0,0,0,0,0,0,0,0,0.4,0.4,0.1,0.5,1,2,7,0.00,0.00,0.00,0.00,0.00,0.51,0.15,0.67,0.51,0.67
Thilo Kehrer,de GER,DF,Paris S-G,22,1996,7,5,480,05.mars,1,0,1,1,0,0,0,0,0.5,0.5,0.4,0.9,13,26,5,0.19,0.00,0.19,0.19,0.19,0.08,0.08,0.16,0.08,0.16
Jules Keita,gn GUI,MFFW,Dijon,21,1998,3,1,158,01.août,0,0,0,0,0,0,0,0,0.2,0.2,0.4,0.6,10,2,15,0.00,0.00,0.00,0.00,0.00,0.09,0.22,0.31,0.09,0.31
Saîf-Eddine Khaoui,tn TUN,MFFW,Marseille,24,1995,7,0,106,01.févr,0,0,0,0,0,0,1,0,0.2,0.2,0.1,0.3,1,5,4,0.00,0.00,0.00,0.00,0.00,0.17,0.10,0.28,0.17,0.28
Wahbi Khazri,tn TUN,FWMF,Saint-Étienne,28,1991,16,13,1149,12.août,3,2,5,2,1,1,4,0,03.août,3.0,01.mai,04.mai,39,36,98,0.23,0.16,0.39,0.16,0.31,0.30,0.12,0.42,0.24,0.35
Presnel Kimpembe,fr FRA,DF,Paris S-G,23,1995,16,14,1225,13.juin,0,0,0,0,0,0,6,0,0.7,0.7,0.0,0.7,6,58,2,0.00,0.00,0.00,0.00,0.00,0.05,0.00,0.05,0.05,0.05
Timothée Kolodziejczak,fr FRA,DF,Saint-Étienne,27,1991,15,14,1305,14.mai,0,0,0,0,0,0,6,0,0.2,0.2,0.4,0.6,21,50,21,0.00,0.00,0.00,0.00,0.00,0.01,0.03,0.04,0.01,0.04
Ghislain Konan,ci CIV,DF,Reims,23,1995,16,15,1333,14.août,0,1,1,0,0,0,2,1,0.1,0.1,1.0,01.janv,56,85,70,0.00,0.07,0.07,0.00,0.07,0.00,0.07,0.07,0.00,0.07
Moussa Konaté,sn SEN,FW,Amiens,26,1993,12,6,614,06.août,2,0,2,2,0,1,0,0,01.juin,0.8,0.1,0.9,6,7,42,0.29,0.00,0.29,0.29,0.29,0.24,0.01,0.25,0.12,0.13
Lamine Koné,ci CIV,DF,Strasbourg,30,1989,18,17,1473,16.avr,1,0,1,1,0,0,4,0,0.7,0.7,0.4,01.janv,15,49,3,0.06,0.00,0.06,0.06,0.06,0.04,0.03,0.07,0.04,0.07
Manu Koné,fr FRA,MF,Toulouse,18,2001,13,11,875,09.juil,0,0,0,0,0,0,5,1,0.2,0.2,0.2,0.4,14,25,12,0.00,0.00,0.00,0.00,0.00,0.02,0.02,0.04,0.02,0.04
Moussa Koné,sn SEN,FWMF,Nîmes,22,1996,5,1,140,01.juin,2,0,2,2,0,0,0,0,01.mars,01.mars,0.1,01.avr,0,2,8,janv.29,0.00,janv.29,janv.29,janv.29,0.85,0.04,0.90,0.85,0.90
Youssouf Koné,ml MLI,DF,Lyon,24,1995,11,10,818,09.janv,0,0,0,0,0,0,1,1,0.1,0.1,0.4,0.4,20,44,26,0.00,0.00,0.00,0.00,0.00,0.01,0.04,0.05,0.01,0.05
Laurent Koscielny,fr FRA,DF,Bordeaux,33,1985,25,25,2183,24.mars,0,0,0,0,0,0,3,0,0.4,0.4,0.0,0.4,5,56,3,0.00,0.00,0.00,0.00,0.00,0.01,0.00,0.02,0.01,0.02
Efthimis Koulouris,gr GRE,FW,Toulouse,23,1996,24,17,1541,17.janv,4,2,6,4,0,0,1,0,04.mai,04.mai,1.0,05.mai,17,32,108,0.23,0.12,0.35,0.23,0.35,0.26,0.06,0.32,0.26,0.32
Rene Krhin,si SVN,DFMF,Nantes,29,1990,8,4,327,03.juin,0,0,0,0,0,0,0,0,0.1,0.1,0.0,0.1,0,6,1,0.00,0.00,0.00,0.00,0.00,0.02,0.00,0.02,0.02,0.02
Player,Nation,Pos,Squad,Age,Born,MP,Starts,Min,90s,Gls,Ast,G+A,G-PK,PK,PKatt,CrdY,CrdR,xG,npxG,xAG,npxG+xAG,PrgC,PrgP,PrgR,Gls,Ast,G+A,G-PK,G+A-PK,xG,xAG,xG+xAG,npxG,npxG+xAG
Layvin Kurzawa,fr FRA,DF,Paris S-G,26,1992,14,9,858,09.mai,1,0,1,1,0,0,4,0,0.8,0.8,0.4,01.févr,15,42,80,0.10,0.00,0.10,0.10,0.10,0.08,0.04,0.13,0.08,0.13
Dereck Kutesa,ch SUI,FWMF,Reims,21,1997,14,4,528,05.sept,1,0,1,1,0,0,0,0,0.3,0.3,0.3,0.6,20,16,52,0.17,0.00,0.17,0.17,0.17,0.05,0.05,0.11,0.05,0.11
Enock Kwateng,fr FRA,DF,Bordeaux,22,1997,14,13,983,10.sept,0,1,1,0,0,0,4,0,0.4,0.4,0.3,0.7,15,33,40,0.00,0.09,0.09,0.00,0.09,0.04,0.03,0.06,0.04,0.06
Gaëtan Laborde,fr FRA,FW,Montpellier,25,1994,28,27,2237,24.sept,6,5,11,6,0,0,1,0,08.mars,08.mars,03.août,12.janv,69,77,216,0.24,0.20,0.44,0.24,0.44,0.33,0.15,0.49,0.33,0.49
Alban Lafont,ci CIV,GK,Nantes,20,1999,27,27,243,27.0,0,0,0,0,0,0,3,0,0.0,0.0,0.0,0.0,0,0,0,0.00,0.00,0.00,0.00,0.00,0.00,0.00,0.00,0.00,0.00
Jack Lahne,se SWE,FW,Amiens,17,2001,1,0,9,0.1,1,0,1,1,0,0,0,0,0.4,0.4,0.0,0.4,0,0,0,10.00,0.00,10.00,10.00,10.00,mars.70,0.00,mars.70,mars.70,mars.70
Kenny Lala,mg MAD,DFMF,Strasbourg,27,1991,25,22,2043,22.juil,2,1,3,0,2,2,1,0,03.févr,01.juin,02.juin,04.févr,94,97,73,0.09,0.04,0.13,0.00,0.04,0.14,0.11,0.26,0.07,0.19
Loïck Landre,fr FRA,DF,Nîmes,27,1992,11,10,929,10.mars,1,0,1,1,0,0,2,0,0.8,0.8,0.1,0.9,3,25,0,0.10,0.00,0.10,0.10,0.10,0.08,0.01,0.09,0.08,0.09
Gautier Larsonneur,fr FRA,GK,Brest,22,1997,27,27,2397,26.juin,0,0,0,0,0,0,2,0,0.0,0.0,0.0,0.0,0,2,0,0.00,0.00,0.00,0.00,0.00,0.00,0.00,0.00,0.00,0.00
Paul Lasne,fr FRA,MFFW,Brest,30,1989,19,14,1224,13.juin,2,1,3,2,0,0,1,0,0.8,0.8,01.sept,02.juil,14,54,68,0.15,0.07,0.22,0.15,0.22,0.06,0.14,0.20,0.06,0.20
Wesley Lautoa,nc NCL,MFDF,Dijon,31,1987,23,21,1869,20.août,0,1,1,0,0,0,3,0,0.6,0.6,0.5,01.févr,9,68,4,0.00,0.05,0.05,0.00,0.05,0.03,0.03,0.06,0.03,0.06
Mickaël Le Bihan,fr FRA,FWDF,Nice,29,1990,2,1,100,01.janv,0,1,1,0,0,0,1,0,0.1,0.1,0.7,0.8,0,1,8,0.00,0.90,0.90,0.00,0.90,0.09,0.61,0.70,0.09,0.70
Damien Le Tallec,fr FRA,MFDF,Montpellier,29,1990,28,28,2458,27.mars,2,0,2,2,0,0,3,0,1.0,1.0,0.5,01.mai,11,94,26,0.07,0.00,0.07,0.07,0.07,0.04,0.02,0.05,0.04,0.05
James Lea Siliki,cm CMR,MF,Rennes,23,1996,20,12,1079,12.0,0,0,0,0,0,0,4,0,0.9,0.9,01.janv,2.0,23,32,30,0.00,0.00,0.00,0.00,0.00,0.08,0.09,0.17,0.08,0.17
Adrien Lebeau,fr FRA,MFFW,Strasbourg,20,1999,2,0,13,0.1,0,0,0,0,0,0,0,0,0.0,0.0,0.0,0.0,0,0,0,0.00,0.00,0.00,0.00,0.00,0.00,0.00,0.00,0.00,0.00
Benjamin Lecomte,fr FRA,GK,Monaco,28,1991,28,28,252,28.0,0,0,0,0,0,0,1,0,0.0,0.0,0.0,0.0,0,0,0,0.00,0.00,0.00,0.00,0.00,0.00,0.00,0.00,0.00,0.00
Pierre Lees-Melou,fr FRA,MF,Nice,26,1993,26,25,2252,25.0,5,6,11,5,0,0,5,0,04.févr,04.févr,03.sept,08.janv,57,157,153,0.20,0.24,0.44,0.20,0.44,0.17,0.16,0.32,0.17,0.32
Jordan Lefort,fr FRA,DF,Amiens,25,1993,10,8,842,09.avr,0,1,1,0,0,0,2,0,0.1,0.1,0.2,0.3,2,28,8,0.00,0.11,0.11,0.00,0.11,0.01,0.02,0.03,0.01,0.03
Nicolas Lemaître,fr FRA,GK,Reims,22,1997,1,1,90,1.0,0,0,0,0,0,0,0,0,0.0,0.0,0.0,0.0,0,0,0,0.00,0.00,0.00,0.00,0.00,0.00,0.00,0.00,0.00,0.00
Donovan Léon,gf GUF,GK,Brest,26,1992,2,1,123,01.avr,0,0,0,0,0,0,0,0,0.0,0.0,0.0,0.0,0,0,0,0.00,0.00,0.00,0.00,0.00,0.00,0.00,0.00,0.00,0.00
Aaron Leya Iseka,be BEL,FW,Toulouse,21,1997,22,6,777,08.juin,2,0,2,1,1,2,2,0,5.0,03.mai,0.2,03.juil,11,12,51,0.23,0.00,0.23,0.12,0.12,0.58,0.02,0.60,0.41,0.43
Dimitri Liénard,fr FRA,MF,Strasbourg,31,1988,22,16,1489,16.mai,2,3,5,2,0,0,3,0,01.juin,01.juin,03.avr,5.0,34,98,45,0.12,0.18,0.30,0.12,0.30,0.10,0.21,0.30,0.10,0.30
Isaac Lihadji,fr FRA,MF,Marseille,17,2002,2,0,25,0.3,0,0,0,0,0,0,0,0,0.0,0.0,0.0,0.0,1,1,3,0.00,0.00,0.00,0.00,0.00,0.00,0.00,0.00,0.00,0.00
Lucas Lima,br BRA,FWDF,Nantes,27,1991,3,3,270,3.0,0,0,0,0,0,0,0,0,0.1,0.1,0.3,0.4,12,19,14,0.00,0.00,0.00,0.00,0.00,0.05,0.10,0.15,0.05,0.15
Anthony Limbombe,be BEL,FWMF,Nantes,25,1994,4,2,151,01.juil,1,0,1,1,0,0,0,0,0.4,0.4,0.2,0.6,9,2,15,0.60,0.00,0.60,0.60,0.60,0.26,0.10,0.36,0.26,0.36
Player,Nation,Pos,Squad,Age,Born,MP,Starts,Min,90s,Gls,Ast,G+A,G-PK,PK,PKatt,CrdY,CrdR,xG,npxG,xAG,npxG+xAG,PrgC,PrgP,PrgR,Gls,Ast,G+A,G-PK,G+A-PK,xG,xAG,xG+xAG,npxG,npxG+xAG
Gautier Lloris,fr FRA,DF,Nice,24,1995,3,3,270,3.0,0,0,0,0,0,0,1,0,0.0,0.0,0.0,0.0,1,2,0,0.00,0.00,0.00,0.00,0.00,0.00,0.00,0.00,0.00,0.00
Enzo Loiodice,fr FRA,MF,Dijon,18,2000,5,2,192,02.janv,0,0,0,0,0,0,0,0,0.1,0.1,0.0,0.1,3,9,4,0.00,0.00,0.00,0.00,0.00,0.06,0.00,0.06,0.06,0.06
Anthony Lopes,pt POR,GK,Lyon,28,1990,26,26,234,26.0,0,0,0,0,0,0,1,0,0.0,0.0,0.2,0.2,0,2,0,0.00,0.00,0.00,0.00,0.00,0.00,0.01,0.01,0.00,0.01
Rony Lopes,pt POR,FW,Monaco,23,1995,1,1,80,0.9,0,0,0,0,0,0,0,0,0.1,0.1,0.0,0.1,1,2,8,0.00,0.00,0.00,0.00,0.00,0.15,0.00,0.15,0.15,0.15
Maxime Lopez,fr FRA,MFFW,Marseille,21,1997,23,13,111,12.mars,0,3,3,0,0,0,2,0,0.6,0.6,0.9,01.mai,54,104,71,0.00,0.24,0.24,0.00,0.24,0.05,0.07,0.12,0.05,0.12
Albert Lottin,fr FRA,MF,Bordeaux,17,2001,1,1,45,0.5,0,0,0,0,0,0,0,0,0.0,0.0,0.0,0.0,0,5,0,0.00,0.00,0.00,0.00,0.00,0.00,0.00,0.00,0.00,0.00
Imran Louza,ma MAR,MFFW,Nantes,20,1999,24,22,2009,22.mars,2,2,4,2,0,0,4,0,01.juil,01.juil,04.févr,05.sept,31,100,103,0.09,0.09,0.18,0.09,0.18,0.08,0.19,0.27,0.08,0.27
Jean Lucas,br BRA,MF,Lyon,21,1998,11,1,200,02.févr,1,0,1,1,0,0,3,0,0.4,0.4,0.1,0.6,2,10,7,0.45,0.00,0.45,0.45,0.45,0.20,0.06,0.26,0.20,0.26
Arnaud Lusamba,cd COD,MFFW,Nice,22,1997,15,11,982,10.sept,1,2,3,1,0,0,1,0,0.4,0.4,01.mai,2.0,7,43,52,0.09,0.18,0.27,0.09,0.27,0.04,0.14,0.18,0.04,0.18
Yann M'Vila,fr FRA,MFDF,Saint-Étienne,29,1990,23,21,1942,21.juin,0,2,2,0,0,0,1,0,0.6,0.6,1.0,01.juin,4,116,8,0.00,0.09,0.09,0.00,0.09,0.03,0.05,0.07,0.03,0.07
Yvann Macon,fr FRA,DF,Saint-Étienne,20,1998,2,2,95,01.janv,0,0,0,0,0,0,1,0,0.0,0.0,0.0,0.0,4,3,4,0.00,0.00,0.00,0.00,0.00,0.02,0.00,0.02,0.02,0.02
Gabriel Magalhães,br BRA,DF,Lille,21,1997,24,23,2087,23.févr,1,0,1,1,0,0,3,0,01.mars,01.mars,0.1,01.avr,25,107,3,0.04,0.00,0.04,0.04,0.04,0.06,0.01,0.06,0.06,0.06
Hugo Magnetti,fr FRA,MF,Brest,21,1998,8,2,236,02.juin,0,0,0,0,0,0,1,0,0.2,0.2,0.2,0.4,4,18,8,0.00,0.00,0.00,0.00,0.00,0.09,0.06,0.15,0.09,0.15
Thiago Maia,br BRA,MF,Lille,22,1997,3,0,48,0.5,0,0,0,0,0,0,0,0,0.0,0.0,0.0,0.0,0,3,0,0.00,0.00,0.00,0.00,0.00,0.00,0.05,0.05,0.00,0.05
Habib Maïga,ci CIV,MF,Metz,23,1996,26,26,2266,25.févr,1,2,3,1,0,0,7,0,01.juin,01.juin,01.mars,02.sept,56,120,64,0.04,0.08,0.12,0.04,0.12,0.06,0.05,0.12,0.06,0.12
Mike Maignan,fr FRA,GK,Lille,24,1995,28,28,252,28.0,0,0,0,0,0,0,0,0,0.0,0.0,0.0,0.0,0,0,0,0.00,0.00,0.00,0.00,0.00,0.00,0.00,0.00,0.00,0.00
Josh Maja,ng NGA,FW,Bordeaux,20,1998,21,6,735,08.févr,6,2,8,6,0,0,0,0,03.juin,03.juin,01.avr,5.0,9,8,58,0.73,0.24,0.98,0.73,0.98,0.44,0.17,0.61,0.44,0.61
Abdul Majeed Waris,gh GHA,FW,Strasbourg,27,1991,7,4,371,04.janv,2,1,3,2,0,0,1,0,01.janv,01.janv,0.9,2.0,14,7,36,0.49,0.24,0.73,0.49,0.73,0.27,0.21,0.48,0.27,0.48
Jean-Victor Makengo,fr FRA,MF,Toulouse,21,1998,19,12,988,11.0,2,0,2,2,0,0,1,0,0.8,0.8,0.7,01.mai,37,63,43,0.18,0.00,0.18,0.18,0.18,0.07,0.06,0.13,0.07,0.13
Hianga Mananga Mbock,fr FRA,MF,Brest,19,1999,2,1,141,01.juin,1,0,1,1,0,0,0,0,0.2,0.2,0.0,0.2,1,5,1,0.64,0.00,0.64,0.64,0.64,0.12,0.02,0.14,0.12,0.14
Vincent Manceau,fr FRA,DF,Angers,30,1989,22,22,198,22.0,0,0,0,0,0,0,1,0,0.3,0.3,01.janv,01.avr,30,120,69,0.00,0.00,0.00,0.00,0.00,0.01,0.05,0.06,0.01,0.06
Steve Mandanda,fr FRA,GK,Marseille,34,1985,27,27,237,26.mars,0,0,0,0,0,0,1,0,0.0,0.0,0.0,0.0,0,0,0,0.00,0.00,0.00,0.00,0.00,0.00,0.00,0.00,0.00,0.00
Reinildo Mandava,mz MOZ,DFMF,Lille,25,1994,16,12,111,12.mars,0,0,0,0,0,0,4,0,0.1,0.1,0.3,0.4,31,45,58,0.00,0.00,0.00,0.00,0.00,0.00,0.03,0.03,0.00,0.03
Thomas Mangani,fr FRA,MF,Angers,32,1987,24,21,1871,20.août,2,2,4,2,0,0,0,0,01.juil,01.juil,03.mai,05.févr,31,157,58,0.10,0.10,0.19,0.10,0.19,0.08,0.17,0.25,0.08,0.25
Myziane Maolida,km COM,FWMF,Nice,20,1999,18,7,675,07.mai,1,2,3,1,0,0,0,0,01.mai,01.mai,01.janv,02.juil,36,28,120,0.13,0.27,0.40,0.13,0.40,0.21,0.15,0.36,0.21,0.36
Player,Nation,Pos,Squad,Age,Born,MP,Starts,Min,90s,Gls,Ast,G+A,G-PK,PK,PKatt,CrdY,CrdR,xG,npxG,xAG,npxG+xAG,PrgC,PrgP,PrgR,Gls,Ast,G+A,G-PK,G+A-PK,xG,xAG,xG+xAG,npxG,npxG+xAG
Faitout Maouassa,fr FRA,DF,Rennes,21,1998,23,23,1803,20.0,3,1,4,3,0,0,3,0,0.6,0.6,0.9,01.mai,74,53,73,0.15,0.05,0.20,0.15,0.20,0.03,0.05,0.08,0.03,0.08
Fernando Marçal,br BRA,DF,Lyon,30,1989,11,11,829,09.févr,0,1,1,0,0,0,1,2,0.1,0.1,1.0,01.janv,27,66,50,0.00,0.11,0.11,0.00,0.11,0.02,0.10,0.12,0.02,0.12
Marcelo,br BRA,DF,Lyon,32,1987,17,17,1503,16.juil,0,0,0,0,0,0,4,0,0.7,0.7,0.0,0.7,4,81,4,0.00,0.00,0.00,0.00,0.00,0.04,0.00,0.04,0.04,0.04
Dario Maresic,at AUT,DF,Reims,19,1999,1,1,90,1.0,0,0,0,0,0,0,0,0,0.0,0.0,0.0,0.0,2,5,0,0.00,0.00,0.00,0.00,0.00,0.00,0.00,0.00,0.00,0.00
Jordan Marié,fr FRA,MFFW,Dijon,27,1991,8,1,201,02.févr,0,0,0,0,0,0,0,0,0.0,0.0,0.6,0.6,1,11,4,0.00,0.00,0.00,0.00,0.00,0.02,0.25,0.27,0.02,0.27
Guillermo Maripán,cl CHI,DF,Monaco,25,1994,20,20,1753,19.mai,2,0,2,2,0,0,2,0,01.sept,01.sept,0.1,2.0,12,76,6,0.10,0.00,0.10,0.10,0.10,0.10,0.00,0.10,0.10,0.10
Marquinhos,br BRA,MFDF,Paris S-G,25,1994,19,15,1476,16.avr,3,1,4,3,0,0,1,0,01.sept,01.sept,0.8,02.juin,8,97,9,0.18,0.06,0.24,0.18,0.24,0.11,0.05,0.16,0.11,0.16
Jonas Martin,fr FRA,MF,Rennes,29,1990,3,1,113,01.mars,0,0,0,0,0,0,1,0,0.1,0.1,0.1,0.2,1,8,0,0.00,0.00,0.00,0.00,0.00,0.08,0.06,0.14,0.08,0.14
Jonas Martin,fr FRA,MF,Strasbourg,29,1990,3,3,247,02.juil,0,0,0,0,0,1,0,0,0.8,0.0,0.2,0.3,3,13,1,0.00,0.00,0.00,0.00,0.00,0.30,0.08,0.38,0.02,0.09
Pablo Martinez,fr FRA,DF,Nîmes,30,1989,26,26,2339,26.0,2,1,3,2,0,0,5,1,01.janv,01.janv,0.5,01.juin,18,84,2,0.08,0.04,0.12,0.08,0.12,0.04,0.02,0.06,0.04,0.06
Gelson Martins,pt POR,DFFW,Monaco,24,1995,21,20,1674,18.juin,4,1,5,4,0,0,3,1,5.0,5.0,03.avr,08.avr,112,61,172,0.22,0.05,0.27,0.22,0.27,0.27,0.18,0.45,0.27,0.45
Stephy Mavididi,eng ENG,FWMF,Dijon,21,1998,24,16,1391,15.mai,5,1,6,5,0,0,0,0,02.sept,02.sept,0.8,03.juin,54,30,89,0.32,0.06,0.39,0.32,0.39,0.19,0.05,0.24,0.19,0.24
Eric Maxim Choupo-Moting,cm CMR,FWMF,Paris S-G,30,1989,9,5,451,5.0,3,1,4,3,0,0,0,0,02.juin,02.juin,0.6,03.févr,8,14,45,0.60,0.20,0.80,0.60,0.80,0.51,0.12,0.63,0.51,0.63
Kévin Mayi,ga GAB,FWMF,Brest,26,1993,2,0,4,0.0,0,0,0,0,0,0,0,0,0.0,0.0,0.0,0.0,0,0,0,0.00,0.00,0.00,0.00,0.00,0.00,0.00,0.00,0.00,0.00
Kylian Mbappé,fr FRA,FW,Paris S-G,20,1998,20,17,1513,16.août,18,5,23,18,0,0,0,0,15.juin,15.juin,09.mai,25.janv,115,59,260,01.juil,0.30,janv.37,01.juil,janv.37,0.93,0.57,janv.49,0.93,janv.49
Loïc Mbe Soh,fr FRA,DF,Paris S-G,18,2001,1,1,58,0.6,0,0,0,0,0,0,0,0,0.0,0.0,0.0,0.0,0,5,8,0.00,0.00,0.00,0.00,0.00,0.00,0.00,0.00,0.00,0.00
Isaac Mbenza,be BEL,FW,Amiens,23,1996,3,1,84,0.9,0,0,0,0,0,0,0,0,0.2,0.2,0.2,0.4,4,2,9,0.00,0.00,0.00,0.00,0.00,0.24,0.20,0.44,0.24,0.44
Nathanael Mbuku,cd COD,FWMF,Reims,17,2002,11,3,395,04.avr,0,0,0,0,0,0,0,0,0.5,0.5,0.2,0.7,14,15,31,0.00,0.00,0.00,0.00,0.00,0.11,0.04,0.15,0.11,0.15
Farid El Melali,dz ALG,MFFW,Angers,22,1997,8,4,306,03.avr,3,0,3,3,0,0,0,0,01.avr,01.avr,0.1,01.mai,10,4,23,0.88,0.00,0.88,0.88,0.88,0.41,0.02,0.44,0.41,0.44
Memphis,nl NED,FWMF,Lyon,25,1994,13,12,1018,11.mars,9,2,11,8,1,1,0,0,04.juil,03.sept,02.juin,06.avr,39,49,101,0.80,0.18,0.97,0.71,0.88,0.41,0.23,0.64,0.34,0.57
Pedro Mendes,pt POR,DF,Montpellier,28,1990,16,16,1376,15.mars,1,0,1,1,0,0,10,1,01.juil,01.juil,0.1,01.août,19,64,3,0.07,0.00,0.07,0.07,0.07,0.11,0.00,0.12,0.11,0.12
Thiago Mendes,br BRA,MF,Lyon,27,1992,22,21,1812,20.janv,0,6,6,0,0,0,4,1,01.févr,01.févr,01.avr,02.juin,14,129,28,0.00,0.30,0.30,0.00,0.30,0.06,0.07,0.13,0.06,0.13
Stiven Mendoza,co COL,FWMF,Amiens,27,1992,15,12,1101,12.févr,5,0,5,5,0,0,2,0,03.juin,03.juin,0.7,04.mars,48,32,86,0.41,0.00,0.41,0.41,0.41,0.30,0.06,0.35,0.30,0.35
Alexandre Mendy,gw GNB,FW,Brest,25,1994,20,9,899,10.0,3,1,4,3,0,1,3,0,03.sept,03.févr,0.4,03.mai,9,10,45,0.30,0.10,0.40,0.30,0.40,0.39,0.04,0.43,0.32,0.35
Edouard Mendy,sn SEN,GK,Rennes,27,1992,24,24,216,24.0,0,0,0,0,0,0,1,0,0.0,0.0,0.0,0.0,0,0,0,0.00,0.00,0.00,0.00,0.00,0.00,0.00,0.00,0.00,0.00
Player,Nation,Pos,Squad,Age,Born,MP,Starts,Min,90s,Gls,Ast,G+A,G-PK,PK,PKatt,CrdY,CrdR,xG,npxG,xAG,npxG+xAG,PrgC,PrgP,PrgR,Gls,Ast,G+A,G-PK,G+A-PK,xG,xAG,xG+xAG,npxG,npxG+xAG
Hamza Mendyl,ma MAR,DF,Dijon,21,1997,18,16,1441,16.0,1,0,1,1,0,0,7,1,0.5,0.5,1.0,01.mai,55,47,52,0.06,0.00,0.06,0.06,0.06,0.03,0.06,0.09,0.03,0.09
Thomas Meunier,be BEL,DF,Paris S-G,27,1991,16,14,1242,13.août,0,1,1,0,0,0,3,0,0.4,0.4,02.mai,02.sept,49,62,149,0.00,0.07,0.07,0.00,0.07,0.03,0.18,0.21,0.03,0.21
Mexer,mz MOZ,DF,Bordeaux,30,1988,19,16,1488,16.mai,0,2,2,0,0,0,5,0,0.5,0.5,0.2,0.7,7,45,5,0.00,0.12,0.12,0.00,0.12,0.03,0.01,0.04,0.03,0.04
Florian Miguel,fr FRA,DF,Nîmes,22,1996,24,23,2056,22.août,1,0,1,1,0,0,8,1,01.mars,01.mars,01.janv,02.avr,46,65,99,0.04,0.00,0.04,0.04,0.04,0.06,0.05,0.10,0.06,0.10
Georges Mikautadze,ge GEO,FW,Metz,18,2000,1,0,8,0.1,0,0,0,0,0,0,0,0,0.0,0.0,0.0,0.0,0,0,2,0.00,0.00,0.00,0.00,0.00,0.34,0.00,0.34,0.34,0.34
Stefan Mitrović,rs SRB,DF,Strasbourg,29,1990,23,23,2053,22.août,1,1,2,1,0,0,4,0,0.4,0.4,0.7,01.janv,4,28,3,0.04,0.04,0.09,0.04,0.09,0.02,0.03,0.05,0.02,0.05
Florent Mollet,fr FRA,MFFW,Montpellier,27,1991,25,19,1684,18.juil,6,3,9,6,0,0,5,0,3.0,3.0,05.janv,08.janv,38,84,122,0.32,0.16,0.48,0.32,0.48,0.16,0.27,0.43,0.16,0.43
Thomas Monconduit,fr FRA,MF,Amiens,28,1991,19,15,1364,15.févr,0,0,0,0,0,0,8,0,0.6,0.6,0.4,01.janv,12,85,21,0.00,0.00,0.00,0.00,0.00,0.04,0.03,0.07,0.04,0.07
Steven Moreira,cv CPV,DF,Toulouse,24,1994,17,16,1389,15.avr,0,0,0,0,0,0,3,2,0.2,0.2,01.févr,01.avr,32,56,43,0.00,0.00,0.00,0.00,0.00,0.02,0.08,0.09,0.02,0.09
Jérémy Morel,mg MAD,DF,Rennes,35,1984,21,20,1806,20.janv,1,0,1,1,0,0,2,0,01.mars,01.mars,0.9,02.févr,16,61,19,0.05,0.00,0.05,0.05,0.05,0.07,0.04,0.11,0.07,0.11
Lebo Mothiba,za RSA,FW,Strasbourg,23,1996,21,12,1047,11.juin,3,3,6,3,0,0,0,0,04.juin,04.juin,01.juil,06.mars,23,16,101,0.26,0.26,0.52,0.26,0.52,0.39,0.14,0.54,0.39,0.54
Harold Moukoudi,cm CMR,DF,Saint-Étienne,21,1997,11,11,990,11.0,0,0,0,0,0,0,3,0,0.3,0.3,0.0,0.3,10,41,0,0.00,0.00,0.00,0.00,0.00,0.03,0.00,0.03,0.03,0.03
Jessy Moulin,fr FRA,GK,Saint-Étienne,33,1986,5,5,450,5.0,0,0,0,0,0,0,0,0,0.0,0.0,0.0,0.0,0,0,0,0.00,0.00,0.00,0.00,0.00,0.00,0.00,0.00,0.00,0.00
Wesley Moustache,fr FRA,DF,Nantes,20,1999,1,1,45,0.5,0,0,0,0,0,0,0,0,0.0,0.0,0.0,0.0,1,1,0,0.00,0.00,0.00,0.00,0.00,0.00,0.00,0.00,0.00,0.00
Samuel Moutoussamy,cd COD,DFMF,Nantes,22,1996,18,3,523,05.août,0,0,0,0,0,0,0,0,0.3,0.3,0.6,0.9,15,38,42,0.00,0.00,0.00,0.00,0.00,0.05,0.11,0.16,0.05,0.16
Marshall Munetsi,zw ZIM,MF,Reims,23,1996,17,8,838,09.mars,0,2,2,0,0,0,3,0,0.2,0.2,0.5,0.7,19,30,8,0.00,0.21,0.21,0.00,0.21,0.03,0.05,0.08,0.03,0.08
Kévin N'Doram,fr FRA,MF,Metz,23,1996,20,19,1646,18.mars,0,0,0,0,0,0,2,0,0.4,0.4,0.3,0.7,21,86,7,0.00,0.00,0.00,0.00,0.00,0.02,0.02,0.04,0.02,0.04
Abdallah N'dour,sn SEN,DF,Strasbourg,25,1993,6,4,373,04.janv,0,0,0,0,0,0,2,1,0.0,0.0,0.3,0.3,5,13,34,0.00,0.00,0.00,0.00,0.00,0.00,0.07,0.07,0.00,0.07
Ferris N'Goma,fr FRA,MFFW,Brest,26,1993,4,0,25,0.3,1,0,1,0,1,1,1,0,0.8,0.0,0.0,0.0,1,1,2,mars.60,0.00,mars.60,0.00,0.00,03.janv,0.00,03.janv,0.17,0.17
Nathan N'Goumou,cm CMR,FW,Toulouse,19,2000,1,0,9,0.1,0,0,0,0,0,0,0,0,0.0,0.0,0.0,0.0,0,0,1,0.00,0.00,0.00,0.00,0.00,0.00,0.00,0.00,0.00,0.00
Stanley N'Soki,fr FRA,DF,Nice,20,1999,17,14,1273,14.janv,0,1,1,0,0,0,3,0,0.4,0.4,0.7,01.janv,25,109,18,0.00,0.07,0.07,0.00,0.07,0.03,0.05,0.07,0.03,0.07
Keylor Navas,cr CRC,GK,Paris S-G,32,1986,21,21,189,21.0,0,0,0,0,0,0,0,0,0.0,0.0,0.0,0.0,0,0,0,0.00,0.00,0.00,0.00,0.00,0.00,0.00,0.00,0.00,0.00
Papa Ndiaga Yade,mr MTN,FW,Metz,19,2000,2,0,4,0.0,0,0,0,0,0,0,0,0,0.0,0.0,0.0,0.0,1,0,1,0.00,0.00,0.00,0.00,0.00,0.00,0.00,0.00,0.00,0.00
Neymar,br BRA,MFFW,Paris S-G,27,1992,15,15,1318,14.juin,13,6,19,9,4,5,4,1,14.juil,10.juil,05.août,16.mai,110,160,159,0.89,0.41,janv.30,0.61,01.févr,1.00,0.39,janv.40,0.73,janv.13
Muzinga Ngonda,cd COD,DF,Dijon,24,1994,6,6,540,6.0,0,0,0,0,0,0,1,0,0.0,0.0,0.1,0.1,15,28,29,0.00,0.00,0.00,0.00,0.00,0.00,0.01,0.01,0.00,0.01
Player,Nation,Pos,Squad,Age,Born,MP,Starts,Min,90s,Gls,Ast,G+A,G-PK,PK,PKatt,CrdY,CrdR,xG,npxG,xAG,npxG+xAG,PrgC,PrgP,PrgR,Gls,Ast,G+A,G-PK,G+A-PK,xG,xAG,xG+xAG,npxG,npxG+xAG
Ahmad Ngouyamsa,td CHA,DF,Dijon,18,2000,1,0,55,0.6,0,0,0,0,0,0,1,0,0.0,0.0,0.0,0.0,0,0,1,0.00,0.00,0.00,0.00,0.00,0.00,0.00,0.00,0.00,0.00
Opa Nguette,sn SEN,FW,Metz,25,1994,26,23,1826,20.mars,5,2,7,5,0,0,1,0,02.sept,02.sept,01.avr,04.mars,67,46,143,0.25,0.10,0.35,0.25,0.35,0.14,0.07,0.21,0.14,0.21
Ibrahima Niane,sn SEN,FW,Metz,20,1999,21,9,951,10.juin,3,0,3,2,1,1,0,0,02.mai,01.juil,0.3,2.0,19,19,72,0.28,0.00,0.28,0.19,0.19,0.24,0.03,0.26,0.16,0.19
M'Baye Niang,sn SEN,FW,Rennes,24,1994,26,24,2126,23.juin,10,0,10,10,0,2,2,0,09.mars,07.juil,0.6,08.mars,21,28,114,0.42,0.00,0.42,0.42,0.42,0.39,0.02,0.42,0.33,0.35
Tanguy Nianzou,fr FRA,DFMF,Paris S-G,17,2002,6,4,452,5.0,2,0,2,2,0,0,1,0,0.9,0.9,0.4,01.mars,0,27,2,0.40,0.00,0.40,0.40,0.40,0.17,0.09,0.26,0.17,0.26
Cheikh Niasse,sn SEN,MF,Lille,19,2000,1,0,15,0.2,0,0,0,0,0,0,0,0,0.0,0.0,0.0,0.0,0,0,0,0.00,0.00,0.00,0.00,0.00,0.00,0.00,0.00,0.00,0.00
Casimir Ninga,td CHA,MFFW,Angers,26,1993,16,6,683,07.juin,3,1,4,3,0,0,2,1,03.févr,03.févr,01.janv,04.mars,30,21,63,0.40,0.13,0.53,0.40,0.53,0.42,0.14,0.56,0.42,0.56
Timothée Nkada,fr FRA,FW,Reims,20,1999,8,0,148,01.juin,0,0,0,0,0,0,1,0,0.1,0.1,0.3,0.4,6,5,15,0.00,0.00,0.00,0.00,0.00,0.06,0.18,0.24,0.06,0.24
Arnaud Nordin,fr FRA,FWMF,Saint-Étienne,21,1998,18,9,908,10.janv,1,0,1,1,0,0,2,0,0.9,0.9,0.7,01.juin,41,20,70,0.10,0.00,0.10,0.10,0.10,0.09,0.07,0.16,0.09,0.16
Gerzino Nyamsi,fr FRA,DF,Rennes,22,1997,4,0,116,01.mars,0,0,0,0,0,0,0,0,0.0,0.0,0.0,0.0,0,2,0,0.00,0.00,0.00,0.00,0.00,0.00,0.00,0.00,0.00,0.00
Steven Nzonzi,fr FRA,MF,Rennes,30,1988,5,4,386,04.mars,0,0,0,0,0,0,0,0,0.2,0.2,0.0,0.2,6,24,5,0.00,0.00,0.00,0.00,0.00,0.04,0.00,0.04,0.04,0.04
Jean Onana,cm CMR,MF,Lille,19,2000,1,1,79,0.9,0,0,0,0,0,0,0,0,0.0,0.0,0.1,0.1,1,8,2,0.00,0.00,0.00,0.00,0.00,0.03,0.08,0.11,0.03,0.11
Henry Onyekuru,ng NGA,MFFW,Monaco,22,1997,4,2,160,01.août,0,1,1,0,0,0,0,0,0.1,0.1,0.1,0.2,8,3,20,0.00,0.56,0.56,0.00,0.56,0.05,0.05,0.10,0.05,0.10
Nicholas Opoku,gh GHA,DF,Amiens,21,1997,7,7,630,7.0,0,0,0,0,0,0,1,0,0.0,0.0,0.0,0.0,3,14,1,0.00,0.00,0.00,0.00,0.00,0.00,0.00,0.00,0.00,0.00
Victor Osimhen,ng NGA,FW,Lille,20,1998,27,25,2287,25.avr,13,4,17,11,2,3,4,0,15.mai,13.févr,02.sept,16.janv,35,11,148,0.51,0.16,0.67,0.43,0.59,0.61,0.12,0.73,0.52,0.63
Otávio,br BRA,MF,Bordeaux,25,1994,25,25,2211,24.juin,2,3,5,2,0,0,6,0,0.8,0.8,0.9,01.juin,13,84,15,0.08,0.12,0.20,0.08,0.20,0.03,0.03,0.07,0.03,0.07
Abou Ouattara,bf BFA,FW,Lille,19,1999,1,0,9,0.1,0,0,0,0,0,0,0,0,0.0,0.0,0.0,0.0,1,0,0,0.00,0.00,0.00,0.00,0.00,0.00,0.00,0.00,0.00,0.00
Remi Oudin,fr FRA,FWMF,Bordeaux,22,1996,8,5,562,06.févr,1,1,2,1,0,0,0,0,01.juil,01.juil,01.juin,03.mars,9,24,67,0.16,0.16,0.32,0.16,0.32,0.27,0.26,0.53,0.27,0.53
Remi Oudin,fr FRA,FWMF,Reims,22,1996,18,16,1397,15.mai,3,2,5,3,0,0,1,0,03.févr,03.févr,02.juin,05.août,22,37,85,0.19,0.13,0.32,0.19,0.32,0.21,0.17,0.38,0.21,0.38
Alexandre Oukidja,dz ALG,GK,Metz,31,1988,27,27,2384,26.mai,0,0,0,0,0,0,3,0,0.0,0.0,0.1,0.1,0,0,0,0.00,0.00,0.00,0.00,0.00,0.00,0.00,0.00,0.00,0.00
Zinédine Ould Khaled,fr FRA,MF,Angers,19,2000,1,1,59,0.7,0,0,0,0,0,0,0,0,0.0,0.0,0.0,0.0,0,3,2,0.00,0.00,0.00,0.00,0.00,0.00,0.00,0.00,0.00,0.00
Adam Ounas,dz ALG,FWMF,Nice,22,1996,16,14,1123,12.mai,2,4,6,2,0,0,2,1,2.0,2.0,03.mars,05.mars,41,52,132,0.16,0.32,0.48,0.16,0.48,0.16,0.26,0.42,0.16,0.42
Ambroise Oyongo,cm CMR,DFFW,Montpellier,28,1991,21,21,1821,20.févr,0,0,0,0,0,0,3,0,0.4,0.4,0.7,01.janv,31,69,102,0.00,0.00,0.00,0.00,0.00,0.02,0.04,0.06,0.02,0.06
Pablo,br BRA,DF,Bordeaux,28,1991,25,25,2173,24.janv,4,0,4,4,0,0,2,0,01.sept,01.sept,0.1,2.0,6,58,4,0.17,0.00,0.17,0.17,0.17,0.08,0.00,0.08,0.08,0.08
Vincent Pajot,fr FRA,MF,Angers,28,1990,6,1,113,01.mars,0,1,1,0,0,0,0,0,0.1,0.1,0.4,0.5,3,1,5,0.00,0.80,0.80,0.00,0.80,0.11,0.31,0.42,0.11,0.42
Player,Nation,Pos,Squad,Age,Born,MP,Starts,Min,90s,Gls,Ast,G+A,G-PK,PK,PKatt,CrdY,CrdR,xG,npxG,xAG,npxG+xAG,PrgC,PrgP,PrgR,Gls,Ast,G+A,G-PK,G+A-PK,xG,xAG,xG+xAG,npxG,npxG+xAG
Vincent Pajot,fr FRA,MF,Metz,28,1990,7,7,519,05.août,0,3,3,0,0,0,0,1,0.2,0.2,0.9,01.févr,12,18,15,0.00,0.52,0.52,0.00,0.52,0.04,0.16,0.20,0.04,0.20
Sergi Palencia,es ESP,DF,Saint-Étienne,23,1996,6,6,468,05.févr,0,0,0,0,0,0,2,0,0.1,0.1,0.1,0.2,13,26,21,0.00,0.00,0.00,0.00,0.00,0.01,0.02,0.03,0.01,0.03
Nicolas Pallois,fr FRA,DF,Nantes,31,1987,21,21,189,21.0,0,0,0,0,0,0,10,0,01.mars,01.mars,0.1,01.avr,15,68,1,0.00,0.00,0.00,0.00,0.00,0.06,0.00,0.07,0.06,0.07
Jonathan Panzo,eng ENG,DF,Monaco,18,2000,2,1,107,01.févr,0,0,0,0,0,0,0,0,0.1,0.1,0.0,0.1,1,7,0,0.00,0.00,0.00,0.00,0.00,0.08,0.00,0.08,0.08,0.08
Gaëtan Paquiez,fr FRA,DF,Nîmes,25,1994,21,17,153,17.0,0,0,0,0,0,0,6,1,0.2,0.2,0.5,0.7,20,71,40,0.00,0.00,0.00,0.00,0.00,0.01,0.03,0.04,0.01,0.04
Rubén Pardo,es ESP,MF,Bordeaux,26,1992,6,1,188,02.janv,1,0,1,1,0,0,0,0,0.1,0.1,0.1,0.2,4,12,4,0.48,0.00,0.48,0.48,0.48,0.07,0.03,0.10,0.07,0.10
Leandro Paredes,ar ARG,MF,Paris S-G,25,1994,17,8,814,9.0,0,0,0,0,0,0,2,0,0.6,0.6,0.3,0.9,10,106,8,0.00,0.00,0.00,0.00,0.00,0.06,0.04,0.10,0.06,0.10
Mateo Pavlović,ba BIH,DF,Angers,29,1990,11,8,812,9.0,0,0,0,0,0,0,3,0,0.8,0.8,0.2,1.0,0,17,5,0.00,0.00,0.00,0.00,0.00,0.09,0.03,0.12,0.09,0.12
Dimitri Payet,fr FRA,FWMF,Marseille,32,1987,22,22,193,21.avr,9,4,13,6,3,3,6,1,06.avr,04.janv,07.mars,11.avr,95,128,144,0.42,0.19,0.61,0.28,0.47,0.30,0.34,0.64,0.19,0.53
Jordan Pefok,us USA,FW,Rennes,23,1996,14,4,440,04.sept,0,1,1,0,0,0,3,0,0.8,0.8,0.3,01.janv,8,8,21,0.00,0.20,0.20,0.00,0.20,0.15,0.06,0.22,0.15,0.22
Yohann Pelé,fr FRA,GK,Marseille,36,1982,2,1,150,01.juil,0,0,0,0,0,0,0,0,0.0,0.0,0.0,0.0,0,0,0,0.00,0.00,0.00,0.00,0.00,0.00,0.00,0.00,0.00,0.00
Théo Pellenard,fr FRA,DF,Angers,25,1994,8,4,455,05.janv,0,0,0,0,0,0,1,0,0.0,0.0,0.3,0.3,12,21,27,0.00,0.00,0.00,0.00,0.00,0.00,0.05,0.05,0.00,0.05
Andy Pelmard,mg MAD,DF,Nice,19,2000,10,8,766,08.mai,0,0,0,0,0,0,1,0,0.0,0.0,0.0,0.0,4,11,0,0.00,0.00,0.00,0.00,0.00,0.01,0.00,0.01,0.01,0.01
Mathias Pereira Lage,pt POR,MF,Angers,22,1996,25,17,1542,17.janv,1,3,4,1,0,0,2,0,01.juil,01.juil,02.sept,04.juin,49,50,136,0.06,0.18,0.23,0.06,0.23,0.10,0.17,0.27,0.10,0.27
Romain Perraud,fr FRA,DF,Brest,21,1997,20,19,167,18.juin,0,1,1,0,0,0,1,0,01.janv,01.janv,01.mars,02.avr,45,83,85,0.00,0.05,0.05,0.00,0.05,0.06,0.07,0.13,0.06,0.13
Loïc Perrin,fr FRA,DF,Saint-Étienne,33,1985,21,20,1714,19.0,0,0,0,0,0,0,5,0,0.6,0.6,0.2,0.7,5,65,1,0.00,0.00,0.00,0.00,0.00,0.03,0.01,0.04,0.03,0.04
Lucas Perrin,fr FRA,DF,Marseille,20,1998,4,4,360,4.0,0,0,0,0,0,0,2,0,0.5,0.5,0.0,0.5,1,5,2,0.00,0.00,0.00,0.00,0.00,0.13,0.00,0.13,0.13,0.13
Danijel Petković,me MNE,GK,Angers,26,1993,2,2,180,2.0,0,0,0,0,0,0,1,0,0.0,0.0,0.0,0.0,0,0,0,0.00,0.00,0.00,0.00,0.00,0.00,0.00,0.00,0.00,0.00
Denis Petrić,rs SRB,GK,Nantes,31,1988,1,1,90,1.0,0,0,0,0,0,0,0,0,0.0,0.0,0.0,0.0,0,0,0,0.00,0.00,0.00,0.00,0.00,0.00,0.00,0.00,0.00,0.00
Rayan Philippe,fr FRA,FW,Dijon,18,2000,1,0,30,0.3,0,0,0,0,0,0,0,0,0.1,0.1,0.0,0.1,0,1,3,0.00,0.00,0.00,0.00,0.00,0.20,0.00,0.20,0.20,0.20
Romain Philippoteaux,fr FRA,FWMF,Nîmes,31,1988,27,23,1994,22.févr,5,2,7,5,0,0,3,0,02.avr,02.avr,01.juin,4.0,57,79,131,0.23,0.09,0.32,0.23,0.32,0.11,0.07,0.18,0.11,0.18
Jérémy Pied,fr FRA,DF,Lille,30,1989,5,5,450,5.0,0,0,0,0,0,0,2,0,0.1,0.1,0.1,0.2,11,32,24,0.00,0.00,0.00,0.00,0.00,0.01,0.03,0.04,0.01,0.04
Maxime Poundjé,fr FRA,DF,Bordeaux,26,1992,2,0,4,0.0,0,0,0,0,0,0,0,0,0.0,0.0,0.0,0.0,0,0,2,0.00,0.00,0.00,0.00,0.00,0.00,0.00,0.00,0.00,0.00
Percy Prado,pe PER,DF,Nantes,23,1996,3,2,185,02.janv,0,0,0,0,0,0,1,0,0.0,0.0,0.0,0.0,1,6,1,0.00,0.00,0.00,0.00,0.00,0.00,0.01,0.01,0.00,0.01
Sanjin Prcić,ba BIH,MFFW,Strasbourg,25,1993,3,1,78,0.9,0,0,0,0,0,0,0,0,0.0,0.0,0.0,0.0,2,7,1,0.00,0.00,0.00,0.00,0.00,0.04,0.00,0.04,0.04,0.04
Player,Nation,Pos,Squad,Age,Born,MP,Starts,Min,90s,Gls,Ast,G+A,G-PK,PK,PKatt,CrdY,CrdR,xG,npxG,xAG,npxG+xAG,PrgC,PrgP,PrgR,Gls,Ast,G+A,G-PK,G+A-PK,xG,xAG,xG+xAG,npxG,npxG+xAG
Nicolas de Préville,fr FRA,MFFW,Bordeaux,28,1991,24,23,1995,22.févr,6,4,10,5,1,1,4,0,5.0,04.mars,04.août,09.janv,80,88,159,0.27,0.18,0.45,0.23,0.41,0.22,0.22,0.44,0.19,0.41
Nemanja Radonjić,rs SRB,FWMF,Marseille,23,1996,21,8,880,09.août,5,1,6,5,0,0,3,0,03.mars,03.mars,01.févr,04.mai,54,45,115,0.51,0.10,0.61,0.51,0.61,0.34,0.12,0.46,0.34,0.46
Rafael,br BRA,DF,Lyon,29,1990,13,9,700,07.août,0,0,0,0,0,0,3,0,0.1,0.1,0.6,0.7,11,34,28,0.00,0.00,0.00,0.00,0.00,0.02,0.07,0.09,0.02,0.09
Predrag Rajković,rs SRB,GK,Reims,23,1995,27,27,243,27.0,0,0,0,0,0,0,1,0,0.0,0.0,0.0,0.0,0,1,0,0.00,0.00,0.00,0.00,0.00,0.00,0.00,0.00,0.00,0.00
Raphinha,br BRA,MFFW,Rennes,22,1996,22,20,169,18.août,5,3,8,4,1,1,4,0,05.févr,04.janv,05.avr,09.juin,64,69,155,0.27,0.16,0.43,0.21,0.37,0.28,0.29,0.57,0.22,0.51
Jeff Reine-Adélaïde,fr FRA,MF,Angers,21,1998,1,1,79,0.9,1,1,2,1,0,0,0,0,0.8,0.8,0.3,01.janv,4,6,2,janv.14,janv.14,févr.28,janv.14,févr.28,0.86,0.34,janv.20,0.86,janv.20
Jeff Reine-Adélaïde,fr FRA,MFFW,Lyon,21,1998,14,11,783,08.juil,2,1,3,2,0,0,3,0,1.0,1.0,01.févr,02.févr,39,42,44,0.23,0.11,0.34,0.23,0.34,0.12,0.14,0.25,0.12,0.25
Loïc Rémy,fr FRA,FW,Lille,32,1987,20,11,963,10.juil,7,0,7,7,0,0,2,0,04.juin,04.juin,0.4,05.janv,19,20,72,0.65,0.00,0.65,0.65,0.65,0.43,0.04,0.47,0.43,0.47
Baptiste Reynet,fr FRA,GK,Toulouse,28,1990,23,22,2035,22.juin,0,0,0,0,0,0,1,0,0.0,0.0,0.1,0.1,1,1,0,0.00,0.00,0.00,0.00,0.00,0.00,0.00,0.00,0.00,0.00
Sergio Rico,es ESP,GK,Paris S-G,25,1993,2,2,180,2.0,0,0,0,0,0,0,0,0,0.0,0.0,0.0,0.0,0,0,0,0.00,0.00,0.00,0.00,0.00,0.00,0.00,0.00,0.00,0.00
Renaud Ripart,fr FRA,FWDF,Nîmes,26,1993,24,23,2027,22.mai,4,2,6,2,2,2,0,0,05.janv,03.juin,01.sept,05.mai,35,43,134,0.18,0.09,0.27,0.09,0.18,0.23,0.08,0.31,0.16,0.24
Mihailo Ristić,rs SRB,DFMF,Montpellier,23,1995,18,8,811,9.0,0,2,2,0,0,0,1,0,0.3,0.3,0.5,0.8,15,23,43,0.00,0.22,0.22,0.00,0.22,0.03,0.05,0.09,0.03,0.09
Maxence Rivera,fr FRA,MFFW,Saint-Étienne,17,2002,1,0,25,0.3,0,0,0,0,0,0,0,0,0.0,0.0,0.0,0.0,0,1,5,0.00,0.00,0.00,0.00,0.00,0.16,0.00,0.16,0.16,0.16
Agustín Rogel,uy URU,DF,Toulouse,21,1997,10,9,858,09.mai,0,0,0,0,0,0,0,0,0.5,0.5,0.2,0.7,4,19,0,0.00,0.00,0.00,0.00,0.00,0.05,0.02,0.07,0.05,0.07
Alaixys Romao,tg TOG,MF,Reims,35,1984,22,21,1781,19.août,0,0,0,0,0,0,11,2,0.6,0.6,0.6,01.févr,14,102,15,0.00,0.00,0.00,0.00,0.00,0.03,0.03,0.06,0.03,0.06
Valentin Rongier,fr FRA,MF,Marseille,24,1994,23,20,179,19.sept,0,2,2,0,0,1,3,0,02.mars,01.juin,02.févr,03.août,39,99,40,0.00,0.10,0.10,0.00,0.10,0.12,0.11,0.23,0.08,0.19
Valentin Rongier,fr FRA,MF,Nantes,24,1994,3,3,270,3.0,0,1,1,0,0,0,0,0,0.3,0.3,0.7,0.9,5,23,12,0.00,0.33,0.33,0.00,0.33,0.10,0.22,0.31,0.10,0.31
Nolan Roux,fr FRA,FW,Nîmes,31,1988,7,7,584,06.mai,2,0,2,2,0,0,0,0,01.avr,01.avr,0.5,01.sept,5,6,39,0.31,0.00,0.31,0.31,0.31,0.21,0.08,0.29,0.21,0.29
Stéphane Ruffier,fr FRA,GK,Saint-Étienne,32,1986,22,22,198,22.0,0,0,0,0,0,0,1,0,0.0,0.0,0.0,0.0,0,0,0,0.00,0.00,0.00,0.00,0.00,0.00,0.00,0.00,0.00,0.00
Gerónimo Rulli,ar ARG,GK,Montpellier,27,1992,25,25,225,25.0,0,0,0,0,0,0,0,0,0.0,0.0,0.0,0.0,0,1,0,0.00,0.00,0.00,0.00,0.00,0.00,0.00,0.00,0.00,0.00
Roli Pereira de Sa,fr FRA,MF,Nantes,22,1996,1,0,6,0.1,0,0,0,0,0,0,0,0,0.0,0.0,0.2,0.2,0,1,0,0.00,0.00,0.00,0.00,0.00,0.38,févr.72,03.oct,0.38,03.oct
Youssouf Sabaly,sn SEN,DF,Bordeaux,26,1993,12,10,913,10.janv,0,1,1,0,0,0,1,0,0.2,0.2,01.mars,01.mai,25,41,53,0.00,0.10,0.10,0.00,0.10,0.02,0.13,0.15,0.02,0.15
Ihsan Sacko,fr FRA,FW,Nice,22,1997,3,2,145,01.juin,0,0,0,0,0,0,0,0,0.0,0.0,0.4,0.4,3,4,21,0.00,0.00,0.00,0.00,0.00,0.00,0.23,0.23,0.00,0.23
Wesley Saïd,fr FRA,MFFW,Toulouse,24,1995,23,14,116,12.sept,2,1,3,2,0,0,2,0,03.mars,03.mars,02.mars,05.juin,43,50,84,0.16,0.08,0.23,0.16,0.23,0.26,0.18,0.43,0.26,0.43
Théo Sainte-Luce,fr FRA,MFDF,Nîmes,20,1998,3,0,22,0.2,0,0,0,0,0,0,0,0,0.0,0.0,0.0,0.0,0,0,0,0.00,0.00,0.00,0.00,0.00,0.00,0.00,0.00,0.00,0.00
Player,Nation,Pos,Squad,Age,Born,MP,Starts,Min,90s,Gls,Ast,G+A,G-PK,PK,PKatt,CrdY,CrdR,xG,npxG,xAG,npxG+xAG,PrgC,PrgP,PrgR,Gls,Ast,G+A,G-PK,G+A-PK,xG,xAG,xG+xAG,npxG,npxG+xAG
Hiroki Sakai,jp JPN,DF,Marseille,29,1990,21,19,162,18.0,0,0,0,0,0,0,3,0,0.1,0.1,01.mai,01.juin,39,91,90,0.00,0.00,0.00,0.00,0.00,0.01,0.08,0.09,0.01,0.09
William Saliba,fr FRA,DF,Saint-Étienne,18,2001,12,11,992,11.0,0,0,0,0,0,0,0,0,0.2,0.2,0.1,0.3,20,33,7,0.00,0.00,0.00,0.00,0.00,0.02,0.01,0.03,0.02,0.03
Romain Salin,fr FRA,GK,Rennes,35,1984,4,4,360,4.0,0,0,0,0,0,0,1,0,0.0,0.0,0.0,0.0,0,0,0,0.00,0.00,0.00,0.00,0.00,0.00,0.00,0.00,0.00,0.00
Mama Samba Baldé,gw GNB,FWMF,Dijon,23,1995,24,20,1676,18.juin,6,2,8,6,0,0,2,0,6.0,6.0,03.août,09.août,44,29,148,0.32,0.11,0.43,0.32,0.43,0.32,0.21,0.53,0.32,0.53
Junior Sambia,fr FRA,DFMF,Montpellier,22,1996,17,5,587,06.mai,1,1,2,1,0,0,3,1,0.6,0.6,0.2,0.8,14,23,26,0.15,0.15,0.31,0.15,0.31,0.09,0.03,0.12,0.09,0.12
Frédéric Sammaritano,fr FRA,MFFW,Dijon,33,1986,10,6,518,05.août,1,2,3,1,0,0,0,0,0.6,0.6,01.avr,02.janv,22,34,41,0.17,0.35,0.52,0.17,0.52,0.11,0.25,0.36,0.11,0.36
Renato Sanches,pt POR,MFFW,Lille,21,1997,19,16,1483,16.mai,3,1,4,3,0,0,3,0,01.juin,01.avr,02.août,04.mars,45,105,64,0.18,0.06,0.24,0.18,0.24,0.10,0.17,0.27,0.09,0.26
Ibrahim Sangaré,ci CIV,MF,Toulouse,21,1997,25,25,2175,24.févr,0,1,1,0,0,0,8,0,2.0,2.0,01.avr,03.avr,35,175,23,0.00,0.04,0.04,0.00,0.04,0.08,0.06,0.14,0.08,0.14
Yaya Sanogo,fr FRA,FW,Toulouse,26,1993,15,9,910,10.janv,3,1,4,2,1,1,1,0,03.mars,02.mai,0.6,03.janv,4,8,44,0.30,0.10,0.40,0.20,0.30,0.33,0.06,0.38,0.25,0.30
Morgan Sanson,fr FRA,MF,Marseille,24,1994,27,26,2173,24.janv,5,4,9,5,0,0,5,0,03.août,03.août,03.févr,7.0,96,89,142,0.21,0.17,0.37,0.21,0.37,0.16,0.13,0.29,0.16,0.29
Baptiste Santamaria,fr FRA,MF,Angers,24,1995,28,28,2505,27.août,1,1,2,1,0,0,1,0,01.juin,01.juin,01.avr,3.0,36,165,16,0.04,0.04,0.07,0.04,0.07,0.06,0.05,0.11,0.06,0.11
Pablo Sarabia,es ESP,FWMF,Paris S-G,27,1992,21,13,1164,12.sept,4,3,7,4,0,0,1,0,03.févr,03.févr,03.sept,07.janv,41,73,185,0.31,0.23,0.54,0.31,0.54,0.25,0.30,0.55,0.25,0.55
Bouna Sarr,sn SEN,DFFW,Marseille,27,1992,27,25,2164,24.0,1,3,4,1,0,0,3,0,02.avr,02.avr,01.août,04.févr,103,93,142,0.04,0.12,0.17,0.04,0.17,0.10,0.08,0.18,0.10,0.18
Malang Sarr,fr FRA,DF,Nice,20,1999,19,16,1454,16.févr,1,0,1,1,0,0,2,0,0.2,0.2,0.1,0.3,13,94,2,0.06,0.00,0.06,0.06,0.06,0.02,0.01,0.02,0.02,0.02
Sidy Sarr,sn SEN,MF,Nîmes,23,1996,22,12,1165,12.sept,0,2,2,0,0,0,6,0,01.juin,01.juin,01.févr,02.août,7,58,21,0.00,0.15,0.15,0.00,0.15,0.12,0.09,0.21,0.12,0.21
Téji Savanier,fr FRA,MF,Montpellier,27,1991,19,18,1524,16.sept,6,2,8,4,2,2,5,0,02.juil,01.janv,02.mai,03.juin,28,126,31,0.35,0.12,0.47,0.24,0.35,0.16,0.15,0.31,0.07,0.22
Matz Sels,be BEL,GK,Strasbourg,27,1992,27,27,243,27.0,0,0,0,0,0,0,0,0,0.0,0.0,0.0,0.0,0,0,0,0.00,0.00,0.00,0.00,0.00,0.00,0.00,0.00,0.00,0.00
Gen Shoji,jp JPN,DF,Toulouse,26,1992,1,1,45,0.5,0,0,0,0,0,0,0,0,0.0,0.0,0.0,0.0,2,10,1,0.00,0.00,0.00,0.00,0.00,0.00,0.00,0.00,0.00,0.00
Kalidou Sidibé,ml MLI,MF,Toulouse,20,1999,4,0,91,1.0,0,0,0,0,0,0,0,0,0.0,0.0,0.0,0.0,0,4,0,0.00,0.00,0.00,0.00,0.00,0.00,0.00,0.00,0.00,0.00
Kaj Sierhuis,nl NED,FW,Reims,21,1998,1,1,12,0.1,0,0,0,0,0,0,0,0,0.0,0.0,0.0,0.0,0,2,2,0.00,0.00,0.00,0.00,0.00,0.00,0.00,0.00,0.00,0.00
Adrien Silva,pt POR,MF,Monaco,30,1989,22,13,1221,13.juin,0,2,2,0,0,0,7,0,0.6,0.6,02.janv,02.juil,14,92,21,0.00,0.15,0.15,0.00,0.15,0.05,0.15,0.20,0.05,0.20
Gabriel Silva,br BRA,DF,Saint-Étienne,28,1991,4,3,231,02.juin,0,0,0,0,0,0,0,0,0.0,0.0,0.0,0.0,7,2,5,0.00,0.00,0.00,0.00,0.00,0.00,0.02,0.02,0.00,0.02
Matheus Pereira da Silva,br BRA,MFFW,Dijon,21,1998,10,6,465,05.févr,0,0,0,0,0,0,4,0,0.8,0.8,0.5,01.mars,9,32,25,0.00,0.00,0.00,0.00,0.00,0.16,0.10,0.26,0.16,0.26
Thiago Silva,br BRA,DF,Paris S-G,34,1984,21,20,1571,17.mai,0,0,0,0,0,0,1,0,0.4,0.4,0.0,0.4,10,99,1,0.00,0.00,0.00,0.00,0.00,0.02,0.00,0.02,0.02,0.02
Mohamed Simakan,fr FRA,DF,Strasbourg,19,2000,19,17,1503,16.juil,0,0,0,0,0,0,4,0,0.5,0.5,0.7,01.janv,30,72,25,0.00,0.00,0.00,0.00,0.00,0.03,0.04,0.07,0.03,0.07
Player,Nation,Pos,Squad,Age,Born,MP,Starts,Min,90s,Gls,Ast,G+A,G-PK,PK,PKatt,CrdY,CrdR,xG,npxG,xAG,npxG+xAG,PrgC,PrgP,PrgR,Gls,Ast,G+A,G-PK,G+A-PK,xG,xAG,xG+xAG,npxG,npxG+xAG
Moses Simon,ng NGA,FWMF,Nantes,24,1995,26,25,2177,24.févr,5,5,10,5,0,0,2,0,06.juin,06.juin,04.juil,11.mars,144,58,232,0.21,0.21,0.41,0.21,0.41,0.27,0.20,0.47,0.27,0.47
Ibrahima Sissoko,ml MLI,MF,Strasbourg,21,1997,23,18,1598,17.août,0,1,1,0,0,0,5,0,0.8,0.8,0.9,01.août,44,74,48,0.00,0.06,0.06,0.00,0.06,0.05,0.05,0.10,0.05,0.10
Sambou Sissoko,fr FRA,MFFW,Reims,20,1999,3,0,32,0.4,0,0,0,0,0,0,0,0,0.0,0.0,0.0,0.0,0,0,0,0.00,0.00,0.00,0.00,0.00,0.00,0.00,0.00,0.00,0.00
Petar Škuletić,rs SRB,FWMF,Montpellier,29,1990,5,1,106,01.févr,0,0,0,0,0,1,0,0,01.janv,0.3,0.1,0.3,0,1,5,0.00,0.00,0.00,0.00,0.00,0.91,0.05,0.96,0.23,0.28
Islam Slimani,dz ALG,FW,Monaco,31,1988,18,14,1285,14.mars,9,7,16,8,1,1,5,1,9.0,08.févr,04.mars,12.mai,20,57,142,0.63,0.49,01.déc,0.56,01.mai,0.63,0.30,0.93,0.57,0.88
Oumar Solet,fr FRA,DF,Lyon,19,2000,1,0,9,0.1,0,0,0,0,0,0,0,0,0.0,0.0,0.0,0.0,0,0,0,0.00,0.00,0.00,0.00,0.00,0.00,0.00,0.00,0.00,0.00
Adama Soumaoro,fr FRA,DF,Lille,27,1992,6,4,415,04.juin,1,0,1,1,0,0,0,0,0.8,0.8,0.0,0.8,2,10,0,0.22,0.00,0.22,0.22,0.22,0.18,0.00,0.18,0.18,0.18
Boubakary Soumaré,fr FRA,MF,Lille,20,1999,20,15,1213,13.mai,0,0,0,0,0,0,2,2,0.0,0.0,0.6,0.6,21,74,21,0.00,0.00,0.00,0.00,0.00,0.00,0.04,0.05,0.00,0.05
Bryan Soumaré,fr FRA,MFFW,Dijon,20,1999,12,4,384,04.mars,0,0,0,0,0,0,0,0,0.5,0.5,0.5,0.9,10,15,23,0.00,0.00,0.00,0.00,0.00,0.12,0.11,0.22,0.12,0.22
Arnaud Souquet,fr FRA,DFFW,Montpellier,27,1992,24,22,2016,22.avr,2,0,2,2,0,0,6,0,0.6,0.5,1.0,01.mai,44,82,137,0.09,0.00,0.09,0.09,0.09,0.03,0.04,0.07,0.02,0.07
Bassem Srarfi,tn TUN,FWMF,Nice,22,1997,3,1,133,01.mai,0,0,0,0,0,0,1,0,0.1,0.1,0.1,0.2,3,3,11,0.00,0.00,0.00,0.00,0.00,0.07,0.04,0.11,0.07,0.11
Vlatko Stojanovski,mk MKD,FW,Nîmes,22,1997,6,1,123,01.avr,0,0,0,0,0,0,0,0,0.4,0.4,0.1,0.5,2,0,11,0.00,0.00,0.00,0.00,0.00,0.30,0.09,0.39,0.30,0.39
Kevin Strootman,nl NED,MF,Marseille,29,1990,25,15,1416,15.juil,2,3,5,1,1,1,7,0,01.août,1.0,1.0,02.janv,21,93,20,0.13,0.19,0.32,0.06,0.25,0.12,0.07,0.18,0.07,0.13
Mathías Suárez,uy URU,DF,Montpellier,23,1996,1,1,60,0.7,0,0,0,0,0,0,0,0,0.0,0.0,0.0,0.0,1,0,0,0.00,0.00,0.00,0.00,0.00,0.00,0.00,0.00,0.00,0.00
Stoppila Sunzu,zm ZAM,DF,Metz,30,1989,17,14,1352,15.0,0,0,0,0,0,0,2,1,0.6,0.6,0.0,0.6,2,9,0,0.00,0.00,0.00,0.00,0.00,0.04,0.00,0.04,0.04,0.04
Issiaga Sylla,gn GUI,DF,Toulouse,25,1994,28,28,252,28.0,0,2,2,0,0,0,2,0,01.févr,01.févr,2.0,03.févr,74,100,93,0.00,0.07,0.07,0.00,0.07,0.04,0.07,0.11,0.04,0.11
Moussa Sylla,ml MLI,FW,Monaco,19,1999,1,0,10,0.1,0,0,0,0,0,0,0,0,0.0,0.0,0.1,0.1,0,0,0,0.00,0.00,0.00,0.00,0.00,0.00,0.84,0.84,0.00,0.84
Eddy Sylvestre,fr FRA,MF,Nice,19,1999,1,0,37,0.4,0,0,0,0,0,0,0,0,0.0,0.0,0.0,0.0,0,4,8,0.00,0.00,0.00,0.00,0.00,0.00,0.00,0.00,0.00,0.00
Flavien Tait,fr FRA,MFFW,Rennes,26,1993,17,9,885,09.août,2,2,4,2,0,0,0,1,01.févr,01.févr,01.mars,02.juin,46,51,67,0.20,0.20,0.41,0.20,0.41,0.13,0.13,0.26,0.13,0.26
Madih Talal,fr FRA,FW,Amiens,21,1997,2,0,20,0.2,0,0,0,0,0,0,0,0,0.0,0.0,0.0,0.0,0,0,1,0.00,0.00,0.00,0.00,0.00,0.00,0.00,0.00,0.00,0.00
Adrien Tameze,cm CMR,MF,Nice,25,1994,8,6,519,05.août,1,0,1,1,0,0,1,0,0.8,0.8,0.4,01.févr,11,20,24,0.17,0.00,0.17,0.17,0.17,0.13,0.08,0.21,0.13,0.21
Adil Taoui,fr FRA,MF,Toulouse,17,2001,2,0,25,0.3,0,0,0,0,0,0,0,0,0.1,0.1,0.0,0.1,0,0,3,0.00,0.00,0.00,0.00,0.00,0.23,0.00,0.23,0.23,0.23
Ciprian Tătărușanu,ro ROU,GK,Lyon,33,1986,2,2,180,2.0,0,0,0,0,0,0,0,0,0.0,0.0,0.0,0.0,0,0,0,0.00,0.00,0.00,0.00,0.00,0.00,0.00,0.00,0.00,0.00
Júlio Tavares,cv CPV,FW,Dijon,30,1988,23,22,1997,22.févr,5,2,7,4,1,1,0,0,07.janv,06.avr,02.avr,08.juil,13,42,134,0.23,0.09,0.32,0.18,0.27,0.32,0.11,0.43,0.29,0.39
Aurélien Tchouaméni,fr FRA,MF,Bordeaux,19,2000,15,13,111,12.mars,0,1,1,0,0,0,3,0,0.7,0.7,0.3,1.0,9,88,6,0.00,0.08,0.08,0.00,0.08,0.06,0.02,0.08,0.06,0.08
Player,Nation,Pos,Squad,Age,Born,MP,Starts,Min,90s,Gls,Ast,G+A,G-PK,PK,PKatt,CrdY,CrdR,xG,npxG,xAG,npxG+xAG,PrgC,PrgP,PrgR,Gls,Ast,G+A,G-PK,G+A-PK,xG,xAG,xG+xAG,npxG,npxG+xAG
Aurélien Tchouaméni,fr FRA,MF,Monaco,19,2000,3,0,65,0.7,0,0,0,0,0,0,3,0,0.2,0.2,0.3,0.5,0,0,0,0.00,0.00,0.00,0.00,0.00,0.23,0.42,0.65,0.23,0.65
Martin Terrier,fr FRA,FWMF,Lyon,22,1997,23,13,1198,13.mars,1,2,3,1,0,0,0,0,01.juin,01.juin,01.juil,03.févr,33,39,61,0.08,0.15,0.23,0.08,0.23,0.12,0.12,0.24,0.12,0.24
Kenny Tete,nl NED,DF,Lyon,23,1995,18,9,1072,11.sept,0,1,1,0,0,0,1,0,0.7,0.7,01.mai,02.févr,38,67,88,0.00,0.08,0.08,0.00,0.08,0.06,0.13,0.19,0.06,0.19
Florian Thauvin,fr FRA,FW,Marseille,26,1993,2,0,22,0.2,0,0,0,0,0,0,0,0,0.3,0.3,0.0,0.3,1,1,4,0.00,0.00,0.00,0.00,0.00,janv.25,0.00,janv.25,janv.25,janv.25
Sada Thioub,sn SEN,MFFW,Angers,24,1995,23,15,1508,16.août,1,2,3,1,0,0,3,0,1.0,1.0,02.mars,03.mars,84,76,170,0.06,0.12,0.18,0.06,0.18,0.06,0.14,0.20,0.06,0.20
Romain Thomas,fr FRA,DF,Angers,31,1988,27,27,234,26.0,1,2,3,1,0,0,4,0,0.7,0.7,0.3,1.0,2,41,1,0.04,0.08,0.12,0.04,0.12,0.03,0.01,0.04,0.03,0.04
Adrien Thomasson,fr FRA,MFFW,Strasbourg,25,1993,25,24,2072,23.0,8,1,9,8,0,0,4,0,05.juin,05.juin,02.sept,08.mai,52,95,149,0.35,0.04,0.39,0.35,0.39,0.24,0.12,0.37,0.24,0.37
Khéphren Thuram,fr FRA,MF,Nice,18,2001,14,7,590,06.juin,0,0,0,0,0,0,1,0,0.1,0.1,0.1,0.2,3,24,4,0.00,0.00,0.00,0.00,0.00,0.01,0.02,0.03,0.01,0.03
Cheick Timite,ci CIV,MFFW,Amiens,21,1997,3,2,115,01.mars,0,0,0,0,0,0,0,0,0.1,0.1,0.1,0.2,4,3,5,0.00,0.00,0.00,0.00,0.00,0.11,0.08,0.18,0.11,0.18
Karl Toko Ekambi,cm CMR,FWMF,Lyon,26,1992,8,5,538,6.0,2,1,3,2,0,0,2,0,02.févr,02.févr,01.févr,03.avr,25,15,58,0.33,0.17,0.50,0.33,0.50,0.37,0.20,0.57,0.37,0.57
Abdoulaye Touré,gn GUI,MF,Nantes,25,1994,27,24,2221,24.juil,3,0,3,1,2,2,3,0,03.janv,01.mai,01.févr,02.juin,34,130,30,0.12,0.00,0.12,0.04,0.04,0.12,0.05,0.17,0.06,0.11
Lucas Tousart,fr FRA,MF,Lyon,22,1997,24,19,1763,19.juin,2,2,4,2,0,0,5,0,02.janv,02.janv,0.7,02.août,15,83,32,0.10,0.10,0.20,0.10,0.20,0.11,0.04,0.14,0.11,0.14
Adama Traoré,ml MLI,FWMF,Metz,24,1995,15,12,1007,11.févr,1,4,5,1,0,0,1,0,01.mars,01.mars,02.juin,4.0,24,60,37,0.09,0.36,0.45,0.09,0.45,0.12,0.24,0.35,0.12,0.35
Adama Traoré,ml MLI,MF,Monaco,24,1995,2,0,25,0.3,0,0,0,0,0,0,0,0,0.0,0.0,0.0,0.0,0,0,0,0.00,0.00,0.00,0.00,0.00,0.00,0.00,0.00,0.00,0.00
Bertrand Traoré,bf BFA,FWMF,Lyon,23,1995,23,14,1253,13.sept,1,3,4,1,0,0,6,0,03.juil,03.juil,03.févr,06.sept,36,52,132,0.07,0.22,0.29,0.07,0.29,0.26,0.23,0.49,0.26,0.49
Charles Traore,ml MLI,DF,Nantes,27,1992,20,20,1738,19.mars,0,1,1,0,0,0,3,0,0.1,0.1,0.3,0.5,22,81,23,0.00,0.05,0.05,0.00,0.05,0.01,0.02,0.02,0.01,0.02
Hamari Traoré,ml MLI,DF,Rennes,27,1992,27,27,2411,26.août,0,5,5,0,0,0,7,0,01.avr,01.avr,02.juil,04.janv,85,116,122,0.00,0.19,0.19,0.00,0.19,0.05,0.10,0.15,0.05,0.15
Ismaël Traoré,ci CIV,DF,Angers,32,1986,23,23,2052,22.août,0,0,0,0,0,0,4,0,0.8,0.8,0.3,1.0,7,54,2,0.00,0.00,0.00,0.00,0.00,0.03,0.01,0.05,0.03,0.05
Miguel Trauco,pe PER,DF,Saint-Étienne,26,1992,19,17,1476,16.avr,1,2,3,1,0,0,6,0,0.9,0.9,01.janv,2.0,19,68,48,0.06,0.12,0.18,0.06,0.18,0.06,0.07,0.12,0.06,0.12
Matthieu Udol,fr FRA,DF,Metz,23,1996,13,12,1102,12.févr,0,1,1,0,0,0,3,0,0.7,0.7,0.4,1.0,39,33,17,0.00,0.08,0.08,0.00,0.08,0.06,0.03,0.09,0.06,0.09
Hwang Ui-jo,kr KOR,FWMF,Bordeaux,26,1992,24,19,1633,18.janv,6,2,8,6,0,0,2,0,4.0,4.0,1.0,5.0,34,31,112,0.33,0.11,0.44,0.33,0.44,0.22,0.06,0.27,0.22,0.27
William Vainqueur,fr FRA,MF,Toulouse,30,1988,21,21,1715,19.janv,0,0,0,0,0,0,8,0,0.6,0.6,0.5,01.janv,15,74,31,0.00,0.00,0.00,0.00,0.00,0.03,0.03,0.06,0.03,0.06
Pierrick Valdivia,fr FRA,MF,Nîmes,31,1988,2,1,68,0.8,0,0,0,0,0,0,0,0,0.0,0.0,0.0,0.0,0,6,0,0.00,0.00,0.00,0.00,0.00,0.00,0.00,0.00,0.00,0.00
Antoine Valerio,fr FRA,MF,Nîmes,19,1999,5,1,87,1.0,0,0,0,0,0,0,0,0,0.0,0.0,0.0,0.0,1,8,2,0.00,0.00,0.00,0.00,0.00,0.00,0.00,0.00,0.00,0.00
Luca Valls,fr FRA,MF,Nîmes,20,1998,1,0,11,0.1,0,0,0,0,0,0,0,0,0.0,0.0,0.0,0.0,0,0,1,0.00,0.00,0.00,0.00,0.00,0.00,0.00,0.00,0.00,0.00
Player,Nation,Pos,Squad,Age,Born,MP,Starts,Min,90s,Gls,Ast,G+A,G-PK,PK,PKatt,CrdY,CrdR,xG,npxG,xAG,npxG+xAG,PrgC,PrgP,PrgR,Gls,Ast,G+A,G-PK,G+A-PK,xG,xAG,xG+xAG,npxG,npxG+xAG
Theo Valls,fr FRA,MF,Nîmes,23,1995,23,20,1632,18.janv,1,1,2,1,0,0,1,1,1.0,1.0,02.févr,03.févr,29,87,35,0.06,0.06,0.11,0.06,0.11,0.05,0.12,0.17,0.05,0.17
Thibaut Vargas,fr FRA,DFMF,Montpellier,19,2000,3,2,151,01.juil,0,0,0,0,0,0,0,0,0.0,0.0,0.1,0.1,4,2,9,0.00,0.00,0.00,0.00,0.00,0.00,0.07,0.07,0.00,0.07
Marco Verratti,it ITA,MF,Paris S-G,26,1992,20,15,1482,16.mai,0,5,5,0,0,0,6,0,0.3,0.3,03.janv,03.mars,33,186,43,0.00,0.30,0.30,0.00,0.30,0.02,0.19,0.20,0.02,0.20
Clément Vidal,fr FRA,DF,Montpellier,19,2000,1,1,90,1.0,0,0,0,0,0,0,1,0,0.1,0.1,0.0,0.1,0,6,0,0.00,0.00,0.00,0.00,0.00,0.12,0.00,0.12,0.12,0.12
Molla Wagué,ml MLI,DF,Nantes,28,1991,9,8,682,07.juin,0,0,0,0,0,0,1,1,0.2,0.2,0.1,0.3,1,9,1,0.00,0.00,0.00,0.00,0.00,0.03,0.01,0.03,0.03,0.03
Moussa Wagué,sn SEN,DFMF,Nice,20,1998,5,2,200,02.févr,0,2,2,0,0,0,0,0,0.1,0.1,01.janv,01.janv,13,7,25,0.00,0.90,0.90,0.00,0.90,0.02,0.48,0.50,0.02,0.50
Rémi Walter,fr FRA,MF,Nice,24,1995,1,1,53,0.6,0,0,0,0,0,0,0,0,0.0,0.0,0.1,0.1,0,5,2,0.00,0.00,0.00,0.00,0.00,0.00,0.09,0.09,0.00,0.09
Timothy Weah,us USA,MFFW,Lille,19,2000,3,1,85,0.9,0,0,0,0,0,0,1,0,0.0,0.0,0.3,0.4,1,5,5,0.00,0.00,0.00,0.00,0.00,0.04,0.35,0.39,0.04,0.39
Xeka,pt POR,MF,Lille,24,1994,17,8,709,07.sept,0,0,0,0,0,0,4,0,01.févr,01.févr,01.janv,02.mars,17,59,20,0.00,0.00,0.00,0.00,0.00,0.15,0.14,0.29,0.15,0.29
Yusuf Yazıcı,tr TUR,MFFW,Lille,22,1997,18,9,848,09.avr,1,4,5,0,1,1,2,1,02.févr,01.avr,02.avr,03.août,22,35,40,0.11,0.42,0.53,0.00,0.42,0.23,0.26,0.49,0.15,0.40
Elie Youan,fr FRA,FWMF,Nantes,20,1999,5,2,163,01.août,0,0,0,0,0,0,0,0,0.3,0.3,0.0,0.4,6,2,18,0.00,0.00,0.00,0.00,0.00,0.19,0.02,0.21,0.19,0.21
Zaydou Youssouf,km COM,MF,Saint-Étienne,20,1999,16,9,1077,12.0,0,0,0,0,0,0,4,0,0.7,0.7,0.7,01.avr,16,46,12,0.00,0.00,0.00,0.00,0.00,0.06,0.06,0.12,0.06,0.12
Arthur Zagre,fr FRA,MF,Paris S-G,17,2001,1,0,25,0.3,0,0,0,0,0,0,0,0,0.0,0.0,0.0,0.0,2,0,2,0.00,0.00,0.00,0.00,0.00,0.00,0.00,0.00,0.00,0.00
Mootaz Zemzemi,tn TUN,MF,Strasbourg,19,1999,1,0,23,0.3,0,0,0,0,0,0,0,0,0.0,0.0,0.0,0.1,2,1,1,0.00,0.00,0.00,0.00,0.00,0.11,0.14,0.25,0.11,0.25
Arber Zeneli,xk KVX,MF,Reims,24,1995,1,0,6,0.1,0,0,0,0,0,0,0,0,0.0,0.0,0.0,0.0,0,0,0,0.00,0.00,0.00,0.00,0.00,0.00,0.00,0.00,0.00,0.00
Kévin Zohi,ml MLI,FWMF,Strasbourg,22,1996,17,5,530,05.sept,1,1,2,1,0,0,1,0,01.mai,01.mai,0.7,02.janv,22,17,53,0.17,0.17,0.34,0.17,0.34,0.25,0.11,0.36,0.25,0.36
Bongani Zungu,za RSA,MF,Amiens,26,1992,21,10,992,11.0,0,0,0,0,0,0,4,0,0.3,0.3,0.3,0.6,6,47,4,0.00,0.00,0.00,0.00,0.00,0.03,0.03,0.05,0.03,0.05
