Player,Nation,Pos,Squad,Age,Born,MP,Starts,Min,90s,Gls,Ast,G+A,G-PK,PK,PKatt,CrdY,CrdR,xG,npxG,xAG,npxG+xAG,PrgC,PrgP,PrgR,Gls,Ast,G+A,G-PK,G+A-PK,xG,xAG,xG+xAG,npxG,npxG+xAG
Ismael Aaneba,fr FRA,DF,Strasbourg,21,1999,2,0,11,0.1,0,0,0,0,0,0,0,0,0.0,0.0,0.0,0.0,0,0,0,0.00,0.00,0.00,0.00,0.00,0.00,0.00,0.00,0.00,0.00
Yunis Abdelhamid,ma MAR,DF,Reims,32,1987,33,33,2889,32.1,3,0,3,3,0,0,4,1,01.sept,01.sept,0.3,02.févr,18,99,3,0.09,0.00,0.09,0.09,0.09,0.06,0.01,0.07,0.06,0.07
Mehdi Abeid,dz ALG,MF,Nantes,27,1992,18,15,132,14.juil,0,0,0,0,0,0,5,0,1.0,1.0,0.8,01.août,32,65,16,0.00,0.00,0.00,0.00,0.00,0.07,0.05,0.12,0.07,0.12
Laurent Abergel,fr FRA,MF,Lorient,27,1993,38,32,2963,32.9,3,1,4,3,0,0,5,0,01.mai,01.mai,01.juil,03.mars,32,138,35,0.09,0.03,0.12,0.09,0.12,0.05,0.05,0.10,0.05,0.10
Charles Abi,fr FRA,FWMF,Saint-Étienne,20,2000,24,9,912,10.janv,3,2,5,3,0,0,1,0,02.janv,02.janv,0.3,02.avr,13,21,48,0.30,0.20,0.49,0.30,0.49,0.21,0.03,0.24,0.21,0.24
Matthis Abline,fr FRA,FW,Rennes,17,2003,1,0,2,0.0,0,0,0,0,0,0,0,0,0.0,0.0,0.0,0.0,0,0,0,0.00,0.00,0.00,0.00,0.00,0.00,0.00,0.00,0.00,0.00
Pape Abou Cissé,sn SEN,DF,Saint-Étienne,24,1995,14,14,126,14.0,0,0,0,0,0,0,1,0,01.avr,01.avr,0.1,01.mai,2,31,1,0.00,0.00,0.00,0.00,0.00,0.10,0.01,0.11,0.10,0.11
Yacine Adli,fr FRA,MF,Bordeaux,20,2000,35,25,2418,26.sept,2,5,7,2,0,0,6,0,01.sept,01.sept,04.avr,06.mars,54,188,48,0.07,0.19,0.26,0.07,0.26,0.07,0.16,0.23,0.07,0.23
Nayef Aguerd,ma MAR,DF,Rennes,24,1996,35,35,3147,35.0,3,1,4,3,0,0,6,0,03.févr,03.févr,0.7,4.0,14,136,2,0.09,0.03,0.11,0.09,0.11,0.09,0.02,0.11,0.09,0.11
Ruben Aguilar,fr FRA,DFMF,Monaco,27,1993,33,27,2225,24.juil,1,3,4,1,0,0,6,0,0.9,0.9,04.juil,05.juin,74,101,231,0.04,0.12,0.16,0.04,0.16,0.03,0.19,0.23,0.03,0.23
Matteo Ahlinvi,bj BEN,MF,Nîmes,21,1999,20,10,899,10.0,2,0,2,2,0,0,0,0,01.avr,01.avr,0.2,01.mai,31,25,17,0.20,0.00,0.20,0.20,0.20,0.14,0.02,0.16,0.14,0.16
Jean-Eudes Aholou,ci CIV,MF,Strasbourg,26,1994,27,26,2146,23.août,2,2,4,2,0,0,9,0,02.mars,02.janv,01.mars,03.avr,26,92,25,0.08,0.08,0.17,0.08,0.17,0.10,0.05,0.15,0.09,0.14
Jean-Eudes Aholou,ci CIV,MF,Monaco,26,1994,2,0,36,0.4,0,0,0,0,0,0,0,0,0.1,0.1,0.0,0.1,1,1,0,0.00,0.00,0.00,0.00,0.00,0.23,0.00,0.23,0.23,0.23
Rayan Aït-Nouri,dz ALG,DF,Angers,19,2001,3,2,187,02.janv,0,1,1,0,0,0,0,0,0.1,0.1,0.3,0.3,7,11,18,0.00,0.48,0.48,0.00,0.48,0.03,0.13,0.16,0.03,0.16
Ludovic Ajorque,fr FRA,FW,Strasbourg,26,1994,35,34,2967,33.0,16,4,20,12,4,5,5,0,15.juil,11.août,03.sept,15.juil,33,61,224,0.49,0.12,0.61,0.36,0.49,0.48,0.12,0.60,0.36,0.48
Marley Aké,fr FRA,FW,Marseille,19,2001,9,0,146,01.juin,0,0,0,0,0,0,0,0,1.0,1.0,0.0,1.0,4,5,12,0.00,0.00,0.00,0.00,0.00,0.64,0.00,0.64,0.64,0.64
Sofiane Alakouch,ma MAR,DF,Nîmes,22,1998,22,17,1505,16.juil,0,2,2,0,0,0,4,0,0.2,0.2,01.mars,01.mai,35,65,47,0.00,0.12,0.12,0.00,0.12,0.01,0.08,0.09,0.01,0.09
Mohamed Ali Cho,fr FRA,FWMF,Angers,16,2004,21,1,348,03.sept,0,0,0,0,0,0,1,0,01.sept,01.sept,0.1,2.0,15,4,26,0.00,0.00,0.00,0.00,0.00,0.49,0.02,0.51,0.49,0.51
Rachid Alioui,ma MAR,FW,Angers,28,1992,1,0,15,0.2,0,0,0,0,0,0,0,0,0.0,0.0,0.0,0.0,0,0,1,0.00,0.00,0.00,0.00,0.00,0.00,0.00,0.00,0.00,0.00
Saturnin Allagbé,bj BEN,GK,Dijon,26,1993,12,12,108,12.0,0,0,0,0,0,0,2,0,0.0,0.0,0.0,0.0,0,0,0,0.00,0.00,0.00,0.00,0.00,0.00,0.00,0.00,0.00,0.00
Ibrahim Amadou,fr FRA,MF,Angers,27,1993,24,20,1504,16.juil,0,0,0,0,0,0,6,0,01.mai,01.mai,0.2,01.juil,14,63,14,0.00,0.00,0.00,0.00,0.00,0.09,0.01,0.10,0.09,0.10
Romain Amalfitano,fr FRA,FWDF,Dijon,30,1989,2,1,116,01.mars,0,0,0,0,0,0,0,0,0.0,0.0,0.0,0.1,3,8,8,0.00,0.00,0.00,0.00,0.00,0.04,0.02,0.06,0.04,0.06
Jordan Amavi,fr FRA,DF,Marseille,26,1994,13,10,813,9.0,1,0,1,1,0,0,3,1,0.2,0.2,0.3,0.5,17,25,33,0.11,0.00,0.11,0.11,0.11,0.03,0.03,0.06,0.03,0.06
Thierry Ambrose,gp GLP,FW,Metz,23,1997,23,5,753,08.avr,0,1,1,0,0,0,4,0,1.0,1.0,01.avr,02.avr,26,30,77,0.00,0.12,0.12,0.00,0.12,0.12,0.16,0.29,0.12,0.29
Joachim Andersen,dk DEN,DF,Lyon,24,1996,3,2,192,02.janv,0,0,0,0,0,0,1,0,0.3,0.3,0.0,0.3,4,12,0,0.00,0.00,0.00,0.00,0.00,0.16,0.00,0.16,0.16,0.16
Player,Nation,Pos,Squad,Age,Born,MP,Starts,Min,90s,Gls,Ast,G+A,G-PK,PK,PKatt,CrdY,CrdR,xG,npxG,xAG,npxG+xAG,PrgC,PrgP,PrgR,Gls,Ast,G+A,G-PK,G+A-PK,xG,xAG,xG+xAG,npxG,npxG+xAG
Benjamin André,fr FRA,MF,Lille,29,1990,35,35,2885,32.1,0,1,1,0,0,0,10,0,01.juin,01.juin,01.janv,02.juil,28,200,64,0.00,0.03,0.03,0.00,0.03,0.05,0.03,0.08,0.05,0.08
Victorien Angban,ci CIV,MF,Metz,23,1996,26,21,1672,18.juin,0,1,1,0,0,0,5,0,0.5,0.5,0.5,1.0,20,90,30,0.00,0.05,0.05,0.00,0.05,0.03,0.03,0.05,0.03,0.05
Houssem Aouar,dz ALG,MFFW,Lyon,22,1998,30,23,1781,19.août,7,3,10,5,2,2,3,1,09.sept,08.mars,4.0,12.mars,74,130,172,0.35,0.15,0.51,0.25,0.40,0.50,0.20,0.70,0.42,0.62
Adil Aouchiche,fr FRA,MFFW,Saint-Étienne,18,2002,34,21,1731,19.févr,2,5,7,2,0,0,2,0,03.avr,03.avr,05.août,09.févr,56,87,92,0.10,0.26,0.36,0.10,0.36,0.17,0.30,0.48,0.17,0.48
Dennis Appiah,fr FRA,DF,Nantes,28,1992,22,16,1556,17.mars,0,2,2,0,0,0,3,0,0.3,0.3,01.févr,01.juin,34,77,80,0.00,0.12,0.12,0.00,0.12,0.02,0.07,0.09,0.02,0.09
Luiz Araújo,br BRA,MF,Lille,24,1996,28,17,1496,16.juin,4,2,6,4,0,0,5,0,03.juil,03.juil,2.0,05.juin,50,65,135,0.24,0.12,0.36,0.24,0.36,0.22,0.12,0.34,0.22,0.34
Karim Aribi,dz ALG,FW,Nîmes,26,1994,13,2,294,03.mars,0,0,0,0,0,0,0,0,0.8,0.8,0.1,0.9,4,2,19,0.00,0.00,0.00,0.00,0.00,0.24,0.04,0.27,0.24,0.27
Roger Assalé,ci CIV,FWMF,Dijon,26,1993,17,11,828,09.févr,1,1,2,1,0,0,0,1,01.févr,01.févr,0.2,01.avr,22,14,58,0.11,0.11,0.22,0.11,0.22,0.13,0.02,0.15,0.13,0.15
Youcef Atal,dz ALG,DFFW,Nice,24,1996,18,13,956,10.juin,1,0,1,1,0,0,1,0,0.4,0.4,0.8,01.mars,43,44,95,0.09,0.00,0.09,0.09,0.09,0.04,0.08,0.12,0.04,0.12
Jean-Kévin Augustin,fr FRA,FW,Nantes,23,1997,3,0,36,0.4,0,0,0,0,0,0,0,0,0.0,0.0,0.0,0.0,0,0,1,0.00,0.00,0.00,0.00,0.00,0.00,0.00,0.00,0.00,0.00
Ludovic Baal,gf GUF,DFMF,Brest,34,1986,7,3,296,03.mars,0,0,0,0,0,0,0,0,0.0,0.0,0.4,0.4,8,24,7,0.00,0.00,0.00,0.00,0.00,0.00,0.13,0.13,0.00,0.13
Loïc Bade,fr FRA,DF,Lens,20,2000,31,29,261,29.0,0,0,0,0,0,0,11,1,1.0,1.0,0.3,01.mars,42,113,2,0.00,0.00,0.00,0.00,0.00,0.03,0.01,0.05,0.03,0.05
Benoît Badiashile,fr FRA,DF,Monaco,19,2001,35,32,287,31.9,2,1,3,2,0,0,5,0,02.mars,02.mars,01.févr,03.mai,17,170,6,0.06,0.03,0.09,0.06,0.09,0.07,0.04,0.11,0.07,0.11
Stéphane Bahoken,cm CMR,FW,Angers,28,1992,30,18,1616,18.0,6,2,8,6,0,1,4,0,08.mars,07.mai,1.0,08.mai,34,22,110,0.33,0.11,0.45,0.33,0.45,0.46,0.06,0.52,0.42,0.48
Stefan Bajic,fr FRA,GK,Saint-Étienne,18,2001,1,1,90,1.0,0,0,0,0,0,0,0,0,0.0,0.0,0.0,0.0,0,0,0,0.00,0.00,0.00,0.00,0.00,0.00,0.00,0.00,0.00,0.00
Mitchel Bakker,nl NED,DF,Paris S-G,20,2000,26,18,1694,18.août,0,2,2,0,0,0,1,0,0.3,0.3,01.sept,02.janv,31,77,180,0.00,0.11,0.11,0.00,0.11,0.01,0.10,0.11,0.01,0.11
Dilane Bakwa,fr FRA,FWMF,Bordeaux,17,2002,7,0,56,0.6,0,0,0,0,0,0,0,0,0.1,0.1,0.0,0.2,1,6,2,0.00,0.00,0.00,0.00,0.00,0.22,0.05,0.27,0.22,0.27
Leonardo Balerdi,ar ARG,DF,Marseille,21,1999,21,19,1634,18.févr,2,0,2,2,0,0,6,1,2.0,2.0,0.0,2.0,11,48,1,0.11,0.00,0.11,0.11,0.11,0.11,0.00,0.11,0.11,0.11
Fodé Ballo-Touré,sn SEN,DF,Monaco,23,1997,24,6,662,07.avr,0,3,3,0,0,0,2,0,0.1,0.1,0.7,0.8,30,24,52,0.00,0.41,0.41,0.00,0.41,0.02,0.10,0.11,0.02,0.11
Abdoulaye Bamba,ci CIV,DF,Angers,30,1990,16,16,1347,15.0,0,0,0,0,0,0,2,0,0.1,0.1,01.avr,01.avr,19,53,60,0.00,0.00,0.00,0.00,0.00,0.00,0.09,0.10,0.00,0.10
Jonathan Bamba,ci CIV,MF,Lille,24,1996,38,34,2985,33.2,6,9,15,6,0,0,2,0,04.févr,04.févr,05.janv,09.mars,103,128,262,0.18,0.27,0.45,0.18,0.45,0.13,0.15,0.28,0.13,0.28
Robson Bambu,br BRA,DF,Nice,22,1997,15,12,1046,11.juin,0,0,0,0,0,0,3,1,0.1,0.1,0.0,0.1,10,21,5,0.00,0.00,0.00,0.00,0.00,0.01,0.00,0.01,0.01,0.01
Simon Banza,cd COD,FW,Lens,23,1996,34,12,1372,15.févr,5,2,7,4,1,1,6,1,6.0,05.févr,02.janv,07.mars,17,34,115,0.33,0.13,0.46,0.26,0.39,0.39,0.14,0.53,0.34,0.48
Danilo Barbosa,br BRA,DF,Nice,24,1996,4,3,250,02.août,0,0,0,0,0,0,2,0,0.2,0.2,0.0,0.2,3,11,0,0.00,0.00,0.00,0.00,0.00,0.07,0.00,0.07,0.07,0.07
Melvin Bard,fr FRA,DF,Lyon,19,2000,14,4,432,04.août,0,0,0,0,0,0,0,1,0.1,0.1,0.4,0.5,17,30,48,0.00,0.00,0.00,0.00,0.00,0.02,0.08,0.10,0.02,0.10
Player,Nation,Pos,Squad,Age,Born,MP,Starts,Min,90s,Gls,Ast,G+A,G-PK,PK,PKatt,CrdY,CrdR,xG,npxG,xAG,npxG+xAG,PrgC,PrgP,PrgR,Gls,Ast,G+A,G-PK,G+A-PK,xG,xAG,xG+xAG,npxG,npxG+xAG
Toma Bašić,hr CRO,MF,Bordeaux,23,1996,34,32,2601,28.sept,4,1,5,4,0,0,7,0,04.juin,04.juin,02.mai,7.0,31,111,76,0.14,0.03,0.17,0.14,0.17,0.16,0.09,0.24,0.16,0.24
Cristian Battocchio,it ITA,MF,Brest,28,1992,15,2,355,03.sept,0,0,0,0,0,0,0,0,0.4,0.4,0.3,0.8,5,20,6,0.00,0.00,0.00,0.00,0.00,0.11,0.08,0.19,0.11,0.19
Paul Baysse,fr FRA,DF,Bordeaux,32,1988,31,29,2614,29.0,2,2,4,2,0,0,5,1,01.mai,01.mai,0.6,2.0,17,88,6,0.07,0.07,0.14,0.07,0.14,0.05,0.02,0.07,0.05,0.07
Erwan Belhadji,fr FRA,MF,Dijon,19,2001,1,0,30,0.3,0,0,0,0,0,0,0,0,0.0,0.0,0.0,0.1,2,1,1,0.00,0.00,0.00,0.00,0.00,0.09,0.09,0.18,0.09,0.18
Haris Belkebla,dz ALG,MF,Brest,26,1994,35,33,2727,30.mars,0,0,0,0,0,0,7,1,0.2,0.2,0.9,01.janv,21,127,32,0.00,0.00,0.00,0.00,0.00,0.01,0.03,0.03,0.01,0.03
Jean-Ricner Bellegarde,ht HAI,MFFW,Strasbourg,22,1998,36,25,2086,23.févr,1,1,2,1,0,0,3,0,02.janv,02.janv,02.mai,04.juin,64,68,97,0.04,0.04,0.09,0.04,0.09,0.09,0.11,0.20,0.09,0.20
Sami Ben Amar,ma MAR,MF,Nîmes,22,1998,1,0,7,0.1,0,0,0,0,0,0,0,0,0.0,0.0,0.0,0.0,0,2,1,0.00,0.00,0.00,0.00,0.00,0.00,0.00,0.00,0.00,0.00
Hatem Ben Arfa,fr FRA,MFFW,Bordeaux,33,1987,24,19,1703,18.sept,2,4,6,2,0,0,2,0,02.mars,02.mars,03.août,06.janv,81,87,131,0.11,0.21,0.32,0.11,0.32,0.12,0.20,0.32,0.12,0.32
Salim Ben Seghir,fr FRA,DF,Nice,17,2003,1,0,7,0.1,0,0,0,0,0,0,0,0,0.0,0.0,0.0,0.0,0,2,1,0.00,0.00,0.00,0.00,0.00,0.00,0.00,0.00,0.00,0.00
Wissam Ben Yedder,fr FRA,FW,Monaco,29,1990,37,32,2607,29.0,20,7,27,10,10,12,3,0,19.juin,10.févr,06.juil,16.sept,61,109,226,0.69,0.24,0.93,0.35,0.59,0.68,0.23,0.91,0.35,0.58
Samy Benchamma,fr FRA,DFMF,Montpellier,20,2000,5,0,42,0.5,0,0,0,0,0,0,1,0,0.0,0.0,0.0,0.0,0,1,0,0.00,0.00,0.00,0.00,0.00,0.00,0.00,0.00,0.00,0.00
Darío Benedetto,ar ARG,FW,Marseille,30,1990,32,19,1579,17.mai,5,3,8,4,1,1,3,2,07.juin,06.août,01.août,08.juin,15,22,96,0.28,0.17,0.46,0.23,0.40,0.43,0.10,0.53,0.39,0.49
Walter Benítez,ar ARG,GK,Nice,27,1993,38,38,342,38.0,0,0,0,0,0,0,3,0,0.0,0.0,0.0,0.0,0,1,0,0.00,0.00,0.00,0.00,0.00,0.00,0.00,0.00,0.00,0.00
Loris Benito,ch SUI,DF,Bordeaux,28,1992,31,30,2651,29.mai,0,0,0,0,0,0,7,1,0.5,0.5,01.mars,01.août,57,120,73,0.00,0.00,0.00,0.00,0.00,0.02,0.05,0.06,0.02,0.06
Bilal Benkhedim,fr FRA,FW,Saint-Étienne,19,2001,3,1,73,0.8,0,0,0,0,0,0,0,0,0.0,0.0,0.1,0.1,0,1,9,0.00,0.00,0.00,0.00,0.00,0.00,0.10,0.10,0.00,0.10
Djamel Benlamri,dz ALG,DF,Lyon,30,1989,6,0,149,01.juil,0,0,0,0,0,0,0,0,0.0,0.0,0.0,0.0,3,7,1,0.00,0.00,0.00,0.00,0.00,0.00,0.02,0.02,0.00,0.02
Yassine Benrahou,fr FRA,MF,Nîmes,21,1999,23,15,1239,13.août,0,0,0,0,0,0,2,0,0.8,0.8,02.juil,03.avr,26,61,53,0.00,0.00,0.00,0.00,0.00,0.06,0.19,0.25,0.06,0.25
Yassine Benzia,dz ALG,MFFW,Dijon,25,1994,7,5,407,04.mai,2,1,3,0,2,2,1,0,01.août,0.2,0.5,0.7,5,19,11,0.44,0.22,0.66,0.00,0.22,0.39,0.11,0.50,0.04,0.15
Valon Berisha,xk KVX,MF,Reims,27,1993,24,17,1645,18.mars,0,3,3,0,0,0,2,0,1.0,1.0,01.août,02.août,48,130,51,0.00,0.16,0.16,0.00,0.16,0.06,0.10,0.15,0.06,0.15
Paul Bernardoni,fr FRA,GK,Angers,23,1997,38,38,342,38.0,0,0,0,0,0,0,1,0,0.0,0.0,0.0,0.0,0,0,0,0.00,0.00,0.00,0.00,0.00,0.00,0.00,0.00,0.00,0.00
Juan Bernat,es ESP,DF,Paris S-G,27,1993,3,2,194,02.févr,0,0,0,0,0,0,2,0,0.0,0.0,0.2,0.2,4,11,16,0.00,0.00,0.00,0.00,0.00,0.00,0.09,0.09,0.00,0.09
Dimitry Bertaud,cd COD,GK,Montpellier,22,1998,9,7,745,08.mars,0,0,0,0,0,0,0,0,0.0,0.0,0.0,0.0,0,0,0,0.00,0.00,0.00,0.00,0.00,0.00,0.00,0.00,0.00,0.00
Loïc Bessile,tg TOG,DF,Bordeaux,21,1999,1,1,90,1.0,0,0,0,0,0,0,0,0,0.0,0.0,0.0,0.0,0,2,0,0.00,0.00,0.00,0.00,0.00,0.00,0.00,0.00,0.00,0.00
Giulian Biancone,fr FRA,DFMF,Monaco,20,2000,2,1,92,1.0,0,0,0,0,0,0,1,0,0.0,0.0,0.1,0.2,4,6,15,0.00,0.00,0.00,0.00,0.00,0.04,0.12,0.17,0.04,0.17
El Bilal Touré,ml MLI,FW,Reims,18,2001,33,11,1245,13.août,4,1,5,4,0,0,4,0,03.janv,03.janv,0.7,03.août,13,20,65,0.29,0.07,0.36,0.29,0.36,0.22,0.05,0.27,0.22,0.27
Player,Nation,Pos,Squad,Age,Born,MP,Starts,Min,90s,Gls,Ast,G+A,G-PK,PK,PKatt,CrdY,CrdR,xG,npxG,xAG,npxG+xAG,PrgC,PrgP,PrgR,Gls,Ast,G+A,G-PK,G+A-PK,xG,xAG,xG+xAG,npxG,npxG+xAG
Ludovic Blas,fr FRA,MFFW,Nantes,22,1997,36,32,2787,31.0,10,4,14,10,0,0,5,0,08.janv,08.janv,03.juin,11.juil,73,131,151,0.32,0.13,0.45,0.32,0.45,0.26,0.12,0.38,0.26,0.38
Antonin Bobichon,fr FRA,MFFW,Angers,24,1995,23,10,911,10.janv,0,1,1,0,0,0,0,0,1.0,1.0,01.avr,02.avr,20,61,58,0.00,0.10,0.10,0.00,0.10,0.10,0.14,0.24,0.10,0.24
Sacha Boey,fr FRA,DF,Dijon,19,2000,24,21,1863,20.juil,0,1,1,0,0,0,1,0,0.3,0.3,01.mai,01.sept,32,65,91,0.00,0.05,0.05,0.00,0.05,0.02,0.07,0.09,0.02,0.09
Sacha Boey,fr FRA,DF,Rennes,19,2000,2,2,124,01.avr,0,0,0,0,0,0,0,1,0.1,0.1,0.1,0.1,1,5,7,0.00,0.00,0.00,0.00,0.00,0.06,0.05,0.10,0.06,0.10
Quentin Boisgard,fr FRA,MFFW,Lorient,23,1997,24,17,1314,14.juin,2,2,4,2,0,0,5,0,02.janv,02.janv,01.juil,03.juil,28,43,107,0.14,0.14,0.27,0.14,0.27,0.14,0.11,0.26,0.14,0.26
Sven Botman,nl NED,DF,Lille,20,2000,37,37,3309,36.8,0,0,0,0,0,0,2,0,01.févr,01.févr,0.3,01.mai,24,183,7,0.00,0.00,0.00,0.00,0.00,0.03,0.01,0.04,0.03,0.04
Denis Bouanga,ga GAB,MFFW,Saint-Étienne,25,1994,36,30,272,30.2,7,4,11,4,3,4,7,0,12.août,09.juin,03.janv,12.juil,85,51,222,0.23,0.13,0.36,0.13,0.26,0.42,0.10,0.53,0.32,0.42
Hicham Boudaoui,dz ALG,MF,Nice,20,1999,25,22,1736,19.mars,3,2,5,3,0,0,9,0,02.févr,02.févr,01.sept,04.janv,33,64,70,0.16,0.10,0.26,0.16,0.26,0.11,0.10,0.21,0.11,0.21
Ryad Boudebouz,dz ALG,MFFW,Saint-Étienne,30,1990,14,7,651,07.févr,0,1,1,0,0,2,2,0,02.janv,0.5,02.août,03.mars,20,49,36,0.00,0.14,0.14,0.00,0.14,0.29,0.39,0.68,0.07,0.46
Sofiane Boufal,ma MAR,FWMF,Angers,26,1993,14,9,732,08.janv,1,0,1,1,0,0,3,0,01.juil,01.juil,0.1,01.sept,26,34,35,0.12,0.00,0.12,0.12,0.12,0.21,0.02,0.23,0.21,0.23
Farid Boulaya,dz ALG,MFFW,Metz,27,1993,33,32,2815,31.mars,6,8,14,5,1,2,5,0,05.févr,03.juil,08.mai,12.févr,120,217,116,0.19,0.26,0.45,0.16,0.42,0.17,0.27,0.44,0.12,0.39
Ismaël Boura,km COM,DF,Lens,19,2000,20,8,824,09.févr,0,0,0,0,0,0,1,0,0.1,0.1,0.7,0.9,30,34,56,0.00,0.00,0.00,0.00,0.00,0.01,0.08,0.09,0.01,0.09
Benjamin Bourigeaud,fr FRA,MFFW,Rennes,26,1994,37,29,2552,28.avr,6,5,11,6,0,0,8,0,04.mars,04.mars,05.juin,09.sept,21,192,164,0.21,0.18,0.39,0.21,0.39,0.15,0.20,0.35,0.15,0.35
John Boye,gh GHA,DF,Metz,33,1987,35,35,3041,33.8,1,2,3,1,0,0,6,2,02.mars,02.mars,0.2,02.juin,4,38,0,0.03,0.06,0.09,0.03,0.09,0.07,0.01,0.08,0.07,0.08
Umut Bozok,tr TUR,MFFW,Lorient,23,1996,5,0,61,0.7,0,0,0,0,0,0,0,0,0.0,0.0,0.0,0.0,2,3,6,0.00,0.00,0.00,0.00,0.00,0.00,0.00,0.00,0.00,0.00
Domagoj Bradarić,hr CRO,DF,Lille,20,1999,26,14,1263,14.0,1,2,3,1,0,0,4,0,0.2,0.2,0.9,01.janv,42,44,93,0.07,0.14,0.21,0.07,0.21,0.01,0.07,0.08,0.01,0.08
Lilian Brassier,fr FRA,DF,Brest,20,1999,11,11,962,10.juil,1,1,2,1,0,0,3,0,0.6,0.6,1.0,01.juin,2,51,15,0.09,0.09,0.19,0.09,0.19,0.06,0.09,0.15,0.06,0.15
Anthony Briançon,fr FRA,DF,Nîmes,25,1994,16,14,1225,13.juin,0,0,0,0,0,0,4,0,0.4,0.4,0.2,0.6,9,57,0,0.00,0.00,0.00,0.00,0.00,0.03,0.01,0.04,0.03,0.04
Jimmy Briand,fr FRA,FW,Bordeaux,34,1985,24,1,571,06.mars,1,2,3,0,1,1,2,0,01.août,1.0,0.2,01.févr,3,7,22,0.16,0.32,0.47,0.00,0.32,0.28,0.03,0.31,0.15,0.18
Dylan Bronn,tn TUN,DF,Metz,25,1995,38,38,3412,37.9,2,0,2,1,1,2,4,0,02.mars,0.7,0.3,1.0,37,119,7,0.05,0.00,0.05,0.03,0.03,0.06,0.01,0.07,0.02,0.03
Lucas Buadés,fr FRA,MF,Nîmes,22,1997,2,0,21,0.2,0,0,0,0,0,0,0,0,0.0,0.0,0.0,0.0,0,0,0,0.00,0.00,0.00,0.00,0.00,0.00,0.00,0.00,0.00,0.00
Patrick Burner,mq MTQ,DF,Nice,24,1996,1,0,1,0.0,0,0,0,0,0,0,0,0,0.0,0.0,0.0,0.0,0,0,0,0.00,0.00,0.00,0.00,0.00,0.00,0.00,0.00,0.00,0.00
Patrick Burner,mq MTQ,DF,Nîmes,24,1996,22,14,1317,14.juin,0,0,0,0,0,0,0,0,0.3,0.3,0.4,0.7,17,56,34,0.00,0.00,0.00,0.00,0.00,0.02,0.03,0.05,0.02,0.05
Marcin Bułka,pl POL,GK,Paris S-G,20,1999,1,1,90,1.0,0,0,0,0,0,0,0,0,0.0,0.0,0.0,0.0,0,0,0,0.00,0.00,0.00,0.00,0.00,0.00,0.00,0.00,0.00,0.00
Jimmy Cabot,fr FRA,FWMF,Angers,26,1994,22,8,942,10.mai,1,1,2,1,0,0,1,0,0.8,0.8,01.janv,01.sept,33,42,84,0.10,0.10,0.19,0.10,0.19,0.08,0.11,0.18,0.08,0.18
Player,Nation,Pos,Squad,Age,Born,MP,Starts,Min,90s,Gls,Ast,G+A,G-PK,PK,PKatt,CrdY,CrdR,xG,npxG,xAG,npxG+xAG,PrgC,PrgP,PrgR,Gls,Ast,G+A,G-PK,G+A-PK,xG,xAG,xG+xAG,npxG,npxG+xAG
Anthony Caci,fr FRA,DF,Strasbourg,23,1997,33,32,2797,31.janv,0,2,2,0,0,0,0,0,0.3,0.3,02.mai,02.août,52,159,86,0.00,0.06,0.06,0.00,0.06,0.01,0.08,0.09,0.01,0.09
Mathieu Cafaro,fr FRA,MFFW,Reims,23,1997,31,27,2074,23.0,4,2,6,4,0,0,3,0,02.juil,02.juil,02.juin,05.mars,61,69,111,0.17,0.09,0.26,0.17,0.26,0.12,0.11,0.23,0.12,0.23
Yannick Cahuzac,fr FRA,MF,Lens,35,1985,30,26,2252,25.0,1,0,1,1,0,0,9,0,01.avr,01.avr,0.6,2.0,28,100,50,0.04,0.00,0.04,0.04,0.04,0.06,0.02,0.08,0.06,0.08
Marc-Aurèle Caillard,fr FRA,GK,Metz,26,1994,5,4,361,4.0,0,0,0,0,0,0,1,0,0.0,0.0,0.0,0.0,0,0,0,0.00,0.00,0.00,0.00,0.00,0.00,0.00,0.00,0.00,0.00
Duje Ćaleta-Car,hr CRO,DF,Marseille,23,1996,33,32,2813,31.mars,2,1,3,2,0,0,8,1,01.févr,01.févr,1.0,02.févr,13,82,3,0.06,0.03,0.10,0.06,0.10,0.04,0.03,0.07,0.04,0.07
Mahdi Camara,fr FRA,MFDF,Saint-Étienne,22,1998,37,37,329,36.6,3,2,5,3,0,0,4,0,03.févr,03.févr,01.mars,04.mai,55,141,57,0.08,0.05,0.14,0.08,0.14,0.09,0.04,0.12,0.09,0.12
Eduardo Camavinga,fr FRA,MF,Rennes,17,2002,35,28,2402,26.juil,1,2,3,1,0,0,6,0,01.août,01.août,01.août,03.juin,85,185,73,0.04,0.07,0.11,0.04,0.11,0.07,0.07,0.14,0.07,0.14
Pierrick Capelle,fr FRA,MFDF,Angers,33,1987,35,24,2053,22.août,3,3,6,3,0,0,2,0,3.0,3.0,02.janv,05.févr,38,97,90,0.13,0.13,0.26,0.13,0.26,0.13,0.09,0.23,0.13,0.23
Maxence Caqueret,fr FRA,MF,Lyon,20,2000,29,19,1761,19.juin,0,1,1,0,0,0,4,1,0.7,0.7,01.juin,02.mars,24,174,44,0.00,0.05,0.05,0.00,0.05,0.04,0.08,0.12,0.04,0.12
Irvin Cardona,mt MLT,FW,Brest,22,1997,36,22,2029,22.mai,8,1,9,8,0,0,2,0,07.juil,07.juil,01.janv,08.août,46,34,164,0.35,0.04,0.40,0.35,0.40,0.34,0.05,0.39,0.34,0.39
Lionel Carole,fr FRA,DF,Strasbourg,29,1991,27,14,1342,14.sept,0,1,1,0,0,0,2,0,0.1,0.1,01.janv,01.févr,29,69,38,0.00,0.07,0.07,0.00,0.07,0.01,0.07,0.08,0.01,0.08
Moreto Cassamã,gw GNB,MF,Reims,22,1998,29,26,2031,22.juin,1,1,2,1,0,0,8,3,0.3,0.3,0.7,01.janv,17,112,12,0.04,0.04,0.09,0.04,0.09,0.02,0.03,0.05,0.02,0.05
Jean-Charles Castelletto,cm CMR,DF,Nantes,25,1995,24,22,1947,21.juin,1,0,1,1,0,0,4,0,2.0,2.0,0.3,02.févr,8,50,3,0.05,0.00,0.05,0.05,0.05,0.09,0.01,0.10,0.09,0.10
Zeki Çelik,tr TUR,DF,Lille,23,1997,29,28,2381,26.mai,3,2,5,3,0,0,8,0,0.6,0.6,2.0,02.juin,69,102,119,0.11,0.08,0.19,0.11,0.19,0.02,0.07,0.10,0.02,0.10
Bersant Celina,xk KVX,MFFW,Dijon,23,1996,32,25,2298,25.mai,0,5,5,0,0,0,5,1,01.juil,01.juil,04.juin,06.mars,68,113,120,0.00,0.20,0.20,0.00,0.20,0.06,0.18,0.25,0.06,0.25
Fabien Centonze,fr FRA,DF,Metz,24,1996,36,36,3221,35.8,1,0,1,1,0,0,9,0,01.févr,01.févr,02.avr,03.juin,117,107,191,0.03,0.00,0.03,0.03,0.03,0.03,0.07,0.10,0.03,0.10
Nassim Chadli,fr FRA,FWMF,Nîmes,19,2001,3,0,31,0.3,0,0,0,0,0,0,0,0,0.0,0.0,0.0,0.0,1,1,1,0.00,0.00,0.00,0.00,0.00,0.00,0.00,0.00,0.00,0.00
Fouad Chafik,ma MAR,DF,Dijon,33,1986,23,18,1622,18.0,1,0,1,1,0,0,5,0,0.2,0.2,0.8,1.0,41,65,51,0.06,0.00,0.06,0.06,0.06,0.01,0.04,0.05,0.01,0.05
Mehdi Chahiri,ma MAR,FWMF,Strasbourg,24,1996,23,8,801,08.sept,2,0,2,2,0,0,0,0,01.juin,01.juin,1.0,02.juin,24,37,77,0.22,0.00,0.22,0.22,0.22,0.18,0.11,0.29,0.18,0.29
Aníbal Chalá,ec ECU,DF,Dijon,24,1996,13,9,744,08.mars,0,0,0,0,0,0,0,0,0.0,0.0,0.1,0.1,17,28,31,0.00,0.00,0.00,0.00,0.00,0.00,0.02,0.02,0.00,0.02
Trevoh Chalobah,eng ENG,DFMF,Lorient,21,1999,29,24,2237,24.sept,2,2,4,2,0,0,5,0,01.juin,01.juin,0.7,02.févr,25,93,20,0.08,0.08,0.16,0.08,0.16,0.06,0.03,0.09,0.06,0.09
Gaëtan Charbonnier,fr FRA,MFFW,Brest,31,1988,36,17,157,17.avr,6,1,7,5,1,1,4,0,06.mars,05.mai,03.janv,08.juin,18,65,123,0.34,0.06,0.40,0.29,0.34,0.36,0.18,0.54,0.32,0.49
Brendan Chardonnet,fr FRA,DF,Brest,25,1994,33,30,2716,30.2,3,1,4,3,0,0,3,1,02.mars,02.mars,0.8,03.janv,29,106,7,0.10,0.03,0.13,0.10,0.13,0.08,0.03,0.10,0.08,0.10
Xavier Chavalerin,fr FRA,MF,Reims,29,1991,30,29,2547,28.mars,0,3,3,0,0,0,8,0,01.févr,01.févr,02.juin,03.août,11,101,44,0.00,0.11,0.11,0.00,0.11,0.04,0.09,0.14,0.04,0.14
Pape Cheikh Diop,sn SEN,MF,Dijon,22,1997,21,13,1089,12.janv,0,0,0,0,0,0,5,0,0.3,0.3,0.6,0.9,14,51,5,0.00,0.00,0.00,0.00,0.00,0.02,0.05,0.07,0.02,0.07
Player,Nation,Pos,Squad,Age,Born,MP,Starts,Min,90s,Gls,Ast,G+A,G-PK,PK,PKatt,CrdY,CrdR,xG,npxG,xAG,npxG+xAG,PrgC,PrgP,PrgR,Gls,Ast,G+A,G-PK,G+A-PK,xG,xAG,xG+xAG,npxG,npxG+xAG
Rayan Cherki,fr FRA,FWMF,Lyon,16,2003,27,5,698,07.août,1,3,4,1,0,0,1,1,1.0,1.0,01.août,02.août,54,43,81,0.13,0.39,0.52,0.13,0.52,0.13,0.23,0.36,0.13,0.36
Pedro Chirivella,es ESP,MF,Nantes,23,1997,32,26,228,25.mars,0,2,2,0,0,0,4,0,0.4,0.4,01.avr,01.août,19,148,34,0.00,0.08,0.08,0.00,0.08,0.01,0.06,0.07,0.01,0.07
Joris Chotard,fr FRA,MF,Montpellier,18,2001,29,11,1165,12.sept,0,0,0,0,0,0,3,0,0.5,0.5,0.7,01.févr,5,31,21,0.00,0.00,0.00,0.00,0.00,0.04,0.05,0.09,0.04,0.09
Mounir Chouiar,fr FRA,FWMF,Dijon,21,1999,23,14,1288,14.mars,0,2,2,0,0,1,5,0,2.0,01.févr,02.avr,03.juin,49,42,83,0.00,0.14,0.14,0.00,0.14,0.14,0.17,0.31,0.09,0.25
Sébastien Cibois,fr FRA,GK,Brest,22,1998,3,3,270,3.0,0,0,0,0,0,0,0,0,0.0,0.0,0.0,0.0,0,1,0,0.00,0.00,0.00,0.00,0.00,0.00,0.00,0.00,0.00,0.00
Alexis Claude-Maurice,fr FRA,MFFW,Nice,22,1998,30,21,191,21.févr,4,5,9,4,0,0,2,0,03.août,03.août,03.août,07.juin,61,76,116,0.19,0.24,0.42,0.19,0.42,0.18,0.18,0.36,0.18,0.36
Jonathan Clauss,fr FRA,DF,Lens,27,1992,33,30,2521,28.0,3,6,9,3,0,0,2,0,01.juil,01.juil,07.janv,08.août,102,113,235,0.11,0.21,0.32,0.11,0.32,0.06,0.25,0.31,0.06,0.31
Marcus Coco,fr FRA,MFFW,Nantes,24,1996,32,16,1474,16.avr,0,2,2,0,0,0,5,0,0.8,0.8,0.8,01.juin,36,41,97,0.00,0.12,0.12,0.00,0.12,0.05,0.05,0.10,0.05,0.10
Racine Coly,sn SEN,MF,Nice,24,1995,1,0,17,0.2,0,0,0,0,0,0,0,0,0.0,0.0,0.0,0.0,1,1,0,0.00,0.00,0.00,0.00,0.00,0.00,0.00,0.00,0.00,0.00
Daniel Congré,fr FRA,DF,Montpellier,35,1985,38,38,3292,36.6,2,0,2,2,0,0,4,0,01.mars,01.mars,0.2,01.mai,26,101,4,0.05,0.00,0.05,0.05,0.05,0.03,0.01,0.04,0.03,0.04
Sébastien Corchia,fr FRA,DF,Nantes,29,1990,25,23,2066,23.0,0,1,1,0,0,0,3,0,0.9,0.9,02.août,03.juil,39,67,96,0.00,0.04,0.04,0.00,0.04,0.04,0.12,0.16,0.04,0.16
Maxwel Cornet,ci CIV,DFFW,Lyon,23,1996,36,29,2446,27.févr,2,5,7,2,0,0,5,0,02.janv,02.janv,03.mai,05.juin,73,128,196,0.07,0.18,0.26,0.07,0.26,0.08,0.13,0.21,0.08,0.21
David Costa,pt POR,MFFW,Lens,19,2001,7,1,150,01.juil,1,1,2,1,0,0,0,0,0.4,0.4,0.1,0.6,4,4,6,0.60,0.60,janv.20,0.60,janv.20,0.27,0.06,0.33,0.27,0.33
Charles Costes,fr FRA,MF,Dijon,17,2002,1,0,2,0.0,0,0,0,0,0,0,0,0,0.0,0.0,0.0,0.0,0,0,0,0.00,0.00,0.00,0.00,0.00,0.00,0.00,0.00,0.00,0.00
Benoît Costil,fr FRA,GK,Bordeaux,33,1987,38,38,342,38.0,0,0,0,0,0,0,0,0,0.0,0.0,0.0,0.0,0,3,0,0.00,0.00,0.00,0.00,0.00,0.00,0.00,0.00,0.00,0.00
Kalifa Coulibaly,ml MLI,FW,Nantes,28,1991,17,11,981,10.sept,3,1,4,2,1,1,2,0,02.juin,01.août,01.janv,02.sept,7,21,72,0.28,0.09,0.37,0.18,0.28,0.24,0.10,0.34,0.17,0.27
Lassana Coulibaly,ml MLI,MF,Angers,24,1996,29,18,1687,18.juil,1,1,2,1,0,0,4,1,01.févr,01.févr,0.6,01.juil,20,65,21,0.05,0.05,0.11,0.05,0.11,0.06,0.03,0.09,0.06,0.09
Senou Coulibaly,ml MLI,DF,Dijon,25,1994,22,22,1934,21.mai,2,0,2,2,0,0,6,1,0.8,0.8,0.2,1.0,8,47,1,0.09,0.00,0.09,0.09,0.09,0.04,0.01,0.05,0.04,0.05
Nicolas Cozza,fr FRA,DF,Montpellier,21,1999,20,15,1369,15.févr,0,0,0,0,0,0,2,0,0.3,0.3,0.4,0.7,25,42,27,0.00,0.00,0.00,0.00,0.00,0.02,0.03,0.05,0.02,0.05
Andrés Cubas,py PAR,MF,Nîmes,24,1996,27,27,2242,24.sept,1,0,1,1,0,0,6,1,0.4,0.4,0.6,1.0,6,76,10,0.04,0.00,0.04,0.04,0.04,0.02,0.02,0.04,0.02,0.04
Mickaël Cuisance,fr FRA,MF,Marseille,20,1999,23,11,1024,11.avr,2,1,3,2,0,0,3,0,0.8,0.8,0.5,01.mars,19,45,53,0.18,0.09,0.26,0.18,0.26,0.07,0.05,0.12,0.07,0.12
Damien Da Silva,fr FRA,DF,Rennes,32,1988,30,30,2661,29.juin,4,0,4,4,0,0,7,1,02.janv,02.janv,0.3,02.mars,28,145,4,0.14,0.00,0.14,0.14,0.14,0.07,0.01,0.08,0.07,0.08
Colin Dagba,fr FRA,DF,Paris S-G,21,1998,25,15,1357,15.janv,1,2,3,1,0,0,3,0,0.7,0.7,1.0,01.juil,38,44,110,0.07,0.13,0.20,0.07,0.20,0.05,0.07,0.11,0.05,0.11
Flavius Daniliuc,at AUT,DF,Nice,19,2001,23,15,1477,16.avr,1,0,1,1,0,0,0,0,0.6,0.6,0.4,1.0,25,102,7,0.06,0.00,0.06,0.06,0.06,0.04,0.02,0.06,0.04,0.06
Dante,br BRA,DF,Nice,36,1983,9,9,774,08.juin,2,1,3,2,0,0,2,0,0.9,0.9,0.2,1.0,3,27,0,0.23,0.12,0.35,0.23,0.35,0.10,0.02,0.12,0.10,0.12
Player,Nation,Pos,Squad,Age,Born,MP,Starts,Min,90s,Gls,Ast,G+A,G-PK,PK,PKatt,CrdY,CrdR,xG,npxG,xAG,npxG+xAG,PrgC,PrgP,PrgR,Gls,Ast,G+A,G-PK,G+A-PK,xG,xAG,xG+xAG,npxG,npxG+xAG
Jonathan David,ca CAN,FW,Lille,20,2000,37,29,2354,26.févr,13,2,15,13,0,0,0,0,09.janv,09.janv,02.juin,11.juil,46,47,173,0.50,0.08,0.57,0.50,0.57,0.35,0.10,0.45,0.35,0.45
Mattia De Sciglio,it ITA,DF,Lyon,27,1992,29,14,1467,16.mars,0,1,1,0,0,0,4,1,0.1,0.1,1.0,01.janv,25,79,82,0.00,0.06,0.06,0.00,0.06,0.01,0.06,0.07,0.01,0.07
Thibault De Smet,be BEL,DF,Reims,22,1998,8,6,496,05.mai,0,0,0,0,0,0,3,0,0.0,0.0,0.2,0.2,23,29,30,0.00,0.00,0.00,0.00,0.00,0.00,0.03,0.03,0.00,0.03
Lucas Deaux,fr FRA,MFDF,Nîmes,31,1988,25,19,1754,19.mai,1,2,3,1,0,0,4,1,01.févr,01.févr,01.mai,02.juil,23,76,47,0.05,0.10,0.15,0.05,0.15,0.06,0.08,0.14,0.06,0.14
Mathieu Debuchy,fr FRA,DF,Saint-Étienne,35,1985,26,25,2103,23.avr,2,1,3,2,0,0,5,0,02.juil,02.juil,01.mai,04.févr,33,80,91,0.09,0.04,0.13,0.09,0.13,0.12,0.07,0.18,0.12,0.18
Romain Del Castillo,fr FRA,MFFW,Rennes,24,1996,26,5,652,07.févr,0,5,5,0,0,0,2,0,01.janv,01.janv,02.juil,03.août,24,41,104,0.00,0.69,0.69,0.00,0.69,0.15,0.38,0.53,0.15,0.53
Thomas Delaine,fr FRA,DFFW,Metz,28,1992,24,19,1779,19.août,3,2,5,3,0,0,4,0,01.juil,01.juil,01.janv,02.août,98,43,113,0.15,0.10,0.25,0.15,0.25,0.09,0.06,0.14,0.09,0.14
Jonathan Delaplace,fr FRA,DF,Lorient,34,1986,18,9,906,10.janv,0,1,1,0,0,0,1,1,0.2,0.2,01.août,2.0,15,30,48,0.00,0.10,0.10,0.00,0.10,0.02,0.18,0.20,0.02,0.20
Sacha Delaye,fr FRA,MF,Montpellier,18,2002,1,0,7,0.1,0,0,0,0,0,0,0,0,0.0,0.0,0.0,0.0,0,0,0,0.00,0.00,0.00,0.00,0.00,0.00,0.00,0.00,0.00,0.00
Andy Delort,dz ALG,FW,Montpellier,28,1991,30,30,2482,27.juin,15,9,24,15,0,1,4,0,12.août,12.0,06.avr,18.mars,49,69,210,0.54,0.33,0.87,0.54,0.87,0.46,0.23,0.69,0.43,0.66
Moussa Dembélé,fr FRA,FW,Lyon,24,1996,16,6,677,07.mai,1,0,1,1,0,0,3,0,05.mars,05.mars,1.0,06.mars,9,14,45,0.13,0.00,0.13,0.13,0.13,0.70,0.13,0.83,0.70,0.83
Jason Denayer,be BEL,DF,Lyon,25,1995,31,31,2614,29.0,1,0,1,1,0,0,1,0,0.5,0.5,0.0,0.5,15,93,3,0.03,0.00,0.03,0.03,0.03,0.02,0.00,0.02,0.02,0.02
Kévin Denkey,tg TOG,FW,Nîmes,19,2000,10,6,524,05.août,1,1,2,1,0,0,3,0,02.janv,02.janv,0.6,02.juil,6,10,37,0.17,0.17,0.34,0.17,0.34,0.36,0.10,0.46,0.36,0.46
Clément Depres,fr FRA,FW,Nîmes,25,1994,1,0,14,0.2,0,0,0,0,0,0,0,0,0.0,0.0,0.0,0.0,0,1,2,0.00,0.00,0.00,0.00,0.00,0.00,0.00,0.00,0.00,0.00
Ángel Di María,ar ARG,FWMF,Paris S-G,32,1988,27,23,1853,20.juin,4,9,13,4,0,0,1,0,04.juil,04.juil,11.févr,15.sept,90,159,219,0.19,0.44,0.63,0.19,0.63,0.23,0.55,0.77,0.23,0.77
Boulaye Dia,sn SEN,FWMF,Reims,23,1996,36,35,293,32.6,14,1,15,9,5,5,2,0,12.mai,08.juin,01.août,10.avr,68,56,163,0.43,0.03,0.46,0.28,0.31,0.39,0.06,0.44,0.26,0.32
Abdou Diallo,sn SEN,DF,Paris S-G,24,1996,22,17,149,16.juin,0,1,1,0,0,0,3,2,0.2,0.2,0.5,0.7,28,76,34,0.00,0.06,0.06,0.00,0.06,0.01,0.03,0.04,0.01,0.04
Habib Diallo,sn SEN,FW,Strasbourg,25,1995,32,27,2322,25.août,9,3,12,8,1,1,2,0,07.juin,06.août,02.avr,09.févr,20,39,159,0.35,0.12,0.47,0.31,0.43,0.29,0.09,0.39,0.26,0.36
Habib Diallo,sn SEN,FWMF,Metz,25,1995,4,1,143,01.juin,0,0,0,0,0,0,0,0,0.4,0.4,0.4,0.8,2,3,11,0.00,0.00,0.00,0.00,0.00,0.26,0.25,0.51,0.26,0.51
Ibrahima Diallo,fr FRA,MF,Brest,21,1999,5,5,440,04.sept,0,0,0,0,0,0,1,0,0.0,0.0,0.3,0.3,4,23,3,0.00,0.00,0.00,0.00,0.00,0.00,0.06,0.07,0.00,0.07
Stéphane Diarra,fr FRA,MFFW,Lorient,21,1998,13,2,197,02.févr,0,0,0,0,0,0,1,0,0.1,0.1,0.3,0.4,8,8,30,0.00,0.00,0.00,0.00,0.00,0.04,0.12,0.17,0.04,0.17
Krépin Diatta,sn SEN,MFDF,Monaco,21,1999,12,3,389,04.mars,1,0,1,1,0,0,3,0,0.4,0.4,0.1,0.5,16,11,44,0.23,0.00,0.23,0.23,0.23,0.10,0.02,0.11,0.10,0.11
Bamba Dieng,sn SEN,FWDF,Marseille,20,2000,5,2,129,01.avr,0,0,0,0,0,0,0,0,0.2,0.2,0.0,0.2,0,1,4,0.00,0.00,0.00,0.00,0.00,0.17,0.00,0.17,0.17,0.17
Junior Dina Ebimbe,fr FRA,FWMF,Dijon,19,2000,30,25,2144,23.août,1,1,2,1,0,0,5,0,03.avr,03.avr,02.avr,05.août,65,67,145,0.04,0.04,0.08,0.04,0.08,0.14,0.10,0.24,0.14,0.24
Tristan Dingomé,cm CMR,MF,Reims,29,1991,1,0,15,0.2,0,0,0,0,0,0,0,0,0.0,0.0,0.0,0.0,0,1,0,0.00,0.00,0.00,0.00,0.00,0.00,0.00,0.00,0.00,0.00
Player,Nation,Pos,Squad,Age,Born,MP,Starts,Min,90s,Gls,Ast,G+A,G-PK,PK,PKatt,CrdY,CrdR,xG,npxG,xAG,npxG+xAG,PrgC,PrgP,PrgR,Gls,Ast,G+A,G-PK,G+A-PK,xG,xAG,xG+xAG,npxG,npxG+xAG
Sinaly Diomande,ci CIV,DF,Lyon,19,2001,27,10,1133,12.juin,0,0,0,0,0,0,3,0,01.mars,01.mars,0.3,01.mai,8,41,9,0.00,0.00,0.00,0.00,0.00,0.10,0.02,0.12,0.10,0.12
Lois Diony,fr FRA,FW,Angers,27,1992,36,20,1749,19.avr,5,1,6,4,1,1,2,0,4.0,03.mars,01.sept,05.janv,45,20,159,0.26,0.05,0.31,0.21,0.26,0.21,0.10,0.30,0.17,0.26
Sofiane Diop,fr FRA,MFFW,Monaco,20,2000,32,24,2023,22.mai,7,1,8,7,0,0,4,0,04.août,04.août,02.août,07.juin,65,127,132,0.31,0.04,0.36,0.31,0.36,0.21,0.12,0.34,0.21,0.34
Andy Diouf,fr FRA,FW,Rennes,17,2003,1,0,12,0.1,0,0,0,0,0,0,1,0,0.0,0.0,0.0,0.0,1,0,0,0.00,0.00,0.00,0.00,0.00,0.00,0.00,0.00,0.00,0.00
Yehvann Diouf,sn SEN,GK,Reims,20,1999,2,1,135,01.mai,0,0,0,0,0,0,0,0,0.0,0.0,0.0,0.0,0,0,0,0.00,0.00,0.00,0.00,0.00,0.00,0.00,0.00,0.00,0.00
Assane Dioussé,sn SEN,DF,Saint-Étienne,22,1997,1,0,1,0.0,0,0,0,0,0,0,0,0,0.0,0.0,0.0,0.0,0,0,0,0.00,0.00,0.00,0.00,0.00,0.00,0.00,0.00,0.00,0.00
Axel Disasi,fr FRA,DF,Monaco,22,1998,29,24,2011,22.mars,3,0,3,3,0,0,4,2,02.avr,02.avr,0.4,02.août,19,87,4,0.13,0.00,0.13,0.13,0.13,0.11,0.02,0.13,0.11,0.13
Tiago Djaló,pt POR,DF,Lille,20,2000,17,8,873,09.juil,0,0,0,0,0,0,4,1,0.1,0.1,0.1,0.2,14,37,28,0.00,0.00,0.00,0.00,0.00,0.01,0.01,0.02,0.01,0.02
Alexander Djiku,gh GHA,DFMF,Strasbourg,25,1994,30,29,2552,28.avr,0,0,0,0,0,0,8,0,2.0,2.0,0.6,02.juil,11,83,7,0.00,0.00,0.00,0.00,0.00,0.07,0.02,0.09,0.07,0.09
Mihai Dobre,ro ROU,FW,Dijon,21,1998,22,4,529,05.sept,0,0,0,0,0,0,0,0,0.5,0.5,0.3,0.8,17,7,39,0.00,0.00,0.00,0.00,0.00,0.08,0.05,0.13,0.08,0.13
Jeremy Doku,be BEL,MFFW,Rennes,18,2002,30,26,2313,25.juil,2,3,5,2,0,0,1,1,02.août,02.août,02.sept,05.juil,135,106,281,0.08,0.12,0.19,0.08,0.19,0.11,0.11,0.22,0.11,0.22
Kasper Dolberg,dk DEN,FW,Nice,22,1997,25,21,1928,21.avr,6,2,8,4,2,2,2,0,08.avr,06.août,01.janv,07.sept,15,21,92,0.28,0.09,0.37,0.19,0.28,0.39,0.05,0.44,0.32,0.37
Keagan Dolly,za RSA,MF,Montpellier,27,1993,18,3,452,5.0,0,0,0,0,0,0,2,0,0.1,0.1,0.3,0.4,11,19,19,0.00,0.00,0.00,0.00,0.00,0.03,0.05,0.08,0.03,0.08
Anastasios Donis,gr GRE,MF,Reims,23,1996,3,1,97,01.janv,0,0,0,0,0,0,0,1,0.0,0.0,0.0,0.0,2,0,13,0.00,0.00,0.00,0.00,0.00,0.03,0.00,0.03,0.03,0.03
Cheick Doucouré,ml MLI,MF,Lens,20,2000,33,30,2627,29.2,2,1,3,2,0,0,8,0,01.mars,01.mars,01.janv,02.avr,45,179,44,0.07,0.03,0.10,0.07,0.10,0.05,0.04,0.08,0.05,0.08
Fodé Doucouré,ml MLI,DF,Reims,19,2001,7,3,333,03.juil,0,0,0,0,0,0,0,0,0.3,0.3,0.5,0.8,11,18,8,0.00,0.00,0.00,0.00,0.00,0.08,0.13,0.21,0.08,0.21
Mahamadou Doucouré,ml MLI,FWMF,Nîmes,20,2000,3,0,45,0.5,0,0,0,0,0,0,0,0,0.0,0.0,0.0,0.0,4,0,6,0.00,0.00,0.00,0.00,0.00,0.00,0.00,0.00,0.00,0.00
Moussa Doumbia,ml MLI,MFFW,Reims,25,1994,23,9,899,10.0,0,1,1,0,0,0,1,0,0.6,0.6,02.janv,02.août,50,46,102,0.00,0.10,0.10,0.00,0.10,0.06,0.21,0.28,0.06,0.28
Souleyman Doumbia,ci CIV,DF,Angers,23,1996,27,24,2222,24.juil,0,1,1,0,0,0,8,0,0.6,0.6,02.janv,02.août,65,62,121,0.00,0.04,0.04,0.00,0.04,0.03,0.09,0.11,0.03,0.11
Mouhamadou Drammeh,gm GAM,MF,Reims,21,1999,6,1,173,01.sept,0,0,0,0,0,0,1,0,0.0,0.0,0.1,0.1,4,9,1,0.00,0.00,0.00,0.00,0.00,0.01,0.03,0.04,0.01,0.04
Julian Draxler,de GER,MFFW,Paris S-G,26,1993,24,12,1064,11.août,4,3,7,4,0,0,3,0,01.juin,01.juin,03.janv,04.août,49,70,94,0.34,0.25,0.59,0.34,0.59,0.14,0.26,0.40,0.14,0.40
Matthieu Dreyer,fr FRA,GK,Lorient,31,1989,15,15,135,15.0,0,0,0,0,0,0,1,0,0.0,0.0,0.0,0.0,0,0,0,0.00,0.00,0.00,0.00,0.00,0.00,0.00,0.00,0.00,0.00
Leo Dubois,fr FRA,DF,Lyon,25,1994,37,35,2903,32.3,2,4,6,2,0,0,3,0,01.janv,01.janv,06.juin,07.juil,111,194,239,0.06,0.12,0.19,0.06,0.19,0.04,0.20,0.24,0.04,0.24
Haris Duljević,ba BIH,MFFW,Nîmes,26,1993,20,8,773,08.juin,0,2,2,0,0,0,1,0,01.févr,01.févr,01.avr,02.juin,27,47,52,0.00,0.23,0.23,0.00,0.23,0.14,0.17,0.30,0.14,0.30
Jean-Kevin Duverne,ht HAI,DF,Brest,23,1997,27,22,2029,22.mai,1,0,1,1,0,0,4,0,0.6,0.6,0.6,01.févr,39,106,10,0.04,0.00,0.04,0.04,0.04,0.03,0.03,0.05,0.03,0.05
Player,Nation,Pos,Squad,Age,Born,MP,Starts,Min,90s,Gls,Ast,G+A,G-PK,PK,PKatt,CrdY,CrdR,xG,npxG,xAG,npxG+xAG,PrgC,PrgP,PrgR,Gls,Ast,G+A,G-PK,G+A-PK,xG,xAG,xG+xAG,npxG,npxG+xAG
Enzo Ebosse,cm CMR,DF,Angers,21,1999,6,3,260,02.sept,0,0,0,0,0,0,1,0,0.0,0.0,0.4,0.4,1,6,7,0.00,0.00,0.00,0.00,0.00,0.00,0.14,0.14,0.00,0.14
Bruno Ecuele Manga,ga GAB,DF,Dijon,32,1988,38,38,342,38.0,2,0,2,2,0,0,3,0,02.avr,02.avr,0.1,02.mai,10,76,2,0.05,0.00,0.05,0.05,0.05,0.06,0.00,0.07,0.06,0.07
Hugo Ekitike,fr FRA,FWMF,Reims,18,2002,2,0,88,1.0,0,0,0,0,0,0,1,0,0.2,0.2,0.1,0.3,3,1,9,0.00,0.00,0.00,0.00,0.00,0.18,0.11,0.29,0.18,0.29
Niclas Eliasson,se SWE,MFFW,Nîmes,24,1995,30,19,1799,20.0,4,3,7,4,0,0,1,0,03.juin,03.juin,04.avr,8.0,27,27,141,0.20,0.15,0.35,0.20,0.35,0.18,0.22,0.40,0.18,0.40
Renaud Emond,be BEL,FWMF,Nantes,28,1991,22,3,354,03.sept,2,0,2,2,0,0,1,0,01.mai,01.mai,0.1,01.juil,2,5,27,0.51,0.00,0.51,0.51,0.51,0.39,0.03,0.42,0.39,0.42
Yoann Etienne,fr FRA,DF,Lorient,23,1997,1,1,90,1.0,0,0,0,0,0,0,1,0,0.0,0.0,0.0,0.0,0,5,1,0.00,0.00,0.00,0.00,0.00,0.00,0.04,0.04,0.00,0.04
Fábio,br BRA,DF,Nantes,30,1990,22,19,1507,16.juil,0,1,1,0,0,0,5,1,0.3,0.3,0.5,0.8,24,70,59,0.00,0.06,0.06,0.00,0.06,0.02,0.03,0.05,0.02,0.05
Cesc Fàbregas,es ESP,MFFW,Monaco,33,1987,21,7,877,09.juil,2,3,5,0,2,2,2,0,03.févr,01.juin,03.mars,04.sept,10,115,48,0.21,0.31,0.51,0.00,0.31,0.33,0.34,0.67,0.16,0.51
Bandiougou Fadiga,fr FRA,FWMF,Paris S-G,19,2001,6,0,63,0.7,0,0,0,0,0,0,1,0,0.0,0.0,0.0,0.0,3,3,7,0.00,0.00,0.00,0.00,0.00,0.04,0.00,0.04,0.04,0.04
Bandiougou Fadiga,fr FRA,MFFW,Brest,19,2001,4,0,43,0.5,0,0,0,0,0,0,0,0,0.0,0.0,0.1,0.1,0,1,3,0.00,0.00,0.00,0.00,0.00,0.00,0.14,0.14,0.00,0.14
Wout Faes,be BEL,DF,Reims,22,1998,33,33,2899,32.2,1,0,1,1,0,0,13,2,01.févr,01.févr,0.1,01.mars,22,86,2,0.03,0.00,0.03,0.03,0.03,0.04,0.00,0.04,0.04,0.04
Romain Faivre,fr FRA,MFFW,Brest,22,1998,36,33,2891,32.1,6,5,11,5,1,1,0,0,06.févr,05.avr,07.févr,12.juil,141,171,166,0.19,0.16,0.34,0.16,0.31,0.19,0.23,0.42,0.17,0.39
Wuilker Faríñez,ve VEN,GK,Lens,22,1998,3,1,107,01.févr,0,0,0,0,0,0,0,0,0.0,0.0,0.0,0.0,0,0,0,0.00,0.00,0.00,0.00,0.00,0.00,0.00,0.00,0.00,0.00
Noah Fatar,fr FRA,FWMF,Angers,18,2002,2,0,21,0.2,0,0,0,0,0,0,0,0,0.0,0.0,0.0,0.0,0,0,2,0.00,0.00,0.00,0.00,0.00,0.00,0.00,0.00,0.00,0.00
Julien Faussurier,fr FRA,DF,Brest,33,1987,17,9,955,10.juin,0,3,3,0,0,0,2,0,0.4,0.4,02.févr,02.juin,28,56,63,0.00,0.28,0.28,0.00,0.28,0.04,0.21,0.24,0.04,0.24
Zinedine Ferhat,dz ALG,FWMF,Nîmes,27,1993,33,33,2957,32.9,6,10,16,5,1,1,2,0,05.sept,05.janv,06.mai,11.juin,92,121,266,0.18,0.30,0.49,0.15,0.46,0.18,0.20,0.38,0.15,0.35
Jordan Ferri,fr FRA,MF,Montpellier,28,1992,34,31,2577,28.juin,0,3,3,0,0,0,6,0,0.1,0.1,01.juil,01.sept,36,192,41,0.00,0.10,0.10,0.00,0.10,0.00,0.06,0.06,0.00,0.06
Alexis Flips,fr FRA,MFFW,Reims,20,2000,2,0,43,0.5,1,0,1,1,0,0,0,0,0.0,0.0,0.0,0.0,0,1,4,02.sept,0.00,02.sept,02.sept,02.sept,0.10,0.00,0.10,0.10,0.10
Alessandro Florenzi,it ITA,DF,Paris S-G,29,1991,21,18,1538,17.janv,2,1,3,2,0,0,1,0,02.févr,02.févr,02.avr,04.juin,27,63,148,0.12,0.06,0.18,0.12,0.18,0.13,0.14,0.27,0.13,0.27
Mamadou Fofana,ml MLI,MFDF,Metz,22,1998,16,11,107,11.sept,0,0,0,0,0,0,2,0,0.4,0.4,0.1,0.5,2,20,2,0.00,0.00,0.00,0.00,0.00,0.03,0.00,0.04,0.03,0.04
Seko Fofana,ci CIV,MF,Lens,25,1995,30,25,2309,25.juil,2,3,5,2,0,0,2,0,02.sept,02.sept,02.mars,05.mars,75,120,126,0.08,0.12,0.19,0.08,0.19,0.11,0.09,0.20,0.11,0.20
Wesley Fofana,fr FRA,DF,Saint-Étienne,19,2000,4,3,315,03.mai,0,0,0,0,0,0,1,0,0.1,0.1,0.0,0.1,2,8,2,0.00,0.00,0.00,0.00,0.00,0.01,0.01,0.02,0.01,0.02
Youssouf Fofana,fr FRA,MF,Monaco,21,1999,35,35,2873,31.9,0,3,3,0,0,0,10,1,01.mai,01.mai,02.avr,03.sept,57,187,36,0.00,0.09,0.09,0.00,0.09,0.05,0.07,0.12,0.05,0.12
Thomas Foket,be BEL,DF,Reims,25,1994,37,37,3324,36.9,0,3,3,0,0,0,4,0,0.2,0.2,01.mars,01.mai,90,102,149,0.00,0.08,0.08,0.00,0.08,0.01,0.03,0.04,0.01,0.04
Lamine Fomba,fr FRA,MF,Nîmes,22,1998,32,24,2175,24.févr,1,1,2,1,0,0,8,0,02.juin,02.juin,01.févr,03.août,19,48,23,0.04,0.04,0.08,0.04,0.08,0.11,0.05,0.16,0.11,0.16
Player,Nation,Pos,Squad,Age,Born,MP,Starts,Min,90s,Gls,Ast,G+A,G-PK,PK,PKatt,CrdY,CrdR,xG,npxG,xAG,npxG+xAG,PrgC,PrgP,PrgR,Gls,Ast,G+A,G-PK,G+A-PK,xG,xAG,xG+xAG,npxG,npxG+xAG
Thomas Fontaine,mg MAD,DF,Lorient,29,1991,4,4,320,03.juin,0,0,0,0,0,0,0,0,0.2,0.2,0.0,0.2,0,3,0,0.00,0.00,0.00,0.00,0.00,0.05,0.00,0.05,0.05,0.05
José Fonte,pt POR,DF,Lille,36,1983,36,36,3185,35.4,3,0,3,3,0,0,7,0,02.janv,02.janv,0.5,02.juin,14,137,14,0.08,0.00,0.08,0.08,0.08,0.06,0.01,0.07,0.06,0.07
Steven Fortes,cv CPV,DF,Lens,28,1992,18,16,1435,15.sept,0,0,0,0,0,0,7,1,0.4,0.4,0.3,0.6,18,64,0,0.00,0.00,0.00,0.00,0.00,0.02,0.02,0.04,0.02,0.04
Yassin Fortune,ht HAI,FW,Angers,21,1999,1,0,15,0.2,0,0,0,0,0,0,0,0,0.0,0.0,0.0,0.0,0,0,1,0.00,0.00,0.00,0.00,0.00,0.00,0.00,0.00,0.00,0.00
Angelo Fulgini,fr FRA,MF,Angers,23,1996,33,33,2725,30.mars,7,3,10,6,1,1,4,0,05.avr,04.juin,04.août,09.avr,101,201,192,0.23,0.10,0.33,0.20,0.30,0.18,0.16,0.34,0.15,0.31
Baptiste Gabard,fr FRA,MF,Saint-Étienne,20,2000,2,2,133,01.mai,0,0,0,0,0,0,1,0,0.0,0.0,0.1,0.1,1,3,4,0.00,0.00,0.00,0.00,0.00,0.00,0.04,0.04,0.00,0.04
Idrissa Gana Gueye,sn SEN,MF,Paris S-G,30,1989,28,20,1581,17.juin,2,1,3,2,0,0,3,0,0.8,0.8,0.9,01.juil,46,163,30,0.11,0.06,0.17,0.11,0.17,0.05,0.05,0.10,0.05,0.10
Ignatius Ganago,cm CMR,FW,Lens,21,1999,24,16,1304,14.mai,7,0,7,7,0,0,0,0,07.août,07.août,01.mars,09.janv,27,13,107,0.48,0.00,0.48,0.48,0.48,0.54,0.09,0.63,0.54,0.63
Yann Gboho,fr FRA,MFFW,Rennes,19,2001,10,2,303,03.avr,0,0,0,0,0,0,0,0,0.9,0.9,0.2,01.janv,18,13,44,0.00,0.00,0.00,0.00,0.00,0.26,0.06,0.32,0.26,0.32
Valère Germain,fr FRA,FWMF,Marseille,30,1990,24,6,857,09.mai,3,0,3,3,0,0,1,0,02.févr,02.févr,0.1,02.févr,4,17,38,0.32,0.00,0.32,0.32,0.32,0.23,0.01,0.23,0.23,0.23
Willem Geubbels,fr FRA,MFFW,Monaco,18,2001,14,2,294,03.mars,1,0,1,1,0,0,3,1,01.févr,01.févr,0.5,01.juil,3,5,26,0.31,0.00,0.31,0.31,0.31,0.36,0.15,0.51,0.36,0.51
Andrei Girotto,br BRA,DFMF,Nantes,28,1992,34,29,2668,29.juin,1,1,2,1,0,0,3,1,01.mai,01.mai,01.juin,03.janv,18,117,6,0.03,0.03,0.07,0.03,0.07,0.05,0.05,0.10,0.05,0.10
Aleksandr Golovin,ru RUS,MFFW,Monaco,24,1996,21,12,1069,11.sept,5,9,14,5,0,0,2,0,02.sept,02.sept,05.avr,08.mars,45,36,93,0.42,0.76,janv.18,0.42,janv.18,0.25,0.45,0.70,0.25,0.70
Alfred Gomis,sn SEN,GK,Dijon,26,1993,5,5,450,5.0,0,0,0,0,0,0,0,0,0.0,0.0,0.0,0.0,0,0,0,0.00,0.00,0.00,0.00,0.00,0.00,0.00,0.00,0.00,0.00
Alfred Gomis,sn SEN,GK,Rennes,26,1993,22,22,198,22.0,0,0,0,0,0,0,1,0,0.0,0.0,0.0,0.0,0,0,0,0.00,0.00,0.00,0.00,0.00,0.00,0.00,0.00,0.00,0.00
Vagner Gonçalves,cv CPV,FWMF,Metz,24,1996,26,10,967,10.juil,4,1,5,2,2,2,3,0,04.juil,03.janv,01.juin,04.juil,14,19,73,0.37,0.09,0.47,0.19,0.28,0.44,0.15,0.58,0.29,0.44
Álvaro González,es ESP,DF,Marseille,30,1990,32,32,2831,31.mai,2,3,5,2,0,0,14,0,01.mars,01.mars,01.févr,02.mai,25,122,4,0.06,0.10,0.16,0.06,0.16,0.04,0.04,0.08,0.04,0.08
Amine Gouiri,dz ALG,FWMF,Nice,20,2000,34,31,2747,30.mai,12,7,19,8,4,4,5,0,14.avr,11.mai,07.janv,18.juin,87,78,269,0.39,0.23,0.62,0.26,0.49,0.47,0.23,0.70,0.38,0.61
Lucas Gourna-Douath,fr FRA,MF,Saint-Étienne,16,2003,30,13,1327,14.juil,0,0,0,0,0,0,8,0,0.5,0.5,0.1,0.6,17,50,6,0.00,0.00,0.00,0.00,0.00,0.04,0.00,0.04,0.04,0.04
Jonathan Gradit,fr FRA,DF,Lens,27,1992,33,33,2823,31.4,0,1,1,0,0,0,9,1,0.0,0.0,0.3,0.4,72,177,11,0.00,0.03,0.03,0.00,0.03,0.00,0.01,0.01,0.00,0.01
Andrew Gravillon,gp GLP,DF,Lorient,22,1998,26,26,2272,25.févr,2,2,4,2,0,0,3,1,01.juin,01.juin,0.7,02.mars,16,50,10,0.08,0.08,0.16,0.08,0.16,0.06,0.03,0.09,0.06,0.09
Adrian Grbić,at AUT,FW,Lorient,23,1996,33,9,961,10.juil,4,0,4,1,3,3,2,0,06.mai,04.janv,0.5,04.juil,13,10,53,0.37,0.00,0.37,0.09,0.09,0.61,0.05,0.66,0.39,0.44
Etienne Green,eng ENG,GK,Saint-Étienne,20,2000,8,8,720,8.0,0,0,0,0,0,0,0,0,0.0,0.0,0.0,0.0,0,0,0,0.00,0.00,0.00,0.00,0.00,0.00,0.00,0.00,0.00,0.00
Clément Grenier,fr FRA,MFFW,Rennes,29,1991,23,12,1078,12.0,4,3,7,3,1,1,3,0,02.juin,01.août,02.févr,4.0,17,90,63,0.33,0.25,0.58,0.25,0.50,0.22,0.19,0.40,0.15,0.34
Evann Guessand,ci CIV,FW,Nice,19,2001,3,0,29,0.3,0,0,0,0,0,0,0,0,0.1,0.1,0.0,0.1,1,2,2,0.00,0.00,0.00,0.00,0.00,0.18,0.00,0.18,0.18,0.18
Player,Nation,Pos,Squad,Age,Born,MP,Starts,Min,90s,Gls,Ast,G+A,G-PK,PK,PKatt,CrdY,CrdR,xG,npxG,xAG,npxG+xAG,PrgC,PrgP,PrgR,Gls,Ast,G+A,G-PK,G+A-PK,xG,xAG,xG+xAG,npxG,npxG+xAG
Kelyan Guessoum,dz ALG,DF,Nîmes,21,1999,15,11,1128,12.mai,0,0,0,0,0,0,2,0,0.5,0.5,0.2,0.6,4,24,1,0.00,0.00,0.00,0.00,0.00,0.04,0.01,0.05,0.04,0.05
Lamine Gueye,sn SEN,FWMF,Metz,22,1998,26,19,1454,16.févr,3,2,5,3,0,0,1,0,04.juin,04.juin,02.mars,06.sept,42,30,142,0.19,0.12,0.31,0.19,0.31,0.29,0.14,0.43,0.29,0.43
Pape Gueye,sn SEN,MF,Marseille,21,1999,32,22,2058,22.sept,2,0,2,2,0,0,11,1,01.févr,01.févr,0.9,02.janv,16,130,29,0.09,0.00,0.09,0.09,0.09,0.05,0.04,0.09,0.05,0.09
Frederic Guilbert,fr FRA,DF,Strasbourg,25,1994,13,13,1114,12.avr,1,4,5,1,0,0,2,1,0.5,0.5,01.juil,02.févr,39,51,48,0.08,0.32,0.40,0.08,0.40,0.04,0.14,0.18,0.04,0.18
Bruno Guimarães,br BRA,MF,Lyon,22,1997,33,21,1754,19.mai,3,1,4,2,1,1,6,0,02.juin,01.août,02.janv,03.sept,41,196,56,0.15,0.05,0.21,0.10,0.15,0.13,0.11,0.24,0.09,0.20
Serhou Guirassy,gn GUI,FW,Rennes,24,1996,27,19,1764,19.juin,10,1,11,9,1,1,3,0,09.févr,08.avr,02.juil,11.févr,17,36,151,0.51,0.05,0.56,0.46,0.51,0.47,0.14,0.61,0.43,0.57
Malo Gusto,fr FRA,DFMF,Lyon,17,2003,2,0,2,0.0,0,0,0,0,0,0,0,0,0.0,0.0,0.0,0.0,0,0,0,0.00,0.00,0.00,0.00,0.00,0.00,0.00,0.00,0.00,0.00
Massadio Haïdara,ml MLI,DF,Lens,27,1992,25,24,2132,23.juil,2,1,3,2,0,0,6,0,02.janv,02.janv,01.août,03.sept,56,107,90,0.08,0.04,0.13,0.08,0.13,0.09,0.07,0.16,0.09,0.16
Pierre-Yves Hamel,fr FRA,FW,Lorient,26,1994,23,7,849,09.avr,4,2,6,3,1,1,5,0,03.janv,02.mars,0.7,3.0,6,14,26,0.42,0.21,0.64,0.32,0.53,0.33,0.07,0.40,0.24,0.31
Romain Hamouma,fr FRA,FWMF,Saint-Étienne,33,1987,29,19,1769,19.juil,6,1,7,6,0,0,5,0,04.août,04.juil,03.mai,08.janv,62,59,165,0.31,0.05,0.36,0.31,0.36,0.24,0.18,0.42,0.24,0.41
Dalbert Henrique,br BRA,DF,Rennes,26,1993,13,3,373,04.janv,0,1,1,0,0,0,3,0,0.1,0.1,0.4,0.5,11,15,19,0.00,0.24,0.24,0.00,0.24,0.02,0.10,0.12,0.02,0.12
Luis Henrique,br BRA,FWDF,Marseille,18,2001,19,6,675,07.mai,0,5,5,0,0,0,0,0,0.3,0.3,02.févr,02.avr,27,23,83,0.00,0.67,0.67,0.00,0.67,0.03,0.29,0.33,0.03,0.33
Christophe Hérelle,mq MTQ,DF,Brest,27,1992,16,15,1377,15.mars,0,0,0,0,0,0,4,0,0.9,0.9,0.1,1.0,9,59,3,0.00,0.00,0.00,0.00,0.00,0.06,0.01,0.07,0.06,0.07
Jérôme Hergault,fr FRA,DFMF,Lorient,34,1986,22,19,1625,18.janv,2,0,2,2,0,0,0,0,0.4,0.4,0.3,0.7,25,55,68,0.11,0.00,0.11,0.11,0.11,0.02,0.02,0.04,0.02,0.04
Ander Herrera,es ESP,MF,Paris S-G,30,1989,31,18,1851,20.juin,1,3,4,1,0,0,6,0,01.avr,01.avr,03.janv,04.juin,27,171,57,0.05,0.15,0.19,0.05,0.19,0.07,0.15,0.22,0.07,0.22
Vitorino Hilton,br BRA,DF,Montpellier,42,1977,29,24,2117,23.mai,0,1,1,0,0,0,4,2,01.févr,01.févr,0.3,01.mai,3,60,4,0.00,0.04,0.04,0.00,0.04,0.05,0.01,0.06,0.05,0.06
Franck Honorat,fr FRA,MFFW,Brest,23,1996,36,28,2458,27.mars,8,4,12,8,0,0,3,0,04.févr,04.févr,07.sept,12.janv,83,83,227,0.29,0.15,0.44,0.29,0.44,0.15,0.29,0.44,0.15,0.44
Fraser Hornby,sct SCO,FWMF,Reims,20,1999,3,0,35,0.4,0,0,0,0,0,0,1,0,0.2,0.2,0.0,0.2,0,1,1,0.00,0.00,0.00,0.00,0.00,0.65,0.00,0.65,0.65,0.65
Adrien Hunou,fr FRA,FWMF,Rennes,26,1994,20,5,589,06.mai,4,0,4,4,0,0,1,0,04.juin,04.juin,1.0,05.juin,8,14,60,0.61,0.00,0.61,0.61,0.61,0.71,0.15,0.85,0.71,0.85
Didier Ibrahim Ndong,ga GAB,MF,Dijon,26,1994,29,29,261,29.0,0,1,1,0,0,0,7,0,0.2,0.2,01.févr,01.avr,39,155,28,0.00,0.03,0.03,0.00,0.03,0.01,0.04,0.05,0.01,0.05
Mauro Icardi,ar ARG,FW,Paris S-G,27,1993,20,11,1079,12.0,7,3,10,6,1,1,1,0,08.juin,07.août,02.juil,10.mai,3,12,46,0.58,0.25,0.83,0.50,0.75,0.72,0.22,0.94,0.65,0.87
Jonathan Ikone,fr FRA,MFFW,Lille,22,1998,37,26,2177,24.févr,4,5,9,3,1,1,0,0,04.mars,03.mai,02.sept,06.avr,65,73,117,0.17,0.21,0.37,0.12,0.33,0.18,0.12,0.30,0.14,0.26
Yun Il-lok,kr KOR,MFFW,Montpellier,28,1992,12,3,312,03.mai,0,0,0,0,0,0,1,0,0.6,0.6,0.5,01.janv,8,6,11,0.00,0.00,0.00,0.00,0.00,0.16,0.15,0.31,0.16,0.31
Corentin Jean,fr FRA,FWMF,Lens,25,1995,23,6,580,06.avr,1,1,2,1,0,0,3,0,01.juil,01.juil,0.5,02.févr,9,9,55,0.16,0.16,0.31,0.16,0.31,0.26,0.08,0.34,0.26,0.34
Jesé,es ESP,FW,Paris S-G,27,1993,2,0,24,0.3,0,0,0,0,0,0,0,0,0.0,0.0,0.0,0.0,0,0,4,0.00,0.00,0.00,0.00,0.00,0.00,0.00,0.00,0.00,0.00
Player,Nation,Pos,Squad,Age,Born,MP,Starts,Min,90s,Gls,Ast,G+A,G-PK,PK,PKatt,CrdY,CrdR,xG,npxG,xAG,npxG+xAG,PrgC,PrgP,PrgR,Gls,Ast,G+A,G-PK,G+A-PK,xG,xAG,xG+xAG,npxG,npxG+xAG
Stevan Jovetić,me MNE,FWMF,Monaco,30,1989,29,6,802,08.sept,6,0,6,6,0,1,1,0,05.mai,04.mars,0.6,04.sept,30,50,80,0.67,0.00,0.67,0.67,0.67,0.62,0.07,0.68,0.48,0.54
Abdoul Kader Bamba,fr FRA,FWMF,Nantes,26,1994,29,6,917,10.févr,3,1,4,3,0,1,2,0,02.avr,01.juin,01.mars,02.août,41,43,96,0.29,0.10,0.39,0.29,0.39,0.23,0.12,0.36,0.15,0.28
Tino Kadewere,zw ZIM,FW,Lyon,24,1996,33,24,2009,22.mars,10,3,13,10,0,0,4,0,09.sept,09.sept,03.avr,13.mars,36,39,186,0.45,0.13,0.58,0.45,0.58,0.44,0.15,0.60,0.44,0.60
Gaël Kakuta,cd COD,MFFW,Lens,29,1991,35,30,2394,26.juin,11,5,16,4,7,9,3,0,11.janv,4.0,06.juin,10.juin,48,147,123,0.41,0.19,0.60,0.15,0.34,0.42,0.25,0.66,0.15,0.40
Arnaud Kalimuendo,fr FRA,FW,Paris S-G,18,2002,1,1,73,0.8,0,0,0,0,0,0,0,0,0.2,0.2,0.0,0.2,1,0,11,0.00,0.00,0.00,0.00,0.00,0.23,0.05,0.29,0.23,0.29
Arnaud Kalimuendo,fr FRA,FWMF,Lens,18,2002,28,13,1218,13.mai,7,3,10,7,0,0,0,0,05.août,05.août,02.mai,08.mars,41,21,121,0.52,0.22,0.74,0.52,0.74,0.43,0.18,0.61,0.43,0.61
Samuel Kalu,ng NGA,FWMF,Bordeaux,22,1997,20,14,964,10.juil,4,1,5,4,0,0,3,0,01.août,01.août,0.6,02.avr,34,26,80,0.37,0.09,0.47,0.37,0.47,0.16,0.06,0.22,0.16,0.22
Aboubakar Kamara,mr MTN,FWMF,Dijon,25,1995,10,7,557,06.févr,1,0,1,1,0,0,1,1,01.févr,01.févr,0.8,2.0,10,7,37,0.16,0.00,0.16,0.16,0.16,0.19,0.13,0.32,0.19,0.32
Bingourou Kamara,sn SEN,GK,Strasbourg,23,1996,8,8,720,8.0,0,0,0,0,0,0,0,0,0.0,0.0,0.0,0.0,0,0,0,0.00,0.00,0.00,0.00,0.00,0.00,0.00,0.00,0.00,0.00
Boubacar Kamara,fr FRA,MF,Marseille,20,1999,35,35,2894,32.2,0,2,2,0,0,0,6,0,0.8,0.8,01.avr,02.févr,41,201,44,0.00,0.06,0.06,0.00,0.06,0.03,0.04,0.07,0.03,0.07
Hassane Kamara,ci CIV,DFFW,Nice,26,1994,36,34,296,32.9,2,1,3,2,0,0,3,0,01.avr,01.avr,02.mai,03.sept,111,142,214,0.06,0.03,0.09,0.06,0.09,0.04,0.07,0.12,0.04,0.12
Wilfried Kanga,ci CIV,FW,Angers,22,1998,2,2,132,01.mai,0,0,0,0,0,0,0,0,0.2,0.2,0.0,0.2,2,0,8,0.00,0.00,0.00,0.00,0.00,0.17,0.00,0.17,0.17,0.17
Eiji Kawashima,jp JPN,GK,Strasbourg,37,1983,24,24,216,24.0,0,0,0,0,0,0,1,0,0.0,0.0,0.0,0.0,0,0,0,0.00,0.00,0.00,0.00,0.00,0.00,0.00,0.00,0.00,0.00
Moise Kean,it ITA,FW,Paris S-G,20,2000,26,22,1698,18.sept,13,0,13,13,0,0,4,0,10.févr,10.févr,0.9,11.janv,31,22,104,0.69,0.00,0.69,0.69,0.69,0.54,0.05,0.59,0.54,0.59
Thilo Kehrer,de GER,DF,Paris S-G,23,1996,24,16,1616,18.0,0,0,0,0,0,0,3,0,0.8,0.8,0.7,01.mai,9,58,21,0.00,0.00,0.00,0.00,0.00,0.04,0.04,0.08,0.04,0.08
Habib Keita,ml MLI,MF,Lyon,18,2002,1,0,6,0.1,0,0,0,0,0,0,0,0,0.5,0.5,0.0,0.5,0,1,0,0.00,0.00,0.00,0.00,0.00,juil.19,0.00,juil.19,juil.19,juil.19
Saîf-Eddine Khaoui,tn TUN,FWDF,Marseille,25,1995,17,5,606,06.juil,2,1,3,2,0,0,4,0,0.9,0.9,0.5,01.avr,7,31,39,0.30,0.15,0.45,0.30,0.45,0.13,0.07,0.20,0.13,0.20
Wahbi Khazri,tn TUN,FW,Saint-Étienne,29,1991,22,16,1181,13.janv,7,1,8,4,3,3,5,1,04.août,02.avr,01.mai,03.sept,36,56,64,0.53,0.08,0.61,0.30,0.38,0.36,0.11,0.48,0.18,0.30
Presnel Kimpembe,fr FRA,DF,Paris S-G,24,1995,28,26,2303,25.juin,0,0,0,0,0,0,6,1,0.3,0.3,0.4,0.7,13,117,1,0.00,0.00,0.00,0.00,0.00,0.01,0.02,0.03,0.01,0.03
Randal Kolo Muani,fr FRA,FW,Nantes,21,1998,37,35,3029,33.7,9,4,13,9,0,0,3,0,09.mai,09.mai,06.sept,16.avr,87,40,204,0.27,0.12,0.39,0.27,0.39,0.28,0.21,0.49,0.28,0.49
Timothée Kolodziejczak,fr FRA,DF,Saint-Étienne,28,1991,24,23,2036,22.juin,0,0,0,0,0,0,4,1,0.8,0.8,0.4,01.févr,12,89,5,0.00,0.00,0.00,0.00,0.00,0.04,0.02,0.05,0.04,0.05
Ghislain Konan,ci CIV,DF,Reims,24,1995,31,29,2613,29.0,2,1,3,2,0,0,5,0,0.3,0.3,01.janv,01.avr,106,120,127,0.07,0.03,0.10,0.07,0.10,0.01,0.04,0.05,0.01,0.05
Moussa Konaté,sn SEN,FW,Dijon,27,1993,27,13,1196,13.mars,5,1,6,4,1,2,4,0,05.févr,03.juil,0.4,04.févr,10,19,72,0.38,0.08,0.45,0.30,0.38,0.39,0.03,0.42,0.28,0.31
Lamine Koné,ci CIV,DF,Strasbourg,31,1989,15,12,1042,11.juin,1,0,1,1,0,0,3,0,0.8,0.8,0.0,0.9,10,30,2,0.09,0.00,0.09,0.09,0.09,0.07,0.00,0.07,0.07,0.07
Moussa Koné,sn SEN,FW,Nîmes,23,1996,33,21,1755,19.mai,9,0,9,9,0,0,2,0,06.avr,06.avr,1.0,07.avr,22,26,85,0.46,0.00,0.46,0.46,0.46,0.33,0.05,0.38,0.33,0.38
Player,Nation,Pos,Squad,Age,Born,MP,Starts,Min,90s,Gls,Ast,G+A,G-PK,PK,PKatt,CrdY,CrdR,xG,npxG,xAG,npxG+xAG,PrgC,PrgP,PrgR,Gls,Ast,G+A,G-PK,G+A-PK,xG,xAG,xG+xAG,npxG,npxG+xAG
Laurent Koscielny,fr FRA,DF,Bordeaux,34,1985,26,25,2218,24.juin,0,2,2,0,0,0,3,0,01.juin,01.juin,01.janv,02.juil,1,53,3,0.00,0.08,0.08,0.00,0.08,0.06,0.05,0.11,0.06,0.11
Boubakar Kouyaté,ml MLI,DF,Metz,23,1997,25,21,1964,21.août,1,0,1,1,0,0,10,0,2.0,2.0,0.2,02.févr,1,23,3,0.05,0.00,0.05,0.05,0.05,0.09,0.01,0.10,0.09,0.10
Jean-Philippe Krasso,ci CIV,FW,Saint-Étienne,23,1997,6,2,223,02.mai,0,0,0,0,0,0,0,0,0.3,0.3,0.1,0.4,1,6,20,0.00,0.00,0.00,0.00,0.00,0.12,0.03,0.15,0.12,0.15
Layvin Kurzawa,fr FRA,DF,Paris S-G,27,1992,19,15,1278,14.févr,1,1,2,1,0,0,4,1,1.0,1.0,01.mai,02.mai,32,60,121,0.07,0.07,0.14,0.07,0.14,0.07,0.11,0.17,0.07,0.17
Dereck Kutesa,ch SUI,MFFW,Reims,22,1997,28,6,687,07.juin,1,2,3,1,0,0,2,0,1.0,1.0,0.7,01.juil,30,11,68,0.13,0.26,0.39,0.13,0.39,0.14,0.09,0.23,0.14,0.23
Enock Kwateng,fr FRA,DF,Bordeaux,23,1997,18,12,1038,11.mai,1,0,1,1,0,0,4,0,0.5,0.5,0.7,01.févr,15,44,35,0.09,0.00,0.09,0.09,0.09,0.04,0.06,0.10,0.04,0.10
Gaëtan Laborde,fr FRA,FWMF,Montpellier,26,1994,38,38,3256,36.2,16,8,24,16,0,0,3,0,11.avr,11.févr,04.juin,15.août,81,70,238,0.44,0.22,0.66,0.44,0.66,0.31,0.13,0.44,0.31,0.44
Tom Lacoux,fr FRA,MF,Bordeaux,18,2002,13,6,523,05.août,0,0,0,0,0,0,4,1,0.1,0.1,0.1,0.2,3,7,8,0.00,0.00,0.00,0.00,0.00,0.02,0.01,0.03,0.02,0.03
Alban Lafont,ci CIV,GK,Nantes,21,1999,38,38,342,38.0,0,0,0,0,0,0,2,0,0.0,0.0,0.0,0.0,0,0,0,0.00,0.00,0.00,0.00,0.00,0.00,0.00,0.00,0.00,0.00
Kenny Lala,mg MAD,DF,Strasbourg,28,1991,21,21,1834,20.avr,3,2,5,0,3,3,1,0,02.juil,0.4,4.0,04.avr,48,88,88,0.15,0.10,0.25,0.00,0.10,0.13,0.20,0.33,0.02,0.22
Loïck Landre,fr FRA,DF,Nîmes,28,1992,20,20,1626,18.janv,1,0,1,1,0,0,2,1,02.janv,02.janv,0.0,02.janv,11,43,1,0.06,0.00,0.06,0.06,0.06,0.12,0.00,0.12,0.12,0.12
Julien Laporte,fr FRA,DF,Lorient,26,1993,30,30,2659,29.mai,0,0,0,0,0,0,8,1,0.8,0.8,0.3,01.janv,17,74,0,0.00,0.00,0.00,0.00,0.00,0.03,0.01,0.04,0.03,0.04
Gautier Larsonneur,fr FRA,GK,Brest,23,1997,35,35,315,35.0,0,0,0,0,0,0,2,0,0.0,0.0,0.0,0.0,0,0,0,0.00,0.00,0.00,0.00,0.00,0.00,0.00,0.00,0.00,0.00
Paul Lasne,fr FRA,MF,Brest,31,1989,22,19,1681,18.juil,0,0,0,0,0,0,4,1,0.8,0.8,0.3,01.janv,10,69,10,0.00,0.00,0.00,0.00,0.00,0.04,0.02,0.06,0.04,0.06
Armand Lauriente,fr FRA,MFFW,Lorient,21,1998,29,16,1622,18.0,3,5,8,3,0,0,4,0,03.juil,03.juil,05.juin,09.avr,87,43,144,0.17,0.28,0.44,0.17,0.44,0.21,0.31,0.52,0.21,0.52
Wesley Lautoa,nc NCL,MFDF,Dijon,32,1987,25,19,1608,17.sept,0,0,0,0,0,0,4,0,0.6,0.6,0.2,0.8,5,66,5,0.00,0.00,0.00,0.00,0.00,0.03,0.01,0.04,0.03,0.04
Jérémy Le Douaron,fr FRA,FWMF,Brest,22,1998,28,7,816,09.janv,1,2,3,1,0,0,0,0,02.févr,02.févr,0.5,02.août,22,10,68,0.11,0.22,0.33,0.11,0.33,0.25,0.06,0.31,0.25,0.31
Enzo Le Fée,fr FRA,MF,Lorient,20,2000,36,21,1816,20.févr,0,5,5,0,0,0,6,0,01.févr,01.févr,5.0,06.févr,47,101,76,0.00,0.25,0.25,0.00,0.25,0.06,0.25,0.31,0.06,0.31
Vincent Le Goff,fr FRA,DF,Lorient,30,1989,26,26,2306,25.juin,0,0,0,0,0,0,0,0,0.3,0.3,01.août,02.janv,42,88,83,0.00,0.00,0.00,0.00,0.00,0.01,0.07,0.08,0.01,0.08
Damien Le Tallec,fr FRA,MFDF,Montpellier,30,1990,23,13,1227,13.juin,0,0,0,0,0,0,3,1,01.mai,01.mai,0.6,02.janv,8,46,8,0.00,0.00,0.00,0.00,0.00,0.11,0.04,0.15,0.11,0.15
James Lea Siliki,cm CMR,MF,Rennes,24,1996,7,3,255,02.août,0,0,0,0,0,0,0,0,0.2,0.2,0.0,0.3,8,20,14,0.00,0.00,0.00,0.00,0.00,0.09,0.02,0.10,0.09,0.10
Jean-Louis Leca,fr FRA,GK,Lens,34,1985,37,37,3313,36.8,0,0,0,0,0,0,2,0,0.0,0.0,0.1,0.1,0,0,0,0.00,0.00,0.00,0.00,0.00,0.00,0.00,0.00,0.00,0.00
Benjamin Lecomte,fr FRA,GK,Monaco,29,1991,28,28,252,28.0,0,0,0,0,0,0,1,0,0.0,0.0,0.0,0.0,0,3,0,0.00,0.00,0.00,0.00,0.00,0.00,0.00,0.00,0.00,0.00
Pierre Lees-Melou,fr FRA,MF,Nice,27,1993,29,23,2063,22.sept,4,2,6,3,1,1,3,1,04.juil,03.sept,0.8,04.juil,38,141,56,0.17,0.09,0.26,0.13,0.22,0.20,0.03,0.24,0.17,0.21
Fabien Lemoine,fr FRA,MF,Lorient,33,1987,30,24,1934,21.mai,1,0,1,1,0,0,8,0,0.9,0.9,01.mai,02.mars,21,122,26,0.05,0.00,0.05,0.05,0.05,0.04,0.07,0.11,0.04,0.11
Player,Nation,Pos,Squad,Age,Born,MP,Starts,Min,90s,Gls,Ast,G+A,G-PK,PK,PKatt,CrdY,CrdR,xG,npxG,xAG,npxG+xAG,PrgC,PrgP,PrgR,Gls,Ast,G+A,G-PK,G+A-PK,xG,xAG,xG+xAG,npxG,npxG+xAG
Aaron Leya Iseka,be BEL,FW,Metz,22,1997,21,12,1008,11.févr,4,0,4,2,2,3,4,0,04.août,02.mai,0.6,3.0,13,12,51,0.36,0.00,0.36,0.18,0.18,0.43,0.05,0.48,0.22,0.27
Yanis Lhery,fr FRA,MF,Saint-Étienne,17,2003,1,0,30,0.3,0,0,0,0,0,0,0,0,0.0,0.0,0.0,0.0,1,0,3,0.00,0.00,0.00,0.00,0.00,0.09,0.00,0.09,0.09,0.09
Dimitri Liénard,fr FRA,MF,Strasbourg,32,1988,34,19,1829,20.mars,2,4,6,1,1,2,2,0,02.août,01.janv,04.août,05.sept,45,111,87,0.10,0.20,0.30,0.05,0.25,0.14,0.24,0.37,0.05,0.29
Isaac Lihadji,fr FRA,MFFW,Lille,18,2002,15,1,196,02.févr,0,1,1,0,0,0,0,0,0.7,0.7,0.5,01.févr,11,10,30,0.00,0.46,0.46,0.00,0.46,0.34,0.24,0.57,0.34,0.57
Pol Lirola,es ESP,DFFW,Marseille,22,1997,19,17,1553,17.mars,2,2,4,2,0,0,3,0,01.mars,01.mars,02.févr,03.mai,63,55,128,0.12,0.12,0.23,0.12,0.23,0.08,0.13,0.20,0.08,0.20
Anthony Lopes,pt POR,GK,Lyon,29,1990,38,38,342,38.0,0,0,0,0,0,0,2,0,0.0,0.0,0.0,0.0,1,9,0,0.00,0.00,0.00,0.00,0.00,0.00,0.00,0.00,0.00,0.00
Rony Lopes,pt POR,FWMF,Nice,24,1995,28,23,1783,19.août,3,1,4,3,0,0,1,0,02.sept,02.sept,03.sept,06.août,55,68,159,0.15,0.05,0.20,0.15,0.20,0.15,0.20,0.35,0.15,0.35
Maxime Lopez,fr FRA,FWMF,Marseille,22,1997,4,2,134,01.mai,0,0,0,0,0,0,1,0,0.0,0.0,0.1,0.1,0,5,5,0.00,0.00,0.00,0.00,0.00,0.00,0.05,0.05,0.00,0.05
Dion Lopy,sn SEN,MF,Reims,18,2002,4,3,256,02.août,0,0,0,0,0,0,0,0,0.2,0.2,0.1,0.2,5,12,3,0.00,0.00,0.00,0.00,0.00,0.06,0.02,0.08,0.06,0.08
Jordan Lotomba,ch SUI,DFMF,Nice,21,1998,30,24,2123,23.juin,1,0,1,1,0,0,7,1,0.3,0.3,01.mars,01.juin,65,85,115,0.04,0.00,0.04,0.04,0.04,0.01,0.05,0.07,0.01,0.07
Adrien Louveau,fr FRA,MF,Lens,20,2000,1,0,8,0.1,0,0,0,0,0,0,0,0,0.0,0.0,0.0,0.0,0,0,0,0.00,0.00,0.00,0.00,0.00,0.00,0.00,0.00,0.00,0.00
Imran Louza,ma MAR,MF,Nantes,21,1999,33,28,2379,26.avr,7,2,9,2,5,5,4,1,05.août,01.sept,01.août,03.juil,33,152,77,0.26,0.08,0.34,0.08,0.15,0.22,0.07,0.29,0.07,0.14
Jean Lucas,br BRA,MF,Lyon,22,1998,8,1,172,01.sept,0,0,0,0,0,0,1,0,0.2,0.2,0.0,0.2,6,19,9,0.00,0.00,0.00,0.00,0.00,0.08,0.02,0.10,0.08,0.10
Jean Lucas,br BRA,MFFW,Brest,22,1998,16,11,1011,11.févr,0,2,2,0,0,0,4,1,01.févr,01.févr,01.janv,02.mars,28,62,25,0.00,0.18,0.18,0.00,0.18,0.10,0.10,0.20,0.10,0.20
Florentino Luís,pt POR,MF,Monaco,20,1999,9,2,241,02.juil,0,0,0,0,0,0,1,0,0.1,0.1,0.1,0.2,3,16,1,0.00,0.00,0.00,0.00,0.00,0.02,0.05,0.07,0.02,0.07
Yann M'Vila,fr FRA,MF,Saint-Étienne,30,1990,1,0,20,0.2,0,0,0,0,0,0,0,0,0.0,0.0,0.0,0.0,0,2,0,0.00,0.00,0.00,0.00,0.00,0.00,0.00,0.00,0.00,0.00
Yvann Macon,fr FRA,DF,Saint-Étienne,21,1998,6,6,539,6.0,1,1,2,1,0,0,2,0,0.1,0.1,0.1,0.1,16,17,17,0.17,0.17,0.33,0.17,0.33,0.01,0.01,0.02,0.01,0.02
Hugo Magnetti,fr FRA,MF,Brest,22,1998,13,7,603,06.juil,0,0,0,0,0,0,4,0,0.3,0.3,0.4,0.7,6,35,1,0.00,0.00,0.00,0.00,0.00,0.04,0.06,0.10,0.04,0.10
Hicham Mahou,fr FRA,FW,Nice,21,1999,2,0,34,0.4,0,0,0,0,0,0,1,0,0.0,0.0,0.0,0.0,2,2,5,0.00,0.00,0.00,0.00,0.00,0.00,0.08,0.08,0.00,0.08
Habib Maïga,ci CIV,MF,Metz,24,1996,31,31,2693,29.sept,1,3,4,1,0,0,9,0,02.janv,02.janv,01.sept,4.0,47,161,43,0.03,0.10,0.13,0.03,0.13,0.07,0.06,0.13,0.07,0.13
Mike Maignan,fr FRA,GK,Lille,25,1995,38,38,342,38.0,0,0,0,0,0,0,1,0,0.0,0.0,0.1,0.1,0,4,0,0.00,0.00,0.00,0.00,0.00,0.00,0.00,0.00,0.00,0.00
Josh Maja,ng NGA,FW,Bordeaux,21,1998,17,11,804,08.sept,2,0,2,2,0,0,2,0,02.avr,02.avr,0.4,02.août,7,8,57,0.22,0.00,0.22,0.22,0.22,0.27,0.04,0.31,0.27,0.31
Radosław Majecki,pl POL,GK,Monaco,20,1999,1,1,90,1.0,0,0,0,0,0,0,0,0,0.0,0.0,0.0,0.0,0,0,0,0.00,0.00,0.00,0.00,0.00,0.00,0.00,0.00,0.00,0.00
Abdul Majeed Waris,gh GHA,FWMF,Strasbourg,28,1991,15,5,552,06.janv,1,0,1,0,1,1,0,0,01.sept,01.janv,0.1,01.févr,18,9,43,0.16,0.00,0.16,0.00,0.00,0.32,0.01,0.32,0.19,0.20
Marco Majouga,cf CTA,FWMF,Nîmes,19,2001,8,0,124,01.avr,0,0,0,0,0,0,0,0,0.2,0.2,0.7,0.8,5,6,8,0.00,0.00,0.00,0.00,0.00,0.12,0.47,0.58,0.12,0.58
Player,Nation,Pos,Squad,Age,Born,MP,Starts,Min,90s,Gls,Ast,G+A,G-PK,PK,PKatt,CrdY,CrdR,xG,npxG,xAG,npxG+xAG,PrgC,PrgP,PrgR,Gls,Ast,G+A,G-PK,G+A-PK,xG,xAG,xG+xAG,npxG,npxG+xAG
Hianga Mananga Mbock,fr FRA,MFFW,Brest,20,1999,12,4,458,05.janv,0,0,0,0,0,0,1,0,0.2,0.2,0.0,0.2,9,16,4,0.00,0.00,0.00,0.00,0.00,0.03,0.01,0.04,0.03,0.04
Vincent Manceau,fr FRA,DF,Angers,31,1989,27,25,2309,25.juil,0,0,0,0,0,0,4,0,0.2,0.2,0.9,01.janv,37,123,103,0.00,0.00,0.00,0.00,0.00,0.01,0.04,0.04,0.01,0.04
Steve Mandanda,fr FRA,GK,Marseille,35,1985,37,37,333,37.0,0,0,0,0,0,0,1,0,0.0,0.0,0.0,0.0,0,0,0,0.00,0.00,0.00,0.00,0.00,0.00,0.00,0.00,0.00,0.00
Reinildo Mandava,mz MOZ,DF,Lille,26,1994,29,24,218,24.févr,0,0,0,0,0,0,2,1,0.1,0.1,01.avr,01.juin,48,117,145,0.00,0.00,0.00,0.00,0.00,0.01,0.06,0.06,0.01,0.06
Thomas Mangani,fr FRA,MF,Angers,33,1987,35,32,2691,29.sept,3,3,6,0,3,3,3,0,03.mars,0.9,03.juil,04.juin,22,265,36,0.10,0.10,0.20,0.00,0.10,0.11,0.12,0.23,0.03,0.15
Vito Mannone,it ITA,GK,Monaco,32,1988,9,9,810,9.0,0,0,0,0,0,0,0,0,0.0,0.0,0.0,0.0,0,1,0,0.00,0.00,0.00,0.00,0.00,0.00,0.00,0.00,0.00,0.00
Myziane Maolida,km COM,FWMF,Nice,21,1999,19,11,1077,12.0,3,1,4,3,0,0,2,0,02.févr,02.févr,01.sept,04.janv,35,20,92,0.25,0.08,0.33,0.25,0.33,0.19,0.16,0.34,0.19,0.34
Faitout Maouassa,fr FRA,DF,Rennes,22,1998,23,13,117,13.0,0,1,1,0,0,0,4,0,1.0,1.0,0.9,01.août,43,58,60,0.00,0.08,0.08,0.00,0.08,0.07,0.07,0.14,0.07,0.14
Sekou Mara,fr FRA,FWMF,Bordeaux,18,2002,8,2,229,02.mai,1,2,3,1,0,0,0,0,0.5,0.5,0.4,0.9,5,3,17,0.39,0.79,janv.18,0.39,janv.18,0.20,0.16,0.36,0.20,0.36
Fernando Marçal,br BRA,DF,Lyon,31,1989,1,1,78,0.9,0,0,0,0,0,0,0,0,0.0,0.0,0.0,0.0,2,18,0,0.00,0.00,0.00,0.00,0.00,0.00,0.00,0.00,0.00,0.00
Marcelo,br BRA,DF,Lyon,33,1987,34,34,2907,32.3,3,0,3,3,0,0,7,2,01.août,01.août,0.5,02.mars,18,146,6,0.09,0.00,0.09,0.09,0.09,0.06,0.01,0.07,0.06,0.07
Dario Maresic,at AUT,DF,Reims,20,1999,8,5,514,05.juil,0,0,0,0,0,0,0,0,0.0,0.0,0.0,0.0,9,39,3,0.00,0.00,0.00,0.00,0.00,0.00,0.00,0.00,0.00,0.00
Jordan Marié,fr FRA,MF,Dijon,28,1991,24,16,1432,15.sept,0,0,0,0,0,0,2,0,0.9,0.9,0.8,01.juil,6,70,24,0.00,0.00,0.00,0.00,0.00,0.05,0.05,0.11,0.05,0.11
Guillermo Maripán,cl CHI,DF,Monaco,26,1994,28,22,2089,23.févr,5,1,6,5,0,0,7,0,02.févr,02.févr,0.5,02.juil,16,83,4,0.22,0.04,0.26,0.22,0.26,0.09,0.02,0.12,0.09,0.12
Marquinhos,br BRA,DF,Paris S-G,26,1994,25,24,2128,23.juin,3,1,4,3,0,0,2,0,02.févr,02.févr,0.2,02.mai,14,117,7,0.13,0.04,0.17,0.13,0.17,0.09,0.01,0.10,0.09,0.10
Jonas Martin,fr FRA,MF,Rennes,30,1990,12,6,482,05.avr,0,0,0,0,0,0,3,0,0.0,0.0,0.1,0.1,5,26,9,0.00,0.00,0.00,0.00,0.00,0.00,0.02,0.02,0.00,0.02
Pablo Martinez,fr FRA,DF,Nîmes,31,1989,7,6,540,6.0,0,1,1,0,0,0,1,0,0.0,0.0,0.1,0.1,6,21,0,0.00,0.17,0.17,0.00,0.17,0.00,0.01,0.01,0.00,0.01
Gelson Martins,pt POR,MFFW,Monaco,25,1995,23,20,1551,17.févr,3,2,5,3,0,0,3,0,02.juil,02.juil,03.févr,05.août,57,60,191,0.17,0.12,0.29,0.17,0.29,0.15,0.18,0.34,0.15,0.34
Sylvain Marveaux,fr FRA,MFFW,Lorient,34,1986,9,2,200,02.févr,0,0,0,0,0,0,0,0,0.9,0.9,0.1,01.janv,9,16,5,0.00,0.00,0.00,0.00,0.00,0.41,0.06,0.47,0.41,0.47
Pape Matar Sarr,sn SEN,MF,Metz,17,2002,22,18,1594,17.juil,3,0,3,3,0,0,5,0,01.janv,01.janv,0.5,01.juin,44,99,29,0.17,0.00,0.17,0.17,0.17,0.06,0.03,0.09,0.06,0.09
Eliot Matazo,be BEL,MF,Monaco,18,2002,10,3,314,03.mai,1,1,2,1,0,0,0,1,0.8,0.8,0.3,01.janv,2,7,5,0.29,0.29,0.57,0.29,0.57,0.22,0.10,0.32,0.22,0.32
Chrislain Matsima,fr FRA,DFFW,Monaco,18,2002,9,3,352,03.sept,0,0,0,0,0,0,2,0,0.2,0.2,0.1,0.3,10,34,1,0.00,0.00,0.00,0.00,0.00,0.05,0.02,0.08,0.05,0.08
Tony Mauricio,fr FRA,MF,Lens,26,1994,26,2,502,05.juin,0,4,4,0,0,0,3,0,0.4,0.4,01.mai,01.sept,10,33,25,0.00,0.72,0.72,0.00,0.72,0.08,0.26,0.34,0.08,0.34
Stephy Mavididi,eng ENG,FWMF,Montpellier,22,1998,35,23,203,22.juin,9,0,9,9,0,0,3,0,05.juin,05.juin,01.févr,06.août,78,23,141,0.40,0.00,0.40,0.40,0.40,0.25,0.05,0.30,0.25,0.30
Youssef Maziz,fr FRA,MFFW,Metz,22,1998,11,2,257,02.sept,0,0,0,0,0,0,1,0,0.3,0.3,0.4,0.6,9,18,3,0.00,0.00,0.00,0.00,0.00,0.09,0.13,0.22,0.09,0.22
Player,Nation,Pos,Squad,Age,Born,MP,Starts,Min,90s,Gls,Ast,G+A,G-PK,PK,PKatt,CrdY,CrdR,xG,npxG,xAG,npxG+xAG,PrgC,PrgP,PrgR,Gls,Ast,G+A,G-PK,G+A-PK,xG,xAG,xG+xAG,npxG,npxG+xAG
Kylian Mbappé,fr FRA,FW,Paris S-G,21,1998,31,27,238,26.avr,27,7,34,21,6,6,5,0,22.janv,17.avr,04.août,22.févr,163,80,345,01.févr,0.26,janv.29,0.79,01.juin,0.83,0.18,01.févr,0.66,0.84
Nathanael Mbuku,cd COD,MFFW,Reims,18,2002,32,28,221,24.juin,4,1,5,4,0,0,3,0,02.juin,02.juin,02.avr,5.0,47,77,114,0.16,0.04,0.20,0.16,0.20,0.11,0.10,0.20,0.11,0.20
Facundo Medina,ar ARG,DF,Lens,21,1999,24,23,2007,22.mars,2,0,2,2,0,0,11,0,01.févr,01.févr,0.5,01.juil,24,133,6,0.09,0.00,0.09,0.09,0.09,0.05,0.02,0.08,0.05,0.08
Farid El Melali,dz ALG,FWMF,Angers,23,1997,17,4,414,04.juin,1,0,1,1,0,0,1,0,01.févr,01.févr,0.1,01.mars,16,13,49,0.22,0.00,0.22,0.22,0.22,0.26,0.02,0.28,0.26,0.28
Birger Meling,no NOR,DF,Nîmes,25,1994,26,26,2328,25.sept,2,3,5,2,0,0,4,0,0.6,0.6,01.sept,02.mai,53,107,98,0.08,0.12,0.19,0.08,0.19,0.02,0.07,0.10,0.02,0.10
Memphis,nl NED,FW,Lyon,26,1994,37,33,2923,32.5,20,12,32,12,8,8,4,0,16.juin,10.mars,14.0,24.mars,95,131,329,0.62,0.37,0.99,0.37,0.74,0.51,0.43,0.94,0.32,0.75
Houboulang Mendes,gw GNB,DF,Lorient,22,1998,17,15,1297,14.avr,0,0,0,0,0,0,3,0,0.1,0.1,0.2,0.3,27,37,76,0.00,0.00,0.00,0.00,0.00,0.01,0.01,0.02,0.01,0.02
Pedro Mendes,pt POR,DF,Montpellier,29,1990,22,19,1626,18.janv,2,0,2,2,0,0,5,0,01.mars,01.mars,0.6,01.sept,8,48,1,0.11,0.00,0.11,0.11,0.11,0.07,0.03,0.10,0.07,0.10
Thiago Mendes,br BRA,MF,Lyon,28,1992,32,23,2243,24.sept,0,1,1,0,0,0,5,1,1.0,1.0,01.mars,02.avr,20,179,26,0.00,0.04,0.04,0.00,0.04,0.04,0.05,0.10,0.04,0.10
Batista Mendy,fr FRA,MF,Nantes,20,2000,2,0,76,0.8,0,0,0,0,0,0,0,0,0.0,0.0,0.0,0.0,0,3,1,0.00,0.00,0.00,0.00,0.00,0.00,0.00,0.00,0.00,0.00
Edouard Mendy,sn SEN,GK,Rennes,28,1992,1,1,90,1.0,0,0,0,0,0,0,0,0,0.0,0.0,0.0,0.0,0,0,0,0.00,0.00,0.00,0.00,0.00,0.00,0.05,0.05,0.00,0.05
Mexer,mz MOZ,DF,Bordeaux,31,1988,9,8,712,07.sept,0,0,0,0,0,0,3,0,0.1,0.1,0.2,0.3,1,22,2,0.00,0.00,0.00,0.00,0.00,0.02,0.02,0.04,0.02,0.04
Clément Michelin,fr FRA,DF,Lens,23,1997,26,13,1154,12.août,0,4,4,0,0,0,3,2,0.4,0.4,03.juil,04.janv,18,27,64,0.00,0.31,0.31,0.00,0.31,0.03,0.29,0.32,0.03,0.32
Edouard Michut,fr FRA,MF,Paris S-G,17,2003,1,0,2,0.0,0,0,0,0,0,0,0,0,0.0,0.0,0.0,0.0,0,0,0,0.00,0.00,0.00,0.00,0.00,0.00,0.00,0.00,0.00,0.00
Florian Miguel,fr FRA,DF,Nîmes,23,1996,21,18,1538,17.janv,0,0,0,0,0,0,4,2,0.8,0.8,0.1,0.9,10,59,10,0.00,0.00,0.00,0.00,0.00,0.05,0.00,0.05,0.05,0.05
Arkadiusz Milik,pl POL,FW,Marseille,26,1994,15,14,122,13.juin,9,1,10,6,3,3,2,0,07.avr,05.janv,0.9,05.sept,15,24,74,0.66,0.07,0.74,0.44,0.52,0.55,0.06,0.61,0.37,0.44
Enzo Millot,fr FRA,MF,Monaco,18,2002,2,0,41,0.5,0,0,0,0,0,0,0,0,0.2,0.2,0.1,0.3,2,0,5,0.00,0.00,0.00,0.00,0.00,0.41,0.19,0.60,0.41,0.60
Stefan Mitrović,rs SRB,DF,Strasbourg,30,1990,32,31,2784,30.sept,2,0,2,2,0,0,3,1,01.mars,01.mars,0.3,01.juin,7,48,0,0.06,0.00,0.06,0.06,0.06,0.04,0.01,0.05,0.04,0.05
Anthony Modeste,fr FRA,FWMF,Saint-Étienne,32,1988,7,3,293,03.mars,0,0,0,0,0,0,1,0,0.7,0.7,0.2,0.9,3,4,14,0.00,0.00,0.00,0.00,0.00,0.23,0.06,0.29,0.23,0.29
Terem Moffi,ng NGA,FW,Lorient,21,1999,32,26,2073,23.0,14,2,16,13,1,1,2,0,10.mars,09.mai,03.févr,12.juil,35,34,131,0.61,0.09,0.69,0.56,0.65,0.45,0.14,0.59,0.41,0.55
Florent Mollet,fr FRA,MF,Montpellier,28,1991,34,30,2355,26.févr,3,5,8,3,0,0,5,2,04.févr,04.févr,03.avr,07.juin,48,143,127,0.11,0.19,0.31,0.11,0.31,0.16,0.13,0.29,0.16,0.29
Thomas Monconduit,fr FRA,MF,Lorient,29,1991,27,12,1153,12.août,2,0,2,2,0,0,4,0,01.févr,01.févr,0.9,02.janv,14,89,11,0.16,0.00,0.16,0.16,0.16,0.09,0.07,0.16,0.09,0.16
Kévin Monnet-Paquet,fr FRA,MFFW,Saint-Étienne,31,1988,16,7,564,06.mars,0,0,0,0,0,0,0,0,0.3,0.3,0.3,0.6,12,11,46,0.00,0.00,0.00,0.00,0.00,0.05,0.04,0.09,0.05,0.09
Jérémy Morel,mg MAD,DF,Lorient,36,1984,28,28,2493,27.juil,0,0,0,0,0,0,1,0,0.4,0.4,0.3,0.7,22,50,17,0.00,0.00,0.00,0.00,0.00,0.02,0.01,0.03,0.02,0.03
Aimen Moueffek,fr FRA,DFMF,Saint-Étienne,19,2001,19,6,743,08.mars,0,0,0,0,0,0,3,0,0.1,0.1,0.4,0.4,17,33,12,0.00,0.00,0.00,0.00,0.00,0.01,0.05,0.05,0.01,0.05
Player,Nation,Pos,Squad,Age,Born,MP,Starts,Min,90s,Gls,Ast,G+A,G-PK,PK,PKatt,CrdY,CrdR,xG,npxG,xAG,npxG+xAG,PrgC,PrgP,PrgR,Gls,Ast,G+A,G-PK,G+A-PK,xG,xAG,xG+xAG,npxG,npxG+xAG
Harold Moukoudi,cm CMR,DF,Saint-Étienne,22,1997,26,26,2276,25.mars,3,1,4,3,0,0,6,0,02.févr,02.févr,0.9,03.janv,13,63,5,0.12,0.04,0.16,0.12,0.16,0.09,0.04,0.12,0.09,0.12
Jessy Moulin,fr FRA,GK,Saint-Étienne,34,1986,29,29,261,29.0,0,0,0,0,0,0,1,0,0.0,0.0,0.0,0.0,0,0,0,0.00,0.00,0.00,0.00,0.00,0.00,0.00,0.00,0.00,0.00
Steve Mounié,bj BEN,FW,Brest,25,1994,35,31,268,29.août,9,4,13,8,1,2,6,0,12.janv,10.mai,02.sept,13.avr,27,49,140,0.30,0.13,0.44,0.27,0.40,0.41,0.10,0.50,0.35,0.45
Samuel Moutoussamy,cd COD,FW,Nantes,23,1996,1,1,82,0.9,0,0,0,0,0,0,0,0,0.1,0.1,0.0,0.1,1,3,7,0.00,0.00,0.00,0.00,0.00,0.09,0.00,0.09,0.09,0.09
Loris Mouyokolo,fr FRA,DF,Lorient,19,2001,1,0,19,0.2,0,0,0,0,0,0,0,0,0.0,0.0,0.0,0.0,0,0,0,0.00,0.00,0.00,0.00,0.00,0.00,0.00,0.00,0.00,0.00
Marshall Munetsi,zw ZIM,MFDF,Reims,24,1996,27,21,1928,21.avr,1,0,1,1,0,0,7,1,1.0,1.0,0.2,01.mars,9,50,14,0.05,0.00,0.05,0.05,0.05,0.05,0.01,0.06,0.05,0.06
Kévin N'Doram,fr FRA,MF,Metz,24,1996,6,4,307,03.avr,0,0,0,0,0,0,0,0,0.0,0.0,0.0,0.0,2,10,1,0.00,0.00,0.00,0.00,0.00,0.00,0.00,0.00,0.00,0.00
Stanley N'Soki,fr FRA,DF,Nice,21,1999,18,13,1246,13.août,0,0,0,0,0,0,4,0,0.7,0.7,0.2,0.9,15,75,14,0.00,0.00,0.00,0.00,0.00,0.05,0.02,0.07,0.05,0.07
Yuto Nagatomo,jp JPN,DF,Marseille,33,1986,25,20,1594,17.juil,0,1,1,0,0,0,2,0,0.1,0.1,0.4,0.5,19,48,64,0.00,0.06,0.06,0.00,0.06,0.01,0.02,0.03,0.01,0.03
Kenny Nagera,fr FRA,FW,Paris S-G,18,2002,1,0,2,0.0,0,0,0,0,0,0,0,0,0.0,0.0,0.0,0.0,1,0,1,0.00,0.00,0.00,0.00,0.00,0.00,0.00,0.00,0.00,0.00
Paul Nardi,fr FRA,GK,Lorient,26,1994,23,23,207,23.0,0,0,0,0,0,0,1,0,0.0,0.0,0.2,0.2,0,0,0,0.00,0.00,0.00,0.00,0.00,0.00,0.01,0.01,0.00,0.01
Keylor Navas,cr CRC,GK,Paris S-G,33,1986,29,29,252,28.0,0,0,0,0,0,0,0,0,0.0,0.0,0.0,0.0,0,1,0,0.00,0.00,0.00,0.00,0.00,0.00,0.00,0.00,0.00,0.00
Papa Ndiaga Yade,mr MTN,FWMF,Metz,20,2000,28,9,1001,11.janv,3,4,7,3,0,0,4,0,01.avr,01.avr,02.avr,03.août,41,22,81,0.27,0.36,0.63,0.27,0.63,0.13,0.22,0.34,0.13,0.34
Bridge Ndilu,fr FRA,FWMF,Nantes,20,2000,6,0,42,0.5,0,0,0,0,0,0,1,0,0.1,0.1,0.3,0.4,2,1,6,0.00,0.00,0.00,0.00,0.00,0.26,0.67,0.93,0.26,0.93
Dan Ndoye,ch SUI,FWMF,Nice,19,2000,28,3,551,06.janv,1,1,2,1,0,0,0,0,0.7,0.7,0.7,01.avr,22,7,65,0.16,0.16,0.33,0.16,0.33,0.12,0.11,0.22,0.12,0.22
Neymar,br BRA,MFFW,Paris S-G,28,1992,18,15,1415,15.juil,9,5,14,4,5,6,7,2,13.janv,08.avr,07.févr,15.juin,103,160,163,0.57,0.32,0.89,0.25,0.57,0.83,0.46,janv.29,0.53,0.99
Yvan Neyou,cm CMR,MF,Saint-Étienne,23,1997,31,29,2438,27.janv,1,2,3,1,0,0,9,0,01.mars,01.mars,02.févr,03.mai,45,118,35,0.04,0.07,0.11,0.04,0.11,0.05,0.08,0.13,0.05,0.13
Muzinga Ngonda,cd COD,DF,Dijon,25,1994,30,25,2307,25.juin,2,0,2,2,0,0,5,0,0.3,0.3,01.janv,01.avr,40,135,96,0.08,0.00,0.08,0.08,0.08,0.01,0.04,0.05,0.01,0.05
Ahmad Ngouyamsa,td CHA,DF,Dijon,19,2000,3,2,157,01.juil,0,0,0,0,0,0,1,0,0.0,0.0,0.0,0.0,2,2,0,0.00,0.00,0.00,0.00,0.00,0.00,0.00,0.00,0.00,0.00
Opa Nguette,sn SEN,FWMF,Metz,26,1994,16,13,1132,12.juin,3,1,4,3,0,1,0,0,03.mars,02.juin,0.7,03.mars,33,19,85,0.24,0.08,0.32,0.24,0.32,0.27,0.06,0.32,0.20,0.26
Ibrahima Niane,sn SEN,FW,Metz,21,1999,10,9,663,07.avr,6,0,6,5,1,1,0,0,03.mai,02.juil,0.1,02.août,9,12,44,0.81,0.00,0.81,0.68,0.68,0.47,0.02,0.49,0.37,0.38
M'Baye Niang,sn SEN,FW,Rennes,25,1994,9,4,422,04.juil,1,0,1,1,0,0,0,0,1.0,1.0,0.1,01.janv,3,0,30,0.21,0.00,0.21,0.21,0.21,0.22,0.02,0.24,0.22,0.24
Casimir Ninga,td CHA,FW,Angers,27,1993,1,0,23,0.3,0,0,0,0,0,0,0,0,0.0,0.0,0.0,0.0,0,4,3,0.00,0.00,0.00,0.00,0.00,0.00,0.00,0.00,0.00,0.00
Arnaud Nordin,fr FRA,MFFW,Saint-Étienne,22,1998,32,20,1771,19.juil,4,4,8,4,0,0,1,0,03.sept,03.sept,02.sept,06.sept,55,46,101,0.20,0.20,0.41,0.20,0.41,0.20,0.15,0.35,0.20,0.35
Olivier Ntcham,cm CMR,MF,Marseille,24,1996,4,2,120,01.mars,0,0,0,0,0,0,0,0,0.1,0.1,0.0,0.1,4,2,2,0.00,0.00,0.00,0.00,0.00,0.06,0.00,0.06,0.06,0.06
Player,Nation,Pos,Squad,Age,Born,MP,Starts,Min,90s,Gls,Ast,G+A,G-PK,PK,PKatt,CrdY,CrdR,xG,npxG,xAG,npxG+xAG,PrgC,PrgP,PrgR,Gls,Ast,G+A,G-PK,G+A-PK,xG,xAG,xG+xAG,npxG,npxG+xAG
Gerzino Nyamsi,fr FRA,DF,Rennes,23,1997,14,10,871,09.juil,1,0,1,1,0,0,2,0,0.5,0.5,0.1,0.6,7,38,1,0.10,0.00,0.10,0.10,0.10,0.05,0.01,0.07,0.05,0.07
Steven Nzonzi,fr FRA,MF,Rennes,31,1988,34,33,2908,32.3,1,1,2,1,0,0,8,1,01.juil,01.juil,0.9,02.mai,45,274,46,0.03,0.03,0.06,0.03,0.06,0.05,0.03,0.08,0.05,0.08
Jonas Omlin,ch SUI,GK,Montpellier,26,1994,31,31,2673,29.juil,0,0,0,0,0,0,0,1,0.0,0.0,0.0,0.0,0,0,0,0.00,0.00,0.00,0.00,0.00,0.00,0.00,0.00,0.00,0.00
Henry Onyekuru,ng NGA,FW,Monaco,23,1997,4,2,140,01.juin,0,1,1,0,0,0,0,0,0.2,0.2,0.5,0.6,8,1,10,0.00,0.64,0.64,0.00,0.64,0.11,0.30,0.40,0.11,0.40
Otávio,br BRA,MF,Bordeaux,26,1994,18,18,1559,17.mars,1,0,1,1,0,0,6,0,0.4,0.4,0.1,0.5,8,53,6,0.06,0.00,0.06,0.06,0.06,0.03,0.00,0.03,0.03,0.03
Remi Oudin,fr FRA,FWMF,Bordeaux,23,1996,38,27,242,26.sept,4,4,8,4,0,0,2,0,03.sept,03.sept,5.0,08.sept,77,77,210,0.15,0.15,0.30,0.15,0.30,0.15,0.19,0.33,0.15,0.33
Alexandre Oukidja,dz ALG,GK,Metz,32,1988,34,34,3058,34.0,0,0,0,0,0,0,3,1,0.0,0.0,0.0,0.0,0,3,1,0.00,0.00,0.00,0.00,0.00,0.00,0.00,0.00,0.00,0.00
Zinédine Ould Khaled,fr FRA,MF,Angers,20,2000,3,0,38,0.4,0,0,0,0,0,0,1,0,0.0,0.0,0.0,0.0,1,0,0,0.00,0.00,0.00,0.00,0.00,0.00,0.00,0.00,0.00,0.00
Ambroise Oyongo,cm CMR,DF,Montpellier,29,1991,13,5,558,06.févr,1,1,2,1,0,0,1,0,0.3,0.3,0.2,0.5,6,29,15,0.16,0.16,0.32,0.16,0.32,0.05,0.04,0.08,0.05,0.08
Pablo,br BRA,DF,Bordeaux,29,1991,13,12,1076,12.0,1,0,1,1,0,0,5,0,01.janv,01.janv,0.2,01.mars,0,12,1,0.08,0.00,0.08,0.08,0.08,0.09,0.02,0.11,0.09,0.11
Vincent Pajot,fr FRA,MF,Metz,29,1990,12,11,914,10.févr,0,0,0,0,0,0,3,0,0.6,0.6,0.2,0.8,8,40,14,0.00,0.00,0.00,0.00,0.00,0.06,0.02,0.08,0.06,0.08
Nicolas Pallois,fr FRA,DF,Nantes,32,1987,32,31,2776,30.août,2,0,2,2,0,0,8,1,01.sept,01.sept,0.2,02.janv,20,103,5,0.06,0.00,0.06,0.06,0.06,0.06,0.01,0.07,0.06,0.07
Jonathan Panzo,eng ENG,DF,Dijon,19,2000,22,21,1801,20.0,0,0,0,0,0,0,5,0,0.3,0.3,0.0,0.3,14,56,1,0.00,0.00,0.00,0.00,0.00,0.02,0.00,0.02,0.02,0.02
Lucas Paquetá,br BRA,MF,Lyon,22,1997,30,27,2275,25.mars,9,5,14,9,0,0,6,1,7.0,7.0,05.janv,12.janv,38,190,99,0.36,0.20,0.55,0.36,0.55,0.28,0.20,0.48,0.28,0.48
Gaëtan Paquiez,fr FRA,DF,Nîmes,26,1994,16,11,1046,11.juin,0,0,0,0,0,0,1,0,0.1,0.1,0.2,0.4,22,49,18,0.00,0.00,0.00,0.00,0.00,0.01,0.02,0.03,0.01,0.03
Rubén Pardo,es ESP,MF,Bordeaux,27,1992,2,0,23,0.3,0,0,0,0,0,0,0,0,0.0,0.0,0.0,0.0,0,2,2,0.00,0.00,0.00,0.00,0.00,0.00,0.00,0.00,0.00,0.00
Leandro Paredes,ar ARG,MF,Paris S-G,26,1994,21,16,1302,14.mai,1,2,3,1,0,0,7,1,01.janv,01.janv,01.avr,02.mai,22,144,8,0.07,0.14,0.21,0.07,0.21,0.08,0.09,0.17,0.08,0.17
Mateo Pavlović,ba BIH,DF,Angers,30,1990,14,12,1104,12.mars,0,1,1,0,0,0,3,0,0.4,0.4,0.6,1.0,2,22,0,0.00,0.08,0.08,0.00,0.08,0.03,0.05,0.08,0.03,0.08
Strahinja Pavlović,rs SRB,DF,Monaco,19,2001,1,0,1,0.0,0,0,0,0,0,0,0,0,0.0,0.0,0.0,0.0,0,0,1,0.00,0.00,0.00,0.00,0.00,0.00,0.00,0.00,0.00,0.00
Dimitri Payet,fr FRA,FWMF,Marseille,33,1987,33,28,2417,26.sept,7,10,17,7,0,1,4,2,05.sept,05.janv,8.0,13.janv,78,150,248,0.26,0.37,0.63,0.26,0.63,0.22,0.30,0.52,0.19,0.49
Yohann Pelé,fr FRA,GK,Marseille,37,1982,1,1,90,1.0,0,0,0,0,0,0,0,0,0.0,0.0,0.0,0.0,0,0,0,0.00,0.00,0.00,0.00,0.00,0.00,0.00,0.00,0.00,0.00
Pietro Pellegri,it ITA,FWMF,Monaco,19,2001,16,0,230,02.juin,1,0,1,1,0,0,2,1,02.janv,02.janv,0.2,02.mars,6,2,16,0.39,0.00,0.39,0.39,0.39,0.81,0.08,0.89,0.81,0.89
Andy Pelmard,mg MAD,DF,Nice,20,2000,19,12,1207,13.avr,0,0,0,0,0,0,1,0,0.1,0.1,0.0,0.2,22,60,10,0.00,0.00,0.00,0.00,0.00,0.01,0.00,0.01,0.01,0.01
Timothee Pembele,fr FRA,DF,Paris S-G,17,2002,6,3,383,04.mars,1,0,1,1,0,0,1,0,0.9,0.9,0.1,1.0,15,11,17,0.23,0.00,0.23,0.23,0.23,0.21,0.02,0.23,0.21,0.23
Danilo Pereira,pt POR,MFDF,Paris S-G,28,1991,23,16,143,15.sept,2,1,3,2,0,0,3,0,01.mai,01.mai,0.6,02.janv,10,82,4,0.13,0.06,0.19,0.13,0.19,0.09,0.04,0.13,0.09,0.13
Player,Nation,Pos,Squad,Age,Born,MP,Starts,Min,90s,Gls,Ast,G+A,G-PK,PK,PKatt,CrdY,CrdR,xG,npxG,xAG,npxG+xAG,PrgC,PrgP,PrgR,Gls,Ast,G+A,G-PK,G+A-PK,xG,xAG,xG+xAG,npxG,npxG+xAG
Mathias Pereira Lage,pt POR,FWMF,Angers,23,1996,28,16,1467,16.mars,4,1,5,4,0,0,5,0,02.janv,02.janv,0.6,02.juil,24,44,87,0.25,0.06,0.31,0.25,0.31,0.13,0.04,0.16,0.13,0.16
Manuel Perez,fr FRA,MFFW,Lens,29,1991,4,1,128,01.avr,0,0,0,0,0,0,1,0,0.1,0.1,0.0,0.1,1,6,1,0.00,0.00,0.00,0.00,0.00,0.04,0.00,0.04,0.04,0.04
Romain Perraud,fr FRA,DF,Brest,22,1997,36,35,314,34.9,3,7,10,3,0,0,4,0,02.juil,02.juil,03.juin,06.mars,107,132,213,0.09,0.20,0.29,0.09,0.29,0.08,0.10,0.18,0.08,0.18
Lucas Perrin,fr FRA,DF,Marseille,21,1998,7,3,308,03.avr,1,0,1,1,0,0,1,0,0.4,0.4,0.0,0.4,0,12,3,0.29,0.00,0.29,0.29,0.29,0.12,0.01,0.13,0.12,0.13
Rayan Philippe,fr FRA,FW,Dijon,19,2000,4,1,93,1.0,0,0,0,0,0,0,0,0,0.5,0.5,0.0,0.5,0,0,4,0.00,0.00,0.00,0.00,0.00,0.45,0.00,0.45,0.45,0.45
Romain Philippoteaux,fr FRA,FWMF,Nîmes,32,1988,3,3,214,02.avr,1,1,2,1,0,0,0,0,0.4,0.4,0.6,1.0,7,11,15,0.42,0.42,0.84,0.42,0.84,0.17,0.27,0.44,0.17,0.44
Romain Philippoteaux,fr FRA,MFFW,Brest,32,1988,17,8,581,06.mai,1,0,1,1,0,0,0,0,0.7,0.7,0.3,0.9,9,14,51,0.15,0.00,0.15,0.15,0.15,0.10,0.04,0.14,0.10,0.14
Jérémy Pied,fr FRA,DF,Lille,31,1989,6,4,318,03.mai,0,0,0,0,0,0,1,0,0.0,0.0,0.6,0.6,12,33,35,0.00,0.00,0.00,0.00,0.00,0.01,0.17,0.18,0.01,0.18
Ronaël Pierre-Gabriel,fr FRA,DF,Brest,22,1998,29,28,2305,25.juin,1,0,1,1,0,0,4,0,0.5,0.5,1.0,01.mai,34,124,78,0.04,0.00,0.04,0.04,0.04,0.02,0.04,0.06,0.02,0.06
Maxime Poundjé,fr FRA,DF,Bordeaux,27,1992,14,4,491,05.mai,0,0,0,0,0,0,1,0,0.0,0.0,0.1,0.1,21,16,17,0.00,0.00,0.00,0.00,0.00,0.01,0.01,0.02,0.01,0.02
Sanjin Prcić,ba BIH,MF,Strasbourg,26,1993,14,3,353,03.sept,0,1,1,0,0,0,1,0,0.2,0.2,0.5,0.7,4,34,5,0.00,0.25,0.25,0.00,0.25,0.06,0.12,0.18,0.06,0.18
Nicolas de Préville,fr FRA,FWMF,Bordeaux,29,1991,33,15,1611,17.sept,1,2,3,1,0,0,3,0,03.août,03.août,03.avr,07.févr,41,74,111,0.06,0.11,0.17,0.06,0.17,0.21,0.19,0.40,0.21,0.40
Anthony Racioppi,ch SUI,GK,Dijon,21,1998,21,21,189,21.0,0,0,0,0,0,0,0,0,0.0,0.0,0.2,0.2,0,0,0,0.00,0.00,0.00,0.00,0.00,0.00,0.01,0.01,0.00,0.01
Nemanja Radonjić,rs SRB,FW,Marseille,24,1996,12,4,396,04.avr,2,1,3,2,0,0,2,0,01.juin,01.juin,0.3,01.sept,20,10,39,0.45,0.23,0.68,0.45,0.68,0.37,0.07,0.44,0.37,0.44
Aleksandar Radovanović,rs SRB,DF,Lens,26,1993,1,1,90,1.0,0,0,0,0,0,0,0,0,0.0,0.0,0.0,0.0,0,1,0,0.00,0.00,0.00,0.00,0.00,0.00,0.00,0.00,0.00,0.00
Rafinha,br BRA,MFFW,Paris S-G,27,1993,23,15,1361,15.janv,0,4,4,0,0,0,2,0,01.avr,01.avr,02.juin,04.janv,55,119,63,0.00,0.26,0.26,0.00,0.26,0.09,0.17,0.27,0.09,0.27
Predrag Rajković,rs SRB,GK,Reims,24,1995,37,37,3285,36.5,0,0,0,0,0,0,2,0,0.0,0.0,0.0,0.0,0,0,0,0.00,0.00,0.00,0.00,0.00,0.00,0.00,0.00,0.00,0.00
Raphinha,br BRA,FWMF,Rennes,23,1996,6,5,404,04.mai,1,2,3,1,0,0,0,0,0.9,0.9,0.9,01.juil,11,12,31,0.22,0.45,0.67,0.22,0.67,0.20,0.19,0.39,0.20,0.39
Jeff Reine-Adélaïde,fr FRA,MFFW,Nice,22,1998,14,12,1058,11.août,1,2,3,1,0,0,1,0,01.juil,01.juil,02.mars,03.sept,36,71,62,0.09,0.17,0.26,0.09,0.26,0.14,0.19,0.34,0.14,0.34
Jeff Reine-Adélaïde,fr FRA,FW,Lyon,22,1998,1,0,24,0.3,0,0,0,0,0,0,0,0,0.0,0.0,0.1,0.1,3,4,6,0.00,0.00,0.00,0.00,0.00,0.17,0.18,0.35,0.17,0.35
Panagiotis Retsos,gr GRE,DF,Saint-Étienne,21,1998,4,4,272,3.0,0,0,0,0,0,0,2,0,0.1,0.1,0.1,0.1,4,6,2,0.00,0.00,0.00,0.00,0.00,0.02,0.03,0.04,0.02,0.04
Baptiste Reynet,fr FRA,GK,Nîmes,29,1990,38,38,342,38.0,0,0,0,0,0,0,3,0,0.1,0.1,0.5,0.6,1,0,0,0.00,0.00,0.00,0.00,0.00,0.00,0.01,0.01,0.00,0.01
Sergio Rico,es ESP,GK,Paris S-G,26,1993,10,8,810,9.0,0,0,0,0,0,0,0,0,0.0,0.0,0.0,0.0,0,0,0,0.00,0.00,0.00,0.00,0.00,0.00,0.00,0.00,0.00,0.00
Renaud Ripart,fr FRA,MFFW,Nîmes,27,1993,38,35,3054,33.9,11,0,11,5,6,7,3,0,10.juil,05.févr,02.févr,07.mai,40,124,152,0.32,0.00,0.32,0.15,0.15,0.32,0.07,0.38,0.15,0.22
Mihailo Ristić,rs SRB,DF,Montpellier,24,1995,34,26,2236,24.août,0,2,2,0,0,0,4,0,0.7,0.7,01.juil,02.avr,65,83,113,0.00,0.08,0.08,0.00,0.08,0.03,0.07,0.10,0.03,0.10
Player,Nation,Pos,Squad,Age,Born,MP,Starts,Min,90s,Gls,Ast,G+A,G-PK,PK,PKatt,CrdY,CrdR,xG,npxG,xAG,npxG+xAG,PrgC,PrgP,PrgR,Gls,Ast,G+A,G-PK,G+A-PK,xG,xAG,xG+xAG,npxG,npxG+xAG
Maxence Rivera,fr FRA,MFFW,Saint-Étienne,18,2002,17,1,239,02.juil,0,0,0,0,0,0,0,0,0.1,0.1,0.1,0.2,6,9,18,0.00,0.00,0.00,0.00,0.00,0.04,0.02,0.06,0.04,0.06
Christopher Rocchia,fr FRA,DFFW,Marseille,22,1998,2,0,22,0.2,0,0,0,0,0,0,0,0,0.0,0.0,0.0,0.0,2,0,1,0.00,0.00,0.00,0.00,0.00,0.00,0.00,0.00,0.00,0.00
Valentin Rongier,fr FRA,MF,Marseille,25,1994,26,21,1887,21.0,1,2,3,1,0,0,8,0,0.7,0.7,1.0,01.juil,30,108,44,0.05,0.10,0.14,0.05,0.14,0.03,0.05,0.08,0.03,0.08
Nolan Roux,fr FRA,FW,Nîmes,32,1988,19,6,651,07.févr,0,0,0,0,0,0,2,0,0.4,0.4,0.5,0.9,4,10,36,0.00,0.00,0.00,0.00,0.00,0.06,0.07,0.13,0.06,0.13
Daniele Rugani,it ITA,DF,Rennes,26,1994,1,1,90,1.0,0,0,0,0,0,0,1,0,0.1,0.1,0.0,0.1,0,2,0,0.00,0.00,0.00,0.00,0.00,0.13,0.00,0.13,0.13,0.13
Kays Ruiz,fr FRA,FWMF,Paris S-G,17,2002,7,1,186,02.janv,0,0,0,0,0,0,1,0,0.1,0.1,0.0,0.1,12,14,12,0.00,0.00,0.00,0.00,0.00,0.03,0.00,0.03,0.03,0.03
Georginio Rutter,fr FRA,FWMF,Rennes,18,2002,4,0,44,0.5,0,0,0,0,0,0,0,0,0.0,0.0,0.0,0.0,2,0,6,0.00,0.00,0.00,0.00,0.00,0.00,0.00,0.00,0.00,0.00
Roli Pereira de Sa,fr FRA,FWMF,Nantes,23,1996,6,0,56,0.6,0,0,0,0,0,0,0,0,0.1,0.1,0.0,0.2,3,4,1,0.00,0.00,0.00,0.00,0.00,0.23,0.05,0.28,0.23,0.28
Idriss Saadi,dz ALG,MFFW,Strasbourg,28,1992,7,0,125,01.avr,0,0,0,0,0,0,0,0,01.juil,01.juil,0.3,2.0,3,0,9,0.00,0.00,0.00,0.00,0.00,janv.19,0.23,janv.43,janv.19,janv.43
Youssouf Sabaly,sn SEN,DF,Bordeaux,27,1993,33,33,2909,32.3,1,2,3,1,0,0,4,0,0.6,0.6,01.mai,02.janv,84,162,129,0.03,0.06,0.09,0.03,0.09,0.02,0.05,0.06,0.02,0.06
Mathys Saban,fr FRA,FW,Saint-Étienne,18,2002,1,0,13,0.1,0,0,0,0,0,0,0,0,0.0,0.0,0.0,0.0,0,0,1,0.00,0.00,0.00,0.00,0.00,0.00,0.00,0.00,0.00,0.00
Moïse Sahi Dion,ci CIV,FWMF,Strasbourg,18,2001,6,0,94,1.0,1,0,1,1,0,0,0,0,0.6,0.6,0.1,0.6,4,2,11,0.96,0.00,0.96,0.96,0.96,0.54,0.06,0.60,0.54,0.60
Hiroki Sakai,jp JPN,DF,Marseille,30,1990,29,26,2385,26.mai,0,1,1,0,0,0,6,1,0.6,0.6,01.avr,2.0,38,109,108,0.00,0.04,0.04,0.00,0.04,0.02,0.05,0.08,0.02,0.08
Moïse Sakava,cm CMR,MF,Reims,19,2000,1,0,8,0.1,0,0,0,0,0,0,0,0,0.0,0.0,0.0,0.0,0,1,1,0.00,0.00,0.00,0.00,0.00,0.38,0.00,0.38,0.38,0.38
William Saliba,fr FRA,DF,Nice,19,2001,20,20,18,20.0,1,0,1,1,0,0,2,0,0.8,0.8,0.0,0.9,36,106,3,0.05,0.00,0.05,0.05,0.05,0.04,0.00,0.04,0.04,0.04
Romain Salin,fr FRA,GK,Rennes,36,1984,15,15,135,15.0,0,0,0,0,0,0,2,0,0.0,0.0,0.0,0.0,0,1,0,0.00,0.00,0.00,0.00,0.00,0.00,0.00,0.00,0.00,0.00
Mama Samba Baldé,gw GNB,FW,Dijon,24,1995,29,24,2161,24.0,7,0,7,7,0,0,4,0,08.janv,08.janv,0.6,08.juil,22,24,162,0.29,0.00,0.29,0.29,0.29,0.34,0.02,0.36,0.34,0.36
Junior Sambia,fr FRA,DFMF,Montpellier,23,1996,36,26,2448,27.févr,1,6,7,1,0,0,2,0,01.janv,01.janv,02.août,03.sept,62,118,122,0.04,0.22,0.26,0.04,0.26,0.04,0.10,0.14,0.04,0.14
Frédéric Sammaritano,fr FRA,FWMF,Dijon,34,1986,30,10,113,12.juin,0,2,2,0,0,0,4,1,01.mars,01.mars,02.juin,03.sept,23,54,76,0.00,0.16,0.16,0.00,0.16,0.10,0.21,0.31,0.10,0.31
Renato Sanches,pt POR,MF,Lille,22,1997,23,14,127,14.janv,1,3,4,1,0,0,4,0,02.avr,02.avr,2.0,04.avr,48,115,51,0.07,0.21,0.28,0.07,0.28,0.17,0.14,0.31,0.17,0.31
Morgan Sanson,fr FRA,MF,Marseille,25,1994,12,10,826,09.févr,2,3,5,2,0,0,2,0,0.9,0.9,02.sept,03.août,20,32,46,0.22,0.33,0.54,0.22,0.54,0.10,0.31,0.42,0.10,0.42
Baptiste Santamaria,fr FRA,MF,Angers,25,1995,3,3,270,3.0,0,0,0,0,0,0,1,0,0.1,0.1,0.2,0.3,4,14,1,0.00,0.00,0.00,0.00,0.00,0.04,0.06,0.09,0.04,0.09
Pablo Sarabia,es ESP,FWMF,Paris S-G,28,1992,27,13,132,14.juil,6,4,10,6,0,0,2,0,05.mars,05.mars,06.janv,11.mai,44,66,173,0.41,0.27,0.68,0.41,0.68,0.36,0.42,0.78,0.36,0.78
Bouna Sarr,sn SEN,DF,Marseille,28,1992,2,0,76,0.8,0,0,0,0,0,0,0,0,0.0,0.0,0.0,0.0,2,5,7,0.00,0.00,0.00,0.00,0.00,0.03,0.00,0.03,0.03,0.03
Sidy Sarr,sn SEN,MF,Nîmes,24,1996,9,6,463,05.janv,0,0,0,0,0,0,1,0,0.5,0.5,0.5,1.0,2,20,5,0.00,0.00,0.00,0.00,0.00,0.09,0.10,0.19,0.09,0.19
Player,Nation,Pos,Squad,Age,Born,MP,Starts,Min,90s,Gls,Ast,G+A,G-PK,PK,PKatt,CrdY,CrdR,xG,npxG,xAG,npxG+xAG,PrgC,PrgP,PrgR,Gls,Ast,G+A,G-PK,G+A-PK,xG,xAG,xG+xAG,npxG,npxG+xAG
Téji Savanier,fr FRA,MF,Montpellier,28,1991,27,26,2165,24.janv,5,5,10,3,2,4,6,1,05.sept,02.août,06.août,09.juin,46,171,76,0.21,0.21,0.42,0.12,0.33,0.25,0.28,0.53,0.12,0.40
Aurélien Scheidler,fr FRA,FW,Dijon,22,1998,10,3,342,03.août,1,0,1,1,0,0,1,0,0.7,0.7,0.8,01.mai,0,6,27,0.26,0.00,0.26,0.26,0.26,0.18,0.20,0.39,0.18,0.39
Morgan Schneiderlin,fr FRA,MF,Nice,30,1989,28,24,2197,24.avr,0,1,1,0,0,0,9,1,0.7,0.7,0.7,01.mars,15,129,21,0.00,0.04,0.04,0.00,0.04,0.03,0.03,0.05,0.03,0.05
Malik Sellouki,fr FRA,FWMF,Nice,20,2000,4,0,66,0.7,1,0,1,1,0,0,1,0,0.2,0.2,0.0,0.2,3,3,15,janv.36,0.00,janv.36,janv.36,janv.36,0.31,0.00,0.31,0.31,0.31
Matz Sels,be BEL,GK,Strasbourg,28,1992,6,6,540,6.0,0,0,0,0,0,0,0,0,0.0,0.0,0.0,0.0,0,0,0,0.00,0.00,0.00,0.00,0.00,0.00,0.00,0.00,0.00,0.00
Jean Seri,ci CIV,MF,Bordeaux,29,1991,12,9,707,07.sept,0,0,0,0,0,0,3,0,0.2,0.2,0.2,0.4,9,46,5,0.00,0.00,0.00,0.00,0.00,0.02,0.03,0.05,0.02,0.05
Mahame Siby,ml MLI,MF,Strasbourg,24,1996,7,0,21,0.2,0,0,0,0,0,0,0,0,0.0,0.0,0.0,0.0,0,0,1,0.00,0.00,0.00,0.00,0.00,0.00,0.00,0.00,0.00,0.00
Abdoulaye Sidibé,fr FRA,MF,Saint-Étienne,18,2002,1,0,11,0.1,0,0,0,0,0,0,1,0,0.0,0.0,0.0,0.0,0,0,0,0.00,0.00,0.00,0.00,0.00,0.00,0.00,0.00,0.00,0.00
Djibril Sidibé,fr FRA,DF,Monaco,28,1992,30,21,198,22.0,0,2,2,0,0,0,3,0,0.2,0.2,02.avr,02.juin,51,137,37,0.00,0.09,0.09,0.00,0.09,0.01,0.11,0.12,0.01,0.12
Kaj Sierhuis,nl NED,FWMF,Reims,22,1998,24,6,652,07.févr,0,1,1,0,0,0,2,0,0.9,0.9,0.5,01.mai,4,22,38,0.00,0.14,0.14,0.00,0.14,0.13,0.07,0.20,0.13,0.20
Caio Henrique Oliveira Silva,br BRA,DF,Monaco,23,1997,31,26,2368,26.mars,0,4,4,0,0,0,0,0,0.5,0.5,03.mai,4.0,85,96,185,0.00,0.15,0.15,0.00,0.15,0.02,0.13,0.15,0.02,0.15
Florent da Silva,fr FRA,FW,Lyon,17,2003,1,0,3,0.0,0,0,0,0,0,0,0,0,0.0,0.0,0.0,0.0,0,0,0,0.00,0.00,0.00,0.00,0.00,0.00,0.00,0.00,0.00,0.00
Gabriel Silva,br BRA,DF,Saint-Étienne,29,1991,4,4,355,03.sept,0,0,0,0,0,0,1,0,0.0,0.0,0.2,0.2,4,9,17,0.00,0.00,0.00,0.00,0.00,0.00,0.05,0.05,0.00,0.05
Mohamed Simakan,fr FRA,DF,Strasbourg,20,2000,19,19,1615,17.sept,1,1,2,1,0,0,2,0,01.mars,01.mars,0.9,02.févr,18,73,21,0.06,0.06,0.11,0.06,0.11,0.07,0.05,0.12,0.07,0.12
Moses Simon,ng NGA,FWMF,Nantes,25,1995,33,28,2324,25.août,6,5,11,5,1,1,2,0,07.juil,06.sept,3.0,09.sept,117,53,222,0.23,0.19,0.43,0.19,0.39,0.30,0.12,0.42,0.27,0.39
Xavi Simons,nl NED,MF,Paris S-G,17,2003,1,0,2,0.0,0,0,0,0,0,0,0,0,0.0,0.0,0.0,0.0,0,1,0,0.00,0.00,0.00,0.00,0.00,janv.48,0.00,janv.48,janv.48,janv.48
Issouf Sissokho,ml MLI,MFDF,Bordeaux,18,2002,6,0,78,0.9,1,0,1,1,0,0,2,0,0.1,0.1,0.0,0.1,3,6,1,janv.15,0.00,janv.15,janv.15,janv.15,0.08,0.00,0.08,0.08,0.08
Ibrahima Sissoko,ml MLI,MF,Strasbourg,22,1997,36,29,2581,28.juil,0,0,0,0,0,0,6,0,2.0,2.0,0.3,02.mars,28,128,51,0.00,0.00,0.00,0.00,0.00,0.07,0.01,0.08,0.07,0.08
Nelson Sissoko,fr FRA,DF,Saint-Étienne,23,1997,9,6,474,05.mars,0,0,0,0,0,0,0,0,0.0,0.0,0.1,0.1,10,19,14,0.00,0.00,0.00,0.00,0.00,0.00,0.02,0.02,0.00,0.02
Jacques Siwe,fr FRA,FW,Dijon,19,2001,5,2,169,01.sept,0,0,0,0,0,0,0,0,0.2,0.2,0.1,0.3,1,3,12,0.00,0.00,0.00,0.00,0.00,0.10,0.05,0.15,0.10,0.15
Petar Škuletić,rs SRB,FWMF,Montpellier,30,1990,19,1,234,02.juin,2,0,2,2,0,0,0,0,01.avr,01.avr,0.7,02.janv,3,3,19,0.77,0.00,0.77,0.77,0.77,0.54,0.28,0.82,0.54,0.82
Islam Slimani,dz ALG,FW,Lyon,32,1988,18,4,579,06.avr,3,1,4,3,0,0,0,1,03.juil,03.juil,01.août,05.mai,8,21,58,0.47,0.16,0.62,0.47,0.62,0.57,0.29,0.86,0.57,0.86
Brandon Soppy,fr FRA,DF,Rennes,18,2002,10,5,559,06.févr,0,0,0,0,0,0,1,0,0.2,0.2,0.2,0.3,16,24,30,0.00,0.00,0.00,0.00,0.00,0.02,0.02,0.05,0.02,0.05
Florian Sotoca,fr FRA,FW,Lens,29,1990,33,28,2413,26.août,8,3,11,6,2,2,7,0,10.févr,08.juin,03.sept,12.juin,43,81,231,0.30,0.11,0.41,0.22,0.34,0.38,0.15,0.53,0.32,0.47
Cheick Souaré,fr FRA,MF,Marseille,17,2002,1,0,10,0.1,0,0,0,0,0,0,0,0,0.0,0.0,0.0,0.0,0,0,0,0.00,0.00,0.00,0.00,0.00,0.00,0.00,0.00,0.00,0.00
Player,Nation,Pos,Squad,Age,Born,MP,Starts,Min,90s,Gls,Ast,G+A,G-PK,PK,PKatt,CrdY,CrdR,xG,npxG,xAG,npxG+xAG,PrgC,PrgP,PrgR,Gls,Ast,G+A,G-PK,G+A-PK,xG,xAG,xG+xAG,npxG,npxG+xAG
Rayan Souici,fr FRA,DF,Saint-Étienne,22,1998,1,0,5,0.1,0,0,0,0,0,0,0,0,0.0,0.0,0.0,0.0,0,0,0,0.00,0.00,0.00,0.00,0.00,0.00,0.00,0.00,0.00,0.00
Adama Soumaoro,fr FRA,DF,Lille,28,1992,3,1,145,01.juin,0,0,0,0,0,0,1,0,0.1,0.1,0.0,0.1,2,3,0,0.00,0.00,0.00,0.00,0.00,0.08,0.00,0.08,0.08,0.08
Boubakary Soumaré,fr FRA,MF,Lille,21,1999,32,21,1919,21.mars,0,1,1,0,0,0,3,0,0.3,0.3,0.9,01.févr,29,181,38,0.00,0.05,0.05,0.00,0.05,0.01,0.04,0.06,0.01,0.06
Yaya Soumaré,fr FRA,FW,Lyon,20,2000,3,0,4,0.0,0,0,0,0,0,0,0,0,0.0,0.0,0.0,0.0,0,0,0,0.00,0.00,0.00,0.00,0.00,0.00,0.00,0.00,0.00,0.00
Arnaud Souquet,fr FRA,DF,Montpellier,28,1992,23,14,1224,13.juin,1,1,2,1,0,0,5,0,0.2,0.2,0.5,0.7,34,53,62,0.07,0.07,0.15,0.07,0.15,0.02,0.04,0.05,0.02,0.05
Ansou Sow,sn SEN,MF,Lens,20,2000,1,0,6,0.1,0,0,0,0,0,0,0,0,0.0,0.0,0.0,0.0,0,0,0,0.00,0.00,0.00,0.00,0.00,0.00,0.00,0.00,0.00,0.00
Saidou Sow,gn GUI,DF,Saint-Étienne,18,2002,15,10,1,11.janv,0,0,0,0,0,0,0,0,0.2,0.2,0.1,0.3,2,22,1,0.00,0.00,0.00,0.00,0.00,0.02,0.01,0.03,0.02,0.03
Kevin Strootman,nl NED,MFFW,Marseille,30,1990,11,1,233,02.juin,0,0,0,0,0,0,2,0,0.0,0.0,0.2,0.2,4,24,1,0.00,0.00,0.00,0.00,0.00,0.00,0.07,0.07,0.00,0.07
Abdoulaye Sylla,gn GUI,DF,Nantes,20,2000,2,0,8,0.1,0,0,0,0,0,0,0,0,0.0,0.0,0.0,0.0,0,0,1,0.00,0.00,0.00,0.00,0.00,0.00,0.00,0.00,0.00,0.00
Issiaga Sylla,gn GUI,DFMF,Lens,26,1994,20,13,1116,12.avr,1,0,1,1,0,0,0,1,01.juin,01.juin,0.9,02.mai,32,49,84,0.08,0.00,0.08,0.08,0.08,0.13,0.07,0.20,0.13,0.20
Eddy Sylvestre,fr FRA,FWMF,Nice,20,1999,4,1,97,01.janv,0,0,0,0,0,0,1,0,0.0,0.0,0.0,0.0,0,1,5,0.00,0.00,0.00,0.00,0.00,0.00,0.00,0.00,0.00,0.00
Waniss Taibi,fr FRA,MF,Angers,18,2002,2,0,38,0.4,0,0,0,0,0,0,0,0,0.0,0.0,0.0,0.0,1,2,4,0.00,0.00,0.00,0.00,0.00,0.00,0.11,0.11,0.00,0.11
Flavien Tait,fr FRA,MFFW,Rennes,27,1993,23,16,1368,15.févr,1,3,4,1,0,0,6,0,01.sept,01.sept,02.févr,04.janv,46,104,92,0.07,0.20,0.26,0.07,0.26,0.12,0.15,0.27,0.12,0.27
Heriberto Tavares,cv CPV,FWMF,Brest,23,1997,4,0,43,0.5,0,0,0,0,0,0,0,0,0.3,0.3,0.1,0.4,0,0,2,0.00,0.00,0.00,0.00,0.00,0.60,0.14,0.74,0.60,0.74
Warren Tchimbembé,cg CGO,MFFW,Metz,22,1998,15,4,495,05.mai,0,0,0,0,0,0,0,0,0.3,0.3,0.1,0.4,4,24,12,0.00,0.00,0.00,0.00,0.00,0.06,0.01,0.08,0.06,0.08
Aurélien Tchouaméni,fr FRA,MF,Monaco,20,2000,36,36,3063,34.0,2,4,6,2,0,0,9,1,04.janv,04.janv,01.sept,06.janv,42,197,52,0.06,0.12,0.18,0.06,0.18,0.12,0.06,0.18,0.12,0.18
Martin Terrier,fr FRA,FWMF,Rennes,23,1997,34,30,2436,27.janv,9,7,16,8,1,1,2,1,05.mars,04.juin,03.juin,08.févr,57,64,188,0.33,0.26,0.59,0.30,0.55,0.20,0.13,0.33,0.17,0.30
Kenny Tete,nl NED,DF,Lyon,24,1995,1,0,20,0.2,0,0,0,0,0,0,0,0,0.0,0.0,0.0,0.0,1,2,4,0.00,0.00,0.00,0.00,0.00,0.00,0.00,0.00,0.00,0.00
Florian Thauvin,fr FRA,FWMF,Marseille,27,1993,36,33,2732,30.avr,8,8,16,8,0,2,5,0,9.0,07.avr,09.juin,17.0,112,163,281,0.26,0.26,0.53,0.26,0.53,0.30,0.31,0.61,0.25,0.56
Sada Thioub,sn SEN,FWMF,Angers,25,1995,27,12,1256,14.0,1,1,2,1,0,0,0,0,01.janv,01.janv,01.sept,3.0,52,63,115,0.07,0.07,0.14,0.07,0.14,0.08,0.14,0.22,0.08,0.22
Romain Thomas,fr FRA,DF,Angers,32,1988,34,34,3024,33.6,4,0,4,4,0,0,5,1,02.juin,02.juin,0.2,02.août,4,61,5,0.12,0.00,0.12,0.12,0.12,0.08,0.00,0.08,0.08,0.08
Adrien Thomasson,fr FRA,MFFW,Strasbourg,26,1993,37,31,2624,29.2,5,1,6,5,0,0,8,1,06.févr,06.févr,4.0,10.févr,37,99,159,0.17,0.03,0.21,0.17,0.21,0.21,0.14,0.35,0.21,0.35
Khéphren Thuram,fr FRA,MF,Nice,19,2001,29,17,1494,16.juin,2,0,2,2,0,0,3,0,1.0,1.0,0.2,01.févr,32,86,17,0.12,0.00,0.12,0.12,0.12,0.06,0.01,0.07,0.06,0.07
Cheikh Tidiane Sabaly,sn SEN,FW,Metz,21,1999,1,0,12,0.1,0,0,0,0,0,0,0,0,0.0,0.0,0.0,0.0,0,0,2,0.00,0.00,0.00,0.00,0.00,0.25,0.00,0.25,0.25,0.25
Jean-Clair Todibo,fr FRA,DF,Nice,20,1999,15,15,133,14.août,1,0,1,1,0,0,5,0,0.7,0.7,0.1,0.8,13,77,2,0.07,0.00,0.07,0.07,0.07,0.05,0.01,0.05,0.05,0.05
Player,Nation,Pos,Squad,Age,Born,MP,Starts,Min,90s,Gls,Ast,G+A,G-PK,PK,PKatt,CrdY,CrdR,xG,npxG,xAG,npxG+xAG,PrgC,PrgP,PrgR,Gls,Ast,G+A,G-PK,G+A-PK,xG,xAG,xG+xAG,npxG,npxG+xAG
Karl Toko Ekambi,cm CMR,FW,Lyon,27,1992,35,34,2811,31.2,14,6,20,14,0,0,3,0,17.mars,17.mars,06.sept,24.mars,118,91,281,0.45,0.19,0.64,0.45,0.64,0.55,0.22,0.78,0.55,0.78
Tyron Tormin,fr FRA,FWMF,Saint-Étienne,19,2001,3,0,21,0.2,0,0,0,0,0,0,0,0,0.0,0.0,0.0,0.0,0,0,0,0.00,0.00,0.00,0.00,0.00,0.14,0.00,0.14,0.14,0.14
Abdoulaye Touré,gn GUI,MF,Nantes,26,1994,29,20,1681,18.juil,2,2,4,1,1,1,2,0,02.juin,01.août,01.avr,03.févr,22,101,23,0.11,0.11,0.21,0.05,0.16,0.14,0.08,0.22,0.10,0.17
Amadou Traore,fr FRA,FWMF,Bordeaux,18,2002,19,0,304,03.avr,0,1,1,0,0,0,0,0,0.2,0.2,0.8,1.0,19,1,27,0.00,0.30,0.30,0.00,0.30,0.06,0.24,0.30,0.06,0.30
Boubacar Traoré,ml MLI,MF,Metz,18,2001,2,0,54,0.6,1,0,1,1,0,0,0,0,0.0,0.0,0.0,0.0,1,4,2,janv.67,0.00,janv.67,janv.67,janv.67,0.08,0.00,0.08,0.08,0.08
Charles Traore,ml MLI,DF,Nantes,28,1992,22,19,17,18.sept,1,0,1,1,0,0,6,0,0.2,0.2,0.3,0.4,38,55,57,0.05,0.00,0.05,0.05,0.05,0.01,0.01,0.02,0.01,0.02
Cheick Traoré,ml MLI,DF,Lens,25,1995,2,0,39,0.4,0,0,0,0,0,0,0,0,0.0,0.0,0.0,0.0,1,2,1,0.00,0.00,0.00,0.00,0.00,0.00,0.00,0.00,0.00,0.00
Hamari Traoré,ml MLI,DF,Rennes,28,1992,35,34,3,33.3,1,1,2,1,0,0,4,0,01.févr,01.févr,03.janv,04.avr,72,204,236,0.03,0.03,0.06,0.03,0.06,0.04,0.09,0.13,0.04,0.13
Ismaël Traoré,ci CIV,DF,Angers,33,1986,34,34,2993,33.3,3,3,6,3,0,0,3,0,01.mai,01.mai,0.9,02.avr,11,83,8,0.09,0.09,0.18,0.09,0.18,0.04,0.03,0.07,0.04,0.07
Miguel Trauco,pe PER,DF,Saint-Étienne,27,1992,26,22,2035,22.juin,0,2,2,0,0,0,1,0,0.2,0.2,03.janv,03.mars,18,90,82,0.00,0.09,0.09,0.00,0.09,0.01,0.14,0.15,0.01,0.15
Alexis Trouillet,fr FRA,MFFW,Nice,19,2000,5,1,109,01.févr,0,0,0,0,0,0,0,0,0.1,0.1,0.1,0.2,2,8,5,0.00,0.00,0.00,0.00,0.00,0.07,0.07,0.13,0.07,0.13
Adrien Truffert,fr FRA,DFMF,Rennes,18,2001,29,23,1951,21.juil,1,3,4,1,0,0,3,0,01.janv,01.janv,02.juil,03.août,46,77,157,0.05,0.14,0.18,0.05,0.18,0.05,0.12,0.18,0.05,0.18
Marvin Tshibuabua,fr FRA,DF,Saint-Étienne,18,2002,1,0,43,0.5,0,0,0,0,0,0,0,0,0.2,0.2,0.0,0.2,0,0,0,0.00,0.00,0.00,0.00,0.00,0.32,0.00,0.32,0.32,0.32
Matthieu Udol,fr FRA,DF,Metz,24,1996,25,19,1724,19.févr,0,3,3,0,0,0,1,1,0.6,0.6,02.juil,03.mars,50,58,77,0.00,0.16,0.16,0.00,0.16,0.03,0.14,0.17,0.03,0.17
Naomichi Ueda,jp JPN,DF,Nîmes,25,1994,9,8,711,07.sept,0,0,0,0,0,0,0,0,0.2,0.2,0.3,0.5,6,21,0,0.00,0.00,0.00,0.00,0.00,0.02,0.04,0.06,0.02,0.06
Lesley Ugochukwu,fr FRA,MF,Rennes,16,2004,3,1,65,0.7,0,0,0,0,0,0,1,0,0.1,0.1,0.0,0.1,0,1,1,0.00,0.00,0.00,0.00,0.00,0.19,0.00,0.19,0.19,0.19
Hwang Ui-jo,kr KOR,FWMF,Bordeaux,27,1992,36,32,2503,27.août,12,3,15,9,3,3,1,0,12.juin,10.mars,02.juil,13.0,42,23,174,0.43,0.11,0.54,0.32,0.43,0.45,0.10,0.55,0.37,0.47
Antoine Valerio,fr FRA,MF,Nîmes,20,1999,1,1,70,0.8,0,0,0,0,0,0,0,0,0.0,0.0,0.2,0.2,0,4,2,0.00,0.00,0.00,0.00,0.00,0.00,0.20,0.20,0.00,0.20
Marco Verratti,it ITA,MF,Paris S-G,27,1992,21,16,1492,16.juin,0,2,2,0,0,0,7,0,01.mars,01.mars,02.avr,03.juil,38,188,67,0.00,0.12,0.12,0.00,0.12,0.08,0.15,0.23,0.08,0.23
Clément Vidal,fr FRA,DF,Montpellier,20,2000,2,1,86,1.0,0,0,0,0,0,0,0,0,0.0,0.0,0.0,0.0,1,1,0,0.00,0.00,0.00,0.00,0.00,0.00,0.00,0.00,0.00,0.00
Kevin Volland,de GER,FWMF,Monaco,28,1992,35,34,2769,30.août,16,7,23,16,0,0,4,0,11.juin,11.juin,05.févr,16.août,43,84,237,0.52,0.23,0.75,0.52,0.75,0.38,0.17,0.55,0.38,0.55
Franklin Wadja,cm CMR,MFFW,Lorient,25,1995,4,0,33,0.4,0,0,0,0,0,0,1,0,0.0,0.0,0.0,0.0,0,0,1,0.00,0.00,0.00,0.00,0.00,0.07,0.00,0.07,0.07,0.07
Elye Wahi,fr FRA,FW,Montpellier,17,2003,18,3,555,06.févr,3,1,4,3,0,0,1,0,02.mai,02.mai,0.4,02.août,16,6,44,0.49,0.16,0.65,0.49,0.65,0.40,0.06,0.46,0.40,0.46
Timothy Weah,us USA,FWMF,Lille,20,2000,28,7,878,09.août,3,0,3,3,0,0,1,0,3.0,3.0,01.févr,04.févr,26,19,80,0.31,0.00,0.31,0.31,0.31,0.31,0.12,0.43,0.31,0.43
Yoane Wissa,cd COD,MFFW,Lorient,23,1996,38,30,2674,29.juil,10,4,14,6,4,5,2,0,12.janv,08.août,03.mai,12.mars,81,63,184,0.34,0.13,0.47,0.20,0.34,0.41,0.12,0.53,0.30,0.41
Player,Nation,Pos,Squad,Age,Born,MP,Starts,Min,90s,Gls,Ast,G+A,G-PK,PK,PKatt,CrdY,CrdR,xG,npxG,xAG,npxG+xAG,PrgC,PrgP,PrgR,Gls,Ast,G+A,G-PK,G+A-PK,xG,xAG,xG+xAG,npxG,npxG+xAG
Xeka,pt POR,MF,Lille,25,1994,33,11,12,13.mars,1,2,3,1,0,0,6,0,0.9,0.9,02.mars,03.févr,20,83,24,0.07,0.15,0.23,0.07,0.23,0.07,0.17,0.24,0.07,0.24
Yusuf Yazıcı,tr TUR,FWMF,Lille,23,1997,32,10,1086,12.janv,7,4,11,7,0,0,1,0,04.févr,04.févr,4.0,08.févr,25,52,85,0.58,0.33,0.91,0.58,0.91,0.35,0.33,0.68,0.35,0.68
Burak Yılmaz,tr TUR,FW,Lille,35,1985,28,23,2051,22.août,16,5,21,12,4,4,6,0,10.0,06.août,04.févr,11.0,37,27,147,0.70,0.22,0.92,0.53,0.75,0.44,0.18,0.62,0.30,0.48
Wilitty Younoussa,cm CMR,MF,Dijon,18,2001,3,1,77,0.9,0,0,0,0,0,0,0,0,0.1,0.1,0.4,0.5,2,0,5,0.00,0.00,0.00,0.00,0.00,0.07,0.48,0.55,0.07,0.55
Zaydou Youssouf,km COM,MF,Saint-Étienne,21,1999,29,14,1229,13.juil,1,1,2,1,0,0,2,0,01.avr,01.avr,0.6,2.0,14,48,28,0.07,0.07,0.15,0.07,0.15,0.10,0.05,0.14,0.10,0.14
Arthur Zagre,fr FRA,DFMF,Dijon,18,2001,3,1,122,01.avr,0,0,0,0,0,0,0,0,0.0,0.0,0.0,0.0,0,3,1,0.00,0.00,0.00,0.00,0.00,0.00,0.00,0.00,0.00,0.00
Arber Zeneli,xk KVX,MFFW,Reims,25,1995,28,14,1289,14.mars,3,3,6,3,0,0,1,0,01.mai,01.mai,01.août,03.févr,47,33,104,0.21,0.21,0.42,0.21,0.42,0.10,0.12,0.23,0.10,0.23
Mehdi Zerkane,dz ALG,MFFW,Bordeaux,21,1999,27,15,1187,13.févr,1,1,2,1,0,0,3,1,01.juin,01.juin,01.mars,3.0,30,56,48,0.08,0.08,0.15,0.08,0.15,0.12,0.10,0.22,0.12,0.22
Kévin Zohi,ml MLI,FWMF,Strasbourg,23,1996,23,2,436,04.août,2,0,2,2,0,0,0,0,0.9,0.9,0.6,01.mai,18,20,45,0.41,0.00,0.41,0.41,0.41,0.18,0.13,0.31,0.18,0.31
