Player,Nation,Pos,Squad,Age,Born,MP,Starts,Min,90s,Gls,Ast,G+A,G-PK,PK,PKatt,CrdY,CrdR,xG,npxG,xAG,npxG+xAG,PrgC,PrgP,PrgR,Gls,Ast,G+A,G-PK,G+A-PK,xG,xAG,xG+xAG,npxG,npxG+xAG,Matches
Max Aarons,eng ENG,DF,Norwich City,21,2000,34,32,2 881,32.0,0,2,2,0,0,0,8,0,0.8,0.8,01.juil,02.mai,78,117,85,0.00,0.06,0.06,0.00,0.06,0.03,0.05,0.08,0.03,0.08,Matches
Che Adams,sct SCO,FW,Southampton,25,1996,30,23,2 039,22.juil,7,3,10,7,0,0,0,0,07.janv,07.janv,3.0,10.janv,19,33,153,0.31,0.13,0.44,0.31,0.44,0.31,0.13,0.45,0.31,0.45,Matches
Rayan Aït-Nouri,dz ALG,DF MF,Wolves,20,2001,23,20,1 828,20.mars,1,2,3,1,0,0,4,0,0.6,0.6,01.juin,02.févr,60,49,127,0.05,0.10,0.15,0.05,0.15,0.03,0.08,0.11,0.03,0.11,Matches
Kristoffer Ajer,no NOR,DF,Brentford,23,1998,24,23,1 995,22.févr,1,3,4,1,0,0,5,0,0.8,0.8,01.juil,02.mai,30,82,29,0.05,0.14,0.18,0.05,0.18,0.04,0.08,0.11,0.04,0.11,Matches
Nathan Aké,nl NED,DF,Manchester City,26,1995,14,10,923,10.mars,2,0,2,2,0,0,0,0,0.7,0.7,0.6,01.févr,12,57,8,0.20,0.00,0.20,0.20,0.20,0.07,0.06,0.12,0.07,0.12,Matches
Marc Albrighton,eng ENG,FW DF,Leicester City,31,1989,17,11,1 132,12.juin,1,2,3,1,0,0,3,0,0.5,0.5,2.0,02.mai,21,26,56,0.08,0.16,0.24,0.08,0.24,0.04,0.16,0.20,0.04,0.20,Matches
Thiago Alcántara,es ESP,MF,Liverpool,30,1991,25,17,1 534,17.0,1,4,5,1,0,0,2,0,01.sept,01.sept,02.mars,04.févr,24,214,45,0.06,0.23,0.29,0.06,0.29,0.11,0.14,0.25,0.11,0.25,Matches
Trent Alexander-Arnold,eng ENG,DF,Liverpool,22,1998,32,32,2 853,31.juil,2,12,14,2,0,0,2,0,02.avr,02.avr,12.0,14.avr,53,267,201,0.06,0.38,0.44,0.06,0.44,0.07,0.38,0.46,0.07,0.46,Matches
Alisson,br BRA,GK,Liverpool,28,1992,36,36,3 24,36.0,0,1,1,0,0,0,0,0,0.0,0.0,0.2,0.2,0,1,0,0.00,0.03,0.03,0.00,0.03,0.00,0.01,0.01,0.00,0.01,Matches
Allan,br BRA,MF,Everton,30,1991,28,25,2 183,24.mars,0,2,2,0,0,0,7,1,0.2,0.2,0.8,01.janv,26,130,18,0.00,0.08,0.08,0.00,0.08,0.01,0.03,0.04,0.01,0.04,Matches
Dele Alli,eng ENG,MF,Tottenham,25,1996,10,8,657,07.mars,1,0,1,0,1,1,1,0,01.juin,0.8,0.3,01.janv,8,18,22,0.14,0.00,0.14,0.00,0.00,0.22,0.04,0.26,0.11,0.15,Matches
Dele Alli,eng ENG,MF FW,Everton,25,1996,11,1,338,03.août,0,0,0,0,0,0,3,0,0.1,0.1,0.4,0.5,7,13,21,0.00,0.00,0.00,0.00,0.00,0.03,0.09,0.12,0.03,0.12,Matches
Miguel Almirón,py PAR,MF FW,Newcastle Utd,27,1994,30,19,1 716,19.janv,1,0,1,1,0,0,2,0,01.juil,01.juil,0.9,02.juin,44,46,85,0.05,0.00,0.05,0.05,0.05,0.09,0.05,0.14,0.09,0.14,Matches
Marcos Alonso,es ESP,DF,Chelsea,30,1990,28,25,2 167,24.janv,4,4,8,4,0,0,8,0,02.août,02.août,04.mai,07.mars,51,93,192,0.17,0.17,0.33,0.17,0.33,0.12,0.19,0.30,0.12,0.30,Matches
Steven Alzate,co COL,MF,Brighton,22,1998,9,5,404,04.mai,0,0,0,0,0,0,0,0,0.1,0.1,0.2,0.2,3,21,6,0.00,0.00,0.00,0.00,0.00,0.02,0.03,0.05,0.02,0.05,Matches
Daniel Amartey,gh GHA,DF,Leicester City,26,1994,28,23,2 123,23.juin,0,0,0,0,0,0,4,0,0.0,0.0,0.2,0.2,14,62,0,0.00,0.00,0.00,0.00,0.00,0.00,0.01,0.01,0.00,0.01,Matches
Joachim Andersen,dk DEN,DF,Crystal Palace,25,1996,34,32,2 916,32.4,0,3,3,0,0,0,4,0,0.7,0.7,01.juil,02.avr,14,100,4,0.00,0.09,0.09,0.00,0.09,0.02,0.05,0.07,0.02,0.07,Matches
Michail Antonio,jm JAM,FW,West Ham,31,1990,36,34,2 971,33.0,10,8,18,10,0,1,8,1,10.août,10.févr,6.0,16.févr,77,46,246,0.30,0.24,0.55,0.30,0.55,0.33,0.18,0.51,0.31,0.49,Matches
Cameron Archer,eng ENG,FW MF,Aston Villa,20,2001,3,0,27,0.3,0,0,0,0,0,0,0,0,0.0,0.0,0.0,0.0,0,0,1,0.00,0.00,0.00,0.00,0.00,0.15,0.00,0.15,0.15,0.15,Matches
Alphonse Areola,fr FRA,GK,West Ham,28,1993,1,1,90,1.0,0,0,0,0,0,0,0,0,0.0,0.0,0.0,0.0,0,0,0,0.00,0.00,0.00,0.00,0.00,0.00,0.00,0.00,0.00,0.00,Matches
Adam Armstrong,eng ENG,FW,Southampton,24,1997,23,17,1 413,15.juil,2,2,4,2,0,0,1,0,04.mai,04.mai,01.juin,06.févr,39,30,105,0.13,0.13,0.25,0.13,0.25,0.29,0.10,0.39,0.29,0.39,Matches
Stuart Armstrong,sct SCO,MF,Southampton,29,1992,25,15,1 473,16.avr,2,0,2,2,0,0,1,0,02.mai,02.mai,01.mai,4.0,63,83,78,0.12,0.00,0.12,0.12,0.12,0.15,0.09,0.24,0.15,0.24,Matches
Kepa Arrizabalaga,es ESP,GK,Chelsea,26,1994,4,4,360,4.0,0,0,0,0,0,0,0,0,0.0,0.0,0.0,0.0,0,0,0,0.00,0.00,0.00,0.00,0.00,0.00,0.00,0.00,0.00,0.00,Matches
Harrison Ashby,sct SCO,DF,West Ham,19,2001,1,0,7,0.1,0,0,0,0,0,0,0,0,0.0,0.0,0.0,0.0,0,0,0,0.00,0.00,0.00,0.00,0.00,0.00,0.00,0.00,0.00,0.00,Matches
Pierre-Emerick Aubameyang,ga GAB,FW,Arsenal,32,1989,14,12,1 037,11.mai,4,1,5,4,0,2,3,0,05.sept,04.févr,1.0,05.févr,21,26,47,0.35,0.09,0.43,0.35,0.43,0.51,0.09,0.60,0.36,0.45,Matches
Player,Nation,Pos,Squad,Age,Born,MP,Starts,Min,90s,Gls,Ast,G+A,G-PK,PK,PKatt,CrdY,CrdR,xG,npxG,xAG,npxG+xAG,PrgC,PrgP,PrgR,Gls,Ast,G+A,G-PK,G+A-PK,xG,xAG,xG+xAG,npxG,npxG+xAG,Matches
Jordan Ayew,gh GHA,FW,Crystal Palace,29,1991,31,23,2 019,22.avr,3,3,6,3,0,0,2,0,03.janv,03.janv,02.août,05.sept,98,51,151,0.13,0.13,0.27,0.13,0.27,0.14,0.12,0.26,0.14,0.26,Matches
Luke Ayling,eng ENG,DF,Leeds United,29,1991,26,26,2 272,25.févr,2,2,4,2,0,0,4,1,01.févr,01.févr,01.août,03.janv,45,135,51,0.08,0.08,0.16,0.08,0.16,0.05,0.07,0.12,0.05,0.12,Matches
César Azpilicueta,es ESP,DF,Chelsea,31,1989,27,24,2 07,23.0,1,2,3,1,0,0,3,0,0.9,0.9,01.août,02.juin,49,138,132,0.04,0.09,0.13,0.04,0.13,0.04,0.08,0.11,0.04,0.11,Matches
Daniel Bachmann,at AUT,GK,Watford,27,1994,12,12,1 08,12.0,0,0,0,0,0,0,0,0,0.0,0.0,0.0,0.0,0,0,0,0.00,0.00,0.00,0.00,0.00,0.00,0.00,0.00,0.00,0.00,Matches
Leon Bailey,jm JAM,FW MF,Aston Villa,23,1997,18,7,761,08.mai,1,2,3,1,0,0,3,0,01.mai,01.mai,0.8,02.mars,34,24,61,0.12,0.24,0.35,0.12,0.35,0.18,0.09,0.27,0.18,0.27,Matches
Eric Bailly,ci CIV,DF,Manchester Utd,27,1994,4,3,217,02.avr,0,0,0,0,0,0,1,0,0.0,0.0,0.0,0.0,1,5,0,0.00,0.00,0.00,0.00,0.00,0.00,0.00,0.00,0.00,0.00,Matches
Folarin Balogun,us USA,FW,Arsenal,20,2001,2,1,70,0.8,0,0,0,0,0,0,0,0,0.2,0.2,0.0,0.2,0,0,4,0.00,0.00,0.00,0.00,0.00,0.29,0.00,0.29,0.29,0.29,Matches
Patrick Bamford,eng ENG,FW,Leeds United,27,1993,9,7,559,06.févr,2,2,4,2,0,0,2,0,3.0,3.0,01.janv,4.0,8,12,24,0.32,0.32,0.64,0.32,0.64,0.48,0.17,0.65,0.48,0.65,Matches
Shandon Baptiste,gd GRN,MF,Brentford,23,1998,22,9,910,10.janv,1,0,1,1,0,0,2,1,0.7,0.7,0.5,01.mars,14,35,29,0.10,0.00,0.10,0.10,0.10,0.07,0.05,0.12,0.07,0.12,Matches
Ross Barkley,eng ENG,MF FW,Chelsea,27,1993,6,1,179,2.0,1,0,1,1,0,0,0,0,1.0,1.0,0.5,01.mai,14,14,17,0.50,0.00,0.50,0.50,0.50,0.49,0.24,0.73,0.49,0.73,Matches
Ashley Barnes,eng ENG,FW,Burnley,31,1989,23,8,808,9.0,1,0,1,0,1,1,4,0,02.janv,01.avr,0.9,02.févr,5,17,47,0.11,0.00,0.11,0.00,0.00,0.24,0.10,0.33,0.15,0.25,Matches
Harvey Barnes,eng ENG,FW MF,Leicester City,23,1997,32,24,2 101,23.mars,6,10,16,6,0,0,2,0,05.juin,05.juin,04.juin,10.févr,107,59,237,0.26,0.43,0.69,0.26,0.69,0.24,0.20,0.44,0.24,0.44,Matches
Lewis Bate,eng ENG,MF,Leeds United,18,2002,3,1,146,01.juin,0,0,0,0,0,0,0,0,0.0,0.0,0.0,0.0,0,6,1,0.00,0.00,0.00,0.00,0.00,0.01,0.00,0.01,0.01,0.01,Matches
Mads Bech Sørensen,dk DEN,DF,Brentford,22,1999,11,9,835,09.mars,0,0,0,0,0,0,3,0,0.1,0.1,0.4,0.4,9,20,4,0.00,0.00,0.00,0.00,0.00,0.01,0.04,0.05,0.01,0.05,Matches
Jan Bednarek,pl POL,DF,Southampton,25,1996,31,30,2 629,29.2,4,0,4,4,0,0,10,0,02.févr,02.févr,0.4,02.juin,0,61,5,0.14,0.00,0.14,0.14,0.14,0.08,0.01,0.09,0.08,0.09,Matches
Donny van de Beek,nl NED,MF,Manchester Utd,24,1997,8,0,75,0.8,1,0,1,1,0,0,0,0,0.5,0.5,0.4,0.9,0,4,4,janv.20,0.00,janv.20,janv.20,janv.20,0.57,0.47,01.avr,0.57,01.avr,Matches
Donny van de Beek,nl NED,MF,Everton,24,1997,7,5,483,05.avr,1,0,1,1,0,0,1,0,01.janv,01.janv,0.1,01.janv,3,20,10,0.19,0.00,0.19,0.19,0.19,0.20,0.01,0.21,0.20,0.21,Matches
Asmir Begović,ba BIH,GK,Everton,34,1987,3,3,270,3.0,0,0,0,0,0,0,0,0,0.0,0.0,0.0,0.0,0,0,0,0.00,0.00,0.00,0.00,0.00,0.00,0.00,0.00,0.00,0.00,Matches
Saïd Benrahma,dz ALG,FW MF,West Ham,25,1995,32,26,2 168,24.janv,8,6,14,8,0,0,0,0,04.août,04.août,03.juil,08.mai,73,73,222,0.33,0.25,0.58,0.33,0.58,0.20,0.15,0.35,0.20,0.35,Matches
Rodrigo Bentancur,uy URU,MF,Tottenham,24,1997,17,16,1 361,15.janv,0,4,4,0,0,0,5,0,0.8,0.8,02.juin,03.avr,20,76,11,0.00,0.26,0.26,0.00,0.26,0.05,0.17,0.23,0.05,0.23,Matches
Christian Benteke,be BEL,FW,Crystal Palace,30,1990,25,11,1 145,12.juil,4,1,5,4,0,0,3,0,04.sept,04.sept,01.mars,06.févr,15,24,79,0.31,0.08,0.39,0.31,0.39,0.38,0.10,0.49,0.38,0.49,Matches
Jóhann Berg Guðmundsson,is ISL,MF,Burnley,30,1990,18,13,1 102,12.févr,0,1,1,0,0,0,2,0,01.juin,01.juin,0.5,2.0,27,16,75,0.00,0.08,0.08,0.00,0.08,0.13,0.04,0.17,0.13,0.17,Matches
Steven Bergwijn,nl NED,FW MF,Tottenham,23,1997,25,4,565,06.mars,3,1,4,3,0,0,1,0,02.mai,02.mai,0.9,03.mai,26,17,53,0.48,0.16,0.64,0.48,0.64,0.40,0.15,0.55,0.40,0.55,Matches
Ryan Bertrand,eng ENG,DF,Leicester City,31,1989,4,4,337,03.juil,0,0,0,0,0,0,1,0,0.0,0.0,0.0,0.0,2,17,8,0.00,0.00,0.00,0.00,0.00,0.00,0.00,0.00,0.00,0.00,Matches
Mads Bidstrup,dk DEN,MF,Brentford,20,2001,4,0,41,0.5,0,0,0,0,0,0,0,0,0.0,0.0,0.0,0.0,0,0,0,0.00,0.00,0.00,0.00,0.00,0.00,0.00,0.00,0.00,0.00,Matches
Player,Nation,Pos,Squad,Age,Born,MP,Starts,Min,90s,Gls,Ast,G+A,G-PK,PK,PKatt,CrdY,CrdR,xG,npxG,xAG,npxG+xAG,PrgC,PrgP,PrgR,Gls,Ast,G+A,G-PK,G+A-PK,xG,xAG,xG+xAG,npxG,npxG+xAG,Matches
Yves Bissouma,ml MLI,MF,Brighton,24,1996,26,25,2 111,23.mai,1,2,3,1,0,0,10,0,0.9,0.9,0.8,01.juil,40,92,16,0.04,0.09,0.13,0.04,0.13,0.04,0.03,0.07,0.04,0.07,Matches
Willy Boly,ci CIV,DF,Wolves,30,1991,10,10,900,10.0,0,0,0,0,0,0,1,0,0.2,0.2,0.1,0.2,6,20,0,0.00,0.00,0.00,0.00,0.00,0.02,0.01,0.02,0.02,0.02,Matches
Jarrod Bowen,eng ENG,FW,West Ham,24,1996,36,34,2 983,33.1,12,10,22,12,0,0,6,0,11.sept,11.sept,06.janv,18.0,74,66,204,0.36,0.30,0.66,0.36,0.66,0.36,0.18,0.54,0.36,0.54,Matches
Jarrad Branthwaite,eng ENG,DF,Everton,19,2002,6,4,388,04.mars,1,0,1,1,0,0,0,1,0.5,0.5,0.0,0.5,1,12,0,0.23,0.00,0.23,0.23,0.23,0.12,0.00,0.12,0.12,0.12,Matches
Armando Broja,al ALB,FW,Southampton,19,2001,32,21,1 975,21.sept,6,0,6,6,0,0,2,0,05.sept,05.sept,1.0,06.sept,56,29,114,0.27,0.00,0.27,0.27,0.27,0.27,0.05,0.32,0.27,0.32,Matches
Josh Brownhill,eng ENG,MF,Burnley,25,1995,35,32,2 955,32.8,2,3,5,2,0,0,10,0,01.avr,01.avr,02.juin,03.sept,18,106,37,0.06,0.09,0.15,0.06,0.15,0.04,0.08,0.12,0.04,0.12,Matches
Lewis Brunt,eng ENG,MF,Leicester City,20,2000,1,0,24,0.3,0,0,0,0,0,0,0,0,0.0,0.0,0.0,0.0,1,2,2,0.00,0.00,0.00,0.00,0.00,0.00,0.00,0.00,0.00,0.00,Matches
Emi Buendía,ar ARG,MF FW,Aston Villa,24,1996,35,22,1 899,21.janv,4,6,10,4,0,0,1,0,03.avr,03.avr,05.août,09.janv,40,117,84,0.19,0.28,0.47,0.19,0.47,0.16,0.27,0.43,0.16,0.43,Matches
Dan Burn,eng ENG,DF,Newcastle Utd,29,1992,16,16,1 44,16.0,0,1,1,0,0,0,4,0,0.7,0.7,0.4,01.janv,6,31,2,0.00,0.06,0.06,0.00,0.06,0.04,0.03,0.07,0.04,0.07,Matches
Dan Burn,eng ENG,DF,Brighton,29,1992,13,12,1 022,11.avr,1,0,1,1,0,0,4,0,01.juin,01.mai,0.5,2.0,9,50,3,0.09,0.00,0.09,0.09,0.09,0.14,0.04,0.18,0.13,0.17,Matches
Jack Butland,eng ENG,GK,Crystal Palace,28,1993,9,8,765,08.mai,0,0,0,0,0,0,0,0,0.0,0.0,0.0,0.0,0,0,0,0.00,0.00,0.00,0.00,0.00,0.00,0.00,0.00,0.00,0.00,Matches
Sam Byram,eng ENG,DF,Norwich City,27,1993,15,11,1 027,11.avr,0,0,0,0,0,0,3,0,0.6,0.6,0.2,0.9,11,23,16,0.00,0.00,0.00,0.00,0.00,0.06,0.02,0.08,0.06,0.08,Matches
Willy Caballero,ar ARG,GK,Southampton,39,1981,2,2,180,2.0,0,0,0,0,0,0,1,0,0.0,0.0,0.0,0.0,0,0,0,0.00,0.00,0.00,0.00,0.00,0.00,0.00,0.00,0.00,0.00,Matches
Moisés Caicedo,ec ECU,MF,Brighton,19,2001,8,8,660,07.mars,1,1,2,1,0,0,2,0,0.8,0.8,0.3,01.janv,9,22,8,0.14,0.14,0.27,0.14,0.27,0.11,0.04,0.16,0.11,0.16,Matches
Dominic Calvert-Lewin,eng ENG,FW,Everton,24,1997,17,15,1 283,14.mars,5,2,7,3,2,3,2,0,06.mai,04.févr,01.juin,05.juil,9,17,50,0.35,0.14,0.49,0.21,0.35,0.46,0.11,0.57,0.29,0.40,Matches
Chem Campbell,wls WAL,MF,Wolves,18,2002,1,0,13,0.1,0,0,0,0,0,0,0,0,0.0,0.0,0.0,0.0,0,0,4,0.00,0.00,0.00,0.00,0.00,0.00,0.00,0.00,0.00,0.00,Matches
João Cancelo,pt POR,DF,Manchester City,27,1994,36,36,3 227,35.9,1,7,8,1,0,0,7,0,4.0,4.0,05.avr,09.mars,125,357,270,0.03,0.20,0.22,0.03,0.22,0.11,0.15,0.26,0.11,0.26,Matches
Sergi Canós,es ESP,DF FW,Brentford,24,1997,31,25,2 083,23.janv,3,2,5,3,0,0,8,1,3.0,3.0,01.juil,04.juin,52,59,100,0.13,0.09,0.22,0.13,0.22,0.13,0.07,0.20,0.13,0.20,Matches
Todd Cantwell,eng ENG,FW MF,Norwich City,23,1998,8,5,441,04.sept,0,0,0,0,0,0,2,0,0.1,0.1,0.1,0.3,2,10,17,0.00,0.00,0.00,0.00,0.00,0.03,0.03,0.06,0.03,0.06,Matches
Matty Cash,pl POL,DF,Aston Villa,23,1997,38,38,3 377,37.5,4,3,7,4,0,0,8,0,02.juil,02.juil,02.août,05.avr,89,96,174,0.11,0.08,0.19,0.11,0.19,0.07,0.07,0.14,0.07,0.14,Matches
Timothy Castagne,be BEL,DF,Leicester City,25,1995,27,22,2 127,23.juin,1,0,1,1,0,0,1,0,0.7,0.7,01.mai,02.févr,32,72,115,0.04,0.00,0.04,0.04,0.04,0.03,0.06,0.09,0.03,0.09,Matches
Jonny Castro,es ESP,DF,Wolves,27,1994,13,10,1 024,11.avr,2,0,2,2,0,0,1,0,1.0,1.0,01.mars,02.mars,25,35,56,0.18,0.00,0.18,0.18,0.18,0.09,0.12,0.21,0.09,0.21,Matches
Craig Cathcart,nir NIR,DF,Watford,32,1989,31,27,2 396,26.juin,0,1,1,0,0,0,3,0,0.2,0.2,01.févr,01.avr,6,52,0,0.00,0.04,0.04,0.00,0.04,0.01,0.05,0.05,0.01,0.05,Matches
Edinson Cavani,uy URU,FW,Manchester Utd,34,1987,15,7,766,08.mai,2,1,3,2,0,0,0,0,03.avr,03.avr,01.févr,04.juil,2,9,32,0.23,0.12,0.35,0.23,0.35,0.40,0.14,0.55,0.40,0.55,Matches
Kayky Chagas,br BRA,FW,Manchester City,18,2003,1,0,7,0.1,0,0,0,0,0,0,0,0,0.0,0.0,0.0,0.0,1,0,1,0.00,0.00,0.00,0.00,0.00,0.00,0.00,0.00,0.00,0.00,Matches
Player,Nation,Pos,Squad,Age,Born,MP,Starts,Min,90s,Gls,Ast,G+A,G-PK,PK,PKatt,CrdY,CrdR,xG,npxG,xAG,npxG+xAG,PrgC,PrgP,PrgR,Gls,Ast,G+A,G-PK,G+A-PK,xG,xAG,xG+xAG,npxG,npxG+xAG,Matches
Trevoh Chalobah,eng ENG,DF,Chelsea,22,1999,20,17,1 449,16.janv,3,1,4,3,0,0,2,0,01.janv,01.janv,0.3,01.avr,24,88,14,0.19,0.06,0.25,0.19,0.25,0.07,0.02,0.09,0.07,0.09,Matches
Calum Chambers,eng ENG,DF,Arsenal,26,1995,2,2,170,01.sept,0,0,0,0,0,0,0,0,0.1,0.1,0.1,0.2,0,7,5,0.00,0.00,0.00,0.00,0.00,0.04,0.05,0.08,0.04,0.08,Matches
Calum Chambers,eng ENG,DF,Aston Villa,26,1995,11,9,831,09.févr,1,0,1,1,0,0,1,0,0.2,0.2,0.1,0.3,3,31,1,0.11,0.00,0.11,0.11,0.11,0.02,0.01,0.03,0.02,0.03,Matches
Daniel Chesters,eng ENG,MF,West Ham,19,2002,1,0,1,0.0,0,0,0,0,0,0,0,0,0.0,0.0,0.0,0.0,0,0,0,0.00,0.00,0.00,0.00,0.00,0.00,0.00,0.00,0.00,0.00,Matches
Ben Chilwell,eng ENG,DF,Chelsea,24,1996,7,6,542,6.0,3,1,4,3,0,0,0,0,0.9,0.9,0.8,01.juil,14,18,46,0.50,0.17,0.66,0.50,0.66,0.15,0.13,0.28,0.15,0.28,Matches
Chiquinho,pt POR,DF FW,Wolves,21,2000,8,1,208,02.mars,0,3,3,0,0,0,0,0,0.6,0.6,0.7,01.mars,10,7,35,0.00,janv.30,janv.30,0.00,janv.30,0.26,0.30,0.56,0.26,0.56,Matches
Hamza Choudhury,bd BAN,DF MF,Leicester City,23,1997,6,4,285,03.févr,0,0,0,0,0,0,1,0,0.0,0.0,0.0,0.0,0,5,1,0.00,0.00,0.00,0.00,0.00,0.01,0.00,0.01,0.01,0.01,Matches
Andreas Christensen,dk DEN,DF,Chelsea,25,1996,19,17,1 496,16.juin,0,0,0,0,0,0,2,0,0.6,0.6,0.2,0.8,14,81,5,0.00,0.00,0.00,0.00,0.00,0.04,0.01,0.05,0.04,0.05,Matches
Carney Chukwuemeka,eng ENG,MF FW,Aston Villa,17,2003,12,2,301,03.mars,0,1,1,0,0,0,0,0,0.6,0.6,1.0,01.juin,9,7,14,0.00,0.30,0.30,0.00,0.30,0.19,0.28,0.47,0.19,0.47,Matches
Ciaran Clark,ie IRL,DF,Newcastle Utd,31,1989,13,12,1 014,11.mars,0,1,1,0,0,0,2,1,01.janv,01.janv,0.3,01.avr,2,17,6,0.00,0.09,0.09,0.00,0.09,0.10,0.03,0.12,0.10,0.12,Matches
Tom Cleverley,eng ENG,MF,Watford,31,1989,28,20,1 616,18.0,0,2,2,0,0,0,2,0,0.7,0.7,02.janv,02.août,8,64,40,0.00,0.11,0.11,0.00,0.11,0.04,0.12,0.15,0.04,0.15,Matches
Nathaniel Clyne,eng ENG,DF,Crystal Palace,30,1991,16,15,1 351,15.0,0,1,1,0,0,0,1,0,0.1,0.1,0.4,0.5,14,36,25,0.00,0.07,0.07,0.00,0.07,0.01,0.03,0.04,0.01,0.04,Matches
Conor Coady,eng ENG,DF,Wolves,28,1993,38,38,3 361,37.3,4,0,4,4,0,0,4,0,02.août,02.août,0.1,02.août,6,35,3,0.11,0.00,0.11,0.11,0.11,0.07,0.00,0.08,0.07,0.08,Matches
Séamus Coleman,ie IRL,DF,Everton,32,1988,30,30,2 656,29.mai,1,0,1,1,0,0,4,0,01.févr,01.févr,0.8,2.0,40,96,77,0.03,0.00,0.03,0.03,0.03,0.04,0.03,0.07,0.04,0.07,Matches
Nathan Collins,ie IRL,DF,Burnley,20,2001,19,18,1 67,18.juin,2,0,2,2,0,0,2,1,01.mai,01.mai,01.mai,3.0,7,44,8,0.11,0.00,0.11,0.11,0.11,0.08,0.08,0.16,0.08,0.16,Matches
Aaron Connolly,ie IRL,FW MF,Brighton,21,2000,4,1,156,01.juil,0,0,0,0,0,0,0,0,0.4,0.4,0.1,0.5,3,1,7,0.00,0.00,0.00,0.00,0.00,0.21,0.06,0.26,0.21,0.26,Matches
Liam Cooper,sct SCO,DF,Leeds United,29,1991,21,21,1 814,20.févr,0,1,1,0,0,0,5,0,0.4,0.4,0.1,0.5,7,46,2,0.00,0.05,0.05,0.00,0.05,0.02,0.01,0.02,0.02,0.02,Matches
Jack Cork,eng ENG,MF,Burnley,32,1989,20,20,1 67,18.juin,1,0,1,1,0,0,4,0,0.7,0.7,0.3,1.0,12,46,12,0.05,0.00,0.05,0.05,0.05,0.04,0.02,0.05,0.04,0.05,Matches
Maxwel Cornet,ci CIV,FW MF,Burnley,24,1996,26,21,1 766,19.juin,9,1,10,9,0,1,2,0,06.juil,05.sept,01.juil,07.juil,28,30,125,0.46,0.05,0.51,0.46,0.51,0.34,0.09,0.43,0.30,0.39,Matches
Hélder Costa,ao ANG,MF,Leeds United,27,1994,1,0,22,0.2,0,0,0,0,0,0,0,0,0.0,0.0,0.0,0.0,0,0,2,0.00,0.00,0.00,0.00,0.00,0.03,0.00,0.03,0.03,0.03,Matches
Vladimír Coufal,cz CZE,DF,West Ham,28,1992,28,25,2 209,24.mai,0,4,4,0,0,0,5,1,0.8,0.8,02.janv,02.sept,51,113,119,0.00,0.16,0.16,0.00,0.16,0.03,0.08,0.12,0.03,0.12,Matches
Philippe Coutinho,br BRA,MF FW,Aston Villa,29,1992,19,16,1 329,14.août,5,3,8,5,0,0,0,0,03.août,03.août,02.sept,06.juil,48,94,62,0.34,0.20,0.54,0.34,0.54,0.25,0.20,0.45,0.25,0.45,Matches
Aaron Cresswell,eng ENG,DF,West Ham,31,1989,31,31,2 726,30.mars,2,3,5,2,0,0,3,0,01.janv,01.janv,03.févr,04.févr,54,186,99,0.07,0.10,0.17,0.07,0.17,0.04,0.10,0.14,0.04,0.14,Matches
Charlie Cresswell,eng ENG,DF,Leeds United,18,2002,5,1,141,01.juin,0,0,0,0,0,0,1,0,0.1,0.1,0.0,0.1,1,4,0,0.00,0.00,0.00,0.00,0.00,0.05,0.00,0.05,0.05,0.05,Matches
Cucho,co COL,FW MF,Watford,22,1999,25,11,1 147,12.juil,5,2,7,5,0,0,3,0,02.mai,02.mai,01.sept,04.mars,22,39,85,0.39,0.16,0.55,0.39,0.55,0.19,0.15,0.34,0.19,0.34,Matches
Player,Nation,Pos,Squad,Age,Born,MP,Starts,Min,90s,Gls,Ast,G+A,G-PK,PK,PKatt,CrdY,CrdR,xG,npxG,xAG,npxG+xAG,PrgC,PrgP,PrgR,Gls,Ast,G+A,G-PK,G+A-PK,xG,xAG,xG+xAG,npxG,npxG+xAG,Matches
Marc Cucurella,es ESP,DF,Brighton,23,1998,35,35,3 089,34.3,1,1,2,1,0,0,6,0,0.7,0.7,02.juil,03.avr,104,191,208,0.03,0.03,0.06,0.03,0.06,0.02,0.08,0.10,0.02,0.10,Matches
Luke Cundle,eng ENG,MF,Wolves,19,2002,4,2,180,2.0,0,0,0,0,0,0,0,0,0.0,0.0,0.2,0.2,3,9,3,0.00,0.00,0.00,0.00,0.00,0.00,0.12,0.12,0.00,0.12,Matches
Patson Daka,zm ZAM,FW,Leicester City,22,1998,23,13,1 159,12.sept,5,3,8,5,0,0,2,0,04.févr,04.févr,2.0,06.janv,10,17,66,0.39,0.23,0.62,0.39,0.62,0.32,0.15,0.48,0.32,0.48,Matches
Stuart Dallas,nir NIR,DF MF,Leeds United,30,1991,34,34,2 919,32.4,1,1,2,1,0,0,5,0,01.sept,01.sept,02.mars,04.janv,82,170,79,0.03,0.03,0.06,0.03,0.06,0.06,0.07,0.13,0.06,0.13,Matches
Diogo Dalot,pt POR,DF,Manchester Utd,22,1999,24,19,1 801,20.0,0,0,0,0,0,0,4,0,0.6,0.6,01.févr,01.juil,53,105,75,0.00,0.00,0.00,0.00,0.00,0.03,0.06,0.09,0.03,0.09,Matches
Karl Darlow,wls WAL,GK,Newcastle Utd,30,1990,8,8,720,8.0,0,0,0,0,0,0,1,0,0.0,0.0,0.0,0.0,0,0,0,0.00,0.00,0.00,0.00,0.00,0.00,0.00,0.00,0.00,0.00,Matches
Josh Dasilva,eng ENG,MF FW,Brentford,22,1998,9,2,257,02.sept,0,0,0,0,0,0,0,1,0.1,0.1,0.1,0.2,10,11,10,0.00,0.00,0.00,0.00,0.00,0.03,0.05,0.08,0.03,0.08,Matches
Ben Davies,wls WAL,DF,Tottenham,28,1993,29,28,2 538,28.févr,1,1,2,1,0,0,6,0,02.mars,02.mars,0.5,02.sept,62,137,60,0.04,0.04,0.07,0.04,0.07,0.08,0.02,0.10,0.08,0.10,Matches
Tom Davies,eng ENG,MF,Everton,23,1998,6,2,234,02.juin,1,0,1,1,0,0,1,0,0.8,0.8,0.0,0.8,1,7,3,0.38,0.00,0.38,0.38,0.38,0.32,0.00,0.32,0.32,0.32,Matches
Keinan Davis,eng ENG,FW,Aston Villa,23,1998,1,0,12,0.1,0,0,0,0,0,0,0,0,0.0,0.0,0.0,0.0,0,0,1,0.00,0.00,0.00,0.00,0.00,0.00,0.00,0.00,0.00,0.00,Matches
Craig Dawson,eng ENG,DF,West Ham,31,1990,34,30,2 754,30.juin,2,2,4,2,0,0,5,1,3.0,3.0,1.0,4.0,4,54,3,0.07,0.07,0.13,0.07,0.13,0.10,0.03,0.13,0.10,0.13,Matches
Kevin De Bruyne,be BEL,MF,Manchester City,30,1991,30,25,2 201,24.mai,15,8,23,15,0,0,2,0,05.juil,05.juil,10.avr,16.janv,84,204,175,0.61,0.33,0.94,0.61,0.94,0.23,0.42,0.66,0.23,0.66,Matches
Troy Deeney,eng ENG,FW,Watford,33,1988,2,0,25,0.3,0,0,0,0,0,0,0,0,0.1,0.1,0.1,0.1,0,1,5,0.00,0.00,0.00,0.00,0.00,0.28,0.25,0.54,0.28,0.54,Matches
Liam Delap,eng ENG,FW,Manchester City,18,2003,1,0,10,0.1,0,0,0,0,0,0,0,0,0.0,0.0,0.0,0.0,0,1,0,0.00,0.00,0.00,0.00,0.00,0.00,0.00,0.00,0.00,0.00,Matches
Fabian Delph,eng ENG,MF,Everton,31,1989,11,8,662,07.avr,0,0,0,0,0,0,2,0,0.0,0.0,0.1,0.1,2,34,3,0.00,0.00,0.00,0.00,0.00,0.00,0.01,0.01,0.00,0.01,Matches
Leander Dendoncker,be BEL,MF,Wolves,26,1995,30,21,1 95,21.juil,2,2,4,2,0,0,4,0,02.févr,02.févr,01.janv,03.mars,9,64,45,0.09,0.09,0.18,0.09,0.18,0.10,0.05,0.15,0.10,0.15,Matches
Emmanuel Dennis,ng NGA,FW MF,Watford,23,1997,33,30,2 581,28.juil,10,6,16,10,0,0,9,1,07.mars,07.mars,04.janv,11.mars,91,61,172,0.35,0.21,0.56,0.35,0.56,0.26,0.14,0.40,0.25,0.40,Matches
Kiernan Dewsbury-Hall,eng ENG,MF,Leicester City,22,1998,28,23,2 105,23.avr,1,2,3,1,0,0,4,0,01.févr,01.févr,02.juil,03.sept,82,132,98,0.04,0.09,0.13,0.04,0.13,0.05,0.12,0.17,0.05,0.17,Matches
Ibrahima Diallo,fr FRA,MF,Southampton,22,1999,23,10,1 023,11.avr,0,2,2,0,0,0,1,0,0.4,0.4,1.0,01.mai,17,57,20,0.00,0.18,0.18,0.00,0.18,0.04,0.09,0.13,0.04,0.13,Matches
Rúben Dias,pt POR,DF,Manchester City,24,1997,29,27,2 402,26.juil,2,4,6,2,0,0,5,0,02.juil,02.juil,03.févr,05.sept,33,139,4,0.07,0.15,0.22,0.07,0.22,0.10,0.12,0.22,0.10,0.22,Matches
Luis Díaz,co COL,FW,Liverpool,24,1997,13,11,958,10.juin,4,3,7,4,0,0,0,0,03.juin,03.juin,02.juin,06.févr,53,38,127,0.38,0.28,0.66,0.38,0.66,0.33,0.25,0.58,0.33,0.58,Matches
Eric Dier,eng ENG,DF,Tottenham,27,1994,35,35,3 071,34.1,0,0,0,0,0,0,1,0,01.févr,01.févr,01.janv,02.mars,13,103,6,0.00,0.00,0.00,0.00,0.00,0.04,0.03,0.07,0.04,0.07,Matches
Lucas Digne,fr FRA,DF,Aston Villa,28,1993,16,16,1 269,14.janv,0,4,4,0,0,0,2,0,0.5,0.5,02.févr,02.juil,34,48,121,0.00,0.28,0.28,0.00,0.28,0.04,0.16,0.19,0.04,0.19,Matches
Lucas Digne,fr FRA,DF,Everton,28,1993,13,13,1 17,13.0,0,0,0,0,0,0,4,0,0.3,0.3,01.avr,01.août,25,49,47,0.00,0.00,0.00,0.00,0.00,0.03,0.11,0.14,0.03,0.14,Matches
Issa Diop,fr FRA,DF,West Ham,24,1997,13,10,963,10.juil,0,1,1,0,0,0,0,0,0.1,0.1,0.4,0.5,4,14,1,0.00,0.09,0.09,0.00,0.09,0.01,0.04,0.05,0.01,0.05,Matches
Player,Nation,Pos,Squad,Age,Born,MP,Starts,Min,90s,Gls,Ast,G+A,G-PK,PK,PKatt,CrdY,CrdR,xG,npxG,xAG,npxG+xAG,PrgC,PrgP,PrgR,Gls,Ast,G+A,G-PK,G+A-PK,xG,xAG,xG+xAG,npxG,npxG+xAG,Matches
Moussa Djenepo,ml MLI,MF,Southampton,23,1998,12,5,457,05.janv,0,0,0,0,0,0,3,0,01.mai,01.mai,0.3,01.août,20,18,30,0.00,0.00,0.00,0.00,0.00,0.29,0.06,0.35,0.29,0.35,Matches
Lewis Dobbin,eng ENG,FW MF,Everton,18,2003,3,0,32,0.4,0,0,0,0,0,0,1,0,0.0,0.0,0.0,0.0,1,1,2,0.00,0.00,0.00,0.00,0.00,0.00,0.00,0.00,0.00,0.00,Matches
Matt Doherty,ie IRL,DF,Tottenham,29,1992,15,9,875,09.juil,2,4,6,2,0,0,0,0,02.mai,02.mai,2.0,04.mai,29,24,80,0.21,0.41,0.62,0.21,0.62,0.25,0.20,0.46,0.25,0.46,Matches
Abdoulaye Doucouré,ml MLI,MF,Everton,28,1993,30,29,2 537,28.févr,2,4,6,2,0,0,6,0,02.févr,02.févr,2.0,04.févr,33,113,54,0.07,0.14,0.21,0.07,0.21,0.08,0.07,0.15,0.08,0.15,Matches
Kieran Dowell,eng ENG,FW MF,Norwich City,23,1997,19,11,912,10.janv,1,1,2,1,0,0,0,0,01.janv,01.janv,01.mai,02.juin,14,31,49,0.10,0.10,0.20,0.10,0.20,0.10,0.15,0.26,0.10,0.26,Matches
Cody Drameh,eng ENG,DF MF,Leeds United,19,2001,3,1,128,01.avr,0,0,0,0,0,0,1,0,0.0,0.0,0.0,0.0,3,6,3,0.00,0.00,0.00,0.00,0.00,0.00,0.02,0.02,0.00,0.02,Matches
Martin Dúbravka,sk SVK,GK,Newcastle Utd,32,1989,26,26,2 34,26.0,0,0,0,0,0,0,1,0,0.0,0.0,0.0,0.0,0,0,0,0.00,0.00,0.00,0.00,0.00,0.00,0.00,0.00,0.00,0.00,Matches
Shane Duffy,ie IRL,DF,Brighton,29,1992,18,15,1 436,16.0,1,0,1,1,0,0,7,0,1.0,1.0,0.2,01.févr,3,41,3,0.06,0.00,0.06,0.06,0.06,0.06,0.01,0.07,0.06,0.07,Matches
Paul Dummett,wls WAL,DF,Newcastle Utd,29,1991,3,2,198,02.févr,0,0,0,0,0,0,2,0,0.0,0.0,0.0,0.0,0,5,2,0.00,0.00,0.00,0.00,0.00,0.00,0.00,0.00,0.00,0.00,Matches
Lewis Dunk,eng ENG,DF,Brighton,29,1991,29,29,2 573,28.juin,1,0,1,1,0,0,3,1,01.mars,01.mars,0.4,01.août,14,83,3,0.03,0.00,0.03,0.03,0.03,0.05,0.01,0.06,0.05,0.06,Matches
Ederson,br BRA,GK,Manchester City,27,1993,37,37,3 33,37.0,0,0,0,0,0,0,3,0,0.0,0.0,0.0,0.0,0,3,0,0.00,0.00,0.00,0.00,0.00,0.00,0.00,0.00,0.00,0.00,Matches
Odsonne Édouard,fr FRA,FW,Crystal Palace,23,1998,28,18,1 564,17.avr,6,3,9,5,1,1,4,0,06.avr,05.juin,01.sept,07.mai,42,42,109,0.35,0.17,0.52,0.29,0.46,0.37,0.11,0.48,0.32,0.43,Matches
CJ Egan-Riley,eng ENG,DF,Manchester City,18,2003,1,0,4,0.0,0,0,0,0,0,0,0,0,0.0,0.0,0.0,0.0,0,0,0,0.00,0.00,0.00,0.00,0.00,0.00,0.00,0.00,0.00,0.00,Matches
Anthony Elanga,se SWE,FW,Manchester Utd,19,2002,21,14,1 214,13.mai,2,2,4,2,0,0,0,0,02.juin,02.juin,02.avr,05.janv,32,18,114,0.15,0.15,0.30,0.15,0.30,0.19,0.18,0.37,0.19,0.37,Matches
Harvey Elliott,eng ENG,MF,Liverpool,18,2003,6,4,346,03.août,0,0,0,0,0,0,0,0,0.8,0.8,0.6,01.avr,10,36,38,0.00,0.00,0.00,0.00,0.00,0.21,0.16,0.37,0.21,0.37,Matches
Mohamed Elneny,eg EGY,MF,Arsenal,29,1992,14,8,806,9.0,0,2,2,0,0,0,1,0,0.2,0.2,0.4,0.6,5,43,2,0.00,0.22,0.22,0.00,0.22,0.02,0.05,0.07,0.02,0.07,Matches
Mohamed Elyounoussi,no NOR,MF FW,Southampton,26,1994,30,23,2 042,22.juil,4,2,6,4,0,0,4,0,05.mai,05.mai,02.mars,07.août,59,81,124,0.18,0.09,0.26,0.18,0.26,0.24,0.10,0.34,0.24,0.34,Matches
Emerson,br BRA,DF MF,Tottenham,22,1999,31,26,2 286,25.avr,1,1,2,1,0,0,5,0,01.mai,01.mai,02.févr,03.juin,68,68,175,0.04,0.04,0.08,0.04,0.08,0.06,0.09,0.14,0.06,0.14,Matches
Christian Eriksen,dk DEN,MF,Brentford,29,1992,11,10,939,10.avr,1,4,5,1,0,0,1,0,01.mars,01.mars,03.mai,04.août,21,82,22,0.10,0.38,0.48,0.10,0.48,0.12,0.34,0.46,0.12,0.46,Matches
Oghenekaro Etebo,ng NGA,MF,Watford,25,1995,9,4,401,04.mai,0,0,0,0,0,0,3,0,0.1,0.1,0.1,0.2,3,16,1,0.00,0.00,0.00,0.00,0.00,0.01,0.02,0.03,0.01,0.03,Matches
Jonny Evans,nir NIR,DF,Leicester City,33,1988,18,16,1 348,15.0,1,1,2,1,0,0,3,0,0.6,0.6,0.8,01.avr,1,49,4,0.07,0.07,0.13,0.07,0.13,0.04,0.05,0.09,0.04,0.09,Matches
Eberechi Eze,eng ENG,MF FW,Crystal Palace,23,1998,13,6,605,06.juil,1,1,2,1,0,0,1,0,0.4,0.4,0.9,01.mars,20,33,38,0.15,0.15,0.30,0.15,0.30,0.07,0.13,0.20,0.07,0.20,Matches
Łukasz Fabiański,pl POL,GK,West Ham,36,1985,37,37,3 33,37.0,0,0,0,0,0,0,2,0,0.0,0.0,0.0,0.0,0,0,0,0.00,0.00,0.00,0.00,0.00,0.00,0.00,0.00,0.00,0.00,Matches
Fabinho,br BRA,MF,Liverpool,27,1993,29,26,2 314,25.juil,5,1,6,3,2,2,7,0,03.sept,02.avr,01.mars,03.juil,18,134,37,0.19,0.04,0.23,0.12,0.16,0.15,0.05,0.20,0.09,0.14,Matches
Kiko Femenía,es ESP,DF,Watford,30,1991,27,26,2 142,23.août,0,5,5,0,0,0,2,0,0.1,0.1,03.juin,03.août,40,100,48,0.00,0.21,0.21,0.00,0.21,0.00,0.15,0.16,0.00,0.16,Matches
Player,Nation,Pos,Squad,Age,Born,MP,Starts,Min,90s,Gls,Ast,G+A,G-PK,PK,PKatt,CrdY,CrdR,xG,npxG,xAG,npxG+xAG,PrgC,PrgP,PrgR,Gls,Ast,G+A,G-PK,G+A-PK,xG,xAG,xG+xAG,npxG,npxG+xAG,Matches
Evan Ferguson,ie IRL,MF,Brighton,16,2004,1,0,23,0.3,0,0,0,0,0,0,0,0,0.0,0.0,0.0,0.0,0,0,1,0.00,0.00,0.00,0.00,0.00,0.00,0.00,0.00,0.00,0.00,Matches
Nathan Ferguson,eng ENG,DF,Crystal Palace,20,2000,1,0,9,0.1,0,0,0,0,0,0,0,0,0.0,0.0,0.0,0.0,0,0,0,0.00,0.00,0.00,0.00,0.00,0.00,0.00,0.00,0.00,0.00,Matches
Bruno Fernandes,pt POR,MF,Manchester Utd,26,1994,36,35,3 111,34.6,10,6,16,10,0,2,10,0,09.juil,08.janv,9.0,17.janv,78,237,190,0.29,0.17,0.46,0.29,0.46,0.28,0.26,0.54,0.23,0.50,Matches
Álvaro Fernández,es ESP,GK,Brentford,23,1998,12,12,1 08,12.0,0,0,0,0,0,0,0,0,0.0,0.0,0.0,0.0,0,1,0,0.00,0.00,0.00,0.00,0.00,0.00,0.00,0.00,0.00,0.00,Matches
Federico Fernández,ar ARG,DF,Newcastle Utd,32,1989,7,5,523,05.août,0,0,0,0,0,0,0,0,0.4,0.4,0.3,0.7,0,12,1,0.00,0.00,0.00,0.00,0.00,0.07,0.06,0.13,0.07,0.13,Matches
Fernandinho,br BRA,MF DF,Manchester City,36,1985,19,10,964,10.juil,2,1,3,2,0,0,1,0,01.juin,01.juin,1.0,02.mai,16,81,11,0.19,0.09,0.28,0.19,0.28,0.15,0.09,0.24,0.15,0.24,Matches
Roberto Firmino,br BRA,FW,Liverpool,29,1991,20,10,990,11.0,5,4,9,5,0,0,3,0,04.juil,04.juil,01.juil,06.avr,27,40,100,0.45,0.36,0.82,0.45,0.82,0.43,0.16,0.59,0.43,0.59,Matches
Junior Firpo,do DOM,DF MF,Leeds United,24,1996,24,19,1 711,19.0,0,2,2,0,0,0,11,0,0.9,0.9,01.sept,02.août,36,111,72,0.00,0.11,0.11,0.00,0.11,0.05,0.10,0.15,0.05,0.15,Matches
Ashley Fletcher,eng ENG,FW,Watford,25,1995,3,0,30,0.3,0,0,0,0,0,0,0,0,0.6,0.6,0.0,0.6,1,0,1,0.00,0.00,0.00,0.00,0.00,janv.80,0.00,janv.80,janv.80,janv.80,Matches
Phil Foden,eng ENG,FW,Manchester City,21,2000,28,24,2 128,23.juin,9,5,14,9,0,0,1,0,09.avr,09.avr,06.mars,15.juil,71,98,248,0.38,0.21,0.59,0.38,0.59,0.40,0.27,0.66,0.40,0.66,Matches
Wesley Fofana,fr FRA,DF,Leicester City,20,2000,7,7,630,7.0,0,0,0,0,0,0,2,0,0.4,0.4,0.0,0.4,10,28,1,0.00,0.00,0.00,0.00,0.00,0.06,0.00,0.06,0.06,0.06,Matches
Pablo Fornals,es ESP,FW MF,West Ham,25,1996,36,32,2 795,31.janv,6,3,9,6,0,0,4,0,04.juin,04.juin,06.mars,10.sept,49,191,200,0.19,0.10,0.29,0.19,0.29,0.15,0.20,0.35,0.15,0.35,Matches
Adam Forshaw,eng ENG,MF,Leeds United,29,1991,22,17,1 53,17.0,0,1,1,0,0,0,5,0,0.5,0.5,1.0,01.mai,19,80,26,0.00,0.06,0.06,0.00,0.06,0.03,0.06,0.09,0.03,0.09,Matches
Marcus Forss,fi FIN,FW MF,Brentford,22,1999,7,1,209,02.mars,0,1,1,0,0,0,0,0,0.3,0.3,0.2,0.6,2,6,12,0.00,0.43,0.43,0.00,0.43,0.14,0.10,0.24,0.14,0.24,Matches
Fraser Forster,eng ENG,GK,Southampton,33,1988,19,19,1 71,19.0,0,0,0,0,0,0,1,0,0.0,0.0,0.0,0.0,0,0,0,0.00,0.00,0.00,0.00,0.00,0.00,0.00,0.00,0.00,0.00,Matches
Ben Foster,eng ENG,GK,Watford,38,1983,26,26,2 34,26.0,0,1,1,0,0,0,0,0,0.0,0.0,0.1,0.1,0,0,0,0.00,0.04,0.04,0.00,0.04,0.00,0.00,0.00,0.00,0.00,Matches
Tariqe Fosu,gh GHA,DF,Brentford,25,1995,1,0,17,0.2,0,0,0,0,0,0,0,0,0.0,0.0,0.0,0.0,3,1,4,0.00,0.00,0.00,0.00,0.00,0.22,0.00,0.22,0.22,0.22,Matches
Ryan Fraser,sct SCO,FW MF,Newcastle Utd,27,1994,27,18,1 465,16.mars,2,3,5,2,0,0,3,0,02.juil,02.juil,02.janv,04.juil,35,34,86,0.12,0.18,0.31,0.12,0.31,0.16,0.13,0.29,0.16,0.29,Matches
Fred,br BRA,MF,Manchester Utd,28,1993,28,24,2 028,22.mai,4,4,8,4,0,0,5,0,01.mars,01.mars,02.févr,03.mai,17,138,41,0.18,0.18,0.36,0.18,0.36,0.06,0.10,0.16,0.06,0.16,Matches
Ryan Fredericks,eng ENG,DF,West Ham,28,1992,7,3,307,03.avr,0,0,0,0,0,0,1,0,0.0,0.0,0.1,0.1,4,6,14,0.00,0.00,0.00,0.00,0.00,0.00,0.04,0.04,0.00,0.04,Matches
Leo Fuhr Hjelde,no NOR,MF DF,Leeds United,17,2003,2,0,150,01.juil,0,0,0,0,0,0,0,0,0.0,0.0,0.0,0.0,1,3,4,0.00,0.00,0.00,0.00,0.00,0.00,0.01,0.01,0.00,0.01,Matches
Conor Gallagher,eng ENG,MF,Crystal Palace,21,2000,34,33,2 845,31.6,8,3,11,8,0,0,10,0,06.mars,06.mars,03.janv,09.avr,42,94,118,0.25,0.09,0.35,0.25,0.35,0.20,0.10,0.30,0.20,0.30,Matches
Alejandro Garnacho,ar ARG,FW MF,Manchester Utd,17,2004,2,0,13,0.1,0,0,0,0,0,0,0,0,0.0,0.0,0.0,0.0,0,0,0,0.00,0.00,0.00,0.00,0.00,0.00,0.00,0.00,0.00,0.00,Matches
Dwight Gayle,eng ENG,FW DF,Newcastle Utd,30,1990,8,0,38,0.4,0,0,0,0,0,0,1,0,0.6,0.6,0.3,0.9,0,0,4,0.00,0.00,0.00,0.00,0.00,janv.31,0.71,02.févr,janv.31,02.févr,Matches
Jean-Philippe Gbamin,ci CIV,MF,Everton,25,1995,3,1,67,0.7,0,0,0,0,0,0,0,0,0.0,0.0,0.0,0.0,1,0,0,0.00,0.00,0.00,0.00,0.00,0.00,0.00,0.00,0.00,0.00,Matches
Player,Nation,Pos,Squad,Age,Born,MP,Starts,Min,90s,Gls,Ast,G+A,G-PK,PK,PKatt,CrdY,CrdR,xG,npxG,xAG,npxG+xAG,PrgC,PrgP,PrgR,Gls,Ast,G+A,G-PK,G+A-PK,xG,xAG,xG+xAG,npxG,npxG+xAG,Matches
David de Gea,es ESP,GK,Manchester Utd,30,1990,38,38,3 42,38.0,0,0,0,0,0,0,0,0,0.0,0.0,0.0,0.0,0,0,0,0.00,0.00,0.00,0.00,0.00,0.00,0.00,0.00,0.00,0.00,Matches
Joe Gelhardt,eng ENG,FW MF,Leeds United,19,2002,20,5,746,08.mars,2,2,4,2,0,0,4,0,3.0,3.0,01.juin,04.juin,17,15,55,0.24,0.24,0.48,0.24,0.48,0.36,0.20,0.56,0.36,0.56,Matches
Anwar El Ghazi,nl NED,FW MF,Aston Villa,26,1995,9,4,386,04.mars,1,1,2,0,1,1,2,0,01.janv,0.3,0.4,0.7,13,5,38,0.23,0.23,0.47,0.00,0.23,0.25,0.10,0.35,0.06,0.16,Matches
Anwar El Ghazi,nl NED,FW MF,Everton,26,1995,2,0,13,0.1,0,0,0,0,0,0,0,0,0.0,0.0,0.0,0.0,2,0,2,0.00,0.00,0.00,0.00,0.00,0.00,0.00,0.00,0.00,0.00,Matches
Saman Ghoddos,ir IRN,MF DF,Brentford,27,1993,17,4,536,6.0,1,1,2,1,0,0,2,0,0.5,0.5,01.févr,01.juil,7,25,40,0.17,0.17,0.34,0.17,0.34,0.08,0.20,0.28,0.08,0.28,Matches
Dimitris Giannoulis,gr GRE,DF,Norwich City,25,1995,18,14,1 169,13.0,0,1,1,0,0,0,2,0,0.1,0.1,0.6,0.7,33,40,58,0.00,0.08,0.08,0.00,0.08,0.01,0.05,0.06,0.01,0.06,Matches
Morgan Gibbs-White,eng ENG,DF FW,Wolves,21,2000,2,0,9,0.1,0,0,0,0,0,0,1,0,0.1,0.1,0.0,0.1,0,2,2,0.00,0.00,0.00,0.00,0.00,janv.40,0.00,janv.40,janv.40,janv.40,Matches
Ben Gibson,eng ENG,DF,Norwich City,28,1993,28,28,2 494,27.juil,0,0,0,0,0,0,5,1,01.avr,01.avr,0.2,01.mai,11,68,0,0.00,0.00,0.00,0.00,0.00,0.05,0.01,0.05,0.05,0.05,Matches
Bryan Gil,es ESP,FW MF,Tottenham,20,2001,9,0,94,1.0,0,0,0,0,0,0,0,0,0.1,0.1,0.1,0.2,6,7,17,0.00,0.00,0.00,0.00,0.00,0.06,0.11,0.17,0.06,0.17,Matches
Billy Gilmour,sct SCO,MF,Norwich City,20,2001,24,21,1 855,20.juin,0,1,1,0,0,0,2,0,0.9,0.9,01.avr,02.mars,30,112,17,0.00,0.05,0.05,0.00,0.05,0.04,0.07,0.11,0.04,0.11,Matches
Ben Godfrey,eng ENG,DF,Everton,23,1998,23,23,2 029,22.mai,0,0,0,0,0,0,6,0,01.avr,01.avr,0.8,02.févr,23,67,26,0.00,0.00,0.00,0.00,0.00,0.06,0.03,0.10,0.06,0.10,Matches
André Gomes,pt POR,MF,Everton,28,1993,14,7,619,06.sept,0,1,1,0,0,0,3,0,0.7,0.7,0.2,0.8,6,25,13,0.00,0.15,0.15,0.00,0.15,0.10,0.03,0.12,0.10,0.12,Matches
Toti Gomes,pt POR,DF,Wolves,22,1999,4,4,360,4.0,0,0,0,0,0,0,1,0,0.0,0.0,0.0,0.0,2,7,2,0.00,0.00,0.00,0.00,0.00,0.01,0.00,0.01,0.01,0.01,Matches
Joe Gomez,eng ENG,DF,Liverpool,24,1997,8,4,331,03.juil,0,1,1,0,0,0,2,0,0.0,0.0,0.8,0.8,11,36,29,0.00,0.27,0.27,0.00,0.27,0.01,0.21,0.22,0.01,0.22,Matches
Charlie Goode,eng ENG,DF,Brentford,25,1995,6,4,450,5.0,0,0,0,0,0,0,3,0,0.1,0.1,1.0,1.0,5,18,9,0.00,0.00,0.00,0.00,0.00,0.01,0.19,0.20,0.01,0.20,Matches
Anthony Gordon,eng ENG,MF FW,Everton,20,2001,35,25,2 285,25.avr,4,2,6,4,0,0,4,0,03.mai,03.mai,03.août,07.mars,74,51,137,0.16,0.08,0.24,0.16,0.24,0.14,0.15,0.29,0.14,0.29,Matches
Kaide Gordon,eng ENG,FW,Liverpool,16,2004,1,0,9,0.1,0,0,0,0,0,0,0,0,0.4,0.4,0.0,0.4,1,0,3,0.00,0.00,0.00,0.00,0.00,avr.50,0.00,avr.50,avr.50,avr.50,Matches
Dan Gosling,eng ENG,MF,Watford,31,1990,4,2,166,01.août,1,0,1,1,0,0,0,0,0.2,0.2,0.0,0.3,2,4,5,0.54,0.00,0.54,0.54,0.54,0.12,0.02,0.14,0.12,0.14,Matches
Demarai Gray,jm JAM,MF FW,Everton,25,1996,34,28,2 338,26.0,5,4,9,5,0,0,3,0,4.0,4.0,03.juin,07.juin,93,59,169,0.19,0.15,0.35,0.19,0.35,0.15,0.14,0.29,0.15,0.29,Matches
Jack Grealish,eng ENG,FW,Manchester City,25,1995,26,22,1 914,21.mars,3,3,6,3,0,0,3,0,05.mars,05.mars,6.0,11.mars,153,100,267,0.14,0.14,0.28,0.14,0.28,0.25,0.28,0.53,0.25,0.53,Matches
Mason Greenwood,eng ENG,FW MF,Manchester Utd,19,2001,18,16,1 271,14.janv,5,1,6,5,0,0,1,0,04.mars,04.mars,01.août,06.janv,48,39,109,0.35,0.07,0.42,0.35,0.42,0.30,0.13,0.43,0.30,0.43,Matches
Sam Greenwood,eng ENG,MF FW,Leeds United,19,2002,7,1,237,02.juin,0,2,2,0,0,0,0,0,0.3,0.3,0.2,0.5,3,5,10,0.00,0.76,0.76,0.00,0.76,0.11,0.09,0.20,0.11,0.20,Matches
Pascal Groß,de GER,MF DF,Brighton,30,1991,29,24,2 038,22.juin,2,4,6,2,0,1,1,0,02.sept,02.janv,05.mai,07.juil,39,149,141,0.09,0.18,0.26,0.09,0.26,0.13,0.24,0.37,0.09,0.34,Matches
Vicente Guaita,es ESP,GK,Crystal Palace,34,1987,30,30,2 655,29.mai,0,0,0,0,0,0,2,0,0.0,0.0,0.0,0.0,0,0,0,0.00,0.00,0.00,0.00,0.00,0.00,0.00,0.00,0.00,0.00,Matches
Marc Guéhi,eng ENG,DF,Crystal Palace,21,2000,36,36,3 222,35.8,2,1,3,2,0,0,4,0,02.mai,02.mai,01.mars,03.août,17,111,7,0.06,0.03,0.08,0.06,0.08,0.07,0.04,0.11,0.07,0.11,Matches
Player,Nation,Pos,Squad,Age,Born,MP,Starts,Min,90s,Gls,Ast,G+A,G-PK,PK,PKatt,CrdY,CrdR,xG,npxG,xAG,npxG+xAG,PrgC,PrgP,PrgR,Gls,Ast,G+A,G-PK,G+A-PK,xG,xAG,xG+xAG,npxG,npxG+xAG,Matches
Bruno Guimarães,br BRA,MF,Newcastle Utd,23,1997,17,11,1 034,11.mai,5,1,6,5,0,0,4,0,03.janv,03.janv,01.janv,04.févr,18,54,15,0.44,0.09,0.52,0.44,0.52,0.27,0.10,0.37,0.27,0.37,Matches
İlkay Gündoğan,de GER,MF,Manchester City,30,1990,27,20,1 857,20.juin,8,4,12,8,0,0,1,0,9.0,9.0,04.sept,13.sept,60,126,107,0.39,0.19,0.58,0.39,0.58,0.44,0.24,0.67,0.44,0.67,Matches
Angus Gunn,sct SCO,GK,Norwich City,25,1996,9,9,810,9.0,0,0,0,0,0,0,0,0,0.0,0.0,0.0,0.0,0,0,0,0.00,0.00,0.00,0.00,0.00,0.00,0.00,0.00,0.00,0.00,Matches
Grant Hanley,sct SCO,DF,Norwich City,29,1991,33,33,2 897,32.2,1,0,1,1,0,0,2,0,02.janv,02.janv,0.9,3.0,2,27,3,0.03,0.00,0.03,0.03,0.03,0.07,0.03,0.09,0.07,0.09,Matches
Jack Harrison,eng ENG,FW MF,Leeds United,24,1996,35,32,2 639,29.mars,8,1,9,8,0,0,3,0,04.avr,04.avr,03.févr,07.juin,120,89,234,0.27,0.03,0.31,0.27,0.31,0.15,0.11,0.26,0.15,0.26,Matches
Kortney Hause,eng ENG,DF,Aston Villa,26,1995,7,4,397,04.avr,1,0,1,1,0,0,0,0,0.1,0.1,0.0,0.1,2,14,3,0.23,0.00,0.23,0.23,0.23,0.03,0.00,0.03,0.03,0.03,Matches
Kai Havertz,de GER,FW MF,Chelsea,22,1999,29,22,1 809,20.janv,8,3,11,8,0,0,3,0,08.juil,08.juil,02.févr,10.sept,64,62,203,0.40,0.15,0.55,0.40,0.55,0.43,0.11,0.54,0.43,0.54,Matches
Isaac Hayden,jm JAM,MF DF,Newcastle Utd,26,1995,14,12,1 002,11.janv,1,0,1,1,0,0,5,0,0.4,0.4,0.0,0.5,3,15,10,0.09,0.00,0.09,0.09,0.09,0.04,0.00,0.04,0.04,0.04,Matches
Hwang Hee-chan,kr KOR,FW MF,Wolves,25,1996,30,20,1 816,20.févr,5,1,6,5,0,0,2,0,04.avr,04.avr,01.mars,05.août,66,57,114,0.25,0.05,0.30,0.25,0.30,0.22,0.07,0.29,0.22,0.29,Matches
Jordan Henderson,eng ENG,MF,Liverpool,31,1990,35,29,2 597,28.sept,2,5,7,2,0,0,3,0,01.mai,01.mai,03.mai,5.0,54,245,116,0.07,0.17,0.24,0.07,0.24,0.05,0.12,0.17,0.05,0.17,Matches
Jeff Hendrick,ie IRL,MF,Newcastle Utd,29,1992,3,0,72,0.8,1,0,1,1,0,0,0,0,0.1,0.1,0.0,0.1,1,0,1,janv.25,0.00,janv.25,janv.25,janv.25,0.11,0.03,0.14,0.11,0.14,Matches
Wayne Hennessey,wls WAL,GK,Burnley,34,1987,2,2,180,2.0,0,0,0,0,0,0,0,0,0.0,0.0,0.2,0.2,0,0,0,0.00,0.00,0.00,0.00,0.00,0.00,0.09,0.09,0.00,0.09,Matches
Rico Henry,eng ENG,DF,Brentford,24,1997,34,33,2 776,30.août,3,0,3,3,0,0,2,0,01.mai,01.mai,01.juil,03.mars,61,81,131,0.10,0.00,0.10,0.10,0.10,0.05,0.06,0.11,0.05,0.11,Matches
Son Heung-min,kr KOR,MF FW,Tottenham,29,1992,35,35,3 006,33.4,23,7,30,23,0,0,2,0,15.sept,15.sept,07.mai,23.avr,116,90,242,0.69,0.21,0.90,0.69,0.90,0.48,0.22,0.70,0.48,0.70,Matches
Ki-Jana Hoever,nl NED,DF MF,Wolves,19,2002,8,4,308,03.avr,0,0,0,0,0,0,1,0,0.0,0.0,0.1,0.1,9,5,22,0.00,0.00,0.00,0.00,0.00,0.01,0.02,0.03,0.01,0.03,Matches
Rob Holding,eng ENG,DF,Arsenal,25,1995,15,9,845,09.avr,1,0,1,1,0,0,4,1,0.4,0.4,0.0,0.4,4,23,0,0.11,0.00,0.11,0.11,0.11,0.04,0.00,0.04,0.04,0.04,Matches
Mason Holgate,jm JAM,DF,Everton,24,1996,25,23,2 134,23.juil,2,1,3,2,0,0,7,1,01.mars,01.mars,0.1,01.avr,4,40,2,0.08,0.04,0.13,0.08,0.13,0.06,0.00,0.06,0.06,0.06,Matches
Callum Hudson-Odoi,eng ENG,MF FW,Chelsea,20,2000,15,11,962,10.juil,1,2,3,1,0,0,1,0,02.mai,02.mai,02.janv,04.juin,67,41,102,0.09,0.19,0.28,0.09,0.28,0.23,0.20,0.43,0.23,0.43,Matches
Will Hughes,eng ENG,MF,Crystal Palace,26,1995,16,13,1 053,11.juil,0,1,1,0,0,0,6,0,0.1,0.1,0.6,0.8,5,38,7,0.00,0.09,0.09,0.00,0.09,0.01,0.05,0.06,0.01,0.06,Matches
Pierre Højbjerg,dk DEN,MF,Tottenham,25,1995,36,36,3 196,35.5,2,2,4,2,0,0,3,0,01.sept,01.sept,02.mars,04.févr,46,242,47,0.06,0.06,0.11,0.06,0.11,0.05,0.06,0.12,0.05,0.12,Matches
Adam Idah,ie IRL,FW MF,Norwich City,20,2001,17,6,625,06.sept,1,1,2,1,0,0,0,0,02.mars,02.mars,0.6,02.sept,11,10,48,0.14,0.14,0.29,0.14,0.29,0.33,0.09,0.42,0.33,0.42,Matches
Kelechi Iheanacho,ng NGA,FW,Leicester City,24,1996,26,13,1 264,14.0,4,5,9,4,0,0,1,0,03.juin,03.juin,02.mai,06.janv,28,37,85,0.28,0.36,0.64,0.28,0.64,0.26,0.18,0.43,0.26,0.43,Matches
Danny Ings,eng ENG,FW,Aston Villa,29,1992,30,22,1 898,21.janv,7,6,13,6,1,1,4,0,07.janv,06.mars,01.juin,8.0,24,39,117,0.33,0.28,0.62,0.28,0.57,0.34,0.08,0.41,0.30,0.38,Matches
Tim Iroegbunam,eng ENG,MF,Aston Villa,18,2003,3,1,92,1.0,0,0,0,0,0,0,1,0,0.1,0.1,0.0,0.1,1,4,0,0.00,0.00,0.00,0.00,0.00,0.11,0.00,0.11,0.11,0.11,Matches
Alex Iwobi,ng NGA,MF DF,Everton,25,1996,28,22,2 035,22.juin,2,2,4,2,0,0,1,0,02.mars,02.mars,02.juin,04.sept,44,103,104,0.09,0.09,0.18,0.09,0.18,0.10,0.12,0.22,0.10,0.22,Matches
Player,Nation,Pos,Squad,Age,Born,MP,Starts,Min,90s,Gls,Ast,G+A,G-PK,PK,PKatt,CrdY,CrdR,xG,npxG,xAG,npxG+xAG,PrgC,PrgP,PrgR,Gls,Ast,G+A,G-PK,G+A-PK,xG,xAG,xG+xAG,npxG,npxG+xAG,Matches
Daniel James,wls WAL,FW,Manchester Utd,23,1997,2,2,126,01.avr,0,0,0,0,0,0,0,0,0.2,0.2,0.3,0.6,5,3,16,0.00,0.00,0.00,0.00,0.00,0.18,0.24,0.42,0.18,0.42,Matches
Daniel James,wls WAL,FW MF,Leeds United,23,1997,32,29,2 366,26.mars,4,4,8,4,0,0,7,1,06.janv,06.janv,02.sept,08.sept,69,57,186,0.15,0.15,0.30,0.15,0.30,0.23,0.11,0.34,0.23,0.34,Matches
Reece James,eng ENG,DF,Chelsea,21,1999,26,22,1 864,20.juil,5,9,14,5,0,0,4,1,03.janv,03.janv,05.sept,09.janv,52,149,203,0.24,0.43,0.68,0.24,0.68,0.15,0.29,0.44,0.15,0.44,Matches
Vitaly Janelt,de GER,MF,Brentford,23,1998,31,27,2 298,25.mai,4,0,4,4,0,0,3,0,02.avr,02.avr,01.sept,04.févr,25,103,60,0.16,0.00,0.16,0.16,0.16,0.09,0.07,0.17,0.09,0.17,Matches
Pontus Jansson,se SWE,DF,Brentford,30,1991,37,37,3 321,36.9,3,1,4,3,0,0,7,0,3.0,3.0,0.3,03.mars,4,67,5,0.08,0.03,0.11,0.08,0.11,0.08,0.01,0.09,0.08,0.09,Matches
Mathias Jensen,dk DEN,MF,Brentford,25,1996,31,19,1 601,17.août,0,1,1,0,0,0,0,0,02.sept,02.sept,03.févr,06.févr,14,103,54,0.00,0.06,0.06,0.00,0.06,0.17,0.18,0.35,0.17,0.35,Matches
Gabriel Jesus,br BRA,FW,Manchester City,24,1997,28,21,1 877,20.sept,8,8,16,7,1,1,1,0,09.août,9.0,05.juil,14.juil,51,55,220,0.38,0.38,0.77,0.34,0.72,0.47,0.28,0.74,0.43,0.71,Matches
Raúl Jiménez,mx MEX,FW,Wolves,30,1991,34,30,2 631,29.2,6,4,10,5,1,1,9,2,06.janv,05.avr,03.janv,08.mai,40,65,163,0.21,0.14,0.34,0.17,0.31,0.21,0.10,0.31,0.19,0.29,Matches
João Pedro,br BRA,FW MF,Watford,19,2001,28,15,1 644,18.mars,3,1,4,3,0,0,1,0,03.juin,03.juin,02.août,06.mars,54,77,102,0.16,0.05,0.22,0.16,0.22,0.20,0.15,0.35,0.20,0.35,Matches
Joelinton,br BRA,MF FW,Newcastle Utd,24,1996,35,30,2 558,28.avr,4,1,5,4,0,0,8,0,03.mars,03.mars,01.sept,05.févr,45,92,90,0.14,0.04,0.18,0.14,0.18,0.12,0.07,0.18,0.12,0.18,Matches
Ben Johnson,eng ENG,DF,West Ham,21,2000,20,16,1 397,15.mai,1,0,1,1,0,0,1,0,0.2,0.2,0.6,0.7,23,64,67,0.06,0.00,0.06,0.06,0.06,0.01,0.04,0.05,0.01,0.05,Matches
Curtis Jones,eng ENG,MF,Liverpool,20,2001,15,10,851,09.mai,1,1,2,1,0,0,0,0,0.9,0.9,0.6,01.mai,25,58,54,0.11,0.11,0.21,0.11,0.21,0.10,0.07,0.16,0.10,0.16,Matches
Phil Jones,eng ENG,DF,Manchester Utd,29,1992,4,2,163,01.août,0,0,0,0,0,0,0,0,0.0,0.0,0.0,0.0,1,2,0,0.00,0.00,0.00,0.00,0.00,0.00,0.00,0.00,0.00,0.00,Matches
Jorginho,it ITA,MF,Chelsea,29,1991,29,26,2 273,25.mars,6,2,8,0,6,7,5,0,05.août,0.3,02.juil,3.0,18,178,19,0.24,0.08,0.32,0.00,0.08,0.23,0.11,0.34,0.01,0.12,Matches
Diogo Jota,pt POR,FW,Liverpool,24,1996,35,27,2 364,26.mars,15,4,19,15,0,0,3,0,16.mars,16.mars,05.août,22.0,74,87,191,0.57,0.15,0.72,0.57,0.72,0.62,0.22,0.84,0.62,0.84,Matches
James Justin,eng ENG,DF,Leicester City,23,1998,13,11,998,11.janv,0,0,0,0,0,0,0,0,0.3,0.3,1.0,01.mars,23,44,52,0.00,0.00,0.00,0.00,0.00,0.03,0.09,0.12,0.03,0.12,Matches
Mathias Jørgensen,dk DEN,DF,Brentford,31,1990,8,6,518,05.août,1,0,1,1,0,0,2,0,0.1,0.1,0.3,0.4,5,18,1,0.17,0.00,0.17,0.17,0.17,0.02,0.05,0.07,0.02,0.07,Matches
Ozan Kabak,tr TUR,DF,Norwich City,21,2000,11,11,922,10.févr,0,0,0,0,0,0,2,0,0.3,0.3,0.0,0.3,9,20,0,0.00,0.00,0.00,0.00,0.00,0.03,0.00,0.03,0.03,0.03,Matches
Christian Kabasele,be BEL,DF,Watford,30,1991,16,12,1 193,13.mars,0,0,0,0,0,0,0,0,0.9,0.9,0.2,1.0,5,21,1,0.00,0.00,0.00,0.00,0.00,0.07,0.01,0.08,0.07,0.08,Matches
Samuel Kalu,ng NGA,FW,Watford,23,1997,4,2,222,02.mai,0,0,0,0,0,0,0,0,0.4,0.4,0.1,0.5,7,8,18,0.00,0.00,0.00,0.00,0.00,0.16,0.04,0.20,0.16,0.20,Matches
Hassane Kamara,ci CIV,DF,Watford,27,1994,19,18,1 623,18.0,1,0,1,1,0,0,5,1,0.2,0.2,0.6,0.8,32,55,25,0.06,0.00,0.06,0.06,0.06,0.01,0.03,0.04,0.01,0.04,Matches
Harry Kane,eng ENG,FW,Tottenham,28,1993,37,36,3 232,35.9,17,9,26,13,4,4,5,0,18.juin,15.avr,09.janv,24.mai,87,143,212,0.47,0.25,0.72,0.36,0.61,0.52,0.25,0.77,0.43,0.68,Matches
N'Golo Kanté,fr FRA,MF,Chelsea,30,1991,26,21,1 773,19.juil,2,4,6,2,0,0,2,0,01.mai,01.mai,02.janv,03.juin,72,159,62,0.10,0.20,0.30,0.10,0.30,0.08,0.11,0.19,0.08,0.19,Matches
Edo Kayembe,cd COD,MF,Watford,23,1998,13,9,799,08.sept,0,0,0,0,0,0,0,0,0.1,0.1,0.3,0.5,9,47,8,0.00,0.00,0.00,0.00,0.00,0.02,0.04,0.05,0.02,0.05,Matches
Moise Kean,it ITA,FW,Everton,21,2000,1,0,1,0.0,0,0,0,0,0,0,0,0,0.0,0.0,0.0,0.0,0,0,0,0.00,0.00,0.00,0.00,0.00,0.00,0.00,0.00,0.00,0.00,Matches
Player,Nation,Pos,Squad,Age,Born,MP,Starts,Min,90s,Gls,Ast,G+A,G-PK,PK,PKatt,CrdY,CrdR,xG,npxG,xAG,npxG+xAG,PrgC,PrgP,PrgR,Gls,Ast,G+A,G-PK,G+A-PK,xG,xAG,xG+xAG,npxG,npxG+xAG,Matches
Michael Keane,eng ENG,DF,Everton,28,1993,32,31,2 792,31.0,3,2,5,3,0,0,4,1,01.févr,01.févr,01.juin,02.août,9,79,4,0.10,0.06,0.16,0.10,0.16,0.04,0.05,0.09,0.04,0.09,Matches
Naby Keïta,gn GUI,MF,Liverpool,26,1995,23,14,1 173,13.0,3,1,4,3,0,0,3,0,02.févr,02.févr,01.sept,04.janv,39,75,42,0.23,0.08,0.31,0.23,0.31,0.17,0.14,0.31,0.17,0.31,Matches
Caoimhín Kelleher,ie IRL,GK,Liverpool,22,1998,2,2,180,2.0,0,0,0,0,0,0,0,0,0.0,0.0,0.0,0.0,0,0,0,0.00,0.00,0.00,0.00,0.00,0.00,0.00,0.00,0.00,0.00,Matches
Kenedy,br BRA,DF,Chelsea,25,1996,1,1,58,0.6,0,1,1,0,0,0,0,0,0.0,0.0,0.6,0.6,2,5,10,0.00,janv.55,janv.55,0.00,janv.55,0.06,0.94,1.00,0.06,1.00,Matches
Jonjoe Kenny,eng ENG,DF,Everton,24,1997,15,11,1 018,11.mars,0,1,1,0,0,0,3,1,0.2,0.2,0.8,1.0,9,36,25,0.00,0.09,0.09,0.00,0.09,0.02,0.07,0.09,0.02,0.09,Matches
Max Kilman,eng ENG,DF,Wolves,24,1997,30,30,2 687,29.sept,1,0,1,1,0,0,3,0,01.janv,01.janv,0.2,01.mars,31,95,7,0.03,0.00,0.03,0.03,0.03,0.04,0.01,0.04,0.04,0.04,Matches
Joshua King,no NOR,FW,Watford,29,1992,32,27,2 248,25.0,5,3,8,4,1,1,5,0,08.sept,08.janv,03.août,11.sept,41,39,157,0.20,0.12,0.32,0.16,0.28,0.36,0.15,0.51,0.32,0.48,Matches
Kristoffer Klaesson,no NOR,GK,Leeds United,20,2000,1,0,36,0.4,0,0,0,0,0,0,0,0,0.0,0.0,0.0,0.0,0,0,0,0.00,0.00,0.00,0.00,0.00,0.00,0.00,0.00,0.00,0.00,Matches
Mateusz Klich,pl POL,MF,Leeds United,31,1990,33,26,2 073,23.0,1,2,3,1,0,0,5,0,02.août,02.août,02.févr,5.0,45,105,129,0.04,0.09,0.13,0.04,0.13,0.12,0.10,0.22,0.12,0.22,Matches
Robin Koch,de GER,MF DF,Leeds United,25,1996,20,17,1 574,17.mai,0,0,0,0,0,0,3,0,0.8,0.8,0.4,01.févr,3,52,14,0.00,0.00,0.00,0.00,0.00,0.04,0.02,0.07,0.04,0.07,Matches
Sead Kolašinac,ba BIH,DF,Arsenal,28,1993,2,1,91,1.0,0,0,0,0,0,0,1,0,0.0,0.0,0.0,0.0,0,0,0,0.00,0.00,0.00,0.00,0.00,0.00,0.00,0.00,0.00,0.00,Matches
Ibrahima Konaté,fr FRA,DF,Liverpool,22,1999,11,11,990,11.0,0,0,0,0,0,0,2,0,0.2,0.2,0.0,0.2,7,51,2,0.00,0.00,0.00,0.00,0.00,0.02,0.00,0.02,0.02,0.02,Matches
Ezri Konsa,eng ENG,DF,Aston Villa,23,1997,29,29,2 477,27.mai,2,0,2,2,0,0,6,2,01.juin,01.juin,0.3,01.sept,8,45,7,0.07,0.00,0.07,0.07,0.07,0.06,0.01,0.07,0.06,0.07,Matches
Cheikhou Kouyaté,sn SEN,MF,Crystal Palace,31,1989,27,23,1 974,21.sept,0,1,1,0,0,0,3,0,0.5,0.5,0.8,01.mars,7,54,9,0.00,0.05,0.05,0.00,0.05,0.02,0.04,0.06,0.02,0.06,Matches
Mateo Kovačić,hr CRO,MF,Chelsea,27,1994,25,16,1 558,17.mars,2,5,7,2,0,0,4,0,01.juin,01.juin,03.févr,04.juil,42,135,37,0.12,0.29,0.40,0.12,0.40,0.09,0.18,0.27,0.09,0.27,Matches
Emil Krafth,se SWE,DF,Newcastle Utd,26,1994,20,18,1 634,18.févr,0,1,1,0,0,0,5,0,0.3,0.3,1.0,01.mars,29,50,24,0.00,0.06,0.06,0.00,0.06,0.02,0.06,0.07,0.02,0.07,Matches
Alex Král,cz CZE,MF,West Ham,23,1998,1,0,1,0.0,0,0,0,0,0,0,0,0,0.0,0.0,0.0,0.0,0,0,0,0.00,0.00,0.00,0.00,0.00,0.00,0.00,0.00,0.00,0.00,Matches
Tim Krul,nl NED,GK,Norwich City,33,1988,29,29,2 61,29.0,0,0,0,0,0,0,1,0,0.0,0.0,0.6,0.6,0,1,0,0.00,0.00,0.00,0.00,0.00,0.00,0.02,0.02,0.00,0.02,Matches
Juraj Kucka,sk SVK,MF,Watford,34,1987,26,22,1 92,21.mars,1,1,2,1,0,0,5,1,03.févr,03.févr,0.9,04.janv,21,60,31,0.05,0.05,0.09,0.05,0.09,0.15,0.04,0.19,0.15,0.19,Matches
Dejan Kulusevski,se SWE,MF FW,Tottenham,21,2000,18,14,1 261,14.0,5,8,13,5,0,0,3,0,02.juil,02.juil,03.avr,06.févr,51,35,100,0.36,0.57,0.93,0.36,0.93,0.20,0.25,0.44,0.20,0.44,Matches
Alexandre Lacazette,fr FRA,FW,Arsenal,30,1991,30,20,1 782,19.août,4,7,11,2,2,3,0,0,08.avr,6.0,3.0,09.janv,19,52,106,0.20,0.35,0.56,0.10,0.45,0.42,0.15,0.58,0.30,0.46,Matches
Adam Lallana,eng ENG,MF,Brighton,33,1988,24,18,1 561,17.mars,0,1,1,0,0,0,4,0,01.janv,01.janv,0.9,2.0,17,76,47,0.00,0.06,0.06,0.00,0.06,0.06,0.05,0.11,0.06,0.11,Matches
Tariq Lamptey,gh GHA,DF FW,Brighton,20,2000,30,16,1 561,17.mars,0,2,2,0,0,0,4,0,0.8,0.8,02.juin,03.avr,81,36,153,0.00,0.12,0.12,0.00,0.12,0.05,0.15,0.20,0.05,0.20,Matches
Manuel Lanzini,ar ARG,MF FW,West Ham,28,1993,30,19,1 786,19.août,5,3,8,2,3,3,2,0,03.juil,01.mars,02.avr,03.juil,29,119,57,0.25,0.15,0.40,0.10,0.25,0.19,0.12,0.31,0.07,0.19,Matches
Aymeric Laporte,es ESP,DF,Manchester City,27,1994,33,33,2 828,31.4,4,0,4,4,0,0,5,1,04.sept,04.sept,0.6,05.mai,51,271,8,0.13,0.00,0.13,0.13,0.13,0.16,0.02,0.18,0.16,0.18,Matches
Player,Nation,Pos,Squad,Age,Born,MP,Starts,Min,90s,Gls,Ast,G+A,G-PK,PK,PKatt,CrdY,CrdR,xG,npxG,xAG,npxG+xAG,PrgC,PrgP,PrgR,Gls,Ast,G+A,G-PK,G+A-PK,xG,xAG,xG+xAG,npxG,npxG+xAG,Matches
Jamaal Lascelles,eng ENG,DF,Newcastle Utd,27,1993,26,22,2 058,22.sept,1,0,1,1,0,0,5,0,0.9,0.9,0.4,01.mars,0,18,5,0.04,0.00,0.04,0.04,0.04,0.04,0.02,0.06,0.04,0.06,Matches
Pierre Lees-Melou,fr FRA,MF,Norwich City,28,1993,33,27,2 265,25.févr,1,0,1,1,0,0,5,0,01.juin,01.juin,01.sept,03.juin,33,114,60,0.04,0.00,0.04,0.04,0.04,0.06,0.08,0.14,0.06,0.14,Matches
Aaron Lennon,eng ENG,MF FW,Burnley,34,1987,28,17,1 551,17.févr,2,0,2,2,0,0,2,0,01.janv,01.janv,0.5,01.juin,38,19,77,0.12,0.00,0.12,0.12,0.12,0.06,0.03,0.09,0.06,0.09,Matches
Bernd Leno,de GER,GK,Arsenal,29,1992,4,4,360,4.0,0,0,0,0,0,0,0,0,0.0,0.0,0.0,0.0,0,0,0,0.00,0.00,0.00,0.00,0.00,0.00,0.00,0.00,0.00,0.00,Matches
Jamal Lewis,nir NIR,DF,Newcastle Utd,23,1998,5,4,262,02.sept,0,0,0,0,0,0,1,0,0.0,0.0,0.0,0.0,3,7,7,0.00,0.00,0.00,0.00,0.00,0.00,0.01,0.01,0.00,0.01,Matches
Victor Lindelöf,se SWE,DF,Manchester Utd,27,1994,28,26,2 355,26.févr,0,2,2,0,0,0,4,0,0.2,0.2,0.6,0.8,14,72,3,0.00,0.08,0.08,0.00,0.08,0.01,0.02,0.03,0.01,0.03,Matches
Jesse Lingard,eng ENG,FW MF,Manchester Utd,28,1992,16,2,367,04.janv,2,0,2,2,0,0,1,0,0.6,0.6,0.3,1.0,9,13,22,0.49,0.00,0.49,0.49,0.49,0.16,0.08,0.24,0.16,0.24,Matches
Valentino Livramento,eng ENG,DF,Southampton,18,2002,28,25,2 202,24.mai,1,1,2,1,0,0,2,0,01.avr,01.avr,02.juil,04.janv,79,80,118,0.04,0.04,0.08,0.04,0.08,0.06,0.11,0.17,0.06,0.17,Matches
Diego Llorente,es ESP,DF,Leeds United,27,1993,28,28,2 34,26.0,3,0,3,3,0,0,7,0,1.0,1.0,0.1,1.0,20,97,1,0.12,0.00,0.12,0.12,0.12,0.04,0.00,0.04,0.04,0.04,Matches
Hugo Lloris,fr FRA,GK,Tottenham,34,1986,38,38,3 42,38.0,0,0,0,0,0,0,2,0,0.0,0.0,0.2,0.2,0,0,0,0.00,0.00,0.00,0.00,0.00,0.00,0.01,0.01,0.00,0.01,Matches
Giovani Lo Celso,ar ARG,MF FW,Tottenham,25,1996,9,2,238,02.juin,0,0,0,0,0,0,0,0,0.6,0.6,0.7,01.mars,10,8,15,0.00,0.00,0.00,0.00,0.00,0.23,0.26,0.49,0.23,0.49,Matches
Jürgen Locadia,cw CUW,MF FW,Brighton,27,1993,1,0,23,0.3,0,0,0,0,0,0,0,0,0.2,0.2,0.0,0.2,0,0,0,0.00,0.00,0.00,0.00,0.00,0.61,0.00,0.61,0.61,0.61,Matches
Ruben Loftus-Cheek,eng ENG,MF DF,Chelsea,25,1996,24,13,1 394,15.mai,0,2,2,0,0,0,1,0,01.févr,01.févr,02.avr,03.juin,69,108,53,0.00,0.13,0.13,0.00,0.13,0.08,0.16,0.24,0.08,0.24,Matches
Kevin Long,ie IRL,DF,Burnley,30,1990,6,4,410,04.juin,0,0,0,0,0,0,1,0,0.2,0.2,0.0,0.2,1,4,0,0.00,0.00,0.00,0.00,0.00,0.03,0.00,0.03,0.03,0.03,Matches
Shane Long,ie IRL,FW,Southampton,34,1987,13,3,308,03.avr,1,0,1,1,0,0,1,0,0.9,0.9,0.1,1.0,5,3,24,0.29,0.00,0.29,0.29,0.29,0.25,0.04,0.30,0.25,0.30,Matches
Sean Longstaff,eng ENG,MF,Newcastle Utd,23,1997,24,15,1 464,16.mars,1,1,2,1,0,0,1,0,0.7,0.7,0.8,01.juin,2,43,15,0.06,0.06,0.12,0.06,0.12,0.05,0.05,0.10,0.05,0.10,Matches
Ademola Lookman,ng NGA,FW MF,Leicester City,23,1997,26,16,1 453,16.janv,6,0,6,6,0,0,2,0,04.mai,04.mai,01.sept,06.avr,43,54,139,0.37,0.00,0.37,0.37,0.37,0.28,0.11,0.40,0.28,0.40,Matches
Jonas Lössl,dk DEN,GK,Brentford,32,1989,2,2,180,2.0,0,0,0,0,0,0,0,0,0.0,0.0,0.0,0.0,0,1,0,0.00,0.00,0.00,0.00,0.00,0.00,0.00,0.00,0.00,0.00,Matches
Imran Louza,ma MAR,MF,Watford,22,1999,20,17,1 416,15.juil,0,0,0,0,0,0,6,0,01.févr,01.févr,01.janv,02.mars,17,67,23,0.00,0.00,0.00,0.00,0.00,0.08,0.07,0.15,0.08,0.15,Matches
Matthew Lowton,eng ENG,DF,Burnley,32,1989,25,20,1 772,19.juil,1,2,3,1,0,0,3,1,0.7,0.7,02.janv,02.août,21,74,39,0.05,0.10,0.15,0.05,0.15,0.03,0.11,0.14,0.03,0.14,Matches
Douglas Luiz,br BRA,MF,Aston Villa,23,1998,34,31,2 715,30.2,2,3,5,2,0,0,7,0,2.0,2.0,02.mai,04.avr,28,105,44,0.07,0.10,0.17,0.07,0.17,0.07,0.08,0.15,0.07,0.15,Matches
Romelu Lukaku,be BEL,FW,Chelsea,28,1993,26,16,1 589,17.juil,8,0,8,7,1,1,1,0,06.juin,05.août,3.0,08.août,29,19,125,0.45,0.00,0.45,0.40,0.40,0.38,0.17,0.54,0.33,0.50,Matches
Lyanco,br BRA,DF,Southampton,24,1997,15,9,911,10.janv,0,0,0,0,0,0,2,0,0.3,0.3,0.1,0.4,3,18,1,0.00,0.00,0.00,0.00,0.00,0.03,0.01,0.04,0.03,0.04,Matches
Alexis Mac Allister,ar ARG,MF FW,Brighton,22,1998,33,22,2 123,23.juin,5,2,7,3,2,3,4,0,06.mars,4.0,01.sept,05.sept,30,137,66,0.21,0.08,0.30,0.13,0.21,0.27,0.08,0.35,0.17,0.25,Matches
James Maddison,eng ENG,MF FW,Leicester City,24,1996,35,28,2 459,27.mars,12,8,20,12,0,0,3,0,07.mai,07.mai,05.janv,12.juil,53,136,141,0.44,0.29,0.73,0.44,0.73,0.28,0.19,0.46,0.28,0.46,Matches
Player,Nation,Pos,Squad,Age,Born,MP,Starts,Min,90s,Gls,Ast,G+A,G-PK,PK,PKatt,CrdY,CrdR,xG,npxG,xAG,npxG+xAG,PrgC,PrgP,PrgR,Gls,Ast,G+A,G-PK,G+A-PK,xG,xAG,xG+xAG,npxG,npxG+xAG,Matches
Gabriel Magalhães,br BRA,DF,Arsenal,23,1997,35,35,3 063,34.0,5,0,5,5,0,0,8,1,03.févr,03.févr,0.7,03.sept,12,110,9,0.15,0.00,0.15,0.15,0.15,0.09,0.02,0.12,0.09,0.12,Matches
Harry Maguire,eng ENG,DF,Manchester Utd,28,1993,30,28,2 515,27.sept,1,0,1,1,0,0,9,1,01.sept,01.sept,0.1,02.janv,22,115,5,0.04,0.00,0.04,0.04,0.04,0.07,0.00,0.07,0.07,0.07,Matches
Riyad Mahrez,dz ALG,FW,Manchester City,30,1991,28,15,1 498,16.juin,11,5,16,7,4,5,0,0,10.janv,06.févr,04.févr,10.avr,74,70,234,0.66,0.30,0.96,0.42,0.72,0.61,0.25,0.86,0.37,0.62,Matches
Ainsley Maitland-Niles,eng ENG,MF,Arsenal,23,1997,8,2,268,3.0,0,0,0,0,0,0,0,0,0.1,0.1,0.3,0.3,2,15,8,0.00,0.00,0.00,0.00,0.00,0.02,0.09,0.12,0.02,0.12,Matches
Sadio Mané,sn SEN,FW,Liverpool,29,1992,34,32,2 819,31.mars,16,2,18,16,0,0,5,0,17.févr,17.févr,05.févr,22.mai,105,130,305,0.51,0.06,0.57,0.51,0.57,0.55,0.17,0.72,0.55,0.72,Matches
Javier Manquillo,es ESP,DF,Newcastle Utd,27,1994,19,15,1 257,14.0,1,2,3,1,0,0,5,0,0.3,0.3,0.3,0.6,6,22,25,0.07,0.14,0.21,0.07,0.21,0.02,0.02,0.04,0.02,0.04,Matches
Fernando Marçal,br BRA,MF DF,Wolves,32,1989,18,17,1 449,16.janv,0,0,0,0,0,0,3,0,0.4,0.4,0.6,1.0,39,50,98,0.00,0.00,0.00,0.00,0.00,0.02,0.04,0.06,0.02,0.06,Matches
Solly March,eng ENG,DF FW,Brighton,27,1994,31,17,1 746,19.avr,0,2,2,0,0,0,1,0,01.févr,01.févr,02.mars,03.mai,71,69,148,0.00,0.10,0.10,0.00,0.10,0.06,0.12,0.18,0.06,0.18,Matches
Pablo Marí,es ESP,DF,Arsenal,27,1993,2,2,180,2.0,0,0,0,0,0,0,1,0,0.1,0.1,0.1,0.2,0,9,0,0.00,0.00,0.00,0.00,0.00,0.04,0.06,0.10,0.04,0.10,Matches
Anthony Martial,fr FRA,FW,Manchester Utd,25,1995,8,2,212,02.avr,1,0,1,1,0,0,0,0,0.7,0.7,0.0,0.7,10,14,32,0.42,0.00,0.42,0.42,0.42,0.28,0.00,0.28,0.28,0.28,Matches
Gabriel Martinelli,br BRA,FW MF,Arsenal,20,2001,29,21,1 86,20.juil,6,6,12,5,1,1,3,1,07.mars,06.juin,04.mars,11.0,79,37,207,0.29,0.29,0.58,0.24,0.53,0.35,0.21,0.56,0.32,0.53,Matches
Emiliano Martínez,ar ARG,GK,Aston Villa,28,1992,36,36,3 24,36.0,0,0,0,0,0,0,4,0,0.0,0.0,0.0,0.0,0,0,0,0.00,0.00,0.00,0.00,0.00,0.00,0.00,0.00,0.00,0.00,Matches
Adam Masina,ma MAR,DF,Watford,27,1994,15,13,1 077,12.0,0,1,1,0,0,0,0,0,0.3,0.3,0.7,1.0,9,37,12,0.00,0.08,0.08,0.00,0.08,0.03,0.06,0.08,0.03,0.08,Matches
Arthur Masuaku,cd COD,DF FW,West Ham,27,1993,13,6,650,07.févr,1,1,2,1,0,0,1,0,0.1,0.1,0.8,0.9,16,33,26,0.14,0.14,0.28,0.14,0.28,0.01,0.12,0.12,0.01,0.12,Matches
Juan Mata,es ESP,MF,Manchester Utd,33,1988,7,2,235,02.juin,0,0,0,0,0,0,0,0,0.3,0.3,0.2,0.6,8,16,13,0.00,0.00,0.00,0.00,0.00,0.12,0.09,0.22,0.12,0.22,Matches
Jean-Philippe Mateta,fr FRA,FW,Crystal Palace,24,1997,22,13,1 145,12.juil,5,1,6,5,0,0,2,0,05.août,05.août,01.mars,07.janv,16,6,46,0.39,0.08,0.47,0.39,0.47,0.46,0.10,0.56,0.46,0.56,Matches
Nemanja Matić,rs SRB,MF,Manchester Utd,32,1988,23,16,1 382,15.avr,0,4,4,0,0,0,3,0,0.2,0.2,2.0,02.févr,32,98,7,0.00,0.26,0.26,0.00,0.26,0.01,0.13,0.14,0.01,0.14,Matches
Joël Matip,cm CMR,DF,Liverpool,29,1991,31,31,2 79,31.0,3,3,6,3,0,0,2,0,03.avr,03.avr,01.mars,04.juin,55,186,7,0.10,0.10,0.19,0.10,0.19,0.11,0.04,0.15,0.11,0.15,Matches
Neal Maupay,fr FRA,FW,Brighton,24,1996,32,25,2 276,25.mars,8,2,10,7,1,2,7,0,08.juil,07.janv,02.avr,09.mai,21,48,164,0.32,0.08,0.40,0.28,0.36,0.34,0.10,0.44,0.28,0.38,Matches
Bryan Mbeumo,cm CMR,FW,Brentford,21,1999,35,34,2 905,32.3,4,7,11,3,1,1,4,0,09.mars,08.mai,03.juil,12.févr,81,56,273,0.12,0.22,0.34,0.09,0.31,0.29,0.11,0.40,0.26,0.38,Matches
James McArthur,sct SCO,MF,Crystal Palace,33,1987,21,15,1 439,16.0,0,3,3,0,0,0,4,0,0.3,0.3,01.avr,01.juil,29,84,22,0.00,0.19,0.19,0.00,0.19,0.02,0.09,0.11,0.02,0.11,Matches
James Mcatee,eng ENG,MF FW,Manchester City,18,2002,2,0,20,0.2,0,0,0,0,0,0,0,0,0.1,0.1,0.0,0.1,2,1,3,0.00,0.00,0.00,0.00,0.00,0.37,0.00,0.37,0.37,0.37,Matches
Kasey McAteer,ie IRL,FW,Leicester City,19,2001,1,0,3,0.0,0,0,0,0,0,0,0,0,0.0,0.0,0.0,0.0,0,0,0,0.00,0.00,0.00,0.00,0.00,0.00,0.00,0.00,0.00,0.00,Matches
Liam McCarron,sct SCO,FW,Leeds United,20,2001,1,0,10,0.1,0,0,0,0,0,0,0,0,0.0,0.0,0.0,0.0,0,0,0,0.00,0.00,0.00,0.00,0.00,0.00,0.00,0.00,0.00,0.00,Matches
Alex McCarthy,eng ENG,GK,Southampton,31,1989,17,17,1 53,17.0,0,0,0,0,0,0,1,0,0.0,0.0,0.0,0.0,0,0,0,0.00,0.00,0.00,0.00,0.00,0.00,0.00,0.00,0.00,0.00,Matches
Player,Nation,Pos,Squad,Age,Born,MP,Starts,Min,90s,Gls,Ast,G+A,G-PK,PK,PKatt,CrdY,CrdR,xG,npxG,xAG,npxG+xAG,PrgC,PrgP,PrgR,Gls,Ast,G+A,G-PK,G+A-PK,xG,xAG,xG+xAG,npxG,npxG+xAG,Matches
John McGinn,sct SCO,MF,Aston Villa,26,1994,35,35,3 09,34.3,3,4,7,3,0,0,8,0,01.mai,01.mai,05.mars,06.août,52,196,67,0.09,0.12,0.20,0.09,0.20,0.04,0.15,0.20,0.04,0.20,Matches
Stuart McKinstry,sct SCO,MF,Leeds United,18,2002,1,0,4,0.0,0,0,0,0,0,0,0,0,0.0,0.0,0.0,0.0,0,0,1,0.00,0.00,0.00,0.00,0.00,0.00,0.00,0.00,0.00,0.00,Matches
Kenny McLean,sct SCO,MF,Norwich City,29,1992,31,29,2 706,30.janv,1,0,1,1,0,0,3,0,01.août,01.août,0.8,02.juin,32,99,61,0.03,0.00,0.03,0.03,0.03,0.06,0.03,0.09,0.06,0.09,Matches
Dwight McNeil,eng ENG,MF,Burnley,21,1999,38,35,3 107,34.5,0,1,1,0,0,0,1,0,02.mars,02.mars,04.juin,06.sept,93,104,112,0.00,0.03,0.03,0.00,0.03,0.07,0.13,0.20,0.07,0.20,Matches
Scott McTominay,sct SCO,MF,Manchester Utd,24,1996,30,28,2 387,26.mai,1,1,2,1,0,0,9,0,01.avr,01.avr,01.mai,02.sept,40,125,37,0.04,0.04,0.08,0.04,0.08,0.05,0.06,0.11,0.05,0.11,Matches
Ben Mee,eng ENG,DF,Burnley,31,1989,21,21,1 839,20.avr,3,0,3,3,0,0,3,0,02.mars,02.mars,1.0,03.avr,3,38,2,0.15,0.00,0.15,0.15,0.15,0.11,0.05,0.17,0.11,0.17,Matches
Hannibal Mejbri,tn TUN,FW,Manchester Utd,18,2003,2,1,68,0.8,0,0,0,0,0,0,2,0,0.1,0.1,0.0,0.1,0,0,4,0.00,0.00,0.00,0.00,0.00,0.09,0.00,0.09,0.09,0.09,Matches
Benjamin Mendy,fr FRA,DF,Manchester City,27,1994,1,1,78,0.9,0,0,0,0,0,0,0,0,0.0,0.0,0.1,0.1,4,9,4,0.00,0.00,0.00,0.00,0.00,0.00,0.16,0.16,0.00,0.16,Matches
Edouard Mendy,sn SEN,GK,Chelsea,29,1992,34,34,3 06,34.0,0,0,0,0,0,0,3,0,0.0,0.0,0.0,0.0,0,0,0,0.00,0.00,0.00,0.00,0.00,0.00,0.00,0.00,0.00,0.00,Matches
Nampalys Mendy,sn SEN,MF,Leicester City,29,1992,14,12,1 032,11.mai,0,0,0,0,0,0,3,0,0.0,0.0,0.0,0.0,9,36,8,0.00,0.00,0.00,0.00,0.00,0.00,0.00,0.00,0.00,0.00,Matches
Illan Meslier,fr FRA,GK,Leeds United,21,2000,38,38,3 384,37.6,0,0,0,0,0,0,2,0,0.0,0.0,0.0,0.0,0,0,0,0.00,0.00,0.00,0.00,0.00,0.00,0.00,0.00,0.00,0.00,Matches
Luka Milivojević,rs SRB,MF,Crystal Palace,30,1991,15,9,774,08.juin,0,0,0,0,0,0,1,0,0.3,0.3,0.7,1.0,2,37,4,0.00,0.00,0.00,0.00,0.00,0.03,0.08,0.11,0.03,0.11,Matches
James Milner,eng ENG,MF DF,Liverpool,35,1986,24,9,853,09.mai,0,1,1,0,0,0,2,0,0.4,0.4,02.févr,02.mai,9,73,38,0.00,0.11,0.11,0.00,0.11,0.04,0.23,0.26,0.04,0.26,Matches
Yerry Mina,co COL,DF,Everton,26,1994,13,11,846,09.avr,0,0,0,0,0,0,3,0,0.3,0.3,0.0,0.3,1,20,2,0.00,0.00,0.00,0.00,0.00,0.03,0.00,0.03,0.03,0.03,Matches
Takumi Minamino,jp JPN,FW MF,Liverpool,26,1995,11,1,186,02.janv,3,0,3,3,0,0,1,0,01.juin,01.juin,0.5,02.févr,2,5,15,janv.45,0.00,janv.45,janv.45,janv.45,0.79,0.25,01.avr,0.79,01.avr,Matches
Tyrone Mings,eng ENG,DF,Aston Villa,28,1993,36,35,3 189,35.4,1,3,4,1,0,0,11,0,01.juin,01.juin,01.juin,03.mars,23,91,17,0.03,0.08,0.11,0.03,0.11,0.05,0.05,0.09,0.05,0.09,Matches
Tyrick Mitchell,eng ENG,DF,Crystal Palace,21,1999,36,35,3 101,34.5,0,2,2,0,0,0,1,0,0.2,0.2,01.juil,01.sept,41,134,116,0.00,0.06,0.06,0.00,0.06,0.01,0.05,0.05,0.01,0.05,Matches
Jakub Moder,pl POL,MF,Brighton,22,1999,28,19,1 701,18.sept,0,3,3,0,0,0,1,0,02.juin,02.juin,02.févr,04.août,42,89,102,0.00,0.16,0.16,0.00,0.16,0.14,0.12,0.25,0.14,0.25,Matches
Wesley Moraes,br BRA,FW,Aston Villa,24,1996,1,0,1,0.0,0,0,0,0,0,0,0,0,0.0,0.0,0.0,0.0,0,0,0,0.00,0.00,0.00,0.00,0.00,0.00,0.00,0.00,0.00,0.00,Matches
Tyler Morton,eng ENG,MF,Liverpool,18,2002,2,1,66,0.7,0,0,0,0,0,0,1,0,0.0,0.0,0.0,0.0,0,4,0,0.00,0.00,0.00,0.00,0.00,0.00,0.00,0.00,0.00,0.00,Matches
Mason Mount,eng ENG,MF,Chelsea,22,1999,32,27,2 363,26.mars,11,10,21,10,1,1,4,0,8.0,07.févr,06.juil,14.0,92,164,276,0.42,0.38,0.80,0.38,0.76,0.31,0.26,0.56,0.28,0.53,Matches
Lucas Moura,br BRA,FW MF,Tottenham,28,1992,34,19,1 775,19.juil,2,6,8,2,0,0,4,0,02.juil,02.juil,5.0,07.juil,48,99,87,0.10,0.30,0.41,0.10,0.41,0.14,0.25,0.39,0.14,0.39,Matches
João Moutinho,pt POR,MF,Wolves,34,1986,35,34,2 97,33.0,2,1,3,2,0,0,4,0,01.mars,01.mars,02.juil,03.sept,42,196,37,0.06,0.03,0.09,0.06,0.09,0.04,0.08,0.12,0.04,0.12,Matches
Bali Mumba,eng ENG,DF,Norwich City,19,2001,1,0,45,0.5,0,0,0,0,0,0,0,0,0.0,0.0,0.0,0.0,1,1,0,0.00,0.00,0.00,0.00,0.00,0.00,0.00,0.00,0.00,0.00,Matches
Jacob Murphy,eng ENG,FW DF,Newcastle Utd,26,1995,33,13,1 473,16.avr,1,2,3,1,0,0,4,0,02.févr,02.févr,02.juin,04.août,51,44,80,0.06,0.12,0.18,0.06,0.18,0.13,0.16,0.29,0.13,0.29,Matches
Player,Nation,Pos,Squad,Age,Born,MP,Starts,Min,90s,Gls,Ast,G+A,G-PK,PK,PKatt,CrdY,CrdR,xG,npxG,xAG,npxG+xAG,PrgC,PrgP,PrgR,Gls,Ast,G+A,G-PK,G+A-PK,xG,xAG,xG+xAG,npxG,npxG+xAG,Matches
Enock Mwepu,zm ZAM,MF,Brighton,23,1998,18,12,996,11.janv,2,4,6,2,0,0,2,0,02.janv,02.janv,01.juin,03.juil,22,27,44,0.18,0.36,0.54,0.18,0.54,0.19,0.14,0.33,0.19,0.33,Matches
Vitaliy Mykolenko,ua UKR,DF,Everton,22,1999,13,12,1 055,11.juil,1,0,1,1,0,0,0,0,0.5,0.5,0.8,01.févr,8,27,27,0.09,0.00,0.09,0.09,0.09,0.04,0.06,0.11,0.04,0.11,Matches
Marvelous Nakamba,zw ZIM,MF,Aston Villa,27,1994,16,10,904,10.0,0,0,0,0,0,0,5,0,0.0,0.0,0.0,0.0,5,24,0,0.00,0.00,0.00,0.00,0.00,0.00,0.00,0.00,0.00,0.00,Matches
Wilfred Ndidi,ng NGA,MF DF,Leicester City,24,1996,19,18,1 618,18.0,0,0,0,0,0,0,4,0,0.7,0.7,0.0,0.8,14,57,13,0.00,0.00,0.00,0.00,0.00,0.04,0.00,0.04,0.04,0.04,Matches
Tanguy Ndombele,fr FRA,MF,Tottenham,24,1996,9,6,484,05.avr,1,1,2,1,0,0,1,0,0.4,0.4,0.4,0.8,14,21,25,0.19,0.19,0.37,0.19,0.37,0.08,0.07,0.16,0.08,0.16,Matches
Reiss Nelson,eng ENG,FW,Arsenal,21,1999,1,0,20,0.2,0,0,0,0,0,0,0,0,0.1,0.1,0.0,0.1,0,0,4,0.00,0.00,0.00,0.00,0.00,0.24,0.21,0.45,0.24,0.45,Matches
Pedro Neto,pt POR,FW MF,Wolves,21,2000,13,5,466,05.févr,1,1,2,1,0,0,3,0,01.mai,01.mai,1.0,02.mai,27,10,49,0.19,0.19,0.39,0.19,0.39,0.29,0.20,0.49,0.29,0.49,Matches
Rúben Neves,pt POR,MF,Wolves,24,1997,33,31,2 661,29.juin,4,2,6,4,0,0,9,0,01.janv,01.janv,03.janv,04.mars,34,202,19,0.14,0.07,0.20,0.14,0.20,0.04,0.11,0.14,0.04,0.14,Matches
Jeremy Ngakia,,DF,Watford,20,2000,16,9,903,10.0,0,0,0,0,0,0,0,0,0.1,0.1,0.5,0.6,18,39,20,0.00,0.00,0.00,0.00,0.00,0.01,0.05,0.06,0.01,0.06,Matches
Saúl Ñíguez,es ESP,DF MF,Chelsea,26,1994,10,5,480,05.mars,0,0,0,0,0,0,1,0,0.3,0.3,0.5,0.9,4,15,27,0.00,0.00,0.00,0.00,0.00,0.07,0.10,0.16,0.07,0.16,Matches
Eddie Nketiah,eng ENG,FW,Arsenal,22,1999,21,8,835,09.mars,5,1,6,5,0,0,3,0,04.avr,04.avr,2.0,06.avr,27,21,66,0.54,0.11,0.65,0.54,0.65,0.47,0.22,0.69,0.47,0.69,Matches
Nicolas Nkoulou,cm CMR,DF,Watford,31,1990,3,2,168,01.sept,0,0,0,0,0,0,0,0,0.0,0.0,0.0,0.0,0,2,0,0.00,0.00,0.00,0.00,0.00,0.00,0.01,0.01,0.00,0.01,Matches
Mark Noble,eng ENG,MF,West Ham,34,1987,11,3,332,03.juil,1,0,1,0,1,2,0,0,01.juin,0.0,0.0,0.0,2,14,3,0.27,0.00,0.27,0.00,0.00,0.43,0.00,0.43,0.00,0.00,Matches
Mathias Normann,no NOR,MF,Norwich City,25,1996,23,20,1 645,18.mars,1,2,3,1,0,0,6,0,0.9,0.9,01.août,02.juil,16,75,8,0.05,0.11,0.16,0.05,0.16,0.05,0.10,0.15,0.05,0.15,Matches
Christian Nørgaard,dk DEN,MF,Brentford,27,1994,35,35,3 054,33.9,3,4,7,3,0,0,8,0,03.août,03.août,03.mars,07.janv,17,169,31,0.09,0.12,0.21,0.09,0.21,0.11,0.10,0.21,0.11,0.21,Matches
Angelo Ogbonna,it ITA,DF,West Ham,33,1988,11,11,921,10.févr,1,0,1,1,0,0,1,0,0.3,0.3,0.0,0.3,2,14,0,0.10,0.00,0.10,0.10,0.10,0.03,0.00,0.03,0.03,0.03,Matches
Michael Olise,fr FRA,FW MF,Crystal Palace,19,2001,26,12,1 141,12.juil,2,5,7,2,0,0,4,0,01.juil,01.juil,03.sept,05.juin,55,63,110,0.16,0.39,0.55,0.16,0.55,0.13,0.30,0.44,0.13,0.44,Matches
Robin Olsen,se SWE,GK,Aston Villa,31,1990,1,1,90,1.0,0,0,0,0,0,0,0,0,0.0,0.0,0.0,0.0,0,0,0,0.00,0.00,0.00,0.00,0.00,0.00,0.00,0.00,0.00,0.00,Matches
Andrew Omobamidele,ie IRL,DF,Norwich City,19,2002,5,4,382,04.févr,1,0,1,1,0,0,1,0,0.2,0.2,0.0,0.2,6,14,1,0.24,0.00,0.24,0.24,0.24,0.06,0.00,0.06,0.06,0.06,Matches
Tyler Onyango,eng ENG,MF,Everton,18,2003,3,0,28,0.3,0,0,0,0,0,0,0,0,0.0,0.0,0.0,0.0,0,0,0,0.00,0.00,0.00,0.00,0.00,0.15,0.00,0.15,0.15,0.15,Matches
Frank Onyeka,ng NGA,MF,Brentford,23,1998,20,12,1 045,11.juin,0,0,0,0,0,0,4,0,0.8,0.8,0.2,1.0,18,35,27,0.00,0.00,0.00,0.00,0.00,0.07,0.02,0.09,0.07,0.09,Matches
Divock Origi,be BEL,FW,Liverpool,26,1995,7,0,133,01.mai,3,0,3,3,0,0,0,0,01.mai,01.mai,0.0,01.mai,3,2,9,02.mars,0.00,02.mars,02.mars,02.mars,01.févr,0.00,01.févr,01.févr,01.févr,Matches
Alex Oxlade-Chamberlain,eng ENG,MF FW,Liverpool,27,1993,17,9,785,08.juil,2,1,3,2,0,0,0,0,01.mars,01.mars,01.janv,02.mai,34,61,63,0.23,0.11,0.34,0.23,0.34,0.15,0.13,0.28,0.15,0.28,Matches
Cole Palmer,eng ENG,FW MF,Manchester City,19,2002,4,1,123,01.avr,0,0,0,0,0,0,0,0,0.4,0.4,0.2,0.6,3,3,15,0.00,0.00,0.00,0.00,0.00,0.31,0.16,0.47,0.31,0.47,Matches
Emerson Palmieri,it ITA,DF,Chelsea,26,1994,1,0,5,0.1,0,0,0,0,0,0,0,0,0.0,0.0,0.0,0.0,0,0,1,0.00,0.00,0.00,0.00,0.00,0.00,0.00,0.00,0.00,0.00,Matches
Player,Nation,Pos,Squad,Age,Born,MP,Starts,Min,90s,Gls,Ast,G+A,G-PK,PK,PKatt,CrdY,CrdR,xG,npxG,xAG,npxG+xAG,PrgC,PrgP,PrgR,Gls,Ast,G+A,G-PK,G+A-PK,xG,xAG,xG+xAG,npxG,npxG+xAG,Matches
Thomas Partey,gh GHA,MF,Arsenal,28,1993,24,23,2 028,22.mai,2,1,3,2,0,0,6,0,02.août,02.août,1.0,03.août,20,119,11,0.09,0.04,0.13,0.09,0.13,0.12,0.05,0.17,0.12,0.17,Matches
Nicolas Pépé,ci CIV,FW MF,Arsenal,26,1995,20,5,696,07.juil,1,2,3,1,0,0,0,0,02.juin,02.juin,01.juil,04.mars,20,17,97,0.13,0.26,0.39,0.13,0.39,0.34,0.22,0.56,0.34,0.56,Matches
Ricardo Pereira,pt POR,DF,Leicester City,27,1993,14,13,991,11.0,1,3,4,1,0,0,3,0,0.7,0.7,01.mars,2.0,28,43,34,0.09,0.27,0.36,0.09,0.36,0.06,0.12,0.18,0.06,0.18,Matches
Ayoze Pérez,es ESP,MF FW,Leicester City,28,1993,14,6,445,04.sept,2,3,5,2,0,0,0,1,01.juin,01.juin,01.juin,03.févr,16,18,30,0.40,0.61,01.janv,0.40,01.janv,0.32,0.32,0.64,0.32,0.64,Matches
Sonny Perkins,eng ENG,MF,West Ham,17,2004,1,0,4,0.0,0,0,0,0,0,0,0,0,0.0,0.0,0.0,0.0,0,0,0,0.00,0.00,0.00,0.00,0.00,0.00,0.00,0.00,0.00,0.00,Matches
Romain Perraud,fr FRA,DF,Southampton,23,1997,20,18,1 623,18.0,0,1,1,0,0,0,3,0,0.5,0.5,0.7,01.févr,34,48,91,0.00,0.06,0.06,0.00,0.06,0.03,0.04,0.07,0.03,0.07,Matches
Kalvin Phillips,eng ENG,MF,Leeds United,25,1995,20,18,1 596,17.juil,0,1,1,0,0,0,4,0,0.7,0.7,0.7,01.avr,6,93,14,0.00,0.06,0.06,0.00,0.06,0.04,0.04,0.08,0.04,0.08,Matches
Jaden Philogene Bidace,eng ENG,FW,Aston Villa,19,2002,1,0,5,0.1,0,0,0,0,0,0,0,0,0.0,0.0,0.0,0.0,0,0,0,0.00,0.00,0.00,0.00,0.00,0.00,0.00,0.00,0.00,0.00,Matches
Jordan Pickford,eng ENG,GK,Everton,27,1994,35,35,3 15,35.0,0,0,0,0,0,0,2,0,0.0,0.0,0.1,0.1,0,0,0,0.00,0.00,0.00,0.00,0.00,0.00,0.00,0.00,0.00,0.00,Matches
Erik Pieters,nl NED,DF,Burnley,32,1988,12,8,730,08.janv,0,1,1,0,0,0,1,0,0.2,0.2,1.0,01.févr,7,15,11,0.00,0.12,0.12,0.00,0.12,0.02,0.12,0.14,0.02,0.14,Matches
Ethan Pinnock,jm JAM,DF,Brentford,28,1993,32,32,2 694,29.sept,1,1,2,1,0,0,1,0,01.févr,01.févr,01.févr,02.avr,11,77,18,0.03,0.03,0.07,0.03,0.07,0.04,0.04,0.08,0.04,0.08,Matches
Daniel Podence,pt POR,FW MF,Wolves,25,1995,26,15,1 484,16.mai,2,3,5,2,0,0,2,0,2.0,2.0,03.sept,05.sept,63,75,102,0.12,0.18,0.30,0.12,0.30,0.12,0.23,0.36,0.12,0.36,Matches
Paul Pogba,fr FRA,MF FW,Manchester Utd,28,1993,20,16,1 349,15.0,1,9,10,1,0,0,7,1,02.juin,02.juin,03.mai,06.janv,34,117,62,0.07,0.60,0.67,0.07,0.67,0.18,0.23,0.41,0.18,0.41,Matches
Nick Pope,eng ENG,GK,Burnley,29,1992,36,36,3 24,36.0,0,0,0,0,0,0,1,0,0.0,0.0,0.1,0.1,0,0,0,0.00,0.00,0.00,0.00,0.00,0.00,0.00,0.00,0.00,0.00,Matches
Isaac Price,nir NIR,MF,Everton,17,2003,1,0,14,0.2,0,0,0,0,0,0,0,0,0.1,0.1,0.0,0.1,0,0,1,0.00,0.00,0.00,0.00,0.00,0.56,0.00,0.56,0.56,0.56,Matches
Teemu Pukki,fi FIN,FW,Norwich City,31,1990,37,37,3 253,36.1,11,3,14,8,3,3,4,0,11.avr,09.janv,03.août,12.sept,62,34,186,0.30,0.08,0.39,0.22,0.30,0.32,0.11,0.42,0.25,0.36,Matches
Christian Pulisic,us USA,MF FW,Chelsea,22,1998,22,13,1 29,14.mars,6,2,8,6,0,0,2,0,04.sept,04.sept,01.mars,06.févr,44,38,108,0.42,0.14,0.56,0.42,0.56,0.34,0.09,0.43,0.34,0.43,Matches
Przemysław Płacheta,pl POL,FW MF,Norwich City,23,1998,12,6,504,05.juin,0,0,0,0,0,0,1,0,0.4,0.4,0.8,01.janv,19,10,35,0.00,0.00,0.00,0.00,0.00,0.07,0.14,0.20,0.07,0.20,Matches
Jesurun Rak Sakyi,eng ENG,FW MF,Crystal Palace,18,2002,2,1,80,0.9,0,0,0,0,0,0,0,0,0.0,0.0,0.0,0.0,2,0,4,0.00,0.00,0.00,0.00,0.00,0.00,0.00,0.00,0.00,0.00,Matches
Aaron Ramsdale,eng ENG,GK,Arsenal,23,1998,34,34,3 06,34.0,0,0,0,0,0,0,1,0,0.0,0.0,0.0,0.0,0,1,0,0.00,0.00,0.00,0.00,0.00,0.00,0.00,0.00,0.00,0.00,Matches
Jacob Ramsey,eng ENG,MF,Aston Villa,20,2001,34,29,2 467,27.avr,6,1,7,6,0,0,6,0,4.0,4.0,01.sept,05.sept,91,132,92,0.22,0.04,0.26,0.22,0.26,0.15,0.07,0.22,0.15,0.22,Matches
Raphinha,br BRA,FW MF,Leeds United,24,1996,35,34,2 915,32.4,11,3,14,7,4,4,7,0,10.févr,7.0,07.mai,14.mai,89,134,286,0.34,0.09,0.43,0.22,0.31,0.31,0.23,0.54,0.22,0.45,Matches
Marcus Rashford,eng ENG,FW MF,Manchester Utd,23,1997,25,13,1 235,13.juil,4,2,6,4,0,0,2,0,02.sept,02.sept,02.janv,5.0,50,28,118,0.29,0.15,0.44,0.29,0.44,0.21,0.15,0.36,0.21,0.36,Matches
Milot Rashica,xk KVX,FW MF,Norwich City,25,1996,31,25,2 229,24.août,1,2,3,1,0,0,0,0,02.juin,02.juin,02.janv,04.juil,76,46,138,0.04,0.08,0.12,0.04,0.12,0.11,0.08,0.19,0.11,0.19,Matches
David Raya,es ESP,GK,Brentford,25,1995,24,24,2 16,24.0,0,0,0,0,0,0,1,0,0.0,0.0,0.0,0.0,0,3,0,0.00,0.00,0.00,0.00,0.00,0.00,0.00,0.00,0.00,0.00,Matches
Player,Nation,Pos,Squad,Age,Born,MP,Starts,Min,90s,Gls,Ast,G+A,G-PK,PK,PKatt,CrdY,CrdR,xG,npxG,xAG,npxG+xAG,PrgC,PrgP,PrgR,Gls,Ast,G+A,G-PK,G+A-PK,xG,xAG,xG+xAG,npxG,npxG+xAG,Matches
Nathan Redmond,eng ENG,MF FW,Southampton,27,1994,27,20,1 833,20.avr,1,5,6,1,0,0,0,0,01.juil,01.juil,03.sept,05.juin,71,95,131,0.05,0.25,0.29,0.05,0.29,0.08,0.19,0.27,0.08,0.27,Matches
Sergio Reguilón,es ESP,DF MF,Tottenham,24,1996,25,22,1 916,21.mars,2,3,5,2,0,0,4,0,3.0,3.0,03.mars,06.avr,63,50,144,0.09,0.14,0.23,0.09,0.23,0.14,0.16,0.30,0.14,0.30,Matches
Declan Rice,eng ENG,MF,West Ham,22,1999,36,35,3 179,35.3,1,4,5,1,0,0,8,0,01.janv,01.janv,01.juil,02.août,104,256,44,0.03,0.11,0.14,0.03,0.14,0.03,0.05,0.08,0.03,0.08,Matches
Taylor Richards,eng ENG,MF,Brighton,20,2000,2,0,25,0.3,0,0,0,0,0,0,0,0,0.0,0.0,0.0,0.0,1,3,7,0.00,0.00,0.00,0.00,0.00,0.05,0.04,0.09,0.05,0.09,Matches
Richarlison,br BRA,FW,Everton,24,1997,30,28,2 523,28.0,10,5,15,7,3,3,9,0,09.févr,06.août,03.juin,10.avr,44,42,146,0.36,0.18,0.54,0.25,0.43,0.33,0.13,0.46,0.24,0.37,Matches
Jaïro Riedewald,nl NED,MF,Crystal Palace,24,1996,3,1,118,01.mars,0,0,0,0,0,0,0,0,0.0,0.0,0.1,0.1,1,4,2,0.00,0.00,0.00,0.00,0.00,0.00,0.07,0.07,0.00,0.07,Matches
Matt Ritchie,sct SCO,DF,Newcastle Utd,31,1989,18,14,1 337,14.sept,0,2,2,0,0,0,5,0,0.7,0.7,2.0,02.juil,8,48,40,0.00,0.13,0.13,0.00,0.13,0.05,0.13,0.18,0.05,0.18,Matches
Connor Roberts,wls WAL,DF,Burnley,25,1995,21,19,1 692,18.août,1,1,2,1,0,0,2,0,0.4,0.4,01.févr,01.juin,23,61,44,0.05,0.05,0.11,0.05,0.11,0.02,0.07,0.09,0.02,0.09,Matches
Tyler Roberts,wls WAL,MF FW,Leeds United,22,1999,23,7,987,11.0,1,1,2,1,0,0,5,0,02.avr,02.avr,1.0,03.avr,17,29,63,0.09,0.09,0.18,0.09,0.18,0.22,0.09,0.31,0.22,0.31,Matches
Andrew Robertson,sct SCO,DF,Liverpool,27,1994,29,29,2 537,28.févr,3,10,13,3,0,0,5,1,01.avr,01.avr,05.juin,7.0,96,186,239,0.11,0.35,0.46,0.11,0.46,0.05,0.20,0.25,0.05,0.25,Matches
Joe Rodon,wls WAL,DF,Tottenham,23,1997,3,0,89,1.0,0,0,0,0,0,0,0,0,0.0,0.0,0.0,0.0,0,0,0,0.00,0.00,0.00,0.00,0.00,0.00,0.00,0.00,0.00,0.00,Matches
Rodri,es ESP,MF,Manchester City,25,1996,33,33,2 884,32.0,7,2,9,7,0,0,5,0,02.mars,02.mars,01.avr,03.juil,43,285,47,0.22,0.06,0.28,0.22,0.28,0.07,0.04,0.11,0.07,0.11,Matches
Rodrigo,es ESP,MF FW,Leeds United,30,1991,31,27,2 265,25.févr,6,1,7,5,1,1,9,0,04.févr,03.mai,03.janv,06.juin,47,105,164,0.24,0.04,0.28,0.20,0.24,0.17,0.12,0.29,0.14,0.26,Matches
Jay Rodriguez,eng ENG,FW,Burnley,32,1989,29,13,1 382,15.avr,2,2,4,2,0,0,3,0,04.août,04.août,02.janv,06.sept,18,19,60,0.13,0.13,0.26,0.13,0.26,0.31,0.14,0.45,0.31,0.45,Matches
Mads Roerslev,dk DEN,DF,Brentford,22,1999,21,12,1 24,13.août,1,1,2,1,0,0,1,0,0.4,0.4,0.6,0.9,14,22,54,0.07,0.07,0.15,0.07,0.15,0.03,0.04,0.07,0.03,0.07,Matches
Cristian Romero,ar ARG,DF,Tottenham,23,1998,22,21,1 844,20.mai,1,0,1,1,0,0,8,0,0.5,0.5,0.3,0.7,23,65,9,0.05,0.00,0.05,0.05,0.05,0.02,0.01,0.04,0.02,0.04,Matches
Oriol Romeu,es ESP,MF,Southampton,29,1991,36,34,2 889,32.1,2,2,4,2,0,0,9,0,01.avr,01.avr,02.sept,04.mars,38,156,29,0.06,0.06,0.12,0.06,0.12,0.04,0.09,0.13,0.04,0.13,Matches
Cristiano Ronaldo,pt POR,FW,Manchester Utd,36,1985,30,27,2 456,27.mars,18,3,21,15,3,3,8,0,17.juil,15.avr,02.sept,18.févr,67,64,192,0.66,0.11,0.77,0.55,0.66,0.65,0.11,0.75,0.56,0.67,Matches
Salomón Rondón,ve VEN,FW,Everton,31,1989,20,8,790,08.août,1,1,2,1,0,0,3,1,01.août,01.août,0.7,02.juin,5,9,41,0.11,0.11,0.23,0.11,0.23,0.21,0.08,0.29,0.21,0.29,Matches
Danny Rose,eng ENG,DF,Watford,31,1990,8,7,689,07.juil,0,0,0,0,0,0,4,0,0.2,0.2,0.8,1.0,12,33,19,0.00,0.00,0.00,0.00,0.00,0.03,0.10,0.13,0.03,0.13,Matches
Jonathan Rowe,eng ENG,FW MF,Norwich City,18,2003,13,0,223,02.mai,0,1,1,0,0,0,0,0,0.3,0.3,0.5,0.8,4,3,21,0.00,0.40,0.40,0.00,0.40,0.10,0.21,0.31,0.10,0.31,Matches
John Ruddy,eng ENG,GK,Wolves,34,1986,2,1,135,01.mai,0,0,0,0,0,0,0,0,0.0,0.0,0.0,0.0,0,0,0,0.00,0.00,0.00,0.00,0.00,0.00,0.00,0.00,0.00,0.00,Matches
Antonio Rüdiger,de GER,DF,Chelsea,28,1993,34,34,3 035,33.7,3,0,3,3,0,0,9,0,02.mars,02.mars,0.7,3.0,54,188,21,0.09,0.00,0.09,0.09,0.09,0.07,0.02,0.09,0.07,0.09,Matches
Lukas Rupp,de GER,MF,Norwich City,30,1991,19,7,769,08.mai,0,0,0,0,0,0,0,0,0.7,0.7,01.avr,2.0,17,35,23,0.00,0.00,0.00,0.00,0.00,0.08,0.16,0.24,0.08,0.24,Matches
José Sá,pt POR,GK,Wolves,28,1993,37,37,3 285,36.5,0,1,1,0,0,0,3,0,0.0,0.0,0.9,0.9,0,2,0,0.00,0.03,0.03,0.00,0.03,0.00,0.02,0.02,0.00,0.02,Matches
Player,Nation,Pos,Squad,Age,Born,MP,Starts,Min,90s,Gls,Ast,G+A,G-PK,PK,PKatt,CrdY,CrdR,xG,npxG,xAG,npxG+xAG,PrgC,PrgP,PrgR,Gls,Ast,G+A,G-PK,G+A-PK,xG,xAG,xG+xAG,npxG,npxG+xAG,Matches
Allan Saint-Maximin,fr FRA,FW MF,Newcastle Utd,24,1997,35,31,2 804,31.2,5,5,10,5,0,0,6,0,05.févr,05.févr,04.mars,09.mai,180,87,167,0.16,0.16,0.32,0.16,0.32,0.17,0.14,0.30,0.17,0.30,Matches
Romain Saïss,ma MAR,DF,Wolves,31,1990,31,31,2 705,30.janv,2,0,2,2,0,0,6,0,02.juil,02.juil,0.3,03.janv,18,137,9,0.07,0.00,0.07,0.07,0.07,0.09,0.01,0.10,0.09,0.10,Matches
Bukayo Saka,eng ENG,FW MF,Arsenal,19,2001,38,36,2 978,33.1,11,7,18,9,2,2,6,0,10.mars,08.juil,07.mai,16.mars,140,101,388,0.33,0.21,0.54,0.27,0.48,0.31,0.23,0.54,0.26,0.49,Matches
Mohamed Salah,eg EGY,FW,Liverpool,29,1992,35,30,2 762,30.juil,23,13,36,18,5,6,1,0,22.juil,17.août,10.0,27.août,125,122,451,0.75,0.42,janv.17,0.59,01.janv,0.74,0.33,01.juil,0.58,0.91,Matches
Mohammed Salisu,gh GHA,DF,Southampton,22,1999,34,33,2 972,33.0,0,0,0,0,0,0,10,1,2.0,2.0,0.8,02.juil,31,136,7,0.00,0.00,0.00,0.00,0.00,0.06,0.02,0.08,0.06,0.08,Matches
Albert Sambi Lokonga,be BEL,MF,Arsenal,21,1999,19,12,1 134,12.juin,0,0,0,0,0,0,5,0,0.6,0.6,1.0,01.juin,28,84,16,0.00,0.00,0.00,0.00,0.00,0.05,0.08,0.13,0.05,0.13,Matches
Davinson Sánchez,co COL,DF,Tottenham,25,1996,23,17,1 631,18.janv,2,0,2,2,0,0,4,0,02.janv,02.janv,0.3,02.avr,21,65,8,0.11,0.00,0.11,0.11,0.11,0.11,0.02,0.13,0.11,0.13,Matches
Robert Sánchez,es ESP,GK,Brighton,23,1997,37,37,3 329,37.0,0,0,0,0,0,0,3,1,0.0,0.0,0.4,0.4,0,1,0,0.00,0.00,0.00,0.00,0.00,0.00,0.01,0.01,0.00,0.01,Matches
Jadon Sancho,eng ENG,FW MF,Manchester Utd,21,2000,29,20,1 9,21.janv,3,3,6,3,0,0,0,0,03.juin,03.juin,04.janv,07.juil,111,88,222,0.14,0.14,0.28,0.14,0.28,0.17,0.19,0.37,0.17,0.37,Matches
Morgan Sanson,fr FRA,MF,Aston Villa,26,1994,10,3,356,4.0,0,0,0,0,0,0,0,0,0.0,0.0,0.0,0.0,16,21,10,0.00,0.00,0.00,0.00,0.00,0.00,0.01,0.01,0.00,0.01,Matches
Samir Santos,br BRA,DF,Watford,26,1994,19,19,1 673,18.juin,0,0,0,0,0,0,4,0,0.5,0.5,0.1,0.6,1,24,2,0.00,0.00,0.00,0.00,0.00,0.03,0.00,0.03,0.03,0.03,Matches
Josh Sargent,us USA,FW MF,Norwich City,21,2000,26,18,1 572,17.mai,2,1,3,2,0,0,1,0,02.mai,02.mai,0.9,03.avr,21,12,88,0.11,0.06,0.17,0.11,0.17,0.14,0.05,0.19,0.14,0.19,Matches
Jeremy Sarmiento,ec ECU,FW MF,Brighton,19,2002,5,1,48,0.5,0,0,0,0,0,0,0,0,0.0,0.0,0.0,0.0,4,1,3,0.00,0.00,0.00,0.00,0.00,0.00,0.00,0.00,0.00,0.00,Matches
Ismaila Sarr,sn SEN,FW MF,Watford,23,1998,22,21,1 861,20.juil,5,2,7,5,0,1,2,0,04.août,4.0,02.sept,06.sept,79,52,158,0.24,0.10,0.34,0.24,0.34,0.23,0.14,0.37,0.19,0.34,Matches
Malang Sarr,fr FRA,DF,Chelsea,22,1999,8,6,546,06.janv,0,0,0,0,0,0,2,0,0.0,0.0,0.4,0.4,9,23,15,0.00,0.00,0.00,0.00,0.00,0.01,0.06,0.07,0.01,0.07,Matches
Dane Scarlett,eng ENG,MF,Tottenham,17,2004,1,0,4,0.0,0,0,0,0,0,0,0,0,0.0,0.0,0.0,0.0,0,0,0,0.00,0.00,0.00,0.00,0.00,0.00,0.00,0.00,0.00,0.00,Matches
Fabian Schär,ch SUI,DF,Newcastle Utd,29,1991,25,25,2 158,24.0,2,2,4,2,0,0,4,0,01.févr,01.févr,01.janv,02.mars,20,59,2,0.08,0.08,0.17,0.08,0.17,0.05,0.05,0.10,0.05,0.10,Matches
Jeffrey Schlupp,gh GHA,MF FW,Crystal Palace,28,1992,32,20,1 851,20.juin,4,1,5,4,0,0,1,0,03.avr,03.avr,01.juin,04.sept,31,70,60,0.19,0.05,0.24,0.19,0.24,0.16,0.08,0.24,0.16,0.24,Matches
Kasper Schmeichel,dk DEN,GK,Leicester City,34,1986,37,37,3 33,37.0,0,0,0,0,0,0,2,0,0.0,0.0,0.0,0.0,1,2,0,0.00,0.00,0.00,0.00,0.00,0.00,0.00,0.00,0.00,0.00,Matches
Ken Sema,se SWE,MF FW,Watford,27,1993,18,7,852,09.mai,0,0,0,0,0,0,1,0,0.1,0.1,01.mars,01.avr,19,8,36,0.00,0.00,0.00,0.00,0.00,0.01,0.13,0.15,0.01,0.15,Matches
Nélson Semedo,pt POR,MF DF,Wolves,27,1993,25,25,2 131,23.juil,0,1,1,0,0,0,1,0,01.juin,01.juin,01.mars,02.sept,79,78,146,0.00,0.04,0.04,0.00,0.04,0.07,0.06,0.12,0.07,0.12,Matches
Ryan Sessegnon,eng ENG,DF MF,Tottenham,21,2000,15,13,1 047,11.juin,0,2,2,0,0,0,2,0,0.3,0.3,02.juil,3.0,30,22,80,0.00,0.17,0.17,0.00,0.17,0.03,0.23,0.26,0.03,0.26,Matches
Jamie Shackleton,eng ENG,DF MF,Leeds United,21,1999,14,7,709,07.sept,0,0,0,0,0,0,4,0,0.2,0.2,0.0,0.2,20,36,20,0.00,0.00,0.00,0.00,0.00,0.02,0.00,0.02,0.02,0.02,Matches
Luke Shaw,eng ENG,DF,Manchester Utd,26,1995,20,19,1 601,17.août,0,3,3,0,0,0,8,0,0.1,0.1,03.juin,03.juil,48,82,69,0.00,0.17,0.17,0.00,0.17,0.01,0.20,0.21,0.01,0.21,Matches
Jonjo Shelvey,eng ENG,MF,Newcastle Utd,29,1992,24,22,1 983,22.0,2,1,3,2,0,0,7,1,0.9,0.9,1.0,01.sept,11,84,7,0.09,0.05,0.14,0.09,0.14,0.04,0.05,0.09,0.04,0.09,Matches
Player,Nation,Pos,Squad,Age,Born,MP,Starts,Min,90s,Gls,Ast,G+A,G-PK,PK,PKatt,CrdY,CrdR,xG,npxG,xAG,npxG+xAG,PrgC,PrgP,PrgR,Gls,Ast,G+A,G-PK,G+A-PK,xG,xAG,xG+xAG,npxG,npxG+xAG,Matches
Shola Shoretire,eng ENG,MF,Manchester Utd,17,2004,1,0,16,0.2,0,0,0,0,0,0,0,0,0.0,0.0,0.0,0.0,0,0,1,0.00,0.00,0.00,0.00,0.00,0.00,0.00,0.00,0.00,0.00,Matches
Francisco Sierralta,cl CHI,DF,Watford,24,1997,5,5,427,04.juil,0,0,0,0,0,0,0,0,0.1,0.1,0.0,0.1,1,2,0,0.00,0.00,0.00,0.00,0.00,0.01,0.00,0.01,0.01,0.01,Matches
Bernardo Silva,pt POR,MF FW,Manchester City,26,1994,35,33,2 857,31.juil,8,4,12,8,0,0,6,0,06.juil,06.juil,06.mai,13.févr,146,170,277,0.25,0.13,0.38,0.25,0.38,0.21,0.21,0.42,0.21,0.42,Matches
Fábio Silva,pt POR,FW,Wolves,19,2002,22,6,572,06.avr,0,0,0,0,0,0,0,0,01.août,01.août,0.2,01.sept,14,14,41,0.00,0.00,0.00,0.00,0.00,0.28,0.03,0.30,0.28,0.30,Matches
Thiago Silva,br BRA,DF,Chelsea,36,1984,32,28,2 65,29.avr,3,0,3,3,0,0,2,0,0.9,0.9,0.2,01.janv,14,145,2,0.10,0.00,0.10,0.10,0.10,0.03,0.01,0.04,0.03,0.04,Matches
Ellis Simms,eng ENG,FW,Everton,20,2001,1,1,61,0.7,0,0,0,0,0,0,0,0,0.0,0.0,0.0,0.0,0,0,2,0.00,0.00,0.00,0.00,0.00,0.00,0.00,0.00,0.00,0.00,Matches
Moussa Sissoko,fr FRA,MF,Watford,31,1989,36,36,3 22,35.8,2,1,3,2,0,0,5,0,03.août,03.juil,03.janv,06.août,51,116,72,0.06,0.03,0.08,0.06,0.08,0.11,0.09,0.19,0.10,0.19,Matches
Oliver Skipp,eng ENG,MF,Tottenham,20,2000,18,14,1 35,15.0,0,0,0,0,0,0,6,0,0.2,0.2,0.7,1.0,27,76,18,0.00,0.00,0.00,0.00,0.00,0.02,0.05,0.07,0.02,0.07,Matches
William Smallbone,ie IRL,MF FW,Southampton,21,2000,4,2,133,01.mai,0,0,0,0,0,0,0,0,0.1,0.1,0.0,0.1,4,2,7,0.00,0.00,0.00,0.00,0.00,0.03,0.03,0.06,0.03,0.06,Matches
Emile Smith Rowe,eng ENG,MF FW,Arsenal,21,2000,33,21,1 921,21.mars,10,2,12,10,0,0,1,0,6.0,6.0,2.0,8.0,65,85,139,0.47,0.09,0.56,0.47,0.56,0.28,0.09,0.38,0.28,0.38,Matches
Cédric Soares,pt POR,DF,Arsenal,29,1991,21,16,1 486,16.mai,1,1,2,1,0,0,3,0,0.6,0.6,01.juin,02.janv,17,84,56,0.06,0.06,0.12,0.06,0.12,0.03,0.09,0.13,0.03,0.13,Matches
Tomáš Souček,cz CZE,MF,West Ham,26,1995,35,34,3 062,34.0,5,1,6,5,0,0,3,0,05.mai,04.août,02.févr,7.0,36,141,54,0.15,0.03,0.18,0.15,0.18,0.16,0.06,0.22,0.14,0.20,Matches
Boubakary Soumaré,fr FRA,MF,Leicester City,22,1999,19,12,1 102,12.févr,0,1,1,0,0,0,0,0,0.4,0.4,0.4,0.7,10,45,16,0.00,0.08,0.08,0.00,0.08,0.03,0.03,0.06,0.03,0.06,Matches
Çağlar Söyüncü,tr TUR,DF,Leicester City,25,1996,28,28,2 497,27.juil,1,0,1,1,0,0,5,0,1.0,1.0,0.1,01.janv,19,71,5,0.04,0.00,0.04,0.04,0.04,0.04,0.00,0.04,0.04,0.04,Matches
Tony Springett,ie IRL,MF FW,Norwich City,18,2002,3,1,141,01.juin,0,0,0,0,0,0,1,0,0.2,0.2,0.5,0.7,8,2,11,0.00,0.00,0.00,0.00,0.00,0.11,0.34,0.45,0.11,0.45,Matches
Jason Steele,eng ENG,GK,Brighton,30,1990,1,1,90,1.0,0,0,0,0,0,0,0,0,0.0,0.0,0.0,0.0,0,0,0,0.00,0.00,0.00,0.00,0.00,0.00,0.00,0.00,0.00,0.00,Matches
Jed Steer,eng ENG,GK,Aston Villa,28,1992,1,1,90,1.0,0,0,0,0,0,0,0,0,0.0,0.0,0.0,0.0,0,0,0,0.00,0.00,0.00,0.00,0.00,0.00,0.00,0.00,0.00,0.00,Matches
Zack Steffen,us USA,GK,Manchester City,26,1995,1,1,90,1.0,0,0,0,0,0,0,0,0,0.0,0.0,0.0,0.0,0,0,0,0.00,0.00,0.00,0.00,0.00,0.00,0.00,0.00,0.00,0.00,Matches
Dale Stephens,eng ENG,MF,Burnley,32,1989,3,1,124,01.avr,0,0,0,0,0,0,1,0,0.0,0.0,0.0,0.1,0,5,1,0.00,0.00,0.00,0.00,0.00,0.02,0.02,0.04,0.02,0.04,Matches
Jack Stephens,eng ENG,DF,Southampton,27,1994,11,9,811,9.0,0,0,0,0,0,0,3,0,0.0,0.0,0.3,0.3,7,28,3,0.00,0.00,0.00,0.00,0.00,0.00,0.04,0.04,0.00,0.04,Matches
Raheem Sterling,eng ENG,FW,Manchester City,26,1994,30,23,2 128,23.juin,13,5,18,11,2,3,1,0,14.0,11.mai,05.mai,17.0,108,65,317,0.55,0.21,0.76,0.47,0.68,0.59,0.23,0.82,0.49,0.72,Matches
Finley Stevens,wls WAL,DF,Brentford,18,2003,1,0,15,0.2,0,0,0,0,0,0,0,0,0.0,0.0,0.1,0.1,0,2,2,0.00,0.00,0.00,0.00,0.00,0.00,0.33,0.33,0.00,0.33,Matches
John Stones,eng ENG,DF,Manchester City,27,1994,14,12,1 119,12.avr,1,0,1,1,0,0,0,0,0.9,0.9,0.2,01.janv,28,63,7,0.08,0.00,0.08,0.08,0.08,0.07,0.01,0.09,0.07,0.09,Matches
Pascal Struijk,nl NED,DF MF,Leeds United,21,1999,29,22,2 055,22.août,1,0,1,1,0,0,6,1,01.avr,01.avr,0.4,01.sept,8,86,10,0.04,0.00,0.04,0.04,0.04,0.06,0.02,0.08,0.06,0.08,Matches
Crysencio Summerville,nl NED,MF FW,Leeds United,19,2001,6,0,130,01.avr,0,0,0,0,0,0,0,0,0.2,0.2,0.0,0.3,5,7,16,0.00,0.00,0.00,0.00,0.00,0.17,0.03,0.19,0.17,0.19,Matches
Player,Nation,Pos,Squad,Age,Born,MP,Starts,Min,90s,Gls,Ast,G+A,G-PK,PK,PKatt,CrdY,CrdR,xG,npxG,xAG,npxG+xAG,PrgC,PrgP,PrgR,Gls,Ast,G+A,G-PK,G+A-PK,xG,xAG,xG+xAG,npxG,npxG+xAG,Matches
Jakob Sørensen,dk DEN,MF DF,Norwich City,23,1998,10,6,604,06.juil,0,0,0,0,0,0,0,0,0.5,0.5,0.0,0.5,4,20,4,0.00,0.00,0.00,0.00,0.00,0.07,0.00,0.07,0.07,0.07,Matches
Japhet Tanganga,eng ENG,DF,Tottenham,22,1999,11,10,735,08.févr,0,0,0,0,0,0,4,1,0.4,0.4,0.2,0.7,13,20,21,0.00,0.00,0.00,0.00,0.00,0.05,0.03,0.08,0.05,0.08,Matches
Matt Targett,eng ENG,DF,Aston Villa,25,1995,17,17,1 431,15.sept,1,1,2,1,0,0,2,0,0.5,0.5,01.juil,02.févr,19,83,79,0.06,0.06,0.13,0.06,0.13,0.03,0.11,0.14,0.03,0.14,Matches
Matt Targett,eng ENG,DF,Newcastle Utd,25,1995,16,16,1 44,16.0,0,0,0,0,0,0,1,0,0.3,0.3,01.sept,02.févr,11,53,40,0.00,0.00,0.00,0.00,0.00,0.02,0.12,0.14,0.02,0.14,Matches
James Tarkowski,eng ENG,DF,Burnley,28,1992,35,35,3 106,34.5,1,2,3,1,0,0,11,0,02.mai,02.mai,0.5,3.0,3,97,11,0.03,0.06,0.09,0.03,0.09,0.07,0.01,0.09,0.07,0.09,Matches
Nuno Tavares,pt POR,DF,Arsenal,21,2000,22,13,1 176,13.janv,1,1,2,1,0,0,2,0,01.sept,01.sept,01.janv,02.sept,47,42,91,0.08,0.08,0.15,0.08,0.15,0.14,0.08,0.22,0.14,0.22,Matches
Charlie Taylor,eng ENG,DF,Burnley,27,1993,31,30,2 731,30.mars,0,3,3,0,0,0,3,0,0.2,0.2,03.août,4.0,58,91,77,0.00,0.10,0.10,0.00,0.10,0.01,0.13,0.13,0.01,0.13,Matches
Nathan Tella,ng NGA,MF FW,Southampton,22,1999,14,10,804,08.sept,0,1,1,0,0,0,2,0,0.6,0.6,0.6,01.févr,22,17,44,0.00,0.11,0.11,0.00,0.11,0.07,0.07,0.13,0.07,0.13,Matches
Alex Telles,br BRA,DF,Manchester Utd,28,1992,21,18,1 66,18.avr,0,4,4,0,0,0,1,0,0.4,0.4,01.sept,02.mars,36,66,102,0.00,0.22,0.22,0.00,0.22,0.02,0.10,0.12,0.02,0.12,Matches
Luke Thomas,eng ENG,DF,Leicester City,20,2001,22,21,1 912,21.févr,0,1,1,0,0,0,2,0,0.1,0.1,01.mars,01.mai,28,95,59,0.00,0.05,0.05,0.00,0.05,0.01,0.06,0.07,0.01,0.07,Matches
Dominic Thompson,eng ENG,DF,Brentford,21,2000,2,2,146,01.juin,0,0,0,0,0,0,0,0,0.1,0.1,0.0,0.1,0,0,3,0.00,0.00,0.00,0.00,0.00,0.04,0.00,0.04,0.04,0.04,Matches
Youri Tielemans,be BEL,MF,Leicester City,24,1997,32,29,2 631,29.2,6,4,10,4,2,2,3,0,04.avr,02.août,04.févr,7.0,31,202,69,0.21,0.14,0.34,0.14,0.27,0.15,0.15,0.29,0.10,0.24,Matches
Kieran Tierney,sct SCO,DF,Arsenal,24,1997,22,22,1 915,21.mars,1,3,4,1,0,0,0,0,0.6,0.6,01.août,02.avr,62,105,128,0.05,0.14,0.19,0.05,0.19,0.03,0.09,0.11,0.03,0.11,Matches
Takehiro Tomiyasu,jp JPN,DF,Arsenal,22,1998,21,20,1 679,18.juil,0,1,1,0,0,0,2,0,0.6,0.6,1.0,01.juin,32,96,41,0.00,0.05,0.05,0.00,0.05,0.03,0.05,0.09,0.03,0.09,Matches
James Tomkins,eng ENG,DF,Crystal Palace,32,1989,8,6,547,06.janv,1,0,1,1,0,0,2,0,0.5,0.5,0.2,0.7,1,8,1,0.16,0.00,0.16,0.16,0.16,0.08,0.03,0.11,0.08,0.11,Matches
Ivan Toney,eng ENG,FW,Brentford,25,1996,33,32,2 909,32.3,12,5,17,7,5,5,8,0,11.avr,07.avr,05.août,13.mars,28,83,168,0.37,0.15,0.53,0.22,0.37,0.35,0.18,0.53,0.23,0.41,Matches
Ferrán Torres,es ESP,FW,Manchester City,21,2000,4,4,303,03.avr,2,1,3,2,0,0,0,0,02.août,02.août,0.0,02.août,5,4,26,0.59,0.30,0.89,0.59,0.89,0.83,0.01,0.84,0.83,0.84,Matches
Cenk Tosun,tr TUR,MF,Everton,30,1991,1,0,7,0.1,0,0,0,0,0,0,0,0,0.0,0.0,0.0,0.0,0,0,0,0.00,0.00,0.00,0.00,0.00,0.00,0.00,0.00,0.00,0.00,Matches
Andros Townsend,eng ENG,MF FW,Everton,30,1991,21,17,1 455,16.févr,3,2,5,2,1,1,3,0,02.févr,01.mai,03.janv,04.mai,41,50,100,0.19,0.12,0.31,0.12,0.25,0.14,0.19,0.33,0.09,0.28,Matches
Adama Traoré,es ESP,FW MF,Wolves,25,1996,20,10,1 067,11.sept,1,0,1,1,0,0,0,0,3.0,3.0,01.avr,04.avr,84,29,85,0.08,0.00,0.08,0.08,0.08,0.25,0.12,0.37,0.25,0.37,Matches
Bertrand Traoré,bf BFA,MF FW,Aston Villa,25,1995,9,1,220,02.avr,0,0,0,0,0,0,0,0,0.3,0.3,0.0,0.3,12,12,13,0.00,0.00,0.00,0.00,0.00,0.13,0.00,0.13,0.13,0.13,Matches
Trézéguet,eg EGY,FW,Aston Villa,26,1994,1,0,11,0.1,0,0,0,0,0,0,0,0,0.0,0.0,0.0,0.0,0,1,4,0.00,0.00,0.00,0.00,0.00,0.38,0.00,0.38,0.38,0.38,Matches
Francisco Trincão,pt POR,FW MF,Wolves,21,1999,28,16,1 336,14.août,2,1,3,2,0,0,0,0,03.juil,03.juil,01.juin,05.avr,56,40,93,0.13,0.07,0.20,0.13,0.20,0.25,0.11,0.36,0.25,0.36,Matches
Kieran Trippier,eng ENG,DF,Newcastle Utd,30,1990,6,5,429,04.août,2,0,2,2,0,0,0,0,0.2,0.2,0.3,0.5,2,17,8,0.42,0.00,0.42,0.42,0.42,0.05,0.06,0.10,0.05,0.10,Matches
William Troost-Ekong,ng NGA,DF,Watford,27,1993,17,15,1 39,15.avr,0,0,0,0,0,0,3,0,0.1,0.1,0.1,0.2,7,30,3,0.00,0.00,0.00,0.00,0.00,0.01,0.00,0.01,0.01,0.01,Matches
Player,Nation,Pos,Squad,Age,Born,MP,Starts,Min,90s,Gls,Ast,G+A,G-PK,PK,PKatt,CrdY,CrdR,xG,npxG,xAG,npxG+xAG,PrgC,PrgP,PrgR,Gls,Ast,G+A,G-PK,G+A-PK,xG,xAG,xG+xAG,npxG,npxG+xAG,Matches
Leandro Trossard,be BEL,FW MF,Brighton,26,1994,34,32,2 805,31.2,8,3,11,7,1,1,2,0,06.juil,05.sept,04.août,10.juil,97,154,222,0.26,0.10,0.35,0.22,0.32,0.21,0.15,0.37,0.19,0.34,Matches
Kostas Tsimikas,gr GRE,DF,Liverpool,25,1996,13,9,877,09.juil,0,2,2,0,0,0,3,0,0.6,0.6,02.juil,03.mars,48,47,109,0.00,0.21,0.21,0.00,0.21,0.06,0.27,0.34,0.06,0.34,Matches
Axel Tuanzebe,cd COD,DF,Aston Villa,23,1997,9,6,508,05.juin,0,0,0,0,0,0,1,0,0.1,0.1,0.0,0.1,1,6,0,0.00,0.00,0.00,0.00,0.00,0.02,0.00,0.02,0.02,0.02,Matches
Ozan Tufan,tr TUR,MF,Watford,26,1995,7,4,334,03.juil,0,0,0,0,0,0,0,0,0.6,0.6,0.3,0.9,2,16,13,0.00,0.00,0.00,0.00,0.00,0.15,0.09,0.24,0.15,0.24,Matches
Christos Tzolis,gr GRE,FW MF,Norwich City,19,2002,14,3,336,03.juil,0,0,0,0,0,0,0,0,0.4,0.4,0.7,01.janv,8,13,31,0.00,0.00,0.00,0.00,0.00,0.12,0.18,0.30,0.12,0.30,Matches
Yan Valery,tn TUN,DF,Southampton,22,1999,5,3,370,04.janv,0,0,0,0,0,0,0,0,0.0,0.0,0.1,0.2,3,10,4,0.00,0.00,0.00,0.00,0.00,0.01,0.03,0.04,0.01,0.04,Matches
Virgil van Dijk,nl NED,DF,Liverpool,30,1991,34,34,3 06,34.0,3,1,4,3,0,0,3,0,2.0,2.0,01.mai,03.juin,11,145,4,0.09,0.03,0.12,0.09,0.12,0.06,0.05,0.11,0.06,0.11,Matches
Raphaël Varane,fr FRA,DF,Manchester Utd,28,1993,22,20,1 831,20.mars,1,1,2,1,0,0,0,0,0.7,0.7,0.2,0.9,11,49,2,0.05,0.05,0.10,0.05,0.10,0.03,0.01,0.05,0.03,0.05,Matches
Jamie Vardy,eng ENG,FW,Leicester City,34,1987,25,20,1 806,20.janv,15,2,17,15,0,0,2,0,10.août,10.août,01.avr,12.févr,37,28,112,0.75,0.10,0.85,0.75,0.85,0.54,0.07,0.61,0.54,0.61,Matches
Joël Veltman,nl NED,DF,Brighton,29,1992,34,33,2 874,31.9,1,1,2,1,0,0,6,0,0.7,0.7,01.juin,02.mars,25,124,65,0.03,0.03,0.06,0.03,0.06,0.02,0.05,0.07,0.02,0.07,Matches
Jannik Vestergaard,dk DEN,DF,Leicester City,28,1992,10,6,567,06.mars,0,0,0,0,0,0,2,0,0.1,0.1,0.0,0.1,2,19,0,0.00,0.00,0.00,0.00,0.00,0.02,0.00,0.02,0.02,0.02,Matches
Nikola Vlašić,hr CRO,FW MF,West Ham,23,1997,19,6,560,06.févr,1,0,1,1,0,0,0,0,01.mars,01.mars,0.6,2.0,21,14,48,0.16,0.00,0.16,0.16,0.16,0.21,0.10,0.31,0.21,0.31,Matches
Matěj Vydra,cz CZE,FW,Burnley,29,1992,22,5,679,07.mai,2,3,5,2,0,0,1,0,02.sept,02.sept,0.7,03.juil,2,7,43,0.27,0.40,0.66,0.27,0.66,0.39,0.10,0.49,0.39,0.49,Matches
Theo Walcott,eng ENG,MF FW,Southampton,32,1989,9,5,379,04.févr,0,0,0,0,0,0,0,0,0.6,0.6,0.0,0.7,3,5,19,0.00,0.00,0.00,0.00,0.00,0.15,0.01,0.16,0.15,0.16,Matches
Kyle Walker,eng ENG,DF,Manchester City,31,1990,20,20,1 755,19.mai,0,2,2,0,0,0,1,0,0.3,0.3,01.mars,01.mai,43,146,65,0.00,0.10,0.10,0.00,0.10,0.01,0.06,0.08,0.01,0.08,Matches
Kyle Walker-Peters,eng ENG,DF,Southampton,24,1997,32,29,2 633,29.mars,1,2,3,1,0,0,5,0,01.janv,01.janv,02.juil,03.août,134,147,165,0.03,0.07,0.10,0.03,0.10,0.04,0.09,0.13,0.04,0.13,Matches
Aaron Wan-Bissaka,cd COD,DF,Manchester Utd,23,1997,20,20,1 793,19.sept,0,0,0,0,0,0,2,0,0.3,0.3,0.9,01.févr,55,61,90,0.00,0.00,0.00,0.00,0.00,0.02,0.04,0.06,0.02,0.06,Matches
Danny Ward,wls WAL,GK,Leicester City,28,1993,1,1,90,1.0,0,0,0,0,0,0,0,0,0.0,0.0,0.0,0.0,0,0,0,0.00,0.00,0.00,0.00,0.00,0.00,0.00,0.00,0.00,0.00,Matches
Joel Ward,eng ENG,DF,Crystal Palace,31,1989,28,27,2 487,27.juin,0,0,0,0,0,0,8,0,0.3,0.3,0.5,0.8,27,119,37,0.00,0.00,0.00,0.00,0.00,0.01,0.02,0.03,0.01,0.03,Matches
James Ward-Prowse,eng ENG,MF,Southampton,26,1994,36,36,3 215,35.7,10,5,15,6,4,4,3,1,05.avr,02.févr,06.mai,08.juil,21,189,42,0.28,0.14,0.42,0.17,0.31,0.15,0.18,0.33,0.06,0.24,Matches
Ollie Watkins,eng ENG,FW,Aston Villa,25,1995,35,33,2 952,32.8,11,2,13,10,1,1,7,0,11.juin,11.0,03.avr,14.avr,74,60,226,0.34,0.06,0.40,0.30,0.37,0.35,0.10,0.46,0.34,0.44,Matches
Adam Webster,eng ENG,DF,Brighton,26,1995,22,16,1 434,15.sept,2,0,2,2,0,0,5,0,0.9,0.9,0.0,0.9,19,109,7,0.13,0.00,0.13,0.13,0.13,0.06,0.00,0.06,0.06,0.06,Matches
Wout Weghorst,nl NED,FW,Burnley,28,1992,20,17,1 45,16.janv,2,3,5,2,0,0,3,0,04.août,04.août,01.mai,06.févr,7,26,81,0.12,0.19,0.31,0.12,0.31,0.30,0.09,0.39,0.30,0.39,Matches
Danny Welbeck,eng ENG,FW MF,Brighton,30,1990,25,15,1 478,16.avr,6,2,8,6,0,0,0,0,06.juin,06.juin,01.févr,07.août,22,23,105,0.37,0.12,0.49,0.37,0.49,0.40,0.08,0.47,0.40,0.47,Matches
Timo Werner,de GER,FW MF,Chelsea,25,1996,21,15,1 283,14.mars,4,1,5,4,0,0,1,0,06.août,06.août,0.3,07.janv,46,18,144,0.28,0.07,0.35,0.28,0.35,0.48,0.02,0.50,0.48,0.50,Matches
Player,Nation,Pos,Squad,Age,Born,MP,Starts,Min,90s,Gls,Ast,G+A,G-PK,PK,PKatt,CrdY,CrdR,xG,npxG,xAG,npxG+xAG,PrgC,PrgP,PrgR,Gls,Ast,G+A,G-PK,G+A-PK,xG,xAG,xG+xAG,npxG,npxG+xAG,Matches
Ashley Westwood,eng ENG,MF,Burnley,31,1990,27,26,2 287,25.avr,0,3,3,0,0,0,7,0,0.6,0.6,04.janv,04.juil,12,130,27,0.00,0.12,0.12,0.00,0.12,0.02,0.16,0.19,0.02,0.19,Matches
Ben White,eng ENG,DF,Arsenal,23,1997,32,32,2 88,32.0,0,0,0,0,0,0,3,0,1.0,1.0,01.mars,02.mars,38,124,4,0.00,0.00,0.00,0.00,0.00,0.03,0.04,0.07,0.03,0.07,Matches
Brandon Williams,eng ENG,DF,Norwich City,20,2000,26,23,2 12,23.juin,0,1,1,0,0,0,8,0,0.2,0.2,01.sept,02.févr,57,90,58,0.00,0.04,0.04,0.00,0.04,0.01,0.08,0.09,0.01,0.09,Matches
Neco Williams,wls WAL,DF,Liverpool,20,2001,1,0,8,0.1,0,1,1,0,0,0,0,0,0.0,0.0,0.7,0.7,1,0,2,0.00,nov.25,nov.25,0.00,nov.25,0.00,juil.82,juil.82,0.00,juil.82,Matches
Joe Willock,eng ENG,MF,Newcastle Utd,21,1999,29,24,2 038,22.juin,2,0,2,2,0,0,0,0,03.févr,03.févr,01.févr,04.avr,48,58,77,0.09,0.00,0.09,0.09,0.09,0.14,0.05,0.20,0.14,0.20,Matches
Callum Wilson,eng ENG,FW,Newcastle Utd,29,1992,18,16,1 386,15.avr,8,0,8,6,2,2,4,0,06.févr,04.juin,0.5,05.janv,14,9,52,0.52,0.00,0.52,0.39,0.39,0.40,0.03,0.43,0.30,0.33,Matches
Harry Winks,eng ENG,MF,Tottenham,25,1996,19,9,912,10.janv,0,1,1,0,0,0,2,0,0.1,0.1,01.mai,01.juin,10,73,18,0.00,0.10,0.10,0.00,0.10,0.01,0.15,0.16,0.01,0.16,Matches
Yoane Wissa,cd COD,FW,Brentford,24,1996,30,12,1 284,14.mars,7,1,8,7,0,0,0,0,03.janv,03.janv,0.9,4.0,19,29,84,0.49,0.07,0.56,0.49,0.56,0.22,0.06,0.28,0.22,0.28,Matches
Chris Wood,nz NZL,FW,Burnley,29,1991,17,17,1 367,15.févr,3,0,3,3,0,0,1,0,04.févr,04.févr,0.5,04.juil,5,23,69,0.20,0.00,0.20,0.20,0.20,0.28,0.03,0.31,0.28,0.31,Matches
Chris Wood,nz NZL,FW,Newcastle Utd,29,1991,17,15,1 327,14.juil,2,0,2,1,1,1,0,0,03.janv,02.mars,01.janv,03.avr,5,18,60,0.14,0.00,0.14,0.07,0.07,0.21,0.07,0.28,0.16,0.23,Matches
Freddie Woodman,eng ENG,GK,Newcastle Utd,24,1997,4,4,360,4.0,0,0,0,0,0,0,0,0,0.0,0.0,0.0,0.0,0,0,0,0.00,0.00,0.00,0.00,0.00,0.00,0.00,0.00,0.00,0.00,Matches
Granit Xhaka,ch SUI,MF DF,Arsenal,28,1992,27,27,2 327,25.sept,1,2,3,1,0,0,10,1,01.avr,01.avr,02.mars,03.juil,39,230,67,0.04,0.08,0.12,0.04,0.12,0.05,0.09,0.14,0.05,0.14,Matches
Andriy Yarmolenko,ua UKR,FW MF,West Ham,31,1989,19,1,316,03.mai,1,0,1,1,0,0,1,0,0.8,0.8,0.3,01.janv,12,12,28,0.28,0.00,0.28,0.28,0.28,0.22,0.08,0.30,0.22,0.30,Matches
Ashley Young,eng ENG,DF FW,Aston Villa,36,1985,24,10,1 25,13.sept,0,2,2,0,0,0,2,0,0.4,0.4,1.0,01.avr,27,45,57,0.00,0.14,0.14,0.00,0.14,0.03,0.07,0.10,0.03,0.10,Matches
Nathan Young-Coombes,eng ENG,MF,Brentford,18,2003,1,0,4,0.0,0,0,0,0,0,0,0,0,0.0,0.0,0.0,0.0,0,0,0,0.00,0.00,0.00,0.00,0.00,0.00,0.00,0.00,0.00,0.00,Matches
Wilfried Zaha,ci CIV,FW,Crystal Palace,28,1992,33,31,2 76,30.juil,14,1,15,9,5,7,6,1,09.mai,03.sept,05.janv,9.0,113,121,265,0.46,0.03,0.49,0.29,0.33,0.31,0.17,0.48,0.13,0.29,Matches
Christoph Zimmermann,de GER,DF,Norwich City,28,1993,3,2,157,01.juil,0,0,0,0,0,0,0,0,0.0,0.0,0.0,0.0,1,4,0,0.00,0.00,0.00,0.00,0.00,0.03,0.00,0.03,0.03,0.03,Matches
Oleksandr Zinchenko,ua UKR,DF,Manchester City,24,1996,15,10,1 047,11.juin,0,4,4,0,0,0,0,0,0.5,0.5,02.juil,03.févr,32,113,88,0.00,0.34,0.34,0.00,0.34,0.04,0.23,0.27,0.04,0.27,Matches
Hakim Ziyech,ma MAR,MF FW,Chelsea,28,1993,23,14,1 319,14.juil,4,3,7,4,0,0,3,0,03.avr,03.avr,02.sept,06.mars,50,88,142,0.27,0.20,0.48,0.27,0.48,0.23,0.20,0.43,0.23,0.43,Matches
Kurt Zouma,fr FRA,DF,West Ham,26,1994,24,24,2 078,23.janv,1,0,1,1,0,0,1,0,01.janv,01.janv,0.1,01.févr,11,33,2,0.04,0.00,0.04,0.04,0.04,0.05,0.00,0.05,0.05,0.05,Matches
Martin Ødegaard,no NOR,MF FW,Arsenal,22,1998,36,32,2 785,30.sept,7,4,11,7,0,0,4,0,04.août,04.août,06.mars,11.janv,57,224,146,0.23,0.13,0.36,0.23,0.36,0.15,0.20,0.36,0.15,0.36,Matche
