Player,Nation,Pos,Squad,Age,Born,MP,Starts,Min,90s,Gls,Ast,G+A,G-PK,PK,PKatt,CrdY,CrdR,Gls,Ast,G+A,G-PK,G+A-PK
David Abraham,ar ARG,DF,Eint Frankfurt,30,1986,30,30,2 584,28.juil,1,1,2,1,0,0,5,1,0.03,0.03,0.07,0.03,0.07
Amir Abrashi,al ALB,MF,Freiburg,26,1990,20,16,1 32,14.juil,1,0,1,1,0,0,3,0,0.07,0.00,0.07,0.07,0.07
René Adler,de GER,GK,Hamburger SV,31,1985,19,19,1 71,19.0,0,0,0,0,0,0,1,0,0.00,0.00,0.00,0.00,0.00
David Alaba,at AUT,DF MF,Bayern Munich,24,1992,32,29,2 506,27.août,4,4,8,4,0,0,1,0,0.14,0.14,0.29,0.14,0.29
Thiago Alcántara,es ESP,MF,Bayern Munich,25,1991,27,26,2 288,25.avr,6,5,11,6,0,0,4,0,0.24,0.20,0.43,0.24,0.43
Sami Allagui,tn TUN,FW MF,Hertha BSC,30,1986,12,0,181,2.0,1,0,1,0,1,1,2,0,0.50,0.00,0.50,0.00,0.00
Allan,br BRA,MF,Hertha BSC,19,1997,15,8,798,08.sept,0,0,0,0,0,0,3,0,0.00,0.00,0.00,0.00,0.00
Xabi Alonso,es ESP,MF,Bayern Munich,34,1981,27,22,1 903,21.janv,3,2,5,3,0,0,6,0,0.14,0.09,0.24,0.14,0.24
Halil Altıntop,tr TUR,FW MF,Augsburg,33,1982,31,17,1 605,17.août,6,2,8,6,0,0,1,0,0.34,0.11,0.45,0.34,0.45
Hamit Altıntop,tr TUR,DF MF,Darmstadt 98,33,1982,16,15,1 362,15.janv,0,0,0,0,0,1,3,0,0.00,0.00,0.00,0.00,0.00
Nadiem Amiri,de GER,MF,Hoffenheim,19,1996,33,20,1 989,22.janv,2,4,6,2,0,0,2,0,0.09,0.18,0.27,0.09,0.27
Dennis Aogo,de GER,DF MF,Schalke 04,29,1987,7,3,290,03.févr,0,0,0,0,0,0,1,0,0.00,0.00,0.00,0.00,0.00
Charles Aránguiz,cl CHI,MF,Leverkusen,27,1989,26,22,1 815,20.févr,2,2,4,1,1,2,9,1,0.10,0.10,0.20,0.05,0.15
Maximilian Arnold,de GER,MF,Wolfsburg,22,1994,32,28,2 423,26.sept,2,3,5,2,0,0,9,0,0.07,0.11,0.19,0.07,0.19
Barış Atik,de GER,FW MF,Hoffenheim,21,1995,3,0,70,0.8,0,0,0,0,0,0,0,0,0.00,0.00,0.00,0.00,0.00
Pierre-Emerick Aubameyang,ga GAB,FW MF,Dortmund,27,1989,32,31,2 779,30.sept,31,3,34,29,2,4,3,0,1.00,0.10,01.oct,0.94,01.avr
Donis Avdijaj,xk KVX,FW MF,Schalke 04,19,1996,9,2,298,03.mars,2,0,2,2,0,0,1,0,0.60,0.00,0.60,0.60,0.60
Florian Baak,de GER,DF,Hertha BSC,17,1999,2,0,15,0.2,0,0,0,0,0,0,0,0,0.00,0.00,0.00,0.00,0.00
Holger Badstuber,de GER,DF,Bayern Munich,27,1989,1,0,29,0.3,0,0,0,0,0,0,0,0,0.00,0.00,0.00,0.00,0.00
Holger Badstuber,de GER,DF,Schalke 04,27,1989,10,10,862,09.juin,0,0,0,0,0,0,1,0,0.00,0.00,0.00,0.00,0.00
Nabil Bahoui,se SWE,FW MF,Hamburger SV,25,1991,1,1,66,0.7,0,0,0,0,0,0,0,0,0.00,0.00,0.00,0.00,0.00
Daniel Baier,de GER,MF,Augsburg,32,1984,27,27,2 393,26.juin,1,3,4,1,0,0,5,0,0.04,0.11,0.15,0.04,0.15
Leon Bailey,jm JAM,FW MF,Leverkusen,18,1997,8,0,140,01.juin,0,0,0,0,0,0,1,0,0.00,0.00,0.00,0.00,0.00
Leon Balogun,ng NGA,DF,Mainz 05,28,1988,17,13,1 023,11.avr,0,0,0,0,0,0,3,0,0.00,0.00,0.00,0.00,0.00
Patrick Banggaard,dk DEN,DF,Darmstadt 98,22,1994,9,9,810,9.0,0,0,0,0,0,0,4,0,0.00,0.00,0.00,0.00,0.00
Player,Nation,Pos,Squad,Age,Born,MP,Starts,Min,90s,Gls,Ast,G+A,G-PK,PK,PKatt,CrdY,CrdR,Gls,Ast,G+A,G-PK,G+A-PK
Philipp Bargfrede,de GER,MF,Werder Bremen,27,1989,11,4,455,05.janv,1,1,2,1,0,0,3,0,0.20,0.20,0.40,0.20,0.40
Aymen Barkok,ma MAR,MF,Eint Frankfurt,18,1998,18,6,659,07.mars,2,2,4,2,0,0,1,0,0.27,0.27,0.55,0.27,0.55
Fin Bartels,de GER,FW MF,Werder Bremen,29,1987,31,23,2 219,24.juil,8,6,14,8,0,0,4,0,0.32,0.24,0.57,0.32,0.57
Marc Bartra,es ESP,DF,Dortmund,25,1991,19,18,1 56,17.mars,0,0,0,0,0,0,5,0,0.00,0.00,0.00,0.00,0.00
Robert Bauer,de GER,DF MF,Werder Bremen,21,1995,27,25,2 122,23.juin,1,3,4,1,0,0,5,0,0.04,0.13,0.17,0.04,0.17
Oliver Baumann,de GER,GK,Hoffenheim,26,1990,34,34,3 06,34.0,0,0,0,0,0,0,1,0,0.00,0.00,0.00,0.00,0.00
Julian Baumgartlinger,at AUT,DF MF,Leverkusen,28,1988,22,19,1 561,17.mars,0,1,1,0,0,0,1,0,0.00,0.06,0.06,0.00,0.06
Riechedly Bazoer,cw CUW,DF MF,Wolfsburg,19,1996,12,12,969,10.août,0,1,1,0,0,0,5,0,0.00,0.09,0.09,0.00,0.09
Stefan Bell,de GER,DF,Mainz 05,24,1991,31,30,2 744,30.mai,5,1,6,5,0,0,11,1,0.16,0.03,0.20,0.16,0.20
Karim Bellarabi,de GER,FW MF,Leverkusen,26,1990,16,14,1 113,12.avr,2,5,7,2,0,0,4,0,0.16,0.40,0.57,0.16,0.57
Änis Ben-Hatira,tn TUN,MF,Darmstadt 98,28,1988,11,8,586,06.mai,1,0,1,1,0,0,3,0,0.15,0.00,0.15,0.15,0.15
Diego Benaglio,ch SUI,GK,Wolfsburg,32,1983,14,14,1 26,14.0,0,0,0,0,0,0,1,0,0.00,0.00,0.00,0.00,0.00
Lars Bender,de GER,DF MF,Leverkusen,27,1989,9,9,602,06.juil,0,1,1,0,0,0,4,0,0.00,0.15,0.15,0.00,0.15
Sven Bender,de GER,DF MF,Dortmund,27,1989,6,3,272,3.0,0,0,0,0,0,0,0,0,0.00,0.00,0.00,0.00,0.00
László Bénes,sk SVK,MF,Gladbach,18,1997,8,3,288,03.févr,1,0,1,1,0,0,0,0,0.31,0.00,0.31,0.31,0.31
Nabil Bentaleb,dz ALG,MF,Schalke 04,21,1994,32,28,2 548,28.mars,5,4,9,4,1,1,12,0,0.18,0.14,0.32,0.14,0.28
Bernardo,br BRA,DF,RB Leipzig,21,1995,22,21,1 892,21.0,0,1,1,0,0,0,3,0,0.00,0.05,0.05,0.00,0.05
Juan Bernat,es ESP,DF FW,Bayern Munich,23,1993,18,13,1 238,13.août,2,2,4,2,0,0,1,0,0.15,0.15,0.29,0.15,0.29
Max Besuschkow,de GER,MF,Eint Frankfurt,19,1997,3,1,87,1.0,0,0,0,0,0,0,1,0,0.00,0.00,0.00,0.00,0.00
Roman Bezjak,si SVN,FW,Darmstadt 98,27,1989,11,7,588,06.mai,0,0,0,0,0,0,0,0,0.00,0.00,0.00,0.00,0.00
Ermin Bičakčić,ba BIH,DF,Hoffenheim,26,1990,18,11,1 055,11.juil,1,0,1,1,0,0,4,0,0.09,0.00,0.09,0.09,0.09
Leonardo Bittencourt,de GER,FW MF,Köln,22,1993,16,12,968,10.août,3,5,8,3,0,0,3,0,0.28,0.46,0.74,0.28,0.74
Pablo de Blasis,ar ARG,FW MF,Mainz 05,28,1988,31,17,1 661,18.mai,5,3,8,4,1,1,5,0,0.27,0.16,0.43,0.22,0.38
Danny Blum,de GER,FW MF,Eint Frankfurt,25,1991,14,3,460,05.janv,1,1,2,1,0,0,0,0,0.20,0.20,0.39,0.20,0.39
Jérôme Boateng,de GER,DF,Bayern Munich,27,1988,13,10,827,09.févr,0,1,1,0,0,0,1,0,0.00,0.11,0.11,0.00,0.11
Player,Nation,Pos,Squad,Age,Born,MP,Starts,Min,90s,Gls,Ast,G+A,G-PK,PK,PKatt,CrdY,CrdR,Gls,Ast,G+A,G-PK,G+A-PK
Raúl Bobadilla,py PAR,FW,Augsburg,29,1987,18,13,1 044,11.juin,4,1,5,4,0,0,1,0,0.34,0.09,0.43,0.34,0.43
Mounir Bouziane,fr FRA,FW MF,Mainz 05,25,1991,1,0,14,0.2,0,0,0,0,0,0,0,0,0.00,0.00,0.00,0.00,0.00
Terrence Boyd,us USA,FW,Darmstadt 98,25,1991,7,5,375,04.févr,1,0,1,1,0,0,1,0,0.24,0.00,0.24,0.24,0.24
Julian Brandt,de GER,FW MF,Leverkusen,20,1996,32,25,2 299,25.mai,3,7,10,3,0,0,0,0,0.12,0.27,0.39,0.12,0.39
Romain Brégerie,fr FRA,DF,Ingolstadt 04,29,1986,17,17,1 527,17.0,3,0,3,3,0,0,3,1,0.18,0.00,0.18,0.18,0.18
Josip Brekalo,hr CRO,FW MF,Wolfsburg,18,1998,4,0,80,0.9,0,0,0,0,0,0,1,0,0.00,0.00,0.00,0.00,0.00
John Brooks,us USA,DF,Hertha BSC,23,1993,24,24,2 115,23.mai,2,0,2,2,0,0,5,0,0.09,0.00,0.09,0.09,0.09
Daniel Brosinski,de GER,DF MF,Mainz 05,28,1988,29,27,2 454,27.mars,1,2,3,0,1,1,6,0,0.04,0.07,0.11,0.00,0.07
Jeffrey Bruma,nl NED,DF,Wolfsburg,24,1991,20,20,1 717,19.janv,1,0,1,1,0,0,6,1,0.05,0.00,0.05,0.05,0.05
Massimo Bruno,be BEL,FW MF,RB Leipzig,22,1993,1,0,5,0.1,0,0,0,0,0,0,0,0,0.00,0.00,0.00,0.00,0.00
Onur Bulut,tr TUR,DF MF,Freiburg,22,1994,21,12,1 002,11.janv,0,1,1,0,0,0,3,0,0.00,0.09,0.09,0.00,0.09
Niko Bungert,de GER,DF,Mainz 05,29,1986,10,9,755,08.avr,1,0,1,1,0,0,1,0,0.12,0.00,0.12,0.12,0.12
Guido Burgstaller,at AUT,FW MF,Schalke 04,27,1989,18,17,1 461,16.févr,9,2,11,9,0,1,1,0,0.55,0.12,0.68,0.55,0.68
Oliver Burke,sct SCO,FW MF,RB Leipzig,19,1997,25,5,632,7.0,1,2,3,1,0,0,1,0,0.14,0.28,0.43,0.14,0.43
Roman Bürki,ch SUI,GK,Dortmund,25,1990,27,27,2 43,27.0,0,0,0,0,0,0,2,0,0.00,0.00,0.00,0.00,0.00
Dženis Burnić,ba BIH,MF,Dortmund,18,1998,1,1,90,1.0,0,0,0,0,0,0,1,0,0.00,0.00,0.00,0.00,0.00
Gaëtan Bussmann,fr FRA,DF,Mainz 05,25,1991,14,12,1 049,11.juil,0,2,2,0,0,0,1,1,0.00,0.17,0.17,0.00,0.17
Jakub Błaszczykowski,pl POL,MF,Wolfsburg,30,1985,28,20,1 689,18.août,0,1,1,0,0,0,2,0,0.00,0.05,0.05,0.00,0.05
Júnior Caiçara,br BRA,DF,Schalke 04,27,1989,3,1,109,01.févr,0,0,0,0,0,0,1,0,0.00,0.00,0.00,0.00,0.00
Caiuby,br BRA,FW MF,Augsburg,28,1988,5,2,248,02.août,0,0,0,0,0,0,1,0,0.00,0.00,0.00,0.00,0.00
Luca Caldirola,it ITA,DF,Werder Bremen,25,1991,5,5,412,04.juin,0,0,0,0,0,0,1,0,0.00,0.00,0.00,0.00,0.00
Hakan Çalhanoğlu,tr TUR,FW MF,Leverkusen,22,1994,15,14,1 215,13.mai,6,5,11,5,1,2,1,0,0.44,0.37,0.81,0.37,0.74
Daniel Caligiuri,it ITA,DF FW,Wolfsburg,28,1988,16,13,1 105,12.mars,2,1,3,2,0,0,2,0,0.16,0.08,0.24,0.16,0.24
Daniel Caligiuri,it ITA,DF FW,Schalke 04,28,1988,16,14,1 104,12.mars,2,3,5,2,0,0,0,0,0.16,0.24,0.41,0.16,0.41
Jan-Ingwer Callsen-Bracker,de GER,DF,Augsburg,31,1984,1,0,3,0.0,0,0,0,0,0,0,0,0,0.00,0.00,0.00,0.00,0.00
Player,Nation,Pos,Squad,Age,Born,MP,Starts,Min,90s,Gls,Ast,G+A,G-PK,PK,PKatt,CrdY,CrdR,Gls,Ast,G+A,G-PK,G+A-PK
Koen Casteels,be BEL,GK,Wolfsburg,24,1992,20,20,1 8,20.0,0,0,0,0,0,0,3,0,0.00,0.00,0.00,0.00,0.00
Gonzalo Castro,de GER,DF MF,Dortmund,29,1987,28,23,1 921,21.mars,3,4,7,3,0,0,5,0,0.14,0.19,0.33,0.14,0.33
Timothy Chandler,us USA,DF MF,Eint Frankfurt,26,1990,32,31,2 817,31.mars,0,3,3,0,0,0,6,1,0.00,0.10,0.10,0.00,0.10
Andreas Christensen,dk DEN,DF MF,Gladbach,20,1996,31,31,2 781,30.sept,2,0,2,2,0,0,1,0,0.06,0.00,0.06,0.06,0.06
Max Christiansen,de GER,MF,Ingolstadt 04,19,1996,11,4,443,04.sept,0,0,0,0,0,0,3,1,0.00,0.00,0.00,0.00,0.00
Per Ciljan Skjelbred,no NOR,MF,Hertha BSC,29,1987,26,25,2 136,23.juil,0,0,0,0,0,0,2,0,0.00,0.00,0.00,0.00,0.00
Cléber,br BRA,DF,Hamburger SV,25,1990,5,5,325,03.juin,0,0,0,0,0,0,1,1,0.00,0.00,0.00,0.00,0.00
Christian Clemens,de GER,FW MF,Mainz 05,24,1991,3,2,188,02.janv,0,0,0,0,0,0,0,0,0.00,0.00,0.00,0.00,0.00
Christian Clemens,de GER,FW MF,Köln,24,1991,12,10,805,08.sept,1,1,2,1,0,0,2,0,0.11,0.11,0.22,0.11,0.22
Almog Cohen,il ISR,MF,Ingolstadt 04,27,1988,31,29,2 494,27.juil,7,1,8,6,1,1,2,0,0.25,0.04,0.29,0.22,0.25
Coke,es ESP,DF MF,Schalke 04,29,1987,8,7,627,7.0,1,0,1,1,0,0,1,0,0.14,0.00,0.14,0.14,0.14
Antonio Čolak,hr CRO,FW,Darmstadt 98,22,1993,22,12,1 276,14.févr,4,1,5,3,1,2,2,1,0.28,0.07,0.35,0.21,0.28
Fabio Coltorti,ch SUI,GK,RB Leipzig,35,1980,1,1,90,1.0,0,0,0,0,0,0,0,0,0.00,0.00,0.00,0.00,0.00
Kingsley Coman,fr FRA,FW MF,Bayern Munich,20,1996,19,10,917,10.févr,2,1,3,2,0,0,1,0,0.20,0.10,0.29,0.20,0.29
Marvin Compper,de GER,DF,RB Leipzig,31,1985,25,25,2 098,23.mars,2,0,2,2,0,0,6,0,0.09,0.00,0.09,0.09,0.09
Jhon Córdoba,co COL,FW,Mainz 05,23,1993,29,27,2 345,26.janv,5,3,8,5,0,0,8,1,0.19,0.12,0.31,0.19,0.31
Danny da Costa,de GER,DF FW,Leverkusen,23,1993,3,1,111,01.févr,0,0,0,0,0,0,0,0,0.00,0.00,0.00,0.00,0.00
Douglas Costa,br BRA,FW MF,Bayern Munich,25,1990,23,14,1 42,15.août,4,4,8,4,0,0,2,0,0.25,0.25,0.51,0.25,0.51
Mahmoud Dahoud,de GER,MF,Gladbach,20,1996,28,26,2 274,25.mars,2,6,8,2,0,0,3,0,0.08,0.24,0.32,0.08,0.32
Kevin Danso,at AUT,DF MF,Augsburg,17,1998,7,7,612,06.août,0,0,0,0,0,0,0,0,0.00,0.00,0.00,0.00,0.00
Vladimír Darida,cz CZE,MF,Hertha BSC,25,1990,25,21,2 041,22.juil,2,2,4,2,0,0,6,0,0.09,0.09,0.18,0.09,0.18
Thomas Delaney,dk DEN,MF,Werder Bremen,24,1991,13,11,916,10.févr,4,1,5,4,0,0,3,0,0.39,0.10,0.49,0.39,0.49
Ousmane Dembélé,fr FRA,FW MF,Dortmund,19,1997,32,22,2 036,22.juin,6,11,17,6,0,0,7,0,0.27,0.49,0.75,0.27,0.75
Kerem Demirbay,de GER,MF,Hoffenheim,23,1993,28,27,2 169,24.janv,6,8,14,6,0,0,4,0,0.25,0.33,0.58,0.25,0.58
Diego Demme,de GER,DF MF,RB Leipzig,24,1991,32,32,2 87,31.9,1,3,4,1,0,0,4,0,0.03,0.09,0.13,0.03,0.13
Player,Nation,Pos,Squad,Age,Born,MP,Starts,Min,90s,Gls,Ast,G+A,G-PK,PK,PKatt,CrdY,CrdR,Gls,Ast,G+A,G-PK,G+A-PK
Franco Di Santo,ar ARG,FW,Schalke 04,27,1989,12,3,323,03.juin,0,2,2,0,0,0,2,0,0.00,0.56,0.56,0.00,0.56
Fallou Diagne,sn SEN,DF,Werder Bremen,26,1989,2,2,135,01.mai,0,0,0,0,0,0,0,0,0.00,0.00,0.00,0.00,0.00
Daniel Didavi,de GER,FW MF,Wolfsburg,26,1990,18,11,986,11.0,4,2,6,4,0,0,0,0,0.37,0.18,0.55,0.37,0.55
Dennis Diekmeier,de GER,DF MF,Hamburger SV,26,1989,24,21,1 78,19.août,0,1,1,0,0,0,7,1,0.00,0.05,0.05,0.00,0.05
Johan Djourou,ch SUI,DF,Hamburger SV,29,1987,14,12,1 144,12.juil,0,0,0,0,0,1,6,0,0.00,0.00,0.00,0.00,0.00
Giulio Donati,it ITA,DF,Mainz 05,26,1990,32,31,2 802,31.janv,0,1,1,0,0,0,4,0,0.00,0.03,0.03,0.00,0.03
Ji Dong-won,kr KOR,FW MF,Augsburg,25,1991,34,24,2 297,25.mai,3,2,5,3,0,0,4,0,0.12,0.08,0.20,0.12,0.20
Bas Dost,nl NED,FW,Wolfsburg,27,1989,1,1,80,0.9,0,0,0,0,0,0,0,0,0.00,0.00,0.00,0.00,0.00
Aleksandar Dragović,at AUT,DF MF,Leverkusen,25,1991,19,15,1 259,14.0,0,1,1,0,0,0,1,0,0.00,0.07,0.07,0.00,0.07
Julian Draxler,de GER,FW MF,Wolfsburg,22,1993,13,12,1 05,11.juil,0,2,2,0,0,0,0,0,0.00,0.17,0.17,0.00,0.17
Josip Drmić,ch SUI,FW,Gladbach,23,1992,12,2,282,03.janv,0,0,0,0,0,0,0,0,0.00,0.00,0.00,0.00,0.00
Jaroslav Drobný,cz CZE,GK,Werder Bremen,36,1979,10,10,849,09.avr,0,0,0,0,0,0,0,1,0.00,0.00,0.00,0.00,0.00
Ondrej Duda,sk SVK,FW MF,Hertha BSC,21,1994,3,0,70,0.8,0,0,0,0,0,0,0,0,0.00,0.00,0.00,0.00,0.00
Erik Durm,de GER,DF FW,Dortmund,24,1992,13,10,976,10.août,0,2,2,0,0,0,1,0,0.00,0.18,0.18,0.00,0.18
Maximilian Eggestein,de GER,MF,Werder Bremen,19,1996,15,8,891,09.sept,1,0,1,1,0,0,2,0,0.10,0.00,0.10,0.10,0.10
Albin Ekdal,se SWE,MF,Hamburger SV,27,1989,21,13,1 247,13.sept,1,1,2,1,0,0,4,1,0.07,0.07,0.14,0.07,0.14
Nico Elvedi,ch SUI,DF,Gladbach,19,1996,25,23,2 106,23.avr,0,0,0,0,0,0,4,0,0.00,0.00,0.00,0.00,0.00
Breel Embolo,ch SUI,FW MF,Schalke 04,19,1997,7,4,341,03.août,2,0,2,2,0,0,0,0,0.53,0.00,0.53,0.53,0.53
Michael Esser,de GER,GK,Darmstadt 98,28,1987,28,28,2 484,27.juin,0,0,0,0,0,0,3,0,0.00,0.00,0.00,0.00,0.00
Alexander Esswein,de GER,FW MF,Hertha BSC,26,1990,29,15,1 322,14.juil,2,2,4,2,0,0,4,0,0.14,0.14,0.27,0.14,0.27
Marco Fabián,mx MEX,FW MF,Eint Frankfurt,27,1989,24,23,2 054,22.août,7,4,11,6,1,2,10,0,0.31,0.18,0.48,0.26,0.44
Ralf Fährmann,de GER,GK,Schalke 04,27,1988,34,34,3 06,34.0,0,0,0,0,0,0,3,0,0.00,0.00,0.00,0.00,0.00
Artem Fedetskyi,ua UKR,DF,Darmstadt 98,31,1985,16,13,1 11,12.mars,0,0,0,0,0,0,4,0,0.00,0.00,0.00,0.00,0.00
Markus Feulner,de GER,MF,Augsburg,34,1982,1,0,18,0.2,0,0,0,0,0,0,0,0,0.00,0.00,0.00,0.00,0.00
Alfreð Finnbogason,is ISL,FW,Augsburg,27,1989,13,13,1 128,12.mai,3,1,4,3,0,0,1,1,0.24,0.08,0.32,0.24,0.32
Player,Nation,Pos,Squad,Age,Born,MP,Starts,Min,90s,Gls,Ast,G+A,G-PK,PK,PKatt,CrdY,CrdR,Gls,Ast,G+A,G-PK,G+A-PK
Jonas Föhrenbach,de GER,DF,Freiburg,20,1996,3,1,102,01.janv,0,0,0,0,0,0,0,0,0.00,0.00,0.00,0.00,0.00
Emil Forsberg,se SWE,FW MF,RB Leipzig,24,1991,30,27,2 338,26.0,8,18,26,7,1,2,1,1,0.31,0.69,1.00,0.27,0.96
Raphael Framberger,de GER,DF,Augsburg,20,1995,3,2,142,01.juin,0,0,0,0,0,0,0,0,0.00,0.00,0.00,0.00,0.00
Mike Frantz,de GER,FW MF,Freiburg,29,1986,30,29,2 495,27.juil,0,1,1,0,0,0,2,0,0.00,0.04,0.04,0.00,0.04
Fabian Frei,ch SUI,DF MF,Mainz 05,27,1989,24,19,1 666,18.mai,0,1,1,0,0,0,3,0,0.00,0.05,0.05,0.00,0.05
Clemens Fritz,de GER,DF MF,Werder Bremen,35,1980,18,17,1 291,14.mars,0,0,0,0,0,0,5,0,0.00,0.00,0.00,0.00,0.00
Lukas Fröde,de GER,DF MF,Werder Bremen,21,1995,3,0,14,0.2,0,0,0,0,0,0,0,0,0.00,0.00,0.00,0.00,0.00
Mijat Gaćinović,rs SRB,MF,Eint Frankfurt,21,1995,28,26,2 233,24.août,2,0,2,2,0,0,9,0,0.08,0.00,0.08,0.08,0.08
Santiago García,ar ARG,DF,Werder Bremen,28,1988,19,16,1 444,16.0,1,2,3,1,0,0,5,0,0.06,0.12,0.19,0.06,0.19
Ulisses Garcia,ch SUI,DF MF,Werder Bremen,20,1996,7,3,353,03.sept,0,1,1,0,0,0,1,0,0.00,0.25,0.25,0.00,0.25
Jean-Philippe Gbamin,ci CIV,DF MF,Mainz 05,20,1995,25,21,1 823,20.mars,0,0,0,0,0,0,6,3,0.00,0.00,0.00,0.00,0.00
Theodor Gebre Selassie,cz CZE,DF MF,Werder Bremen,29,1986,30,26,2 342,26.0,5,2,7,5,0,0,4,0,0.19,0.08,0.27,0.19,0.27
Johannes Geis,de GER,DF MF,Schalke 04,22,1993,18,17,1 324,14.juil,0,0,0,0,0,0,4,0,0.00,0.00,0.00,0.00,0.00
Yannick Gerhardt,de GER,DF MF,Wolfsburg,22,1994,27,25,2 214,24.juin,0,2,2,0,0,0,5,0,0.00,0.08,0.08,0.00,0.08
Matthias Ginter,de GER,DF MF,Dortmund,22,1994,29,26,2 476,27.mai,0,1,1,0,0,0,4,0,0.00,0.04,0.04,0.00,0.04
Serge Gnabry,de GER,FW MF,Werder Bremen,21,1995,27,23,1 963,21.août,11,1,12,10,1,1,1,0,0.50,0.05,0.55,0.46,0.50
Mario Gómez,de GER,FW,Wolfsburg,31,1985,33,32,2 85,31.juil,16,1,17,14,2,2,4,0,0.51,0.03,0.54,0.44,0.47
Jérôme Gondorf,de GER,MF,Darmstadt 98,28,1988,29,29,2 546,28.mars,3,4,7,2,1,1,7,0,0.11,0.14,0.25,0.07,0.21
Leon Goretzka,de GER,MF,Schalke 04,21,1995,30,30,2 563,28.mai,5,3,8,5,0,0,2,0,0.18,0.11,0.28,0.18,0.28
Benjamin Gorka,de GER,DF,Darmstadt 98,32,1984,1,0,7,0.1,0,0,0,0,0,0,0,0,0.00,0.00,0.00,0.00,0.00
Ashton Götz,de GER,DF MF,Hamburger SV,23,1993,1,1,65,0.7,0,0,0,0,0,0,1,0,0.00,0.00,0.00,0.00,0.00
Mario Götze,de GER,FW MF,Dortmund,24,1992,11,9,760,08.avr,1,2,3,1,0,0,1,0,0.12,0.24,0.36,0.12,0.36
Jeffrey Gouweleeuw,nl NED,DF,Augsburg,25,1991,18,18,1 548,17.févr,2,1,3,2,0,0,4,0,0.12,0.06,0.17,0.12,0.17
Michael Gregoritsch,at AUT,FW MF,Hamburger SV,22,1994,30,14,1 305,14.mai,5,1,6,5,0,0,4,0,0.34,0.07,0.41,0.34,0.41
Vincenzo Grifo,it ITA,FW MF,Freiburg,23,1993,30,27,2 492,27.juil,6,7,13,5,1,1,1,0,0.22,0.25,0.47,0.18,0.43
Player,Nation,Pos,Squad,Age,Born,MP,Starts,Min,90s,Gls,Ast,G+A,G-PK,PK,PKatt,CrdY,CrdR,Gls,Ast,G+A,G-PK,G+A-PK
Florian Grillitsch,at AUT,DF MF,Werder Bremen,20,1995,23,21,1 712,19.0,2,0,2,2,0,0,4,0,0.11,0.00,0.11,0.11,0.11
Pascal Groß,de GER,DF FW,Ingolstadt 04,25,1991,33,31,2 72,30.2,5,3,8,2,3,3,5,0,0.17,0.10,0.26,0.07,0.17
Karim Guédé,sk SVK,MF,Freiburg,31,1985,5,3,184,2.0,0,0,0,0,0,0,0,0,0.00,0.00,0.00,0.00,0.00
Raphaël Guerreiro,pt POR,DF MF,Dortmund,22,1993,24,17,1 481,16.mai,6,4,10,6,0,0,0,0,0.36,0.24,0.61,0.36,0.61
Josuha Guilavogui,fr FRA,DF MF,Wolfsburg,25,1990,19,17,1 541,17.janv,0,0,0,0,0,0,6,0,0.00,0.00,0.00,0.00,0.00
Serhou Guirassy,gn GUI,FW,Köln,20,1996,6,0,85,0.9,0,0,0,0,0,0,2,0,0.00,0.00,0.00,0.00,0.00
Péter Gulácsi,hu HUN,GK,RB Leipzig,26,1990,33,33,2 97,33.0,0,0,0,0,0,0,1,0,0.00,0.00,0.00,0.00,0.00
Manuel Gulde,de GER,DF,Freiburg,25,1991,20,19,1 684,18.juil,0,0,0,0,0,0,2,0,0.00,0.00,0.00,0.00,0.00
Christian Günter,de GER,DF MF,Freiburg,23,1993,31,30,2 696,30.0,0,2,2,0,0,0,4,1,0.00,0.07,0.07,0.00,0.07
Julian Günther-Schmidt,de GER,FW MF,Augsburg,21,1994,4,0,46,0.5,0,0,0,0,0,0,0,0,0.00,0.00,0.00,0.00,0.00
Luiz Gustavo,br BRA,DF MF,Wolfsburg,29,1987,27,26,2 344,26.0,0,0,0,0,0,0,8,1,0.00,0.00,0.00,0.00,0.00
Leon Guwara,gm GAM,DF,Darmstadt 98,20,1996,17,11,1 103,12.mars,0,0,0,0,0,0,3,1,0.00,0.00,0.00,0.00,0.00
Janik Haberer,de GER,FW MF,Freiburg,22,1994,32,22,1 952,21.juil,3,4,7,3,0,0,7,0,0.14,0.18,0.32,0.14,0.32
Alexander Hack,de GER,DF,Mainz 05,22,1993,15,13,1 296,14.avr,0,1,1,0,0,0,0,0,0.00,0.07,0.07,0.00,0.07
Florent Hadergjonaj,xk KVX,DF MF,Ingolstadt 04,22,1994,25,25,2 221,24.juil,1,2,3,1,0,0,6,0,0.04,0.08,0.12,0.04,0.12
André Hahn,de GER,FW MF,Gladbach,25,1990,30,18,1 602,17.août,3,1,4,3,0,1,3,0,0.17,0.06,0.22,0.17,0.22
Izet Hajrović,ba BIH,MF,Werder Bremen,24,1991,10,6,562,06.févr,1,0,1,1,0,0,1,0,0.16,0.00,0.16,0.16,0.16
Alen Halilović,hr CRO,FW MF,Hamburger SV,20,1996,6,1,142,01.juin,0,0,0,0,0,0,0,0,0.00,0.00,0.00,0.00,0.00
Marcel Halstenberg,de GER,DF MF,RB Leipzig,24,1991,30,30,2 657,29.mai,0,2,2,0,0,0,4,0,0.00,0.07,0.07,0.00,0.07
Hendrik Hansen,de GER,DF,Wolfsburg,21,1994,1,0,84,0.9,0,0,0,0,0,0,0,0,0.00,0.00,0.00,0.00,0.00
Martin Hansen,dk DEN,GK,Ingolstadt 04,26,1990,23,23,2 037,22.juin,0,0,0,0,0,0,1,0,0.00,0.00,0.00,0.00,0.00
Genki Haraguchi,jp JPN,FW MF,Hertha BSC,25,1991,31,23,2 049,22.août,1,2,3,1,0,0,4,0,0.04,0.09,0.13,0.04,0.13
Marcel Hartel,de GER,FW MF,Köln,20,1996,2,0,93,1.0,0,0,0,0,0,0,0,0,0.00,0.00,0.00,0.00,0.00
Moritz Hartmann,de GER,FW,Ingolstadt 04,30,1986,14,12,942,10.mai,1,0,1,1,0,1,0,0,0.10,0.00,0.10,0.10,0.10
Makoto Hasebe,jp JPN,DF MF,Eint Frankfurt,32,1984,22,21,1 887,21.0,1,1,2,0,1,2,2,0,0.05,0.05,0.10,0.00,0.05
Player,Nation,Pos,Squad,Age,Born,MP,Starts,Min,90s,Gls,Ast,G+A,G-PK,PK,PKatt,CrdY,CrdR,Gls,Ast,G+A,G-PK,G+A-PK
Kai Havertz,de GER,FW MF,Leverkusen,17,1999,24,15,1 453,16.janv,4,4,8,4,0,0,2,0,0.25,0.25,0.50,0.25,0.50
Thorgan Hazard,be BEL,FW MF,Gladbach,23,1993,23,18,1 628,18.janv,6,4,10,6,0,1,3,0,0.33,0.22,0.55,0.33,0.55
Jonas Hector,de GER,DF MF,Köln,26,1990,33,33,2 97,33.0,1,2,3,1,0,0,6,0,0.03,0.06,0.09,0.03,0.09
Michael Hector,jm JAM,DF MF,Eint Frankfurt,24,1992,22,14,1 361,15.janv,1,0,1,1,0,0,4,1,0.07,0.00,0.07,0.07,0.07
Jens Hegeler,de GER,DF MF,Hertha BSC,28,1988,6,2,210,02.mars,0,0,0,0,0,0,0,0,0.00,0.00,0.00,0.00,0.00
Dominique Heintz,de GER,DF,Köln,22,1993,32,30,2 754,30.juin,0,0,0,0,0,0,7,0,0.00,0.00,0.00,0.00,0.00
Marcel Heller,de GER,FW MF,Darmstadt 98,30,1986,32,31,2 716,30.2,3,3,6,3,0,0,2,0,0.10,0.10,0.20,0.10,0.20
Benjamin Henrichs,de GER,DF MF,Leverkusen,19,1997,29,27,2 427,27.0,0,2,2,0,0,0,1,0,0.00,0.07,0.07,0.00,0.07
Bruno Henrique,br BRA,FW MF,Wolfsburg,25,1990,7,1,183,2.0,0,0,0,0,0,0,0,0,0.00,0.00,0.00,0.00,0.00
Javier Hernández,mx MEX,FW,Leverkusen,28,1988,26,20,1 813,20.janv,11,2,13,11,0,2,1,0,0.55,0.10,0.65,0.55,0.65
Patrick Herrmann,de GER,FW MF,Gladbach,25,1991,18,9,696,07.juil,1,1,2,1,0,0,1,0,0.13,0.13,0.26,0.13,0.26
Daniel Heuer Fernandes,pt POR,GK,Darmstadt 98,23,1992,7,6,576,06.avr,0,0,0,0,0,0,0,0,0.00,0.00,0.00,0.00,0.00
Roberto Hilbert,de GER,DF MF,Leverkusen,31,1984,7,7,585,06.mai,0,0,0,0,0,0,2,0,0.00,0.00,0.00,0.00,0.00
Martin Hinteregger,at AUT,DF MF,Augsburg,23,1992,31,31,2 773,30.août,3,0,3,3,0,0,5,0,0.10,0.00,0.10,0.10,0.10
Lukas Hinterseer,at AUT,FW MF,Ingolstadt 04,25,1991,28,8,967,10.juil,3,1,4,1,2,2,2,0,0.28,0.09,0.37,0.09,0.19
Marwin Hitz,ch SUI,GK,Augsburg,28,1987,32,32,2 88,32.0,0,0,0,0,0,0,4,0,0.00,0.00,0.00,0.00,0.00
Nicolas Höfler,de GER,MF,Freiburg,26,1990,28,26,2 366,26.mars,1,1,2,1,0,0,7,0,0.04,0.04,0.08,0.04,0.08
Jonas Hofmann,de GER,FW MF,Gladbach,24,1992,21,16,1 38,15.mars,0,1,1,0,0,0,0,0,0.00,0.07,0.07,0.00,0.07
Marco Höger,de GER,DF MF,Köln,26,1989,30,24,2 058,22.sept,0,1,1,0,0,0,7,0,0.00,0.04,0.04,0.00,0.04
Immanuel Höhn,de GER,DF,Darmstadt 98,24,1991,12,12,1 068,11.sept,0,0,0,0,0,0,3,0,0.00,0.00,0.00,0.00,0.00
Fabian Holland,de GER,DF MF,Darmstadt 98,26,1990,26,25,2 255,25.janv,0,0,0,0,0,0,2,0,0.00,0.00,0.00,0.00,0.00
Lewis Holtby,de GER,MF,Hamburger SV,25,1990,29,29,2 413,26.août,1,6,7,1,0,0,4,1,0.04,0.22,0.26,0.04,0.26
Gerrit Holtmann,ph PHI,FW MF,Mainz 05,21,1995,5,1,128,01.avr,0,1,1,0,0,0,0,0,0.00,0.70,0.70,0.00,0.70
Jannes Horn,de GER,DF MF,Wolfsburg,19,1997,13,10,976,10.août,0,1,1,0,0,0,2,0,0.00,0.09,0.09,0.00,0.09
Timo Horn,de GER,GK,Köln,23,1993,20,20,1 8,20.0,0,0,0,0,0,0,0,0,0.00,0.00,0.00,0.00,0.00
Player,Nation,Pos,Squad,Age,Born,MP,Starts,Min,90s,Gls,Ast,G+A,G-PK,PK,PKatt,CrdY,CrdR,Gls,Ast,G+A,G-PK,G+A-PK
Benedikt Höwedes,de GER,DF,Schalke 04,28,1988,31,31,2 79,31.0,1,1,2,1,0,0,7,0,0.03,0.03,0.06,0.03,0.06
Lukáš Hrádecký,fi FIN,GK,Eint Frankfurt,26,1989,33,33,2 883,32.0,0,0,0,0,0,0,2,1,0.00,0.00,0.00,0.00,0.00
Branimir Hrgota,se SWE,FW MF,Eint Frankfurt,23,1993,28,22,1 735,19.mars,5,1,6,5,0,0,2,0,0.26,0.05,0.31,0.26,0.31
Benjamin Hübner,de GER,DF,Hoffenheim,27,1989,25,25,2 143,23.août,2,3,5,2,0,0,10,0,0.08,0.13,0.21,0.08,0.21
Mats Hummels,de GER,DF,Bayern Munich,27,1988,27,24,2 181,24.févr,1,1,2,1,0,0,4,0,0.04,0.04,0.08,0.04,0.08
Aaron Hunt,de GER,FW MF,Hamburger SV,29,1986,22,14,1 302,14.mai,4,2,6,4,0,1,3,0,0.28,0.14,0.41,0.28,0.41
Klaas-Jan Huntelaar,nl NED,FW,Schalke 04,32,1983,16,7,758,08.avr,2,0,2,2,0,0,1,0,0.24,0.00,0.24,0.24,0.24
Szabolcs Huszti,hu HUN,MF,Eint Frankfurt,33,1983,15,14,1 039,11.mai,2,2,4,2,0,0,5,1,0.17,0.17,0.35,0.17,0.35
Jannik Huth,de GER,GK,Mainz 05,22,1994,7,7,630,7.0,0,0,0,0,0,0,0,0,0.00,0.00,0.00,0.00,0.00
Vedad Ibišević,ba BIH,FW,Hertha BSC,31,1984,32,32,2 709,30.janv,12,4,16,9,3,3,9,1,0.40,0.13,0.53,0.30,0.43
Aleksandar Ignjovski,rs SRB,DF MF,Freiburg,25,1991,19,12,1 053,11.juil,0,0,0,0,0,0,2,0,0.00,0.00,0.00,0.00,0.00
Stefan Ilsanker,at AUT,DF MF,RB Leipzig,27,1989,33,29,2 648,29.avr,0,0,0,0,0,0,8,0,0.00,0.00,0.00,0.00,0.00
Koo Ja-cheol,kr KOR,MF,Augsburg,27,1989,23,22,1 809,20.janv,2,3,5,2,0,0,8,1,0.10,0.15,0.25,0.10,0.25
Vasilije Janjicic,ch SUI,MF,Hamburger SV,17,1998,4,2,176,2.0,0,0,0,0,0,0,0,0,0.00,0.00,0.00,0.00,0.00
Christoph Janker,de GER,DF,Augsburg,31,1985,15,12,1 088,12.janv,0,0,0,0,0,0,4,0,0.00,0.00,0.00,0.00,0.00
Tony Jantschke,de GER,DF MF,Gladbach,26,1990,22,17,1 488,16.mai,0,0,0,0,0,0,3,0,0.00,0.00,0.00,0.00,0.00
Rune Jarstein,no NOR,GK,Hertha BSC,31,1984,34,34,3 06,34.0,0,0,0,0,0,0,1,0,0.00,0.00,0.00,0.00,0.00
Bakery Jatta,gm GAM,FW MF,Hamburger SV,18,1998,6,1,183,2.0,0,0,0,0,0,0,0,0,0.00,0.00,0.00,0.00,0.00
Tin Jedvaj,hr CRO,DF,Leverkusen,20,1995,18,16,1 422,15.août,1,0,1,1,0,0,4,1,0.06,0.00,0.06,0.06,0.06
Aron Jóhannsson,us USA,FW MF,Werder Bremen,25,1990,9,2,269,3.0,1,1,2,0,1,1,1,1,0.33,0.33,0.67,0.00,0.33
Fabian Johnson,us USA,DF MF,Gladbach,28,1987,21,12,1 252,13.sept,3,2,5,3,0,0,1,0,0.22,0.14,0.36,0.22,0.36
Miloš Jojić,rs SRB,MF,Köln,24,1992,19,13,1 085,12.janv,4,3,7,4,0,0,2,0,0.33,0.25,0.58,0.33,0.58
Park Joo-ho,kr KOR,DF MF,Dortmund,29,1987,2,1,65,0.7,0,0,0,0,0,0,0,0,0.00,0.00,0.00,0.00,0.00
Anthony Jung,de GER,DF MF,Ingolstadt 04,24,1991,16,8,704,07.août,1,1,2,1,0,0,1,0,0.13,0.13,0.26,0.13,0.26
Gideon Jung,de GER,DF MF,Hamburger SV,21,1994,29,26,2 371,26.mars,0,0,0,0,0,0,3,0,0.00,0.00,0.00,0.00,0.00
Player,Nation,Pos,Squad,Age,Born,MP,Starts,Min,90s,Gls,Ast,G+A,G-PK,PK,PKatt,CrdY,CrdR,Gls,Ast,G+A,G-PK,G+A-PK
Sebastian Jung,de GER,DF,Wolfsburg,26,1990,4,4,293,03.mars,0,0,0,0,0,0,0,0,0.00,0.00,0.00,0.00,0.00
Florian Jungwirth,de GER,DF MF,Darmstadt 98,27,1989,16,12,1 146,12.juil,0,0,0,0,0,0,2,0,0.00,0.00,0.00,0.00,0.00
Zlatko Junuzović,at AUT,FW MF,Werder Bremen,28,1987,30,28,2 494,27.juil,4,7,11,4,0,0,5,0,0.14,0.25,0.40,0.14,0.40
Gojko Kačar,rs SRB,DF MF,Augsburg,29,1987,22,11,1 097,12.févr,0,1,1,0,0,0,1,0,0.00,0.08,0.08,0.00,0.08
Julius Kade,de GER,MF,Hertha BSC,17,1999,1,0,10,0.1,0,0,0,0,0,0,0,0,0.00,0.00,0.00,0.00,0.00
Pavel Kadeřábek,cz CZE,DF FW,Hoffenheim,24,1992,23,22,1 974,21.sept,0,2,2,0,0,0,2,0,0.00,0.09,0.09,0.00,0.09
Shinji Kagawa,jp JPN,FW MF,Dortmund,27,1989,21,13,1 261,14.0,1,5,6,1,0,0,3,0,0.07,0.36,0.43,0.07,0.43
Florian Kainz,at AUT,FW MF,Werder Bremen,23,1992,14,1,311,03.mai,2,3,5,2,0,0,0,0,0.58,0.87,janv.45,0.58,janv.45
Dominik Kaiser,de GER,MF,RB Leipzig,27,1988,25,7,961,10.juil,1,0,1,1,0,0,2,0,0.09,0.00,0.09,0.09,0.09
Salomon Kalou,ci CIV,FW MF,Hertha BSC,30,1985,26,25,1 982,22.0,7,4,11,6,1,1,1,0,0.32,0.18,0.50,0.27,0.45
Wilson Kamavuaka,cd COD,DF MF,Darmstadt 98,26,1990,8,6,502,05.juin,0,0,0,0,0,0,2,0,0.00,0.00,0.00,0.00,0.00
Kevin Kampl,si SVN,MF,Leverkusen,25,1990,30,28,2 54,28.févr,1,2,3,1,0,0,4,0,0.04,0.07,0.11,0.04,0.11
Thilo Kehrer,de GER,DF,Schalke 04,19,1996,16,12,1 08,12.0,1,1,2,1,0,0,3,1,0.08,0.08,0.17,0.08,0.17
Naby Keïta,gn GUI,MF,RB Leipzig,21,1995,31,29,2 409,26.août,8,6,14,8,0,0,8,0,0.30,0.22,0.52,0.30,0.52
Marc-Oliver Kempf,de GER,DF,Freiburg,21,1995,13,12,1 147,12.juil,0,0,0,0,0,0,2,0,0.00,0.00,0.00,0.00,0.00
Thomas Kessler,de GER,GK,Köln,30,1986,13,13,1 17,13.0,0,0,0,0,0,0,1,0,0.00,0.00,0.00,0.00,0.00
Rani Khedira,de GER,DF MF,RB Leipzig,22,1994,10,1,163,01.août,0,0,0,0,0,0,0,0,0.00,0.00,0.00,0.00,0.00
Stefan Kießling,de GER,FW MF,Leverkusen,32,1984,20,6,756,08.avr,4,1,5,3,1,1,0,0,0.48,0.12,0.60,0.36,0.48
Joshua Kimmich,de GER,DF MF,Bayern Munich,21,1995,27,15,1 547,17.févr,6,1,7,6,0,0,1,0,0.35,0.06,0.41,0.35,0.41
Sonny Kittel,de GER,FW MF,Ingolstadt 04,23,1993,20,7,794,08.août,2,1,3,2,0,0,2,0,0.23,0.11,0.34,0.23,0.34
László Kleinheisler,hu HUN,MF,Darmstadt 98,22,1994,12,10,776,08.juin,1,0,1,1,0,0,0,0,0.12,0.00,0.12,0.12,0.12
Lukas Klostermann,de GER,DF MF,RB Leipzig,20,1996,1,1,90,1.0,0,0,0,0,0,0,1,0,0.00,0.00,0.00,0.00,0.00
Lukas Klünter,de GER,DF MF,Köln,20,1996,8,8,720,8.0,1,1,2,1,0,0,4,0,0.12,0.12,0.25,0.12,0.25
Robin Knoche,de GER,DF,Wolfsburg,24,1992,23,21,1 87,20.août,1,1,2,1,0,0,2,0,0.05,0.05,0.10,0.05,0.10
Dominik Kohr,de GER,DF MF,Augsburg,22,1994,26,21,1 964,21.août,2,0,2,2,0,0,14,1,0.09,0.00,0.09,0.09,0.09
Player,Nation,Pos,Squad,Age,Born,MP,Starts,Min,90s,Gls,Ast,G+A,G-PK,PK,PKatt,CrdY,CrdR,Gls,Ast,G+A,G-PK,G+A-PK
Sead Kolašinac,ba BIH,DF MF,Schalke 04,23,1993,25,24,2 065,22.sept,3,5,8,3,0,0,5,0,0.13,0.22,0.35,0.13,0.35
Timothée Kolodziejczak,fr FRA,DF,Gladbach,24,1991,1,0,9,0.1,0,0,0,0,0,0,0,0,0.00,0.00,0.00,0.00,0.00
Yevhen Konoplyanka,ua UKR,FW MF,Schalke 04,26,1989,17,5,609,06.août,1,1,2,1,0,0,1,0,0.15,0.15,0.30,0.15,0.30
Julian Korb,de GER,DF MF,Gladbach,24,1992,12,7,758,08.avr,0,0,0,0,0,0,0,0,0.00,0.00,0.00,0.00,0.00
Filip Kostić,rs SRB,DF FW,Hamburger SV,23,1992,31,29,2 518,28.0,4,3,7,4,0,0,6,0,0.14,0.11,0.25,0.14,0.25
Andrej Kramarić,hr CRO,FW MF,Hoffenheim,25,1991,34,28,2 364,26.mars,15,8,23,10,5,5,1,0,0.57,0.30,0.88,0.38,0.69
Christoph Kramer,de GER,MF,Gladbach,25,1991,24,23,1 962,21.août,0,0,0,0,0,0,7,1,0.00,0.00,0.00,0.00,0.00
Bojan Krkić,es ESP,FW MF,Mainz 05,25,1990,11,8,628,7.0,1,0,1,1,0,0,1,0,0.14,0.00,0.14,0.14,0.14
Max Kruse,de GER,FW MF,Werder Bremen,28,1988,23,23,2 043,22.juil,15,7,22,11,4,4,1,0,0.66,0.31,0.97,0.48,0.79
Lukas Kübler,de GER,DF MF,Freiburg,23,1992,16,14,1 153,12.août,0,0,0,0,0,0,1,0,0.00,0.00,0.00,0.00,0.00
Sinan Kurt,,FW MF,Hertha BSC,20,1996,2,0,6,0.1,0,0,0,0,0,0,0,0,0.00,0.00,0.00,0.00,0.00
Philipp Lahm,de GER,DF MF,Bayern Munich,32,1983,26,24,2 085,23.févr,1,2,3,1,0,0,1,0,0.04,0.09,0.13,0.04,0.13
Sebastian Langkamp,de GER,DF,Hertha BSC,28,1988,27,26,2 31,25.juil,0,0,0,0,0,0,5,0,0.00,0.00,0.00,0.00,0.00
Pierre-Michel Lasogga,de GER,FW,Hamburger SV,24,1991,20,5,549,06.janv,1,0,1,1,0,0,2,0,0.16,0.00,0.16,0.16,0.16
Danny Latza,de GER,MF,Mainz 05,26,1989,21,18,1 576,17.mai,4,1,5,4,0,0,6,0,0.23,0.06,0.29,0.23,0.29
Mathew Leckie,au AUS,FW MF,Ingolstadt 04,25,1991,30,25,2 084,23.févr,0,2,2,0,0,0,4,2,0.00,0.09,0.09,0.00,0.09
Matthias Lehmann,de GER,MF,Köln,33,1983,21,21,1 82,20.févr,0,2,2,0,0,0,7,0,0.00,0.10,0.10,0.00,0.10
Robert Leipertz,de GER,FW MF,Ingolstadt 04,23,1993,6,0,34,0.4,0,0,0,0,0,0,0,0,0.00,0.00,0.00,0.00,0.00
Moritz Leitner,de GER,MF,Augsburg,23,1992,6,2,240,02.juil,0,0,0,0,0,0,0,0,0.00,0.00,0.00,0.00,0.00
Bernd Leno,de GER,GK,Leverkusen,24,1992,34,34,3 06,34.0,0,0,0,0,0,0,0,0,0.00,0.00,0.00,0.00,0.00
Tobias Levels,de GER,DF,Ingolstadt 04,29,1986,10,8,721,8.0,0,0,0,0,0,0,3,1,0.00,0.00,0.00,0.00,0.00
Robert Lewandowski,pl POL,FW,Bayern Munich,27,1988,33,31,2 775,30.août,30,5,35,25,5,5,5,0,0.97,0.16,janv.14,0.81,0.97
Stefan Lex,de GER,FW MF,Ingolstadt 04,26,1989,13,2,333,03.juil,0,0,0,0,0,0,3,0,0.00,0.00,0.00,0.00,0.00
Dario Lezcano,py PAR,FW MF,Ingolstadt 04,26,1990,33,27,2 507,27.sept,6,3,9,6,0,1,4,0,0.22,0.11,0.32,0.22,0.32
Heinz Lindner,at AUT,GK,Eint Frankfurt,26,1990,2,1,175,01.sept,0,0,0,0,0,0,0,0,0.00,0.00,0.00,0.00,0.00
Player,Nation,Pos,Squad,Age,Born,MP,Starts,Min,90s,Gls,Ast,G+A,G-PK,PK,PKatt,CrdY,CrdR,Gls,Ast,G+A,G-PK,G+A-PK
Jonas Lössl,dk DEN,GK,Mainz 05,27,1989,27,27,2 43,27.0,0,0,0,0,0,0,0,0,0.00,0.00,0.00,0.00,0.00
Fabian Lustenberger,ch SUI,DF MF,Hertha BSC,28,1988,19,17,1 5,16.juil,0,1,1,0,0,0,1,0,0.00,0.06,0.06,0.00,0.06
Andreas Luthe,de GER,GK,Augsburg,29,1987,2,2,180,2.0,0,0,0,0,0,0,0,0,0.00,0.00,0.00,0.00,0.00
Arne Maier,de GER,MF,Hertha BSC,17,1999,1,0,1,0.0,0,0,0,0,0,0,0,0,0.00,0.00,0.00,0.00,0.00
Yunus Mallı,tr TUR,FW MF,Wolfsburg,24,1992,16,13,1 175,13.janv,1,1,2,1,0,0,1,0,0.08,0.08,0.15,0.08,0.15
Yunus Mallı,tr TUR,FW MF,Mainz 05,24,1992,16,15,1 376,15.mars,6,6,12,3,3,3,0,0,0.39,0.39,0.78,0.20,0.59
Ousman Manneh,gm GAM,FW,Werder Bremen,19,1997,6,6,486,05.avr,1,0,1,1,0,0,2,0,0.19,0.00,0.19,0.19,0.19
Dominic Maroh,si SVN,DF,Köln,29,1987,12,8,645,07.févr,0,0,0,0,0,0,3,0,0.00,0.00,0.00,0.00,0.00
Javi Martínez,es ESP,DF MF,Bayern Munich,27,1988,25,25,2 131,23.juil,1,1,2,1,0,0,5,0,0.04,0.04,0.08,0.04,0.08
Omar Mascarell,gq EQG,MF,Eint Frankfurt,23,1993,28,27,2 45,27.févr,0,0,0,0,0,0,13,0,0.00,0.00,0.00,0.00,0.00
Christian Mathenia,de GER,GK,Hamburger SV,24,1992,14,14,1 26,14.0,0,0,0,0,0,0,1,0,0.00,0.00,0.00,0.00,0.00
Marvin Matip,cm CMR,DF MF,Ingolstadt 04,30,1985,33,33,2 969,33.0,0,0,0,0,0,0,5,0,0.00,0.00,0.00,0.00,0.00
Mërgim Mavraj,al ALB,DF,Hamburger SV,30,1986,14,14,1 26,14.0,0,0,0,0,0,0,3,0,0.00,0.00,0.00,0.00,0.00
Mërgim Mavraj,al ALB,DF,Köln,30,1986,16,16,1 44,16.0,0,0,0,0,0,0,2,0,0.00,0.00,0.00,0.00,0.00
Philipp Max,de GER,DF MF,Augsburg,22,1993,25,20,1 813,20.janv,1,2,3,1,0,0,4,0,0.05,0.10,0.15,0.05,0.15
Eric Maxim Choupo-Moting,cm CMR,FW MF,Schalke 04,27,1989,23,19,1 686,18.juil,3,4,7,2,1,2,1,0,0.16,0.21,0.37,0.11,0.32
Borja Mayoral,es ESP,FW,Wolfsburg,19,1997,19,3,388,04.mars,2,0,2,2,0,0,1,0,0.46,0.00,0.46,0.46,0.46
Weston McKennie,us USA,DF MF,Schalke 04,17,1998,1,0,13,0.1,0,0,0,0,0,0,0,0,0.00,0.00,0.00,0.00,0.00
Jonas Meffert,de GER,MF,Freiburg,21,1994,1,1,57,0.6,0,0,0,0,0,0,0,0,0.00,0.00,0.00,0.00,0.00
Admir Mehmedi,ch SUI,FW MF,Leverkusen,25,1991,22,16,1 258,14.0,3,1,4,3,0,0,1,0,0.21,0.07,0.29,0.21,0.29
Alexander Meier,de GER,FW MF,Eint Frankfurt,33,1983,21,15,1 393,15.mai,5,2,7,5,0,2,1,0,0.32,0.13,0.45,0.32,0.45
Mikel Merino,es ESP,MF,Dortmund,20,1996,8,2,298,03.mars,0,0,0,0,0,0,1,0,0.00,0.00,0.00,0.00,0.00
Max Meyer,de GER,FW MF,Schalke 04,20,1995,27,18,1 666,18.mai,1,1,2,1,0,0,4,0,0.05,0.05,0.11,0.05,0.11
Tom Mickel,de GER,GK,Hamburger SV,27,1989,1,1,90,1.0,0,0,0,0,0,0,0,0,0.00,0.00,0.00,0.00,0.00
Alexander Milošević,se SWE,DF MF,Darmstadt 98,24,1992,18,18,1 597,17.juil,0,0,0,0,0,0,4,0,0.00,0.00,0.00,0.00,0.00
Player,Nation,Pos,Squad,Age,Born,MP,Starts,Min,90s,Gls,Ast,G+A,G-PK,PK,PKatt,CrdY,CrdR,Gls,Ast,G+A,G-PK,G+A-PK
Maximilian Mittelstädt,de GER,DF MF,Hertha BSC,19,1997,12,5,466,05.févr,0,1,1,0,0,0,5,1,0.00,0.19,0.19,0.00,0.19
Filip Mladenović,rs SRB,DF MF,Köln,24,1991,2,0,11,0.1,0,0,0,0,0,0,0,0,0.00,0.00,0.00,0.00,0.00
Justin Möbius,de GER,MF,Wolfsburg,19,1997,2,0,48,0.5,0,0,0,0,0,0,0,0,0.00,0.00,0.00,0.00,0.00
Anthony Modeste,fr FRA,FW,Köln,28,1988,34,34,2 971,33.0,25,2,27,22,3,4,3,0,0.76,0.06,0.82,0.67,0.73
Niklas Moisander,fi FIN,DF,Werder Bremen,30,1985,30,29,2 655,29.mai,0,1,1,0,0,0,5,0,0.00,0.03,0.03,0.00,0.03
Emre Mor,tr TUR,MF,Dortmund,19,1997,12,5,478,05.mars,1,1,2,1,0,0,0,1,0.19,0.19,0.38,0.19,0.38
Alfredo Morales,us USA,DF MF,Ingolstadt 04,26,1990,27,20,1 71,19.0,1,0,1,1,0,0,6,1,0.05,0.00,0.05,0.05,0.05
Jan Morávek,cz CZE,FW MF,Augsburg,26,1989,13,10,690,07.juil,0,0,0,0,0,0,2,0,0.00,0.00,0.00,0.00,0.00
Nicolai Müller,de GER,FW MF,Hamburger SV,28,1987,25,22,1 896,21.janv,5,6,11,5,0,0,4,0,0.24,0.28,0.52,0.24,0.52
Sven Müller,de GER,GK,Köln,20,1996,1,1,90,1.0,0,0,0,0,0,0,0,0,0.00,0.00,0.00,0.00,0.00
Thomas Müller,de GER,FW MF,Bayern Munich,26,1989,29,25,2 263,25.janv,5,12,17,5,0,0,0,0,0.20,0.48,0.68,0.20,0.68
Maurice Multhaup,de GER,MF,Ingolstadt 04,19,1996,1,0,8,0.1,0,0,0,0,0,0,0,0,0.00,0.00,0.00,0.00,0.00
Yoshinori Mutō,jp JPN,FW MF,Mainz 05,24,1992,19,10,1 023,11.avr,5,0,5,5,0,0,3,0,0.44,0.00,0.44,0.44,0.44
Mats Møller Dæhli,no NOR,FW MF,Freiburg,21,1995,2,0,25,0.3,0,0,0,0,0,0,0,0,0.00,0.00,0.00,0.00,0.00
Naldo,br BRA,DF,Schalke 04,33,1982,19,19,1 624,18.0,1,0,1,1,0,0,1,1,0.06,0.00,0.06,0.06,0.06
Matija Nastasić,rs SRB,DF,Schalke 04,23,1993,22,21,1 922,21.avr,0,0,0,0,0,0,6,0,0.00,0.00,0.00,0.00,0.00
Manuel Neuer,de GER,GK,Bayern Munich,30,1986,26,26,2 34,26.0,0,0,0,0,0,0,0,0,0.00,0.00,0.00,0.00,0.00
Florian Niederlechner,de GER,FW MF,Freiburg,25,1990,34,29,2 41,26.août,11,3,14,8,3,3,4,0,0.41,0.11,0.52,0.30,0.41
Georg Niedermeier,de GER,DF,Freiburg,30,1986,6,0,95,01.janv,0,0,0,0,0,0,0,0,0.00,0.00,0.00,0.00,0.00
Håvard Nielsen,no NOR,FW MF,Freiburg,23,1993,4,0,28,0.3,0,1,1,0,0,0,0,0,0.00,mars.21,mars.21,0.00,mars.21
Peter Niemeyer,de GER,DF MF,Darmstadt 98,32,1983,15,13,1 108,12.mars,0,0,0,0,0,0,7,2,0.00,0.00,0.00,0.00,0.00
Paul-Georges Ntep,cm CMR,FW MF,Wolfsburg,24,1992,10,5,548,06.janv,0,2,2,0,0,0,0,0,0.00,0.33,0.33,0.00,0.33
Ørjan Nyland,no NOR,GK,Ingolstadt 04,25,1990,12,11,1 023,11.avr,0,0,0,0,0,0,0,0,0.00,0.00,0.00,0.00,0.00
Victor Obinna,ng NGA,FW,Darmstadt 98,29,1987,2,0,38,0.4,0,0,0,0,0,0,0,0,0.00,0.00,0.00,0.00,0.00
Philipp Ochs,de GER,FW MF,Hoffenheim,19,1997,3,2,145,01.juin,0,0,0,0,0,0,1,0,0.00,0.00,0.00,0.00,0.00
Player,Nation,Pos,Squad,Age,Born,MP,Starts,Min,90s,Gls,Ast,G+A,G-PK,PK,PKatt,CrdY,CrdR,Gls,Ast,G+A,G-PK,G+A-PK
Bastian Oczipka,de GER,DF FW,Eint Frankfurt,27,1989,33,33,2 95,32.8,1,4,5,1,0,0,5,0,0.03,0.12,0.15,0.03,0.15
Denys Oliynyk,ua UKR,FW MF,Darmstadt 98,29,1987,4,0,50,0.6,1,0,1,1,0,0,0,0,janv.80,0.00,janv.80,janv.80,janv.80
Paweł Olkowski,pl POL,DF MF,Köln,26,1990,14,12,1 107,12.mars,0,1,1,0,0,0,2,0,0.00,0.08,0.08,0.00,0.08
Karim Onisiwo,at AUT,FW MF,Mainz 05,24,1992,16,10,913,10.janv,1,0,1,1,0,0,4,0,0.10,0.00,0.10,0.10,0.10
Willi Orban,hu HUN,DF,RB Leipzig,23,1992,28,28,2 518,28.0,3,1,4,3,0,0,9,1,0.11,0.04,0.14,0.11,0.14
Anderson Ordóñez,ec ECU,DF,Eint Frankfurt,22,1994,4,3,183,2.0,0,0,0,0,0,0,0,0,0.00,0.00,0.00,0.00,0.00
Yuya Osako,jp JPN,FW MF,Köln,26,1990,30,27,2 367,26.mars,7,6,13,7,0,0,4,0,0.27,0.23,0.49,0.27,0.49
Victor Osimhen,ng NGA,FW,Wolfsburg,17,1998,2,0,47,0.5,0,0,0,0,0,0,1,0,0.00,0.00,0.00,0.00,0.00
Matthias Ostrzolek,de GER,DF MF,Hamburger SV,26,1990,24,23,1 992,22.janv,1,1,2,1,0,0,4,0,0.05,0.05,0.09,0.05,0.09
Salih Özcan,tr TUR,MF,Köln,18,1998,13,3,372,04.janv,0,1,1,0,0,0,2,1,0.00,0.24,0.24,0.00,0.24
Levin Öztunalı,de GER,FW MF,Mainz 05,20,1996,30,23,1 966,21.août,5,5,10,5,0,0,1,0,0.23,0.23,0.46,0.23,0.46
Federico Palacios Martínez,de GER,FW MF,RB Leipzig,21,1995,2,0,56,0.6,0,0,0,0,0,0,0,0,0.00,0.00,0.00,0.00,0.00
Kyriakos Papadopoulos,gr GRE,DF MF,Hamburger SV,24,1992,15,15,1 29,14.mars,2,0,2,2,0,0,6,0,0.14,0.00,0.14,0.14,0.14
Kyriakos Papadopoulos,gr GRE,DF MF,RB Leipzig,24,1992,1,0,28,0.3,0,0,0,0,0,0,0,0,0.00,0.00,0.00,0.00,0.00
Sokratis Papastathopoulos,gr GRE,DF,Dortmund,28,1988,26,26,2 297,25.mai,2,0,2,2,0,0,7,0,0.08,0.00,0.08,0.08,0.08
Felix Passlack,de GER,DF MF,Dortmund,18,1998,10,6,534,05.sept,0,0,0,0,0,0,1,0,0.00,0.00,0.00,0.00,0.00
Peter Pekarík,sk SVK,DF,Hertha BSC,29,1986,31,30,2 71,30.janv,1,1,2,1,0,0,3,0,0.03,0.03,0.07,0.03,0.07
Nils Petersen,de GER,FW,Freiburg,27,1988,33,7,1 251,13.sept,10,4,14,8,2,3,0,0,0.72,0.29,01.janv,0.58,0.86
Thanos Petsos,gr GRE,DF MF,Werder Bremen,25,1991,3,2,144,01.juin,0,0,0,0,0,0,2,0,0.00,0.00,0.00,0.00,0.00
Maximilian Philipp,de GER,FW MF,Freiburg,22,1994,25,23,1 929,21.avr,9,2,11,9,0,1,5,0,0.42,0.09,0.51,0.42,0.51
Łukasz Piszczek,pl POL,DF MF,Dortmund,31,1985,25,23,2 038,22.juin,5,2,7,5,0,0,1,0,0.22,0.09,0.31,0.22,0.31
Claudio Pizarro,pe PER,FW,Werder Bremen,37,1978,19,10,854,09.mai,1,1,2,1,0,0,1,0,0.11,0.11,0.21,0.11,0.21
Felix Platte,de GER,FW,Darmstadt 98,20,1996,9,6,467,05.févr,2,1,3,2,0,0,1,0,0.39,0.19,0.58,0.39,0.58
Marvin Plattenhardt,de GER,DF MF,Hertha BSC,24,1992,27,27,2 43,27.0,3,3,6,3,0,0,3,0,0.11,0.11,0.22,0.11,0.22
Joel Pohjanpalo,fi FIN,FW,Leverkusen,21,1994,11,1,191,02.janv,6,0,6,6,0,0,0,0,févr.83,0.00,févr.83,févr.83,févr.83
Player,Nation,Pos,Squad,Age,Born,MP,Starts,Min,90s,Gls,Ast,G+A,G-PK,PK,PKatt,CrdY,CrdR,Gls,Ast,G+A,G-PK,G+A-PK
Eugen Polanski,pl POL,MF,Hoffenheim,30,1986,14,7,634,7.0,0,0,0,0,0,0,1,0,0.00,0.00,0.00,0.00,0.00
Finn Porath,de GER,MF,Hamburger SV,19,1997,1,0,1,0.0,0,0,0,0,0,0,0,0,0.00,0.00,0.00,0.00,0.00
Yussuf Poulsen,dk DEN,FW MF,RB Leipzig,22,1994,29,25,2 084,23.févr,5,4,9,5,0,0,4,0,0.22,0.17,0.39,0.22,0.39
Christian Pulisic,us USA,FW MF,Dortmund,17,1998,29,15,1 525,16.sept,3,7,10,3,0,0,1,0,0.18,0.41,0.59,0.18,0.59
Robin Quaison,se SWE,FW MF,Mainz 05,22,1993,11,6,482,05.avr,1,0,1,1,0,0,0,0,0.19,0.00,0.19,0.19,0.19
Raffael,br BRA,FW MF,Gladbach,31,1985,20,18,1 497,16.juin,7,0,7,6,1,1,1,0,0.42,0.00,0.42,0.36,0.36
Rafinha,br BRA,DF,Bayern Munich,30,1985,20,10,1 029,11.avr,1,1,2,1,0,0,2,0,0.09,0.09,0.17,0.09,0.17
Baba Rahman,gh GHA,DF MF,Schalke 04,22,1994,13,7,712,07.sept,0,1,1,0,0,0,2,0,0.00,0.13,0.13,0.00,0.13
André Ramalho,br BRA,DF,Mainz 05,24,1992,18,12,1 135,12.juin,0,0,0,0,0,0,4,0,0.00,0.00,0.00,0.00,0.00
Adrián Ramos,co COL,FW,Dortmund,30,1986,7,4,357,4.0,2,0,2,2,0,0,2,0,0.50,0.00,0.50,0.50,0.50
Konstantin Rausch,ru RUS,DF MF,Köln,26,1990,28,23,1 932,21.mai,0,1,1,0,0,0,4,0,0.00,0.05,0.05,0.00,0.05
Ante Rebić,hr CRO,FW MF,Eint Frankfurt,22,1993,24,16,1 405,15.juin,2,2,4,2,0,0,10,0,0.13,0.13,0.26,0.13,0.26
Fabian Reese,de GER,FW MF,Schalke 04,18,1997,3,1,74,0.8,0,0,0,0,0,0,0,0,0.00,0.00,0.00,0.00,0.00
Marco Reus,de GER,FW MF,Dortmund,27,1989,17,16,1 18,13.janv,7,3,10,5,2,2,3,1,0.53,0.23,0.76,0.38,0.61
Franck Ribéry,fr FRA,FW MF,Bayern Munich,33,1983,22,14,1 239,13.août,5,11,16,5,0,0,2,0,0.36,0.80,janv.16,0.36,janv.16
Tim Rieder,de GER,DF MF,Augsburg,22,1993,5,2,216,02.avr,0,0,0,0,0,0,0,0,0.00,0.00,0.00,0.00,0.00
Sascha Riether,de GER,DF MF,Schalke 04,33,1983,5,3,286,03.févr,0,0,0,0,0,0,0,0,0.00,0.00,0.00,0.00,0.00
Marcel Risse,de GER,DF FW,Köln,26,1989,13,13,1 102,12.févr,2,4,6,2,0,0,1,0,0.16,0.33,0.49,0.16,0.49
Arjen Robben,nl NED,FW MF,Bayern Munich,32,1984,26,21,1 825,20.mars,13,9,22,13,0,0,0,0,0.64,0.44,01.août,0.64,01.août
Sebastian Rode,de GER,MF,Dortmund,25,1990,14,5,581,06.mai,1,0,1,1,0,0,0,0,0.15,0.00,0.15,0.15,0.15
José Rodríguez,es ESP,MF,Mainz 05,21,1994,2,0,6,0.1,0,0,0,0,0,0,0,1,0.00,0.00,0.00,0.00,0.00
Ricardo Rodríguez,ch SUI,DF MF,Wolfsburg,23,1992,24,23,2 018,22.avr,2,3,5,1,1,1,1,0,0.09,0.13,0.22,0.04,0.18
Roger,br BRA,MF,Ingolstadt 04,30,1985,30,26,2 281,25.mars,1,0,1,1,0,0,6,0,0.04,0.00,0.04,0.04,0.04
Jan Rosenthal,de GER,FW MF,Darmstadt 98,30,1986,19,10,840,09.mars,0,0,0,0,0,0,3,0,0.00,0.00,0.00,0.00,0.00
Artjoms Rudņevs,lv LVA,FW,Köln,28,1988,18,6,692,07.juil,3,2,5,3,0,0,3,0,0.39,0.26,0.65,0.39,0.65
Player,Nation,Pos,Squad,Age,Born,MP,Starts,Min,90s,Gls,Ast,G+A,G-PK,PK,PKatt,CrdY,CrdR,Gls,Ast,G+A,G-PK,G+A-PK
Sebastian Rudy,de GER,MF,Hoffenheim,26,1990,32,32,2 786,31.0,2,6,8,2,0,0,9,0,0.06,0.19,0.26,0.06,0.26
Lukas Rupp,de GER,MF,Hoffenheim,25,1991,14,8,792,08.août,2,0,2,2,0,0,2,0,0.23,0.00,0.23,0.23,0.23
Marco Russ,de GER,DF MF,Eint Frankfurt,30,1985,4,3,242,02.juil,0,0,0,0,0,0,1,0,0.00,0.00,0.00,0.00,0.00
Marcel Sabitzer,at AUT,FW MF,RB Leipzig,22,1994,32,31,2 593,28.août,8,4,12,8,0,0,3,0,0.28,0.14,0.42,0.28,0.42
Nuri Şahin,tr TUR,MF,Dortmund,27,1988,5,4,230,02.juin,0,0,0,0,0,0,1,0,0.00,0.00,0.00,0.00,0.00
Gōtoku Sakai,jp JPN,DF MF,Hamburger SV,25,1991,33,29,2 696,30.0,1,2,3,1,0,0,7,0,0.03,0.07,0.10,0.03,0.10
Sidney Sam,de GER,FW MF,Darmstadt 98,28,1988,13,11,884,09.août,2,1,3,0,2,2,1,0,0.20,0.10,0.31,0.00,0.10
Jairo Samperio,es ESP,FW MF,Mainz 05,23,1993,17,11,942,10.mai,2,1,3,0,2,2,5,0,0.19,0.10,0.29,0.00,0.10
Renato Sanches,pt POR,MF,Bayern Munich,18,1997,17,6,621,06.sept,0,0,0,0,0,0,3,0,0.00,0.00,0.00,0.00,0.00
Lamine Sané,sn SEN,DF MF,Werder Bremen,29,1987,27,27,2 36,26.févr,1,1,2,1,0,0,3,0,0.04,0.04,0.08,0.04,0.08
Douglas Santos,br BRA,DF MF,Hamburger SV,22,1994,20,19,1 713,19.0,0,0,0,0,0,0,4,0,0.00,0.00,0.00,0.00,0.00
Marcel Schäfer,de GER,DF MF,Wolfsburg,32,1984,4,2,109,01.févr,0,0,0,0,0,0,1,0,0.00,0.00,0.00,0.00,0.00
Fabian Schär,ch SUI,DF,Hoffenheim,24,1991,6,3,284,03.févr,0,0,0,0,0,0,2,0,0.00,0.00,0.00,0.00,0.00
Julian Schieber,de GER,FW,Hertha BSC,27,1989,18,2,438,04.sept,3,1,4,3,0,0,3,0,0.62,0.21,0.82,0.62,0.82
Sven Schipplock,de GER,FW,Darmstadt 98,27,1988,23,12,1 108,12.mars,2,1,3,2,0,0,3,0,0.16,0.08,0.24,0.16,0.24
Marcel Schmelzer,de GER,DF,Dortmund,28,1988,26,25,2 188,24.mars,0,2,2,0,0,0,3,0,0.00,0.08,0.08,0.00,0.08
Jonathan Schmid,fr FRA,DF MF,Augsburg,26,1990,25,20,1 729,19.févr,1,3,4,1,0,0,1,0,0.05,0.16,0.21,0.05,0.21
Niklas Schmidt,de GER,FW MF,Werder Bremen,18,1998,1,0,15,0.2,0,1,1,0,0,0,0,0,0.00,6.00,6.00,0.00,6.00
Benno Schmitz,de GER,DF,RB Leipzig,21,1994,16,11,990,11.0,0,2,2,0,0,0,2,0,0.00,0.18,0.18,0.00,0.18
Alessandro Schöpf,at AUT,MF,Schalke 04,22,1994,28,22,2 04,22.juil,6,2,8,6,0,0,4,0,0.26,0.09,0.35,0.26,0.35
Nico Schulz,de GER,DF FW,Gladbach,23,1993,12,4,417,04.juin,1,2,3,1,0,0,1,0,0.22,0.43,0.65,0.22,0.65
André Schürrle,de GER,FW MF,Dortmund,25,1990,15,8,748,08.mars,2,2,4,1,1,1,3,0,0.24,0.24,0.48,0.12,0.36
Julian Schuster,de GER,MF,Freiburg,31,1985,13,9,846,09.avr,0,0,0,0,0,0,3,0,0.00,0.00,0.00,0.00,0.00
Pirmin Schwegler,ch SUI,MF,Hoffenheim,29,1987,10,2,396,04.avr,0,1,1,0,0,0,1,0,0.00,0.23,0.23,0.00,0.23
Alexander Schwolow,de GER,GK,Freiburg,24,1992,34,34,3 06,34.0,0,0,0,0,0,0,1,0,0.00,0.00,0.00,0.00,0.00
Player,Nation,Pos,Squad,Age,Born,MP,Starts,Min,90s,Gls,Ast,G+A,G-PK,PK,PKatt,CrdY,CrdR,Gls,Ast,G+A,G-PK,G+A-PK
Haris Seferović,ch SUI,FW,Eint Frankfurt,24,1992,25,11,1 069,11.sept,3,1,4,3,0,0,1,1,0.25,0.08,0.34,0.25,0.34
Paul Seguin,de GER,DF MF,Wolfsburg,21,1995,22,15,1 323,14.juil,1,1,2,1,0,0,5,1,0.07,0.07,0.14,0.07,0.14
Davie Selke,de GER,FW,RB Leipzig,21,1995,21,2,453,5.0,4,1,5,4,0,0,4,0,0.79,0.20,0.99,0.79,0.99
Suat Serdar,de GER,MF,Mainz 05,19,1997,8,4,330,03.juil,0,0,0,0,0,0,1,0,0.00,0.00,0.00,0.00,0.00
Aaron Seydel,de GER,FW,Mainz 05,20,1996,6,1,176,2.0,1,0,1,1,0,0,0,0,0.51,0.00,0.51,0.51,0.51
Ba-Muaka Simakala,cg CGO,FW,Gladbach,19,1997,1,0,11,0.1,0,0,0,0,0,0,0,0,0.00,0.00,0.00,0.00,0.00
Sandro Sirigu,de GER,DF,Darmstadt 98,27,1988,30,17,1 814,20.févr,2,2,4,2,0,0,6,1,0.10,0.10,0.20,0.10,0.20
Yann Sommer,ch SUI,GK,Gladbach,27,1988,34,34,3 06,34.0,0,0,0,0,0,0,1,0,0.00,0.00,0.00,0.00,0.00
Djibril Sow,ch SUI,MF,Gladbach,19,1997,1,0,1,0.0,0,0,0,0,0,0,0,0,0.00,0.00,0.00,0.00,0.00
Çağlar Söyüncü,tr TUR,DF,Freiburg,20,1996,24,24,2 07,23.0,0,1,1,0,0,0,4,0,0.00,0.04,0.04,0.00,0.04
Emir Spahić,ba BIH,DF,Hamburger SV,35,1980,11,9,777,08.juin,0,0,0,0,0,0,3,0,0.00,0.00,0.00,0.00,0.00
Kostas Stafylidis,gr GRE,DF MF,Augsburg,22,1993,27,26,2 24,24.sept,4,0,4,4,0,0,6,0,0.16,0.00,0.16,0.16,0.16
Benjamin Stambouli,fr FRA,DF MF,Schalke 04,25,1990,23,15,1 297,14.avr,0,0,0,0,0,0,3,1,0.00,0.00,0.00,0.00,0.00
Niklas Stark,de GER,DF MF,Hertha BSC,21,1995,27,27,2 349,26.janv,1,0,1,1,0,0,6,0,0.04,0.00,0.04,0.04,0.04
Tom Starke,de GER,GK,Bayern Munich,35,1981,3,3,270,3.0,0,0,0,0,0,0,0,0,0.00,0.00,0.00,0.00,0.00
Markus Steinhöfer,de GER,DF MF,Darmstadt 98,30,1986,7,3,323,03.juin,0,1,1,0,0,0,0,0,0.00,0.28,0.28,0.00,0.28
Marc Stendera,de GER,MF,Eint Frankfurt,20,1995,2,2,129,01.avr,0,0,0,0,0,0,0,0,0.00,0.00,0.00,0.00,0.00
Pascal Stenzel,de GER,DF MF,Freiburg,20,1996,19,14,1 306,14.mai,1,1,2,1,0,0,3,0,0.07,0.07,0.14,0.07,0.14
Janek Sternberg,de GER,DF MF,Werder Bremen,23,1992,2,0,73,0.8,0,0,0,0,0,0,1,0,0.00,0.00,0.00,0.00,0.00
Lars Stindl,de GER,FW MF,Gladbach,27,1988,30,29,2 589,28.août,11,3,14,11,0,1,8,0,0.38,0.10,0.49,0.38,0.49
Valentin Stocker,ch SUI,MF,Hertha BSC,27,1989,17,14,1 157,12.sept,4,1,5,4,0,0,1,1,0.31,0.08,0.39,0.31,0.39
Tobias Strobl,de GER,DF MF,Gladbach,26,1990,23,18,1 565,17.avr,0,1,1,0,0,0,8,1,0.00,0.06,0.06,0.00,0.06
Dominik Stroh-Engel,de GER,FW,Darmstadt 98,30,1985,4,0,46,0.5,0,0,0,0,0,0,0,0,0.00,0.00,0.00,0.00,0.00
Neven Subotić,rs SRB,DF,Köln,27,1988,12,9,890,09.sept,0,0,0,0,0,0,1,0,0.00,0.00,0.00,0.00,0.00
Niklas Süle,de GER,DF,Hoffenheim,20,1995,33,33,2 885,32.1,2,2,4,2,0,0,4,0,0.06,0.06,0.12,0.06,0.12
Player,Nation,Pos,Squad,Age,Born,MP,Starts,Min,90s,Gls,Ast,G+A,G-PK,PK,PKatt,CrdY,CrdR,Gls,Ast,G+A,G-PK,G+A-PK
Aytaç Sulu,,DF,Darmstadt 98,30,1985,27,27,2 43,27.0,2,0,2,2,0,0,7,0,0.07,0.00,0.07,0.07,0.07
Markus Suttner,at AUT,DF MF,Ingolstadt 04,29,1987,31,31,2 732,30.avr,4,5,9,4,0,0,10,0,0.13,0.16,0.30,0.13,0.30
Ádám Szalai,hu HUN,FW,Hoffenheim,28,1987,22,7,782,08.juil,8,1,9,8,0,0,2,0,0.92,0.12,01.avr,0.92,01.avr
Frederik Sørensen,dk DEN,DF,Köln,24,1992,31,30,2 679,29.août,0,2,2,0,0,0,5,0,0.00,0.07,0.07,0.00,0.07
Jonathan Tah,de GER,DF,Leverkusen,20,1996,19,16,1 64,18.févr,1,1,2,1,0,0,1,0,0.05,0.05,0.11,0.05,0.11
Shani Tarashaj,ch SUI,FW MF,Eint Frankfurt,21,1995,13,1,333,03.juil,1,0,1,1,0,0,1,0,0.27,0.00,0.27,0.27,0.27
Taleb Tawatha,il ISR,DF,Eint Frankfurt,24,1992,14,8,693,07.juil,0,0,0,0,0,0,0,0,0.00,0.00,0.00,0.00,0.00
Georg Teigl,at AUT,DF MF,Augsburg,25,1991,18,4,667,07.avr,0,1,1,0,0,0,1,0,0.00,0.13,0.13,0.00,0.13
Bernard Tekpetey,gh GHA,FW MF,Schalke 04,18,1997,2,0,5,0.1,0,0,0,0,0,0,1,0,0.00,0.00,0.00,0.00,0.00
Marco Terrazzino,de GER,FW MF,Hoffenheim,25,1991,9,4,364,4.0,1,2,3,1,0,0,0,0,0.25,0.49,0.74,0.25,0.74
Lennart Thy,de GER,FW,Werder Bremen,24,1992,6,0,90,1.0,1,0,1,1,0,0,0,0,1.00,0.00,1.00,1.00,1.00
Marcel Tisserand,cd COD,DF,Ingolstadt 04,23,1993,28,27,2 388,26.mai,0,1,1,0,0,0,9,0,0.00,0.04,0.04,0.00,0.04
Jeremy Toljan,de GER,DF MF,Hoffenheim,21,1994,20,14,1 318,14.juin,1,1,2,1,0,0,1,0,0.07,0.07,0.14,0.07,0.14
Ömer Toprak,tr TUR,DF,Leverkusen,27,1989,25,25,2 098,23.mars,1,0,1,1,0,1,6,0,0.04,0.00,0.04,0.04,0.04
Marc Torrejón,es ESP,DF,Freiburg,30,1986,12,10,932,10.avr,0,0,0,0,0,0,1,0,0.00,0.00,0.00,0.00,0.00
Jordan Torunarigha,de GER,DF,Hertha BSC,18,1997,8,5,484,05.avr,1,0,1,1,0,0,1,0,0.19,0.00,0.19,0.19,0.19
Ibrahima Traoré,gn GUI,MF,Gladbach,28,1988,14,9,839,09.mars,1,3,4,1,0,0,0,0,0.11,0.32,0.43,0.11,0.43
Christian Träsch,de GER,DF MF,Wolfsburg,28,1987,11,7,697,07.juil,0,1,1,0,0,0,0,0,0.00,0.13,0.13,0.00,0.13
Sven Ulreich,de GER,GK,Bayern Munich,27,1988,5,5,450,5.0,0,0,0,0,0,0,0,0,0.00,0.00,0.00,0.00,0.00
Dayot Upamecano,fr FRA,DF,RB Leipzig,17,1998,12,8,667,07.avr,0,0,0,0,0,0,3,0,0.00,0.00,0.00,0.00,0.00
Takashi Usami,jp JPN,FW MF,Augsburg,24,1992,11,5,437,04.sept,0,0,0,0,0,0,0,0,0.00,0.00,0.00,0.00,0.00
Mark Uth,de GER,FW MF,Hoffenheim,24,1991,22,12,1 153,12.août,7,3,10,7,0,0,4,0,0.55,0.23,0.78,0.55,0.78
Jesús Vallejo,es ESP,DF,Eint Frankfurt,19,1997,25,22,2 057,22.sept,1,0,1,1,0,0,4,0,0.04,0.00,0.04,0.04,0.04
Guillermo Varela,uy URU,DF,Eint Frankfurt,23,1993,7,6,428,04.août,0,0,0,0,0,0,1,0,0.00,0.00,0.00,0.00,0.00
Eduardo Vargas,cl CHI,FW MF,Hoffenheim,26,1989,5,0,101,01.janv,0,0,0,0,0,0,1,0,0.00,0.00,0.00,0.00,0.00
Player,Nation,Pos,Squad,Age,Born,MP,Starts,Min,90s,Gls,Ast,G+A,G-PK,PK,PKatt,CrdY,CrdR,Gls,Ast,G+A,G-PK,G+A-PK
Miloš Veljković,rs SRB,DF,Werder Bremen,20,1995,26,20,1 813,20.janv,0,0,0,0,0,0,5,0,0.00,0.00,0.00,0.00,0.00
Paul Verhaegh,nl NED,DF,Augsburg,32,1983,31,31,2 762,30.juil,3,2,5,0,3,4,4,0,0.10,0.07,0.16,0.00,0.07
Jannik Vestergaard,dk DEN,DF,Gladbach,23,1992,34,29,2 66,29.juin,4,1,5,4,0,0,1,0,0.14,0.03,0.17,0.14,0.17
Arturo Vidal,cl CHI,MF,Bayern Munich,29,1987,27,21,1 821,20.févr,4,2,6,4,0,0,8,0,0.20,0.10,0.30,0.20,0.30
Vieirinha,pt POR,DF FW,Wolfsburg,30,1986,21,13,1 214,13.mai,0,0,0,0,0,0,3,0,0.00,0.00,0.00,0.00,0.00
Kevin Vogt,de GER,DF MF,Hoffenheim,24,1991,31,30,2 595,28.août,0,0,0,0,0,0,6,0,0.00,0.00,0.00,0.00,0.00
Kevin Volland,de GER,FW MF,Leverkusen,24,1992,23,16,1 473,16.avr,6,2,8,5,1,1,3,1,0.37,0.12,0.49,0.31,0.43
Mario Vrančić,ba BIH,MF,Darmstadt 98,27,1989,23,18,1 537,17.janv,4,2,6,3,1,1,3,1,0.23,0.12,0.35,0.18,0.29
Sandro Wagner,de GER,FW,Hoffenheim,28,1987,31,30,2 597,28.sept,11,2,13,11,0,0,3,1,0.38,0.07,0.45,0.38,0.45
Walace,br BRA,MF,Hamburger SV,21,1995,9,9,718,8.0,1,0,1,1,0,0,2,0,0.13,0.00,0.13,0.13,0.13
Luca Waldschmidt,de GER,FW MF,Hamburger SV,20,1996,14,3,357,4.0,1,1,2,1,0,0,0,0,0.25,0.25,0.50,0.25,0.50
Roman Weidenfeller,de GER,GK,Dortmund,35,1980,7,7,630,7.0,0,0,0,0,0,0,0,0,0.00,0.00,0.00,0.00,0.00
Julian Weigl,de GER,DF MF,Dortmund,20,1995,30,27,2 414,26.août,0,0,0,0,0,0,2,0,0.00,0.00,0.00,0.00,0.00
Mitchell Weiser,de GER,DF FW,Hertha BSC,22,1994,17,12,1 126,12.mai,2,4,6,2,0,0,2,0,0.16,0.32,0.48,0.16,0.48
Wendell,br BRA,DF MF,Leverkusen,23,1993,32,27,2 525,28.janv,2,2,4,2,0,0,10,1,0.07,0.07,0.14,0.07,0.14
Oscar Wendt,se SWE,DF MF,Gladbach,30,1985,28,28,2 459,27.mars,2,2,4,2,0,0,3,0,0.07,0.07,0.15,0.07,0.15
Timo Werner,de GER,FW MF,RB Leipzig,20,1996,31,28,2 416,26.août,21,5,26,19,2,2,4,0,0.78,0.19,0.97,0.71,0.89
Felix Wiedwald,de GER,GK,Werder Bremen,26,1990,25,24,2 209,24.mai,0,0,0,0,0,0,2,0,0.00,0.00,0.00,0.00,0.00
Marius Wolf,de GER,DF FW,Eint Frankfurt,21,1995,3,2,167,01.sept,0,0,0,0,0,0,1,0,0.00,0.00,0.00,0.00,0.00
Philipp Wollscheid,de GER,DF,Wolfsburg,27,1989,7,6,542,6.0,0,0,0,0,0,0,0,0,0.00,0.00,0.00,0.00,0.00
Bobby Wood,us USA,FW MF,Hamburger SV,23,1992,28,23,2 081,23.janv,5,2,7,5,0,0,1,1,0.22,0.09,0.30,0.22,0.30
Sambou Yatabaré,ml MLI,MF,Werder Bremen,27,1989,2,2,175,01.sept,0,0,0,0,0,0,0,0,0.00,0.00,0.00,0.00,0.00
Vladlen Yurchenko,ua UKR,MF,Leverkusen,22,1994,3,1,148,01.juin,0,0,0,0,0,0,0,0,0.00,0.00,0.00,0.00,0.00
Simon Zoller,de GER,FW MF,Köln,25,1991,26,8,1 034,11.mai,2,2,4,2,0,0,3,0,0.17,0.17,0.35,0.17,0.35
Steven Zuber,ch SUI,DF FW,Hoffenheim,24,1991,24,23,2 026,22.mai,4,4,8,4,0,0,2,0,0.18,0.18,0.36,0.18,0.36
