Player,Nation,Pos,Squad,Age,Born,MP,Starts,Min,90s,Gls,Ast,G+A,G-PK,PK,PKatt,CrdY,CrdR,xG,npxG,xAG,npxG+xAG,PrgC,PrgP,PrgR,Gls,Ast,G+A,G-PK,G+A-PK,xG,xAG,xG+xAG,npxG,npxG+xAG
David Abraham,ar ARG,DF,Eint Frankfurt,31,1986,27,27,2 302,25.juin,0,2,2,0,0,0,3,0,0.4,0.4,0.7,01.janv,17,103,7,0.00,0.08,0.08,0.00,0.08,0.01,0.03,0.04,0.01,0.04
Amir Abrashi,al ALB,MF,Freiburg,27,1990,12,11,850,09.avr,0,0,0,0,0,0,2,0,0.2,0.2,0.4,0.7,8,38,18,0.00,0.00,0.00,0.00,0.00,0.02,0.05,0.07,0.02,0.07
René Adler,de GER,GK,Mainz 05,32,1985,14,14,1 26,14.0,0,0,0,0,0,0,0,0,0.0,0.0,0.3,0.3,0,0,0,0.00,0.00,0.00,0.00,0.00,0.00,0.02,0.02,0.00,0.02
Ailton,br BRA,DF MF,Stuttgart,22,1995,5,1,108,01.févr,0,0,0,0,0,0,0,0,0.0,0.0,0.1,0.2,2,4,3,0.00,0.00,0.00,0.00,0.00,0.03,0.11,0.14,0.03,0.14
Manuel Akanji,ch SUI,DF,Dortmund,22,1995,11,10,904,10.0,0,0,0,0,0,0,2,0,0.2,0.2,0.1,0.3,15,47,7,0.00,0.00,0.00,0.00,0.00,0.02,0.01,0.03,0.02,0.03
Chadrac Akolo,cd COD,MF FW,Stuttgart,22,1995,22,13,1 102,12.févr,5,0,5,5,0,1,2,0,04.juil,4.0,1.0,04.sept,27,35,75,0.41,0.00,0.41,0.41,0.41,0.39,0.08,0.47,0.32,0.40
Kevin Akpoguma,ng NGA,DF,Hoffenheim,22,1995,22,17,1 69,18.août,0,1,1,0,0,0,1,0,0.2,0.2,01.avr,01.juin,23,85,8,0.00,0.05,0.05,0.00,0.05,0.01,0.07,0.09,0.01,0.09
David Alaba,at AUT,DF,Bayern Munich,25,1992,23,17,1 551,17.févr,2,2,4,2,0,0,1,0,01.mars,01.mars,02.mars,03.mai,53,110,178,0.12,0.12,0.23,0.12,0.23,0.07,0.13,0.20,0.07,0.20
Lucas Alario,ar ARG,FW,Leverkusen,24,1992,23,17,1 55,17.févr,9,4,13,8,1,2,4,1,10.mai,08.sept,01.août,10.août,16,28,111,0.52,0.23,0.75,0.46,0.70,0.61,0.11,0.72,0.52,0.63
Miiko Albornoz,cl CHI,DF MF,Hannover 96,26,1990,10,7,703,07.août,0,0,0,0,0,0,1,0,0.2,0.2,01.avr,01.juin,10,25,19,0.00,0.00,0.00,0.00,0.00,0.02,0.18,0.21,0.02,0.21
Thiago Alcántara,es ESP,MF FW,Bayern Munich,26,1991,19,12,1 247,13.sept,2,2,4,2,0,0,3,0,02.mai,02.mai,01.sept,04.avr,30,183,80,0.14,0.14,0.29,0.14,0.29,0.18,0.14,0.32,0.18,0.32
Stephan Ambrosius,gh GHA,DF,Hamburger SV,18,1998,1,1,45,0.5,0,0,0,0,0,0,0,0,0.0,0.0,0.0,0.0,1,2,0,0.00,0.00,0.00,0.00,0.00,0.00,0.00,0.00,0.00,0.00
Nadiem Amiri,de GER,MF,Hoffenheim,20,1996,28,19,1 744,19.avr,2,3,5,2,0,0,4,0,02.sept,02.sept,03.avr,06.avr,51,89,116,0.10,0.15,0.26,0.10,0.26,0.15,0.18,0.33,0.15,0.33
Waldemar Anton,de GER,DF MF,Hannover 96,21,1996,27,26,2 278,25.mars,1,0,1,1,0,0,1,0,01.août,01.août,0.0,01.août,23,101,14,0.04,0.00,0.04,0.04,0.04,0.07,0.00,0.07,0.07,0.07
Dennis Aogo,de GER,MF DF,Stuttgart,30,1987,29,22,1 954,21.juil,0,6,6,0,0,0,5,0,01.mars,01.mars,02.mars,03.juin,20,85,75,0.00,0.28,0.28,0.00,0.28,0.06,0.11,0.17,0.06,0.17
Charles Aránguiz,cl CHI,MF,Leverkusen,28,1989,27,27,2 302,25.juin,1,3,4,1,0,0,4,0,02.août,02.août,01.mars,04.janv,26,225,45,0.04,0.12,0.16,0.04,0.16,0.11,0.05,0.16,0.11,0.16
Maximilian Arnold,de GER,MF,Wolfsburg,23,1994,29,28,2 454,27.mars,2,0,2,2,0,1,9,1,02.mars,01.mai,02.sept,04.avr,29,148,44,0.07,0.00,0.07,0.07,0.07,0.08,0.11,0.19,0.05,0.16
Jann-Fiete Arp,de GER,FW MF,Hamburger SV,17,2000,18,8,850,09.avr,2,0,2,2,0,0,1,0,01.août,01.août,0.5,02.mars,9,5,58,0.21,0.00,0.21,0.21,0.21,0.19,0.05,0.24,0.19,0.24
Takuma Asano,jp JPN,FW MF,Stuttgart,22,1994,15,7,721,8.0,1,0,1,1,0,0,1,0,01.juil,01.juil,01.janv,02.août,24,17,56,0.12,0.00,0.12,0.12,0.12,0.21,0.13,0.35,0.21,0.35
Santiago Ascacíbar,ar ARG,MF,Stuttgart,20,1997,29,27,2 381,26.mai,0,1,1,0,0,0,11,1,0.4,0.4,0.7,01.janv,17,92,29,0.00,0.04,0.04,0.00,0.04,0.01,0.03,0.04,0.01,0.04
Simon Asta,de GER,MF,Augsburg,16,2001,1,0,11,0.1,0,0,0,0,0,0,0,0,0.0,0.0,0.0,0.0,0,0,2,0.00,0.00,0.00,0.00,0.00,0.00,0.00,0.00,0.00,0.00
Pierre-Emerick Aubameyang,ga GAB,FW,Dortmund,28,1989,16,16,1 416,15.juil,13,3,16,10,3,4,1,1,16.févr,13.0,02.mars,15.mars,30,26,112,0.83,0.19,01.févr,0.64,0.83,01.mars,0.15,janv.18,0.83,0.98
Jean-Kévin Augustin,fr FRA,FW,RB Leipzig,20,1997,25,14,1 266,14.janv,9,5,14,8,1,2,1,0,07.janv,05.mai,01.sept,07.avr,31,15,137,0.64,0.36,1.00,0.57,0.92,0.51,0.13,0.64,0.39,0.53
Ludwig Augustinsson,se SWE,DF FW,Werder Bremen,23,1994,29,29,2 532,28.janv,1,1,2,1,0,0,3,0,01.févr,01.févr,02.janv,03.avr,48,103,151,0.04,0.04,0.07,0.04,0.07,0.04,0.07,0.12,0.04,0.12
Yann Aurel Bisseck,de GER,DF MF,Köln,16,2000,3,1,156,01.juil,0,0,0,0,0,0,0,0,0.0,0.0,0.0,0.0,3,9,1,0.00,0.00,0.00,0.00,0.00,0.00,0.00,0.00,0.00,0.00
Player,Nation,Pos,Squad,Age,Born,MP,Starts,Min,90s,Gls,Ast,G+A,G-PK,PK,PKatt,CrdY,CrdR,xG,npxG,xAG,npxG+xAG,PrgC,PrgP,PrgR,Gls,Ast,G+A,G-PK,G+A-PK,xG,xAG,xG+xAG,npxG,npxG+xAG
Holger Badstuber,de GER,DF MF,Stuttgart,28,1989,27,24,2 173,24.janv,2,0,2,2,0,0,2,0,01.févr,01.févr,0.1,01.mars,12,47,1,0.08,0.00,0.08,0.08,0.08,0.05,0.00,0.05,0.05,0.05
Daniel Baier,de GER,MF,Augsburg,33,1984,29,29,2 538,28.févr,0,2,2,0,0,0,6,0,0.9,0.9,01.sept,02.juil,33,197,29,0.00,0.07,0.07,0.00,0.07,0.03,0.07,0.10,0.03,0.10
Leon Bailey,jm JAM,FW DF,Leverkusen,19,1997,30,25,2 215,24.juin,9,6,15,9,0,0,2,0,8.0,8.0,06.juil,14.juil,111,84,261,0.37,0.24,0.61,0.37,0.61,0.33,0.27,0.60,0.33,0.60
Marvin Bakalorz,de GER,MF,Hannover 96,27,1989,28,23,2 055,22.août,0,1,1,0,0,0,4,0,01.juil,01.juil,02.janv,03.sept,21,72,62,0.00,0.04,0.04,0.00,0.04,0.08,0.09,0.17,0.08,0.17
Ridle Baku,de GER,MF,Mainz 05,19,1998,3,3,233,02.juin,2,0,2,2,0,0,1,0,0.9,0.9,0.1,1.0,7,6,7,0.77,0.00,0.77,0.77,0.77,0.33,0.05,0.38,0.33,0.38
Leon Balogun,ng NGA,DF,Mainz 05,29,1988,14,14,1 173,13.0,0,0,0,0,0,0,5,1,0.1,0.1,0.0,0.1,4,24,1,0.00,0.00,0.00,0.00,0.00,0.01,0.00,0.01,0.01,0.01
Philipp Bargfrede,de GER,MF,Werder Bremen,28,1989,27,23,1 859,20.juil,1,1,2,1,0,0,5,0,0.6,0.6,0.8,01.avr,17,110,9,0.05,0.05,0.10,0.05,0.10,0.03,0.04,0.07,0.03,0.07
Aymen Barkok,ma MAR,FW MF,Eint Frankfurt,19,1998,9,2,314,03.mai,0,1,1,0,0,0,1,0,0.1,0.1,0.5,0.6,3,9,19,0.00,0.29,0.29,0.00,0.29,0.03,0.13,0.16,0.03,0.16
Fin Bartels,de GER,FW,Werder Bremen,30,1987,14,14,1 121,12.mai,2,3,5,2,0,0,0,0,02.janv,02.janv,03.mars,05.avr,33,42,121,0.16,0.24,0.40,0.16,0.40,0.17,0.27,0.44,0.17,0.44
Marc Bartra,es ESP,DF,Dortmund,26,1991,12,9,807,9.0,2,1,3,2,0,0,1,0,0.2,0.2,01.févr,01.avr,14,60,7,0.22,0.11,0.33,0.22,0.33,0.02,0.14,0.16,0.02,0.16
Michy Batshuayi,be BEL,FW,Dortmund,23,1993,10,9,839,09.mars,7,1,8,7,0,0,2,0,07.mars,07.mars,0.3,07.mai,5,18,50,0.75,0.11,0.86,0.75,0.86,0.78,0.03,0.81,0.78,0.81
Robert Bauer,de GER,DF FW,Werder Bremen,22,1995,16,12,956,10.juin,0,0,0,0,0,0,4,0,0.0,0.0,0.2,0.2,13,39,12,0.00,0.00,0.00,0.00,0.00,0.00,0.02,0.02,0.00,0.02
Oliver Baumann,de GER,GK,Hoffenheim,27,1990,34,34,3 06,34.0,0,0,0,0,0,0,0,0,0.0,0.0,0.0,0.0,0,2,0,0.00,0.00,0.00,0.00,0.00,0.00,0.00,0.00,0.00,0.00
Timo Baumgartl,de GER,DF,Stuttgart,21,1996,29,29,2 61,29.0,0,0,0,0,0,0,4,0,0.5,0.5,0.3,0.8,7,79,12,0.00,0.00,0.00,0.00,0.00,0.02,0.01,0.03,0.02,0.03
Julian Baumgartlinger,at AUT,MF DF,Leverkusen,29,1988,22,17,1 393,15.mai,1,0,1,1,0,0,3,0,01.févr,01.févr,0.7,01.sept,15,72,25,0.06,0.00,0.06,0.06,0.06,0.08,0.04,0.12,0.08,0.12
Noah Joel Sarenren Bazee,ng NGA,FW MF,Hannover 96,20,1996,7,0,118,01.mars,0,0,0,0,0,0,1,0,0.0,0.0,0.0,0.0,4,4,15,0.00,0.00,0.00,0.00,0.00,0.00,0.00,0.00,0.00,0.00
Riechedly Bazoer,cw CUW,MF,Wolfsburg,20,1996,13,6,592,06.juin,0,0,0,0,0,0,2,0,0.3,0.3,0.2,0.5,6,13,14,0.00,0.00,0.00,0.00,0.00,0.04,0.04,0.08,0.04,0.08
Ihlas Bebou,tg TOG,MF FW,Hannover 96,23,1994,30,20,2 14,23.août,5,2,7,5,0,0,3,0,05.févr,05.févr,05.mai,10.juil,75,86,180,0.21,0.08,0.29,0.21,0.29,0.22,0.23,0.45,0.22,0.45
Andreas Beck,de GER,DF,Stuttgart,30,1987,23,22,1 927,21.avr,1,1,2,1,0,0,5,0,0.3,0.3,01.mai,01.août,27,77,76,0.05,0.05,0.09,0.05,0.09,0.01,0.07,0.08,0.01,0.08
Ishak Belfodil,dz ALG,FW,Werder Bremen,25,1992,26,13,1 35,15.0,4,1,5,4,0,0,1,0,04.juil,04.juil,02.avr,07.janv,64,42,155,0.27,0.07,0.33,0.27,0.33,0.31,0.16,0.48,0.31,0.48
Stefan Bell,de GER,DF,Mainz 05,25,1991,25,24,2 177,24.févr,1,0,1,1,0,0,8,0,01.mars,01.mars,0.9,02.févr,13,58,13,0.04,0.00,0.04,0.04,0.04,0.05,0.04,0.09,0.05,0.09
Karim Bellarabi,de GER,MF FW,Leverkusen,27,1990,24,13,1 146,12.juil,1,3,4,1,0,0,2,0,02.sept,02.sept,04.mars,07.mars,62,51,155,0.08,0.24,0.31,0.08,0.31,0.23,0.34,0.57,0.23,0.57
Lars Bender,de GER,DF MF,Leverkusen,28,1989,21,20,1 595,17.juil,2,4,6,2,0,0,5,0,02.janv,02.janv,2.0,4.0,30,115,84,0.11,0.23,0.34,0.11,0.34,0.12,0.11,0.23,0.12,0.23
Sven Bender,de GER,DF,Leverkusen,28,1989,29,29,2 345,26.janv,2,0,2,2,0,0,0,0,01.mai,01.mai,0.2,01.juil,18,110,4,0.08,0.00,0.08,0.08,0.08,0.06,0.01,0.06,0.06,0.06
László Bénes,sk SVK,MF,Gladbach,19,1997,2,0,38,0.4,0,0,0,0,0,0,0,0,0.0,0.0,0.2,0.2,1,3,1,0.00,0.00,0.00,0.00,0.00,0.06,0.40,0.46,0.06,0.46
Player,Nation,Pos,Squad,Age,Born,MP,Starts,Min,90s,Gls,Ast,G+A,G-PK,PK,PKatt,CrdY,CrdR,xG,npxG,xAG,npxG+xAG,PrgC,PrgP,PrgR,Gls,Ast,G+A,G-PK,G+A-PK,xG,xAG,xG+xAG,npxG,npxG+xAG
Marcel Benger,de GER,MF,Gladbach,19,1998,1,0,2,0.0,0,0,0,0,0,0,0,0,0.0,0.0,0.0,0.0,0,0,0,0.00,0.00,0.00,0.00,0.00,0.00,0.00,0.00,0.00,0.00
Charlison Benschop,cw CUW,MF DF,Hannover 96,27,1989,7,2,184,2.0,1,0,1,1,0,0,0,0,0.3,0.3,0.0,0.3,4,6,11,0.49,0.00,0.49,0.49,0.49,0.15,0.02,0.17,0.15,0.17
Nabil Bentaleb,dz ALG,MF,Schalke 04,22,1994,16,12,1 011,11.févr,4,3,7,0,4,4,3,1,03.mai,0.3,0.6,1.0,9,43,9,0.36,0.27,0.62,0.00,0.27,0.31,0.06,0.37,0.03,0.09
Emil Berggreen,dk DEN,FW,Mainz 05,24,1993,14,6,669,07.avr,4,2,6,4,0,0,2,0,2.0,2.0,0.9,02.août,0,11,41,0.54,0.27,0.81,0.54,0.81,0.26,0.12,0.38,0.26,0.38
Bernardo,br BRA,DF,RB Leipzig,22,1995,18,15,1 35,15.0,1,1,2,1,0,0,2,0,0.6,0.6,0.7,01.févr,31,71,57,0.07,0.07,0.13,0.07,0.13,0.04,0.04,0.08,0.04,0.08
Juan Bernat,es ESP,DF FW,Bayern Munich,24,1993,11,11,888,09.sept,0,2,2,0,0,0,1,0,0.3,0.3,01.mai,01.août,24,42,102,0.00,0.20,0.20,0.00,0.20,0.03,0.15,0.18,0.03,0.18
Ermin Bičakčić,ba BIH,DF,Hoffenheim,27,1990,9,7,548,06.janv,0,0,0,0,0,0,4,0,0.5,0.5,0.0,0.5,5,18,1,0.00,0.00,0.00,0.00,0.00,0.08,0.01,0.08,0.08,0.08
Leonardo Bittencourt,de GER,MF FW,Köln,23,1993,22,17,1 613,17.sept,5,3,8,5,0,0,4,0,03.févr,03.févr,02.mars,05.mai,64,69,170,0.28,0.17,0.45,0.28,0.45,0.18,0.13,0.31,0.18,0.31
Pablo de Blasis,ar ARG,FW MF,Mainz 05,29,1988,25,20,1 652,18.avr,5,2,7,2,3,3,2,0,03.juil,01.avr,02.janv,03.mai,24,68,132,0.27,0.11,0.38,0.11,0.22,0.20,0.11,0.32,0.07,0.19
Danny Blum,de GER,MF DF,Eint Frankfurt,26,1991,2,0,29,0.3,1,0,1,1,0,0,0,0,0.5,0.5,0.0,0.5,0,1,1,03.oct,0.00,03.oct,03.oct,03.oct,janv.65,0.00,janv.65,janv.65,janv.65
Jérôme Boateng,de GER,DF,Bayern Munich,28,1988,19,19,1 64,18.févr,1,2,3,1,0,0,4,0,01.janv,01.janv,01.juil,02.août,12,127,4,0.05,0.11,0.16,0.05,0.16,0.06,0.09,0.15,0.06,0.15
Kevin-Prince Boateng,gh GHA,MF FW,Eint Frankfurt,30,1987,31,27,2 357,26.févr,6,1,7,6,0,0,4,0,04.juil,04.juil,01.avr,06.janv,29,143,107,0.23,0.04,0.27,0.23,0.27,0.18,0.05,0.23,0.18,0.23
Raúl Bobadilla,py PAR,FW MF,Gladbach,30,1987,13,5,449,5.0,0,0,0,0,0,0,2,0,01.sept,01.sept,0.4,02.mars,8,6,54,0.00,0.00,0.00,0.00,0.00,0.39,0.08,0.47,0.39,0.47
Julian Brandt,de GER,FW MF,Leverkusen,21,1996,34,26,2 326,25.août,9,3,12,9,0,0,0,0,05.févr,05.févr,05.sept,11.janv,91,112,260,0.35,0.12,0.46,0.35,0.46,0.20,0.23,0.43,0.20,0.43
Josip Brekalo,hr CRO,FW,Wolfsburg,19,1998,13,10,869,09.juil,3,2,5,3,0,0,2,0,01.juil,01.juin,01.févr,02.août,31,32,72,0.31,0.21,0.52,0.31,0.52,0.18,0.14,0.31,0.17,0.31
Josip Brekalo,hr CRO,MF FW,Stuttgart,19,1998,14,7,726,08.janv,1,1,2,1,0,0,1,0,01.janv,01.janv,01.févr,02.févr,29,21,62,0.12,0.12,0.25,0.12,0.25,0.13,0.15,0.28,0.13,0.28
John Brooks,us USA,DF,Wolfsburg,24,1993,9,9,727,08.janv,0,0,0,0,0,0,1,0,0.1,0.1,0.0,0.1,0,9,0,0.00,0.00,0.00,0.00,0.00,0.01,0.00,0.01,0.01,0.01
Daniel Brosinski,de GER,DF FW,Mainz 05,29,1988,29,28,2 5,27.août,1,5,6,0,1,1,0,0,2.0,01.mars,03.avr,04.juin,63,126,143,0.04,0.18,0.22,0.00,0.18,0.07,0.12,0.19,0.05,0.17
Bruma,pt POR,MF FW,RB Leipzig,22,1994,28,16,1 611,17.sept,4,2,6,4,0,0,0,0,02.févr,02.févr,03.janv,05.avr,120,90,145,0.22,0.11,0.34,0.22,0.34,0.13,0.18,0.30,0.13,0.30
Jeffrey Bruma,nl NED,DF,Wolfsburg,25,1991,11,11,990,11.0,0,0,0,0,0,0,1,0,0.2,0.2,0.1,0.2,3,28,1,0.00,0.00,0.00,0.00,0.00,0.01,0.01,0.02,0.01,0.02
Jacob Bruun Larsen,dk DEN,MF DF,Stuttgart,18,1998,4,1,107,01.févr,0,0,0,0,0,0,0,0,0.0,0.0,0.0,0.0,2,1,5,0.00,0.00,0.00,0.00,0.00,0.00,0.00,0.00,0.00,0.00
Jacob Bruun Larsen,dk DEN,DF,Dortmund,18,1998,1,0,7,0.1,0,0,0,0,0,0,0,0,0.0,0.0,0.0,0.0,0,0,0,0.00,0.00,0.00,0.00,0.00,0.00,0.00,0.00,0.00,0.00
Onur Bulut,tr TUR,FW,Freiburg,23,1994,1,0,39,0.4,0,0,0,0,0,0,0,0,0.0,0.0,0.1,0.1,0,1,2,0.00,0.00,0.00,0.00,0.00,0.00,0.18,0.18,0.00,0.18
Guido Burgstaller,at AUT,FW,Schalke 04,28,1989,32,24,2 324,25.août,11,4,15,11,0,0,8,0,09.févr,09.févr,03.avr,12.juin,53,56,208,0.43,0.15,0.58,0.43,0.58,0.36,0.13,0.49,0.36,0.49
Roman Bürki,ch SUI,GK,Dortmund,26,1990,33,33,2 969,33.0,0,0,0,0,0,0,4,0,0.0,0.0,0.0,0.0,0,5,0,0.00,0.00,0.00,0.00,0.00,0.00,0.00,0.00,0.00,0.00
Player,Nation,Pos,Squad,Age,Born,MP,Starts,Min,90s,Gls,Ast,G+A,G-PK,PK,PKatt,CrdY,CrdR,xG,npxG,xAG,npxG+xAG,PrgC,PrgP,PrgR,Gls,Ast,G+A,G-PK,G+A-PK,xG,xAG,xG+xAG,npxG,npxG+xAG
Dženis Burnić,ba BIH,MF,Stuttgart,19,1998,6,3,305,03.avr,0,0,0,0,0,0,3,1,0.3,0.3,0.3,0.5,8,17,12,0.00,0.00,0.00,0.00,0.00,0.08,0.08,0.16,0.08,0.16
Jakub Błaszczykowski,pl POL,FW MF,Wolfsburg,31,1985,9,6,520,05.août,1,0,1,1,0,0,0,0,0.1,0.1,0.4,0.6,10,25,55,0.17,0.00,0.17,0.17,0.17,0.02,0.08,0.10,0.02,0.10
Caiuby,br BRA,FW,Augsburg,29,1988,33,32,2 855,31.juil,5,7,12,5,0,0,8,0,05.janv,05.janv,4.0,09.janv,66,84,141,0.16,0.22,0.38,0.16,0.38,0.16,0.13,0.29,0.16,0.29
Luca Caldirola,it ITA,DF,Werder Bremen,26,1991,1,1,90,1.0,0,0,0,0,0,0,0,0,0.0,0.0,0.0,0.0,0,0,0,0.00,0.00,0.00,0.00,0.00,0.00,0.00,0.00,0.00,0.00
Daniel Caligiuri,it ITA,DF MF,Schalke 04,29,1988,33,32,2 917,32.4,6,10,16,3,3,3,4,0,04.mars,01.sept,05.mai,07.avr,116,143,148,0.19,0.31,0.49,0.09,0.40,0.13,0.17,0.30,0.06,0.23
Ignacio Camacho,es ESP,MF DF,Wolfsburg,27,1990,11,11,951,10.juin,0,0,0,0,0,0,1,0,0.2,0.2,0.5,0.8,1,47,5,0.00,0.00,0.00,0.00,0.00,0.02,0.05,0.07,0.02,0.07
Koen Casteels,be BEL,GK,Wolfsburg,25,1992,34,34,3 06,34.0,0,0,0,0,0,0,1,0,0.0,0.0,0.0,0.0,0,0,0,0.00,0.00,0.00,0.00,0.00,0.00,0.00,0.00,0.00,0.00
Gonzalo Castro,de GER,MF,Dortmund,30,1987,19,16,1 206,13.avr,0,2,2,0,0,0,3,0,01.févr,01.févr,3.0,04.févr,17,97,47,0.00,0.15,0.15,0.00,0.15,0.09,0.22,0.31,0.09,0.31
Marijan Ćavar,ba BIH,MF,Eint Frankfurt,19,1998,1,0,32,0.4,0,0,0,0,0,0,0,0,0.0,0.0,0.0,0.0,0,1,1,0.00,0.00,0.00,0.00,0.00,0.08,0.00,0.08,0.08,0.08
Timothy Chandler,us USA,DF FW,Eint Frankfurt,27,1990,24,22,1 892,21.0,2,4,6,2,0,0,3,0,01.juin,01.juin,02.juin,04.févr,47,78,122,0.10,0.19,0.29,0.10,0.29,0.08,0.12,0.20,0.08,0.20
Per Ciljan Skjelbred,no NOR,MF,Hertha BSC,30,1987,28,24,2 183,24.mars,0,0,0,0,0,0,2,0,0.2,0.2,0.8,1.0,14,100,21,0.00,0.00,0.00,0.00,0.00,0.01,0.03,0.04,0.01,0.04
Christian Clemens,de GER,MF FW,Köln,25,1991,14,6,646,07.févr,1,0,1,1,0,0,2,0,01.mai,01.mai,01.juin,03.janv,14,20,36,0.14,0.00,0.14,0.14,0.14,0.21,0.22,0.43,0.21,0.43
Coke,es ESP,MF,Schalke 04,30,1987,1,0,2,0.0,0,0,0,0,0,0,1,0,0.0,0.0,0.0,0.0,0,1,1,0.00,0.00,0.00,0.00,0.00,0.00,0.00,0.00,0.00,0.00
Kingsley Coman,fr FRA,FW MF,Bayern Munich,21,1996,21,10,1 153,12.août,3,3,6,3,0,0,0,0,02.févr,02.févr,03.juin,05.août,97,60,202,0.23,0.23,0.47,0.23,0.47,0.18,0.28,0.45,0.18,0.45
Marvin Compper,de GER,DF,RB Leipzig,32,1985,2,1,90,1.0,0,0,0,0,0,0,0,0,0.0,0.0,0.0,0.0,0,3,0,0.00,0.00,0.00,0.00,0.00,0.00,0.00,0.00,0.00,0.00
Jhon Córdoba,co COL,FW,Köln,24,1993,18,9,957,10.juin,0,2,2,0,0,0,1,0,4.0,4.0,01.janv,05.janv,27,16,99,0.00,0.19,0.19,0.00,0.19,0.37,0.11,0.48,0.37,0.48
Sergio Córdova,ve VEN,FW MF,Augsburg,19,1997,26,3,586,06.mai,2,1,3,2,0,0,3,0,01.juin,01.juin,0.7,02.mars,13,11,50,0.31,0.15,0.46,0.31,0.46,0.24,0.11,0.35,0.24,0.35
Danny da Costa,de GER,DF FW,Eint Frankfurt,24,1993,17,13,1 202,13.avr,1,2,3,1,0,0,1,0,0.8,0.8,01.mai,02.avr,21,59,89,0.07,0.15,0.22,0.07,0.22,0.06,0.11,0.18,0.06,0.18
Mickaël Cuisance,fr FRA,MF FW,Gladbach,17,1999,24,9,1 207,13.avr,0,1,1,0,0,0,2,0,01.sept,01.sept,02.janv,4.0,27,71,61,0.00,0.07,0.07,0.00,0.07,0.14,0.16,0.30,0.14,0.30
Mahmoud Dahoud,de GER,MF,Dortmund,21,1996,23,11,1 146,12.juil,0,4,4,0,0,0,4,0,02.févr,02.févr,04.févr,06.avr,36,74,42,0.00,0.31,0.31,0.00,0.31,0.17,0.33,0.50,0.17,0.50
Kevin Danso,at AUT,DF,Augsburg,18,1998,16,13,1 105,12.mars,2,0,2,2,0,0,2,0,01.août,01.août,0.4,02.mars,9,36,4,0.16,0.00,0.16,0.16,0.16,0.15,0.03,0.18,0.15,0.18
Palkó Dárdai,hu HUN,FW MF,Hertha BSC,18,1999,2,0,27,0.3,0,0,0,0,0,0,1,0,0.0,0.0,0.0,0.0,2,1,0,0.00,0.00,0.00,0.00,0.00,0.00,0.00,0.00,0.00,0.00
Vladimír Darida,cz CZE,MF,Hertha BSC,26,1990,21,18,1 635,18.févr,0,3,3,0,0,0,2,0,1.0,1.0,01.sept,02.sept,33,108,76,0.00,0.17,0.17,0.00,0.17,0.06,0.11,0.16,0.06,0.16
Thomas Delaney,dk DEN,MF,Werder Bremen,25,1991,32,31,2 796,31.janv,3,4,7,3,0,0,5,0,03.avr,03.avr,02.août,06.févr,27,145,96,0.10,0.13,0.23,0.10,0.23,0.11,0.09,0.20,0.11,0.20
Kerem Demirbay,de GER,MF,Hoffenheim,24,1993,19,13,1 211,13.mai,2,2,4,1,1,1,3,0,02.févr,01.avr,02.févr,03.juin,26,76,43,0.15,0.15,0.30,0.07,0.22,0.16,0.17,0.33,0.10,0.27
Player,Nation,Pos,Squad,Age,Born,MP,Starts,Min,90s,Gls,Ast,G+A,G-PK,PK,PKatt,CrdY,CrdR,xG,npxG,xAG,npxG+xAG,PrgC,PrgP,PrgR,Gls,Ast,G+A,G-PK,G+A-PK,xG,xAG,xG+xAG,npxG,npxG+xAG
Diego Demme,de GER,MF,RB Leipzig,25,1991,30,25,2 284,25.avr,0,3,3,0,0,0,4,0,0.5,0.5,02.févr,02.juil,60,250,41,0.00,0.12,0.12,0.00,0.12,0.02,0.09,0.10,0.02,0.10
Franco Di Santo,ar ARG,FW MF,Schalke 04,28,1989,30,22,1 654,18.avr,3,1,4,2,1,1,4,0,03.août,3.0,01.juil,04.juil,39,31,132,0.16,0.05,0.22,0.11,0.16,0.21,0.09,0.30,0.16,0.25
Abdou Diallo,sn SEN,DF,Mainz 05,21,1996,27,27,2 415,26.août,2,1,3,2,0,0,5,0,02.mars,02.mars,0.2,02.mai,30,100,24,0.07,0.04,0.11,0.07,0.11,0.09,0.01,0.09,0.09,0.09
Daniel Didavi,de GER,MF,Wolfsburg,27,1990,30,26,2 237,24.sept,9,5,14,9,0,0,4,0,04.janv,04.janv,02.juin,06.juil,54,122,162,0.36,0.20,0.56,0.36,0.56,0.16,0.10,0.27,0.16,0.27
Dennis Diekmeier,de GER,DF,Hamburger SV,27,1989,22,22,1 868,20.août,0,3,3,0,0,0,4,0,0.6,0.6,2.0,02.juin,47,79,103,0.00,0.14,0.14,0.00,0.14,0.03,0.10,0.13,0.03,0.13
Landry Dimata,be BEL,FW,Wolfsburg,19,1997,21,9,902,10.0,0,1,1,0,0,0,1,1,01.mai,01.mai,0.3,01.août,15,12,64,0.00,0.10,0.10,0.00,0.10,0.15,0.03,0.18,0.15,0.18
Giulio Donati,it ITA,DF FW,Mainz 05,27,1990,29,26,2 284,25.avr,0,3,3,0,0,0,3,2,0.3,0.3,01.avr,01.août,28,65,80,0.00,0.12,0.12,0.00,0.12,0.01,0.06,0.07,0.01,0.07
Ji Dong-won,kr KOR,FW MF,Augsburg,26,1991,3,0,19,0.2,0,0,0,0,0,0,0,0,0.0,0.0,0.0,0.0,0,0,1,0.00,0.00,0.00,0.00,0.00,0.00,0.00,0.00,0.00,0.00
Anastasios Donis,gr GRE,MF FW,Stuttgart,20,1996,18,11,949,10.mai,2,2,4,2,0,0,1,0,04.avr,04.avr,02.févr,06.juil,60,13,50,0.19,0.19,0.38,0.19,0.38,0.42,0.21,0.63,0.42,0.63
Niklas Dorsch,de GER,MF,Bayern Munich,19,1998,1,1,90,1.0,1,0,1,1,0,0,0,0,0.4,0.4,0.0,0.4,0,6,1,1.00,0.00,1.00,1.00,1.00,0.41,0.03,0.45,0.41,0.45
Mohamed Dräger,tn TUN,MF FW,Freiburg,21,1996,2,0,52,0.6,0,0,0,0,0,0,0,0,0.0,0.0,0.0,0.0,1,0,1,0.00,0.00,0.00,0.00,0.00,0.00,0.00,0.00,0.00,0.00
Aleksandar Dragović,at AUT,DF,Leverkusen,26,1991,1,0,45,0.5,0,0,0,0,0,0,0,0,0.0,0.0,0.0,0.0,1,1,0,0.00,0.00,0.00,0.00,0.00,0.00,0.00,0.00,0.00,0.00
Josip Drmić,ch SUI,FW MF,Gladbach,24,1992,13,4,467,05.févr,4,1,5,4,0,0,1,0,02.mai,02.mai,0.3,02.août,6,4,35,0.77,0.19,0.96,0.77,0.96,0.49,0.05,0.54,0.49,0.54
Rick van Drongelen,nl NED,DF,Hamburger SV,18,1998,18,16,1 44,16.0,0,0,0,0,0,0,4,0,0.6,0.6,0.0,0.6,8,53,6,0.00,0.00,0.00,0.00,0.00,0.04,0.00,0.04,0.04,0.04
Ondrej Duda,sk SVK,MF,Hertha BSC,22,1994,17,9,744,08.mars,1,0,1,1,0,0,3,0,01.janv,01.janv,0.3,01.avr,8,30,27,0.12,0.00,0.12,0.12,0.12,0.13,0.04,0.17,0.13,0.17
Mandela Egbo,eng ENG,DF MF,Gladbach,19,1997,1,0,11,0.1,0,0,0,0,0,0,0,0,0.0,0.0,0.0,0.0,0,0,0,0.00,0.00,0.00,0.00,0.00,0.00,0.00,0.00,0.00,0.00
Johannes Eggestein,de GER,FW DF,Werder Bremen,19,1998,7,0,99,01.janv,0,0,0,0,0,0,0,0,0.2,0.2,0.8,01.janv,4,3,12,0.00,0.00,0.00,0.00,0.00,0.21,0.75,0.96,0.21,0.96
Maximilian Eggestein,de GER,MF,Werder Bremen,20,1996,33,31,2 692,29.sept,2,3,5,2,0,0,3,0,04.sept,04.sept,02.janv,7.0,46,137,114,0.07,0.10,0.17,0.07,0.17,0.16,0.07,0.23,0.16,0.23
Albin Ekdal,se SWE,MF,Hamburger SV,28,1989,19,12,1 108,12.mars,0,1,1,0,0,0,3,0,0.5,0.5,1.0,01.mai,14,67,20,0.00,0.08,0.08,0.00,0.08,0.04,0.08,0.12,0.04,0.12
Josip Elez,hr CRO,DF,Hannover 96,23,1994,11,9,774,08.juin,0,0,0,0,0,0,1,0,0.0,0.0,0.0,0.0,15,39,1,0.00,0.00,0.00,0.00,0.00,0.00,0.00,0.00,0.00,0.00
Nico Elvedi,ch SUI,DF,Gladbach,20,1996,33,33,2 914,32.4,2,2,4,2,0,0,6,0,01.juin,01.juin,01.août,03.avr,58,139,108,0.06,0.06,0.12,0.06,0.12,0.05,0.06,0.11,0.05,0.11
Breel Embolo,ch SUI,FW MF,Schalke 04,20,1997,21,9,919,10.févr,3,0,3,3,0,0,4,0,04.janv,04.janv,0.2,04.mars,24,25,77,0.29,0.00,0.29,0.29,0.29,0.40,0.02,0.42,0.40,0.42
Michael Esser,de GER,GK,Hannover 96,29,1987,3,3,270,3.0,0,0,0,0,0,0,0,0,0.0,0.0,0.0,0.0,0,0,0,0.00,0.00,0.00,0.00,0.00,0.00,0.00,0.00,0.00,0.00
Alexander Esswein,de GER,FW MF,Hertha BSC,27,1990,16,6,617,06.sept,2,1,3,2,0,0,0,0,0.9,0.9,0.3,01.janv,14,20,53,0.29,0.15,0.44,0.29,0.44,0.12,0.04,0.17,0.12,0.17
Franck Evina,cm CMR,FW,Bayern Munich,17,2000,2,2,110,01.févr,0,0,0,0,0,0,0,0,0.1,0.1,0.2,0.3,0,2,13,0.00,0.00,0.00,0.00,0.00,0.08,0.16,0.24,0.08,0.24
Player,Nation,Pos,Squad,Age,Born,MP,Starts,Min,90s,Gls,Ast,G+A,G-PK,PK,PKatt,CrdY,CrdR,xG,npxG,xAG,npxG+xAG,PrgC,PrgP,PrgR,Gls,Ast,G+A,G-PK,G+A-PK,xG,xAG,xG+xAG,npxG,npxG+xAG
Marco Fabián,mx MEX,MF FW,Eint Frankfurt,28,1989,7,3,422,04.juil,1,0,1,1,0,0,0,0,01.févr,01.févr,0.7,01.sept,11,23,21,0.21,0.00,0.21,0.21,0.21,0.26,0.16,0.41,0.26,0.41
Ralf Fährmann,de GER,GK,Schalke 04,28,1988,34,34,3 015,33.5,0,0,0,0,0,0,1,0,0.0,0.0,0.1,0.1,0,0,0,0.00,0.00,0.00,0.00,0.00,0.00,0.00,0.00,0.00,0.00
Simon Falette,gn GUI,DF,Eint Frankfurt,25,1992,27,25,2 211,24.juin,1,0,1,1,0,0,10,1,01.juin,01.juin,0.4,2.0,30,109,7,0.04,0.00,0.04,0.04,0.04,0.07,0.02,0.08,0.07,0.08
Felipe,br BRA,DF,Hannover 96,30,1987,6,6,457,05.janv,0,0,0,0,0,0,0,0,0.1,0.1,0.1,0.1,7,23,1,0.00,0.00,0.00,0.00,0.00,0.02,0.01,0.03,0.02,0.03
Ohis Felix Uduokhai,de GER,DF,Wolfsburg,19,1997,19,17,1 56,17.mars,1,0,1,1,0,0,2,1,0.2,0.2,0.0,0.2,14,52,5,0.06,0.00,0.06,0.06,0.06,0.01,0.00,0.01,0.01,0.01
Gelson Fernandes,ch SUI,MF,Eint Frankfurt,30,1986,19,12,1 036,11.mai,0,0,0,0,0,0,4,0,0.1,0.1,0.0,0.1,3,34,3,0.00,0.00,0.00,0.00,0.00,0.01,0.00,0.01,0.01,0.01
Alfreð Finnbogason,is ISL,FW,Augsburg,28,1989,22,22,1 814,20.févr,12,3,15,9,3,3,2,0,10.juil,08.avr,03.juil,12.janv,38,41,141,0.60,0.15,0.74,0.45,0.60,0.53,0.19,0.72,0.42,0.60
Viktor Fischer,dk DEN,FW MF,Mainz 05,23,1994,10,3,336,03.juil,0,0,0,0,0,0,1,0,0.6,0.6,0.6,01.févr,12,11,28,0.00,0.00,0.00,0.00,0.00,0.16,0.15,0.32,0.16,0.32
Emil Forsberg,se SWE,MF,RB Leipzig,25,1991,21,15,1 37,15.févr,2,2,4,1,1,1,0,1,03.mars,02.mai,02.avr,04.sept,42,53,98,0.13,0.13,0.26,0.07,0.20,0.22,0.16,0.38,0.17,0.32
Iver Fossum,no NOR,MF,Hannover 96,21,1996,19,13,1 306,14.mai,1,1,2,1,0,0,0,0,01.janv,01.janv,01.juil,02.août,16,67,56,0.07,0.07,0.14,0.07,0.14,0.08,0.12,0.20,0.08,0.20
Raphael Framberger,de GER,DF,Augsburg,21,1995,9,7,696,07.juil,0,0,0,0,0,0,3,0,0.0,0.0,01.mars,01.mars,23,38,40,0.00,0.00,0.00,0.00,0.00,0.01,0.16,0.17,0.01,0.17
Mike Frantz,de GER,MF,Freiburg,30,1986,15,12,1 041,11.juin,0,1,1,0,0,0,0,0,0.9,0.9,0.7,01.mai,7,33,22,0.00,0.09,0.09,0.00,0.09,0.07,0.06,0.13,0.07,0.13
Fabian Frei,ch SUI,MF,Mainz 05,28,1989,11,10,802,08.sept,1,0,1,1,0,0,1,0,0.6,0.6,0.7,01.févr,3,48,7,0.11,0.00,0.11,0.11,0.11,0.06,0.07,0.14,0.06,0.14
Marco Friedl,at AUT,MF,Bayern Munich,19,1998,1,0,45,0.5,0,0,0,0,0,0,0,0,0.0,0.0,0.2,0.2,1,8,7,0.00,0.00,0.00,0.00,0.00,0.00,0.31,0.31,0.00,0.31
Marco Friedl,at AUT,DF MF,Werder Bremen,19,1998,9,6,600,06.juil,0,0,0,0,0,0,0,0,0.2,0.2,0.3,0.5,7,27,17,0.00,0.00,0.00,0.00,0.00,0.04,0.04,0.08,0.04,0.08
Chris Führich,de GER,MF,Köln,19,1998,2,1,95,01.janv,0,0,0,0,0,0,0,0,0.0,0.0,0.1,0.1,7,6,6,0.00,0.00,0.00,0.00,0.00,0.03,0.06,0.08,0.03,0.08
Niclas Füllkrug,de GER,FW,Hannover 96,24,1993,34,26,2 387,26.mai,14,3,17,11,3,4,2,0,11.sept,08.juil,03.juin,12.mars,44,55,219,0.53,0.11,0.64,0.41,0.53,0.45,0.14,0.59,0.33,0.47
Mijat Gaćinović,rs SRB,MF FW,Eint Frankfurt,22,1995,29,22,1 815,20.févr,1,3,4,1,0,0,4,0,3.0,3.0,02.juil,05.juil,39,65,95,0.05,0.15,0.20,0.05,0.20,0.15,0.14,0.28,0.15,0.28
Ulisses Garcia,ch SUI,FW,Werder Bremen,21,1996,1,1,90,1.0,0,0,0,0,0,0,0,0,0.0,0.0,0.0,0.0,0,1,0,0.00,0.00,0.00,0.00,0.00,0.00,0.00,0.00,0.00,0.00
Jean-Philippe Gbamin,ci CIV,MF DF,Mainz 05,21,1995,30,29,2 591,28.août,1,3,4,1,0,0,4,0,01.févr,01.févr,01.mai,02.juil,48,128,19,0.03,0.10,0.14,0.03,0.14,0.04,0.05,0.09,0.04,0.09
Theodor Gebre Selassie,cz CZE,DF FW,Werder Bremen,30,1986,32,31,2 828,31.4,3,0,3,3,0,0,4,0,02.janv,02.janv,01.avr,03.mai,45,114,97,0.10,0.00,0.10,0.10,0.10,0.07,0.05,0.11,0.07,0.11
Dennis Geiger,de GER,MF,Hoffenheim,19,1998,21,20,1 588,17.juin,2,1,3,2,0,0,9,0,01.sept,01.sept,01.mars,03.févr,17,90,50,0.11,0.06,0.17,0.11,0.17,0.11,0.07,0.18,0.11,0.18
Christian Gentner,de GER,MF,Stuttgart,31,1985,27,27,2 412,26.août,2,2,4,2,0,0,3,0,02.avr,02.avr,02.juin,5.0,42,141,70,0.07,0.07,0.15,0.07,0.15,0.09,0.10,0.19,0.09,0.19
Yannick Gerhardt,de GER,DF MF,Wolfsburg,23,1994,17,12,1 228,13.juin,1,1,2,1,0,0,1,0,0.6,0.6,0.8,01.avr,24,44,67,0.07,0.07,0.15,0.07,0.15,0.04,0.06,0.10,0.04,0.10
Rafał Gikiewicz,pl POL,GK,Freiburg,29,1987,2,1,154,01.juil,0,0,0,0,0,0,0,0,0.0,0.0,0.0,0.0,0,0,0,0.00,0.00,0.00,0.00,0.00,0.00,0.00,0.00,0.00,0.00
Player,Nation,Pos,Squad,Age,Born,MP,Starts,Min,90s,Gls,Ast,G+A,G-PK,PK,PKatt,CrdY,CrdR,xG,npxG,xAG,npxG+xAG,PrgC,PrgP,PrgR,Gls,Ast,G+A,G-PK,G+A-PK,xG,xAG,xG+xAG,npxG,npxG+xAG
Daniel Ginczek,de GER,FW,Stuttgart,26,1991,23,17,1 523,16.sept,7,0,7,6,1,1,3,0,07.août,7.0,01.avr,08.avr,18,31,101,0.41,0.00,0.41,0.35,0.35,0.46,0.08,0.54,0.41,0.50
Matthias Ginter,de GER,DF,Gladbach,23,1994,34,34,3 06,34.0,5,2,7,5,0,0,2,0,03.août,03.août,1.0,04.août,32,138,16,0.15,0.06,0.21,0.15,0.21,0.11,0.03,0.14,0.11,0.14
Serge Gnabry,de GER,FW,Hoffenheim,22,1995,22,20,1 507,16.juil,10,5,15,10,0,1,0,0,05.sept,05.janv,03.avr,08.mai,74,52,134,0.60,0.30,0.90,0.60,0.90,0.35,0.21,0.56,0.31,0.51
Mario Gómez,de GER,FW,Wolfsburg,32,1985,12,11,936,10.avr,1,2,3,1,0,2,0,0,04.avr,02.août,1.0,03.sept,6,14,56,0.10,0.19,0.29,0.10,0.29,0.42,0.10,0.52,0.27,0.37
Mario Gómez,de GER,FW,Stuttgart,32,1985,16,16,1 385,15.avr,8,0,8,8,0,0,3,0,05.juil,05.juil,02.juin,08.mars,19,31,85,0.52,0.00,0.52,0.52,0.52,0.37,0.17,0.54,0.37,0.54
Sergio Gómez,es ESP,MF,Dortmund,16,2000,2,0,9,0.1,0,0,0,0,0,0,0,0,0.0,0.0,0.1,0.1,0,1,0,0.00,0.00,0.00,0.00,0.00,0.00,0.62,0.62,0.00,0.62
Jérôme Gondorf,de GER,MF FW,Werder Bremen,29,1988,21,7,797,08.sept,1,1,2,1,0,0,4,0,02.mars,02.mars,0.7,3.0,18,27,54,0.11,0.11,0.23,0.11,0.23,0.26,0.08,0.34,0.26,0.34
Leon Goretzka,de GER,MF,Schalke 04,22,1995,26,21,1 982,22.0,4,2,6,3,1,1,3,0,04.avr,03.juin,1.0,04.juin,58,106,79,0.18,0.09,0.27,0.14,0.23,0.20,0.05,0.25,0.16,0.21
Mario Götze,de GER,MF,Dortmund,25,1992,23,19,1 601,17.août,2,3,5,2,0,0,1,0,02.mars,02.mars,6.0,08.mars,44,125,142,0.11,0.17,0.28,0.11,0.28,0.13,0.34,0.47,0.13,0.47
Mohamed Gouaida,tn TUN,MF,Hamburger SV,24,1993,1,1,58,0.6,0,0,0,0,0,0,0,0,0.0,0.0,0.0,0.0,1,0,0,0.00,0.00,0.00,0.00,0.00,0.00,0.00,0.00,0.00,0.00
Jeffrey Gouweleeuw,nl NED,DF,Augsburg,26,1991,27,27,2 385,26.mai,0,0,0,0,0,0,4,0,1.0,1.0,0.4,01.mars,25,108,7,0.00,0.00,0.00,0.00,0.00,0.04,0.01,0.05,0.04,0.05
Michael Gregoritsch,at AUT,MF FW,Augsburg,23,1994,32,30,2 527,28.janv,13,3,16,12,1,1,3,0,11.mai,10.juil,01.mars,12.0,41,79,141,0.46,0.11,0.57,0.43,0.53,0.41,0.05,0.46,0.38,0.43
Anto Grgić,ch SUI,MF,Stuttgart,20,1996,1,0,7,0.1,0,0,0,0,0,0,0,0,0.0,0.0,0.0,0.0,0,0,0,0.00,0.00,0.00,0.00,0.00,0.00,0.00,0.00,0.00,0.00
Vincenzo Grifo,it ITA,MF FW,Gladbach,24,1993,17,9,786,08.juil,0,3,3,0,0,0,0,0,0.8,0.8,02.avr,03.janv,19,44,48,0.00,0.34,0.34,0.00,0.34,0.09,0.27,0.36,0.09,0.36
Florian Grillitsch,at AUT,MF,Hoffenheim,21,1995,25,21,1 888,21.0,1,2,3,1,0,0,5,0,01.févr,01.févr,01.juil,02.sept,25,108,33,0.05,0.10,0.14,0.05,0.14,0.06,0.08,0.14,0.06,0.14
Karim Guédé,sk SVK,FW,Freiburg,32,1985,2,1,60,0.7,0,0,0,0,0,0,0,0,0.0,0.0,0.0,0.0,1,1,3,0.00,0.00,0.00,0.00,0.00,0.00,0.00,0.00,0.00,0.00
Raphaël Guerreiro,pt POR,DF MF,Dortmund,23,1993,9,6,547,06.janv,1,1,2,1,0,0,0,0,1.0,1.0,01.janv,02.janv,9,33,61,0.16,0.16,0.33,0.16,0.33,0.16,0.19,0.35,0.16,0.35
Josuha Guilavogui,fr FRA,MF,Wolfsburg,26,1990,29,27,2 404,26.juil,3,2,5,3,0,0,7,1,01.juil,01.juil,01.août,03.mai,18,171,45,0.11,0.07,0.19,0.11,0.19,0.06,0.07,0.13,0.06,0.13
Serhou Guirassy,gn GUI,FW,Köln,21,1996,15,8,851,09.mai,4,0,4,2,2,2,2,0,06.avr,5.0,0.7,05.juil,14,25,72,0.42,0.00,0.42,0.21,0.21,0.68,0.08,0.75,0.52,0.60
Péter Gulácsi,hu HUN,GK,RB Leipzig,27,1990,33,33,2 97,33.0,0,0,0,0,0,0,1,0,0.0,0.0,0.0,0.0,0,1,0,0.00,0.00,0.00,0.00,0.00,0.00,0.00,0.00,0.00,0.00
Manuel Gulde,de GER,DF,Freiburg,26,1991,17,17,1 53,17.0,1,0,1,1,0,0,1,0,01.févr,01.févr,0.1,01.mars,9,43,0,0.06,0.00,0.06,0.06,0.06,0.07,0.00,0.07,0.07,0.07
Christian Günter,de GER,DF MF,Freiburg,24,1993,34,34,3 06,34.0,1,4,5,1,0,1,2,0,01.sept,01.janv,03.août,04.sept,92,125,177,0.03,0.12,0.15,0.03,0.15,0.06,0.11,0.17,0.03,0.14
Jonathan de Guzmán,nl NED,MF,Eint Frankfurt,29,1987,16,12,1 092,12.janv,0,3,3,0,0,0,2,0,01.janv,01.janv,01.mars,02.avr,28,83,30,0.00,0.25,0.25,0.00,0.25,0.09,0.11,0.19,0.09,0.19
Janik Haberer,de GER,MF FW,Freiburg,23,1994,33,31,2 748,30.mai,3,4,7,2,1,2,9,0,04.sept,03.mars,03.avr,06.juil,25,107,129,0.10,0.13,0.23,0.07,0.20,0.16,0.11,0.27,0.11,0.22
Alexander Hack,de GER,DF,Mainz 05,23,1993,15,14,1 287,14.mars,1,0,1,1,0,0,2,0,0.7,0.7,0.3,1.0,10,58,4,0.07,0.00,0.07,0.07,0.07,0.05,0.02,0.07,0.05,0.07
Player,Nation,Pos,Squad,Age,Born,MP,Starts,Min,90s,Gls,Ast,G+A,G-PK,PK,PKatt,CrdY,CrdR,xG,npxG,xAG,npxG+xAG,PrgC,PrgP,PrgR,Gls,Ast,G+A,G-PK,G+A-PK,xG,xAG,xG+xAG,npxG,npxG+xAG
Robin Hack,de GER,FW MF,Hoffenheim,18,1998,3,1,69,0.8,1,0,1,1,0,0,0,0,0.1,0.1,0.1,0.2,1,1,4,janv.30,0.00,janv.30,janv.30,janv.30,0.14,0.11,0.25,0.14,0.25
André Hahn,de GER,FW,Hamburger SV,26,1990,23,14,1 358,15.janv,3,0,3,3,0,0,0,0,03.mai,03.mai,0.9,04.avr,22,24,96,0.20,0.00,0.20,0.20,0.20,0.23,0.06,0.29,0.23,0.29
Izet Hajrović,ba BIH,MF FW,Werder Bremen,25,1991,9,0,189,02.janv,0,0,0,0,0,0,3,0,0.3,0.3,0.2,0.5,7,2,20,0.00,0.00,0.00,0.00,0.00,0.13,0.11,0.24,0.13,0.24
Sébastien Haller,ci CIV,FW,Eint Frankfurt,23,1994,31,26,2 347,26.janv,9,4,13,7,2,2,2,0,07.avr,05.août,04.janv,09.sept,28,52,203,0.35,0.15,0.50,0.27,0.42,0.28,0.16,0.44,0.22,0.38
Marcel Halstenberg,de GER,DF,RB Leipzig,25,1991,15,14,1 178,13.janv,2,2,4,2,0,0,3,0,01.juil,01.juil,01.mars,3.0,21,64,53,0.15,0.15,0.31,0.15,0.31,0.13,0.10,0.23,0.13,0.23
Tim Handwerker,de GER,MF DF,Köln,19,1998,11,3,396,04.avr,0,1,1,0,0,0,0,0,0.3,0.3,01.févr,01.mai,14,8,21,0.00,0.23,0.23,0.00,0.23,0.07,0.28,0.35,0.07,0.35
Genki Haraguchi,jp JPN,FW,Hertha BSC,26,1991,7,2,211,02.mars,0,0,0,0,0,0,2,1,0.0,0.0,0.8,0.8,9,4,9,0.00,0.00,0.00,0.00,0.00,0.00,0.34,0.34,0.00,0.34
Amine Harit,ma MAR,MF FW,Schalke 04,20,1997,31,23,2 043,22.juil,3,3,6,2,1,1,3,0,03.juin,02.août,04.avr,07.févr,121,95,153,0.13,0.13,0.26,0.09,0.22,0.16,0.19,0.35,0.12,0.31
Martin Harnik,at AUT,FW MF,Hannover 96,30,1987,30,21,1 888,21.0,9,2,11,9,0,0,2,0,08.juin,08.juin,01.avr,10.0,24,50,146,0.43,0.10,0.52,0.43,0.52,0.41,0.07,0.48,0.41,0.48
Makoto Hasebe,jp JPN,DF MF,Eint Frankfurt,33,1984,24,23,2 09,23.févr,0,0,0,0,0,0,3,1,0.1,0.1,0.1,0.2,16,72,6,0.00,0.00,0.00,0.00,0.00,0.00,0.01,0.01,0.00,0.01
Kai Havertz,de GER,MF FW,Leverkusen,18,1999,30,22,2 144,23.août,3,8,11,3,0,0,3,0,03.juin,03.juin,04.juin,08.févr,64,149,136,0.13,0.34,0.46,0.13,0.46,0.15,0.19,0.35,0.15,0.35
Thorgan Hazard,be BEL,MF FW,Gladbach,24,1993,34,33,2 939,32.7,10,5,15,5,5,6,1,0,14.0,09.mars,06.juin,15.août,138,124,315,0.31,0.15,0.46,0.15,0.31,0.43,0.20,0.63,0.28,0.48
Jonas Hector,de GER,DF MF,Köln,27,1990,20,20,1 759,19.mai,2,2,4,2,0,0,4,0,01.janv,01.janv,01.sept,3.0,32,89,108,0.10,0.10,0.20,0.10,0.20,0.06,0.10,0.15,0.06,0.15
Dominique Heintz,de GER,DF,Köln,23,1993,31,31,2 79,31.0,1,0,1,1,0,0,3,0,0.5,0.5,0.7,01.janv,32,158,9,0.03,0.00,0.03,0.03,0.03,0.02,0.02,0.04,0.02,0.04
Marcel Heller,de GER,FW MF,Augsburg,31,1986,24,14,1 299,14.avr,0,1,1,0,0,0,1,1,01.mai,01.mai,02.avr,03.sept,59,26,112,0.00,0.07,0.07,0.00,0.07,0.10,0.17,0.27,0.10,0.27
Benjamin Henrichs,de GER,DF,Leverkusen,20,1997,23,11,1 268,14.janv,0,1,1,0,0,0,1,1,0.8,0.8,01.mars,02.janv,41,71,74,0.00,0.07,0.07,0.00,0.07,0.06,0.09,0.15,0.06,0.15
Patrick Herrmann,de GER,MF FW,Gladbach,26,1991,23,12,1 124,12.mai,0,1,1,0,0,0,0,0,01.sept,01.sept,01.sept,03.août,22,28,87,0.00,0.08,0.08,0.00,0.08,0.15,0.15,0.30,0.15,0.30
Kaylen Hinds,eng ENG,FW,Wolfsburg,19,1998,1,1,90,1.0,0,0,0,0,0,0,0,0,0.0,0.0,0.0,0.0,0,2,2,0.00,0.00,0.00,0.00,0.00,0.00,0.00,0.00,0.00,0.00
Martin Hinteregger,at AUT,DF,Augsburg,24,1992,30,29,2 655,29.mai,0,0,0,0,0,0,3,0,02.févr,02.févr,0.3,02.mai,27,90,10,0.00,0.00,0.00,0.00,0.00,0.07,0.01,0.09,0.07,0.09
Marwin Hitz,ch SUI,GK,Augsburg,29,1987,32,32,2 88,32.0,0,0,0,0,0,0,2,0,0.1,0.1,0.0,0.2,0,0,0,0.00,0.00,0.00,0.00,0.00,0.00,0.00,0.00,0.00,0.00
Nicolas Höfler,de GER,MF,Freiburg,27,1990,27,24,2 259,25.janv,1,3,4,1,0,0,7,1,0.7,0.7,01.août,02.mai,16,130,14,0.04,0.12,0.16,0.04,0.16,0.03,0.07,0.10,0.03,0.10
Jonas Hofmann,de GER,MF FW,Gladbach,25,1992,23,12,1 033,11.mai,0,3,3,0,0,0,0,0,02.janv,02.janv,3.0,05.janv,41,41,92,0.00,0.26,0.26,0.00,0.26,0.18,0.26,0.44,0.18,0.44
Marco Höger,de GER,MF,Köln,27,1989,23,20,1 674,18.juin,0,0,0,0,0,0,4,0,1.0,1.0,0.4,01.avr,23,141,28,0.00,0.00,0.00,0.00,0.00,0.05,0.02,0.07,0.05,0.07
Lucas Höler,de GER,FW MF,Freiburg,23,1994,14,12,906,10.janv,1,0,1,1,0,0,0,0,02.mars,02.mars,0.2,02.mai,14,21,68,0.10,0.00,0.10,0.10,0.10,0.23,0.02,0.25,0.23,0.25
Lewis Holtby,de GER,MF FW,Hamburger SV,26,1990,16,13,1 196,13.mars,6,0,6,6,0,0,1,0,03.juil,03.juil,0.9,04.mai,25,56,63,0.45,0.00,0.45,0.45,0.45,0.28,0.06,0.34,0.28,0.34
Player,Nation,Pos,Squad,Age,Born,MP,Starts,Min,90s,Gls,Ast,G+A,G-PK,PK,PKatt,CrdY,CrdR,xG,npxG,xAG,npxG+xAG,PrgC,PrgP,PrgR,Gls,Ast,G+A,G-PK,G+A-PK,xG,xAG,xG+xAG,npxG,npxG+xAG
Gerrit Holtmann,ph PHI,FW DF,Mainz 05,22,1995,17,10,901,10.0,2,1,3,2,0,0,1,0,01.mars,01.mars,01.janv,02.avr,51,19,68,0.20,0.10,0.30,0.20,0.30,0.13,0.11,0.24,0.13,0.24
Jannes Horn,de GER,DF,Köln,20,1997,11,10,825,09.févr,0,0,0,0,0,0,0,0,0.1,0.1,01.avr,01.avr,20,19,31,0.00,0.00,0.00,0.00,0.00,0.01,0.15,0.15,0.01,0.15
Timo Horn,de GER,GK,Köln,24,1993,34,34,3 06,34.0,0,0,0,0,0,0,0,0,0.0,0.0,0.2,0.2,0,0,0,0.00,0.00,0.00,0.00,0.00,0.00,0.01,0.01,0.00,0.01
Lukáš Hrádecký,fi FIN,GK,Eint Frankfurt,27,1989,34,34,3 06,34.0,0,0,0,0,0,0,1,0,0.0,0.0,0.0,0.0,0,0,0,0.00,0.00,0.00,0.00,0.00,0.00,0.00,0.00,0.00,0.00
Branimir Hrgota,se SWE,MF FW,Eint Frankfurt,24,1993,6,2,196,02.févr,0,0,0,0,0,0,1,0,0.5,0.5,0.1,0.6,3,3,17,0.00,0.00,0.00,0.00,0.00,0.21,0.05,0.26,0.21,0.26
Timo Hübers,de GER,DF,Hannover 96,21,1996,5,5,450,5.0,0,1,1,0,0,0,2,0,0.3,0.3,0.3,0.5,3,13,1,0.00,0.20,0.20,0.00,0.20,0.05,0.05,0.10,0.05,0.10
Benjamin Hübner,de GER,DF,Hoffenheim,28,1989,27,27,2 315,25.juil,3,2,5,3,0,0,9,0,01.août,01.août,0.6,02.avr,21,117,9,0.12,0.08,0.19,0.12,0.19,0.07,0.02,0.09,0.07,0.09
Florian Hübner,de GER,DF,Hannover 96,26,1991,9,4,327,03.juin,0,0,0,0,0,0,2,0,0.0,0.0,0.0,0.0,1,5,0,0.00,0.00,0.00,0.00,0.00,0.00,0.01,0.01,0.00,0.01
Mats Hummels,de GER,DF,Bayern Munich,28,1988,26,25,2 213,24.juin,1,1,2,1,0,0,3,0,2.0,2.0,0.3,02.mars,25,184,13,0.04,0.04,0.08,0.04,0.08,0.08,0.01,0.09,0.08,0.09
Aaron Hunt,de GER,MF FW,Hamburger SV,30,1986,28,26,2 081,23.janv,3,2,5,2,1,1,1,0,02.août,2.0,04.août,06.août,45,134,144,0.13,0.09,0.22,0.09,0.17,0.12,0.20,0.32,0.08,0.28
Vedad Ibišević,ba BIH,FW,Hertha BSC,32,1984,27,18,1 452,16.janv,6,4,10,4,2,2,4,1,08.mai,06.sept,01.juin,08.mai,7,24,92,0.37,0.25,0.62,0.25,0.50,0.53,0.10,0.63,0.43,0.53
Stefan Ilsanker,at AUT,DF MF,RB Leipzig,28,1989,21,14,1 289,14.mars,0,1,1,0,0,0,3,1,0.8,0.8,0.9,01.juil,10,97,21,0.00,0.07,0.07,0.00,0.07,0.06,0.06,0.12,0.06,0.12
Emiliano Insúa,ar ARG,DF,Stuttgart,28,1989,25,24,2 106,23.avr,0,2,2,0,0,0,2,0,0.4,0.4,01.sept,02.mars,68,63,91,0.00,0.09,0.09,0.00,0.09,0.02,0.08,0.10,0.02,0.10
Pablo Insua,es ESP,DF,Schalke 04,23,1993,1,0,27,0.3,0,0,0,0,0,0,1,0,0.0,0.0,0.0,0.0,0,0,0,0.00,0.00,0.00,0.00,0.00,0.00,0.00,0.00,0.00,0.00
Alexander Isak,se SWE,FW MF,Dortmund,17,1999,5,1,119,01.mars,0,0,0,0,0,0,0,0,0.7,0.7,0.2,0.9,3,4,10,0.00,0.00,0.00,0.00,0.00,0.56,0.13,0.69,0.56,0.69
Tatsuya Ito,jp JPN,MF FW,Hamburger SV,20,1997,20,12,1 012,11.févr,0,2,2,0,0,0,1,0,0.9,0.9,01.févr,02.janv,60,45,111,0.00,0.18,0.18,0.00,0.18,0.08,0.11,0.19,0.08,0.19
Gian-Luca Itter,de GER,DF,Wolfsburg,18,1999,5,5,412,04.juin,0,0,0,0,0,0,1,0,0.0,0.0,0.1,0.1,12,13,7,0.00,0.00,0.00,0.00,0.00,0.00,0.02,0.02,0.00,0.02
Koo Ja-cheol,kr KOR,MF,Augsburg,28,1989,28,23,2 046,22.juil,2,0,2,2,0,0,2,0,03.janv,03.janv,1.0,4.0,20,68,70,0.09,0.00,0.09,0.09,0.09,0.14,0.04,0.18,0.14,0.18
Paul Jaeckel,de GER,DF,Wolfsburg,19,1998,3,3,270,3.0,0,0,0,0,0,0,0,0,0.1,0.1,0.3,0.4,2,6,6,0.00,0.00,0.00,0.00,0.00,0.03,0.10,0.13,0.03,0.13
Kilian Jakob,de GER,FW,Augsburg,19,1998,1,1,50,0.6,0,0,0,0,0,0,0,0,0.1,0.1,0.0,0.1,1,3,4,0.00,0.00,0.00,0.00,0.00,0.25,0.00,0.25,0.25,0.25
Vasilije Janjicic,ch SUI,MF,Hamburger SV,18,1998,7,3,320,03.juin,0,0,0,0,0,0,1,0,0.1,0.1,0.1,0.2,3,20,3,0.00,0.00,0.00,0.00,0.00,0.02,0.04,0.05,0.02,0.05
Christoph Janker,de GER,DF MF,Augsburg,32,1985,5,0,78,0.9,0,0,0,0,0,0,0,0,0.0,0.0,0.0,0.0,0,2,0,0.00,0.00,0.00,0.00,0.00,0.00,0.00,0.00,0.00,0.00
Tony Jantschke,de GER,DF,Gladbach,27,1990,13,8,727,08.janv,0,1,1,0,0,0,2,0,0.1,0.1,0.1,0.2,14,33,18,0.00,0.12,0.12,0.00,0.12,0.01,0.02,0.03,0.01,0.03
Rune Jarstein,no NOR,GK,Hertha BSC,32,1984,31,31,2 79,31.0,0,0,0,0,0,0,2,0,0.1,0.1,0.0,0.1,0,0,0,0.00,0.00,0.00,0.00,0.00,0.00,0.00,0.00,0.00,0.00
Bakery Jatta,gm GAM,MF FW,Hamburger SV,19,1998,10,3,297,03.mars,0,1,1,0,0,0,1,0,0.9,0.9,0.1,1.0,11,5,31,0.00,0.30,0.30,0.00,0.30,0.27,0.04,0.31,0.27,0.31
Player,Nation,Pos,Squad,Age,Born,MP,Starts,Min,90s,Gls,Ast,G+A,G-PK,PK,PKatt,CrdY,CrdR,xG,npxG,xAG,npxG+xAG,PrgC,PrgP,PrgR,Gls,Ast,G+A,G-PK,G+A-PK,xG,xAG,xG+xAG,npxG,npxG+xAG
Tin Jedvaj,hr CRO,DF,Leverkusen,21,1995,10,6,599,06.juil,0,0,0,0,0,0,1,0,0.2,0.2,0.1,0.3,12,40,8,0.00,0.00,0.00,0.00,0.00,0.03,0.01,0.04,0.03,0.04
Aron Jóhannsson,us USA,MF FW,Werder Bremen,26,1990,12,2,276,03.janv,1,0,1,1,0,0,0,0,01.mai,01.mai,1.0,02.avr,5,13,24,0.33,0.00,0.33,0.33,0.33,0.47,0.32,0.79,0.47,0.79
Fabian Johnson,us USA,MF DF,Gladbach,29,1987,10,5,465,05.févr,1,0,1,1,0,0,0,0,1.0,1.0,0.7,01.juil,5,8,15,0.19,0.00,0.19,0.19,0.19,0.19,0.14,0.33,0.19,0.33
Miloš Jojić,rs SRB,MF,Köln,25,1992,25,17,1 459,16.févr,2,5,7,2,0,0,3,0,02.juil,02.juil,06.févr,08.sept,34,72,76,0.12,0.31,0.43,0.12,0.43,0.16,0.39,0.55,0.16,0.55
Jonathas,br BRA,FW,Hannover 96,28,1989,12,7,634,7.0,3,3,6,2,1,1,2,0,02.sept,02.janv,01.juin,03.juil,8,11,34,0.43,0.43,0.85,0.28,0.71,0.41,0.23,0.64,0.29,0.53
Nigel de Jong,nl NED,MF,Mainz 05,32,1984,11,10,737,08.févr,0,0,0,0,0,0,2,0,0.0,0.0,0.2,0.2,0,32,2,0.00,0.00,0.00,0.00,0.00,0.00,0.03,0.03,0.00,0.03
Luka Jović,rs SRB,FW,Eint Frankfurt,19,1997,22,9,936,10.avr,8,1,9,8,0,0,2,0,08.janv,08.janv,01.mars,09.avr,8,13,71,0.77,0.10,0.87,0.77,0.87,0.78,0.12,0.90,0.78,0.90
Gideon Jung,de GER,MF DF,Hamburger SV,22,1994,30,29,2 57,28.juin,1,1,2,1,0,0,7,1,0.4,0.4,01.janv,01.juin,19,110,27,0.04,0.04,0.07,0.04,0.07,0.01,0.04,0.05,0.01,0.05
Sebastian Jung,de GER,DF,Wolfsburg,27,1990,2,1,78,0.9,0,0,0,0,0,0,1,0,0.0,0.0,0.0,0.0,1,2,1,0.00,0.00,0.00,0.00,0.00,0.00,0.00,0.00,0.00,0.00
Zlatko Junuzović,at AUT,MF FW,Werder Bremen,29,1987,24,17,1 633,18.janv,2,4,6,2,0,0,2,0,03.août,03.août,03.mai,07.mars,35,118,141,0.11,0.22,0.33,0.11,0.33,0.21,0.19,0.40,0.21,0.40
Gojko Kačar,rs SRB,DF,Augsburg,30,1987,6,3,228,02.mai,1,0,1,1,0,0,1,0,0.3,0.3,0.0,0.3,2,1,2,0.39,0.00,0.39,0.39,0.39,0.13,0.00,0.13,0.13,0.13
Pavel Kadeřábek,cz CZE,FW DF,Hoffenheim,25,1992,28,24,2 199,24.avr,2,3,5,2,0,0,5,0,02.juil,02.juil,02.juil,05.avr,64,65,138,0.08,0.12,0.20,0.08,0.20,0.11,0.11,0.22,0.11,0.22
Shinji Kagawa,jp JPN,MF,Dortmund,28,1989,19,12,1 166,13.0,5,2,7,5,0,0,0,0,04.mai,04.mai,02.sept,07.avr,33,109,68,0.39,0.15,0.54,0.39,0.54,0.34,0.22,0.57,0.34,0.57
Florian Kainz,at AUT,MF FW,Werder Bremen,24,1992,30,19,1 712,19.0,3,3,6,3,0,0,5,0,03.janv,03.janv,03.mai,06.juin,65,114,137,0.16,0.16,0.32,0.16,0.32,0.16,0.19,0.35,0.16,0.35
Dominik Kaiser,de GER,MF FW,RB Leipzig,28,1988,10,3,277,03.janv,0,0,0,0,0,0,0,0,0.3,0.3,0.2,0.5,7,12,32,0.00,0.00,0.00,0.00,0.00,0.10,0.06,0.15,0.10,0.15
Salomon Kalou,ci CIV,FW MF,Hertha BSC,31,1985,31,27,2 207,24.mai,12,3,15,11,1,2,0,0,09.févr,07.juin,02.mars,09.sept,56,73,160,0.49,0.12,0.61,0.45,0.57,0.37,0.09,0.47,0.31,0.40
Daichi Kamada,jp JPN,MF FW,Eint Frankfurt,20,1996,3,2,144,01.juin,0,0,0,0,0,0,0,0,0.1,0.1,0.0,0.1,2,3,7,0.00,0.00,0.00,0.00,0.00,0.05,0.02,0.07,0.05,0.07
Marcin Kamiński,pl POL,DF,Stuttgart,25,1992,23,12,1 138,12.juin,0,0,0,0,0,0,0,0,0.3,0.3,0.5,0.8,20,53,10,0.00,0.00,0.00,0.00,0.00,0.02,0.04,0.06,0.02,0.06
Kevin Kampl,si SVN,MF,RB Leipzig,26,1990,26,22,2 019,22.avr,1,3,4,1,0,0,3,0,01.mai,01.mai,03.sept,05.avr,61,152,79,0.04,0.13,0.18,0.04,0.18,0.07,0.17,0.24,0.07,0.24
Kevin Kampl,si SVN,MF,Leverkusen,26,1990,1,0,30,0.3,0,0,0,0,0,0,0,0,0.0,0.0,0.0,0.0,2,5,1,0.00,0.00,0.00,0.00,0.00,0.07,0.07,0.14,0.07,0.14
Bartosz Kapustka,pl POL,FW MF,Freiburg,20,1996,7,3,235,02.juin,1,0,1,1,0,0,0,0,0.2,0.2,0.0,0.2,6,3,19,0.38,0.00,0.38,0.38,0.38,0.06,0.00,0.06,0.06,0.06
Kenan Karaman,tr TUR,MF FW,Hannover 96,23,1994,22,8,855,09.mai,1,0,1,1,0,0,2,0,01.sept,01.sept,0.6,02.juin,20,31,50,0.11,0.00,0.11,0.11,0.11,0.20,0.07,0.27,0.20,0.27
Florian Kath,de GER,FW MF,Freiburg,22,1994,24,3,674,07.mai,1,0,1,1,0,0,3,0,01.févr,01.févr,0.3,01.avr,17,26,59,0.13,0.00,0.13,0.13,0.13,0.16,0.04,0.19,0.16,0.19
Ole Käuper,de GER,MF,Werder Bremen,20,1997,1,1,73,0.8,0,0,0,0,0,0,1,0,0.0,0.0,0.0,0.0,0,2,1,0.00,0.00,0.00,0.00,0.00,0.00,0.00,0.00,0.00,0.00
Thilo Kehrer,de GER,DF,Schalke 04,20,1996,28,27,2 365,26.mars,3,0,3,3,0,0,4,0,01.juin,01.juin,0.4,01.sept,27,96,8,0.11,0.00,0.11,0.11,0.11,0.06,0.01,0.07,0.06,0.07
Player,Nation,Pos,Squad,Age,Born,MP,Starts,Min,90s,Gls,Ast,G+A,G-PK,PK,PKatt,CrdY,CrdR,xG,npxG,xAG,npxG+xAG,PrgC,PrgP,PrgR,Gls,Ast,G+A,G-PK,G+A-PK,xG,xAG,xG+xAG,npxG,npxG+xAG
Naby Keïta,gn GUI,MF,RB Leipzig,22,1995,27,23,1 962,21.août,6,5,11,6,0,0,8,2,03.juil,03.juil,04.févr,8.0,103,148,74,0.28,0.23,0.50,0.28,0.50,0.17,0.20,0.37,0.17,0.37
Marc-Oliver Kempf,de GER,DF,Freiburg,22,1995,12,11,901,10.0,0,1,1,0,0,0,1,0,0.5,0.5,1.0,01.avr,4,35,2,0.00,0.10,0.10,0.00,0.10,0.05,0.10,0.14,0.05,0.14
Ryan Kent,eng ENG,FW MF,Freiburg,20,1996,6,1,245,02.juil,0,0,0,0,0,0,1,0,0.8,0.8,0.1,0.9,9,6,20,0.00,0.00,0.00,0.00,0.00,0.31,0.02,0.33,0.31,0.33
Rani Khedira,de GER,MF DF,Augsburg,23,1994,30,27,2 275,25.mars,1,1,2,1,0,0,8,0,01.avr,01.avr,0.8,02.févr,12,84,32,0.04,0.04,0.08,0.04,0.08,0.05,0.03,0.09,0.05,0.09
Stefan Kießling,de GER,DF MF,Leverkusen,33,1984,8,0,82,0.9,0,0,0,0,0,0,0,0,0.2,0.2,0.2,0.4,0,0,14,0.00,0.00,0.00,0.00,0.00,0.21,0.19,0.40,0.21,0.40
Joshua Kimmich,de GER,DF,Bayern Munich,22,1995,29,26,2 329,25.sept,1,10,11,1,0,0,1,0,0.5,0.5,06.févr,06.juil,79,176,232,0.04,0.39,0.43,0.04,0.43,0.02,0.24,0.26,0.02,0.26
Felix Klaus,de GER,MF FW,Hannover 96,24,1992,28,25,1 981,22.0,4,2,6,4,0,0,5,0,04.avr,04.avr,02.janv,06.mai,48,55,136,0.18,0.09,0.27,0.18,0.27,0.20,0.10,0.29,0.20,0.29
Tim Kleindienst,de GER,FW DF,Freiburg,21,1995,22,12,1 138,12.juin,2,3,5,2,0,0,2,0,04.avr,04.avr,02.mars,06.juin,24,31,84,0.16,0.24,0.40,0.16,0.40,0.34,0.18,0.53,0.34,0.53
Lukas Klostermann,de GER,DF,RB Leipzig,21,1996,26,25,2 19,24.mars,1,0,1,1,0,0,2,0,0.9,0.9,01.juin,02.mai,32,80,124,0.04,0.00,0.04,0.04,0.04,0.04,0.07,0.10,0.04,0.10
Lukas Klünter,de GER,DF FW,Köln,21,1996,19,14,1 336,14.août,1,0,1,1,0,0,6,0,02.janv,02.janv,01.févr,03.mars,38,41,93,0.07,0.00,0.07,0.07,0.07,0.14,0.08,0.22,0.14,0.22
Robin Knoche,de GER,DF,Wolfsburg,25,1992,24,24,2 102,23.avr,1,2,3,1,0,0,2,0,0.9,0.9,0.4,01.mars,17,91,7,0.04,0.09,0.13,0.04,0.13,0.04,0.02,0.05,0.04,0.05
Törles Knöll,de GER,MF FW,Hamburger SV,19,1997,1,0,18,0.2,0,0,0,0,0,0,0,0,0.0,0.0,0.0,0.0,0,0,2,0.00,0.00,0.00,0.00,0.00,0.00,0.00,0.00,0.00,0.00
Robin Koch,de GER,MF DF,Freiburg,21,1996,26,21,1 919,21.mars,2,1,3,2,0,0,3,0,0.9,0.9,1.0,01.août,13,36,16,0.09,0.05,0.14,0.09,0.14,0.04,0.05,0.09,0.04,0.09
Kenan Kodro,ba BIH,FW DF,Mainz 05,23,1993,8,2,232,02.juin,0,0,0,0,0,0,0,0,0.7,0.7,0.2,1.0,2,4,12,0.00,0.00,0.00,0.00,0.00,0.28,0.09,0.38,0.28,0.38
Dominik Kohr,de GER,MF,Leverkusen,23,1994,28,18,1 664,18.mai,1,1,2,1,0,0,9,1,03.sept,03.sept,01.mars,05.févr,31,116,52,0.05,0.05,0.11,0.05,0.11,0.21,0.07,0.28,0.21,0.28
Ibrahima Konaté,fr FRA,DF,RB Leipzig,18,1999,16,14,1 228,13.juin,0,0,0,0,0,0,1,0,0.3,0.3,0.5,0.8,7,51,3,0.00,0.00,0.00,0.00,0.00,0.02,0.04,0.06,0.02,0.06
Yevhen Konoplyanka,ua UKR,FW MF,Schalke 04,27,1989,27,18,1 562,17.avr,4,4,8,4,0,0,1,0,05.avr,05.avr,04.juin,10.janv,108,50,162,0.23,0.23,0.46,0.23,0.46,0.31,0.27,0.58,0.31,0.58
Julian Korb,de GER,DF MF,Hannover 96,25,1992,28,28,2 336,26.0,1,1,2,1,0,0,8,0,01.févr,01.févr,01.juin,02.août,28,119,98,0.04,0.04,0.08,0.04,0.08,0.05,0.06,0.11,0.05,0.11
Filip Kostić,rs SRB,FW MF,Hamburger SV,24,1992,30,27,2 438,27.janv,5,1,6,5,0,2,2,0,08.févr,06.juil,03.févr,09.août,90,59,196,0.18,0.04,0.22,0.18,0.22,0.31,0.12,0.43,0.25,0.37
Vincent Koziello,fr FRA,MF,Köln,21,1995,12,8,789,08.août,1,0,1,1,0,0,3,0,0.2,0.2,0.4,0.6,3,42,14,0.11,0.00,0.11,0.11,0.11,0.02,0.04,0.06,0.02,0.06
Thomas Kraft,de GER,GK,Hertha BSC,29,1988,3,3,270,3.0,0,0,0,0,0,0,1,0,0.0,0.0,0.0,0.0,0,0,0,0.00,0.00,0.00,0.00,0.00,0.00,0.00,0.00,0.00,0.00
Andrej Kramarić,hr CRO,FW MF,Hoffenheim,26,1991,34,22,2 228,24.août,13,6,19,11,2,2,1,0,09.juin,08.janv,6.0,14.0,81,114,188,0.53,0.24,0.77,0.44,0.69,0.39,0.24,0.63,0.33,0.57
Christoph Kramer,de GER,MF,Gladbach,26,1991,27,26,2 151,23.sept,3,0,3,3,0,0,5,0,01.juil,01.juil,0.5,02.janv,34,142,33,0.13,0.00,0.13,0.13,0.13,0.07,0.02,0.09,0.07,0.09
Max Kruse,de GER,FW,Werder Bremen,29,1988,29,28,2 453,27.mars,6,6,12,6,0,0,2,0,05.févr,05.févr,05.janv,10.févr,63,140,222,0.22,0.22,0.44,0.22,0.44,0.19,0.19,0.37,0.19,0.37
Lukas Kübler,de GER,DF MF,Freiburg,24,1992,15,13,1 151,12.août,0,0,0,0,0,0,3,0,0.1,0.1,0.1,0.2,10,41,30,0.00,0.00,0.00,0.00,0.00,0.01,0.01,0.02,0.01,0.02
Player,Nation,Pos,Squad,Age,Born,MP,Starts,Min,90s,Gls,Ast,G+A,G-PK,PK,PKatt,CrdY,CrdR,xG,npxG,xAG,npxG+xAG,PrgC,PrgP,PrgR,Gls,Ast,G+A,G-PK,G+A-PK,xG,xAG,xG+xAG,npxG,npxG+xAG
Filip Kusić,rs SRB,DF MF,Köln,21,1996,1,0,15,0.2,0,0,0,0,0,0,0,0,0.0,0.0,0.0,0.0,0,0,0,0.00,0.00,0.00,0.00,0.00,0.00,0.00,0.00,0.00,0.00
Konrad Laimer,at AUT,DF MF,RB Leipzig,20,1997,22,14,1 337,14.sept,0,2,2,0,0,0,2,0,0.2,0.2,01.juil,01.sept,23,86,56,0.00,0.13,0.13,0.00,0.13,0.01,0.11,0.13,0.01,0.13
Sebastian Langkamp,de GER,DF,Hertha BSC,29,1988,12,11,955,10.juin,0,0,0,0,0,0,2,0,0.3,0.3,0.0,0.4,1,41,1,0.00,0.00,0.00,0.00,0.00,0.03,0.00,0.03,0.03,0.03
Sebastian Langkamp,de GER,DF,Werder Bremen,29,1988,9,5,411,04.juin,0,0,0,0,0,0,2,0,0.7,0.7,0.1,0.8,0,17,1,0.00,0.00,0.00,0.00,0.00,0.16,0.02,0.17,0.16,0.17
Danny Latza,de GER,MF,Mainz 05,27,1989,29,27,2 352,26.janv,2,1,3,2,0,0,7,0,01.juil,01.juil,02.févr,03.sept,27,139,57,0.08,0.04,0.11,0.08,0.11,0.07,0.08,0.15,0.07,0.15
Valentino Lazaro,at AUT,MF FW,Hertha BSC,21,1996,26,19,1 864,20.juil,2,5,7,2,0,0,4,0,02.févr,02.févr,03.sept,06.janv,33,59,136,0.10,0.24,0.34,0.10,0.34,0.11,0.19,0.30,0.11,0.30
Mathew Leckie,au AUS,FW MF,Hertha BSC,26,1991,26,19,1 853,20.juin,5,1,6,5,0,0,3,0,2.0,2.0,01.juin,03.mai,44,77,173,0.24,0.05,0.29,0.24,0.29,0.10,0.08,0.17,0.10,0.17
Matthias Lehmann,de GER,MF,Köln,34,1983,20,17,1 515,16.août,0,0,0,0,0,0,3,0,0.3,0.3,0.1,0.4,9,119,7,0.00,0.00,0.00,0.00,0.00,0.02,0.00,0.03,0.02,0.03
Bernd Leno,de GER,GK,Leverkusen,25,1992,33,33,2 97,33.0,0,0,0,0,0,0,1,0,0.0,0.0,0.2,0.2,0,0,0,0.00,0.00,0.00,0.00,0.00,0.00,0.00,0.00,0.00,0.00
Robert Lewandowski,pl POL,FW,Bayern Munich,28,1988,30,24,2 172,24.janv,29,2,31,23,6,7,1,0,27.sept,22.avr,02.avr,24.août,44,71,220,janv.20,0.08,janv.28,0.95,01.avr,janv.16,0.10,janv.26,0.93,01.mars
Philipp Lienhart,at AUT,DF,Freiburg,21,1996,11,11,865,09.juin,0,0,0,0,0,0,2,0,0.1,0.1,0.0,0.1,7,22,1,0.00,0.00,0.00,0.00,0.00,0.01,0.01,0.01,0.01,0.01
Ademola Lookman,ng NGA,MF FW,RB Leipzig,19,1997,11,7,574,06.avr,5,3,8,5,0,0,1,0,03.janv,03.janv,02.mai,05.juin,29,23,42,0.78,0.47,janv.25,0.78,janv.25,0.49,0.39,0.88,0.49,0.88
Lars Lukas Mai,de GER,DF,Bayern Munich,17,2000,2,2,180,2.0,0,0,0,0,0,0,0,0,0.0,0.0,0.0,0.0,0,2,0,0.00,0.00,0.00,0.00,0.00,0.00,0.00,0.00,0.00,0.00
Fabian Lustenberger,ch SUI,MF DF,Hertha BSC,29,1988,23,18,1 583,17.juin,0,0,0,0,0,0,3,0,0.1,0.1,0.7,0.8,0,59,3,0.00,0.00,0.00,0.00,0.00,0.01,0.04,0.04,0.01,0.04
Andreas Luthe,de GER,GK,Augsburg,30,1987,2,2,180,2.0,0,0,0,0,0,0,0,0,0.0,0.0,0.0,0.0,0,0,0,0.00,0.00,0.00,0.00,0.00,0.00,0.00,0.00,0.00,0.00
Arne Maier,de GER,MF,Hertha BSC,18,1999,17,14,1 223,13.juin,0,1,1,0,0,0,1,0,1.0,1.0,01.févr,02.févr,21,81,24,0.00,0.07,0.07,0.00,0.07,0.07,0.09,0.16,0.07,0.16
Sebastian Maier,de GER,MF,Hannover 96,23,1993,10,2,265,02.sept,0,0,0,0,0,0,0,0,0.1,0.1,0.3,0.4,9,14,7,0.00,0.00,0.00,0.00,0.00,0.04,0.09,0.13,0.04,0.13
Linton Maina,de GER,MF,Hannover 96,18,1999,1,0,5,0.1,0,1,1,0,0,0,0,0,0.0,0.0,1.0,1.0,4,3,7,0.00,18.00,18.00,0.00,18.00,0.00,févr.83,févr.83,0.00,févr.83
Yunus Mallı,tr TUR,FW MF,Wolfsburg,25,1992,31,24,2 242,24.sept,5,4,9,5,0,0,3,0,04.juin,04.juin,03.janv,07.juil,93,108,165,0.20,0.16,0.36,0.20,0.36,0.18,0.12,0.31,0.18,0.31
Orel Mangala,be BEL,MF,Stuttgart,19,1998,20,7,779,08.juil,0,0,0,0,0,0,2,0,0.3,0.3,0.3,0.6,6,31,6,0.00,0.00,0.00,0.00,0.00,0.03,0.03,0.07,0.03,0.07
Dominic Maroh,si SVN,DF,Köln,30,1987,11,10,914,10.févr,0,0,0,0,0,0,0,0,0.2,0.2,0.2,0.3,1,16,0,0.00,0.00,0.00,0.00,0.00,0.02,0.02,0.03,0.02,0.03
Javi Martínez,es ESP,MF DF,Bayern Munich,28,1988,22,18,1 609,17.sept,1,2,3,1,0,0,1,0,01.juil,01.juil,02.févr,03.août,6,112,27,0.06,0.11,0.17,0.06,0.17,0.09,0.12,0.21,0.09,0.21
Omar Mascarell,gq EQG,MF,Eint Frankfurt,24,1993,9,8,771,08.juin,1,0,1,1,0,0,4,0,0.4,0.4,0.4,0.8,6,48,12,0.12,0.00,0.12,0.12,0.12,0.04,0.05,0.09,0.04,0.09
Christian Mathenia,de GER,GK,Hamburger SV,25,1992,24,24,2 16,24.0,0,0,0,0,0,0,2,0,0.0,0.0,0.1,0.1,0,0,0,0.00,0.00,0.00,0.00,0.00,0.00,0.00,0.00,0.00,0.00
Ville Matti Steinmann,de GER,MF,Hamburger SV,22,1995,8,8,595,06.juin,0,0,0,0,0,0,2,0,0.2,0.2,0.2,0.4,9,31,3,0.00,0.00,0.00,0.00,0.00,0.03,0.03,0.06,0.03,0.06
Player,Nation,Pos,Squad,Age,Born,MP,Starts,Min,90s,Gls,Ast,G+A,G-PK,PK,PKatt,CrdY,CrdR,xG,npxG,xAG,npxG+xAG,PrgC,PrgP,PrgR,Gls,Ast,G+A,G-PK,G+A-PK,xG,xAG,xG+xAG,npxG,npxG+xAG
Mërgim Mavraj,al ALB,DF,Hamburger SV,31,1986,17,17,1 445,16.janv,0,0,0,0,0,0,3,1,0.4,0.4,0.2,0.6,4,49,0,0.00,0.00,0.00,0.00,0.00,0.03,0.01,0.03,0.03,0.03
Philipp Max,de GER,DF,Augsburg,23,1993,33,33,2 959,32.9,2,12,14,2,0,0,5,0,0.8,0.8,09.mars,10.févr,66,102,136,0.06,0.36,0.43,0.06,0.43,0.03,0.28,0.31,0.03,0.31
Alexandru Maxim,ro ROU,MF,Mainz 05,27,1990,22,11,957,10.juin,2,2,4,2,0,0,4,0,01.mai,01.mai,01.avr,02.sept,32,55,59,0.19,0.19,0.38,0.19,0.38,0.14,0.13,0.27,0.14,0.27
Florian Mayer,de GER,DF,Gladbach,19,1998,1,0,19,0.2,0,0,0,0,0,0,0,0,0.0,0.0,0.0,0.0,0,0,0,0.00,0.00,0.00,0.00,0.00,0.00,0.00,0.00,0.00,0.00
Weston McKennie,us USA,MF,Schalke 04,18,1998,22,13,1 263,14.0,0,0,0,0,0,0,3,0,0.7,0.7,0.9,01.mai,10,55,29,0.00,0.00,0.00,0.00,0.00,0.05,0.06,0.12,0.05,0.12
Slobodan Medojević,rs SRB,MF,Eint Frankfurt,26,1990,1,0,29,0.3,0,0,0,0,0,0,0,0,0.0,0.0,0.0,0.0,0,4,1,0.00,0.00,0.00,0.00,0.00,0.00,0.00,0.00,0.00,0.00
Admir Mehmedi,ch SUI,FW MF,Wolfsburg,26,1991,5,3,290,03.févr,1,0,1,1,0,0,0,0,0.2,0.2,0.3,0.4,6,14,25,0.31,0.00,0.31,0.31,0.31,0.05,0.09,0.14,0.05,0.14
Admir Mehmedi,ch SUI,DF MF,Leverkusen,26,1991,12,8,700,07.août,2,3,5,2,0,0,3,0,0.9,0.9,01.sept,02.août,18,43,65,0.26,0.39,0.64,0.26,0.64,0.12,0.24,0.36,0.12,0.36
Alexander Meier,de GER,FW,Eint Frankfurt,34,1983,1,0,4,0.0,1,0,1,1,0,0,0,0,0.3,0.3,0.0,0.3,0,0,0,22.50,0.00,22.50,22.50,22.50,juil.84,0.00,juil.84,juil.84,juil.84
Jorge Meré,es ESP,DF,Köln,20,1997,22,21,1 89,21.0,1,1,2,1,0,0,6,0,0.3,0.3,0.3,0.6,13,70,5,0.05,0.05,0.10,0.05,0.10,0.01,0.02,0.03,0.01,0.03
Max Meyer,de GER,MF,Schalke 04,21,1995,24,21,1 727,19.févr,0,0,0,0,0,0,6,0,0.2,0.2,0.4,0.6,21,89,12,0.00,0.00,0.00,0.00,0.00,0.01,0.02,0.03,0.01,0.03
Maximilian Mittelstädt,de GER,MF DF,Hertha BSC,20,1997,11,5,424,04.juil,0,0,0,0,0,0,0,0,0.3,0.3,0.2,0.5,5,17,23,0.00,0.00,0.00,0.00,0.00,0.05,0.04,0.10,0.05,0.10
Niklas Moisander,fi FIN,DF,Werder Bremen,31,1985,25,25,2 25,25.0,2,0,2,2,0,0,6,0,01.sept,01.sept,0.6,02.mai,32,126,5,0.08,0.00,0.08,0.08,0.08,0.08,0.02,0.10,0.08,0.10
Jan Morávek,cz CZE,MF,Augsburg,27,1989,16,7,702,07.août,0,0,0,0,0,0,5,1,0.1,0.1,0.2,0.3,8,36,14,0.00,0.00,0.00,0.00,0.00,0.01,0.03,0.04,0.01,0.04
Florian Müller,de GER,GK,Mainz 05,19,1997,5,5,450,5.0,0,0,0,0,0,0,0,0,0.0,0.0,0.0,0.0,0,0,0,0.00,0.00,0.00,0.00,0.00,0.00,0.00,0.00,0.00,0.00
Nicolai Müller,de GER,DF MF,Hamburger SV,29,1987,2,1,101,01.janv,1,0,1,1,0,0,0,0,0.1,0.1,0.0,0.1,1,1,2,0.89,0.00,0.89,0.89,0.89,0.22,0.08,0.30,0.22,0.30
Thomas Müller,de GER,MF FW,Bayern Munich,27,1989,29,22,2 005,22.mars,8,14,22,8,0,0,4,0,06.janv,06.janv,10.mars,16.avr,35,87,301,0.36,0.63,0.99,0.36,0.99,0.28,0.47,0.75,0.28,0.75
Yoshinori Mutō,jp JPN,FW,Mainz 05,25,1992,27,20,1 904,21.févr,8,2,10,8,0,0,2,0,04.sept,04.sept,02.juil,07.juin,24,26,103,0.38,0.09,0.47,0.38,0.47,0.23,0.13,0.36,0.23,0.36
Yvon Mvogo,ch SUI,GK,RB Leipzig,23,1994,1,1,90,1.0,0,0,0,0,0,0,0,0,0.0,0.0,0.0,0.0,0,0,0,0.00,0.00,0.00,0.00,0.00,0.00,0.00,0.00,0.00,0.00
Naldo,br BRA,DF,Schalke 04,34,1982,34,34,3 06,34.0,7,2,9,7,0,0,5,0,03.sept,03.sept,02.mai,06.avr,9,73,6,0.21,0.06,0.26,0.21,0.26,0.11,0.07,0.19,0.11,0.19
Nikolas Nartey,dk DEN,MF,Köln,17,2000,1,0,7,0.1,0,0,0,0,0,0,0,0,0.0,0.0,0.0,0.0,0,0,0,0.00,0.00,0.00,0.00,0.00,0.00,0.00,0.00,0.00,0.00
Matija Nastasić,rs SRB,DF,Schalke 04,24,1993,24,22,1 989,22.janv,0,0,0,0,0,0,6,1,0.9,0.9,0.2,01.janv,9,62,0,0.00,0.00,0.00,0.00,0.00,0.04,0.01,0.05,0.04,0.05
Manuel Neuer,de GER,GK,Bayern Munich,31,1986,3,3,270,3.0,0,0,0,0,0,0,0,0,0.0,0.0,0.0,0.0,0,0,0,0.00,0.00,0.00,0.00,0.00,0.00,0.00,0.00,0.00,0.00
Florian Niederlechner,de GER,FW MF,Freiburg,26,1990,10,9,697,07.juil,2,0,2,2,0,1,1,0,03.janv,02.mars,0.6,02.sept,11,15,37,0.26,0.00,0.26,0.26,0.26,0.40,0.07,0.48,0.30,0.38
Håvard Nordtveit,no NOR,DF,Hoffenheim,27,1990,15,10,969,10.août,0,0,0,0,0,0,0,0,0.4,0.4,0.0,0.4,8,61,5,0.00,0.00,0.00,0.00,0.00,0.04,0.00,0.04,0.04,0.04
Player,Nation,Pos,Squad,Age,Born,MP,Starts,Min,90s,Gls,Ast,G+A,G-PK,PK,PKatt,CrdY,CrdR,xG,npxG,xAG,npxG+xAG,PrgC,PrgP,PrgR,Gls,Ast,G+A,G-PK,G+A-PK,xG,xAG,xG+xAG,npxG,npxG+xAG
Paul-Georges Ntep,cm CMR,FW MF,Wolfsburg,25,1992,5,1,165,01.août,0,0,0,0,0,0,2,1,0.1,0.1,0.4,0.5,12,3,19,0.00,0.00,0.00,0.00,0.00,0.04,0.24,0.29,0.04,0.29
Alexander Nübel,de GER,GK,Schalke 04,20,1996,1,0,45,0.5,0,0,0,0,0,0,0,0,0.0,0.0,0.0,0.0,0,0,0,0.00,0.00,0.00,0.00,0.00,0.00,0.00,0.00,0.00,0.00
Philipp Ochs,de GER,FW DF,Hoffenheim,20,1997,3,0,73,0.8,0,0,0,0,0,0,0,0,0.3,0.3,0.0,0.4,0,1,7,0.00,0.00,0.00,0.00,0.00,0.40,0.06,0.46,0.40,0.46
Bastian Oczipka,de GER,DF MF,Schalke 04,28,1989,29,26,2 32,25.août,0,2,2,0,0,0,2,0,1.0,1.0,04.mai,05.avr,87,135,120,0.00,0.08,0.08,0.00,0.08,0.04,0.17,0.21,0.04,0.21
Ebenezer Ofori,gh GHA,MF,Stuttgart,22,1995,1,0,10,0.1,0,0,0,0,0,0,0,0,0.0,0.0,0.0,0.0,0,1,1,0.00,0.00,0.00,0.00,0.00,0.00,0.00,0.00,0.00,0.00
Kwasi Okyere Wriedt,gh GHA,MF,Bayern Munich,23,1994,1,0,23,0.3,0,0,0,0,0,0,0,0,0.1,0.1,0.0,0.1,1,0,3,0.00,0.00,0.00,0.00,0.00,0.55,0.00,0.55,0.55,0.55
Paweł Olkowski,pl POL,DF,Köln,27,1990,5,5,450,5.0,0,0,0,0,0,0,1,0,0.2,0.2,0.0,0.2,10,8,14,0.00,0.00,0.00,0.00,0.00,0.03,0.00,0.03,0.03,0.03
Karim Onisiwo,at AUT,DF FW,Mainz 05,25,1992,8,2,256,02.août,0,0,0,0,0,0,0,0,0.3,0.3,0.6,0.9,3,6,19,0.00,0.00,0.00,0.00,0.00,0.12,0.20,0.32,0.12,0.32
Daniel Opare,gh GHA,DF,Augsburg,26,1990,17,17,1 417,15.juil,0,0,0,0,0,0,6,0,0.1,0.1,0.6,0.7,40,54,32,0.00,0.00,0.00,0.00,0.00,0.01,0.04,0.05,0.01,0.05
Willi Orban,hu HUN,DF,RB Leipzig,24,1992,26,25,2 126,23.juin,3,0,3,3,0,0,5,1,0.9,0.9,01.avr,02.mars,6,97,7,0.13,0.00,0.13,0.13,0.13,0.04,0.06,0.10,0.04,0.10
Divock Origi,be BEL,FW,Wolfsburg,22,1995,31,22,1 967,21.sept,6,2,8,6,0,0,2,0,07.févr,07.févr,01.janv,08.mars,40,24,182,0.27,0.09,0.37,0.27,0.37,0.33,0.05,0.38,0.33,0.38
Yuya Osako,jp JPN,FW MF,Köln,27,1990,25,23,1 896,21.janv,4,2,6,4,0,0,3,1,04.juin,04.juin,02.janv,06.juil,35,93,146,0.19,0.09,0.28,0.19,0.28,0.22,0.10,0.32,0.22,0.32
Victor Osimhen,ng NGA,FW MF,Wolfsburg,18,1998,12,3,287,03.févr,0,0,0,0,0,0,0,0,0.8,0.8,0.2,1.0,5,5,26,0.00,0.00,0.00,0.00,0.00,0.25,0.05,0.30,0.25,0.30
Matthias Ostrzolek,de GER,DF MF,Hannover 96,27,1990,27,27,2 379,26.avr,0,1,1,0,0,0,5,0,0.7,0.7,01.juil,02.avr,45,111,84,0.00,0.04,0.04,0.00,0.04,0.02,0.07,0.09,0.02,0.09
Anas Ouahim,de GER,MF,Köln,19,1997,1,0,19,0.2,0,0,0,0,0,0,0,0,0.1,0.1,0.0,0.1,0,0,4,0.00,0.00,0.00,0.00,0.00,0.29,0.00,0.29,0.29,0.29
Reece Oxford,eng ENG,DF MF,Gladbach,18,1998,7,5,463,05.janv,0,0,0,0,0,0,1,0,0.2,0.2,0.1,0.3,1,21,9,0.00,0.00,0.00,0.00,0.00,0.03,0.02,0.05,0.03,0.05
Berkay Özcan,tr TUR,MF FW,Stuttgart,19,1998,17,11,1 002,11.janv,1,2,3,1,0,0,1,0,01.avr,01.avr,01.juin,3.0,11,33,51,0.09,0.18,0.27,0.09,0.27,0.12,0.15,0.27,0.12,0.27
Ramazan Özcan,at AUT,GK,Leverkusen,33,1984,1,1,90,1.0,0,0,0,0,0,0,0,0,0.0,0.0,0.0,0.0,0,0,0,0.00,0.00,0.00,0.00,0.00,0.00,0.00,0.00,0.00,0.00
Salih Özcan,tr TUR,MF,Köln,19,1998,23,19,1 67,18.juin,0,1,1,0,0,0,5,0,0.8,0.8,01.juil,02.mai,17,88,38,0.00,0.05,0.05,0.00,0.05,0.04,0.09,0.14,0.04,0.14
Levin Öztunalı,de GER,FW MF,Mainz 05,21,1996,25,21,1 741,19.mars,0,4,4,0,0,0,3,0,02.févr,02.févr,02.févr,04.avr,51,39,143,0.00,0.21,0.21,0.00,0.21,0.11,0.11,0.23,0.11,0.23
Kyriakos Papadopoulos,gr GRE,DF,Hamburger SV,25,1992,29,29,2 61,29.0,1,1,2,1,0,0,12,1,01.mai,01.mai,0.6,02.janv,7,106,8,0.03,0.03,0.07,0.03,0.07,0.05,0.02,0.07,0.05,0.07
Sokratis Papastathopoulos,gr GRE,DF,Dortmund,29,1988,30,28,2 373,26.avr,2,0,2,2,0,0,5,1,1.0,1.0,0.2,01.févr,27,115,10,0.08,0.00,0.08,0.08,0.08,0.04,0.01,0.05,0.04,0.05
Shawn Parker,de GER,FW MF,Augsburg,24,1993,2,0,46,0.5,0,0,0,0,0,0,0,0,0.0,0.0,0.1,0.1,0,1,2,0.00,0.00,0.00,0.00,0.00,0.00,0.12,0.12,0.00,0.12
Felix Passlack,de GER,FW DF,Hoffenheim,19,1998,2,1,62,0.7,0,0,0,0,0,0,0,0,0.0,0.0,0.1,0.1,0,5,2,0.00,0.00,0.00,0.00,0.00,0.00,0.10,0.10,0.00,0.10
Felix Passlack,de GER,DF,Dortmund,19,1998,1,0,13,0.1,0,0,0,0,0,0,0,0,0.0,0.0,0.0,0.0,1,2,0,0.00,0.00,0.00,0.00,0.00,0.00,0.00,0.00,0.00,0.00
Player,Nation,Pos,Squad,Age,Born,MP,Starts,Min,90s,Gls,Ast,G+A,G-PK,PK,PKatt,CrdY,CrdR,xG,npxG,xAG,npxG+xAG,PrgC,PrgP,PrgR,Gls,Ast,G+A,G-PK,G+A-PK,xG,xAG,xG+xAG,npxG,npxG+xAG
Benjamin Pavard,fr FRA,DF,Stuttgart,21,1996,34,34,3 06,34.0,1,0,1,1,0,0,2,0,1.0,1.0,01.janv,02.janv,17,103,31,0.03,0.00,0.03,0.03,0.03,0.03,0.03,0.06,0.03,0.06
Jiří Pavlenka,cz CZE,GK,Werder Bremen,25,1992,34,34,3 06,34.0,0,0,0,0,0,0,1,0,0.0,0.0,0.0,0.0,0,1,1,0.00,0.00,0.00,0.00,0.00,0.00,0.00,0.00,0.00,0.00
Peter Pekarík,sk SVK,DF,Hertha BSC,30,1986,17,17,1 375,15.mars,0,2,2,0,0,0,1,0,0.7,0.7,01.juil,02.avr,19,65,45,0.00,0.13,0.13,0.00,0.13,0.05,0.11,0.16,0.05,0.16
Nils Petersen,de GER,FW,Freiburg,28,1988,32,24,2 244,24.sept,15,1,16,10,5,6,4,1,12.mars,07.juin,02.juil,10.févr,28,48,137,0.60,0.04,0.64,0.40,0.44,0.49,0.11,0.60,0.30,0.41
Maximilian Philipp,de GER,FW,Dortmund,23,1994,20,15,1 203,13.avr,9,1,10,9,0,0,0,0,04.févr,04.janv,01.sept,6.0,13,28,114,0.67,0.07,0.75,0.67,0.75,0.31,0.14,0.45,0.31,0.45
Łukasz Piszczek,pl POL,DF,Dortmund,32,1985,24,24,2 138,23.août,0,3,3,0,0,0,3,0,01.janv,01.janv,02.mai,03.mai,36,121,100,0.00,0.13,0.13,0.00,0.13,0.04,0.10,0.15,0.04,0.15
Claudio Pizarro,pe PER,FW MF,Köln,38,1978,16,5,579,06.avr,1,1,2,1,0,0,0,0,01.sept,01.sept,0.6,02.mai,9,26,55,0.16,0.16,0.31,0.16,0.31,0.29,0.10,0.39,0.29,0.39
Marko Pjaca,hr CRO,FW MF,Schalke 04,22,1995,7,3,260,02.sept,2,0,2,2,0,0,0,0,0.5,0.5,0.0,0.5,10,7,21,0.69,0.00,0.69,0.69,0.69,0.16,0.00,0.16,0.16,0.16
Marvin Plattenhardt,de GER,DF,Hertha BSC,25,1992,33,33,2 97,33.0,0,7,7,0,0,0,6,0,1.0,1.0,03.août,04.août,42,137,91,0.00,0.21,0.21,0.00,0.21,0.03,0.11,0.14,0.03,0.14
Joel Pohjanpalo,fi FIN,MF FW,Leverkusen,22,1994,7,0,116,01.mars,1,0,1,1,0,0,0,0,0.8,0.8,0.0,0.8,0,2,6,0.78,0.00,0.78,0.78,0.78,0.66,0.00,0.66,0.66,0.66
Eugen Polanski,pl POL,MF,Hoffenheim,31,1986,9,2,261,02.sept,0,1,1,0,0,0,1,0,0.2,0.2,0.1,0.3,5,13,3,0.00,0.34,0.34,0.00,0.34,0.07,0.04,0.11,0.07,0.11
Julian Pollersbeck,de GER,GK,Hamburger SV,22,1994,10,10,900,10.0,0,0,0,0,0,0,1,0,0.0,0.0,0.0,0.0,0,0,0,0.00,0.00,0.00,0.00,0.00,0.00,0.00,0.00,0.00,0.00
Stefan Posch,at AUT,DF,Hoffenheim,20,1997,9,9,756,08.avr,0,0,0,0,0,0,3,0,0.2,0.2,0.0,0.2,10,25,3,0.00,0.00,0.00,0.00,0.00,0.02,0.00,0.02,0.02,0.02
Yussuf Poulsen,dk DEN,FW,RB Leipzig,23,1994,30,18,1 664,18.mai,4,2,6,4,0,0,1,0,07.sept,07.sept,02.mai,10.avr,32,34,144,0.22,0.11,0.32,0.22,0.32,0.43,0.14,0.56,0.43,0.56
Christian Pulisic,us USA,FW DF,Dortmund,18,1998,32,27,2 302,25.juin,4,5,9,4,0,0,1,0,05.févr,05.févr,04.sept,10.janv,152,64,257,0.16,0.20,0.35,0.16,0.35,0.20,0.19,0.40,0.20,0.40
Robin Quaison,se SWE,FW,Mainz 05,23,1993,24,15,1 409,15.juil,4,1,5,4,0,0,3,0,04.sept,04.sept,01.mars,06.févr,22,22,79,0.26,0.06,0.32,0.26,0.32,0.31,0.08,0.40,0.31,0.40
Raffael,br BRA,FW,Gladbach,32,1985,27,23,2 071,23.0,9,1,10,8,1,1,0,0,06.juil,05.sept,03.sept,09.août,51,98,136,0.39,0.04,0.43,0.35,0.39,0.29,0.17,0.46,0.26,0.42
Rafinha,br BRA,DF,Bayern Munich,31,1985,27,19,1 851,20.juin,1,2,3,1,0,0,4,0,0.5,0.5,01.juil,02.mars,52,174,124,0.05,0.10,0.15,0.05,0.15,0.03,0.08,0.11,0.03,0.11
Baba Rahman,gh GHA,DF,Schalke 04,23,1994,1,0,34,0.4,0,0,0,0,0,0,0,0,0.0,0.0,0.0,0.0,2,3,2,0.00,0.00,0.00,0.00,0.00,0.00,0.00,0.00,0.00,0.00
André Ramalho,br BRA,DF FW,Leverkusen,25,1992,3,0,34,0.4,0,0,0,0,0,0,0,0,0.0,0.0,0.0,0.0,0,3,0,0.00,0.00,0.00,0.00,0.00,0.00,0.00,0.00,0.00,0.00
Milot Rashica,xk KVX,FW MF,Werder Bremen,21,1996,9,5,384,04.mars,1,0,1,1,0,0,0,0,01.févr,01.févr,0.7,01.sept,27,8,66,0.23,0.00,0.23,0.23,0.23,0.27,0.17,0.44,0.27,0.44
Konstantin Rausch,ru RUS,DF,Köln,27,1990,12,11,925,10.mars,0,1,1,0,0,0,3,0,0.5,0.5,0.6,1.0,19,38,34,0.00,0.10,0.10,0.00,0.10,0.05,0.05,0.10,0.05,0.10
Yoric Ravet,fr FRA,FW MF,Freiburg,27,1989,10,5,498,05.mai,0,2,2,0,0,0,0,1,0.7,0.7,01.juil,02.avr,14,20,39,0.00,0.36,0.36,0.00,0.36,0.12,0.31,0.44,0.12,0.44
Ante Rebić,hr CRO,FW,Eint Frankfurt,23,1993,25,21,1 751,19.mai,6,2,8,6,0,0,8,0,04.juil,04.juil,04.mars,9.0,63,59,165,0.31,0.10,0.41,0.31,0.41,0.24,0.22,0.46,0.24,0.46
Fabian Reese,de GER,FW MF,Schalke 04,19,1997,7,0,75,0.8,0,0,0,0,0,0,0,0,0.3,0.3,0.0,0.3,3,3,5,0.00,0.00,0.00,0.00,0.00,0.33,0.00,0.33,0.33,0.33
Player,Nation,Pos,Squad,Age,Born,MP,Starts,Min,90s,Gls,Ast,G+A,G-PK,PK,PKatt,CrdY,CrdR,xG,npxG,xAG,npxG+xAG,PrgC,PrgP,PrgR,Gls,Ast,G+A,G-PK,G+A-PK,xG,xAG,xG+xAG,npxG,npxG+xAG
Karim Rekik,nl NED,DF,Hertha BSC,22,1994,26,26,2 302,25.juin,2,2,4,2,0,0,4,0,0.5,0.5,0.6,01.janv,6,61,2,0.08,0.08,0.16,0.08,0.16,0.02,0.02,0.04,0.02,0.04
Panagiotis Retsos,gr GRE,DF,Leverkusen,18,1998,24,18,1 716,19.janv,1,3,4,1,0,0,6,0,0.7,0.7,01.févr,01.août,20,93,29,0.05,0.16,0.21,0.05,0.21,0.04,0.06,0.10,0.04,0.10
Marco Reus,de GER,MF FW,Dortmund,28,1989,11,11,928,10.mars,7,0,7,7,0,1,1,0,05.mai,04.juil,02.avr,07.janv,19,44,95,0.68,0.00,0.68,0.68,0.68,0.53,0.23,0.76,0.46,0.69
Elvis Rexhbeçaj,xk KVX,DF MF,Wolfsburg,19,1997,4,1,128,01.avr,0,0,0,0,0,0,0,0,0.0,0.0,0.0,0.0,3,3,9,0.00,0.00,0.00,0.00,0.00,0.00,0.00,0.00,0.00,0.00
Franck Ribéry,fr FRA,FW MF,Bayern Munich,34,1983,20,15,1 203,13.avr,5,1,6,5,0,0,3,0,03.mars,03.mars,04.févr,07.avr,86,93,186,0.37,0.07,0.45,0.37,0.45,0.24,0.31,0.56,0.24,0.56
Marco Richter,de GER,FW,Augsburg,19,1997,12,6,644,07.févr,1,0,1,1,0,0,0,0,0.9,0.9,01.juin,02.avr,17,15,41,0.14,0.00,0.14,0.14,0.14,0.13,0.23,0.36,0.13,0.36
Birk Risa,no NOR,FW,Köln,19,1998,2,1,81,0.9,0,0,0,0,0,0,0,0,0.3,0.3,0.0,0.3,2,1,5,0.00,0.00,0.00,0.00,0.00,0.29,0.03,0.32,0.29,0.32
Marcel Risse,de GER,DF MF,Köln,27,1989,16,13,1 169,13.0,1,3,4,1,0,0,2,0,0.8,0.8,02.juin,03.avr,29,44,71,0.08,0.23,0.31,0.08,0.31,0.06,0.20,0.27,0.06,0.27
Arjen Robben,nl NED,FW MF,Bayern Munich,33,1984,21,19,1 507,16.juil,5,5,10,5,0,1,0,0,05.janv,04.mars,05.janv,09.avr,97,122,216,0.30,0.30,0.60,0.30,0.60,0.31,0.30,0.61,0.26,0.56
James Rodríguez,co COL,MF FW,Bayern Munich,26,1991,23,19,1 621,18.0,7,11,18,7,0,0,2,0,04.août,04.août,07.mai,12.avr,37,204,157,0.39,0.61,1.00,0.39,1.00,0.27,0.42,0.69,0.27,0.69
Sebastian Rudy,de GER,MF,Bayern Munich,27,1990,25,16,1 515,16.août,1,4,5,1,0,0,2,0,0.9,0.9,01.avr,02.mars,9,121,44,0.06,0.24,0.30,0.06,0.30,0.05,0.09,0.14,0.05,0.14
Lukas Rupp,de GER,MF FW,Hoffenheim,26,1991,21,15,1 16,12.sept,3,2,5,3,0,0,1,0,02.avr,02.avr,2.0,04.avr,28,51,64,0.23,0.16,0.39,0.23,0.39,0.19,0.16,0.34,0.19,0.34
Marco Russ,de GER,DF,Eint Frankfurt,31,1985,19,12,1 145,12.juil,1,0,1,1,0,0,3,0,0.5,0.5,0.1,0.7,8,59,3,0.08,0.00,0.08,0.08,0.08,0.04,0.01,0.05,0.04,0.05
Marcel Sabitzer,at AUT,MF FW,RB Leipzig,23,1994,22,21,1 79,19.sept,3,5,8,3,0,0,4,0,03.août,03.août,03.mars,07.janv,37,112,157,0.15,0.25,0.40,0.15,0.40,0.19,0.17,0.36,0.19,0.36
Nuri Şahin,tr TUR,MF,Dortmund,28,1988,18,14,1 225,13.juin,2,2,4,2,0,0,2,0,02.janv,02.janv,03.févr,05.mars,19,147,25,0.15,0.15,0.29,0.15,0.29,0.15,0.24,0.39,0.15,0.39
Gōtoku Sakai,jp JPN,DF MF,Hamburger SV,26,1991,28,26,2 289,25.avr,0,0,0,0,0,0,2,0,0.7,0.7,0.7,01.avr,48,151,68,0.00,0.00,0.00,0.00,0.00,0.03,0.03,0.06,0.03,0.06
Carlos Salcedo,mx MEX,DF,Eint Frankfurt,23,1993,20,17,1 607,17.sept,0,0,0,0,0,0,5,0,0.2,0.2,0.0,0.2,6,65,7,0.00,0.00,0.00,0.00,0.00,0.01,0.00,0.01,0.01,0.01
Sejad Salihović,ba BIH,MF,Hamburger SV,32,1984,10,4,370,04.janv,1,1,2,0,1,1,1,0,1.0,0.2,0.6,0.9,4,19,23,0.24,0.24,0.49,0.00,0.24,0.24,0.16,0.40,0.06,0.22
Jairo Samperio,es ESP,MF FW,Mainz 05,24,1993,2,0,36,0.4,0,0,0,0,0,0,1,0,0.1,0.1,0.0,0.1,0,1,4,0.00,0.00,0.00,0.00,0.00,0.23,0.00,0.23,0.23,0.23
Jadon Sancho,eng ENG,FW,Dortmund,17,2000,12,7,690,07.juil,1,4,5,1,0,0,0,0,01.sept,01.sept,02.sept,04.juil,40,31,94,0.13,0.52,0.65,0.13,0.65,0.24,0.38,0.62,0.24,0.62
Lamine Sané,sn SEN,DF,Werder Bremen,30,1987,11,9,786,08.juil,1,0,1,1,0,0,1,0,0.3,0.3,0.0,0.3,2,31,1,0.11,0.00,0.11,0.11,0.11,0.03,0.00,0.03,0.03,0.03
Salif Sané,sn SEN,DF,Hannover 96,26,1990,32,32,2 879,32.0,4,1,5,4,0,0,6,0,01.sept,01.sept,0.6,02.mai,33,138,13,0.13,0.03,0.16,0.13,0.16,0.06,0.02,0.08,0.06,0.08
Douglas Santos,br BRA,DF,Hamburger SV,23,1994,27,26,2 378,26.avr,1,1,2,1,0,0,6,0,1.0,1.0,01.sept,02.sept,80,129,94,0.04,0.04,0.08,0.04,0.08,0.04,0.07,0.11,0.04,0.11
Julian Schieber,de GER,MF FW,Hertha BSC,28,1989,3,0,56,0.6,0,0,0,0,0,0,0,0,0.3,0.3,0.0,0.3,0,0,4,0.00,0.00,0.00,0.00,0.00,0.51,0.00,0.51,0.51,0.51
Sven Schipplock,de GER,FW MF,Hamburger SV,28,1988,9,3,338,03.août,0,0,0,0,0,0,0,0,0.8,0.8,0.5,01.avr,1,3,21,0.00,0.00,0.00,0.00,0.00,0.22,0.14,0.37,0.22,0.37
Player,Nation,Pos,Squad,Age,Born,MP,Starts,Min,90s,Gls,Ast,G+A,G-PK,PK,PKatt,CrdY,CrdR,xG,npxG,xAG,npxG+xAG,PrgC,PrgP,PrgR,Gls,Ast,G+A,G-PK,G+A-PK,xG,xAG,xG+xAG,npxG,npxG+xAG
Marcel Schmelzer,de GER,DF,Dortmund,29,1988,18,17,1 491,16.juin,0,0,0,0,0,0,3,0,0.2,0.2,0.6,0.8,45,113,68,0.00,0.00,0.00,0.00,0.00,0.01,0.03,0.05,0.01,0.05
Jonathan Schmid,fr FRA,DF FW,Augsburg,27,1990,25,15,1 473,16.avr,0,0,0,0,0,0,1,0,01.juil,01.juil,01.août,03.juin,21,34,75,0.00,0.00,0.00,0.00,0.00,0.11,0.11,0.22,0.11,0.22
Manuel Schmiedebach,de GER,MF,Hannover 96,28,1988,6,2,165,01.août,0,0,0,0,0,0,1,0,0.0,0.0,0.2,0.2,2,9,3,0.00,0.00,0.00,0.00,0.00,0.00,0.10,0.10,0.00,0.10
Benno Schmitz,de GER,DF,RB Leipzig,22,1994,2,1,82,0.9,0,0,0,0,0,0,0,0,0.0,0.0,0.1,0.1,1,0,4,0.00,0.00,0.00,0.00,0.00,0.00,0.10,0.10,0.00,0.10
Alessandro Schöpf,at AUT,DF FW,Schalke 04,23,1994,15,9,808,9.0,0,0,0,0,0,0,3,0,0.4,0.4,0.5,0.9,36,38,46,0.00,0.00,0.00,0.00,0.00,0.04,0.06,0.10,0.04,0.10
Nico Schulz,de GER,FW MF,Hoffenheim,24,1993,27,19,1 78,19.août,1,2,3,1,0,0,3,0,01.avr,01.avr,02.sept,04.mars,105,75,151,0.05,0.10,0.15,0.05,0.15,0.07,0.15,0.22,0.07,0.22
André Schürrle,de GER,FW,Dortmund,26,1990,18,11,1 236,13.juil,1,6,7,1,0,1,0,0,04.janv,03.avr,03.juil,07.janv,54,57,152,0.07,0.44,0.51,0.07,0.51,0.30,0.27,0.57,0.24,0.52
Julian Schuster,de GER,DF MF,Freiburg,32,1985,18,16,1 308,14.mai,0,0,0,0,0,0,1,0,0.6,0.6,01.févr,01.août,5,50,8,0.00,0.00,0.00,0.00,0.00,0.04,0.08,0.13,0.04,0.13
Pirmin Schwegler,ch SUI,MF,Hannover 96,30,1987,29,27,2 319,25.août,0,6,6,0,0,0,10,0,0.8,0.8,4.0,04.août,16,141,21,0.00,0.23,0.23,0.00,0.23,0.03,0.16,0.19,0.03,0.19
Alexander Schwolow,de GER,GK,Freiburg,25,1992,33,33,2 906,32.3,0,0,0,0,0,0,0,0,0.1,0.1,0.1,0.2,0,2,0,0.00,0.00,0.00,0.00,0.00,0.00,0.00,0.01,0.00,0.01
Davie Selke,de GER,FW,Hertha BSC,22,1995,27,19,1 886,21.0,10,0,10,9,1,1,4,0,07.juil,06.sept,2.0,08.sept,34,25,137,0.48,0.00,0.48,0.43,0.43,0.37,0.09,0.46,0.33,0.42
Suat Serdar,de GER,MF,Mainz 05,20,1997,25,16,1 703,18.sept,2,0,2,2,0,0,3,0,01.juil,01.juil,01.févr,02.sept,28,69,34,0.11,0.00,0.11,0.11,0.11,0.09,0.06,0.15,0.09,0.15
Meritan Shabani,al ALB,FW,Bayern Munich,18,1999,1,1,55,0.6,0,0,0,0,0,0,0,0,0.0,0.0,0.0,0.0,0,1,2,0.00,0.00,0.00,0.00,0.00,0.00,0.00,0.00,0.00,0.00
Vincent Sierro,ch SUI,MF FW,Freiburg,21,1995,4,3,213,02.avr,0,0,0,0,0,0,0,0,0.2,0.2,0.2,0.3,0,12,10,0.00,0.00,0.00,0.00,0.00,0.08,0.07,0.15,0.08,0.15
Tobias Sippel,de GER,GK,Gladbach,29,1988,5,4,435,04.août,0,0,0,0,0,0,0,0,0.0,0.0,0.0,0.0,0,1,0,0.00,0.00,0.00,0.00,0.00,0.00,0.01,0.01,0.00,0.01
Yann Sommer,ch SUI,GK,Gladbach,28,1988,30,30,2 625,29.2,0,0,0,0,0,0,1,0,0.0,0.0,0.0,0.0,0,0,0,0.00,0.00,0.00,0.00,0.00,0.00,0.00,0.00,0.00,0.00
Oliver Sorg,de GER,DF MF,Hannover 96,27,1990,22,20,1 687,18.juil,0,1,1,0,0,0,4,0,0.3,0.3,0.6,0.9,12,59,35,0.00,0.05,0.05,0.00,0.05,0.02,0.03,0.05,0.02,0.05
Çağlar Söyüncü,tr TUR,DF,Freiburg,21,1996,26,25,2 153,23.sept,1,0,1,1,0,0,5,2,0.8,0.8,0.0,0.8,23,62,4,0.04,0.00,0.04,0.04,0.04,0.03,0.00,0.03,0.03,0.03
Kostas Stafylidis,gr GRE,FW DF,Augsburg,23,1993,2,0,33,0.4,0,0,0,0,0,0,0,0,0.0,0.0,0.0,0.0,0,0,0,0.00,0.00,0.00,0.00,0.00,0.08,0.00,0.08,0.08,0.08
Benjamin Stambouli,fr FRA,DF MF,Schalke 04,26,1990,28,24,2 197,24.avr,0,2,2,0,0,0,4,0,0.0,0.0,0.8,0.8,29,137,3,0.00,0.08,0.08,0.00,0.08,0.00,0.03,0.03,0.00,0.03
Caleb Stanko,us USA,DF,Freiburg,24,1993,6,1,191,02.janv,0,0,0,0,0,0,0,0,0.0,0.0,0.0,0.0,2,7,0,0.00,0.00,0.00,0.00,0.00,0.01,0.00,0.01,0.01,0.01
Niklas Stark,de GER,DF MF,Hertha BSC,22,1995,26,25,2 21,24.juin,1,1,2,1,0,0,2,0,01.janv,01.janv,0.7,01.août,23,98,6,0.04,0.04,0.08,0.04,0.08,0.04,0.03,0.07,0.04,0.07
Tom Starke,de GER,GK,Bayern Munich,36,1981,2,2,180,2.0,0,0,0,0,0,0,0,0,0.0,0.0,0.0,0.0,0,0,0,0.00,0.00,0.00,0.00,0.00,0.00,0.00,0.00,0.00,0.00
Renato Steffen,ch SUI,FW MF,Wolfsburg,25,1991,16,6,659,07.mars,0,0,0,0,0,0,3,0,0.7,0.7,0.2,0.9,9,16,35,0.00,0.00,0.00,0.00,0.00,0.10,0.03,0.13,0.10,0.13
Marc Stendera,de GER,MF,Eint Frankfurt,21,1995,7,5,372,04.janv,0,0,0,0,0,0,1,0,0.5,0.5,0.0,0.5,1,22,10,0.00,0.00,0.00,0.00,0.00,0.11,0.01,0.12,0.11,0.12
Player,Nation,Pos,Squad,Age,Born,MP,Starts,Min,90s,Gls,Ast,G+A,G-PK,PK,PKatt,CrdY,CrdR,xG,npxG,xAG,npxG+xAG,PrgC,PrgP,PrgR,Gls,Ast,G+A,G-PK,G+A-PK,xG,xAG,xG+xAG,npxG,npxG+xAG
Pascal Stenzel,de GER,MF DF,Freiburg,21,1996,25,21,1 941,21.juin,1,0,1,1,0,0,3,0,0.5,0.5,0.8,01.mars,27,82,53,0.05,0.00,0.05,0.05,0.05,0.02,0.04,0.06,0.02,0.06
Lars Stindl,de GER,FW MF,Gladbach,28,1988,31,31,2 727,30.mars,6,3,9,6,0,0,5,0,06.mars,06.mars,06.janv,12.avr,39,187,202,0.20,0.10,0.30,0.20,0.30,0.21,0.20,0.41,0.21,0.41
Valentin Stocker,ch SUI,MF,Hertha BSC,28,1989,3,0,52,0.6,0,0,0,0,0,0,0,0,0.1,0.1,0.0,0.1,1,1,5,0.00,0.00,0.00,0.00,0.00,0.13,0.05,0.19,0.13,0.19
Tobias Strobl,de GER,MF,Gladbach,27,1990,4,1,115,01.mars,0,1,1,0,0,0,0,0,0.0,0.0,0.6,0.6,0,4,0,0.00,0.78,0.78,0.00,0.78,0.00,0.50,0.50,0.00,0.50
Neven Subotić,rs SRB,DF,Dortmund,28,1988,4,3,271,3.0,0,0,0,0,0,0,1,0,0.0,0.0,0.0,0.0,0,11,0,0.00,0.00,0.00,0.00,0.00,0.00,0.00,0.00,0.00,0.00
Niklas Süle,de GER,DF,Bayern Munich,21,1995,27,20,1 926,21.avr,2,1,3,2,0,0,1,0,01.mai,01.mai,0.8,02.mars,15,113,8,0.09,0.05,0.14,0.09,0.14,0.07,0.04,0.11,0.07,0.11
Ádám Szalai,hu HUN,FW,Hoffenheim,29,1987,18,8,896,10.0,5,1,6,5,0,0,2,0,03.avr,03.avr,0.8,04.janv,6,18,70,0.50,0.10,0.60,0.50,0.60,0.34,0.08,0.42,0.34,0.42
Frederik Sørensen,dk DEN,DF,Köln,25,1992,28,24,2 001,22.févr,2,1,3,2,0,0,9,0,02.juil,02.juil,0.9,03.juin,12,74,19,0.09,0.04,0.13,0.09,0.13,0.12,0.04,0.16,0.12,0.16
Jonathan Tah,de GER,DF,Leverkusen,21,1996,28,27,2 427,27.0,0,2,2,0,0,0,1,0,0.5,0.5,01.mars,01.août,16,141,4,0.00,0.07,0.07,0.00,0.07,0.02,0.05,0.07,0.02,0.07
Taleb Tawatha,il ISR,DF MF,Eint Frankfurt,25,1992,13,4,441,04.sept,0,1,1,0,0,0,1,0,0.1,0.1,0.7,0.8,7,15,18,0.00,0.20,0.20,0.00,0.20,0.02,0.14,0.16,0.02,0.16
Simon Terodde,de GER,FW,Stuttgart,29,1988,15,10,955,10.juin,2,1,3,2,0,1,2,0,03.mai,02.juil,01.janv,03.juil,9,12,59,0.19,0.09,0.28,0.19,0.28,0.33,0.10,0.43,0.25,0.35
Simon Terodde,de GER,FW,Köln,29,1988,15,14,1 16,12.sept,5,0,5,4,1,1,2,0,05.avr,04.juin,01.janv,05.juil,6,18,85,0.39,0.00,0.39,0.31,0.31,0.42,0.08,0.50,0.36,0.44
Marco Terrazzino,de GER,MF FW,Freiburg,26,1991,24,19,1 489,16.mai,0,1,1,0,0,0,3,0,01.sept,01.sept,3.0,04.sept,26,64,100,0.00,0.06,0.06,0.00,0.06,0.12,0.18,0.30,0.12,0.30
Cedric Teuchert,de GER,FW,Schalke 04,20,1997,4,0,34,0.4,0,0,0,0,0,0,0,0,0.6,0.6,0.0,0.6,5,0,9,0.00,0.00,0.00,0.00,0.00,janv.63,0.00,janv.63,janv.63,janv.63
Erik Thommy,de GER,FW,Augsburg,22,1994,6,2,167,01.sept,0,0,0,0,0,0,1,0,0.3,0.3,0.6,0.9,3,7,17,0.00,0.00,0.00,0.00,0.00,0.17,0.33,0.50,0.17,0.50
Erik Thommy,de GER,MF,Stuttgart,22,1994,14,14,980,10.sept,2,4,6,2,0,0,0,0,02.mai,02.mai,02.juil,05.févr,27,39,55,0.18,0.37,0.55,0.18,0.55,0.23,0.24,0.48,0.23,0.48
Marcel Tisserand,cd COD,DF,Wolfsburg,24,1993,16,14,1 247,13.sept,0,1,1,0,0,0,4,0,0.4,0.4,0.1,0.5,19,51,24,0.00,0.07,0.07,0.00,0.07,0.03,0.01,0.03,0.03,0.03
Corentin Tolisso,fr FRA,MF,Bayern Munich,22,1994,26,17,1 575,17.mai,6,4,10,6,0,0,3,0,04.mai,04.mai,02.sept,07.avr,30,191,79,0.34,0.23,0.57,0.34,0.57,0.26,0.17,0.43,0.26,0.43
Jeremy Toljan,de GER,DF FW,Hoffenheim,22,1994,2,2,180,2.0,0,2,2,0,0,0,0,0,0.0,0.0,0.1,0.1,3,1,1,0.00,1.00,1.00,0.00,1.00,0.00,0.03,0.03,0.00,0.03
Jeremy Toljan,de GER,DF,Dortmund,22,1994,16,13,1 211,13.mai,1,2,3,1,0,0,1,0,0.3,0.3,01.mars,01.juin,41,66,69,0.07,0.15,0.22,0.07,0.22,0.02,0.10,0.12,0.02,0.12
Ömer Toprak,tr TUR,DF,Dortmund,28,1989,26,22,2 02,22.avr,0,1,1,0,0,0,1,0,01.janv,01.janv,0.8,01.sept,17,111,2,0.00,0.04,0.04,0.00,0.04,0.05,0.04,0.08,0.05,0.08
Jordan Torunarigha,de GER,DF,Hertha BSC,19,1997,12,7,663,07.avr,1,0,1,1,0,0,0,1,0.9,0.9,0.1,1.0,3,18,1,0.14,0.00,0.14,0.14,0.14,0.13,0.01,0.13,0.13,0.13
Ibrahima Traoré,gn GUI,MF,Gladbach,29,1988,7,1,201,02.févr,0,0,0,0,0,0,0,0,0.5,0.5,0.3,0.7,15,14,17,0.00,0.00,0.00,0.00,0.00,0.21,0.12,0.33,0.21,0.33
Philipp Tschauner,de GER,GK,Hannover 96,31,1985,31,31,2 79,31.0,0,0,0,0,0,0,1,0,0.1,0.1,0.0,0.1,0,0,0,0.00,0.00,0.00,0.00,0.00,0.00,0.00,0.00,0.00,0.00
Anthony Ujah,ng NGA,FW,Mainz 05,26,1990,11,2,205,02.mars,0,0,0,0,0,0,0,0,0.5,0.5,0.2,0.7,2,1,17,0.00,0.00,0.00,0.00,0.00,0.23,0.07,0.30,0.23,0.30
Player,Nation,Pos,Squad,Age,Born,MP,Starts,Min,90s,Gls,Ast,G+A,G-PK,PK,PKatt,CrdY,CrdR,xG,npxG,xAG,npxG+xAG,PrgC,PrgP,PrgR,Gls,Ast,G+A,G-PK,G+A-PK,xG,xAG,xG+xAG,npxG,npxG+xAG
Sven Ulreich,de GER,GK,Bayern Munich,28,1988,29,29,2 61,29.0,0,0,0,0,0,0,1,0,0.0,0.0,0.0,0.0,0,0,0,0.00,0.00,0.00,0.00,0.00,0.00,0.00,0.00,0.00,0.00
Dayot Upamecano,fr FRA,DF,RB Leipzig,18,1998,28,25,2 268,25.févr,3,0,3,3,0,0,3,1,01.janv,01.janv,0.7,01.août,19,109,5,0.12,0.00,0.12,0.12,0.12,0.05,0.03,0.07,0.05,0.07
Mark Uth,de GER,FW,Hoffenheim,25,1991,31,24,2 177,24.févr,14,8,22,14,0,0,5,0,09.mars,09.janv,04.mars,13.mars,31,44,158,0.58,0.33,0.91,0.58,0.91,0.39,0.18,0.56,0.37,0.55
Josha Vagnoman,de GER,MF,Hamburger SV,16,2000,1,0,21,0.2,0,0,0,0,0,0,0,0,0.0,0.0,0.0,0.0,0,0,0,0.00,0.00,0.00,0.00,0.00,0.00,0.00,0.00,0.00,0.00
Miloš Veljković,rs SRB,DF,Werder Bremen,21,1995,30,30,2 655,29.mai,1,0,1,1,0,0,2,0,0.4,0.4,0.5,0.9,14,111,2,0.03,0.00,0.03,0.03,0.03,0.01,0.02,0.03,0.01,0.03
Paul Verhaegh,nl NED,DF,Wolfsburg,33,1983,31,30,2 614,29.0,2,2,4,1,1,3,6,0,02.juin,0.1,01.juil,01.août,40,173,119,0.07,0.07,0.14,0.03,0.10,0.09,0.06,0.15,0.00,0.06
Jannik Vestergaard,dk DEN,DF,Gladbach,24,1992,32,32,2 88,32.0,3,0,3,3,0,0,5,0,01.sept,01.sept,0.9,02.sept,10,114,3,0.09,0.00,0.09,0.09,0.09,0.06,0.03,0.09,0.06,0.09
Arturo Vidal,cl CHI,MF,Bayern Munich,30,1987,22,17,1 456,16.févr,6,2,8,6,0,0,6,0,04.janv,04.janv,02.mai,06.juin,18,130,58,0.37,0.12,0.49,0.37,0.49,0.26,0.15,0.41,0.26,0.41
Julio Villalba,py PAR,DF,Gladbach,18,1998,1,0,8,0.1,0,0,0,0,0,0,1,0,0.0,0.0,0.0,0.0,0,0,2,0.00,0.00,0.00,0.00,0.00,0.00,0.00,0.00,0.00,0.00
Kevin Vogt,de GER,DF,Hoffenheim,25,1991,31,31,2 79,31.0,0,1,1,0,0,0,9,0,0.3,0.3,0.7,1.0,13,126,6,0.00,0.03,0.03,0.00,0.03,0.01,0.02,0.03,0.01,0.03
Kevin Volland,de GER,FW MF,Leverkusen,25,1992,31,30,2 591,28.août,14,2,16,14,0,0,5,0,09.mai,09.mai,04.sept,14.mars,55,77,231,0.49,0.07,0.56,0.49,0.56,0.33,0.17,0.50,0.33,0.50
Sandro Wagner,de GER,FW,Hoffenheim,29,1987,11,10,870,09.juil,4,3,7,3,1,1,3,0,03.avr,02.juin,01.mars,4.0,6,29,55,0.41,0.31,0.72,0.31,0.62,0.35,0.14,0.49,0.27,0.41
Sandro Wagner,de GER,FW,Bayern Munich,29,1987,14,8,726,08.janv,8,2,10,8,0,0,1,0,06.mai,06.mai,0.5,7.0,4,14,57,0.99,0.25,janv.24,0.99,janv.24,0.81,0.06,0.87,0.81,0.87
Walace,br BRA,MF,Hamburger SV,22,1995,18,16,1 318,14.juin,1,2,3,1,0,0,3,0,0.8,0.8,01.mai,02.févr,15,73,29,0.07,0.14,0.20,0.07,0.20,0.05,0.10,0.15,0.05,0.15
Luca Waldschmidt,de GER,MF FW,Hamburger SV,21,1996,20,5,794,08.août,1,2,3,1,0,0,0,0,02.juin,02.févr,0.6,02.août,21,33,57,0.11,0.23,0.34,0.11,0.34,0.29,0.07,0.36,0.25,0.32
Roman Weidenfeller,de GER,GK,Dortmund,36,1980,2,1,91,1.0,0,0,0,0,0,0,0,0,0.0,0.0,0.0,0.0,0,0,0,0.00,0.00,0.00,0.00,0.00,0.00,0.00,0.00,0.00,0.00
Julian Weigl,de GER,MF,Dortmund,21,1995,25,20,1 944,21.juin,1,0,1,1,0,0,4,0,0.2,0.2,0.4,0.6,16,126,6,0.05,0.00,0.05,0.05,0.05,0.01,0.02,0.03,0.01,0.03
Mitchell Weiser,de GER,DF FW,Hertha BSC,23,1994,24,23,1 979,22.0,1,2,3,1,0,0,2,0,0.7,0.7,03.juil,04.avr,51,120,114,0.05,0.09,0.14,0.05,0.14,0.03,0.17,0.20,0.03,0.20
Wendell,br BRA,DF,Leverkusen,24,1993,26,26,2 115,23.mai,2,3,5,0,2,3,7,1,02.août,0.5,02.août,03.mars,67,123,76,0.09,0.13,0.21,0.00,0.13,0.12,0.12,0.24,0.02,0.14
Oscar Wendt,se SWE,DF,Gladbach,31,1985,28,28,2 457,27.mars,1,1,2,1,0,0,2,0,01.juin,01.juin,2.0,03.juin,26,91,96,0.04,0.04,0.07,0.04,0.07,0.06,0.07,0.13,0.06,0.13
Timo Werner,de GER,FW,RB Leipzig,21,1996,32,28,2 494,27.juil,13,7,20,11,2,2,1,0,13.févr,11.juin,04.août,16.avr,106,43,299,0.47,0.25,0.72,0.40,0.65,0.48,0.17,0.65,0.42,0.59
Jetro Willems,nl NED,FW DF,Eint Frankfurt,23,1994,23,19,1 664,18.mai,0,2,2,0,0,0,4,0,01.sept,01.sept,02.juil,04.juin,42,77,90,0.00,0.11,0.11,0.00,0.11,0.10,0.15,0.25,0.10,0.25
William,br BRA,DF,Wolfsburg,22,1995,22,19,1 612,17.sept,0,2,2,0,0,0,5,1,0.2,0.2,01.août,2.0,32,76,73,0.00,0.11,0.11,0.00,0.11,0.01,0.10,0.11,0.01,0.11
Marius Wolf,de GER,MF FW,Eint Frankfurt,22,1995,28,27,2 363,26.mars,5,8,13,5,0,0,4,0,03.mars,03.mars,05.avr,08.juil,74,92,166,0.19,0.30,0.50,0.19,0.50,0.13,0.20,0.33,0.13,0.33
Bobby Wood,us USA,FW MF,Hamburger SV,24,1992,24,18,1 609,17.sept,2,0,2,1,1,1,2,1,05.mars,04.mai,01.mai,6.0,23,29,94,0.11,0.00,0.11,0.06,0.06,0.30,0.08,0.38,0.25,0.33
Player,Nation,Pos,Squad,Age,Born,MP,Starts,Min,90s,Gls,Ast,G+A,G-PK,PK,PKatt,CrdY,CrdR,xG,npxG,xAG,npxG+xAG,PrgC,PrgP,PrgR,Gls,Ast,G+A,G-PK,G+A-PK,xG,xAG,xG+xAG,npxG,npxG+xAG
Andriy Yarmolenko,ua UKR,FW MF,Dortmund,27,1989,18,13,1 039,11.mai,3,3,6,3,0,0,0,0,04.août,04.août,03.févr,07.sept,40,42,114,0.26,0.26,0.52,0.26,0.52,0.41,0.27,0.69,0.41,0.69
Dan-Axel Zagadou,fr FRA,DF,Dortmund,18,1999,11,6,657,07.mars,1,0,1,1,0,0,0,1,0.6,0.6,0.1,0.7,7,35,46,0.14,0.00,0.14,0.14,0.14,0.09,0.01,0.10,0.09,0.10
Denis Zakaria,ch SUI,MF,Gladbach,20,1996,30,29,2 296,25.mai,2,1,3,2,0,0,11,0,01.mai,01.mai,0.6,02.janv,31,74,31,0.08,0.04,0.12,0.08,0.12,0.06,0.02,0.08,0.06,0.08
Robin Zentner,de GER,GK,Mainz 05,22,1994,15,15,1 35,15.0,0,0,0,0,0,0,1,0,0.0,0.0,0.0,0.0,0,0,0,0.00,0.00,0.00,0.00,0.00,0.00,0.00,0.00,0.00,0.00
Ron-Robert Zieler,de GER,GK,Stuttgart,28,1989,34,34,3 06,34.0,0,0,0,0,0,0,3,0,0.0,0.0,0.1,0.1,0,0,0,0.00,0.00,0.00,0.00,0.00,0.00,0.00,0.00,0.00,0.00
Matthias Zimmermann,de GER,DF,Stuttgart,25,1992,3,1,77,0.9,0,0,0,0,0,0,0,0,0.1,0.1,0.0,0.1,2,0,1,0.00,0.00,0.00,0.00,0.00,0.06,0.00,0.06,0.06,0.06
Simon Zoller,de GER,MF FW,Köln,26,1991,17,12,963,10.juil,2,1,3,2,0,0,3,0,02.juil,02.juil,0.4,03.févr,20,21,70,0.19,0.09,0.28,0.19,0.28,0.26,0.04,0.30,0.26,0.30
Steven Zuber,ch SUI,FW DF,Hoffenheim,25,1991,20,17,1 431,15.sept,1,2,3,1,0,0,2,0,0.9,0.9,01.mars,02.févr,38,77,75,0.06,0.13,0.19,0.06,0.19,0.06,0.08,0.14,0.06,0.14
Robert Žulj,at AUT,MF FW,Hoffenheim,25,1992,5,1,208,02.mars,0,0,0,0,0,0,1,0,0.8,0.8,0.2,1.0,3,8,12,0.00,0.00,0.00,0.00,0.00,0.36,0.08,0.44,0.36,0.44
