Player,Nation,Pos,Squad,Age,Born,MP,Starts,Min,90s,Gls,Ast,G+A,G-PK,PK,PKatt,CrdY,CrdR,xG,npxG,xAG,npxG+xAG,PrgC,PrgP,PrgR,Gls,Ast,G+A,G-PK,G+A-PK,xG,xAG,xG+xAG,npxG,npxG+xAG
Paxten Aaronson,us USA,MF DF,Eint Frankfurt,18,2003,7,0,173,01.sept,0,0,0,0,0,0,1,0,0.2,0.2,0.0,0.2,8,6,15,0.00,0.00,0.00,0.00,0.00,0.09,0.03,0.11,0.09,0.11
Sargis Adamyan,am ARM,FW MF,Köln,29,1993,24,4,644,07.févr,1,2,3,1,0,0,3,0,03.avr,03.avr,0.8,04.janv,12,24,58,0.14,0.28,0.42,0.14,0.42,0.47,0.11,0.58,0.47,0.58
Karim Adeyemi,de GER,FW MF,Dortmund,20,2002,24,20,1 386,15.avr,6,5,11,6,0,1,9,0,5.0,04.mars,03.juil,8.0,49,47,131,0.39,0.32,0.71,0.39,0.71,0.33,0.24,0.57,0.28,0.52
Amine Adli,ma MAR,FW MF,Leverkusen,22,2000,26,16,1 435,15.sept,5,3,8,5,0,0,2,2,5.0,5.0,01.juil,06.juil,46,49,137,0.31,0.19,0.50,0.31,0.50,0.31,0.11,0.42,0.31,0.42
Felix Agu,ng NGA,DF FW,Werder Bremen,22,1999,3,0,49,0.5,0,0,0,0,0,0,0,0,0.0,0.0,0.1,0.1,0,2,2,0.00,0.00,0.00,0.00,0.00,0.07,0.14,0.22,0.07,0.22
Naouirou Ahamada,fr FRA,MF,Stuttgart,20,2002,17,17,1 398,15.mai,2,2,4,2,0,0,4,1,0.8,0.8,01.févr,02.janv,43,56,54,0.13,0.13,0.26,0.13,0.26,0.05,0.08,0.13,0.05,0.13
Ludovic Ajorque,fr FRA,FW MF,Mainz 05,28,1994,17,15,1 211,13.mai,6,1,7,6,0,0,5,0,04.juin,04.juin,01.juil,06.avr,5,31,85,0.45,0.07,0.52,0.45,0.52,0.34,0.13,0.47,0.34,0.47
Kevin Akpoguma,ng NGA,DF,Hoffenheim,27,1995,28,21,1 95,21.juil,0,0,0,0,0,0,11,0,0.6,0.6,0.5,01.févr,17,85,23,0.00,0.00,0.00,0.00,0.00,0.03,0.03,0.05,0.03,0.05
Lucas Alario,ar ARG,FW MF,Eint Frankfurt,29,1992,20,2,331,03.juil,1,0,1,1,0,0,0,0,01.avr,01.avr,0.0,01.mai,2,8,17,0.27,0.00,0.27,0.27,0.27,0.39,0.01,0.40,0.39,0.40
Faride Alidou,de GER,DF MF,Eint Frankfurt,21,2001,15,0,182,2.0,0,1,1,0,0,0,0,0,0.1,0.1,0.5,0.6,8,16,24,0.00,0.49,0.49,0.00,0.49,0.05,0.24,0.28,0.05,0.28
Éder Álvarez Balanta,co COL,MF FW,Schalke 04,29,1993,6,3,238,02.juin,0,0,0,0,0,0,3,0,0.1,0.1,0.3,0.4,3,12,0,0.00,0.00,0.00,0.00,0.00,0.05,0.10,0.15,0.05,0.15
Lukáš Ambros,cz CZE,MF,Wolfsburg,18,2004,1,0,17,0.2,0,0,0,0,0,0,0,0,0.0,0.0,0.0,0.0,0,0,0,0.00,0.00,0.00,0.00,0.00,0.00,0.00,0.00,0.00,0.00
Nadiem Amiri,de GER,MF FW,Leverkusen,25,1996,25,9,977,10.sept,4,1,5,3,1,1,6,0,01.sept,01.janv,01.janv,02.févr,30,55,30,0.37,0.09,0.46,0.28,0.37,0.17,0.10,0.27,0.10,0.20
Robert Andrich,de GER,MF,Leverkusen,27,1994,29,28,2 406,26.juil,2,2,4,2,0,0,7,0,01.juin,01.juin,01.févr,02.août,12,99,8,0.07,0.07,0.15,0.07,0.15,0.06,0.04,0.11,0.06,0.11
Angeliño,es ESP,DF,Hoffenheim,25,1997,33,30,2 617,29.janv,0,8,8,0,0,0,2,0,01.janv,01.janv,07.févr,08.mars,24,108,120,0.00,0.28,0.28,0.00,0.28,0.04,0.25,0.28,0.04,0.28
Waldemar Anton,de GER,DF,Stuttgart,26,1996,34,34,2 934,32.6,1,2,3,1,0,0,4,0,01.juin,01.juin,01.avr,3.0,56,135,52,0.03,0.06,0.09,0.03,0.09,0.05,0.04,0.09,0.05,0.09
Christopher Antwi-Adjei,gh GHA,FW MF,Bochum,28,1994,29,22,1 981,22.0,3,6,9,3,0,0,2,0,02.févr,02.févr,03.août,6.0,67,36,231,0.14,0.27,0.41,0.14,0.41,0.10,0.17,0.27,0.10,0.27
Charles Aránguiz,cl CHI,MF,Leverkusen,33,1989,10,4,493,05.mai,1,0,1,1,0,0,1,0,0.3,0.3,0.2,0.5,3,32,7,0.18,0.00,0.18,0.18,0.18,0.06,0.04,0.10,0.06,0.10
Maximilian Arnold,de GER,MF,Wolfsburg,28,1994,32,32,2 767,30.juil,5,3,8,2,3,5,5,0,5.0,1.0,04.sept,05.sept,29,150,19,0.16,0.10,0.26,0.07,0.16,0.16,0.16,0.32,0.03,0.19
Takuma Asano,jp JPN,FW MF,Bochum,27,1994,25,21,1 713,19.0,3,3,6,3,0,0,1,0,05.juin,05.juin,02.janv,07.juil,32,34,119,0.16,0.16,0.32,0.16,0.32,0.29,0.11,0.41,0.29,0.41
Fisnik Asllani,xk KVX,FW,Hoffenheim,19,2002,8,0,167,01.sept,0,0,0,0,0,0,0,0,01.juil,01.juil,0.2,01.août,4,1,19,0.00,0.00,0.00,0.00,0.00,0.88,0.10,0.98,0.88,0.98
Mehmet Aydin,de GER,DF FW,Schalke 04,20,2002,16,3,567,06.mars,0,0,0,0,0,0,0,0,0.2,0.2,0.8,1.0,9,15,21,0.00,0.00,0.00,0.00,0.00,0.03,0.12,0.15,0.03,0.15
Ayman Azhil,ma MAR,MF,Leverkusen,21,2001,1,0,1,0.0,0,0,0,0,0,0,0,0,0.0,0.0,0.0,0.0,0,0,0,0.00,0.00,0.00,0.00,0.00,0.00,0.00,0.00,0.00,0.00
Sardar Azmoun,ir IRN,FW MF,Leverkusen,27,1995,23,8,927,10.mars,4,1,5,4,0,0,1,0,03.mai,03.mai,02.mai,6.0,11,32,45,0.39,0.10,0.49,0.39,0.49,0.34,0.24,0.58,0.34,0.58
Sanoussy Ba,de GER,DF,RB Leipzig,18,2004,1,0,1,0.0,0,0,0,0,0,0,0,0,0.0,0.0,0.0,0.0,0,0,0,0.00,0.00,0.00,0.00,0.00,0.00,0.00,0.00,0.00,0.00
Player,Nation,Pos,Squad,Age,Born,MP,Starts,Min,90s,Gls,Ast,G+A,G-PK,PK,PKatt,CrdY,CrdR,xG,npxG,xAG,npxG+xAG,PrgC,PrgP,PrgR,Gls,Ast,G+A,G-PK,G+A-PK,xG,xAG,xG+xAG,npxG,npxG+xAG
Mitchel Bakker,nl NED,DF MF,Leverkusen,22,2000,28,19,1 659,18.avr,3,2,5,3,0,0,6,1,01.juil,01.juil,2.0,03.juin,28,57,65,0.16,0.11,0.27,0.16,0.27,0.09,0.11,0.20,0.09,0.20
Ridle Baku,de GER,DF FW,Wolfsburg,24,1998,33,29,2 58,28.juil,5,3,8,5,0,0,6,0,02.sept,02.sept,04.janv,7.0,50,126,157,0.17,0.10,0.28,0.17,0.28,0.10,0.14,0.24,0.10,0.24
Aymen Barkok,ma MAR,MF,Mainz 05,24,1998,23,3,584,06.mai,0,1,1,0,0,0,1,0,0.5,0.5,0.9,01.avr,17,40,28,0.00,0.15,0.15,0.00,0.15,0.08,0.14,0.21,0.08,0.21
Leandro Barreiro Martins,lu LUX,MF,Mainz 05,22,2000,31,25,2 141,23.août,4,3,7,4,0,0,5,0,03.sept,03.sept,02.févr,06.janv,17,54,49,0.17,0.13,0.29,0.17,0.29,0.16,0.09,0.25,0.16,0.25
Gil Bastião Dias,pt POR,FW,Stuttgart,25,1996,7,6,398,04.avr,1,0,1,1,0,0,0,0,0.5,0.5,0.7,01.févr,16,14,33,0.23,0.00,0.23,0.23,0.23,0.12,0.15,0.26,0.12,0.26
Maximilian Bauer,de GER,DF,Augsburg,22,2000,27,20,1 846,20.mai,0,1,1,0,0,0,8,0,01.juin,01.juin,0.4,2.0,11,40,2,0.00,0.05,0.05,0.00,0.05,0.08,0.02,0.10,0.08,0.10
Oliver Baumann,de GER,GK,Hoffenheim,32,1990,34,34,3 06,34.0,0,0,0,0,0,0,2,0,0.0,0.0,0.0,0.0,0,1,0,0.00,0.00,0.00,0.00,0.00,0.00,0.00,0.00,0.00,0.00
Timo Baumgartl,de GER,DF,Union Berlin,26,1996,8,6,562,06.févr,0,1,1,0,0,0,2,0,0.2,0.2,0.1,0.3,4,28,2,0.00,0.16,0.16,0.00,0.16,0.03,0.02,0.05,0.03,0.05
Julian Baumgartlinger,at AUT,MF,Augsburg,34,1988,16,3,554,06.févr,0,0,0,0,0,0,1,0,0.3,0.3,0.1,0.4,1,25,3,0.00,0.00,0.00,0.00,0.00,0.04,0.02,0.06,0.04,0.06
Christoph Baumgartner,at AUT,MF FW,Hoffenheim,22,1999,33,33,2 567,28.mai,7,3,10,7,0,0,7,0,07.janv,07.janv,04.mars,11.avr,76,100,145,0.25,0.11,0.35,0.25,0.35,0.25,0.15,0.40,0.25,0.40
Noah Joel Sarenren Bazee,ng NGA,MF FW,Augsburg,25,1996,2,0,20,0.2,0,0,0,0,0,0,0,0,0.0,0.0,0.1,0.1,0,0,1,0.00,0.00,0.00,0.00,0.00,0.00,0.27,0.27,0.00,0.27
Ihlas Bebou,tg TOG,FW DF,Hoffenheim,28,1994,19,17,1 416,15.juil,7,0,7,6,1,1,2,0,04.juin,03.août,1.0,04.août,27,23,116,0.44,0.00,0.44,0.38,0.38,0.29,0.06,0.36,0.24,0.31
Sheraldo Becker,sr SUR,FW,Union Berlin,27,1995,34,33,2 554,28.avr,11,7,18,11,0,0,4,0,06.mai,06.mai,05.juin,12.janv,105,44,240,0.39,0.25,0.63,0.39,0.63,0.23,0.20,0.42,0.23,0.42
Kevin Behrens,de GER,FW,Union Berlin,31,1991,33,17,1 535,17.janv,8,1,9,8,0,0,6,0,04.août,04.août,01.mars,06.janv,11,71,92,0.47,0.06,0.53,0.47,0.53,0.28,0.07,0.35,0.28,0.35
Stefan Bell,de GER,DF,Mainz 05,30,1991,30,26,2 395,26.juin,0,1,1,0,0,0,9,0,0.7,0.7,0.6,01.févr,9,92,10,0.00,0.04,0.04,0.00,0.04,0.02,0.02,0.05,0.02,0.05
Karim Bellarabi,de GER,FW MF,Leverkusen,32,1990,8,1,85,0.9,0,0,0,0,0,0,0,0,0.0,0.0,0.0,0.0,4,4,11,0.00,0.00,0.00,0.00,0.00,0.00,0.00,0.00,0.00,0.00
Jude Bellingham,eng ENG,MF,Dortmund,19,2003,31,30,2 691,29.sept,8,4,12,7,1,1,8,0,08.févr,07.avr,4.0,11.avr,97,252,139,0.27,0.13,0.40,0.23,0.37,0.27,0.14,0.41,0.25,0.38
Ramy Bensebaini,dz ALG,DF,Gladbach,27,1995,28,28,2 481,27.juin,6,1,7,4,2,2,7,1,05.mars,03.juil,02.mars,6.0,40,101,98,0.22,0.04,0.25,0.15,0.18,0.19,0.08,0.28,0.13,0.22
Mergim Berisha,de GER,FW,Augsburg,24,1998,23,20,1 679,18.juil,9,4,13,6,3,4,9,1,08.janv,5.0,02.juil,07.juin,20,28,99,0.48,0.21,0.70,0.32,0.54,0.43,0.14,0.58,0.27,0.41
Ermin Bičakčić,ba BIH,DF,Hoffenheim,32,1990,9,0,265,02.sept,0,0,0,0,0,0,0,0,0.1,0.1,0.0,0.1,0,7,3,0.00,0.00,0.00,0.00,0.00,0.04,0.00,0.04,0.04,0.04
Tom Bischof,de GER,MF FW,Hoffenheim,17,2005,11,3,315,03.mai,0,0,0,0,0,0,0,0,1.0,1.0,0.7,01.août,8,16,12,0.00,0.00,0.00,0.00,0.00,0.29,0.21,0.50,0.29,0.50
Leonardo Bittencourt,de GER,MF DF,Werder Bremen,28,1993,25,22,1 629,18.janv,3,2,5,3,0,0,10,0,01.avr,01.avr,02.juil,4.0,51,74,93,0.17,0.11,0.28,0.17,0.28,0.08,0.15,0.22,0.08,0.22
Janis Blaswich,de GER,GK,RB Leipzig,31,1991,26,26,2 34,26.0,0,0,0,0,0,0,0,0,0.0,0.0,0.0,0.0,0,1,0,0.00,0.00,0.00,0.00,0.00,0.00,0.00,0.00,0.00,0.00
Daley Blind,nl NED,DF MF,Bayern Munich,32,1990,4,1,134,01.mai,0,0,0,0,0,0,0,0,0.1,0.1,0.1,0.1,0,10,0,0.00,0.00,0.00,0.00,0.00,0.04,0.04,0.08,0.04,0.08
Kevin-Prince Boateng,gh GHA,MF,Hertha BSC,35,1987,16,5,467,05.févr,0,0,0,0,0,0,3,0,0.3,0.3,0.2,0.5,2,24,20,0.00,0.00,0.00,0.00,0.00,0.07,0.03,0.10,0.07,0.10
Player,Nation,Pos,Squad,Age,Born,MP,Starts,Min,90s,Gls,Ast,G+A,G-PK,PK,PKatt,CrdY,CrdR,xG,npxG,xAG,npxG+xAG,PrgC,PrgP,PrgR,Gls,Ast,G+A,G-PK,G+A-PK,xG,xAG,xG+xAG,npxG,npxG+xAG
Jean-Paul Boëtius,sr SUR,MF,Hertha BSC,28,1994,21,10,1 05,11.juil,0,0,0,0,0,0,3,0,0.5,0.5,0.7,01.févr,4,61,23,0.00,0.00,0.00,0.00,0.00,0.05,0.06,0.10,0.05,0.10
Yvandro Borges Sanches,lu LUX,FW MF,Gladbach,18,2004,3,0,28,0.3,0,0,0,0,0,0,0,0,0.1,0.1,0.0,0.1,1,0,5,0.00,0.00,0.00,0.00,0.00,0.34,0.00,0.34,0.34,0.34
Sebastiaan Bornauw,be BEL,DF,Wolfsburg,23,1999,26,23,1 928,21.avr,1,0,1,1,0,0,8,0,0.4,0.4,0.1,0.5,6,85,6,0.05,0.00,0.05,0.05,0.05,0.02,0.00,0.02,0.02,0.02
Rafael Borré,co COL,MF FW,Eint Frankfurt,26,1995,32,10,1 078,12.0,2,2,4,1,1,1,5,0,04.janv,03.mars,01.sept,05.janv,26,34,102,0.17,0.17,0.33,0.08,0.25,0.34,0.16,0.50,0.27,0.43
Julian Brandt,de GER,MF FW,Dortmund,26,1996,32,29,2 397,26.juin,9,8,17,9,0,0,2,0,05.févr,05.févr,09.févr,14.mars,67,119,218,0.34,0.30,0.64,0.34,0.64,0.19,0.34,0.54,0.19,0.54
Fabian Bredlow,de GER,GK,Stuttgart,27,1995,15,15,1 35,15.0,0,0,0,0,0,0,2,0,0.0,0.0,0.0,0.0,0,0,0,0.00,0.00,0.00,0.00,0.00,0.00,0.00,0.00,0.00,0.00
Josip Brekalo,hr CRO,MF FW,Wolfsburg,24,1998,6,3,271,3.0,0,1,1,0,0,0,0,0,0.1,0.1,0.4,0.5,9,13,17,0.00,0.33,0.33,0.00,0.33,0.03,0.14,0.17,0.03,0.17
John Brooks,us USA,DF,Hoffenheim,29,1993,15,15,1 35,15.0,0,0,0,0,0,0,4,0,0.4,0.4,0.0,0.4,2,40,1,0.00,0.00,0.00,0.00,0.00,0.02,0.00,0.02,0.02,0.02
Moritz Broschinski,de GER,FW MF,Bochum,21,2000,11,0,213,02.avr,2,0,2,2,0,0,1,0,01.mars,01.mars,0.0,01.mars,7,3,17,0.85,0.00,0.85,0.85,0.85,0.54,0.01,0.55,0.54,0.55
Cédric Brunner,ch SUI,DF,Schalke 04,28,1994,28,28,2 315,25.juil,0,0,0,0,0,0,5,0,0.3,0.3,01.mai,01.sept,32,77,27,0.00,0.00,0.00,0.00,0.00,0.01,0.06,0.07,0.01,0.07
Jacob Bruun Larsen,dk DEN,FW,Hoffenheim,23,1998,12,3,328,03.juin,1,0,1,1,0,0,0,0,01.mars,01.mars,0.4,01.juil,10,4,24,0.27,0.00,0.27,0.27,0.27,0.36,0.11,0.47,0.36,0.47
Lee Buchanan,eng ENG,DF FW,Werder Bremen,21,2001,21,2,472,05.févr,1,0,1,1,0,0,2,0,0.3,0.3,0.8,01.janv,10,21,20,0.19,0.00,0.19,0.19,0.19,0.06,0.16,0.21,0.06,0.21
Marius Bülter,de GER,FW MF,Schalke 04,29,1993,33,30,2 598,28.sept,11,1,12,7,4,4,5,0,9.0,06.janv,04.juin,10.juil,78,86,199,0.38,0.03,0.42,0.24,0.28,0.31,0.16,0.47,0.21,0.37
Delano Burgzorg,sr SUR,FW MF,Mainz 05,23,1998,13,0,244,02.juil,0,1,1,0,0,0,2,0,0.2,0.2,0.1,0.2,4,4,24,0.00,0.37,0.37,0.00,0.37,0.06,0.02,0.08,0.06,0.08
Jonathan Burkardt,de GER,MF FW,Mainz 05,22,2000,11,7,533,05.sept,1,2,3,1,0,1,2,0,3.0,02.févr,01.janv,03.mars,9,14,46,0.17,0.34,0.51,0.17,0.51,0.50,0.18,0.68,0.37,0.55
Oliver Burke,sct SCO,FW MF,Werder Bremen,25,1997,15,1,268,3.0,2,0,2,2,0,0,0,0,1.0,1.0,0.3,01.mars,11,7,36,0.67,0.00,0.67,0.67,0.67,0.35,0.09,0.44,0.35,0.44
Aurélio Buta,pt POR,DF,Eint Frankfurt,25,1997,18,15,1 318,14.juin,3,2,5,3,0,0,3,0,0.6,0.6,03.mars,03.sept,45,47,118,0.20,0.14,0.34,0.20,0.34,0.04,0.22,0.26,0.04,0.26
Anthony Caci,fr FRA,DF,Mainz 05,25,1997,31,23,2 033,22.juin,2,1,3,2,0,0,4,0,0.6,0.6,02.juin,03.févr,20,90,41,0.09,0.04,0.13,0.09,0.13,0.03,0.11,0.14,0.03,0.14
Kerim Calhanoglu,de GER,DF,Schalke 04,19,2002,3,0,63,0.7,0,0,0,0,0,0,0,0,0.0,0.0,0.2,0.2,3,3,3,0.00,0.00,0.00,0.00,0.00,0.04,0.23,0.27,0.04,0.27
Daniel Caligiuri,it ITA,DF MF,Augsburg,34,1988,13,2,290,03.févr,1,0,1,1,0,0,1,0,0.4,0.4,0.4,0.8,7,16,8,0.31,0.00,0.31,0.31,0.31,0.12,0.12,0.24,0.12,0.24
Emre Can,de GER,MF,Dortmund,28,1994,27,20,1 9,21.janv,2,1,3,1,1,1,8,0,01.juin,0.8,01.mars,02.janv,34,99,12,0.09,0.05,0.14,0.05,0.09,0.08,0.06,0.14,0.04,0.10
João Cancelo,pt POR,DF FW,Bayern Munich,28,1994,15,11,1 012,11.févr,1,4,5,1,0,0,3,0,0.7,0.7,02.mars,3.0,51,61,90,0.09,0.36,0.44,0.09,0.44,0.06,0.21,0.26,0.06,0.26
Irvin Cardona,mt MLT,MF FW,Augsburg,24,1997,10,0,318,03.mai,1,0,1,1,0,0,2,0,01.sept,01.sept,0.1,01.sept,9,3,17,0.28,0.00,0.28,0.28,0.28,0.52,0.03,0.55,0.52,0.55
Koen Casteels,be BEL,GK,Wolfsburg,30,1992,34,34,3 06,34.0,0,1,1,0,0,0,0,0,0.1,0.1,0.7,0.7,0,2,0,0.00,0.03,0.03,0.00,0.03,0.00,0.02,0.02,0.00,0.02
Julian Chabot,de GER,DF,Köln,24,1998,21,21,1 803,20.0,0,2,2,0,0,0,3,0,01.juin,01.juin,2.0,03.juin,5,52,2,0.00,0.10,0.10,0.00,0.10,0.08,0.10,0.18,0.08,0.18
Player,Nation,Pos,Squad,Age,Born,MP,Starts,Min,90s,Gls,Ast,G+A,G-PK,PK,PKatt,CrdY,CrdR,xG,npxG,xAG,npxG+xAG,PrgC,PrgP,PrgR,Gls,Ast,G+A,G-PK,G+A-PK,xG,xAG,xG+xAG,npxG,npxG+xAG
Timothy Chandler,us USA,DF,Eint Frankfurt,32,1990,6,0,86,1.0,0,0,0,0,0,0,0,0,0.0,0.0,0.0,0.0,2,7,6,0.00,0.00,0.00,0.00,0.00,0.00,0.02,0.02,0.00,0.02
Fabio Chiarodia,it ITA,DF,Werder Bremen,17,2005,3,1,66,0.7,0,0,0,0,0,0,0,0,0.0,0.0,0.0,0.0,0,4,0,0.00,0.00,0.00,0.00,0.00,0.00,0.00,0.00,0.00,0.00
Oliver Christensen,dk DEN,GK,Hertha BSC,23,1999,33,33,2 97,33.0,0,0,0,0,0,0,2,0,0.0,0.0,0.0,0.0,0,2,0,0.00,0.00,0.00,0.00,0.00,0.00,0.00,0.00,0.00,0.00
Darko Churlinov,mk MKD,FW,Stuttgart,22,2000,1,0,27,0.3,0,0,0,0,0,0,0,0,0.0,0.0,0.0,0.0,0,0,0,0.00,0.00,0.00,0.00,0.00,0.00,0.00,0.00,0.00,0.00
Tolga Ciğerci,tr TUR,MF,Hertha BSC,30,1992,11,10,672,07.mai,0,1,1,0,0,0,2,0,0.2,0.2,0.3,0.5,3,32,2,0.00,0.13,0.13,0.00,0.13,0.03,0.04,0.07,0.03,0.07
David Čolina,hr CRO,DF FW,Augsburg,22,2000,7,0,166,01.août,1,0,1,1,0,0,0,0,0.4,0.4,0.1,0.6,2,6,7,0.54,0.00,0.54,0.54,0.54,0.24,0.07,0.31,0.24,0.31
Kingsley Coman,fr FRA,FW MF,Bayern Munich,26,1996,24,16,1 409,15.juil,8,5,13,8,0,0,2,1,04.juin,04.juin,05.mai,10.janv,98,70,296,0.51,0.32,0.83,0.51,0.83,0.29,0.35,0.65,0.29,0.65
Danny da Costa,de GER,DF,Mainz 05,29,1993,23,14,1 236,13.juil,0,2,2,0,0,0,0,0,0.5,0.5,1.0,01.mai,32,62,74,0.00,0.15,0.15,0.00,0.15,0.04,0.07,0.11,0.04,0.11
Soumaïla Coulibaly,fr FRA,DF,Dortmund,18,2003,1,0,45,0.5,0,0,0,0,0,0,0,0,0.0,0.0,0.0,0.0,0,6,0,0.00,0.00,0.00,0.00,0.00,0.00,0.00,0.00,0.00,0.00
Tanguy Coulibaly,fr FRA,FW DF,Stuttgart,21,2001,14,0,326,03.juin,4,0,4,3,1,1,3,0,02.mars,01.mai,0.5,2.0,14,12,38,01.oct,0.00,01.oct,0.83,0.83,0.63,0.13,0.75,0.41,0.54
Nicolas Cozza,fr FRA,DF,Wolfsburg,23,1999,5,0,100,01.janv,0,0,0,0,0,0,0,0,0.0,0.0,0.0,0.0,2,4,2,0.00,0.00,0.00,0.00,0.00,0.00,0.00,0.00,0.00,0.00
Moanes Dabbur,il ISR,FW,Hoffenheim,30,1992,21,8,933,10.avr,6,2,8,6,0,0,3,1,03.mai,03.mai,02.févr,05.juil,10,33,61,0.58,0.19,0.77,0.58,0.77,0.34,0.21,0.55,0.34,0.55
Finn Dahmen,de GER,GK,Mainz 05,24,1998,8,8,720,8.0,0,0,0,0,0,0,0,0,0.0,0.0,0.0,0.0,0,0,0,0.00,0.00,0.00,0.00,0.00,0.00,0.00,0.00,0.00,0.00
Mahmoud Dahoud,de GER,MF,Dortmund,26,1996,9,4,337,03.juil,0,0,0,0,0,0,1,0,0.4,0.4,0.5,0.9,5,25,4,0.00,0.00,0.00,0.00,0.00,0.12,0.13,0.24,0.12,0.24
Muhammed Damar,de GER,MF,Hoffenheim,18,2004,6,1,159,01.août,0,0,0,0,0,0,0,0,0.1,0.1,0.2,0.3,2,9,7,0.00,0.00,0.00,0.00,0.00,0.06,0.09,0.15,0.06,0.15
Márton Dárdai,hu HUN,DF MF,Hertha BSC,20,2002,17,11,947,10.mai,1,0,1,1,0,0,2,0,0.1,0.1,0.2,0.3,2,21,0,0.10,0.00,0.10,0.10,0.10,0.01,0.02,0.03,0.01,0.03
Vladimír Darida,cz CZE,MF,Hertha BSC,31,1990,3,0,31,0.3,0,0,0,0,0,0,0,0,0.0,0.0,0.0,0.0,1,0,1,0.00,0.00,0.00,0.00,0.00,0.00,0.00,0.00,0.00,0.00
Alphonso Davies,ca CAN,DF,Bayern Munich,21,2000,26,24,2 042,22.juil,1,4,5,1,0,0,0,0,01.juil,01.juil,03.juil,05.avr,117,133,158,0.04,0.18,0.22,0.04,0.22,0.07,0.16,0.24,0.07,0.24
Thomas Delaney,dk DEN,MF,Hoffenheim,30,1991,6,4,298,03.mars,0,0,0,0,0,0,0,0,0.1,0.1,0.0,0.1,0,14,3,0.00,0.00,0.00,0.00,0.00,0.03,0.01,0.04,0.03,0.04
Kerem Demirbay,de GER,MF,Leverkusen,29,1993,25,17,1 544,17.févr,4,3,7,4,0,0,5,0,02.févr,02.févr,3.0,05.févr,22,86,21,0.23,0.17,0.41,0.23,0.41,0.13,0.17,0.31,0.13,0.31
Ermedin Demirović,ba BIH,FW MF,Augsburg,24,1998,30,30,2 366,26.mars,8,4,12,7,1,1,7,1,07.mai,06.août,03.mai,10.mars,26,48,120,0.30,0.15,0.46,0.27,0.42,0.29,0.13,0.42,0.26,0.39
Sepp van den Berg,nl NED,DF,Schalke 04,20,2001,9,8,696,07.juil,1,0,1,1,0,0,2,0,0.6,0.6,0.1,0.7,1,12,3,0.13,0.00,0.13,0.13,0.13,0.08,0.02,0.10,0.08,0.10
Moussa Diaby,fr FRA,FW MF,Leverkusen,23,1999,33,33,2 699,30.0,9,8,17,9,0,1,4,0,11.0,10.mars,08.févr,18.mai,125,104,258,0.30,0.27,0.57,0.30,0.57,0.37,0.27,0.64,0.34,0.62
Abdou Diallo,sn SEN,DF MF,RB Leipzig,26,1996,8,5,478,05.mars,1,0,1,1,0,0,2,0,0.4,0.4,0.1,0.5,11,24,3,0.19,0.00,0.19,0.19,0.19,0.07,0.02,0.09,0.07,0.09
Justin Diehl,de GER,MF FW,Köln,17,2004,2,0,17,0.2,0,0,0,0,0,0,0,0,0.0,0.0,0.0,0.0,0,0,1,0.00,0.00,0.00,0.00,0.00,0.00,0.00,0.00,0.00,0.00
Player,Nation,Pos,Squad,Age,Born,MP,Starts,Min,90s,Gls,Ast,G+A,G-PK,PK,PKatt,CrdY,CrdR,xG,npxG,xAG,npxG+xAG,PrgC,PrgP,PrgR,Gls,Ast,G+A,G-PK,G+A-PK,xG,xAG,xG+xAG,npxG,npxG+xAG
Florian Dietz,de GER,FW,Köln,23,1998,11,4,395,04.avr,1,0,1,1,0,0,1,0,02.mai,02.mai,0.3,02.août,8,5,22,0.23,0.00,0.23,0.23,0.23,0.57,0.07,0.64,0.57,0.64
Junior Dina Ebimbe,fr FRA,DF MF,Eint Frankfurt,21,2000,19,10,1 063,11.août,3,1,4,3,0,0,4,0,03.juil,03.juil,01.avr,05.janv,38,45,42,0.25,0.08,0.34,0.25,0.34,0.31,0.12,0.43,0.31,0.43
Eren Dinkçi,de GER,FW MF,Werder Bremen,20,2001,17,0,231,02.juin,0,0,0,0,0,0,0,0,0.4,0.4,0.6,1.0,5,6,24,0.00,0.00,0.00,0.00,0.00,0.17,0.24,0.41,0.17,0.41
Ritsu Doan,jp JPN,MF FW,Freiburg,24,1998,33,30,2 424,26.sept,5,4,9,5,0,0,3,0,7.0,7.0,03.févr,10.févr,83,69,167,0.19,0.15,0.33,0.19,0.33,0.26,0.12,0.38,0.26,0.38
Danilho Doekhi,nl NED,DF,Union Berlin,24,1998,25,25,2 216,24.juin,5,1,6,5,0,0,0,0,01.sept,01.sept,0.4,02.mars,15,73,21,0.20,0.04,0.24,0.20,0.24,0.08,0.02,0.09,0.08,0.09
Kasper Dolberg,dk DEN,FW MF,Hoffenheim,24,1997,13,4,402,04.mai,1,0,1,1,0,0,0,0,0.5,0.5,0.4,0.9,4,4,20,0.22,0.00,0.22,0.22,0.22,0.11,0.10,0.21,0.11,0.21
Niklas Dorsch,de GER,MF,Augsburg,24,1998,11,5,483,05.avr,0,0,0,0,0,0,1,0,0.0,0.0,0.1,0.1,2,14,0,0.00,0.00,0.00,0.00,0.00,0.00,0.03,0.03,0.00,0.03
Dion Drena Beljo,hr CRO,FW,Augsburg,20,2002,18,16,1 128,12.mai,3,2,5,3,0,0,2,0,01.juin,01.juin,01.juil,03.févr,14,15,42,0.24,0.16,0.40,0.24,0.40,0.12,0.13,0.26,0.12,0.26
Dominick Drexler,de GER,MF FW,Schalke 04,32,1990,27,16,1 366,15.févr,4,3,7,4,0,0,3,1,02.avr,02.avr,02.janv,04.mai,17,52,69,0.26,0.20,0.46,0.26,0.46,0.16,0.14,0.30,0.16,0.30
Marvin Ducksch,de GER,FW,Werder Bremen,28,1994,34,34,2 852,31.juil,12,6,18,12,0,1,4,0,11.mars,10.mai,05.mai,16.0,31,58,215,0.38,0.19,0.57,0.38,0.57,0.36,0.17,0.53,0.33,0.50
Ondrej Duda,sk SVK,MF,Köln,27,1994,13,9,689,07.juil,0,0,0,0,0,0,4,0,0.7,0.7,0.7,01.avr,12,40,33,0.00,0.00,0.00,0.00,0.00,0.10,0.09,0.18,0.10,0.18
Julien Duranville,be BEL,MF,Dortmund,16,2006,1,0,29,0.3,0,0,0,0,0,0,0,0,0.0,0.0,0.3,0.3,4,1,4,0.00,0.00,0.00,0.00,0.00,0.06,0.83,0.89,0.06,0.89
Maximilian Eggestein,de GER,MF,Freiburg,25,1996,31,27,2 451,27.févr,1,2,3,1,0,0,6,0,0.9,0.9,01.juil,02.juin,20,93,46,0.04,0.07,0.11,0.04,0.11,0.03,0.06,0.10,0.03,0.10
Lilian Egloff,de GER,MF FW,Stuttgart,19,2002,10,2,241,02.juil,0,0,0,0,0,0,1,0,0.4,0.4,0.4,0.7,8,7,22,0.00,0.00,0.00,0.00,0.00,0.13,0.15,0.28,0.13,0.28
Kingsley Ehizibue,nl NED,DF,Köln,27,1995,1,1,61,0.7,0,0,0,0,0,0,0,0,0.0,0.0,0.0,0.0,1,2,3,0.00,0.00,0.00,0.00,0.00,0.03,0.00,0.03,0.03,0.03
Julian Eitschberger,de GER,FW,Hertha BSC,18,2004,1,0,1,0.0,0,0,0,0,0,0,0,0,0.0,0.0,0.0,0.0,0,0,0,0.00,0.00,0.00,0.00,0.00,0.00,0.00,0.00,0.00,0.00
Chidera Ejuke,ng NGA,FW MF,Hertha BSC,24,1998,20,9,890,09.sept,0,3,3,0,0,0,0,0,01.mai,01.mai,01.mars,02.juil,38,39,67,0.00,0.30,0.30,0.00,0.30,0.15,0.13,0.28,0.15,0.28
Nico Elvedi,ch SUI,DF,Gladbach,25,1996,32,32,2 826,31.4,3,0,3,3,0,0,2,0,02.juin,02.juin,0.3,02.sept,20,83,5,0.10,0.00,0.10,0.10,0.10,0.08,0.01,0.09,0.08,0.09
Wataru Endo,jp JPN,MF,Stuttgart,29,1993,33,33,2 922,32.5,5,4,9,5,0,0,3,0,03.août,03.août,04.juil,08.mai,32,171,67,0.15,0.12,0.28,0.15,0.28,0.12,0.15,0.26,0.12,0.26
Arne Engels,be BEL,MF,Augsburg,18,2003,18,18,1 44,16.0,0,3,3,0,0,0,5,0,0.6,0.6,02.févr,02.août,9,57,25,0.00,0.19,0.19,0.00,0.19,0.04,0.14,0.17,0.04,0.17
Tjark Ernst,de GER,GK,Hertha BSC,19,2003,1,1,90,1.0,0,0,0,0,0,0,0,0,0.0,0.0,0.0,0.0,0,0,0,0.00,0.00,0.00,0.00,0.00,0.00,0.00,0.00,0.00,0.00
Kimberly Ezekwem,de GER,DF,Freiburg,21,2001,1,0,8,0.1,0,0,0,0,0,0,0,0,0.0,0.0,0.0,0.0,0,0,2,0.00,0.00,0.00,0.00,0.00,0.00,0.00,0.00,0.00,0.00
Ralf Fährmann,de GER,GK,Schalke 04,33,1988,12,12,1 025,11.avr,0,0,0,0,0,0,0,0,0.0,0.0,0.0,0.0,0,0,0,0.00,0.00,0.00,0.00,0.00,0.00,0.00,0.00,0.00,0.00
Ohis Felix Uduokhai,de GER,DF,Augsburg,24,1997,19,16,1 45,16.janv,0,1,1,0,0,0,3,1,0.3,0.3,0.3,0.6,12,52,5,0.00,0.06,0.06,0.00,0.06,0.02,0.02,0.04,0.02,0.04
Edimilson Fernandes,ch SUI,DF,Mainz 05,26,1996,32,28,2 437,27.janv,0,3,3,0,0,0,4,0,0.7,0.7,01.mars,01.sept,15,67,23,0.00,0.11,0.11,0.00,0.11,0.02,0.05,0.07,0.02,0.07
Player,Nation,Pos,Squad,Age,Born,MP,Starts,Min,90s,Gls,Ast,G+A,G-PK,PK,PKatt,CrdY,CrdR,xG,npxG,xAG,npxG+xAG,PrgC,PrgP,PrgR,Gls,Ast,G+A,G-PK,G+A-PK,xG,xAG,xG+xAG,npxG,npxG+xAG
Kilian Fischer,de GER,DF FW,Wolfsburg,21,2000,10,5,502,05.juin,0,0,0,0,0,0,2,0,0.3,0.3,0.4,0.7,6,23,21,0.00,0.00,0.00,0.00,0.00,0.06,0.07,0.13,0.06,0.13
Mark Flekken,nl NED,GK,Freiburg,29,1993,34,34,3 06,34.0,0,0,0,0,0,0,0,0,0.0,0.0,0.3,0.3,0,0,0,0.00,0.00,0.00,0.00,0.00,0.00,0.01,0.01,0.00,0.01
Florian Flick,de GER,MF,Schalke 04,22,2000,8,5,512,05.juil,0,0,0,0,0,0,1,0,0.1,0.1,0.0,0.1,2,12,2,0.00,0.00,0.00,0.00,0.00,0.01,0.01,0.02,0.01,0.02
Emil Forsberg,se SWE,MF FW,RB Leipzig,30,1991,30,16,1 482,16.mai,6,4,10,4,2,2,2,0,04.sept,03.mars,02.mars,05.juin,20,67,77,0.36,0.24,0.61,0.24,0.49,0.30,0.14,0.43,0.20,0.34
Philipp Förster,de GER,MF,Bochum,27,1995,25,15,1 309,14.mai,3,7,10,3,0,0,4,0,01.avr,01.avr,03.avr,04.août,19,63,47,0.21,0.48,0.69,0.21,0.69,0.10,0.23,0.33,0.10,0.33
Timothy Fosu-Mensah,nl NED,DF,Leverkusen,24,1998,11,1,191,02.janv,0,0,0,0,0,0,1,0,0.1,0.1,0.3,0.4,3,7,8,0.00,0.00,0.00,0.00,0.00,0.05,0.13,0.18,0.05,0.18
Raphael Framberger,de GER,DF FW,Augsburg,26,1995,3,2,176,2.0,0,0,0,0,0,0,0,0,0.0,0.0,0.0,0.0,0,3,3,0.00,0.00,0.00,0.00,0.00,0.00,0.02,0.02,0.00,0.02
Bartol Franjić,hr CRO,MF,Wolfsburg,22,2000,5,3,227,02.mai,0,1,1,0,0,0,0,0,0.3,0.3,0.1,0.4,3,4,1,0.00,0.40,0.40,0.00,0.40,0.10,0.04,0.14,0.10,0.14
Oscar Fraulo,dk DEN,FW MF,Gladbach,18,2003,2,0,8,0.1,0,0,0,0,0,0,0,0,0.0,0.0,0.0,0.0,0,0,0,0.00,0.00,0.00,0.00,0.00,0.00,0.00,0.00,0.00,0.00
Michael Frey,ch SUI,FW,Schalke 04,28,1994,15,10,868,09.juin,0,3,3,0,0,0,2,0,01.juil,01.juil,01.août,03.mai,10,22,65,0.00,0.31,0.31,0.00,0.31,0.18,0.19,0.37,0.18,0.37
Marco Friedl,at AUT,DF,Werder Bremen,24,1998,30,30,2 594,28.août,0,0,0,0,0,0,8,1,0.5,0.5,0.4,1.0,14,115,11,0.00,0.00,0.00,0.00,0.00,0.02,0.02,0.03,0.02,0.03
Marvin Friedrich,de GER,DF,Gladbach,26,1995,23,13,1 248,13.sept,1,0,1,1,0,0,2,0,0.9,0.9,0.5,01.mars,3,35,6,0.07,0.00,0.07,0.07,0.07,0.06,0.03,0.09,0.06,0.09
Jeremie Frimpong,nl NED,DF MF,Leverkusen,21,2000,34,32,2 708,30.janv,8,7,15,8,0,0,4,0,07.juin,07.juin,06.févr,13.août,155,62,250,0.27,0.23,0.50,0.27,0.50,0.25,0.21,0.46,0.25,0.46
Chris Führich,de GER,FW MF,Stuttgart,24,1998,33,21,1 884,20.sept,5,2,7,4,1,1,2,0,03.juin,02.sept,04.août,07.juin,93,83,142,0.24,0.10,0.33,0.19,0.29,0.17,0.23,0.40,0.14,0.37
Angelo Fulgini,fr FRA,MF,Mainz 05,25,1996,16,5,525,05.août,0,1,1,0,0,0,1,0,0.6,0.6,0.8,01.avr,3,29,43,0.00,0.17,0.17,0.00,0.17,0.10,0.13,0.23,0.10,0.23
Niclas Füllkrug,de GER,FW,Werder Bremen,29,1993,28,28,2 477,27.mai,16,5,21,11,5,5,4,0,12.août,08.juin,03.juin,12.févr,41,90,200,0.58,0.18,0.76,0.40,0.58,0.47,0.13,0.60,0.31,0.44
Cristian Gamboa,cr CRC,DF,Bochum,32,1989,19,17,1 477,16.avr,0,0,0,0,0,0,2,0,0.2,0.2,0.5,0.7,10,56,21,0.00,0.00,0.00,0.00,0.00,0.01,0.03,0.04,0.01,0.04
Silvère Ganvoula M'Boussy,cg CGO,FW MF,Bochum,26,1996,16,0,247,02.juil,0,0,0,0,0,0,1,0,0.5,0.5,0.5,0.9,5,12,19,0.00,0.00,0.00,0.00,0.00,0.17,0.17,0.34,0.17,0.34
Dario Gebuhr,de GER,DF,Eint Frankfurt,19,2003,1,0,21,0.2,0,0,0,0,0,0,0,0,0.0,0.0,0.0,0.0,0,0,0,0.00,0.00,0.00,0.00,0.00,0.00,0.00,0.00,0.00,0.00
Dennis Geiger,de GER,MF,Hoffenheim,24,1998,27,27,1 952,21.juil,1,3,4,1,0,0,9,0,0.2,0.2,02.juil,02.sept,21,99,22,0.05,0.14,0.18,0.05,0.18,0.01,0.12,0.13,0.01,0.13
Yannick Gerhardt,de GER,MF,Wolfsburg,28,1994,29,22,1 866,20.juil,6,4,10,6,0,0,3,0,05.juil,05.juil,02.févr,07.sept,12,82,88,0.29,0.19,0.48,0.29,0.48,0.28,0.11,0.38,0.28,0.38
Niko Gießelmann,de GER,DF,Union Berlin,30,1991,26,14,1 302,14.mai,0,2,2,0,0,0,4,0,01.janv,01.janv,01.juil,02.août,14,50,50,0.00,0.14,0.14,0.00,0.14,0.08,0.11,0.19,0.08,0.19
Rafał Gikiewicz,pl POL,GK,Augsburg,34,1987,23,23,2 07,23.0,0,0,0,0,0,0,3,0,0.0,0.0,0.0,0.0,0,0,0,0.00,0.00,0.00,0.00,0.00,0.00,0.00,0.00,0.00,0.00
Matthias Ginter,de GER,DF,Freiburg,28,1994,34,34,3 06,34.0,4,1,5,4,0,0,3,0,01.sept,01.sept,0.9,02.sept,23,122,11,0.12,0.03,0.15,0.12,0.15,0.06,0.03,0.08,0.06,0.08
Jamie Gittens,eng ENG,FW MF,Dortmund,17,2004,15,4,533,05.sept,3,1,4,3,0,0,1,0,02.avr,02.avr,0.7,03.janv,24,9,38,0.51,0.17,0.68,0.51,0.68,0.41,0.12,0.53,0.41,0.53
Player,Nation,Pos,Squad,Age,Born,MP,Starts,Min,90s,Gls,Ast,G+A,G-PK,PK,PKatt,CrdY,CrdR,xG,npxG,xAG,npxG+xAG,PrgC,PrgP,PrgR,Gls,Ast,G+A,G-PK,G+A-PK,xG,xAG,xG+xAG,npxG,npxG+xAG
Serge Gnabry,de GER,FW MF,Bayern Munich,27,1995,34,22,1 941,21.juin,14,5,19,13,1,1,0,0,11.févr,10.avr,05.mars,15.juil,74,82,217,0.65,0.23,0.88,0.60,0.83,0.52,0.25,0.76,0.48,0.73
Jacek Góralski,pl POL,MF,Bochum,29,1992,4,2,146,01.juin,0,0,0,0,0,0,0,0,0.0,0.0,0.1,0.1,1,3,0,0.00,0.00,0.00,0.00,0.00,0.00,0.04,0.04,0.00,0.04
Leon Goretzka,de GER,MF,Bayern Munich,27,1995,27,22,1 728,19.févr,3,2,5,3,0,0,5,0,04.juil,04.juil,02.mars,07.janv,42,114,62,0.16,0.10,0.26,0.16,0.26,0.25,0.12,0.37,0.25,0.37
Mario Götze,de GER,MF,Eint Frankfurt,30,1992,32,32,2 74,30.avr,3,1,4,3,0,0,6,0,03.févr,03.févr,05.mars,08.mai,57,149,212,0.10,0.03,0.13,0.10,0.13,0.11,0.17,0.28,0.11,0.28
Jeffrey Gouweleeuw,nl NED,DF,Augsburg,31,1991,32,32,2 795,31.janv,0,1,1,0,0,0,12,0,01.avr,01.avr,02.janv,03.juin,18,80,10,0.00,0.03,0.03,0.00,0.03,0.05,0.07,0.12,0.05,0.12
Ryan Gravenberch,nl NED,MF,Bayern Munich,20,2002,24,3,576,06.avr,0,0,0,0,0,0,1,0,0.9,0.9,0.5,01.avr,11,44,31,0.00,0.00,0.00,0.00,0.00,0.14,0.08,0.21,0.14,0.21
Michael Gregoritsch,at AUT,FW,Freiburg,28,1994,30,27,2 15,23.sept,10,4,14,10,0,0,6,0,10.0,10.0,3.0,13.0,22,57,124,0.42,0.17,0.59,0.42,0.59,0.42,0.12,0.54,0.42,0.54
Leo Greiml,at AUT,DF,Schalke 04,21,2001,7,3,358,4.0,0,0,0,0,0,0,2,0,0.1,0.1,0.1,0.2,4,10,1,0.00,0.00,0.00,0.00,0.00,0.03,0.02,0.05,0.03,0.05
Vincenzo Grifo,it ITA,MF FW,Freiburg,29,1993,33,30,2 408,26.août,15,5,20,8,7,8,2,0,10.mars,03.sept,05.mai,09.avr,65,128,124,0.56,0.19,0.75,0.30,0.49,0.39,0.21,0.59,0.14,0.35
Lennart Grill,de GER,GK,Union Berlin,23,1999,5,5,450,5.0,0,0,0,0,0,0,0,0,0.0,0.0,0.0,0.0,0,0,0,0.00,0.00,0.00,0.00,0.00,0.00,0.00,0.00,0.00,0.00
Christian Groß,de GER,MF,Werder Bremen,33,1989,26,23,1 886,21.0,1,1,2,1,0,0,4,0,0.2,0.2,0.5,0.6,22,67,17,0.05,0.05,0.10,0.05,0.10,0.01,0.02,0.03,0.01,0.03
Brajan Gruda,de GER,MF,Mainz 05,18,2004,2,0,4,0.0,0,0,0,0,0,0,0,0,0.0,0.0,0.1,0.1,0,0,0,0.00,0.00,0.00,0.00,0.00,0.00,janv.63,janv.63,0.00,janv.63
Ilia Gruev,bg BUL,MF,Werder Bremen,22,2000,31,18,1 584,17.juin,0,0,0,0,0,0,2,0,0.3,0.3,0.8,01.févr,26,61,12,0.00,0.00,0.00,0.00,0.00,0.02,0.05,0.07,0.02,0.07
Carlos Gruezo,ec ECU,MF,Augsburg,27,1995,13,12,961,10.juil,0,0,0,0,0,0,5,0,0.0,0.0,0.3,0.3,2,29,5,0.00,0.00,0.00,0.00,0.00,0.00,0.03,0.03,0.00,0.03
Raphaël Guerreiro,pt POR,DF MF,Dortmund,28,1993,27,26,2 29,25.avr,4,12,16,4,0,0,4,0,02.juil,02.juil,07.juin,10.mars,85,191,163,0.16,0.47,0.63,0.16,0.63,0.11,0.30,0.41,0.11,0.41
Josuha Guilavogui,fr FRA,DF MF,Wolfsburg,31,1990,23,11,1 18,13.janv,1,0,1,1,0,0,4,0,0.5,0.5,0.4,1.0,4,64,6,0.08,0.00,0.08,0.08,0.08,0.04,0.03,0.07,0.04,0.07
Serhou Guirassy,gn GUI,FW,Stuttgart,26,1996,22,20,1 646,18.mars,11,0,11,9,2,2,4,1,10.août,09.févr,01.avr,10.juin,20,30,97,0.60,0.00,0.60,0.49,0.49,0.59,0.08,0.67,0.50,0.58
Péter Gulácsi,hu HUN,GK,RB Leipzig,32,1990,6,6,540,6.0,0,0,0,0,0,0,0,0,0.0,0.0,0.0,0.0,0,0,0,0.00,0.00,0.00,0.00,0.00,0.00,0.00,0.00,0.00,0.00
Manuel Gulde,de GER,DF,Freiburg,31,1991,15,8,643,07.janv,1,0,1,1,0,0,2,0,0.7,0.7,0.2,0.9,6,23,5,0.14,0.00,0.14,0.14,0.14,0.10,0.02,0.12,0.10,0.12
Robert Gumny,pl POL,DF,Augsburg,24,1998,29,23,2 015,22.avr,1,2,3,1,0,0,5,1,0.7,0.7,0.7,01.avr,23,56,59,0.04,0.09,0.13,0.04,0.13,0.03,0.03,0.06,0.03,0.06
Christian Günter,de GER,DF MF,Freiburg,29,1993,33,31,2 748,30.mai,1,4,5,1,0,0,5,0,01.févr,01.févr,05.janv,06.avr,43,77,128,0.03,0.13,0.16,0.03,0.16,0.04,0.17,0.21,0.04,0.21
Joško Gvardiol,hr CRO,DF,RB Leipzig,20,2002,30,24,2 17,24.janv,1,0,1,1,0,0,2,0,01.août,01.août,0.6,02.mai,27,116,4,0.04,0.00,0.04,0.04,0.04,0.08,0.03,0.10,0.08,0.10
Janik Haberer,de GER,MF,Union Berlin,28,1994,32,30,2 187,24.mars,5,1,6,5,0,0,1,0,03.mars,03.mars,02.janv,05.avr,21,78,84,0.21,0.04,0.25,0.21,0.25,0.13,0.09,0.22,0.13,0.22
Alexander Hack,de GER,DF,Mainz 05,28,1993,19,14,1 132,12.juin,0,0,0,0,0,0,2,1,0.1,0.1,0.1,0.2,1,52,0,0.00,0.00,0.00,0.00,0.00,0.01,0.01,0.02,0.01,0.02
André Hahn,de GER,FW MF,Augsburg,31,1990,7,4,391,04.mars,2,0,2,2,0,0,1,0,0.4,0.4,0.0,0.4,3,8,10,0.46,0.00,0.46,0.46,0.46,0.09,0.01,0.10,0.09,0.10
Player,Nation,Pos,Squad,Age,Born,MP,Starts,Min,90s,Gls,Ast,G+A,G-PK,PK,PKatt,CrdY,CrdR,xG,npxG,xAG,npxG+xAG,PrgC,PrgP,PrgR,Gls,Ast,G+A,G-PK,G+A-PK,xG,xAG,xG+xAG,npxG,npxG+xAG
Amadou Haidara,ml MLI,MF,RB Leipzig,24,1998,31,15,1 43,15.sept,2,1,3,2,0,0,7,0,02.août,02.août,01.mai,04.mars,10,85,8,0.13,0.06,0.19,0.13,0.19,0.18,0.09,0.27,0.18,0.27
Sébastien Haller,ci CIV,FW,Dortmund,28,1994,19,15,1 225,13.juin,9,3,12,9,0,1,1,0,08.avr,07.juil,02.mars,10.0,11,22,65,0.66,0.22,0.88,0.66,0.88,0.62,0.17,0.79,0.56,0.73
Marcel Halstenberg,de GER,DF,RB Leipzig,30,1991,31,17,1 557,17.mars,1,1,2,1,0,0,2,0,01.janv,01.janv,02.janv,03.mars,22,59,66,0.06,0.06,0.12,0.06,0.12,0.06,0.12,0.19,0.06,0.19
Andreas Hanche-Olsen,no NOR,DF,Mainz 05,25,1997,17,17,1 497,16.juin,1,3,4,1,0,0,5,0,0.4,0.4,01.févr,01.juin,6,43,10,0.06,0.18,0.24,0.06,0.24,0.03,0.07,0.10,0.03,0.10
Genki Haraguchi,jp JPN,MF,Stuttgart,31,1991,11,9,748,08.mars,0,2,2,0,0,0,1,0,0.3,0.3,0.7,1.0,16,30,28,0.00,0.24,0.24,0.00,0.24,0.03,0.08,0.12,0.03,0.12
Genki Haraguchi,jp JPN,MF,Union Berlin,31,1991,11,6,498,05.mai,0,0,0,0,0,0,0,0,0.3,0.3,0.3,0.5,6,17,18,0.00,0.00,0.00,0.00,0.00,0.05,0.05,0.09,0.05,0.09
Makoto Hasebe,jp JPN,DF,Eint Frankfurt,38,1984,18,15,1 306,14.mai,0,0,0,0,0,0,1,0,0.0,0.0,0.4,0.4,9,57,2,0.00,0.00,0.00,0.00,0.00,0.00,0.03,0.03,0.00,0.03
Thorgan Hazard,be BEL,FW DF,Dortmund,29,1993,14,2,464,05.févr,0,0,0,0,0,0,1,0,01.mars,01.mars,0.9,02.mars,21,28,50,0.00,0.00,0.00,0.00,0.00,0.26,0.18,0.44,0.26,0.44
Jonas Hector,de GER,DF,Köln,32,1990,32,32,2 824,31.4,0,2,2,0,0,0,3,0,01.juil,01.juil,03.sept,05.juin,54,129,122,0.00,0.06,0.06,0.00,0.06,0.05,0.12,0.18,0.05,0.18
Dominique Heintz,de GER,DF,Bochum,28,1993,11,8,795,08.août,0,0,0,0,0,0,1,0,0.3,0.3,0.2,0.5,3,21,2,0.00,0.00,0.00,0.00,0.00,0.04,0.02,0.06,0.04,0.06
Benjamin Henrichs,de GER,DF MF,RB Leipzig,25,1997,30,23,2 188,24.mars,2,2,4,2,0,0,8,0,01.févr,01.févr,01.août,3.0,48,109,149,0.08,0.08,0.16,0.08,0.16,0.05,0.07,0.12,0.05,0.12
Lucas Hernández,fr FRA,DF,Bayern Munich,26,1996,7,6,476,05.mars,0,0,0,0,0,0,1,0,0.0,0.0,0.2,0.2,3,34,4,0.00,0.00,0.00,0.00,0.00,0.00,0.03,0.03,0.00,0.03
Patrick Herrmann,de GER,FW MF,Gladbach,31,1991,21,0,164,01.août,1,0,1,1,0,0,2,0,0.4,0.4,0.5,0.8,7,6,19,0.55,0.00,0.55,0.55,0.55,0.19,0.27,0.46,0.19,0.46
Piero Hincapié,ec ECU,DF MF,Leverkusen,20,2002,30,27,2 457,27.mars,1,1,2,1,0,0,13,3,01.mars,01.mars,1.0,02.avr,46,83,42,0.04,0.04,0.07,0.04,0.07,0.05,0.04,0.09,0.05,0.09
Adam Hložek,cz CZE,FW MF,Leverkusen,20,2002,29,16,1 286,14.mars,5,3,8,5,0,0,2,0,02.juil,02.juil,02.mai,05.mars,22,32,70,0.35,0.21,0.56,0.35,0.56,0.19,0.18,0.37,0.19,0.37
Nicolas Höfler,de GER,MF,Freiburg,32,1990,32,32,2 816,31.mars,0,1,1,0,0,0,9,1,01.juil,01.juil,0.9,02.juil,12,110,10,0.00,0.03,0.03,0.00,0.03,0.06,0.03,0.09,0.06,0.09
Jonas Hofmann,de GER,FW MF,Gladbach,30,1992,31,30,2 68,29.août,12,9,21,12,0,1,2,0,07.févr,06.juin,11.janv,17.juin,73,119,197,0.40,0.30,0.71,0.40,0.71,0.24,0.37,0.61,0.22,0.59
Philipp Hofmann,de GER,FW,Bochum,29,1993,34,31,2 631,29.2,8,2,10,8,0,0,5,0,08.août,08.août,02.juil,11.mai,7,71,117,0.27,0.07,0.34,0.27,0.34,0.30,0.09,0.39,0.30,0.39
Lucas Höler,de GER,FW MF,Freiburg,28,1994,26,16,1 503,16.juil,5,2,7,5,0,0,1,0,03.mars,03.mars,01.sept,05.janv,19,33,87,0.30,0.12,0.42,0.30,0.42,0.19,0.11,0.31,0.19,0.31
Gerrit Holtmann,ph PHI,FW MF,Bochum,27,1995,23,8,945,10.mai,1,1,2,1,0,0,0,0,02.avr,02.avr,0.8,03.janv,37,8,83,0.10,0.10,0.19,0.10,0.19,0.23,0.07,0.30,0.23,0.30
Jannes Horn,de GER,DF FW,Bochum,25,1997,2,1,59,0.7,0,0,0,0,0,0,1,0,0.0,0.0,0.0,0.0,0,0,0,0.00,0.00,0.00,0.00,0.00,0.00,0.00,0.00,0.00,0.00
Lukáš Hrádecký,fi FIN,GK,Leverkusen,32,1989,33,33,2 969,33.0,0,0,0,0,0,0,0,1,0.0,0.0,0.0,0.0,0,0,0,0.00,0.00,0.00,0.00,0.00,0.00,0.00,0.00,0.00,0.00
Timo Hübers,de GER,DF,Köln,26,1996,29,28,2 559,28.avr,3,0,3,3,0,0,8,0,01.août,01.août,0.1,01.sept,10,84,2,0.11,0.00,0.11,0.11,0.11,0.06,0.00,0.07,0.06,0.07
Callum Hudson-Odoi,eng ENG,FW MF,Leverkusen,21,2000,14,7,605,06.juil,0,1,1,0,0,0,0,0,0.2,0.2,0.8,0.9,30,31,44,0.00,0.15,0.15,0.00,0.15,0.03,0.11,0.14,0.03,0.14
Mats Hummels,de GER,DF,Dortmund,33,1988,30,24,2 018,22.avr,1,0,1,1,0,0,4,0,02.févr,02.févr,01.janv,03.mars,21,114,6,0.04,0.00,0.04,0.04,0.04,0.10,0.05,0.15,0.10,0.15
Player,Nation,Pos,Squad,Age,Born,MP,Starts,Min,90s,Gls,Ast,G+A,G-PK,PK,PKatt,CrdY,CrdR,xG,npxG,xAG,npxG+xAG,PrgC,PrgP,PrgR,Gls,Ast,G+A,G-PK,G+A-PK,xG,xAG,xG+xAG,npxG,npxG+xAG
Denis Huseinbasic,ba BIH,MF FW,Köln,21,2001,24,7,791,08.août,4,1,5,4,0,0,3,0,02.avr,02.avr,0.3,02.juil,12,34,45,0.46,0.11,0.57,0.46,0.57,0.27,0.04,0.31,0.27,0.31
Iago,br BRA,DF MF,Augsburg,25,1997,22,19,1 6,17.août,0,2,2,0,0,0,6,1,0.4,0.4,01.janv,01.mai,27,53,49,0.00,0.11,0.11,0.00,0.11,0.02,0.06,0.08,0.02,0.08
Arijon Ibrahimović,de GER,MF,Bayern Munich,16,2005,1,0,14,0.2,0,0,0,0,0,0,0,0,0.5,0.5,0.1,0.6,0,0,2,0.00,0.00,0.00,0.00,0.00,mars.31,0.37,mars.68,mars.31,mars.68
Marcus Ingvartsen,dk DEN,FW MF,Mainz 05,26,1996,28,16,1 314,14.juin,10,0,10,6,4,4,2,0,08.avr,05.févr,0.7,05.sept,16,30,81,0.68,0.00,0.68,0.41,0.41,0.57,0.05,0.62,0.36,0.41
Ko Itakura,jp JPN,DF,Gladbach,25,1997,24,22,1 981,22.0,0,2,2,0,0,0,1,2,0.6,0.6,0.4,1.0,19,59,4,0.00,0.09,0.09,0.00,0.09,0.03,0.02,0.05,0.03,0.05
Hiroki Ito,jp JPN,DF,Stuttgart,23,1999,30,29,2 561,28.mai,1,1,2,1,0,0,5,0,0.8,0.8,02.janv,02.sept,29,158,29,0.04,0.04,0.07,0.04,0.07,0.03,0.07,0.10,0.03,0.10
Andreas Ivan,ro ROU,MF,Schalke 04,27,1995,1,0,46,0.5,0,0,0,0,0,0,0,0,0.0,0.0,0.0,0.0,0,2,1,0.00,0.00,0.00,0.00,0.00,0.08,0.00,0.08,0.08,0.08
Lee Jae-sung,kr KOR,MF,Mainz 05,29,1992,34,24,1 894,21.0,7,5,12,7,0,0,2,0,04.mars,04.mars,02.août,07.janv,29,69,103,0.33,0.24,0.57,0.33,0.57,0.20,0.13,0.34,0.20,0.34
Paul Jaeckel,de GER,DF,Union Berlin,24,1998,16,13,1 196,13.mars,1,0,1,1,0,0,4,1,0.1,0.1,0.0,0.2,6,41,8,0.08,0.00,0.08,0.08,0.08,0.01,0.00,0.01,0.01,0.01
Kristijan Jakić,hr CRO,DF MF,Eint Frankfurt,25,1997,24,17,1 46,16.févr,1,0,1,1,0,0,4,0,0.7,0.7,0.7,01.mai,16,59,19,0.06,0.00,0.06,0.06,0.06,0.05,0.05,0.09,0.05,0.09
Saidy Janko,gm GAM,DF,Bochum,26,1995,20,12,1 134,12.juin,0,0,0,0,0,0,1,0,0.0,0.0,0.1,0.2,23,29,27,0.00,0.00,0.00,0.00,0.00,0.00,0.01,0.01,0.00,0.01
Tony Jantschke,de GER,DF MF,Gladbach,32,1990,8,1,99,01.janv,0,0,0,0,0,0,0,0,0.0,0.0,0.0,0.0,0,2,1,0.00,0.00,0.00,0.00,0.00,0.00,0.00,0.00,0.00,0.00
Fredrik Jensen,fi FIN,FW MF,Augsburg,24,1997,20,8,924,10.mars,2,1,3,2,0,0,1,0,01.août,01.août,01.avr,03.févr,3,24,62,0.19,0.10,0.29,0.19,0.29,0.17,0.13,0.31,0.17,0.31
Moritz Jenz,de GER,DF,Schalke 04,23,1999,11,11,945,10.mai,0,0,0,0,0,0,5,0,1.0,1.0,0.0,01.janv,6,18,1,0.00,0.00,0.00,0.00,0.00,0.10,0.00,0.10,0.10,0.10
Stevan Jovetić,me MNE,FW MF,Hertha BSC,32,1989,17,8,892,09.sept,4,2,6,4,0,0,0,0,02.juil,02.juil,01.janv,03.août,14,40,44,0.40,0.20,0.61,0.40,0.61,0.28,0.11,0.38,0.28,0.38
Anthony Jung,de GER,DF FW,Werder Bremen,30,1991,34,32,2 617,29.janv,2,5,7,2,0,0,2,0,01.mars,01.mars,01.juin,02.sept,28,73,109,0.07,0.17,0.24,0.07,0.24,0.04,0.06,0.10,0.04,0.10
Josip Juranović,hr CRO,DF,Union Berlin,26,1995,12,10,935,10.avr,2,1,3,1,1,1,0,0,01.juin,0.8,01.mai,02.mars,11,27,33,0.19,0.10,0.29,0.10,0.19,0.15,0.14,0.30,0.08,0.22
Ozan Kabak,tr TUR,DF,Hoffenheim,22,2000,30,28,2 388,26.mai,2,2,4,2,0,0,12,2,01.mars,01.mars,01.mars,02.juin,23,76,13,0.08,0.08,0.15,0.08,0.15,0.05,0.05,0.10,0.05,0.10
Pavel Kadeřábek,cz CZE,DF,Hoffenheim,30,1992,26,17,1 665,18.mai,1,1,2,1,0,0,1,0,01.mars,01.mars,01.juil,03.janv,30,61,114,0.05,0.05,0.11,0.05,0.11,0.07,0.09,0.17,0.07,0.17
Florian Kainz,at AUT,MF FW,Köln,29,1992,32,31,2 344,26.0,6,10,16,3,3,3,6,1,6.0,03.juin,08.juil,12.mars,64,159,147,0.23,0.38,0.61,0.12,0.50,0.23,0.33,0.56,0.14,0.47
Sasa Kalajdzic,at AUT,FW,Stuttgart,25,1997,3,3,233,02.juin,0,3,3,0,0,0,1,0,0.5,0.5,0.6,01.janv,0,4,13,0.00,janv.16,janv.16,0.00,janv.16,0.19,0.24,0.44,0.19,0.44
Daichi Kamada,jp JPN,MF,Eint Frankfurt,25,1996,32,25,2 265,25.févr,9,6,15,6,3,3,3,0,09.sept,07.mai,03.avr,10.sept,47,160,105,0.36,0.24,0.60,0.24,0.48,0.39,0.14,0.53,0.30,0.44
Jakub Kamiński,pl POL,FW DF,Wolfsburg,20,2002,31,25,2 058,22.sept,4,2,6,4,0,0,0,0,5.0,04.août,03.juil,08.mai,47,78,171,0.17,0.09,0.26,0.17,0.26,0.22,0.16,0.38,0.21,0.37
Marcin Kamiński,pl POL,DF,Schalke 04,30,1992,8,7,632,7.0,2,0,2,2,0,0,0,0,0.4,0.4,0.1,0.5,2,25,3,0.28,0.00,0.28,0.28,0.28,0.06,0.02,0.07,0.06,0.07
Kevin Kampl,si SVN,MF,RB Leipzig,31,1990,30,16,1 372,15.févr,2,2,4,2,0,0,8,0,01.janv,01.janv,1.0,02.févr,23,80,15,0.13,0.13,0.26,0.13,0.26,0.07,0.07,0.14,0.07,0.14
Player,Nation,Pos,Squad,Age,Born,MP,Starts,Min,90s,Gls,Ast,G+A,G-PK,PK,PKatt,CrdY,CrdR,xG,npxG,xAG,npxG+xAG,PrgC,PrgP,PrgR,Gls,Ast,G+A,G-PK,G+A-PK,xG,xAG,xG+xAG,npxG,npxG+xAG
Wilfried Kanga,ci CIV,FW,Hertha BSC,24,1998,23,15,1 417,15.juil,2,0,2,2,0,0,3,0,03.mars,03.mars,01.mai,04.août,11,12,72,0.13,0.00,0.13,0.13,0.13,0.21,0.09,0.31,0.21,0.31
Kenan Karaman,tr TUR,FW,Schalke 04,28,1994,21,10,976,10.août,1,2,3,1,0,0,2,0,02.mai,02.mai,01.avr,03.août,23,18,55,0.09,0.18,0.28,0.09,0.28,0.23,0.13,0.35,0.23,0.35
Atakan Karazor,,MF,Stuttgart,25,1996,29,22,1 962,21.août,0,1,1,0,0,0,10,0,0.3,0.3,0.6,0.9,5,79,12,0.00,0.05,0.05,0.00,0.05,0.01,0.03,0.04,0.01,0.04
Thomas Kastanaras,gr GRE,FW DF,Stuttgart,19,2003,4,1,72,0.8,0,0,0,0,0,0,0,0,0.3,0.3,0.1,0.3,1,2,6,0.00,0.00,0.00,0.00,0.00,0.32,0.08,0.40,0.32,0.40
Silas Katompa,cd COD,FW MF,Stuttgart,23,1998,30,23,1 992,22.janv,5,2,7,4,1,1,4,0,06.mai,05.juil,01.sept,07.juin,71,40,165,0.23,0.09,0.32,0.18,0.27,0.29,0.09,0.38,0.26,0.34
Yannik Keitel,de GER,MF,Freiburg,22,2000,22,8,682,07.juin,0,2,2,0,0,0,4,0,0.2,0.2,0.1,0.3,12,26,16,0.00,0.26,0.26,0.00,0.26,0.02,0.02,0.04,0.02,0.04
Marc-Oliver Kempf,de GER,DF,Hertha BSC,27,1995,31,31,2 709,30.janv,1,0,1,1,0,0,5,0,01.mai,01.mai,01.janv,02.juil,11,81,1,0.03,0.00,0.03,0.03,0.03,0.05,0.04,0.09,0.05,0.09
Jonjoe Kenny,eng ENG,DF,Hertha BSC,25,1997,29,25,2 244,24.sept,0,1,1,0,0,0,3,0,0.3,0.3,02.janv,02.avr,30,98,59,0.00,0.04,0.04,0.00,0.04,0.01,0.09,0.10,0.01,0.10
Rani Khedira,de GER,MF,Union Berlin,28,1994,33,33,2 882,32.0,2,0,2,2,0,0,8,0,01.juil,01.juil,0.7,02.mars,14,69,26,0.06,0.00,0.06,0.06,0.06,0.05,0.02,0.07,0.05,0.07
Luca Kilian,de GER,DF,Köln,22,1999,16,13,1 123,12.mai,1,0,1,1,0,0,5,2,01.janv,01.janv,0.2,01.mars,14,53,4,0.08,0.00,0.08,0.08,0.08,0.09,0.01,0.10,0.09,0.10
Joshua Kimmich,de GER,MF,Bayern Munich,27,1995,33,32,2 809,31.2,5,6,11,4,1,1,6,1,02.févr,01.avr,7.0,08.avr,42,315,56,0.16,0.19,0.35,0.13,0.32,0.07,0.22,0.30,0.05,0.27
Pascal Klemens,de GER,DF,Hertha BSC,17,2005,1,1,90,1.0,0,0,0,0,0,0,0,0,0.0,0.0,0.0,0.0,0,1,0,0.00,0.00,0.00,0.00,0.00,0.00,0.00,0.00,0.00,0.00
Lukas Klostermann,de GER,DF,RB Leipzig,26,1996,15,10,907,10.janv,0,0,0,0,0,0,0,0,0.3,0.3,0.1,0.5,5,40,12,0.00,0.00,0.00,0.00,0.00,0.03,0.01,0.05,0.03,0.05
Ansgar Knauff,de GER,DF,Eint Frankfurt,20,2002,24,14,1 286,14.mars,1,1,2,1,0,0,1,0,0.9,0.9,01.juin,02.mai,47,40,74,0.07,0.07,0.14,0.07,0.14,0.06,0.12,0.18,0.06,0.18
Robin Knoche,de GER,DF,Union Berlin,30,1992,32,32,2 873,31.9,2,3,5,1,1,2,4,0,02.avr,0.8,0.8,01.juin,12,98,6,0.06,0.09,0.16,0.03,0.13,0.07,0.03,0.10,0.03,0.05
Gregor Kobel,ch SUI,GK,Dortmund,24,1997,27,27,2 43,27.0,0,0,0,0,0,0,0,0,0.0,0.0,0.0,0.0,0,0,0,0.00,0.00,0.00,0.00,0.00,0.00,0.00,0.00,0.00,0.00
Dominik Kohr,de GER,MF,Mainz 05,28,1994,30,27,2 292,25.mai,3,0,3,3,0,0,11,0,02.mars,02.mars,1.0,03.mars,17,144,39,0.12,0.00,0.12,0.12,0.12,0.09,0.04,0.13,0.09,0.13
Randal Kolo Muani,fr FRA,FW,Eint Frankfurt,23,1998,32,31,2 631,29.2,15,11,26,13,2,2,6,1,13.févr,11.juin,06.mai,18.janv,97,61,240,0.51,0.38,0.89,0.44,0.82,0.45,0.22,0.67,0.40,0.62
Timothée Kolodziejczak,fr FRA,DF,Schalke 04,30,1991,1,0,25,0.3,0,0,0,0,0,0,0,0,0.0,0.0,0.0,0.0,0,0,0,0.00,0.00,0.00,0.00,0.00,0.00,0.00,0.00,0.00,0.00
Manu Koné,fr FRA,MF,Gladbach,21,2001,30,30,2 608,29.0,1,1,2,1,0,0,12,0,01.févr,01.févr,01.mars,02.mai,59,166,55,0.03,0.03,0.07,0.03,0.07,0.04,0.05,0.09,0.04,0.09
Odilon Kossounou,ci CIV,DF,Leverkusen,21,2001,24,17,1 523,16.sept,0,1,1,0,0,0,3,0,0.2,0.2,0.1,0.3,26,77,16,0.00,0.06,0.06,0.00,0.06,0.01,0.01,0.02,0.01,0.02
Filip Kostić,rs SRB,DF MF,Eint Frankfurt,29,1992,1,1,74,0.8,0,0,0,0,0,0,1,0,0.0,0.0,0.1,0.1,3,4,3,0.00,0.00,0.00,0.00,0.00,0.03,0.08,0.11,0.03,0.11
Tomáš Koubek,cz CZE,GK,Augsburg,29,1992,11,11,990,11.0,0,0,0,0,0,0,0,0,0.0,0.0,0.0,0.0,0,0,0,0.00,0.00,0.00,0.00,0.00,0.00,0.00,0.00,0.00,0.00
Soichiro Kozuki,jp JPN,FW MF,Schalke 04,21,2000,5,5,379,04.févr,1,0,1,1,0,0,1,0,01.janv,01.janv,0.3,01.avr,15,10,37,0.24,0.00,0.24,0.24,0.24,0.26,0.08,0.33,0.26,0.33
Alex Král,cz CZE,MF,Schalke 04,24,1998,29,26,2 357,26.févr,0,0,0,0,0,0,3,0,01.mai,01.mai,0.7,02.févr,41,100,70,0.00,0.00,0.00,0.00,0.00,0.06,0.03,0.08,0.06,0.08
Player,Nation,Pos,Squad,Age,Born,MP,Starts,Min,90s,Gls,Ast,G+A,G-PK,PK,PKatt,CrdY,CrdR,xG,npxG,xAG,npxG+xAG,PrgC,PrgP,PrgR,Gls,Ast,G+A,G-PK,G+A-PK,xG,xAG,xG+xAG,npxG,npxG+xAG
Andrej Kramarić,hr CRO,MF FW,Hoffenheim,31,1991,32,26,2 386,26.mai,12,4,16,8,4,6,3,0,13.févr,08.mai,02.févr,10.juil,49,100,191,0.45,0.15,0.60,0.30,0.45,0.50,0.08,0.58,0.32,0.40
Christoph Kramer,de GER,MF,Gladbach,31,1991,29,27,2 222,24.juil,0,0,0,0,0,0,4,0,0.4,0.4,2.0,02.avr,26,79,60,0.00,0.00,0.00,0.00,0.00,0.01,0.08,0.10,0.01,0.10
Tom Krauß,de GER,MF,Schalke 04,21,2001,32,31,2 514,27.sept,2,0,2,2,0,0,8,0,02.févr,02.févr,0.9,03.janv,35,86,38,0.07,0.00,0.07,0.07,0.07,0.08,0.03,0.11,0.08,0.11
Max Kruse,de GER,MF FW,Wolfsburg,34,1988,5,2,272,3.0,0,0,0,0,0,0,0,0,0.7,0.7,0.1,0.9,4,7,30,0.00,0.00,0.00,0.00,0.00,0.25,0.05,0.29,0.25,0.29
Lukas Kübler,de GER,DF,Freiburg,29,1992,22,19,1 639,18.févr,2,1,3,2,0,0,1,0,0.9,0.9,0.4,01.mars,11,57,50,0.11,0.05,0.16,0.11,0.16,0.05,0.02,0.07,0.05,0.07
Pierre Kunde,cm CMR,MF FW,Bochum,27,1995,12,3,377,04.févr,1,0,1,1,0,0,0,0,0.3,0.3,0.2,0.5,6,16,1,0.24,0.00,0.24,0.24,0.24,0.08,0.05,0.13,0.08,0.13
Alou Kuol,au AUS,FW,Stuttgart,21,2000,1,0,5,0.1,0,0,0,0,0,0,0,0,0.0,0.0,0.0,0.0,0,0,0,0.00,0.00,0.00,0.00,0.00,0.00,0.00,0.00,0.00,0.00
Daniel Kyereh,gh GHA,MF FW,Freiburg,26,1996,12,7,559,06.févr,2,0,2,2,0,0,2,0,02.févr,02.févr,0.3,02.mai,5,11,24,0.32,0.00,0.32,0.32,0.32,0.36,0.04,0.40,0.36,0.40
Maxence Lacroix,fr FRA,DF,Wolfsburg,22,2000,24,18,1 627,18.janv,1,0,1,1,0,0,1,0,0.5,0.5,0.1,0.6,15,83,4,0.06,0.00,0.06,0.06,0.06,0.03,0.01,0.04,0.03,0.04
Aïssa Laïdouni,tn TUN,MF,Union Berlin,25,1996,14,11,871,09.juil,2,0,2,2,0,0,4,0,0.8,0.8,0.9,01.juil,10,40,25,0.21,0.00,0.21,0.21,0.21,0.09,0.09,0.18,0.09,0.18
Konrad Laimer,at AUT,MF,RB Leipzig,25,1997,21,17,1 468,16.mars,3,0,3,3,0,0,8,0,02.avr,02.avr,02.mars,04.juil,51,93,52,0.18,0.00,0.18,0.18,0.18,0.15,0.14,0.29,0.15,0.29
Stefan Lainer,at AUT,DF,Gladbach,29,1992,17,9,817,09.janv,0,0,0,0,0,0,2,0,0.8,0.8,01.févr,2.0,23,45,39,0.00,0.00,0.00,0.00,0.00,0.09,0.13,0.22,0.09,0.22
Vassilis Lambropoulos,gr GRE,DF,Bochum,32,1990,15,7,627,7.0,0,0,0,0,0,0,2,0,0.4,0.4,0.2,0.6,1,26,0,0.00,0.00,0.00,0.00,0.00,0.06,0.03,0.09,0.06,0.09
Jordan Larsson,se SWE,FW MF,Schalke 04,25,1997,11,5,463,05.janv,0,0,0,0,0,0,0,0,01.févr,01.févr,0.4,01.juil,5,12,29,0.00,0.00,0.00,0.00,0.00,0.24,0.09,0.32,0.24,0.32
Danny Latza,de GER,MF,Schalke 04,32,1989,20,8,853,09.mai,0,1,1,0,0,0,2,0,0.9,0.9,0.2,01.janv,11,33,15,0.00,0.11,0.11,0.00,0.11,0.10,0.02,0.12,0.09,0.12
Diogo Leite,pt POR,DF,Union Berlin,23,1999,28,26,2 254,25.0,0,1,1,0,0,0,6,1,0.8,0.8,0.4,01.févr,19,111,14,0.00,0.04,0.04,0.00,0.04,0.03,0.01,0.05,0.03,0.05
Maxim Leitsch,de GER,DF,Mainz 05,24,1998,9,7,663,07.avr,0,0,0,0,0,0,0,0,0.2,0.2,0.0,0.2,5,25,1,0.00,0.00,0.00,0.00,0.00,0.02,0.00,0.03,0.02,0.03
Tim Lemperle,de GER,FW MF,Köln,20,2002,12,0,132,01.mai,0,0,0,0,0,0,0,0,0.1,0.1,1.0,01.févr,1,5,16,0.00,0.00,0.00,0.00,0.00,0.08,0.71,0.79,0.08,0.79
Christopher Lenz,de GER,DF,Eint Frankfurt,27,1994,24,13,1 29,14.mars,0,2,2,0,0,0,1,0,0.6,0.6,02.juin,03.janv,30,63,67,0.00,0.14,0.14,0.00,0.14,0.04,0.18,0.22,0.04,0.22
Jamie Leweling,de GER,FW MF,Union Berlin,21,2001,16,0,265,02.sept,1,1,2,1,0,0,1,0,0.7,0.7,0.3,0.9,8,4,24,0.34,0.34,0.68,0.34,0.68,0.22,0.09,0.32,0.22,0.32
Philipp Lienhart,at AUT,DF,Freiburg,26,1996,29,27,2 498,27.août,1,0,1,1,0,0,3,0,01.avr,01.avr,0.3,01.juil,16,79,4,0.04,0.00,0.04,0.04,0.04,0.05,0.01,0.06,0.05,0.06
Matthijs de Ligt,nl NED,DF,Bayern Munich,22,1999,31,27,2 403,26.juil,3,1,4,3,0,0,4,0,01.janv,01.janv,0.5,01.juin,17,143,14,0.11,0.04,0.15,0.11,0.15,0.04,0.02,0.06,0.04,0.06
Dimitris Limnios,gr GRE,FW,Köln,24,1998,2,0,39,0.4,0,0,0,0,0,0,0,0,0.0,0.0,0.1,0.1,2,0,7,0.00,0.00,0.00,0.00,0.00,0.05,0.21,0.26,0.05,0.26
Jesper Lindstrøm,dk DEN,MF FW,Eint Frankfurt,22,2000,27,22,1 679,18.juil,7,2,9,7,0,0,2,0,05.sept,05.sept,02.août,08.août,65,33,136,0.38,0.11,0.48,0.38,0.48,0.32,0.15,0.47,0.32,0.47
Dejan Ljubicic,at AUT,MF FW,Köln,24,1997,27,20,1 71,19.0,5,1,6,4,1,1,3,0,03.mars,02.juin,02.janv,04.juil,37,65,95,0.26,0.05,0.32,0.21,0.26,0.18,0.11,0.29,0.13,0.24
Player,Nation,Pos,Squad,Age,Born,MP,Starts,Min,90s,Gls,Ast,G+A,G-PK,PK,PKatt,CrdY,CrdR,xG,npxG,xAG,npxG+xAG,PrgC,PrgP,PrgR,Gls,Ast,G+A,G-PK,G+A-PK,xG,xAG,xG+xAG,npxG,npxG+xAG
Anthony Losilla,fr FRA,MF,Bochum,36,1986,31,31,2 72,30.2,2,2,4,2,0,0,6,1,01.sept,01.sept,02.févr,04.janv,13,93,42,0.07,0.07,0.13,0.07,0.13,0.06,0.07,0.14,0.06,0.14
Dodi Lukebakio,be BEL,FW MF,Hertha BSC,24,1997,32,27,2 397,26.juin,11,3,14,6,5,5,8,0,08.juin,04.juil,04.avr,09.janv,96,42,178,0.41,0.11,0.53,0.23,0.34,0.32,0.16,0.49,0.18,0.34
Andrey Lunyov,ru RUS,GK,Leverkusen,30,1991,1,1,90,1.0,0,0,0,0,0,0,0,0,0.0,0.0,0.0,0.0,0,0,0,0.00,0.00,0.00,0.00,0.00,0.00,0.00,0.00,0.00,0.00
Arne Maier,de GER,MF,Augsburg,23,1999,30,24,1 96,21.août,5,1,6,5,0,0,3,0,01.juin,01.juin,01.août,03.avr,32,66,77,0.23,0.05,0.28,0.23,0.28,0.07,0.08,0.16,0.07,0.16
Linton Maina,de GER,FW MF,Köln,23,1999,33,27,2 239,24.sept,3,7,10,3,0,0,1,0,04.juin,04.juin,05.sept,10.mai,90,61,173,0.12,0.28,0.40,0.12,0.40,0.19,0.24,0.42,0.19,0.42
Donyell Malen,nl NED,FW,Dortmund,23,1999,26,22,1 706,19.0,9,6,15,9,0,0,0,0,09.janv,09.janv,04.avr,13.mai,87,60,182,0.47,0.32,0.79,0.47,0.79,0.48,0.23,0.71,0.48,0.71
Sadio Mané,sn SEN,FW MF,Bayern Munich,30,1992,25,18,1 425,15.août,7,5,12,6,1,2,2,0,08.sept,07.févr,03.sept,11.janv,59,43,164,0.44,0.32,0.76,0.38,0.69,0.56,0.25,0.81,0.46,0.70
Myziane Maolida,km COM,FW MF,Hertha BSC,23,1999,3,1,95,01.janv,0,0,0,0,0,0,0,0,0.0,0.0,0.2,0.2,1,0,9,0.00,0.00,0.00,0.00,0.00,0.00,0.22,0.22,0.00,0.22
Omar Marmoush,eg EGY,FW,Wolfsburg,23,1999,33,15,1 476,16.avr,5,1,6,5,0,0,2,0,06.janv,06.janv,01.févr,07.mars,36,51,160,0.30,0.06,0.37,0.30,0.37,0.37,0.07,0.44,0.37,0.44
Eric Martel,de GER,MF,Köln,20,2002,29,23,2 019,22.avr,1,1,2,1,0,0,6,0,01.juil,01.juil,0.8,02.mai,17,72,46,0.04,0.04,0.09,0.04,0.09,0.08,0.04,0.11,0.08,0.11
Aarón Martín,es ESP,DF,Mainz 05,25,1997,28,20,1 847,20.mai,5,3,8,5,0,1,3,0,02.févr,01.avr,02.août,04.févr,25,86,61,0.24,0.15,0.39,0.24,0.39,0.11,0.14,0.24,0.07,0.20
Erhan Mašović,rs SRB,DF MF,Bochum,23,1998,29,23,2 178,24.févr,4,0,4,4,0,0,3,0,02.juin,02.juin,1.0,03.juin,4,60,5,0.17,0.00,0.17,0.17,0.17,0.11,0.04,0.15,0.11,0.15
Henning Matriciani,de GER,DF,Schalke 04,22,2000,22,22,1 863,20.juil,0,0,0,0,0,0,1,0,0.2,0.2,0.2,0.3,21,51,10,0.00,0.00,0.00,0.00,0.00,0.01,0.01,0.02,0.01,0.02
Konstantinos Mavropanos,gr GRE,DF,Stuttgart,24,1997,28,26,2 286,25.avr,2,1,3,2,0,0,9,1,4.0,4.0,01.janv,05.févr,34,120,13,0.08,0.04,0.12,0.08,0.12,0.16,0.05,0.20,0.16,0.20
Philipp Max,de GER,DF,Eint Frankfurt,28,1993,10,8,694,07.juil,0,1,1,0,0,0,1,0,0.7,0.7,01.juin,02.mars,14,34,52,0.00,0.13,0.13,0.00,0.13,0.09,0.21,0.30,0.09,0.30
Eric Maxim Choupo-Moting,cm CMR,FW,Bayern Munich,33,1989,19,14,1 112,12.avr,10,2,12,10,0,1,0,0,06.janv,05.mars,01.sept,07.mars,11,43,77,0.81,0.16,0.97,0.81,0.97,0.49,0.16,0.65,0.43,0.59
Ibrahim Maza,dz ALG,MF FW,Hertha BSC,16,2005,2,0,71,0.8,1,0,1,1,0,0,0,0,0.8,0.8,0.0,0.8,2,0,1,janv.27,0.00,janv.27,janv.27,janv.27,01.mars,0.00,01.mars,01.mars,01.mars
Noussair Mazraoui,ma MAR,DF,Bayern Munich,24,1997,19,11,1 075,11.sept,1,4,5,1,0,0,0,0,01.janv,01.janv,01.sept,3.0,39,99,81,0.08,0.33,0.42,0.08,0.42,0.09,0.16,0.25,0.09,0.25
Noah Mbamba,be BEL,MF,Leverkusen,17,2005,1,0,1,0.0,0,0,0,0,0,0,0,0,0.0,0.0,0.0,0.0,0,0,0,0.00,0.00,0.00,0.00,0.00,0.00,0.00,0.00,0.00,0.00
Jean-Manuel Mbom,de GER,MF,Werder Bremen,22,2000,2,0,6,0.1,0,0,0,0,0,0,0,0,0.0,0.0,0.0,0.0,0,1,0,0.00,0.00,0.00,0.00,0.00,0.00,0.00,0.00,0.00,0.00
Nathanael Mbuku,cd COD,MF FW,Augsburg,20,2002,2,0,34,0.4,0,0,0,0,0,0,0,0,0.0,0.0,0.0,0.0,1,1,0,0.00,0.00,0.00,0.00,0.00,0.00,0.00,0.00,0.00,0.00
Thomas Meunier,be BEL,DF,Dortmund,30,1991,10,7,585,06.mai,0,0,0,0,0,0,2,0,0.2,0.2,0.6,0.7,9,30,45,0.00,0.00,0.00,0.00,0.00,0.03,0.09,0.12,0.03,0.12
Alexander Meyer,de GER,GK,Dortmund,31,1991,7,7,630,7.0,0,0,0,0,0,0,0,0,0.0,0.0,0.0,0.0,0,1,0,0.00,0.00,0.00,0.00,0.00,0.00,0.00,0.00,0.00,0.00
Sven Michel,de GER,FW MF,Union Berlin,32,1990,21,2,495,05.mai,3,1,4,2,1,1,2,0,01.juil,0.9,0.9,01.août,9,12,50,0.55,0.18,0.73,0.36,0.55,0.30,0.16,0.46,0.16,0.32
Enzo Millot,fr FRA,MF,Stuttgart,20,2002,23,9,890,09.sept,0,1,1,0,0,0,3,0,01.févr,01.févr,01.juin,02.août,23,29,58,0.00,0.10,0.10,0.00,0.10,0.12,0.16,0.29,0.12,0.29
Player,Nation,Pos,Squad,Age,Born,MP,Starts,Min,90s,Gls,Ast,G+A,G-PK,PK,PKatt,CrdY,CrdR,xG,npxG,xAG,npxG+xAG,PrgC,PrgP,PrgR,Gls,Ast,G+A,G-PK,G+A-PK,xG,xAG,xG+xAG,npxG,npxG+xAG
Maximilian Mittelstädt,de GER,DF MF,Hertha BSC,25,1997,17,7,849,09.avr,0,0,0,0,0,0,5,0,0.3,0.3,0.8,01.janv,29,37,29,0.00,0.00,0.00,0.00,0.00,0.03,0.09,0.12,0.03,0.12
Anthony Modeste,fr FRA,FW,Dortmund,34,1988,19,7,813,9.0,2,1,3,2,0,0,4,0,04.mars,04.mars,01.janv,05.avr,3,8,36,0.22,0.11,0.33,0.22,0.33,0.48,0.12,0.60,0.48,0.60
Tobias Mohr,de GER,DF MF,Schalke 04,26,1995,18,8,839,09.mars,0,3,3,0,0,0,0,0,0.6,0.6,01.juin,02.févr,20,28,39,0.00,0.32,0.32,0.00,0.32,0.07,0.17,0.24,0.07,0.24
Clinton Mola,eng ENG,DF,Stuttgart,21,2001,1,0,15,0.2,0,0,0,0,0,0,1,0,0.0,0.0,0.0,0.0,0,0,0,0.00,0.00,0.00,0.00,0.00,0.00,0.00,0.00,0.00,0.00
Florent Mollet,fr FRA,MF,Schalke 04,30,1991,9,4,410,04.juin,1,0,1,1,0,0,1,0,0.4,0.4,0.4,0.7,6,14,24,0.22,0.00,0.22,0.22,0.22,0.08,0.08,0.16,0.08,0.16
Youssoufa Moukoko,de GER,FW,Dortmund,17,2004,26,11,1 141,12.juil,7,3,10,7,0,0,0,0,06.avr,06.avr,01.août,08.févr,9,11,61,0.55,0.24,0.79,0.55,0.79,0.50,0.14,0.65,0.50,0.65
Florian Müller,de GER,GK,Stuttgart,24,1997,19,19,1 71,19.0,0,0,0,0,0,0,0,0,0.0,0.0,0.1,0.1,0,2,0,0.00,0.00,0.00,0.00,0.00,0.00,0.00,0.00,0.00,0.00
Thomas Müller,de GER,FW MF,Bayern Munich,32,1989,27,21,1 665,18.mai,7,8,15,7,0,0,0,0,08.sept,08.sept,06.juin,15.mai,33,88,182,0.38,0.43,0.81,0.38,0.81,0.48,0.36,0.84,0.48,0.84
Jamal Musiala,de GER,MF FW,Bayern Munich,19,2003,33,26,2 198,24.avr,12,10,22,12,0,0,1,0,8.0,8.0,06.juin,14.juin,89,124,196,0.49,0.41,0.90,0.49,0.90,0.33,0.27,0.60,0.33,0.60
Marlon Mustapha,at AUT,FW MF,Mainz 05,21,2001,6,0,69,0.8,0,0,0,0,0,0,1,0,0.5,0.5,0.3,0.8,5,2,9,0.00,0.00,0.00,0.00,0.00,0.70,0.34,01.avr,0.70,01.avr
Obite N'Dicka,ci CIV,DF,Eint Frankfurt,22,1999,30,30,2 692,29.sept,1,0,1,1,0,0,4,0,01.avr,01.avr,0.2,01.juin,16,94,5,0.03,0.00,0.03,0.03,0.03,0.05,0.01,0.05,0.05,0.05
Nathan N'Goumou,cm CMR,FW,Gladbach,22,2000,20,7,695,07.juil,1,0,1,1,0,0,0,0,0.8,0.8,0.3,01.févr,23,14,63,0.13,0.00,0.13,0.13,0.13,0.11,0.04,0.15,0.11,0.15
Stanley N'Soki,fr FRA,DF,Hoffenheim,23,1999,19,14,1 286,14.mars,1,0,1,1,0,0,2,1,0.5,0.5,0.3,0.8,17,64,10,0.07,0.00,0.07,0.07,0.07,0.04,0.02,0.06,0.04,0.06
Nikolas Nartey,dk DEN,DF MF,Stuttgart,22,2000,9,5,473,05.mars,0,0,0,0,0,0,1,0,0.3,0.3,0.3,0.6,7,22,20,0.00,0.00,0.00,0.00,0.00,0.05,0.05,0.11,0.05,0.11
Luca Netz,de GER,DF,Gladbach,19,2003,20,7,702,07.août,1,3,4,1,0,0,0,0,1.0,1.0,01.févr,02.févr,12,12,32,0.13,0.38,0.51,0.13,0.51,0.13,0.15,0.28,0.13,0.28
Manuel Neuer,de GER,GK,Bayern Munich,36,1986,12,12,1 08,12.0,0,0,0,0,0,0,0,0,0.2,0.2,0.0,0.2,0,1,0,0.00,0.00,0.00,0.00,0.00,0.02,0.00,0.02,0.02,0.02
Florian Neuhaus,de GER,MF,Gladbach,25,1997,23,16,1 405,15.juin,1,0,1,1,0,0,2,0,2.0,2.0,02.mars,04.mars,26,78,56,0.06,0.00,0.06,0.06,0.06,0.13,0.15,0.27,0.13,0.27
Jessic Ngankam,de GER,FW MF,Hertha BSC,22,2000,18,8,826,09.févr,4,0,4,3,1,1,5,0,04.janv,03.mars,0.3,03.juil,9,7,42,0.44,0.00,0.44,0.33,0.33,0.45,0.04,0.49,0.36,0.40
Florian Niederlechner,de GER,FW MF,Augsburg,31,1990,14,10,910,10.janv,4,1,5,4,0,0,1,0,02.sept,02.sept,0.4,03.mars,1,18,51,0.40,0.10,0.49,0.40,0.49,0.28,0.04,0.33,0.28,0.33
Florian Niederlechner,de GER,FW,Hertha BSC,31,1990,16,11,781,08.juil,1,0,1,1,0,0,2,0,02.mars,02.mars,0.2,02.mai,9,11,28,0.12,0.00,0.12,0.12,0.12,0.26,0.02,0.29,0.26,0.29
Justin Njinmah,de GER,FW,Dortmund,21,2000,1,0,22,0.2,0,0,0,0,0,0,0,0,0.0,0.0,0.0,0.0,1,0,4,0.00,0.00,0.00,0.00,0.00,0.00,0.00,0.00,0.00,0.00
Christopher Nkunku,fr FRA,FW MF,RB Leipzig,24,1997,25,20,1 897,21.janv,16,4,20,13,3,4,4,0,14.avr,11.mars,04.mars,15.juin,43,71,176,0.76,0.19,0.95,0.62,0.81,0.68,0.20,0.89,0.54,0.74
Felix Nmecha,de GER,MF,Wolfsburg,21,2000,30,19,1 836,20.avr,3,5,8,3,0,0,3,0,02.juil,02.juil,03.mars,06.janv,23,86,54,0.15,0.25,0.39,0.15,0.39,0.13,0.16,0.30,0.13,0.30
Lukas Nmecha,de GER,FW,Wolfsburg,23,1998,16,10,899,10.0,4,0,4,4,0,0,3,0,3.0,3.0,0.5,03.mai,15,18,70,0.40,0.00,0.40,0.40,0.40,0.30,0.05,0.35,0.30,0.35
Hugo Novoa,es ESP,DF FW,RB Leipzig,19,2003,7,2,184,2.0,1,0,1,1,0,0,0,0,0.9,0.9,0.0,0.9,5,4,20,0.49,0.00,0.49,0.49,0.49,0.43,0.02,0.45,0.43,0.45
Player,Nation,Pos,Squad,Age,Born,MP,Starts,Min,90s,Gls,Ast,G+A,G-PK,PK,PKatt,CrdY,CrdR,xG,npxG,xAG,npxG+xAG,PrgC,PrgP,PrgR,Gls,Ast,G+A,G-PK,G+A-PK,xG,xAG,xG+xAG,npxG,npxG+xAG
Ørjan Nyland,no NOR,GK,RB Leipzig,31,1990,2,2,180,2.0,0,1,1,0,0,0,0,0,0.0,0.0,0.1,0.1,0,0,0,0.00,0.50,0.50,0.00,0.50,0.00,0.06,0.06,0.00,0.06
Tim Oermann,de GER,DF,Bochum,18,2003,4,2,194,02.févr,0,0,0,0,0,0,0,0,0.0,0.0,0.0,0.0,0,0,0,0.00,0.00,0.00,0.00,0.00,0.00,0.00,0.00,0.00,0.00
Finn Ole Becker,de GER,MF,Hoffenheim,22,2000,13,6,513,05.juil,0,0,0,0,0,0,0,0,0.4,0.4,0.3,0.7,6,19,15,0.00,0.00,0.00,0.00,0.00,0.07,0.05,0.12,0.07,0.12
Mathias Olesen,lu LUX,MF,Köln,21,2001,14,6,478,05.mars,0,0,0,0,0,0,1,0,0.0,0.0,0.1,0.1,2,15,11,0.00,0.00,0.00,0.00,0.00,0.00,0.02,0.02,0.00,0.02
Dani Olmo,es ESP,MF FW,RB Leipzig,24,1998,23,15,1 282,14.févr,2,5,7,2,0,0,2,0,02.sept,02.sept,04.mai,07.avr,34,68,86,0.14,0.35,0.49,0.14,0.49,0.21,0.32,0.52,0.21,0.52
Jan Olschowsky,de GER,GK,Gladbach,20,2001,4,4,360,4.0,0,0,0,0,0,0,0,0,0.0,0.0,0.0,0.0,0,0,0,0.00,0.00,0.00,0.00,0.00,0.00,0.00,0.00,0.00,0.00
Jonas Omlin,ch SUI,GK,Gladbach,28,1994,15,15,1 29,14.mars,0,0,0,0,0,0,0,0,0.0,0.0,0.4,0.4,0,0,0,0.00,0.00,0.00,0.00,0.00,0.00,0.03,0.03,0.00,0.03
Karim Onisiwo,at AUT,FW MF,Mainz 05,30,1992,31,28,2 539,28.févr,10,2,12,10,0,0,4,0,08.févr,08.févr,03.avr,11.juin,72,48,220,0.35,0.07,0.43,0.35,0.43,0.29,0.12,0.41,0.29,0.41
Willi Orban,hu HUN,DF,RB Leipzig,29,1992,33,33,2 951,32.8,4,0,4,4,0,0,3,0,3.0,3.0,0.4,03.avr,16,153,9,0.12,0.00,0.12,0.12,0.12,0.09,0.01,0.10,0.09,0.10
Ivan Ordets,ua UKR,DF,Bochum,30,1992,30,28,2 449,27.févr,0,0,0,0,0,0,4,0,01.avr,01.avr,0.8,02.janv,3,53,14,0.00,0.00,0.00,0.00,0.00,0.05,0.03,0.08,0.05,0.08
Jordi Osei-Tutu,eng ENG,DF FW,Bochum,23,1998,20,8,749,08.mars,0,0,0,0,0,0,3,0,0.7,0.7,0.2,0.8,25,19,39,0.00,0.00,0.00,0.00,0.00,0.08,0.02,0.10,0.08,0.10
Patrick Osterhage,de GER,MF,Bochum,22,2000,23,11,1 029,11.avr,0,0,0,0,0,0,3,0,0.3,0.3,0.3,0.6,6,26,23,0.00,0.00,0.00,0.00,0.00,0.02,0.03,0.05,0.02,0.05
Paulo Otávio,br BRA,DF,Wolfsburg,27,1994,25,25,2 041,22.juil,0,5,5,0,0,0,7,0,0.8,0.8,02.juil,03.mai,41,98,84,0.00,0.22,0.22,0.00,0.22,0.04,0.12,0.16,0.04,0.16
Thomas Ouwejan,nl NED,DF,Schalke 04,25,1996,17,10,903,10.0,0,1,1,0,0,0,1,0,0.1,0.1,01.févr,01.avr,14,41,21,0.00,0.10,0.10,0.00,0.10,0.01,0.12,0.14,0.01,0.14
Reece Oxford,eng ENG,DF,Augsburg,23,1998,3,1,94,1.0,0,0,0,0,0,0,0,0,0.0,0.0,0.1,0.1,0,4,0,0.00,0.00,0.00,0.00,0.00,0.00,0.06,0.06,0.00,0.06
Salih Özcan,tr TUR,MF,Dortmund,24,1998,26,17,1 576,17.mai,0,1,1,0,0,0,6,0,0.6,0.6,0.5,01.janv,6,81,23,0.00,0.06,0.06,0.00,0.06,0.03,0.03,0.06,0.03,0.06
Levin Öztunalı,de GER,MF,Union Berlin,26,1996,2,0,9,0.1,0,1,1,0,0,0,0,0,0.0,0.0,0.2,0.2,1,1,0,0.00,10.00,10.00,0.00,10.00,0.00,janv.91,janv.91,0.00,janv.91
Exequiel Palacios,ar ARG,MF,Leverkusen,23,1998,25,19,1 654,18.avr,4,2,6,1,3,3,4,0,3.0,0.6,01.mars,01.sept,12,105,27,0.22,0.11,0.33,0.05,0.16,0.16,0.07,0.23,0.03,0.11
Miloš Pantović,rs SRB,MF,Union Berlin,26,1996,13,0,206,02.mars,1,0,1,1,0,1,1,0,01.avr,0.6,0.0,0.6,2,4,4,0.44,0.00,0.44,0.44,0.44,0.60,0.00,0.60,0.25,0.25
Antonios Papadopoulos,de GER,DF,Dortmund,22,1999,1,0,13,0.1,0,0,0,0,0,0,0,0,0.0,0.0,0.0,0.0,1,1,0,0.00,0.00,0.00,0.00,0.00,0.10,0.00,0.10,0.10,0.10
Kevin Paredes,us USA,FW MF,Wolfsburg,19,2003,22,1,529,05.sept,1,3,4,1,0,0,2,0,0.2,0.2,01.juil,01.sept,24,29,40,0.17,0.51,0.68,0.17,0.68,0.03,0.29,0.32,0.03,0.32
Marco Pašalić,hr CRO,MF,Dortmund,21,2000,1,0,11,0.1,0,0,0,0,0,0,0,0,0.0,0.0,0.0,0.0,2,3,2,0.00,0.00,0.00,0.00,0.00,0.40,0.00,0.40,0.40,0.40
Felix Passlack,de GER,DF,Dortmund,24,1998,3,0,64,0.7,0,0,0,0,0,0,0,0,0.0,0.0,0.4,0.4,1,8,3,0.00,0.00,0.00,0.00,0.00,0.00,0.56,0.56,0.00,0.56
Paulinho,br BRA,FW,Leverkusen,22,2000,4,1,82,0.9,1,0,1,1,0,0,0,0,0.5,0.5,0.0,0.5,3,4,8,01.oct,0.00,01.oct,01.oct,01.oct,0.58,0.00,0.58,0.58,0.58
Benjamin Pavard,fr FRA,DF,Bayern Munich,26,1996,30,27,2 431,27.0,4,1,5,4,0,0,6,0,02.mai,02.mai,02.avr,5.0,37,202,65,0.15,0.04,0.19,0.15,0.19,0.09,0.09,0.18,0.09,0.18
Player,Nation,Pos,Squad,Age,Born,MP,Starts,Min,90s,Gls,Ast,G+A,G-PK,PK,PKatt,CrdY,CrdR,xG,npxG,xAG,npxG+xAG,PrgC,PrgP,PrgR,Gls,Ast,G+A,G-PK,G+A-PK,xG,xAG,xG+xAG,npxG,npxG+xAG
Jiří Pavlenka,cz CZE,GK,Werder Bremen,30,1992,33,33,2 908,32.3,0,0,0,0,0,0,1,0,0.0,0.0,0.0,0.0,0,0,0,0.00,0.00,0.00,0.00,0.00,0.00,0.00,0.00,0.00,0.00
Kristian Pedersen,dk DEN,DF,Köln,27,1994,6,3,276,03.janv,0,0,0,0,0,0,1,0,0.1,0.1,0.1,0.2,6,10,3,0.00,0.00,0.00,0.00,0.00,0.03,0.02,0.06,0.03,0.06
Mads Pedersen,dk DEN,DF MF,Augsburg,25,1996,28,20,1 838,20.avr,0,0,0,0,0,0,6,0,0.4,0.4,0.9,01.mars,35,46,51,0.00,0.00,0.00,0.00,0.00,0.02,0.05,0.06,0.02,0.06
Jordan Pefok,us USA,FW,Union Berlin,26,1996,31,16,1 358,15.janv,4,4,8,4,0,2,3,0,04.mai,02.sept,01.août,04.juil,4,27,53,0.27,0.27,0.53,0.27,0.53,0.30,0.12,0.42,0.19,0.31
Dženan Pejčinović,de GER,FW,Wolfsburg,17,2005,1,0,11,0.1,0,0,0,0,0,0,0,0,0.0,0.0,0.0,0.0,0,0,0,0.00,0.00,0.00,0.00,0.00,0.00,0.00,0.00,0.00,0.00
Peter Pekarík,sk SVK,DF,Hertha BSC,35,1986,5,2,206,02.mars,0,0,0,0,0,0,0,0,0.0,0.0,0.0,0.0,2,7,1,0.00,0.00,0.00,0.00,0.00,0.00,0.01,0.01,0.00,0.01
Luca Pellegrini,it ITA,DF,Eint Frankfurt,23,1999,9,7,557,06.févr,0,0,0,0,0,0,1,0,0.6,0.6,0.8,01.avr,19,22,28,0.00,0.00,0.00,0.00,0.00,0.09,0.14,0.23,0.09,0.23
Ricardo Pepi,us USA,FW,Augsburg,19,2003,4,1,95,01.janv,0,0,0,0,0,0,0,0,0.1,0.1,0.1,0.2,2,1,4,0.00,0.00,0.00,0.00,0.00,0.09,0.06,0.14,0.09,0.14
Juan Perea,co COL,FW,Stuttgart,22,2000,16,3,418,04.juin,1,0,1,1,0,0,0,0,0.2,0.2,0.7,0.9,9,8,29,0.22,0.00,0.22,0.22,0.22,0.04,0.14,0.18,0.04,0.18
Nils Petersen,de GER,FW,Freiburg,33,1988,27,0,277,03.janv,1,0,1,1,0,0,1,0,01.févr,01.févr,0.0,01.févr,1,5,12,0.32,0.00,0.32,0.32,0.32,0.39,0.01,0.40,0.39,0.40
Lukas Petkov,bg BUL,MF FW,Augsburg,21,2000,7,0,146,01.juin,0,0,0,0,0,0,1,0,0.0,0.0,0.0,0.0,1,2,2,0.00,0.00,0.00,0.00,0.00,0.02,0.00,0.02,0.02,0.02
Luca Pfeiffer,de GER,FW,Stuttgart,25,1996,19,6,701,07.août,0,0,0,0,0,0,1,1,01.juin,01.juin,1.0,02.juin,9,22,38,0.00,0.00,0.00,0.00,0.00,0.21,0.13,0.33,0.21,0.33
Maximilian Philipp,de GER,FW,Wolfsburg,28,1994,3,1,116,01.mars,0,0,0,0,0,0,0,0,0.1,0.1,0.0,0.1,3,1,6,0.00,0.00,0.00,0.00,0.00,0.05,0.03,0.08,0.05,0.08
Maximilian Philipp,de GER,FW MF,Werder Bremen,28,1994,15,3,442,04.sept,1,0,1,1,0,0,1,0,2.0,2.0,0.2,02.janv,3,6,24,0.20,0.00,0.20,0.20,0.20,0.40,0.03,0.43,0.40,0.43
Amos Pieper,de GER,DF,Werder Bremen,24,1998,29,22,1 957,21.juil,2,1,3,2,0,0,9,0,0.7,0.7,0.3,01.janv,14,84,4,0.09,0.05,0.14,0.09,0.14,0.03,0.02,0.05,0.03,0.05
Marvin Plattenhardt,de GER,DF,Hertha BSC,30,1992,31,29,2 402,26.juil,0,2,2,0,0,0,3,0,0.3,0.3,3.0,03.mars,24,84,52,0.00,0.07,0.07,0.00,0.07,0.01,0.11,0.12,0.01,0.12
Alassane Pléa,fr FRA,FW,Gladbach,29,1993,29,20,1 774,19.juil,2,9,11,1,1,2,5,0,5.0,03.avr,4.0,07.avr,41,94,156,0.10,0.46,0.56,0.05,0.51,0.25,0.20,0.46,0.17,0.38
Joel Pohjanpalo,fi FIN,FW MF,Leverkusen,27,1994,1,0,4,0.0,0,0,0,0,0,0,0,0,0.0,0.0,0.0,0.0,0,0,0,0.00,0.00,0.00,0.00,0.00,0.00,0.00,0.00,0.00,0.00
Sebastian Polter,de GER,FW,Schalke 04,31,1991,19,5,630,7.0,2,3,5,2,0,0,3,0,2.0,2.0,1.0,3.0,4,11,32,0.29,0.43,0.71,0.29,0.71,0.28,0.15,0.43,0.28,0.43
Stefan Posch,at AUT,DF,Hoffenheim,25,1997,1,1,18,0.2,0,0,0,0,0,0,2,1,0.0,0.0,0.0,0.0,0,0,0,0.00,0.00,0.00,0.00,0.00,0.00,0.00,0.00,0.00,0.00
Yussuf Poulsen,dk DEN,FW,RB Leipzig,28,1994,19,3,411,04.juin,2,1,3,2,0,0,1,0,01.mars,01.mars,01.août,03.janv,10,7,40,0.44,0.22,0.66,0.44,0.66,0.29,0.39,0.68,0.29,0.68
Grischa Prömel,de GER,MF,Hoffenheim,27,1995,18,17,1 454,16.févr,1,1,2,1,0,0,4,0,02.mai,02.mai,01.janv,03.juin,19,39,46,0.06,0.06,0.12,0.06,0.12,0.16,0.07,0.22,0.16,0.22
Tymoteusz Puchacz,pl POL,DF,Union Berlin,23,1999,1,1,58,0.6,0,0,0,0,0,0,0,0,0.0,0.0,0.0,0.0,0,2,9,0.00,0.00,0.00,0.00,0.00,0.00,0.01,0.01,0.00,0.01
Eduardo Quaresma,pt POR,DF,Hoffenheim,20,2002,4,1,88,1.0,0,0,0,0,0,0,0,0,0.0,0.0,0.0,0.0,4,10,0,0.00,0.00,0.00,0.00,0.00,0.00,0.00,0.00,0.00,0.00
Joshua Quarshie,de GER,MF,Hoffenheim,18,2004,1,0,1,0.0,0,0,0,0,0,0,0,0,0.0,0.0,0.0,0.0,0,0,0,0.00,0.00,0.00,0.00,0.00,0.00,0.00,0.00,0.00,0.00
Player,Nation,Pos,Squad,Age,Born,MP,Starts,Min,90s,Gls,Ast,G+A,G-PK,PK,PKatt,CrdY,CrdR,xG,npxG,xAG,npxG+xAG,PrgC,PrgP,PrgR,Gls,Ast,G+A,G-PK,G+A-PK,xG,xAG,xG+xAG,npxG,npxG+xAG
Diant Ramaj,de GER,GK,Eint Frankfurt,20,2001,1,1,90,1.0,0,0,0,0,0,0,0,0,0.0,0.0,0.0,0.0,0,0,0,0.00,0.00,0.00,0.00,0.00,0.00,0.00,0.00,0.00,0.00
Nicolai Rapp,de GER,MF DF,Werder Bremen,25,1996,7,0,71,0.8,0,0,0,0,0,0,0,0,0.1,0.1,0.0,0.1,1,5,0,0.00,0.00,0.00,0.00,0.00,0.10,0.00,0.10,0.10,0.10
David Raum,de GER,DF MF,RB Leipzig,24,1998,28,19,1 685,18.juil,0,2,2,0,0,0,5,0,0.6,0.6,04.juin,05.févr,44,69,127,0.00,0.11,0.11,0.00,0.11,0.03,0.25,0.28,0.03,0.28
Rocco Reitz,de GER,MF,Gladbach,20,2002,1,0,3,0.0,0,0,0,0,0,0,0,0,0.0,0.0,0.0,0.0,0,0,0,0.00,0.00,0.00,0.00,0.00,0.00,0.00,0.00,0.00,0.00
Marco Reus,de GER,MF FW,Dortmund,33,1989,25,14,1 353,15.0,6,4,10,5,1,1,4,0,05.janv,04.mars,02.juin,06.sept,33,45,78,0.40,0.27,0.67,0.33,0.60,0.34,0.17,0.51,0.29,0.46
Elvis Rexhbeçaj,xk KVX,MF,Augsburg,24,1997,31,30,2 524,28.0,0,0,0,0,0,0,6,0,0.3,0.3,0.8,01.janv,14,89,20,0.00,0.00,0.00,0.00,0.00,0.01,0.03,0.04,0.01,0.04
Gio Reyna,us USA,FW MF,Dortmund,19,2002,22,4,625,06.sept,7,2,9,6,1,1,2,0,04.mars,03.mai,01.mars,04.août,23,25,57,01.janv,0.29,janv.30,0.86,janv.15,0.62,0.18,0.81,0.51,0.69
Marco Richter,de GER,MF FW,Hertha BSC,24,1997,29,21,1 836,20.avr,6,5,11,6,0,0,8,0,03.juil,03.juil,02.sept,06.juin,38,68,102,0.29,0.25,0.54,0.29,0.54,0.18,0.14,0.32,0.18,0.32
Manuel Riemann,de GER,GK,Bochum,33,1988,34,34,3 06,34.0,0,0,0,0,0,0,3,0,0.0,0.0,0.1,0.1,1,18,0,0.00,0.00,0.00,0.00,0.00,0.00,0.00,0.00,0.00,0.00
Sebastian Rode,de GER,MF,Eint Frankfurt,31,1990,27,19,1 414,15.juil,4,1,5,4,0,0,6,0,0.9,0.9,0.9,01.août,23,105,39,0.25,0.06,0.32,0.25,0.32,0.06,0.06,0.11,0.06,0.11
Agustín Rogel,uy URU,DF,Hertha BSC,24,1997,20,14,1 426,15.août,0,1,1,0,0,0,7,0,0.8,0.8,0.0,0.8,1,23,2,0.00,0.06,0.06,0.00,0.06,0.05,0.00,0.05,0.05,0.05
Merlin Röhl,de GER,MF FW,Freiburg,20,2002,3,0,57,0.6,0,1,1,0,0,0,0,0,0.0,0.0,0.5,0.5,2,1,4,0.00,janv.58,janv.58,0.00,janv.58,0.00,0.73,0.73,0.00,0.73
Tony Rölke,de GER,FW,Hertha BSC,19,2003,1,0,20,0.2,0,0,0,0,0,0,0,0,0.0,0.0,0.0,0.0,0,0,0,0.00,0.00,0.00,0.00,0.00,0.00,0.00,0.00,0.00,0.00
Tom Rothe,de GER,DF,Dortmund,17,2004,2,0,26,0.3,0,0,0,0,0,0,0,0,0.1,0.1,0.0,0.1,0,0,2,0.00,0.00,0.00,0.00,0.00,0.26,0.00,0.26,0.26,0.26
Jérôme Roussillon,fr FRA,MF DF,Wolfsburg,29,1993,4,0,22,0.2,0,0,0,0,0,0,0,0,0.0,0.0,0.0,0.0,0,0,2,0.00,0.00,0.00,0.00,0.00,0.00,0.08,0.08,0.00,0.08
Jérôme Roussillon,fr FRA,DF,Union Berlin,29,1993,16,11,957,10.juin,0,2,2,0,0,0,2,0,0.5,0.5,01.janv,01.juil,18,28,42,0.00,0.19,0.19,0.00,0.19,0.05,0.11,0.16,0.05,0.16
Sebastian Rudy,de GER,MF,Hoffenheim,32,1990,22,6,794,08.août,0,1,1,0,0,0,3,0,0.2,0.2,0.8,0.9,7,42,7,0.00,0.11,0.11,0.00,0.11,0.02,0.09,0.11,0.02,0.11
Georginio Rutter,fr FRA,FW,Hoffenheim,20,2002,15,11,1 009,11.févr,2,2,4,2,0,0,2,0,3.0,3.0,02.mars,05.avr,32,25,75,0.18,0.18,0.36,0.18,0.36,0.27,0.21,0.48,0.27,0.48
Julian Ryerson,no NOR,DF,Union Berlin,24,1997,13,12,1 037,11.mai,0,0,0,0,0,0,2,0,0.7,0.7,0.5,01.févr,20,32,32,0.00,0.00,0.00,0.00,0.00,0.06,0.04,0.10,0.06,0.10
Julian Ryerson,no NOR,DF,Dortmund,24,1997,17,17,1 41,15.juil,1,1,2,1,0,0,2,0,0.5,0.5,01.mai,2.0,54,55,69,0.06,0.06,0.13,0.06,0.13,0.03,0.10,0.13,0.03,0.13
Frederik Rønnow,dk DEN,GK,Union Berlin,29,1992,29,29,2 61,29.0,0,1,1,0,0,0,2,0,0.0,0.0,0.0,0.0,0,0,0,0.00,0.03,0.03,0.00,0.03,0.00,0.00,0.00,0.00,0.00
Marcel Sabitzer,at AUT,MF,Bayern Munich,28,1994,15,7,628,7.0,1,1,2,1,0,0,2,0,01.janv,01.janv,0.4,01.avr,7,52,19,0.14,0.14,0.29,0.14,0.29,0.15,0.05,0.20,0.15,0.20
Dikeni-Rafid Salifou,tg TOG,MF,Werder Bremen,19,2003,1,0,1,0.0,0,0,0,0,0,0,0,0,0.0,0.0,0.0,0.0,0,0,0,0.00,0.00,0.00,0.00,0.00,0.00,0.00,0.00,0.00,0.00
Roland Sallai,hu HUN,MF FW,Freiburg,25,1997,19,10,1 002,11.janv,1,3,4,1,0,0,6,0,02.juin,02.juin,01.mars,03.août,22,17,71,0.09,0.27,0.36,0.09,0.36,0.23,0.11,0.34,0.23,0.34
Diadie Samassékou,ml MLI,MF FW,Hoffenheim,26,1996,2,1,34,0.4,0,0,0,0,0,0,1,0,0.0,0.0,0.0,0.0,0,1,1,0.00,0.00,0.00,0.00,0.00,0.00,0.00,0.00,0.00,0.00
Player,Nation,Pos,Squad,Age,Born,MP,Starts,Min,90s,Gls,Ast,G+A,G-PK,PK,PKatt,CrdY,CrdR,xG,npxG,xAG,npxG+xAG,PrgC,PrgP,PrgR,Gls,Ast,G+A,G-PK,G+A-PK,xG,xAG,xG+xAG,npxG,npxG+xAG
Leroy Sané,de GER,MF FW,Bayern Munich,26,1996,32,20,2 01,22.mars,8,7,15,8,0,0,4,0,08.mai,08.mai,04.mars,12.août,77,134,198,0.36,0.31,0.67,0.36,0.67,0.38,0.19,0.57,0.38,0.57
Sidi Sané,de GER,FW,Schalke 04,19,2003,1,0,25,0.3,0,0,0,0,0,0,0,0,0.0,0.0,0.0,0.0,0,0,0,0.00,0.00,0.00,0.00,0.00,0.00,0.00,0.00,0.00,0.00
Bouna Sarr,sn SEN,FW,Bayern Munich,30,1992,1,0,3,0.0,0,0,0,0,0,0,0,0,0.0,0.0,0.0,0.0,0,0,0,0.00,0.00,0.00,0.00,0.00,0.00,0.00,0.00,0.00,0.00
Joe Scally,us USA,DF,Gladbach,19,2002,28,25,2 208,24.mai,0,0,0,0,0,0,2,0,0.5,0.5,01.août,02.mars,29,57,60,0.00,0.00,0.00,0.00,0.00,0.02,0.07,0.09,0.02,0.09
Kevin Schade,de GER,FW MF,Freiburg,20,2001,8,1,182,2.0,1,0,1,1,0,0,0,0,0.2,0.2,0.0,0.2,7,3,20,0.49,0.00,0.49,0.49,0.49,0.12,0.00,0.12,0.12,0.12
András Schäfer,hu HUN,MF,Union Berlin,23,1999,16,10,860,09.juin,0,0,0,0,0,0,0,0,0.4,0.4,0.2,0.6,15,26,18,0.00,0.00,0.00,0.00,0.00,0.05,0.02,0.07,0.05,0.07
Derry Scherhant,de GER,FW MF,Hertha BSC,19,2002,10,2,285,03.févr,1,0,1,1,0,0,0,0,0.2,0.2,0.1,0.3,4,1,16,0.32,0.00,0.32,0.32,0.32,0.06,0.03,0.10,0.06,0.10
Patrik Schick,cz CZE,FW,Leverkusen,26,1996,14,10,941,10.mai,3,1,4,3,0,0,0,0,04.juin,04.juin,0.6,05.janv,8,11,68,0.29,0.10,0.38,0.29,0.38,0.44,0.05,0.49,0.44,0.49
Kingsley Schindler,gh GHA,DF MF,Köln,29,1993,29,8,1 088,12.janv,0,1,1,0,0,0,4,0,02.févr,02.févr,0.7,02.sept,20,50,75,0.00,0.08,0.08,0.00,0.08,0.18,0.06,0.24,0.18,0.24
Xaver Schlager,at AUT,MF,RB Leipzig,24,1997,22,16,1 506,16.juil,1,1,2,1,0,0,2,0,0.3,0.3,0.7,0.9,23,77,12,0.06,0.06,0.12,0.06,0.12,0.02,0.04,0.06,0.02,0.06
Keven Schlotterbeck,de GER,DF,Freiburg,25,1997,2,0,14,0.2,0,0,0,0,0,0,0,0,0.0,0.0,0.0,0.0,0,0,0,0.00,0.00,0.00,0.00,0.00,0.00,0.00,0.00,0.00,0.00
Keven Schlotterbeck,de GER,DF,Bochum,25,1997,13,8,734,08.févr,2,0,2,2,0,0,3,0,01.juin,01.juin,0.5,02.janv,1,21,3,0.25,0.00,0.25,0.25,0.25,0.19,0.06,0.25,0.19,0.25
Nico Schlotterbeck,de GER,DF,Dortmund,22,1999,28,27,2 252,25.0,4,5,9,4,0,0,3,0,01.juin,01.juin,01.juil,03.mars,39,159,14,0.16,0.20,0.36,0.16,0.36,0.06,0.07,0.13,0.06,0.13
Jonathan Schmid,fr FRA,DF,Freiburg,32,1990,3,0,41,0.5,0,0,0,0,0,0,0,0,0.3,0.3,0.1,0.4,1,1,6,0.00,0.00,0.00,0.00,0.00,0.68,0.19,0.88,0.68,0.88
Romano Schmid,at AUT,MF FW,Werder Bremen,22,2000,27,15,1 52,16.sept,1,3,4,1,0,0,3,0,01.mai,01.mai,2.0,03.mai,34,75,84,0.06,0.18,0.24,0.06,0.24,0.09,0.12,0.21,0.09,0.21
Kenneth Schmidt,de GER,DF,Freiburg,20,2002,5,3,251,02.août,0,0,0,0,0,0,1,0,0.0,0.0,0.0,0.0,5,13,0,0.00,0.00,0.00,0.00,0.00,0.00,0.00,0.00,0.00,0.00
Niklas Schmidt,de GER,MF,Werder Bremen,24,1998,24,11,1 087,12.janv,3,0,3,3,0,0,3,0,01.juin,01.juin,01.mars,02.sept,26,64,49,0.25,0.00,0.25,0.25,0.25,0.14,0.11,0.24,0.14,0.24
Benno Schmitz,de GER,DF,Köln,27,1994,31,30,2 42,26.sept,1,0,1,1,0,0,6,0,0.4,0.4,02.avr,02.sept,48,149,126,0.04,0.00,0.04,0.04,0.04,0.02,0.09,0.11,0.02,0.11
Marvin Schwäbe,de GER,GK,Köln,27,1995,34,34,3 06,34.0,0,0,0,0,0,0,1,0,0.0,0.0,0.0,0.0,0,1,0,0.00,0.00,0.00,0.00,0.00,0.00,0.00,0.00,0.00,0.00
Alexander Schwolow,de GER,GK,Schalke 04,30,1992,23,22,2 035,22.juin,0,0,0,0,0,0,1,0,0.1,0.1,0.1,0.2,0,0,0,0.00,0.00,0.00,0.00,0.00,0.00,0.00,0.01,0.00,0.01
Paul Seguin,de GER,MF,Union Berlin,27,1995,20,4,691,07.juil,1,3,4,1,0,0,4,0,01.févr,01.févr,2.0,03.févr,13,49,28,0.13,0.39,0.52,0.13,0.52,0.16,0.26,0.41,0.16,0.41
Davie Selke,de GER,FW,Hertha BSC,27,1995,13,3,282,03.janv,1,1,2,0,1,1,1,0,01.févr,0.4,0.9,01.mars,3,5,22,0.32,0.32,0.64,0.00,0.32,0.39,0.28,0.66,0.14,0.41
Davie Selke,de GER,FW,Köln,27,1995,17,12,869,09.juil,5,0,5,5,0,0,2,0,03.avr,03.avr,0.9,04.mars,7,16,40,0.52,0.00,0.52,0.52,0.52,0.35,0.09,0.44,0.35,0.44
Suat Serdar,de GER,MF,Hertha BSC,25,1997,32,24,2 021,22.mai,4,2,6,4,0,0,7,0,01.sept,01.sept,01.juin,03.mai,33,78,48,0.18,0.09,0.27,0.18,0.27,0.09,0.07,0.16,0.09,0.16
Eniss Shabani,al ALB,MF,Mainz 05,19,2003,1,0,10,0.1,0,0,0,0,0,0,1,0,0.0,0.0,0.0,0.0,0,0,0,0.00,0.00,0.00,0.00,0.00,0.00,0.00,0.00,0.00,0.00
Player,Nation,Pos,Squad,Age,Born,MP,Starts,Min,90s,Gls,Ast,G+A,G-PK,PK,PKatt,CrdY,CrdR,xG,npxG,xAG,npxG+xAG,PrgC,PrgP,PrgR,Gls,Ast,G+A,G-PK,G+A-PK,xG,xAG,xG+xAG,npxG,npxG+xAG
Kiliann Sildillia,fr FRA,DF MF,Freiburg,20,2002,27,23,1 977,22.0,0,2,2,0,0,0,4,1,0.8,0.8,0.7,01.juin,20,81,47,0.00,0.09,0.09,0.00,0.09,0.04,0.03,0.07,0.04,0.07
André Silva,pt POR,FW,RB Leipzig,26,1995,31,20,1 738,19.mars,4,3,7,4,0,0,3,0,09.févr,09.févr,02.sept,12.0,35,37,142,0.21,0.16,0.36,0.21,0.36,0.47,0.15,0.62,0.47,0.62
Mohamed Simakan,fr FRA,DF,RB Leipzig,22,2000,24,18,1 454,16.févr,1,1,2,1,0,0,2,0,01.juil,01.juil,01.févr,02.sept,32,88,72,0.06,0.06,0.12,0.06,0.12,0.10,0.08,0.18,0.10,0.18
Daley Sinkgraven,nl NED,DF MF,Leverkusen,27,1995,12,4,344,03.août,0,2,2,0,0,0,1,0,0.2,0.2,01.mars,01.avr,8,8,17,0.00,0.52,0.52,0.00,0.52,0.04,0.33,0.37,0.04,0.37
Tobias Sippel,de GER,GK,Gladbach,34,1988,6,5,510,05.juil,0,0,0,0,0,0,1,0,0.0,0.0,0.0,0.0,0,0,0,0.00,0.00,0.00,0.00,0.00,0.00,0.00,0.00,0.00,0.00
Hugo Siquet,be BEL,DF,Freiburg,20,2002,2,0,17,0.2,0,0,0,0,0,0,0,0,0.0,0.0,0.0,0.0,0,0,0,0.00,0.00,0.00,0.00,0.00,0.00,0.00,0.00,0.00,0.00
Tim Skarke,de GER,DF MF,Union Berlin,25,1996,3,0,53,0.6,0,0,0,0,0,0,1,0,0.2,0.2,0.0,0.2,3,0,10,0.00,0.00,0.00,0.00,0.00,0.39,0.02,0.41,0.39,0.41
Tim Skarke,de GER,FW MF,Schalke 04,25,1996,9,6,440,04.sept,1,1,2,1,0,0,0,0,0.5,0.5,0.9,01.avr,4,13,26,0.20,0.20,0.41,0.20,0.41,0.11,0.17,0.28,0.11,0.28
Ellyes Skhiri,tn TUN,MF,Köln,27,1995,32,32,2 856,31.juil,7,1,8,7,0,0,5,0,05.mars,05.mars,01.août,07.janv,50,155,61,0.22,0.03,0.25,0.22,0.25,0.17,0.06,0.22,0.17,0.22
Robert Skov,dk DEN,DF,Hoffenheim,26,1996,23,16,1 349,15.0,3,2,5,1,2,2,1,0,03.avr,01.août,01.août,03.juin,43,49,97,0.20,0.13,0.33,0.07,0.20,0.23,0.12,0.34,0.12,0.24
Hrvoje Smolčić,hr CRO,DF,Eint Frankfurt,21,2000,9,4,471,05.févr,0,0,0,0,0,0,0,0,0.2,0.2,0.0,0.2,0,18,1,0.00,0.00,0.00,0.00,0.00,0.03,0.00,0.03,0.03,0.03
Danilo Soares,br BRA,DF,Bochum,30,1991,23,23,1 766,19.juin,0,0,0,0,0,0,6,0,0.0,0.0,01.mars,01.mars,17,93,24,0.00,0.00,0.00,0.00,0.00,0.00,0.06,0.07,0.00,0.07
Nikola Soldo,hr CRO,DF,Köln,21,2001,7,6,593,06.juin,0,0,0,0,0,0,1,0,0.6,0.6,0.0,0.7,3,15,0,0.00,0.00,0.00,0.00,0.00,0.10,0.00,0.10,0.10,0.10
Yann Sommer,ch SUI,GK,Bayern Munich,33,1988,19,19,1 71,19.0,0,0,0,0,0,0,1,0,0.0,0.0,0.0,0.0,0,1,0,0.00,0.00,0.00,0.00,0.00,0.00,0.00,0.00,0.00,0.00
Yann Sommer,ch SUI,GK,Gladbach,33,1988,10,10,900,10.0,0,0,0,0,0,0,0,0,0.0,0.0,0.0,0.0,0,0,0,0.00,0.00,0.00,0.00,0.00,0.00,0.00,0.00,0.00,0.00
Borna Sosa,hr CRO,DF,Stuttgart,24,1998,25,22,1 955,21.juil,2,7,9,2,0,0,5,0,1.0,1.0,06.mai,07.juin,58,128,152,0.09,0.32,0.41,0.09,0.41,0.05,0.30,0.35,0.05,0.35
Djibril Sow,ch SUI,MF,Eint Frankfurt,25,1997,32,30,2 646,29.avr,4,0,4,4,0,0,9,0,01.juil,01.juil,1.0,02.août,35,186,29,0.14,0.00,0.14,0.14,0.14,0.06,0.04,0.09,0.06,0.09
Anton Stach,de GER,MF,Mainz 05,23,1998,30,22,2 07,23.0,1,4,5,1,0,0,4,0,02.févr,02.févr,03.juin,05.août,37,106,77,0.04,0.17,0.22,0.04,0.22,0.10,0.16,0.25,0.10,0.25
Kostas Stafylidis,gr GRE,DF MF,Bochum,28,1993,19,11,1 043,11.juin,0,2,2,0,0,0,4,0,0.4,0.4,0.7,01.janv,9,26,14,0.00,0.17,0.17,0.00,0.17,0.03,0.06,0.09,0.03,0.09
Jens Stage,dk DEN,MF,Werder Bremen,25,1996,32,21,1 855,20.juin,3,3,6,3,0,0,5,0,03.janv,03.janv,01.août,04.sept,19,61,55,0.15,0.15,0.29,0.15,0.29,0.15,0.09,0.24,0.15,0.24
Veit Stange,de GER,MF,Hertha BSC,18,2004,1,0,8,0.1,0,0,0,0,0,0,0,0,0.0,0.0,0.0,0.0,0,0,0,0.00,0.00,0.00,0.00,0.00,0.00,0.00,0.00,0.00,0.00
Josip Stanišić,hr CRO,DF,Bayern Munich,22,2000,14,4,579,06.avr,0,0,0,0,0,0,1,0,0.0,0.0,0.4,0.4,12,66,35,0.00,0.00,0.00,0.00,0.00,0.00,0.07,0.07,0.00,0.07
Niklas Stark,de GER,DF,Werder Bremen,27,1995,27,23,2 077,23.janv,0,0,0,0,0,0,9,0,0.2,0.2,0.3,0.5,9,65,3,0.00,0.00,0.00,0.00,0.00,0.01,0.01,0.02,0.01,0.02
Pascal Stenzel,de GER,DF,Stuttgart,26,1996,12,3,333,03.juil,0,1,1,0,0,0,0,0,0.0,0.0,0.6,0.6,3,13,5,0.00,0.27,0.27,0.00,0.27,0.01,0.16,0.17,0.01,0.17
Angelo Stiller,de GER,MF,Hoffenheim,21,2001,20,6,704,07.août,1,1,2,1,0,0,1,0,0.3,0.3,0.5,0.8,4,34,16,0.13,0.13,0.26,0.13,0.26,0.04,0.06,0.10,0.04,0.10
Player,Nation,Pos,Squad,Age,Born,MP,Starts,Min,90s,Gls,Ast,G+A,G-PK,PK,PKatt,CrdY,CrdR,xG,npxG,xAG,npxG+xAG,PrgC,PrgP,PrgR,Gls,Ast,G+A,G-PK,G+A-PK,xG,xAG,xG+xAG,npxG,npxG+xAG
Lars Stindl,de GER,FW MF,Gladbach,33,1988,29,20,1 734,19.mars,8,7,15,8,0,0,9,0,5.0,5.0,06.févr,11.févr,22,77,89,0.42,0.36,0.78,0.42,0.78,0.26,0.32,0.58,0.26,0.58
Kevin Stöger,at AUT,MF,Bochum,28,1993,32,29,2 599,28.sept,5,3,8,2,3,3,3,0,04.avr,02.janv,05.juil,07.juil,43,214,98,0.17,0.10,0.28,0.07,0.17,0.15,0.20,0.35,0.07,0.27
Niklas Süle,de GER,DF,Dortmund,26,1995,29,23,2 118,23.mai,2,3,5,2,0,0,2,0,02.févr,02.févr,02.févr,04.avr,37,137,57,0.08,0.13,0.21,0.08,0.21,0.09,0.09,0.19,0.09,0.19
Ivan Šunjić,ba BIH,MF,Hertha BSC,25,1996,18,12,993,11.0,0,0,0,0,0,0,4,0,0.6,0.6,0.2,0.8,6,30,6,0.00,0.00,0.00,0.00,0.00,0.06,0.01,0.07,0.06,0.07
Mattias Svanberg,se SWE,MF FW,Wolfsburg,23,1999,32,21,1 835,20.avr,4,6,10,4,0,0,4,0,04.avr,04.avr,5.0,09.avr,29,74,85,0.20,0.29,0.49,0.20,0.49,0.22,0.25,0.46,0.22,0.46
Dominik Szoboszlai,hu HUN,MF FW,RB Leipzig,21,2000,31,28,2 444,27.févr,6,8,14,5,1,1,5,2,05.mai,04.juil,08.janv,12.sept,75,151,157,0.22,0.29,0.52,0.18,0.48,0.20,0.30,0.50,0.17,0.47
Alexander Sørloth,no NOR,FW,RB Leipzig,26,1995,1,0,6,0.1,0,0,0,0,0,0,1,0,0.0,0.0,0.0,0.0,0,0,1,0.00,0.00,0.00,0.00,0.00,0.00,0.00,0.00,0.00,0.00
Jonathan Tah,de GER,DF,Leverkusen,26,1996,33,28,2 487,27.juin,1,0,1,1,0,0,6,0,01.janv,01.janv,0.5,01.mai,8,56,4,0.04,0.00,0.04,0.04,0.04,0.04,0.02,0.06,0.04,0.06
Edmond Tapsoba,bf BFA,DF,Leverkusen,23,1999,33,32,2 871,31.9,1,0,1,0,1,2,5,0,02.août,01.févr,1.0,02.févr,40,169,10,0.03,0.00,0.03,0.00,0.00,0.09,0.03,0.12,0.04,0.07
Niklas Tauer,de GER,DF MF,Mainz 05,21,2001,3,0,93,1.0,0,0,0,0,0,0,0,0,0.1,0.1,0.0,0.1,1,6,4,0.00,0.00,0.00,0.00,0.00,0.07,0.00,0.07,0.07,0.07
Mathys Tel,fr FRA,FW,Bayern Munich,17,2005,22,1,417,04.juin,5,0,5,5,0,0,2,0,02.juil,02.juil,0.7,03.mars,12,11,59,01.août,0.00,01.août,01.août,01.août,0.58,0.14,0.72,0.58,0.72
Semir Telalovic,de GER,MF FW,Gladbach,22,1999,3,0,10,0.1,0,0,0,0,0,0,0,0,0.1,0.1,0.0,0.1,0,0,0,0.00,0.00,0.00,0.00,0.00,0.74,0.00,0.74,0.74,0.74
Simon Terodde,de GER,FW,Schalke 04,34,1988,32,21,1 823,20.mars,5,0,5,5,0,1,5,0,06.mars,05.mai,02.mars,07.sept,5,19,68,0.25,0.00,0.25,0.25,0.25,0.31,0.12,0.43,0.27,0.39
Malick Thiaw,de GER,DF,Schalke 04,20,2001,3,3,270,3.0,0,0,0,0,0,0,2,0,0.2,0.2,0.0,0.2,1,3,0,0.00,0.00,0.00,0.00,0.00,0.08,0.00,0.08,0.08,0.08
Jan Thielmann,de GER,FW,Köln,20,2002,23,6,869,09.juil,2,2,4,2,0,0,5,0,01.janv,01.janv,0.9,01.sept,27,19,66,0.21,0.21,0.41,0.21,0.41,0.11,0.09,0.20,0.11,0.20
Morten Thorsby,no NOR,MF,Union Berlin,26,1996,24,8,833,09.mars,1,1,2,1,0,0,3,0,0.8,0.8,0.5,01.mars,0,15,21,0.11,0.11,0.22,0.11,0.22,0.09,0.05,0.14,0.09,0.14
Marcus Thuram,fr FRA,FW,Gladbach,24,1997,30,28,2 513,27.sept,13,6,19,13,0,0,3,0,16.mai,16.mai,05.févr,21.août,75,46,170,0.47,0.21,0.68,0.47,0.68,0.59,0.19,0.78,0.59,0.78
Steffen Tigges,de GER,FW,Köln,24,1998,30,17,1 596,17.juil,6,1,7,6,0,0,1,0,5.0,5.0,01.sept,06.sept,20,31,81,0.34,0.06,0.39,0.34,0.39,0.28,0.11,0.39,0.28,0.39
Umut Tohumcu,de GER,MF DF,Hoffenheim,17,2004,8,2,271,3.0,0,0,0,0,0,0,0,0,0.1,0.1,0.1,0.2,2,7,4,0.00,0.00,0.00,0.00,0.00,0.04,0.04,0.08,0.04,0.08
Tiago Tomás,pt POR,FW MF,Stuttgart,20,2002,27,16,1 291,14.mars,3,3,6,3,0,0,2,0,02.sept,02.sept,03.juin,06.mai,31,25,95,0.21,0.21,0.42,0.21,0.42,0.20,0.25,0.45,0.20,0.45
Keke Topp,de GER,FW,Schalke 04,18,2004,1,0,20,0.2,0,0,0,0,0,0,0,0,0.0,0.0,0.0,0.0,1,0,1,0.00,0.00,0.00,0.00,0.00,0.16,0.00,0.16,0.16,0.16
Almamy Touré,ml MLI,DF,Eint Frankfurt,26,1996,7,5,398,04.avr,0,1,1,0,0,0,1,0,0.5,0.5,0.6,01.janv,2,17,8,0.00,0.23,0.23,0.00,0.23,0.12,0.14,0.25,0.12,0.25
Lucas Tousart,fr FRA,MF,Hertha BSC,25,1997,33,33,2 944,32.7,5,2,7,5,0,0,1,0,03.juin,03.juin,2.0,05.mai,37,93,79,0.15,0.06,0.21,0.15,0.21,0.11,0.06,0.17,0.11,0.17
Kevin Trapp,de GER,GK,Eint Frankfurt,32,1990,33,33,2 97,33.0,0,0,0,0,0,0,3,0,0.0,0.0,0.0,0.0,0,0,0,0.00,0.00,0.00,0.00,0.00,0.00,0.00,0.00,0.00,0.00
Christopher Trimmel,at AUT,DF,Union Berlin,35,1987,25,20,1 811,20.janv,0,6,6,0,0,0,1,0,0.7,0.7,03.févr,4.0,34,65,80,0.00,0.30,0.30,0.00,0.30,0.04,0.16,0.20,0.04,0.20
Player,Nation,Pos,Squad,Age,Born,MP,Starts,Min,90s,Gls,Ast,G+A,G-PK,PK,PKatt,CrdY,CrdR,xG,npxG,xAG,npxG+xAG,PrgC,PrgP,PrgR,Gls,Ast,G+A,G-PK,G+A-PK,xG,xAG,xG+xAG,npxG,npxG+xAG
Tuta,br BRA,DF,Eint Frankfurt,23,1999,31,30,2 718,30.2,2,1,3,2,0,0,8,0,02.mars,02.mars,0.8,03.janv,23,107,17,0.07,0.03,0.10,0.07,0.10,0.08,0.03,0.10,0.08,0.10
Sven Ulreich,de GER,GK,Bayern Munich,33,1988,3,3,270,3.0,0,0,0,0,0,0,1,0,0.0,0.0,0.0,0.0,0,0,0,0.00,0.00,0.00,0.00,0.00,0.00,0.00,0.00,0.00,0.00
Lauren Ulrich,de GER,MF,Stuttgart,17,2005,1,0,6,0.1,0,0,0,0,0,0,0,0,0.0,0.0,0.0,0.0,1,1,0,0.00,0.00,0.00,0.00,0.00,0.00,0.00,0.00,0.00,0.00
Dayot Upamecano,fr FRA,DF,Bayern Munich,23,1998,29,27,2 348,26.janv,0,1,1,0,0,0,6,1,0.7,0.7,0.3,1.0,31,169,7,0.00,0.04,0.04,0.00,0.04,0.03,0.01,0.04,0.03,0.04
Filip Uremović,hr CRO,DF,Hertha BSC,25,1997,22,21,1 726,19.févr,0,0,0,0,0,0,8,1,0.9,0.9,0.4,01.févr,3,17,1,0.00,0.00,0.00,0.00,0.00,0.05,0.02,0.06,0.05,0.06
Jere Uronen,fi FIN,DF,Schalke 04,28,1994,11,9,676,07.mai,0,0,0,0,0,0,2,0,0.1,0.1,0.9,1.0,9,30,17,0.00,0.00,0.00,0.00,0.00,0.01,0.12,0.13,0.01,0.13
Mark Uth,de GER,MF FW,Köln,30,1991,3,0,46,0.5,0,0,0,0,0,0,2,0,0.1,0.1,0.0,0.1,0,1,1,0.00,0.00,0.00,0.00,0.00,0.14,0.00,0.14,0.14,0.14
Josha Vagnoman,de GER,DF,Stuttgart,21,2000,23,16,1 479,16.avr,2,2,4,2,0,0,3,1,02.sept,02.sept,01.juin,04.mai,27,43,93,0.12,0.12,0.24,0.12,0.24,0.18,0.10,0.28,0.18,0.28
Ruben Vargas,ch SUI,MF FW,Augsburg,23,1998,23,13,1 13,12.juin,3,4,7,3,0,0,4,0,01.févr,01.févr,02.févr,03.avr,32,42,68,0.24,0.32,0.56,0.24,0.56,0.09,0.18,0.27,0.09,0.27
Renato Veiga,pt POR,DF,Augsburg,19,2003,13,7,639,07.janv,0,0,0,0,0,0,3,0,0.2,0.2,0.2,0.4,11,14,6,0.00,0.00,0.00,0.00,0.00,0.03,0.03,0.05,0.03,0.05
Miloš Veljković,rs SRB,DF,Werder Bremen,26,1995,29,25,2 266,25.févr,1,2,3,1,0,0,2,0,0.5,0.5,0.7,01.févr,5,81,3,0.04,0.08,0.12,0.04,0.12,0.02,0.03,0.05,0.02,0.05
Micky van de Ven,nl NED,DF,Wolfsburg,21,2001,33,33,2 97,33.0,1,1,2,1,0,0,5,0,01.mars,01.mars,01.avr,02.août,43,111,23,0.03,0.03,0.06,0.03,0.06,0.04,0.04,0.08,0.04,0.08
Gabriel Vidovic,hr CRO,FW,Bayern Munich,18,2003,1,0,19,0.2,0,1,1,0,0,0,0,0,0.0,0.0,0.1,0.1,0,1,2,0.00,avr.74,avr.74,0.00,avr.74,0.00,0.39,0.39,0.00,0.39
Kevin Vogt,de GER,DF,Hoffenheim,30,1991,22,22,1 775,19.juil,0,0,0,0,0,0,8,0,0.0,0.0,0.4,0.4,16,104,3,0.00,0.00,0.00,0.00,0.00,0.00,0.02,0.02,0.00,0.02
Aster Vranckx,be BEL,MF,Wolfsburg,19,2002,1,0,8,0.1,0,0,0,0,0,0,0,0,0.0,0.0,0.0,0.0,0,0,0,0.00,0.00,0.00,0.00,0.00,0.00,0.00,0.00,0.00,0.00
Robert Wagner,de GER,MF,Freiburg,19,2003,4,0,38,0.4,0,0,0,0,0,0,1,0,0.2,0.2,0.0,0.2,0,0,2,0.00,0.00,0.00,0.00,0.00,0.54,0.00,0.54,0.54,0.54
Luca Waldschmidt,de GER,FW MF,Wolfsburg,26,1996,18,4,523,05.août,4,0,4,3,1,1,0,0,03.mai,01.sept,0.0,01.sept,5,12,26,0.69,0.00,0.69,0.52,0.52,0.60,0.01,0.60,0.32,0.33
Paul Wanner,de GER,MF,Bayern Munich,16,2005,2,0,25,0.3,0,0,0,0,0,0,1,0,0.0,0.0,0.1,0.1,1,1,4,0.00,0.00,0.00,0.00,0.00,0.00,0.25,0.25,0.00,0.25
Julian Weigl,de GER,MF,Gladbach,26,1995,23,21,1 894,21.0,1,0,1,0,1,1,6,0,01.janv,0.3,0.6,0.8,7,82,7,0.05,0.00,0.05,0.00,0.00,0.05,0.03,0.08,0.01,0.04
Nelson Weiper,de GER,FW DF,Mainz 05,17,2005,9,0,99,01.janv,2,0,2,2,0,0,0,0,01.juil,01.juil,0.1,01.août,5,1,19,janv.82,0.00,janv.82,janv.82,janv.82,janv.52,0.13,janv.65,janv.52,janv.65
Mitchell Weiser,de GER,DF FW,Werder Bremen,28,1994,30,29,2 516,28.0,2,9,11,2,0,0,7,0,02.juin,02.juin,05.juin,08.févr,62,120,169,0.07,0.32,0.39,0.07,0.39,0.09,0.20,0.29,0.09,0.29
Noah Weißhaupt,de GER,MF DF,Freiburg,20,2001,18,3,427,04.juil,0,1,1,0,0,0,0,0,0.2,0.2,1.0,01.févr,14,14,31,0.00,0.21,0.21,0.00,0.21,0.03,0.21,0.24,0.03,0.24
Marcel Wenig,de GER,MF,Eint Frankfurt,18,2004,1,0,4,0.0,0,0,0,0,0,0,0,0,0.0,0.0,0.0,0.0,0,0,0,0.00,0.00,0.00,0.00,0.00,0.00,0.00,0.00,0.00,0.00
Timo Werner,de GER,FW MF,RB Leipzig,26,1996,27,23,1 937,21.mai,9,3,12,9,0,0,2,0,09.janv,09.janv,03.janv,12.févr,65,51,209,0.42,0.14,0.56,0.42,0.56,0.42,0.15,0.57,0.42,0.57
Silvan Widmer,ch SUI,DF,Mainz 05,29,1993,26,19,1 688,18.août,2,2,4,2,0,0,0,0,02.mai,02.mai,2.0,04.mai,14,54,91,0.11,0.11,0.21,0.11,0.21,0.13,0.11,0.24,0.13,0.24
Player,Nation,Pos,Squad,Age,Born,MP,Starts,Min,90s,Gls,Ast,G+A,G-PK,PK,PKatt,CrdY,CrdR,xG,npxG,xAG,npxG+xAG,PrgC,PrgP,PrgR,Gls,Ast,G+A,G-PK,G+A-PK,xG,xAG,xG+xAG,npxG,npxG+xAG
Patrick Wimmer,at AUT,FW MF,Wolfsburg,21,2001,26,23,1 648,18.mars,4,8,12,4,0,0,7,0,04.avr,04.avr,5.0,09.mars,42,64,133,0.22,0.44,0.66,0.22,0.66,0.24,0.27,0.51,0.24,0.51
Jonas Wind,dk DEN,FW,Wolfsburg,23,1999,24,15,1 291,14.mars,6,0,6,6,0,1,1,0,05.févr,04.avr,01.mars,05.août,7,41,89,0.42,0.00,0.42,0.42,0.42,0.36,0.09,0.46,0.31,0.40
Frederik Winther,dk DEN,DF,Augsburg,21,2001,1,1,90,1.0,0,1,1,0,0,0,0,0,0.0,0.0,0.1,0.1,0,1,0,0.00,1.00,1.00,0.00,1.00,0.00,0.10,0.10,0.00,0.10
Florian Wirtz,de GER,FW MF,Leverkusen,19,2003,17,11,1 09,12.janv,1,6,7,1,0,0,4,0,0.8,0.8,03.sept,04.juil,36,80,86,0.08,0.50,0.58,0.08,0.58,0.06,0.32,0.39,0.06,0.39
Hannes Wolf,at AUT,FW,Gladbach,23,1999,18,4,449,5.0,1,1,2,1,0,0,0,0,01.avr,01.avr,0.3,01.juil,12,13,37,0.20,0.20,0.40,0.20,0.40,0.29,0.05,0.34,0.29,0.34
Marius Wolf,de GER,DF,Dortmund,27,1995,25,17,1 57,17.avr,1,1,2,1,0,0,2,0,01.févr,01.févr,02.sept,4.0,60,91,151,0.06,0.06,0.11,0.06,0.11,0.07,0.16,0.23,0.07,0.23
Jeong Woo-yeong,kr KOR,MF FW,Freiburg,22,1999,26,4,653,07.mars,1,1,2,1,0,0,2,0,02.janv,02.janv,01.févr,03.mars,18,19,36,0.14,0.14,0.28,0.14,0.28,0.29,0.17,0.46,0.29,0.46
Kelvin Yeboah,it ITA,FW MF,Augsburg,22,2000,13,3,353,03.sept,1,1,2,1,0,0,0,0,01.avr,01.avr,0.4,01.août,13,6,25,0.25,0.25,0.51,0.25,0.51,0.36,0.10,0.46,0.36,0.46
Maya Yoshida,jp JPN,DF,Schalke 04,33,1988,29,28,2 553,28.avr,0,0,0,0,0,0,4,0,1.0,1.0,0.1,01.janv,7,85,4,0.00,0.00,0.00,0.00,0.00,0.04,0.00,0.04,0.04,0.04
Dan-Axel Zagadou,fr FRA,DF,Stuttgart,23,1999,17,14,1 271,14.janv,0,0,0,0,0,0,3,0,01.juil,01.juil,0.6,02.févr,3,44,0,0.00,0.00,0.00,0.00,0.00,0.12,0.04,0.16,0.12,0.16
Rodrigo Zalazar,uy URU,MF FW,Schalke 04,22,1999,22,15,1 321,14.juil,1,6,7,1,0,0,4,0,03.janv,03.janv,04.mai,07.mai,26,34,47,0.07,0.41,0.48,0.07,0.48,0.21,0.31,0.51,0.21,0.51
Aaron Zehnter,de GER,DF,Augsburg,17,2004,1,0,1,0.0,0,0,0,0,0,0,0,0,0.0,0.0,0.0,0.0,0,0,0,0.00,0.00,0.00,0.00,0.00,0.00,0.00,0.00,0.00,0.00
Robin Zentner,de GER,GK,Mainz 05,27,1994,26,26,2 34,26.0,0,0,0,0,0,0,1,0,0.0,0.0,0.1,0.1,0,6,1,0.00,0.00,0.00,0.00,0.00,0.00,0.00,0.00,0.00,0.00
Michael Zetterer,de GER,GK,Werder Bremen,27,1995,2,1,152,01.juil,0,0,0,0,0,0,0,0,0.0,0.0,0.0,0.0,0,0,0,0.00,0.00,0.00,0.00,0.00,0.00,0.00,0.00,0.00,0.00
Simon Zoller,de GER,FW,Bochum,31,1991,27,19,1 457,16.févr,3,2,5,3,0,0,5,0,04.janv,04.janv,01.janv,05.févr,10,21,61,0.19,0.12,0.31,0.19,0.31,0.26,0.07,0.32,0.26,0.32
