Player,Nation,Pos,Squad,Age,Born,MP,Starts,Min,90s,Gls,Ast,G+A,G-PK,PK,PKatt,CrdY,CrdR,xG,npxG,xAG,npxG+xAG,PrgC,PrgP,PrgR,Gls,Ast,G+A,G-PK,G+A-PK,xG,xAG,xG+xAG,npxG,npxG+xAG
Dickson Abiama,ng NGA,FW,Greuther Fürth,22,1998,24,5,726,08.janv,0,1,1,0,0,0,3,0,01.août,01.août,01.mars,03.févr,14,17,38,0.00,0.12,0.12,0.00,0.12,0.23,0.16,0.39,0.23,0.39
Ragnar Ache,de GER,MF FW,Eint Frankfurt,23,1998,13,1,259,02.sept,0,1,1,0,0,0,0,0,0.4,0.4,0.4,0.9,8,2,29,0.00,0.35,0.35,0.00,0.35,0.14,0.16,0.30,0.14,0.30
Tyler Adams,us USA,MF,RB Leipzig,22,1999,24,12,1 351,15.0,0,1,1,0,0,0,5,0,0.2,0.2,0.9,1.0,20,96,23,0.00,0.07,0.07,0.00,0.07,0.01,0.06,0.07,0.01,0.07
Sargis Adamyan,am ARM,FW MF,Hoffenheim,28,1993,13,2,331,03.juil,1,0,1,1,0,0,0,0,0.7,0.7,0.5,01.févr,9,9,26,0.27,0.00,0.27,0.27,0.27,0.18,0.14,0.31,0.18,0.31
Amine Adli,ma MAR,FW MF,Leverkusen,21,2000,25,13,1 256,14.0,3,2,5,3,0,0,3,0,04.mars,04.mars,02.janv,06.avr,51,56,105,0.21,0.14,0.36,0.21,0.36,0.31,0.15,0.46,0.31,0.46
Naouirou Ahamada,fr FRA,MF DF,Stuttgart,19,2002,3,0,61,0.7,0,0,0,0,0,0,0,0,0.0,0.0,0.0,0.0,0,3,1,0.00,0.00,0.00,0.00,0.00,0.00,0.00,0.00,0.00,0.00
Manuel Akanji,ch SUI,DF,Dortmund,26,1995,26,25,2 261,25.janv,1,0,1,1,0,0,3,0,01.sept,01.sept,0.1,2.0,18,115,8,0.04,0.00,0.04,0.04,0.04,0.08,0.00,0.08,0.08,0.08
Kevin Akpoguma,ng NGA,DF FW,Hoffenheim,26,1995,26,19,1 527,17.0,2,2,4,2,0,0,5,0,01.févr,01.févr,02.juin,03.août,36,87,40,0.12,0.12,0.24,0.12,0.24,0.07,0.15,0.22,0.07,0.22
Lucas Alario,ar ARG,FW,Leverkusen,28,1992,27,5,655,07.mars,6,0,6,6,0,1,2,0,6.0,05.févr,1.0,06.févr,6,10,44,0.82,0.00,0.82,0.82,0.82,0.82,0.14,0.96,0.71,0.85
Nadiem Amiri,de GER,MF FW,Leverkusen,24,1996,13,3,369,04.janv,1,0,1,1,0,0,0,0,0.5,0.5,0.3,0.8,17,21,29,0.24,0.00,0.24,0.24,0.24,0.11,0.08,0.19,0.11,0.19
Sebastian Andersson,se SWE,FW,Köln,30,1991,26,13,1 257,14.0,3,1,4,3,0,0,3,0,04.mai,04.mai,1.0,05.mai,10,14,86,0.21,0.07,0.29,0.21,0.29,0.32,0.07,0.39,0.32,0.39
Andrés Andrade Cedeño,pa PAN,DF,Arminia,22,1998,17,12,1 046,11.juin,0,0,0,0,0,0,4,0,0.3,0.3,0.1,0.4,18,44,15,0.00,0.00,0.00,0.00,0.00,0.02,0.01,0.04,0.02,0.04
Fredrik André Bjørkan,no NOR,DF,Hertha BSC,22,1998,9,2,353,03.sept,0,0,0,0,0,0,1,0,0.0,0.0,0.0,0.0,11,18,10,0.00,0.00,0.00,0.00,0.00,0.00,0.01,0.01,0.00,0.01
Robert Andrich,de GER,MF,Leverkusen,26,1994,26,21,1 817,20.févr,4,2,6,4,0,0,5,1,03.févr,02.août,01.mai,04.mars,19,100,27,0.20,0.10,0.30,0.20,0.30,0.16,0.08,0.23,0.14,0.21
Angeliño,es ESP,DF,RB Leipzig,24,1997,29,26,2 298,25.mai,2,5,7,2,0,0,3,0,01.févr,01.févr,05.févr,06.avr,35,73,177,0.08,0.20,0.27,0.08,0.27,0.05,0.20,0.25,0.05,0.25
Waldemar Anton,de GER,DF,Stuttgart,25,1996,29,29,2 595,28.août,2,1,3,2,0,0,6,1,02.janv,02.janv,01.avr,03.mai,26,108,12,0.07,0.03,0.10,0.07,0.10,0.07,0.05,0.12,0.07,0.12
Christopher Antwi-Adjei,gh GHA,FW MF,Bochum,27,1994,25,12,1 13,12.juin,1,1,2,1,0,0,2,0,2.0,2.0,1.0,03.janv,35,22,85,0.08,0.08,0.16,0.08,0.16,0.18,0.09,0.26,0.18,0.26
Charles Aránguiz,cl CHI,MF,Leverkusen,32,1989,26,16,1 578,17.mai,1,4,5,1,0,0,2,0,01.juin,01.juin,0.9,02.mai,6,96,14,0.06,0.23,0.29,0.06,0.29,0.09,0.05,0.14,0.09,0.14
Maximilian Arnold,de GER,MF,Wolfsburg,27,1994,34,34,2 994,33.3,4,2,6,4,0,0,4,0,01.juil,01.juil,04.juil,06.avr,18,171,24,0.12,0.06,0.18,0.12,0.18,0.05,0.14,0.19,0.05,0.19
Takuma Asano,jp JPN,FW MF,Bochum,26,1994,27,20,1 608,17.sept,3,4,7,3,0,0,1,0,03.juil,03.juil,01.sept,05.juil,48,40,109,0.17,0.22,0.39,0.17,0.39,0.21,0.11,0.32,0.21,0.32
Santiago Ascacíbar,ar ARG,MF,Hertha BSC,24,1997,28,27,2 375,26.avr,0,1,1,0,0,0,5,0,0.9,0.9,0.5,01.avr,13,86,20,0.00,0.04,0.04,0.00,0.04,0.03,0.02,0.05,0.03,0.05
Fisnik Asllani,xk KVX,MF FW,Hoffenheim,18,2002,2,0,9,0.1,0,0,0,0,0,0,0,0,0.0,0.0,0.0,0.0,0,0,2,0.00,0.00,0.00,0.00,0.00,0.00,0.00,0.00,0.00,0.00
Simon Asta,de GER,DF,Greuther Fürth,20,2001,13,9,783,08.juil,0,0,0,0,0,0,1,0,0.2,0.2,0.3,0.6,7,25,37,0.00,0.00,0.00,0.00,0.00,0.03,0.04,0.06,0.03,0.06
Taiwo Awoniyi,ng NGA,FW,Union Berlin,23,1997,31,29,2 174,24.févr,15,1,16,13,2,2,1,0,13.juin,12.0,02.avr,14.avr,36,51,171,0.62,0.04,0.66,0.54,0.58,0.56,0.10,0.66,0.50,0.60
Sardar Azmoun,ir IRN,FW MF,Leverkusen,26,1995,9,4,359,4.0,1,1,2,1,0,0,0,0,02.sept,02.sept,0.7,03.juin,8,18,22,0.25,0.25,0.50,0.25,0.50,0.74,0.17,0.90,0.74,0.90
Player,Nation,Pos,Squad,Age,Born,MP,Starts,Min,90s,Gls,Ast,G+A,G-PK,PK,PKatt,CrdY,CrdR,xG,npxG,xAG,npxG+xAG,PrgC,PrgP,PrgR,Gls,Ast,G+A,G-PK,G+A-PK,xG,xAG,xG+xAG,npxG,npxG+xAG
Mitchel Bakker,nl NED,DF,Leverkusen,21,2000,25,19,1 822,20.févr,1,4,5,1,0,0,6,0,0.4,0.4,2.0,02.avr,38,77,95,0.05,0.20,0.25,0.05,0.25,0.02,0.10,0.12,0.02,0.12
Ridle Baku,de GER,DF FW,Wolfsburg,23,1998,34,28,2 446,27.févr,3,5,8,3,0,0,4,0,01.août,01.août,05.mars,07.janv,74,104,171,0.11,0.18,0.29,0.11,0.29,0.07,0.19,0.26,0.07,0.26
Aymen Barkok,ma MAR,MF DF,Eint Frankfurt,23,1998,5,2,160,01.août,0,0,0,0,0,0,0,0,0.0,0.0,0.0,0.1,3,9,3,0.00,0.00,0.00,0.00,0.00,0.02,0.02,0.03,0.02,0.03
Leandro Barreiro Martins,lu LUX,MF,Mainz 05,21,2000,31,20,1 789,19.sept,1,2,3,1,0,0,3,0,02.mai,02.mai,02.juil,05.janv,15,54,53,0.05,0.10,0.15,0.05,0.15,0.12,0.14,0.26,0.12,0.26
Jacob Barrett Laursen,dk DEN,DF,Arminia,26,1994,24,20,1 632,18.janv,2,0,2,2,0,0,1,0,0.2,0.2,0.4,0.7,25,42,24,0.11,0.00,0.11,0.11,0.11,0.01,0.02,0.04,0.01,0.04
Abdourahmane Barry,gn GUI,DF,Greuther Fürth,21,2000,8,1,210,02.mars,0,0,0,0,0,0,2,0,0.0,0.0,0.1,0.1,3,8,12,0.00,0.00,0.00,0.00,0.00,0.01,0.03,0.04,0.01,0.04
Maximilian Bauer,de GER,DF,Greuther Fürth,21,2000,26,18,1 69,18.août,0,0,0,0,0,0,5,0,0.2,0.2,0.0,0.2,4,27,0,0.00,0.00,0.00,0.00,0.00,0.01,0.00,0.01,0.01,0.01
Oliver Baumann,de GER,GK,Hoffenheim,31,1990,33,33,2 97,33.0,0,0,0,0,0,0,1,0,0.0,0.0,0.0,0.0,0,0,0,0.00,0.00,0.00,0.00,0.00,0.00,0.00,0.00,0.00,0.00
Timo Baumgartl,de GER,DF,Union Berlin,25,1996,25,25,2 166,24.janv,1,2,3,1,0,0,5,0,01.mai,01.mai,1.0,02.mai,7,103,14,0.04,0.08,0.12,0.04,0.12,0.06,0.04,0.10,0.06,0.10
Julian Baumgartlinger,at AUT,MF FW,Leverkusen,33,1988,6,1,88,1.0,0,0,0,0,0,0,1,0,0.0,0.0,0.0,0.0,2,3,1,0.00,0.00,0.00,0.00,0.00,0.00,0.00,0.00,0.00,0.00
Christoph Baumgartner,at AUT,MF FW,Hoffenheim,21,1999,29,23,1 888,21.0,7,2,9,7,0,0,5,0,7.0,7.0,03.juil,10.août,34,83,116,0.33,0.10,0.43,0.33,0.43,0.33,0.18,0.51,0.33,0.51
Noah Joel Sarenren Bazee,ng NGA,MF FW,Augsburg,24,1996,14,1,241,02.juil,1,0,1,1,0,0,1,0,0.6,0.6,0.2,0.8,10,5,26,0.37,0.00,0.37,0.37,0.37,0.22,0.09,0.31,0.22,0.31
Ihlas Bebou,tg TOG,FW DF,Hoffenheim,27,1994,28,25,2 091,23.févr,7,2,9,7,0,0,0,0,09.avr,09.avr,01.juin,11.0,48,55,166,0.30,0.09,0.39,0.30,0.39,0.41,0.07,0.47,0.41,0.47
Sheraldo Becker,sr SUR,FW MF,Union Berlin,26,1995,28,22,1 758,19.mai,4,6,10,4,0,0,4,0,02.avr,02.avr,06.août,09.janv,82,58,195,0.20,0.31,0.51,0.20,0.51,0.12,0.35,0.47,0.12,0.47
Kevin Behrens,de GER,FW,Union Berlin,30,1991,24,2,499,05.mai,2,2,4,2,0,0,1,0,02.avr,02.avr,01.juin,4.0,9,16,48,0.36,0.36,0.72,0.36,0.72,0.44,0.29,0.73,0.44,0.73
Ishak Belfodil,dz ALG,FW,Hertha BSC,29,1992,26,17,1 636,18.févr,5,2,7,4,1,1,1,0,03.juil,3.0,02.févr,05.févr,35,34,129,0.28,0.11,0.39,0.22,0.33,0.21,0.12,0.33,0.16,0.28
Stefan Bell,de GER,DF,Mainz 05,29,1991,33,33,2 864,31.août,2,0,2,2,0,0,9,0,01.juil,01.juil,01.avr,03.janv,13,93,15,0.06,0.00,0.06,0.06,0.06,0.05,0.04,0.10,0.05,0.10
Armel Bella Kotchap,de GER,DF,Bochum,19,2001,22,20,1 768,19.juin,0,0,0,0,0,0,5,0,0.6,0.6,0.1,0.6,9,37,1,0.00,0.00,0.00,0.00,0.00,0.03,0.00,0.03,0.03,0.03
Karim Bellarabi,de GER,FW MF,Leverkusen,31,1990,16,9,683,07.juin,3,2,5,3,0,0,2,0,2.0,2.0,01.févr,03.févr,24,17,69,0.40,0.26,0.66,0.40,0.66,0.27,0.15,0.42,0.27,0.42
Jude Bellingham,eng ENG,MF,Dortmund,18,2003,32,32,2 79,31.0,3,8,11,3,0,0,9,0,04.août,04.août,6.0,10.août,78,144,138,0.10,0.26,0.35,0.10,0.35,0.15,0.19,0.35,0.15,0.35
George Bello,us USA,DF,Arminia,19,2002,10,3,434,04.août,0,0,0,0,0,0,0,0,0.1,0.1,0.2,0.3,9,13,18,0.00,0.00,0.00,0.00,0.00,0.02,0.05,0.07,0.02,0.07
László Bénes,sk SVK,MF,Gladbach,23,1997,13,2,246,02.juil,0,0,0,0,0,0,0,0,0.6,0.6,0.6,01.févr,6,13,9,0.00,0.00,0.00,0.00,0.00,0.21,0.23,0.44,0.21,0.44
Keanan Bennetts,eng ENG,FW DF,Gladbach,22,1999,4,0,50,0.6,0,0,0,0,0,0,1,0,0.0,0.0,0.0,0.0,3,0,3,0.00,0.00,0.00,0.00,0.00,0.05,0.00,0.05,0.05,0.05
Ramy Bensebaini,dz ALG,DF,Gladbach,26,1995,23,22,2 02,22.avr,4,1,5,2,2,2,6,0,03.juil,02.janv,0.9,3.0,26,72,66,0.18,0.04,0.22,0.09,0.13,0.17,0.04,0.22,0.10,0.14
Jordan Beyer,de GER,DF,Gladbach,21,2000,17,15,1 384,15.avr,0,0,0,0,0,0,5,0,0.6,0.6,0.3,0.9,25,46,30,0.00,0.00,0.00,0.00,0.00,0.04,0.02,0.07,0.04,0.07
Player,Nation,Pos,Squad,Age,Born,MP,Starts,Min,90s,Gls,Ast,G+A,G-PK,PK,PKatt,CrdY,CrdR,xG,npxG,xAG,npxG+xAG,PrgC,PrgP,PrgR,Gls,Ast,G+A,G-PK,G+A-PK,xG,xAG,xG+xAG,npxG,npxG+xAG
Bartosz Białek,pl POL,FW DF,Wolfsburg,19,2001,12,1,178,2.0,0,0,0,0,0,0,1,0,0.4,0.4,0.1,0.5,1,4,14,0.00,0.00,0.00,0.00,0.00,0.19,0.06,0.24,0.19,0.24
Ermin Bičakčić,ba BIH,DF,Hoffenheim,31,1990,1,0,5,0.1,0,0,0,0,0,0,0,0,0.0,0.0,0.0,0.0,0,0,0,0.00,0.00,0.00,0.00,0.00,0.00,0.00,0.00,0.00,0.00
Tom Bischof,de GER,MF,Hoffenheim,16,2005,1,0,14,0.2,0,0,0,0,0,0,0,0,0.0,0.0,0.0,0.0,0,1,1,0.00,0.00,0.00,0.00,0.00,0.00,0.00,0.00,0.00,0.00
Danny Blum,de GER,FW,Bochum,30,1991,13,2,346,03.août,2,0,2,2,0,0,0,0,0.8,0.8,01.janv,01.sept,9,10,34,0.52,0.00,0.52,0.52,0.52,0.21,0.29,0.50,0.21,0.50
Kevin-Prince Boateng,gh GHA,MF FW,Hertha BSC,34,1987,18,8,696,07.juil,0,0,0,0,0,0,8,0,0.3,0.3,0.5,0.8,0,35,21,0.00,0.00,0.00,0.00,0.00,0.03,0.07,0.10,0.03,0.10
Herbert Bockhorn,ug UGA,DF,Bochum,26,1995,18,7,850,09.avr,0,0,0,0,0,0,1,0,0.3,0.3,0.3,0.6,31,24,27,0.00,0.00,0.00,0.00,0.00,0.03,0.04,0.07,0.03,0.07
Jean-Paul Boëtius,sr SUR,MF,Mainz 05,27,1994,33,19,1 8,20.0,2,2,4,2,0,0,3,0,1.0,1.0,02.juil,03.juil,17,119,49,0.10,0.10,0.20,0.10,0.20,0.05,0.13,0.19,0.05,0.19
Tarsis Bonga,de GER,MF FW,Bochum,24,1997,3,0,17,0.2,0,0,0,0,0,0,0,0,0.2,0.2,0.0,0.2,1,0,2,0.00,0.00,0.00,0.00,0.00,janv.24,0.00,janv.24,janv.24,janv.24
Solomon Bonnah,nl NED,DF,RB Leipzig,17,2003,1,0,6,0.1,0,0,0,0,0,0,0,0,0.0,0.0,0.0,0.0,0,0,0,0.00,0.00,0.00,0.00,0.00,0.00,0.00,0.00,0.00,0.00
Sebastiaan Bornauw,be BEL,DF,Wolfsburg,22,1999,27,23,2 007,22.mars,1,0,1,1,0,0,4,0,01.janv,01.janv,0.2,01.mars,0,35,5,0.04,0.00,0.04,0.04,0.04,0.05,0.01,0.06,0.05,0.06
Rafael Borré,co COL,FW,Eint Frankfurt,25,1995,31,28,2 378,26.avr,8,4,12,8,0,0,5,0,07.mai,07.mai,03.mai,11.0,43,60,168,0.30,0.15,0.45,0.30,0.45,0.29,0.13,0.42,0.29,0.42
Dedryck Boyata,be BEL,DF,Hertha BSC,30,1990,23,22,1 898,21.janv,0,0,0,0,0,0,1,1,0.8,0.8,0.2,1.0,4,18,0,0.00,0.00,0.00,0.00,0.00,0.04,0.01,0.05,0.04,0.05
Julian Brandt,de GER,MF FW,Dortmund,25,1996,31,22,2 078,23.janv,9,8,17,9,0,0,3,0,04.sept,04.sept,04.juin,09.avr,66,126,171,0.39,0.35,0.74,0.39,0.74,0.21,0.20,0.41,0.21,0.41
Iker Bravo,es ESP,FW,Leverkusen,16,2005,1,0,12,0.1,0,0,0,0,0,0,0,0,0.0,0.0,0.0,0.0,0,0,0,0.00,0.00,0.00,0.00,0.00,0.00,0.00,0.00,0.00,0.00
Fabian Bredlow,de GER,GK,Stuttgart,26,1995,4,4,360,4.0,0,0,0,0,0,0,0,0,0.0,0.0,0.0,0.0,0,0,0,0.00,0.00,0.00,0.00,0.00,0.00,0.00,0.00,0.00,0.00
Josip Brekalo,hr CRO,FW,Wolfsburg,23,1998,1,0,21,0.2,0,1,1,0,0,0,0,0,0.0,0.0,0.3,0.3,0,1,3,0.00,avr.29,avr.29,0.00,avr.29,0.00,janv.50,janv.50,0.00,janv.50
Brian Brobbey,nl NED,FW MF,RB Leipzig,19,2002,9,1,131,01.mai,0,2,2,0,0,0,0,0,0.6,0.6,0.7,01.avr,1,2,12,0.00,janv.37,janv.37,0.00,janv.37,0.42,0.51,0.93,0.42,0.93
John Brooks,us USA,DF,Wolfsburg,28,1993,31,29,2 615,29.janv,1,1,2,1,0,0,2,0,0.7,0.7,0.4,01.janv,22,130,4,0.03,0.03,0.07,0.03,0.07,0.02,0.02,0.04,0.02,0.04
Daniel Brosinski,de GER,DF,Mainz 05,33,1988,11,4,390,04.mars,0,0,0,0,0,0,0,0,0.0,0.0,0.6,0.6,9,21,24,0.00,0.00,0.00,0.00,0.00,0.00,0.14,0.14,0.00,0.14
Cédric Brunner,ch SUI,DF,Arminia,27,1994,27,26,2 183,24.mars,0,1,1,0,0,0,6,0,0.2,0.2,01.févr,01.mai,23,82,45,0.00,0.04,0.04,0.00,0.04,0.01,0.05,0.06,0.01,0.06
Jacob Bruun Larsen,dk DEN,FW MF,Hoffenheim,22,1998,25,9,812,9.0,4,0,4,4,0,0,1,0,02.août,02.août,2.0,04.août,31,27,106,0.44,0.00,0.44,0.44,0.44,0.31,0.22,0.53,0.31,0.53
Sascha Burchert,de GER,GK,Greuther Fürth,31,1989,14,14,1 26,14.0,0,0,0,0,0,0,0,0,0.0,0.0,0.0,0.0,0,2,0,0.00,0.00,0.00,0.00,0.00,0.00,0.00,0.00,0.00,0.00
Delano Burgzorg,sr SUR,MF,Mainz 05,22,1998,3,0,27,0.3,1,0,1,1,0,0,0,0,0.3,0.3,0.0,0.3,0,0,3,mars.33,0.00,mars.33,mars.33,mars.33,0.85,0.00,0.85,0.85,0.85
Jonathan Burkardt,de GER,FW MF,Mainz 05,21,2000,34,32,2 611,29.0,11,3,14,10,1,1,0,0,12.août,12.0,02.juil,14.août,64,64,200,0.38,0.10,0.48,0.34,0.45,0.44,0.09,0.54,0.42,0.51
Roman Bürki,ch SUI,GK,Dortmund,30,1990,1,1,90,1.0,0,0,0,0,0,0,0,0,0.0,0.0,0.0,0.0,0,0,0,0.00,0.00,0.00,0.00,0.00,0.00,0.00,0.00,0.00,0.00
Player,Nation,Pos,Squad,Age,Born,MP,Starts,Min,90s,Gls,Ast,G+A,G-PK,PK,PKatt,CrdY,CrdR,xG,npxG,xAG,npxG+xAG,PrgC,PrgP,PrgR,Gls,Ast,G+A,G-PK,G+A-PK,xG,xAG,xG+xAG,npxG,npxG+xAG
Daniel Caligiuri,it ITA,DF MF,Augsburg,33,1988,28,24,2 004,22.mars,4,2,6,1,3,3,4,0,04.mars,01.sept,02.avr,04.mars,52,77,90,0.18,0.09,0.27,0.04,0.13,0.19,0.11,0.30,0.08,0.19
Emre Can,de GER,DF MF,Dortmund,27,1994,24,19,1 69,18.août,5,1,6,1,4,4,5,0,03.mars,0.2,0.8,1.0,31,119,19,0.27,0.05,0.32,0.05,0.11,0.18,0.04,0.22,0.01,0.05
Koen Casteels,be BEL,GK,Wolfsburg,29,1992,28,28,2 52,28.0,0,0,0,0,0,0,1,0,0.0,0.0,0.0,0.0,0,1,0,0.00,0.00,0.00,0.00,0.00,0.00,0.00,0.00,0.00,0.00
Gonzalo Castro,de GER,MF FW,Arminia,34,1987,12,4,436,04.août,1,1,2,1,0,0,0,0,0.8,0.8,0.4,01.févr,7,13,15,0.21,0.21,0.41,0.21,0.41,0.17,0.07,0.24,0.17,0.24
Julian Chabot,de GER,DF,Köln,23,1998,4,2,209,02.mars,0,0,0,0,0,0,1,0,0.0,0.0,0.0,0.0,0,6,0,0.00,0.00,0.00,0.00,0.00,0.00,0.00,0.00,0.00,0.00
Timothy Chandler,us USA,DF,Eint Frankfurt,31,1990,17,15,1 212,13.mai,0,0,0,0,0,0,4,0,0.5,0.5,0.6,01.févr,16,40,63,0.00,0.00,0.00,0.00,0.00,0.04,0.05,0.09,0.04,0.09
Justin Che,us USA,FW DF,Hoffenheim,17,2003,2,0,41,0.5,0,0,0,0,0,0,0,0,0.1,0.1,0.0,0.1,0,2,5,0.00,0.00,0.00,0.00,0.00,0.23,0.00,0.23,0.23,0.23
Max Christiansen,de GER,MF,Greuther Fürth,24,1996,27,22,2 054,22.août,0,0,0,0,0,0,5,0,0.4,0.4,0.5,0.9,8,79,9,0.00,0.00,0.00,0.00,0.00,0.02,0.02,0.04,0.02,0.04
Kingsley Coman,fr FRA,FW DF,Bayern Munich,25,1996,21,16,1 359,15.janv,6,2,8,6,0,0,1,1,4.0,4.0,3.0,7.0,83,55,233,0.40,0.13,0.53,0.40,0.53,0.26,0.20,0.46,0.26,0.46
Lucas Copado,de GER,FW,Bayern Munich,17,2004,1,0,16,0.2,0,0,0,0,0,0,0,0,0.0,0.0,0.0,0.0,0,0,0,0.00,0.00,0.00,0.00,0.00,0.25,0.00,0.25,0.25,0.25
Sergio Córdova,ve VEN,FW MF,Augsburg,23,1997,13,2,328,03.juin,0,0,0,0,0,0,2,0,0.7,0.7,0.1,0.8,6,9,16,0.00,0.00,0.00,0.00,0.00,0.20,0.02,0.22,0.20,0.22
Danny da Costa,de GER,DF MF,Eint Frankfurt,28,1993,11,7,725,08.janv,0,0,0,0,0,0,2,0,0.1,0.1,0.1,0.3,12,30,29,0.00,0.00,0.00,0.00,0.00,0.02,0.02,0.03,0.02,0.03
Tanguy Coulibaly,fr FRA,FW MF,Stuttgart,20,2001,21,11,1 079,12.0,0,1,1,0,0,0,8,0,0.8,0.8,0.6,01.avr,27,14,88,0.00,0.08,0.08,0.00,0.08,0.07,0.05,0.12,0.07,0.12
Mickaël Cuisance,fr FRA,MF,Bayern Munich,21,1999,1,0,13,0.1,0,0,0,0,0,0,0,0,0.0,0.0,0.5,0.5,0,3,1,0.00,0.00,0.00,0.00,0.00,0.00,mars.46,mars.46,0.00,mars.46
Matheus Cunha,br BRA,FW,Hertha BSC,22,1999,1,1,64,0.7,0,1,1,0,0,0,0,0,0.3,0.3,0.9,01.févr,2,1,1,0.00,janv.41,janv.41,0.00,janv.41,0.40,janv.24,janv.64,0.40,janv.64
Rafael Czichos,de GER,DF,Köln,31,1990,17,16,1 402,15.juin,0,1,1,0,0,0,4,0,0.1,0.1,0.4,0.5,19,87,3,0.00,0.06,0.06,0.00,0.06,0.01,0.02,0.03,0.01,0.03
Lennart-Marten Czyborra,de GER,DF,Arminia,22,1999,4,1,131,01.mai,0,0,0,0,0,0,1,0,0.0,0.0,0.0,0.0,2,2,3,0.00,0.00,0.00,0.00,0.00,0.00,0.00,0.00,0.00,0.00
Moanes Dabbur,il ISR,FW MF,Hoffenheim,29,1992,27,17,1 31,14.juin,3,4,7,3,0,0,5,0,04.mai,04.mai,02.avr,06.sept,11,51,96,0.21,0.27,0.48,0.21,0.48,0.31,0.16,0.47,0.31,0.47
Finn Dahmen,de GER,GK,Mainz 05,23,1998,2,2,180,2.0,0,0,0,0,0,0,0,0,0.0,0.0,0.0,0.0,0,0,0,0.00,0.00,0.00,0.00,0.00,0.00,0.00,0.00,0.00,0.00
Mahmoud Dahoud,de GER,MF,Dortmund,25,1996,22,20,1 658,18.avr,2,3,5,2,0,0,7,1,01.févr,01.févr,3.0,04.mars,28,116,46,0.11,0.16,0.27,0.11,0.27,0.07,0.16,0.23,0.07,0.23
Márton Dárdai,hu HUN,DF,Hertha BSC,19,2002,12,9,755,08.avr,0,1,1,0,0,0,2,0,0.1,0.1,0.2,0.3,7,19,2,0.00,0.12,0.12,0.00,0.12,0.01,0.02,0.03,0.01,0.03
Vladimír Darida,cz CZE,MF,Hertha BSC,30,1990,25,23,1 786,19.août,2,5,7,2,0,0,6,0,01.sept,01.sept,03.avr,05.févr,15,88,69,0.10,0.25,0.35,0.10,0.35,0.09,0.17,0.26,0.09,0.26
Alphonso Davies,ca CAN,DF,Bayern Munich,20,2000,22,20,1 74,19.mars,0,3,3,0,0,0,3,0,01.mars,01.mars,04.janv,05.avr,113,98,201,0.00,0.16,0.16,0.00,0.16,0.07,0.21,0.28,0.07,0.28
Saulo Decarli,ch SUI,DF,Bochum,29,1992,1,0,9,0.1,0,0,0,0,0,0,0,0,0.0,0.0,0.0,0.0,0,0,0,0.00,0.00,0.00,0.00,0.00,0.29,0.00,0.29,0.29,0.29
Thomas Delaney,dk DEN,MF,Dortmund,29,1991,1,0,18,0.2,0,0,0,0,0,0,0,0,0.0,0.0,0.0,0.0,0,1,0,0.00,0.00,0.00,0.00,0.00,0.00,0.00,0.00,0.00,0.00
Player,Nation,Pos,Squad,Age,Born,MP,Starts,Min,90s,Gls,Ast,G+A,G-PK,PK,PKatt,CrdY,CrdR,xG,npxG,xAG,npxG+xAG,PrgC,PrgP,PrgR,Gls,Ast,G+A,G-PK,G+A-PK,xG,xAG,xG+xAG,npxG,npxG+xAG
Kerem Demirbay,de GER,MF,Leverkusen,28,1993,29,23,2 049,22.août,1,4,5,0,1,2,10,0,03.mars,01.août,03.août,05.juin,34,142,47,0.04,0.18,0.22,0.00,0.18,0.15,0.17,0.31,0.08,0.24
Ermedin Demirović,ba BIH,FW,Freiburg,23,1998,31,9,871,09.juil,2,3,5,2,0,0,4,0,3.0,3.0,01.juin,04.juin,16,10,74,0.21,0.31,0.52,0.21,0.52,0.31,0.16,0.47,0.31,0.47
Mike van der Hoorn,nl NED,DF,Arminia,28,1992,1,0,14,0.2,0,0,0,0,0,0,0,0,0.0,0.0,0.0,0.0,0,0,0,0.00,0.00,0.00,0.00,0.00,0.00,0.00,0.00,0.00,0.00
Moussa Diaby,fr FRA,FW MF,Leverkusen,22,1999,32,32,2 76,30.juil,13,12,25,13,0,1,10,1,8.0,07.févr,09.févr,16.avr,131,110,261,0.42,0.39,0.82,0.42,0.82,0.26,0.30,0.56,0.24,0.54
Daniel Didavi,de GER,MF FW,Stuttgart,31,1990,10,2,277,03.janv,0,1,1,0,0,0,1,0,0.8,0.8,0.7,01.mai,6,9,25,0.00,0.32,0.32,0.00,0.32,0.25,0.24,0.49,0.25,0.49
Javairô Dilrosun,nl NED,FW,Hertha BSC,23,1998,2,1,138,01.mai,0,0,0,0,0,0,0,0,0.0,0.0,0.0,0.0,3,4,4,0.00,0.00,0.00,0.00,0.00,0.02,0.00,0.02,0.02,0.02
Lee Dongjun,kr KOR,MF FW,Hertha BSC,24,1997,4,1,118,01.mars,0,0,0,0,0,0,0,0,0.3,0.3,0.0,0.3,4,1,8,0.00,0.00,0.00,0.00,0.00,0.19,0.00,0.19,0.19,0.19
Niklas Dorsch,de GER,MF,Augsburg,23,1998,30,27,2 324,25.août,1,0,1,1,0,0,8,0,0.2,0.2,0.5,0.7,11,90,7,0.04,0.00,0.04,0.04,0.04,0.01,0.02,0.03,0.01,0.03
Ondrej Duda,sk SVK,MF FW,Köln,26,1994,31,20,1 611,17.sept,2,0,2,2,0,0,5,0,03.sept,03.sept,02.févr,06.janv,25,83,81,0.11,0.00,0.11,0.11,0.11,0.22,0.12,0.34,0.22,0.34
Jeremy Dudziak,tn TUN,MF FW,Greuther Fürth,25,1995,22,15,1 134,12.juin,2,0,2,2,0,0,1,0,02.avr,02.avr,01.janv,03.mai,18,33,62,0.16,0.00,0.16,0.16,0.16,0.19,0.09,0.28,0.19,0.28
Erik Durm,de GER,DF,Eint Frankfurt,29,1992,7,7,474,05.mars,0,1,1,0,0,0,1,0,0.0,0.0,0.4,0.4,14,22,20,0.00,0.19,0.19,0.00,0.19,0.00,0.08,0.08,0.00,0.08
Maximilian Eggestein,de GER,MF,Freiburg,24,1996,31,26,2 194,24.avr,1,2,3,1,0,0,2,0,01.janv,01.janv,01.avr,02.mai,23,109,52,0.04,0.08,0.12,0.04,0.12,0.05,0.06,0.10,0.05,0.10
Lilian Egloff,de GER,MF DF,Stuttgart,18,2002,4,0,31,0.3,0,0,0,0,0,0,0,0,0.0,0.0,0.1,0.1,0,1,4,0.00,0.00,0.00,0.00,0.00,0.00,0.39,0.39,0.00,0.39
Kingsley Ehizibue,nl NED,DF,Köln,26,1995,16,6,681,07.juin,0,1,1,0,0,0,2,0,0.2,0.2,1.0,01.févr,22,22,22,0.00,0.13,0.13,0.00,0.13,0.03,0.13,0.16,0.03,0.16
Julian Eitschberger,de GER,DF,Hertha BSC,17,2004,1,1,45,0.5,0,0,0,0,0,0,0,0,0.0,0.0,0.0,0.0,2,1,1,0.00,0.00,0.00,0.00,0.00,0.00,0.00,0.00,0.00,0.00
Jurgen Ekkelenkamp,nl NED,MF FW,Hertha BSC,21,2000,21,6,718,8.0,3,0,3,3,0,0,1,0,01.mai,01.mai,0.4,01.sept,9,24,48,0.38,0.00,0.38,0.38,0.38,0.19,0.05,0.24,0.19,0.24
Nico Elvedi,ch SUI,DF,Gladbach,24,1996,28,28,2 43,27.0,1,0,1,1,0,0,3,1,01.janv,01.janv,0.1,01.févr,13,73,3,0.04,0.00,0.04,0.04,0.04,0.04,0.00,0.05,0.04,0.05
Breel Embolo,ch SUI,FW,Gladbach,24,1997,29,24,2 166,24.janv,9,3,12,9,0,0,3,0,08.avr,08.avr,04.juil,13.janv,38,64,158,0.37,0.12,0.50,0.37,0.50,0.36,0.20,0.57,0.36,0.57
Keita Endo,jp JPN,MF,Union Berlin,23,1997,4,0,55,0.6,0,0,0,0,0,0,0,0,0.1,0.1,0.0,0.1,1,2,12,0.00,0.00,0.00,0.00,0.00,0.12,0.04,0.17,0.12,0.17
Wataru Endo,jp JPN,MF,Stuttgart,28,1993,33,33,2 899,32.2,4,2,6,4,0,0,4,0,5.0,04.août,01.mars,06.févr,34,165,63,0.12,0.06,0.19,0.12,0.19,0.16,0.04,0.20,0.15,0.19
Michael Esser,de GER,GK,Bochum,33,1987,3,3,270,3.0,0,0,0,0,0,0,0,0,0.0,0.0,0.0,0.0,0,0,0,0.00,0.00,0.00,0.00,0.00,0.00,0.00,0.00,0.00,0.00
Wahid Faghir,dk DEN,FW,Stuttgart,18,2003,6,0,123,01.avr,1,0,1,1,0,0,0,0,0.4,0.4,0.0,0.4,2,3,18,0.73,0.00,0.73,0.73,0.73,0.26,0.00,0.26,0.26,0.26
Ömer Faruk Beyaz,tr TUR,DF MF,Stuttgart,17,2003,4,0,71,0.8,0,0,0,0,0,0,0,0,0.2,0.2,0.0,0.2,0,5,5,0.00,0.00,0.00,0.00,0.00,0.19,0.00,0.19,0.19,0.19
Adrian Fein,de GER,MF,Greuther Fürth,22,1999,3,0,32,0.4,0,0,0,0,0,0,0,0,0.0,0.0,0.1,0.1,0,0,1,0.00,0.00,0.00,0.00,0.00,0.06,0.15,0.21,0.06,0.21
Ohis Felix Uduokhai,de GER,DF,Augsburg,23,1997,13,8,787,08.juil,0,0,0,0,0,0,1,0,0.2,0.2,0.0,0.2,7,28,4,0.00,0.00,0.00,0.00,0.00,0.02,0.00,0.02,0.02,0.02
Player,Nation,Pos,Squad,Age,Born,MP,Starts,Min,90s,Gls,Ast,G+A,G-PK,PK,PKatt,CrdY,CrdR,xG,npxG,xAG,npxG+xAG,PrgC,PrgP,PrgR,Gls,Ast,G+A,G-PK,G+A-PK,xG,xAG,xG+xAG,npxG,npxG+xAG
Edimilson Fernandes,ch SUI,MF FW,Arminia,25,1996,7,2,283,03.janv,0,0,0,0,0,0,0,0,0.1,0.1,0.2,0.3,6,12,21,0.00,0.00,0.00,0.00,0.00,0.02,0.07,0.09,0.02,0.09
Alfreð Finnbogason,is ISL,FW,Augsburg,32,1989,10,3,292,03.févr,2,1,3,2,0,0,0,0,01.mars,01.mars,0.8,02.févr,2,8,14,0.62,0.31,0.92,0.62,0.92,0.41,0.26,0.67,0.41,0.67
Mark Flekken,nl NED,GK,Freiburg,28,1993,32,32,2 88,32.0,0,0,0,0,0,0,0,0,0.0,0.0,0.0,0.0,0,2,0,0.00,0.00,0.00,0.00,0.00,0.00,0.00,0.00,0.00,0.00
Emil Forsberg,se SWE,MF,RB Leipzig,29,1991,31,20,1 706,19.0,6,2,8,2,4,4,2,0,8.0,04.août,03.mai,08.mars,39,80,118,0.32,0.11,0.42,0.11,0.21,0.42,0.19,0.61,0.25,0.44
Philipp Förster,de GER,MF FW,Stuttgart,26,1995,20,11,967,10.juil,2,1,3,2,0,0,4,0,02.août,02.août,01.mars,4.0,33,46,59,0.19,0.09,0.28,0.19,0.28,0.26,0.12,0.38,0.26,0.38
Timothy Fosu-Mensah,nl NED,DF,Leverkusen,23,1998,6,0,145,01.juin,0,0,0,0,0,0,0,0,0.0,0.0,0.7,0.7,2,2,6,0.00,0.00,0.00,0.00,0.00,0.00,0.42,0.42,0.00,0.42
Raphael Framberger,de GER,DF,Augsburg,25,1995,23,9,848,09.avr,0,0,0,0,0,0,3,0,0.0,0.0,0.6,0.6,20,36,32,0.00,0.00,0.00,0.00,0.00,0.00,0.06,0.06,0.00,0.06
Marvin Friedrich,de GER,DF,Gladbach,25,1995,8,7,600,06.juil,0,0,0,0,0,0,1,0,0.3,0.3,0.0,0.3,1,19,4,0.00,0.00,0.00,0.00,0.00,0.05,0.00,0.05,0.05,0.05
Marvin Friedrich,de GER,DF,Union Berlin,25,1995,13,13,1 169,13.0,0,0,0,0,0,0,4,1,01.janv,01.janv,0.9,01.sept,6,38,6,0.00,0.00,0.00,0.00,0.00,0.08,0.07,0.15,0.08,0.15
Jeremie Frimpong,nl NED,DF,Leverkusen,20,2000,25,25,2 052,22.août,1,6,7,1,0,0,6,0,0.6,0.6,04.févr,04.août,112,70,121,0.04,0.26,0.31,0.04,0.31,0.03,0.18,0.21,0.03,0.21
Christian Früchtl,de GER,GK,Bayern Munich,21,2000,1,0,10,0.1,0,0,0,0,0,0,0,0,0.0,0.0,0.0,0.0,0,0,0,0.00,0.00,0.00,0.00,0.00,0.00,0.00,0.00,0.00,0.00
Chris Führich,de GER,FW MF,Stuttgart,23,1998,25,21,1 714,19.0,3,2,5,3,0,0,3,0,03.févr,03.févr,04.févr,07.avr,61,69,102,0.16,0.11,0.26,0.16,0.26,0.17,0.22,0.39,0.17,0.39
Marius Funk,de GER,GK,Greuther Fürth,25,1996,8,8,720,8.0,0,0,0,0,0,0,0,0,0.0,0.0,0.2,0.2,0,0,0,0.00,0.00,0.00,0.00,0.00,0.00,0.02,0.02,0.00,0.02
Stephan Fürstner,de GER,MF,Mainz 05,33,1987,1,0,5,0.1,0,0,0,0,0,0,0,0,0.0,0.0,0.0,0.0,0,1,0,0.00,0.00,0.00,0.00,0.00,0.00,0.00,0.00,0.00,0.00
Mijat Gaćinović,rs SRB,FW MF,Hoffenheim,26,1995,4,1,110,01.févr,0,0,0,0,0,0,1,0,0.1,0.1,0.0,0.1,1,2,2,0.00,0.00,0.00,0.00,0.00,0.11,0.00,0.11,0.11,0.11
Cristian Gamboa,cr CRC,DF,Bochum,31,1989,23,20,1 722,19.janv,1,0,1,1,0,0,6,0,0.1,0.1,0.9,1.0,34,74,19,0.05,0.00,0.05,0.05,0.05,0.00,0.05,0.05,0.00,0.05
Silvère Ganvoula M'Boussy,cg CGO,FW,Bochum,25,1996,9,0,153,01.juil,0,0,0,0,0,0,0,0,0.8,0.8,0.0,0.8,3,7,9,0.00,0.00,0.00,0.00,0.00,0.47,0.00,0.47,0.47,0.47
Linus Gechter,de GER,DF,Hertha BSC,17,2004,13,6,716,8.0,1,0,1,1,0,0,0,0,0.5,0.5,0.2,0.8,7,28,2,0.13,0.00,0.13,0.13,0.13,0.07,0.03,0.10,0.07,0.10
Dennis Geiger,de GER,MF,Hoffenheim,23,1998,20,17,1 377,15.mars,2,2,4,2,0,0,6,0,0.9,0.9,02.févr,03.févr,16,85,22,0.13,0.13,0.26,0.13,0.26,0.06,0.15,0.21,0.06,0.21
Yannick Gerhardt,de GER,MF DF,Wolfsburg,27,1994,27,17,1 574,17.mai,1,3,4,1,0,0,2,0,02.févr,02.févr,01.mai,03.juil,42,90,79,0.06,0.17,0.23,0.06,0.23,0.12,0.09,0.21,0.12,0.21
Hamadi Al Ghaddioui,ma MAR,FW,Stuttgart,30,1990,10,7,498,05.mai,2,2,4,2,0,0,2,0,01.juil,01.juil,1.0,02.juil,3,5,29,0.36,0.36,0.72,0.36,0.72,0.31,0.18,0.49,0.31,0.49
Niko Gießelmann,de GER,DF FW,Union Berlin,29,1991,28,25,2 083,23.janv,3,6,9,3,0,0,3,0,03.avr,03.avr,01.juin,5.0,19,80,81,0.13,0.26,0.39,0.13,0.39,0.14,0.07,0.22,0.14,0.22
Rafał Gikiewicz,pl POL,GK,Augsburg,33,1987,34,34,3 06,34.0,0,0,0,0,0,0,0,0,0.0,0.0,0.1,0.1,0,0,0,0.00,0.00,0.00,0.00,0.00,0.00,0.00,0.00,0.00,0.00
Daniel Ginczek,de GER,MF FW,Wolfsburg,30,1991,2,0,13,0.1,0,0,0,0,0,0,0,0,0.1,0.1,0.0,0.1,0,0,1,0.00,0.00,0.00,0.00,0.00,0.82,0.00,0.82,0.82,0.82
Matthias Ginter,de GER,DF,Gladbach,27,1994,28,27,2 355,26.févr,1,0,1,1,0,0,2,0,2.0,2.0,01.août,03.sept,36,125,40,0.04,0.00,0.04,0.04,0.04,0.08,0.07,0.15,0.08,0.15
Player,Nation,Pos,Squad,Age,Born,MP,Starts,Min,90s,Gls,Ast,G+A,G-PK,PK,PKatt,CrdY,CrdR,xG,npxG,xAG,npxG+xAG,PrgC,PrgP,PrgR,Gls,Ast,G+A,G-PK,G+A-PK,xG,xAG,xG+xAG,npxG,npxG+xAG
Jamie Gittens,eng ENG,FW,Dortmund,16,2004,4,1,134,01.mai,0,0,0,0,0,0,0,0,0.4,0.4,0.1,0.5,8,7,18,0.00,0.00,0.00,0.00,0.00,0.26,0.07,0.34,0.26,0.34
Serge Gnabry,de GER,FW DF,Bayern Munich,26,1995,34,25,2 185,24.mars,14,5,19,14,0,0,0,0,08.mai,08.mai,08.avr,16.sept,100,127,313,0.58,0.21,0.78,0.58,0.78,0.35,0.35,0.70,0.35,0.70
Leon Goretzka,de GER,MF,Bayern Munich,26,1995,19,19,1 396,15.mai,3,3,6,3,0,0,0,0,04.janv,04.janv,02.mars,06.avr,25,98,71,0.19,0.19,0.39,0.19,0.39,0.26,0.15,0.41,0.26,0.41
Jeffrey Gouweleeuw,nl NED,DF,Augsburg,30,1991,29,29,2 576,28.juin,2,0,2,1,1,1,9,0,2.0,01.févr,01.janv,02.févr,19,80,10,0.07,0.00,0.07,0.03,0.03,0.07,0.04,0.10,0.04,0.08
Jens Grahl,de GER,GK,Eint Frankfurt,32,1988,1,1,90,1.0,0,0,0,0,0,0,0,0,0.0,0.0,0.0,0.0,0,0,0,0.00,0.00,0.00,0.00,0.00,0.00,0.00,0.00,0.00,0.00
Julian Green,us USA,MF,Greuther Fürth,26,1995,24,12,1 054,11.juil,0,0,0,0,0,0,2,0,0.6,0.6,0.6,01.févr,29,44,46,0.00,0.00,0.00,0.00,0.00,0.05,0.05,0.10,0.05,0.10
Michael Gregoritsch,at AUT,FW MF,Augsburg,27,1994,25,15,1 392,15.mai,9,0,9,8,1,1,3,0,05.janv,04.avr,0.9,05.mars,13,36,67,0.58,0.00,0.58,0.52,0.52,0.33,0.06,0.39,0.28,0.34
Sebastian Griesbeck,de GER,DF MF,Greuther Fürth,30,1990,29,28,2 439,27.janv,1,0,1,1,0,0,7,0,0.6,0.6,0.1,0.7,3,50,3,0.04,0.00,0.04,0.04,0.04,0.02,0.00,0.03,0.02,0.03
Sebastian Griesbeck,de GER,MF,Union Berlin,30,1990,1,0,9,0.1,0,0,0,0,0,0,0,0,0.0,0.0,0.0,0.0,0,1,0,0.00,0.00,0.00,0.00,0.00,0.00,0.00,0.00,0.00,0.00
Vincenzo Grifo,it ITA,MF FW,Freiburg,28,1993,34,33,2 775,30.août,9,7,16,4,5,6,0,0,08.juil,4.0,07.mai,11.avr,54,147,165,0.29,0.23,0.52,0.13,0.36,0.28,0.24,0.52,0.13,0.37
Lennart Grill,de GER,GK,Leverkusen,22,1999,1,1,90,1.0,0,0,0,0,0,0,0,0,0.0,0.0,0.0,0.0,0,0,0,0.00,0.00,0.00,0.00,0.00,0.00,0.00,0.00,0.00,0.00
Florian Grillitsch,at AUT,DF MF,Hoffenheim,25,1995,18,16,1 496,16.juin,0,0,0,0,0,0,7,0,0.6,0.6,0.5,01.janv,22,110,15,0.00,0.00,0.00,0.00,0.00,0.03,0.03,0.06,0.03,0.06
Carlos Gruezo,ec ECU,MF,Augsburg,26,1995,17,9,970,10.août,0,0,0,0,0,0,7,0,0.4,0.4,0.1,0.5,3,34,6,0.00,0.00,0.00,0.00,0.00,0.04,0.01,0.04,0.04,0.04
Raphaël Guerreiro,pt POR,DF,Dortmund,27,1993,23,21,1 795,19.sept,4,2,6,3,1,1,1,0,02.sept,02.janv,02.janv,04.févr,61,118,95,0.20,0.10,0.30,0.15,0.25,0.14,0.10,0.25,0.10,0.21
Josuha Guilavogui,fr FRA,MF DF,Wolfsburg,30,1990,15,10,942,10.mai,0,0,0,0,0,0,4,0,0.5,0.5,0.1,0.6,3,42,9,0.00,0.00,0.00,0.00,0.00,0.05,0.01,0.06,0.05,0.06
Péter Gulácsi,hu HUN,GK,RB Leipzig,31,1990,33,33,2 967,33.0,0,0,0,0,0,0,1,0,0.0,0.0,0.0,0.0,0,6,0,0.00,0.00,0.00,0.00,0.00,0.00,0.00,0.00,0.00,0.00
Manuel Gulde,de GER,DF,Freiburg,30,1991,20,14,1 225,13.juin,0,0,0,0,0,0,2,0,0.0,0.0,0.0,0.0,2,31,0,0.00,0.00,0.00,0.00,0.00,0.00,0.00,0.00,0.00,0.00
Robert Gumny,pl POL,DF,Augsburg,23,1998,28,27,2 272,25.févr,0,0,0,0,0,0,3,0,0.2,0.2,0.5,0.7,34,75,41,0.00,0.00,0.00,0.00,0.00,0.01,0.02,0.03,0.01,0.03
Christian Günter,de GER,DF MF,Freiburg,28,1993,34,34,3 06,34.0,2,9,11,2,0,0,2,0,0.8,0.8,07.janv,07.sept,57,120,179,0.06,0.26,0.32,0.06,0.32,0.02,0.21,0.23,0.02,0.23
Lasse Günther,de GER,DF,Augsburg,18,2003,5,1,161,01.août,0,0,0,0,0,0,1,0,0.1,0.1,0.0,0.1,3,5,3,0.00,0.00,0.00,0.00,0.00,0.04,0.02,0.06,0.04,0.06
Joško Gvardiol,hr CRO,DF,RB Leipzig,19,2002,29,28,2 409,26.août,2,2,4,2,0,0,7,0,02.mai,02.mai,01.sept,04.avr,47,157,25,0.07,0.07,0.15,0.07,0.15,0.09,0.07,0.16,0.09,0.16
Erling Haaland,no NOR,FW,Dortmund,21,2000,24,21,1 911,21.févr,22,8,30,16,6,6,3,0,17.sept,13.févr,05.avr,18.juin,40,41,137,01.avr,0.38,janv.41,0.75,janv.13,0.84,0.25,01.oct,0.62,0.88
Janik Haberer,de GER,MF,Freiburg,27,1994,26,7,818,09.janv,3,0,3,3,0,0,1,0,01.janv,01.janv,0.1,01.févr,4,31,17,0.33,0.00,0.33,0.33,0.33,0.12,0.01,0.13,0.12,0.13
Alexander Hack,de GER,DF,Mainz 05,27,1993,28,24,2 074,23.0,3,1,4,3,0,0,6,1,02.août,02.août,01.févr,4.0,5,74,7,0.13,0.04,0.17,0.13,0.17,0.12,0.05,0.17,0.12,0.17
Robin Hack,de GER,FW MF,Arminia,22,1998,30,13,1 364,15.févr,0,3,3,0,0,0,2,0,01.sept,01.sept,01.avr,03.mars,32,55,83,0.00,0.20,0.20,0.00,0.20,0.12,0.09,0.22,0.12,0.22
Player,Nation,Pos,Squad,Age,Born,MP,Starts,Min,90s,Gls,Ast,G+A,G-PK,PK,PKatt,CrdY,CrdR,xG,npxG,xAG,npxG+xAG,PrgC,PrgP,PrgR,Gls,Ast,G+A,G-PK,G+A-PK,xG,xAG,xG+xAG,npxG,npxG+xAG
André Hahn,de GER,MF FW,Augsburg,30,1990,32,25,2 101,23.mars,5,2,7,5,0,0,5,0,02.sept,02.sept,02.janv,5.0,25,31,95,0.21,0.09,0.30,0.21,0.30,0.12,0.09,0.21,0.12,0.21
Amadou Haidara,ml MLI,MF,RB Leipzig,23,1998,20,15,1 326,14.juil,3,1,4,3,0,0,2,0,01.févr,01.févr,0.7,2.0,12,99,18,0.20,0.07,0.27,0.20,0.27,0.08,0.05,0.13,0.08,0.13
Marcel Halstenberg,de GER,DF,RB Leipzig,29,1991,8,5,507,05.juin,1,0,1,1,0,0,0,0,0.3,0.3,0.4,0.7,5,24,8,0.18,0.00,0.18,0.18,0.18,0.06,0.07,0.13,0.06,0.13
Genki Haraguchi,jp JPN,MF,Union Berlin,30,1991,30,23,1 755,19.mai,2,6,8,2,0,0,2,0,02.janv,02.janv,01.juin,03.juil,40,67,45,0.10,0.31,0.41,0.10,0.41,0.11,0.08,0.19,0.11,0.19
Luis Hartwig,de GER,FW,Bochum,18,2002,1,0,2,0.0,0,0,0,0,0,0,0,0,0.0,0.0,0.0,0.0,0,0,0,0.00,0.00,0.00,0.00,0.00,0.00,0.00,0.00,0.00,0.00
Makoto Hasebe,jp JPN,DF,Eint Frankfurt,37,1984,18,12,1 187,13.févr,0,0,0,0,0,0,1,0,0.0,0.0,0.4,0.4,10,63,2,0.00,0.00,0.00,0.00,0.00,0.00,0.03,0.03,0.00,0.03
Thorgan Hazard,be BEL,FW DF,Dortmund,28,1993,23,14,1 337,14.sept,4,1,5,4,0,0,2,0,02.juin,02.juin,2.0,04.juin,37,44,131,0.27,0.07,0.34,0.27,0.34,0.18,0.14,0.31,0.18,0.31
Jonas Hector,de GER,DF,Köln,31,1990,30,30,2 553,28.avr,0,6,6,0,0,0,3,0,01.janv,01.janv,04.mars,05.mai,64,134,126,0.00,0.21,0.21,0.00,0.21,0.04,0.15,0.19,0.04,0.19
Hwang Hee-chan,kr KOR,FW,RB Leipzig,25,1996,2,0,49,0.5,0,0,0,0,0,0,0,0,0.2,0.2,0.0,0.2,2,0,4,0.00,0.00,0.00,0.00,0.00,0.38,0.00,0.38,0.38,0.38
Dominique Heintz,de GER,DF,Union Berlin,27,1993,7,7,467,05.févr,0,0,0,0,0,0,0,0,0.2,0.2,0.0,0.2,5,24,4,0.00,0.00,0.00,0.00,0.00,0.04,0.00,0.05,0.04,0.05
Dominique Heintz,de GER,DF,Freiburg,27,1993,1,0,29,0.3,0,0,0,0,0,0,0,0,0.0,0.0,0.0,0.0,0,0,0,0.00,0.00,0.00,0.00,0.00,0.00,0.00,0.00,0.00,0.00
Benjamin Henrichs,de GER,DF,RB Leipzig,24,1997,22,12,1 143,12.juil,3,3,6,3,0,0,3,0,01.mars,01.mars,02.mai,03.août,24,60,87,0.24,0.24,0.47,0.24,0.47,0.11,0.20,0.30,0.11,0.30
Lucas Hernández,fr FRA,DF,Bayern Munich,25,1996,25,25,2 03,22.juin,0,1,1,0,0,0,7,0,0.4,0.4,0.4,0.9,47,193,32,0.00,0.04,0.04,0.00,0.04,0.02,0.02,0.04,0.02,0.04
Patrick Herrmann,de GER,DF FW,Gladbach,30,1991,23,5,754,08.avr,0,4,4,0,0,0,1,0,01.janv,01.janv,01.mars,02.mars,19,19,88,0.00,0.48,0.48,0.00,0.48,0.13,0.15,0.28,0.13,0.28
Piero Hincapié,ec ECU,DF,Leverkusen,19,2002,27,20,1 754,19.mai,1,2,3,1,0,0,5,0,0.6,0.6,01.févr,01.août,43,73,34,0.05,0.10,0.15,0.05,0.15,0.03,0.06,0.09,0.03,0.09
Martin Hinteregger,at AUT,DF,Eint Frankfurt,28,1992,27,25,2 222,24.juil,1,0,1,1,0,0,6,0,01.févr,01.févr,0.7,01.sept,5,78,4,0.04,0.00,0.04,0.04,0.04,0.05,0.03,0.08,0.05,0.08
Marwin Hitz,ch SUI,GK,Dortmund,33,1987,5,4,405,04.mai,0,0,0,0,0,0,0,0,0.0,0.0,0.0,0.0,0,0,0,0.00,0.00,0.00,0.00,0.00,0.00,0.00,0.00,0.00,0.00
Nicolas Höfler,de GER,MF,Freiburg,31,1990,30,30,2 6,28.sept,2,4,6,2,0,0,5,0,02.janv,02.janv,01.août,03.août,15,135,17,0.07,0.14,0.21,0.07,0.21,0.07,0.06,0.13,0.07,0.13
Jonas Hofmann,de GER,MF FW,Gladbach,29,1992,26,24,2 078,23.janv,12,5,17,12,0,0,1,0,08.janv,08.janv,06.juin,14.juil,60,95,161,0.52,0.22,0.74,0.52,0.74,0.35,0.28,0.63,0.35,0.63
Lucas Höler,de GER,FW,Freiburg,27,1994,34,30,2 583,28.juil,7,2,9,7,0,0,2,0,09.janv,09.janv,03.mai,12.juin,33,85,208,0.24,0.07,0.31,0.24,0.31,0.32,0.12,0.44,0.32,0.44
Gerrit Holtmann,ph PHI,FW MF,Bochum,26,1995,29,23,1 84,20.avr,5,4,9,5,0,0,0,0,03.juil,03.juil,04.sept,08.juin,81,43,132,0.24,0.20,0.44,0.24,0.44,0.19,0.25,0.44,0.19,0.44
Justin Hoogma,nl NED,DF,Greuther Fürth,23,1998,3,3,270,3.0,0,0,0,0,0,0,1,0,0.0,0.0,0.0,0.0,0,5,0,0.00,0.00,0.00,0.00,0.00,0.01,0.01,0.01,0.01,0.01
Jannes Horn,de GER,DF,Köln,24,1997,11,3,478,05.mars,0,0,0,0,0,0,2,0,0.1,0.1,0.5,0.6,18,21,25,0.00,0.00,0.00,0.00,0.00,0.01,0.10,0.11,0.01,0.11
Timo Horn,de GER,GK,Köln,28,1993,13,13,1 17,13.0,0,0,0,0,0,0,0,0,0.0,0.0,0.0,0.0,0,0,0,0.00,0.00,0.00,0.00,0.00,0.00,0.00,0.00,0.00,0.00
Lukáš Hrádecký,fi FIN,GK,Leverkusen,31,1989,32,32,2 88,32.0,0,0,0,0,0,0,1,0,0.0,0.0,0.0,0.0,0,1,1,0.00,0.00,0.00,0.00,0.00,0.00,0.00,0.00,0.00,0.00
Player,Nation,Pos,Squad,Age,Born,MP,Starts,Min,90s,Gls,Ast,G+A,G-PK,PK,PKatt,CrdY,CrdR,xG,npxG,xAG,npxG+xAG,PrgC,PrgP,PrgR,Gls,Ast,G+A,G-PK,G+A-PK,xG,xAG,xG+xAG,npxG,npxG+xAG
Branimir Hrgota,se SWE,FW,Greuther Fürth,28,1993,34,33,2 777,30.sept,9,5,14,4,5,5,4,0,09.janv,05.janv,04.janv,09.mars,51,87,200,0.29,0.16,0.45,0.13,0.29,0.29,0.13,0.43,0.17,0.30
Ajdin Hrustic,au AUS,MF,Eint Frankfurt,25,1996,23,9,964,10.juil,2,0,2,2,0,0,2,0,01.févr,01.févr,0.6,01.sept,12,59,42,0.19,0.00,0.19,0.19,0.19,0.12,0.06,0.18,0.12,0.18
Timo Hübers,de GER,DF,Köln,25,1996,20,20,1 74,19.mars,1,0,1,1,0,0,7,0,01.mars,01.mars,0.0,01.mars,8,77,5,0.05,0.00,0.05,0.05,0.05,0.07,0.00,0.07,0.07,0.07
Benjamin Hübner,de GER,DF,Hoffenheim,32,1989,5,5,375,04.févr,1,0,1,1,0,0,2,0,01.janv,01.janv,0.0,01.janv,5,22,2,0.24,0.00,0.24,0.24,0.24,0.26,0.00,0.26,0.26,0.26
Mats Hummels,de GER,DF,Dortmund,32,1988,23,20,1 765,19.juin,1,2,3,1,0,0,4,0,0.9,0.9,0.7,01.juin,18,78,4,0.05,0.10,0.15,0.05,0.15,0.05,0.04,0.08,0.05,0.08
Iago,br BRA,DF,Augsburg,24,1997,28,26,2 174,24.févr,2,5,7,2,0,0,3,0,0.9,0.9,02.sept,03.sept,59,84,102,0.08,0.21,0.29,0.08,0.29,0.04,0.12,0.16,0.04,0.16
Stefan Ilsanker,at AUT,DF MF,Eint Frankfurt,32,1989,12,3,266,3.0,0,0,0,0,0,0,1,0,0.2,0.2,0.0,0.2,0,8,0,0.00,0.00,0.00,0.00,0.00,0.08,0.00,0.08,0.08,0.08
Burak İnce,tr TUR,FW,Arminia,17,2004,5,1,139,01.mai,0,0,0,0,0,0,0,0,0.5,0.5,0.0,0.6,4,1,12,0.00,0.00,0.00,0.00,0.00,0.34,0.02,0.36,0.34,0.36
Marcus Ingvartsen,dk DEN,MF,Union Berlin,25,1996,2,2,122,01.avr,0,0,0,0,0,0,0,0,0.1,0.1,0.0,0.1,0,1,4,0.00,0.00,0.00,0.00,0.00,0.05,0.00,0.05,0.05,0.05
Marcus Ingvartsen,dk DEN,FW MF,Mainz 05,25,1996,26,6,680,07.juin,6,0,6,5,1,1,2,0,03.mars,02.mai,0.4,02.sept,10,18,51,0.79,0.00,0.79,0.66,0.66,0.43,0.05,0.49,0.33,0.39
Hiroki Ito,jp JPN,DF,Stuttgart,22,1999,29,26,2 348,26.janv,1,1,2,1,0,0,2,0,0.5,0.5,01.janv,01.juil,21,120,22,0.04,0.04,0.08,0.04,0.08,0.02,0.04,0.06,0.02,0.06
Cedric Itten,ch SUI,FW,Greuther Fürth,24,1996,12,7,635,07.janv,2,0,2,2,0,0,1,0,02.juin,02.juin,0.1,02.juil,8,10,46,0.28,0.00,0.28,0.28,0.28,0.37,0.01,0.38,0.37,0.38
Gian-Luca Itter,de GER,DF,Greuther Fürth,22,1999,24,16,1 455,16.févr,0,1,1,0,0,0,3,0,0.3,0.3,0.8,01.janv,28,57,40,0.00,0.06,0.06,0.00,0.06,0.02,0.05,0.07,0.02,0.07
Lee Jae-sung,kr KOR,MF FW,Mainz 05,28,1992,27,19,1 436,16.0,4,3,7,4,0,0,3,0,03.févr,03.févr,01.juin,04.août,21,68,93,0.25,0.19,0.44,0.25,0.44,0.20,0.10,0.30,0.20,0.30
Paul Jaeckel,de GER,DF,Union Berlin,23,1998,24,22,2 047,22.juil,0,0,0,0,0,0,5,0,0.1,0.1,0.6,0.6,13,71,5,0.00,0.00,0.00,0.00,0.00,0.00,0.02,0.03,0.00,0.03
Kristijan Jakić,hr CRO,MF,Eint Frankfurt,24,1997,26,21,1 879,20.sept,1,0,1,1,0,0,6,0,01.juil,01.juil,0.5,02.févr,23,90,27,0.05,0.00,0.05,0.05,0.05,0.08,0.02,0.10,0.08,0.10
Tony Jantschke,de GER,DF,Gladbach,31,1990,3,3,225,02.mai,0,0,0,0,0,0,0,0,0.1,0.1,0.0,0.1,2,6,1,0.00,0.00,0.00,0.00,0.00,0.02,0.00,0.02,0.02,0.02
Dennis Jastrzembski,pl POL,DF FW,Hertha BSC,21,2000,8,1,225,02.mai,0,0,0,0,0,0,1,0,0.1,0.1,0.7,0.8,9,6,21,0.00,0.00,0.00,0.00,0.00,0.02,0.28,0.30,0.02,0.30
Fredrik Jensen,fi FIN,MF FW,Augsburg,23,1997,12,2,418,04.juin,0,1,1,0,0,0,0,0,0.2,0.2,0.6,0.8,10,10,21,0.00,0.22,0.22,0.00,0.22,0.04,0.13,0.17,0.04,0.17
Marco John,de GER,DF,Hoffenheim,19,2002,2,0,42,0.5,0,0,0,0,0,0,0,0,0.0,0.0,0.0,0.0,2,4,2,0.00,0.00,0.00,0.00,0.00,0.00,0.00,0.00,0.00,0.00
Stevan Jovetić,me MNE,FW MF,Hertha BSC,31,1989,18,13,1 017,11.mars,6,1,7,6,0,0,3,0,04.avr,04.avr,01.juin,05.sept,28,47,70,0.53,0.09,0.62,0.53,0.62,0.39,0.14,0.52,0.39,0.52
Gideon Jung,de GER,DF,Greuther Fürth,26,1994,5,1,142,01.juin,0,0,0,0,0,0,0,0,0.0,0.0,0.0,0.0,2,4,0,0.00,0.00,0.00,0.00,0.00,0.00,0.00,0.00,0.00,0.00
Anton Kade,de GER,FW MF,Hertha BSC,17,2004,4,0,77,0.9,0,0,0,0,0,0,0,0,0.3,0.3,0.0,0.3,2,1,5,0.00,0.00,0.00,0.00,0.00,0.31,0.00,0.31,0.31,0.31
Pavel Kadeřábek,cz CZE,DF MF,Hoffenheim,29,1992,19,14,1 195,13.mars,1,2,3,1,0,0,5,0,02.mars,02.mars,02.sept,05.mars,27,56,104,0.08,0.15,0.23,0.08,0.23,0.18,0.22,0.40,0.18,0.40
Florian Kainz,at AUT,MF FW,Köln,28,1992,32,31,2 32,25.août,4,4,8,4,0,0,3,1,03.mai,03.mai,05.mars,08.sept,63,145,175,0.16,0.16,0.31,0.16,0.31,0.14,0.21,0.34,0.14,0.34
Player,Nation,Pos,Squad,Age,Born,MP,Starts,Min,90s,Gls,Ast,G+A,G-PK,PK,PKatt,CrdY,CrdR,xG,npxG,xAG,npxG+xAG,PrgC,PrgP,PrgR,Gls,Ast,G+A,G-PK,G+A-PK,xG,xAG,xG+xAG,npxG,npxG+xAG
Sasa Kalajdzic,at AUT,FW,Stuttgart,24,1997,15,13,1 221,13.juin,6,1,7,5,1,2,2,0,06.juin,5.0,02.mai,07.mai,14,26,78,0.44,0.07,0.52,0.37,0.44,0.49,0.18,0.67,0.37,0.55
Daichi Kamada,jp JPN,MF,Eint Frankfurt,24,1996,32,23,2 139,23.août,4,3,7,4,0,0,0,0,04.juin,04.juin,02.août,07.mars,57,128,142,0.17,0.13,0.29,0.17,0.29,0.19,0.12,0.31,0.19,0.31
Kevin Kampl,si SVN,MF,RB Leipzig,30,1990,27,25,1 899,21.janv,0,1,1,0,0,0,4,0,0.4,0.4,01.sept,02.mars,39,147,35,0.00,0.05,0.05,0.00,0.05,0.02,0.09,0.11,0.02,0.11
Stefanos Kapino,gr GRE,GK,Arminia,27,1994,1,1,90,1.0,0,0,0,0,0,0,0,0,0.0,0.0,0.0,0.0,0,0,0,0.00,0.00,0.00,0.00,0.00,0.00,0.00,0.00,0.00,0.00
Atakan Karazor,,MF,Stuttgart,24,1996,24,23,1 898,21.janv,0,1,1,0,0,0,9,1,0.3,0.3,01.févr,01.mai,11,82,24,0.00,0.05,0.05,0.00,0.05,0.01,0.06,0.07,0.01,0.07
Silas Katompa,cd COD,FW MF,Stuttgart,22,1998,9,3,277,03.janv,0,0,0,0,0,0,0,0,0.0,0.0,0.0,0.0,10,2,21,0.00,0.00,0.00,0.00,0.00,0.01,0.00,0.01,0.01,0.01
Noah Katterbach,de GER,DF,Köln,20,2001,1,0,16,0.2,0,0,0,0,0,0,0,0,0.0,0.0,0.0,0.0,0,0,1,0.00,0.00,0.00,0.00,0.00,0.00,0.00,0.00,0.00,0.00
Yannik Keitel,de GER,MF,Freiburg,21,2000,12,5,504,05.juin,0,0,0,0,0,0,1,0,1.0,1.0,0.1,01.janv,3,17,3,0.00,0.00,0.00,0.00,0.00,0.18,0.02,0.19,0.18,0.19
Marc-Oliver Kempf,de GER,DF,Hertha BSC,26,1995,12,12,1 051,11.juil,0,1,1,0,0,0,1,1,0.7,0.7,0.5,01.févr,9,35,2,0.00,0.09,0.09,0.00,0.09,0.06,0.04,0.10,0.06,0.10
Marc-Oliver Kempf,de GER,DF,Stuttgart,26,1995,12,10,840,09.mars,3,0,3,3,0,0,2,0,01.janv,01.janv,0.6,01.juil,11,56,6,0.32,0.00,0.32,0.32,0.32,0.11,0.07,0.18,0.11,0.18
Rani Khedira,de GER,MF,Union Berlin,27,1994,32,32,2 757,30.juin,0,1,1,0,0,0,6,0,1.0,1.0,0.7,01.juil,17,91,42,0.00,0.03,0.03,0.00,0.03,0.03,0.02,0.06,0.03,0.06
Luca Kilian,de GER,FW,Mainz 05,21,1999,1,0,1,0.0,0,0,0,0,0,0,0,0,0.0,0.0,0.0,0.0,0,0,0,0.00,0.00,0.00,0.00,0.00,0.00,0.00,0.00,0.00,0.00
Luca Kilian,de GER,DF,Köln,21,1999,30,25,2 281,25.mars,1,0,1,1,0,0,3,0,01.mars,01.mars,0.1,01.avr,10,78,5,0.04,0.00,0.04,0.04,0.04,0.05,0.00,0.06,0.05,0.06
Joshua Kimmich,de GER,MF,Bayern Munich,26,1995,28,28,2 474,27.mai,3,9,12,3,0,0,4,0,02.mars,02.mars,08.juil,11.0,43,292,53,0.11,0.33,0.44,0.11,0.44,0.08,0.32,0.40,0.08,0.40
Philipp Klement,de GER,MF,Stuttgart,28,1992,6,3,338,03.août,1,0,1,1,0,0,0,0,0.3,0.3,1.0,01.mars,8,28,17,0.27,0.00,0.27,0.27,0.27,0.07,0.27,0.34,0.07,0.34
Mateo Klimowicz,de GER,MF FW,Stuttgart,21,2000,15,7,603,06.juil,0,1,1,0,0,0,2,0,0.8,0.8,0.4,01.févr,14,30,25,0.00,0.15,0.15,0.00,0.15,0.12,0.05,0.17,0.12,0.17
Fabian Klos,de GER,FW,Arminia,33,1987,25,14,1 42,15.août,3,1,4,1,2,2,2,1,04.juin,3.0,1.0,4.0,13,43,74,0.19,0.06,0.25,0.06,0.13,0.29,0.07,0.36,0.19,0.26
Lukas Klostermann,de GER,DF,RB Leipzig,25,1996,23,17,1 648,18.mars,0,1,1,0,0,0,1,0,0.4,0.4,0.8,01.mars,17,70,26,0.00,0.05,0.05,0.00,0.05,0.02,0.05,0.07,0.02,0.07
Lukas Klünter,de GER,DF,Hertha BSC,25,1996,5,2,194,02.févr,0,0,0,0,0,0,1,0,0.0,0.0,0.4,0.4,3,10,7,0.00,0.00,0.00,0.00,0.00,0.00,0.17,0.17,0.00,0.17
Ansgar Knauff,de GER,FW MF,Dortmund,19,2002,5,0,114,01.mars,0,0,0,0,0,0,0,0,0.0,0.0,0.1,0.1,4,2,12,0.00,0.00,0.00,0.00,0.00,0.03,0.08,0.11,0.03,0.11
Ansgar Knauff,de GER,DF MF,Eint Frankfurt,19,2002,12,8,759,08.avr,1,1,2,1,0,0,0,0,0.5,0.5,01.janv,01.juin,39,32,45,0.12,0.12,0.24,0.12,0.24,0.06,0.13,0.19,0.06,0.19
Robin Knoche,de GER,DF,Union Berlin,29,1992,33,33,2 97,33.0,0,0,0,0,0,0,6,0,0.5,0.5,0.2,0.7,14,102,3,0.00,0.00,0.00,0.00,0.00,0.02,0.00,0.02,0.02,0.02
Gregor Kobel,ch SUI,GK,Dortmund,23,1997,29,29,2 565,28.mai,0,0,0,0,0,0,0,0,0.0,0.0,0.0,0.0,0,1,0,0.00,0.00,0.00,0.00,0.00,0.00,0.00,0.00,0.00,0.00
Dominik Kohr,de GER,MF,Mainz 05,27,1994,22,19,1 614,17.sept,0,3,3,0,0,0,10,2,01.mars,01.mars,01.févr,02.juin,15,100,30,0.00,0.17,0.17,0.00,0.17,0.07,0.07,0.14,0.07,0.14
Manu Koné,fr FRA,MF,Gladbach,20,2001,27,26,2 183,24.mars,2,0,2,2,0,0,10,0,01.mai,01.mai,0.5,2.0,41,109,36,0.08,0.00,0.08,0.08,0.08,0.07,0.02,0.09,0.07,0.09
Player,Nation,Pos,Squad,Age,Born,MP,Starts,Min,90s,Gls,Ast,G+A,G-PK,PK,PKatt,CrdY,CrdR,xG,npxG,xAG,npxG+xAG,PrgC,PrgP,PrgR,Gls,Ast,G+A,G-PK,G+A-PK,xG,xAG,xG+xAG,npxG,npxG+xAG
Odilon Kossounou,ci CIV,DF,Leverkusen,20,2001,27,20,1 793,19.sept,0,1,1,0,0,0,3,0,0.1,0.1,01.janv,01.mars,13,53,20,0.00,0.05,0.05,0.00,0.05,0.01,0.06,0.06,0.01,0.06
Filip Kostić,rs SRB,DF FW,Eint Frankfurt,28,1992,31,28,2 522,28.0,4,9,13,4,0,0,2,0,02.avr,02.avr,09.févr,11.juin,130,101,245,0.14,0.32,0.46,0.14,0.46,0.08,0.33,0.41,0.08,0.41
Andrej Kramarić,hr CRO,FW MF,Hoffenheim,30,1991,32,30,2 707,30.janv,6,9,15,6,0,0,2,0,12.juin,12.juin,8.0,20.juin,96,134,229,0.20,0.30,0.50,0.20,0.50,0.42,0.27,0.68,0.42,0.68
Christoph Kramer,de GER,MF,Gladbach,30,1991,18,7,748,08.mars,0,0,0,0,0,0,1,0,0.3,0.3,0.3,0.7,3,46,10,0.00,0.00,0.00,0.00,0.00,0.04,0.04,0.08,0.04,0.08
Florian Krüger,de GER,FW MF,Arminia,22,1999,27,12,1 129,12.mai,1,2,3,1,0,0,0,0,01.févr,01.févr,01.mars,02.avr,21,19,72,0.08,0.16,0.24,0.08,0.24,0.10,0.10,0.20,0.10,0.20
Max Kruse,de GER,MF FW,Wolfsburg,33,1988,14,14,1 128,12.mai,7,1,8,5,2,2,0,0,06.janv,04.juin,01.août,06.avr,24,49,90,0.56,0.08,0.64,0.40,0.48,0.49,0.15,0.63,0.36,0.51
Max Kruse,de GER,FW MF,Union Berlin,33,1988,16,16,1 27,14.janv,5,4,9,2,3,3,1,0,04.juin,02.févr,04.janv,06.mars,18,62,90,0.35,0.28,0.64,0.14,0.43,0.32,0.29,0.62,0.16,0.45
Lukas Kübler,de GER,DF MF,Freiburg,28,1992,29,27,2 327,25.sept,2,0,2,2,0,0,2,0,01.mai,01.mai,1.0,02.juin,20,89,68,0.08,0.00,0.08,0.08,0.08,0.06,0.04,0.10,0.06,0.10
Fabian Kunze,de GER,MF,Arminia,23,1998,22,13,1 26,14.0,0,0,0,0,0,0,9,0,0.4,0.4,0.3,0.7,4,58,8,0.00,0.00,0.00,0.00,0.00,0.03,0.02,0.05,0.03,0.05
Maxence Lacroix,fr FRA,DF,Wolfsburg,21,2000,29,29,2 491,27.juil,0,0,0,0,0,0,5,3,01.mai,01.mai,0.9,02.mars,17,117,12,0.00,0.00,0.00,0.00,0.00,0.05,0.03,0.08,0.05,0.08
Konrad Laimer,at AUT,MF,RB Leipzig,24,1997,26,15,1 24,13.août,4,4,8,4,0,0,2,0,02.avr,02.avr,02.avr,04.juil,34,64,53,0.29,0.29,0.58,0.29,0.58,0.17,0.17,0.34,0.17,0.34
Stefan Lainer,at AUT,DF,Gladbach,28,1992,21,19,1 471,16.mars,1,2,3,1,0,0,2,0,0.7,0.7,02.janv,02.août,23,58,76,0.06,0.12,0.18,0.06,0.18,0.05,0.14,0.18,0.05,0.18
Vassilis Lambropoulos,gr GRE,DF,Bochum,31,1990,13,13,1 168,13.0,0,0,0,0,0,0,1,0,0.2,0.2,0.0,0.3,6,19,3,0.00,0.00,0.00,0.00,0.00,0.02,0.00,0.02,0.02,0.02
Sam Lammers,nl NED,FW MF,Eint Frankfurt,24,1997,15,5,517,05.juil,1,0,1,1,0,0,1,0,01.janv,01.janv,0.1,01.févr,2,16,27,0.17,0.00,0.17,0.17,0.17,0.19,0.03,0.21,0.19,0.21
Bryan Lasme,fr FRA,FW,Arminia,22,1998,23,7,877,09.juil,2,0,2,2,0,0,2,0,0.8,0.8,0.4,01.févr,21,7,67,0.21,0.00,0.21,0.21,0.21,0.08,0.04,0.12,0.08,0.12
Maxim Leitsch,de GER,DF,Bochum,23,1998,19,17,1 538,17.janv,1,0,1,1,0,0,2,0,01.janv,01.janv,0.5,01.juin,11,43,1,0.06,0.00,0.06,0.06,0.06,0.06,0.03,0.09,0.06,0.09
Tim Lemperle,de GER,FW MF,Köln,19,2002,13,0,149,01.juil,2,0,2,2,0,0,0,0,01.avr,01.avr,0.7,02.févr,8,4,19,janv.21,0.00,janv.21,janv.21,janv.21,0.87,0.45,janv.32,0.87,janv.32
Christopher Lenz,de GER,DF,Eint Frankfurt,26,1994,15,6,664,07.avr,0,1,1,0,0,0,6,0,0.1,0.1,1.0,01.janv,14,35,36,0.00,0.14,0.14,0.00,0.14,0.02,0.13,0.15,0.02,0.15
Robert Lewandowski,pl POL,FW,Bayern Munich,32,1988,34,34,2 946,32.7,35,3,38,30,5,5,2,0,33.2,29.mars,04.avr,33.7,46,81,268,01.juil,0.09,janv.16,0.92,01.janv,01.janv,0.13,janv.15,0.90,01.mars
Jamie Leweling,de GER,FW MF,Greuther Fürth,20,2001,33,22,1 959,21.août,5,1,6,5,0,0,3,0,4.0,4.0,01.juil,05.août,76,34,153,0.23,0.05,0.28,0.23,0.28,0.18,0.08,0.26,0.18,0.26
Philipp Lienhart,at AUT,DF,Freiburg,25,1996,32,32,2 87,31.9,5,0,5,5,0,0,2,0,03.mars,03.mars,0.7,03.sept,16,101,6,0.16,0.00,0.16,0.16,0.16,0.10,0.02,0.12,0.10,0.12
Andreas Linde,se SWE,GK,Greuther Fürth,28,1993,12,12,1 08,12.0,0,0,0,0,0,0,0,0,0.0,0.0,0.0,0.0,0,0,0,0.00,0.00,0.00,0.00,0.00,0.00,0.00,0.00,0.00,0.00
Jesper Lindstrøm,dk DEN,MF FW,Eint Frankfurt,21,2000,29,26,1 976,22.0,5,4,9,5,0,0,0,0,8.0,8.0,05.mai,13.mai,80,43,154,0.23,0.18,0.41,0.23,0.41,0.37,0.25,0.62,0.37,0.62
Dejan Ljubicic,at AUT,MF FW,Köln,23,1997,30,22,1 969,21.sept,3,1,4,3,0,0,4,0,01.août,01.août,02.juil,04.mai,60,97,136,0.14,0.05,0.18,0.14,0.18,0.08,0.13,0.21,0.08,0.21
Jürgen Locadia,cw CUW,FW MF,Bochum,27,1993,11,4,444,04.sept,2,1,3,1,1,1,0,0,01.juil,0.9,0.8,01.juil,6,16,25,0.41,0.20,0.61,0.20,0.41,0.35,0.16,0.51,0.19,0.35
Player,Nation,Pos,Squad,Age,Born,MP,Starts,Min,90s,Gls,Ast,G+A,G-PK,PK,PKatt,CrdY,CrdR,xG,npxG,xAG,npxG+xAG,PrgC,PrgP,PrgR,Gls,Ast,G+A,G-PK,G+A-PK,xG,xAG,xG+xAG,npxG,npxG+xAG
Anthony Losilla,fr FRA,MF,Bochum,35,1986,33,33,2 935,32.6,2,0,2,2,0,0,5,0,02.févr,02.févr,0.7,02.sept,14,96,25,0.06,0.00,0.06,0.06,0.06,0.07,0.02,0.09,0.07,0.09
Marcel Lotka,pl POL,GK,Hertha BSC,20,2001,10,9,885,09.août,0,0,0,0,0,0,1,0,0.0,0.0,0.0,0.0,0,0,0,0.00,0.00,0.00,0.00,0.00,0.00,0.00,0.00,0.00,0.00
Eduard Löwen,de GER,MF,Bochum,24,1997,26,15,1 416,15.juil,2,2,4,1,1,1,0,0,02.sept,02.janv,04.janv,06.févr,20,67,64,0.13,0.13,0.25,0.06,0.19,0.20,0.27,0.47,0.14,0.42
Anderson Lucoqui,ao ANG,DF,Mainz 05,24,1997,13,9,743,08.mars,1,0,1,1,0,0,2,0,0.7,0.7,0.3,1.0,9,15,25,0.12,0.00,0.12,0.12,0.12,0.09,0.03,0.12,0.09,0.12
Dodi Lukebakio,be BEL,FW,Hertha BSC,23,1997,3,2,176,2.0,1,0,1,0,1,1,0,0,01.févr,0.4,0.0,0.4,5,2,7,0.51,0.00,0.51,0.00,0.00,0.59,0.00,0.59,0.19,0.19
Dodi Lukebakio,be BEL,FW MF,Wolfsburg,23,1997,19,7,882,09.août,1,2,3,1,0,0,2,0,02.juin,02.juin,02.avr,05.janv,38,23,80,0.10,0.20,0.31,0.10,0.31,0.27,0.25,0.52,0.27,0.52
Andrey Lunyov,ru RUS,GK,Leverkusen,29,1991,1,1,90,1.0,0,0,0,0,0,0,0,0,0.0,0.0,0.0,0.0,0,0,0,0.00,0.00,0.00,0.00,0.00,0.00,0.00,0.00,0.00,0.00
Andreas Luthe,de GER,GK,Union Berlin,34,1987,27,27,2 43,27.0,0,0,0,0,0,0,3,0,0.0,0.0,0.0,0.0,0,0,0,0.00,0.00,0.00,0.00,0.00,0.00,0.00,0.00,0.00,0.00
Matej Maglica,hr CRO,MF,Stuttgart,22,1998,1,0,6,0.1,0,0,0,0,0,0,0,0,0.0,0.0,0.0,0.0,0,0,1,0.00,0.00,0.00,0.00,0.00,0.00,0.00,0.00,0.00,0.00
Arne Maier,de GER,MF,Augsburg,22,1999,29,21,1 864,20.juil,1,6,7,1,0,0,0,0,01.mai,01.mai,03.mai,5.0,26,83,51,0.05,0.29,0.34,0.05,0.34,0.07,0.17,0.24,0.07,0.24
Donyell Malen,nl NED,FW,Dortmund,22,1999,27,20,1 684,18.juil,5,3,8,5,0,0,2,0,04.juin,04.juin,04.janv,08.juin,61,39,144,0.27,0.16,0.43,0.27,0.43,0.24,0.22,0.46,0.24,0.46
Lennard Maloney,us USA,DF,Dortmund,21,1999,2,0,9,0.1,0,0,0,0,0,0,0,0,0.0,0.0,0.0,0.0,0,1,0,0.00,0.00,0.00,0.00,0.00,0.00,0.40,0.40,0.00,0.40
Orel Mangala,be BEL,MF,Stuttgart,23,1998,28,22,1 853,20.juin,1,3,4,1,0,0,4,0,02.janv,02.janv,02.avr,04.mai,34,71,56,0.05,0.15,0.19,0.05,0.19,0.10,0.11,0.22,0.10,0.22
Myziane Maolida,km COM,FW MF,Hertha BSC,22,1999,14,9,776,08.juin,1,1,2,1,0,0,0,0,01.avr,01.avr,0.2,01.juin,26,20,53,0.12,0.12,0.23,0.12,0.23,0.16,0.03,0.18,0.16,0.18
Omar Marmoush,eg EGY,FW,Wolfsburg,22,1999,2,0,24,0.3,0,0,0,0,0,0,0,0,0.1,0.1,0.2,0.2,1,2,0,0.00,0.00,0.00,0.00,0.00,0.22,0.67,0.89,0.22,0.89
Omar Marmoush,eg EGY,FW,Stuttgart,22,1999,21,19,1 571,17.mai,3,5,8,3,0,1,3,0,05.janv,04.mars,2.0,06.mars,38,33,119,0.17,0.29,0.46,0.17,0.46,0.29,0.11,0.41,0.25,0.36
Aarón Martín,es ESP,DF,Mainz 05,24,1997,28,25,2 292,25.mai,1,1,2,1,0,0,7,0,1.0,1.0,5.0,05.sept,32,69,87,0.04,0.04,0.08,0.04,0.08,0.04,0.19,0.23,0.04,0.23
Josep Martinez,es ESP,GK,RB Leipzig,23,1998,1,1,90,1.0,0,0,0,0,0,0,0,0,0.0,0.0,0.0,0.0,0,0,0,0.00,0.00,0.00,0.00,0.00,0.00,0.00,0.00,0.00,0.00
Erhan Mašović,rs SRB,DF,Bochum,22,1998,20,17,1 552,17.févr,0,0,0,0,0,0,7,0,0.2,0.2,0.0,0.2,0,28,0,0.00,0.00,0.00,0.00,0.00,0.01,0.00,0.01,0.01,0.01
Roberto Massimo,de GER,DF FW,Stuttgart,20,2000,19,11,877,09.juil,2,0,2,2,0,0,0,0,02.févr,02.févr,01.mars,03.mai,25,11,75,0.21,0.00,0.21,0.21,0.21,0.23,0.13,0.36,0.23,0.36
Konstantinos Mavropanos,gr GRE,DF,Stuttgart,23,1997,31,31,2 705,30.janv,4,0,4,4,0,0,3,0,02.juil,02.juil,0.4,03.janv,33,124,18,0.13,0.00,0.13,0.13,0.13,0.09,0.01,0.10,0.09,0.10
Eric Maxim Choupo-Moting,cm CMR,FW MF,Bayern Munich,32,1989,20,1,377,04.févr,4,2,6,4,0,0,0,0,02.mars,02.mars,1.0,03.mars,7,15,36,0.95,0.48,janv.43,0.95,janv.43,0.55,0.24,0.79,0.55,0.79
Kevin Mbabu,ch SUI,DF,Wolfsburg,26,1995,24,14,1 391,15.mai,0,0,0,0,0,0,4,0,0.3,0.3,01.mars,01.juil,49,69,76,0.00,0.00,0.00,0.00,0.00,0.02,0.09,0.11,0.02,0.11
Nathan de Medina,be BEL,DF,Arminia,23,1997,19,7,775,08.juin,0,0,0,0,0,0,2,0,0.2,0.2,0.0,0.2,3,11,7,0.00,0.00,0.00,0.00,0.00,0.03,0.00,0.03,0.03,0.03
Admir Mehmedi,ch SUI,DF,Wolfsburg,30,1991,1,0,4,0.0,0,0,0,0,0,0,0,0,0.0,0.0,0.0,0.0,1,1,1,0.00,0.00,0.00,0.00,0.00,0.00,0.00,0.00,0.00,0.00
Player,Nation,Pos,Squad,Age,Born,MP,Starts,Min,90s,Gls,Ast,G+A,G-PK,PK,PKatt,CrdY,CrdR,xG,npxG,xAG,npxG+xAG,PrgC,PrgP,PrgR,Gls,Ast,G+A,G-PK,G+A-PK,xG,xAG,xG+xAG,npxG,npxG+xAG
Jorge Meré,es ESP,DF,Köln,24,1997,8,5,490,05.avr,0,0,0,0,0,0,2,0,0.0,0.0,0.0,0.0,1,24,2,0.00,0.00,0.00,0.00,0.00,0.00,0.00,0.00,0.00,0.00
Thomas Meunier,be BEL,DF,Dortmund,29,1991,17,17,1 402,15.juin,2,4,6,2,0,0,4,0,1.0,1.0,03.janv,04.janv,56,83,88,0.13,0.26,0.39,0.13,0.39,0.07,0.20,0.26,0.07,0.26
Marco Meyerhöfer,de GER,DF,Greuther Fürth,25,1995,26,25,2 28,25.mars,1,0,1,1,0,0,0,0,01.févr,01.févr,0.8,01.sept,33,87,49,0.04,0.00,0.04,0.04,0.04,0.05,0.03,0.08,0.05,0.08
Sven Michel,de GER,FW,Union Berlin,31,1990,13,2,338,03.août,3,1,4,3,0,0,2,0,01.mai,01.mai,0.9,02.mars,9,7,45,0.80,0.27,01.juil,0.80,01.juil,0.39,0.23,0.62,0.39,0.62
Enzo Millot,fr FRA,MF,Stuttgart,19,2002,6,0,53,0.6,0,1,1,0,0,0,0,0,0.0,0.0,0.1,0.1,3,4,2,0.00,janv.70,janv.70,0.00,janv.70,0.00,0.25,0.25,0.00,0.25
Maximilian Mittelstädt,de GER,DF FW,Hertha BSC,24,1997,24,16,1 493,16.juin,0,5,5,0,0,0,3,0,0.3,0.3,02.sept,03.févr,45,65,79,0.00,0.30,0.30,0.00,0.30,0.02,0.18,0.19,0.02,0.19
Anthony Modeste,fr FRA,FW,Köln,33,1988,32,31,2 606,29.0,20,4,24,19,1,1,4,0,18.0,17.févr,02.sept,20.févr,11,29,143,0.69,0.14,0.83,0.66,0.79,0.62,0.10,0.72,0.60,0.70
Kevin Möhwald,de GER,MF,Union Berlin,28,1993,16,3,354,03.sept,0,0,0,0,0,0,2,0,0.6,0.6,0.6,01.janv,5,25,13,0.00,0.00,0.00,0.00,0.00,0.15,0.14,0.29,0.15,0.29
Clinton Mola,eng ENG,DF,Stuttgart,20,2001,3,1,113,01.mars,0,0,0,0,0,0,0,0,0.0,0.0,0.0,0.0,1,6,0,0.00,0.00,0.00,0.00,0.00,0.00,0.00,0.00,0.00,0.00
Jan Morávek,cz CZE,MF,Augsburg,31,1989,17,5,471,05.févr,0,0,0,0,0,0,1,0,1.0,1.0,0.4,01.avr,2,14,9,0.00,0.00,0.00,0.00,0.00,0.19,0.08,0.27,0.19,0.27
Ilaix Moriba,gn GUI,MF,RB Leipzig,18,2003,2,0,32,0.4,0,0,0,0,0,0,0,0,0.0,0.0,0.0,0.0,1,1,3,0.00,0.00,0.00,0.00,0.00,0.07,0.00,0.07,0.07,0.07
Youssoufa Moukoko,de GER,FW MF,Dortmund,16,2004,16,1,223,02.mai,2,0,2,2,0,0,1,0,01.mai,01.mai,0.1,01.juil,2,4,14,0.81,0.00,0.81,0.81,0.81,0.61,0.06,0.67,0.61,0.67
Nordi Mukiele,fr FRA,DF FW,RB Leipzig,23,1997,28,21,1 842,20.mai,1,3,4,1,0,0,3,0,01.sept,01.sept,03.mai,05.avr,26,76,100,0.05,0.15,0.20,0.05,0.20,0.09,0.17,0.27,0.09,0.27
Florian Müller,de GER,GK,Stuttgart,23,1997,30,30,2 7,30.0,0,0,0,0,0,0,0,0,0.0,0.0,0.0,0.0,0,0,0,0.00,0.00,0.00,0.00,0.00,0.00,0.00,0.00,0.00,0.00
Thomas Müller,de GER,MF,Bayern Munich,31,1989,32,32,2 558,28.avr,8,18,26,8,0,0,0,0,10.mai,10.mai,12.juil,23.févr,46,155,301,0.28,0.63,0.91,0.28,0.91,0.37,0.45,0.81,0.37,0.81
Torben Müsel,de GER,MF,Gladbach,22,1999,1,0,5,0.1,0,0,0,0,0,0,0,0,0.0,0.0,0.0,0.0,0,0,0,0.00,0.00,0.00,0.00,0.00,0.00,0.00,0.00,0.00,0.00
Jamal Musiala,de GER,MF FW,Bayern Munich,18,2003,30,12,1 465,16.mars,5,5,10,5,0,0,2,0,04.janv,04.janv,04.sept,9.0,55,95,137,0.31,0.31,0.61,0.31,0.61,0.25,0.30,0.55,0.25,0.55
Obite N'Dicka,ci CIV,DF,Eint Frankfurt,21,1999,32,32,2 857,31.juil,4,4,8,4,0,0,3,0,02.juin,02.juin,01.mai,04.janv,37,114,11,0.13,0.13,0.25,0.13,0.25,0.08,0.05,0.13,0.08,0.13
Nikolas Nartey,dk DEN,MF DF,Stuttgart,21,2000,8,4,404,04.mai,0,0,0,0,0,0,1,0,0.0,0.0,0.1,0.2,3,16,23,0.00,0.00,0.00,0.00,0.00,0.01,0.03,0.04,0.01,0.04
Paul Nebel,de GER,MF FW,Mainz 05,18,2002,10,2,228,02.mai,0,1,1,0,0,0,3,0,0.5,0.5,0.3,0.8,2,5,14,0.00,0.39,0.39,0.00,0.39,0.19,0.14,0.33,0.19,0.33
David Nemeth,at AUT,DF,Mainz 05,20,2001,6,2,311,03.mai,0,0,0,0,0,0,0,0,0.0,0.0,0.0,0.0,0,7,0,0.00,0.00,0.00,0.00,0.00,0.00,0.00,0.00,0.00,0.00
Luca Netz,de GER,DF FW,Gladbach,18,2003,24,17,1 396,15.mai,0,4,4,0,0,0,1,0,02.janv,02.janv,01.févr,03.mars,13,24,67,0.00,0.26,0.26,0.00,0.26,0.14,0.08,0.22,0.14,0.22
Manuel Neuer,de GER,GK,Bayern Munich,35,1986,28,28,2 51,27.sept,0,0,0,0,0,0,0,0,0.0,0.0,0.0,0.0,0,8,0,0.00,0.00,0.00,0.00,0.00,0.00,0.00,0.00,0.00,0.00
Florian Neuhaus,de GER,MF,Gladbach,24,1997,29,24,2 121,23.juin,4,4,8,4,0,0,2,0,04.sept,04.sept,02.févr,07.janv,48,133,58,0.17,0.17,0.34,0.17,0.34,0.22,0.10,0.31,0.22,0.31
Jessic Ngankam,de GER,FW,Greuther Fürth,21,2000,6,4,341,03.août,2,1,3,2,0,0,0,0,01.août,01.août,0.2,01.sept,4,2,11,0.53,0.26,0.79,0.53,0.79,0.47,0.04,0.51,0.47,0.51
Player,Nation,Pos,Squad,Age,Born,MP,Starts,Min,90s,Gls,Ast,G+A,G-PK,PK,PKatt,CrdY,CrdR,xG,npxG,xAG,npxG+xAG,PrgC,PrgP,PrgR,Gls,Ast,G+A,G-PK,G+A-PK,xG,xAG,xG+xAG,npxG,npxG+xAG
Moussa Niakhate,sn SEN,DF,Mainz 05,25,1996,30,29,2 567,28.mai,4,0,4,2,2,2,1,0,03.sept,02.mars,0.5,02.sept,27,112,14,0.14,0.00,0.14,0.07,0.07,0.14,0.02,0.16,0.08,0.10
Tanguy Nianzou,fr FRA,DF,Bayern Munich,19,2002,17,6,582,06.mai,1,1,2,1,0,0,4,0,0.4,0.4,01.mai,01.sept,6,41,3,0.15,0.15,0.31,0.15,0.31,0.06,0.23,0.29,0.06,0.29
Florian Niederlechner,de GER,FW,Augsburg,30,1990,26,13,1 165,12.sept,5,3,8,5,0,0,1,0,5.0,5.0,0.7,05.juil,15,19,49,0.39,0.23,0.62,0.39,0.62,0.39,0.06,0.45,0.39,0.45
Håvard Nielsen,no NOR,MF FW,Greuther Fürth,28,1993,26,14,1 367,15.févr,2,0,2,2,0,0,2,0,2.0,2.0,0.1,02.janv,21,43,76,0.13,0.00,0.13,0.13,0.13,0.13,0.01,0.14,0.13,0.14
Joakim Nilsson,se SWE,DF,Arminia,27,1994,31,31,2 735,30.avr,2,0,2,2,0,0,5,0,0.4,0.4,0.3,0.8,12,68,2,0.07,0.00,0.07,0.07,0.07,0.01,0.01,0.03,0.01,0.03
Christopher Nkunku,fr FRA,FW MF,RB Leipzig,23,1997,34,31,2 723,30.mars,20,13,33,19,1,1,2,0,16.janv,15.mars,09.juil,25.0,100,117,284,0.66,0.43,01.sept,0.63,01.juin,0.53,0.32,0.85,0.51,0.83
Felix Nmecha,de GER,MF FW,Wolfsburg,20,2000,16,1,323,03.juin,0,0,0,0,0,0,2,0,0.8,0.8,0.0,0.8,11,13,22,0.00,0.00,0.00,0.00,0.00,0.22,0.00,0.22,0.22,0.22
Lukas Nmecha,de GER,FW MF,Wolfsburg,22,1998,25,18,1 627,18.janv,8,0,8,8,0,0,5,0,08.août,08.août,02.janv,10.août,32,25,130,0.44,0.00,0.44,0.44,0.44,0.49,0.11,0.60,0.49,0.60
Håvard Nordtveit,no NOR,DF,Hoffenheim,31,1990,11,1,304,03.avr,0,0,0,0,0,0,1,0,0.0,0.0,0.1,0.1,5,25,1,0.00,0.00,0.00,0.00,0.00,0.01,0.03,0.04,0.01,0.04
Connor Noß,ie IRL,MF,Gladbach,20,2001,3,0,52,0.6,0,0,0,0,0,0,0,0,0.0,0.0,0.0,0.1,1,0,4,0.00,0.00,0.00,0.00,0.00,0.05,0.04,0.09,0.05,0.09
Hugo Novoa,es ESP,MF FW,RB Leipzig,18,2003,8,1,136,01.mai,1,0,1,1,0,0,0,0,1.0,1.0,0.2,01.févr,3,3,19,0.66,0.00,0.66,0.66,0.66,0.63,0.15,0.78,0.63,0.78
Soma Novothny,hu HUN,FW MF,Bochum,27,1994,6,0,80,0.9,1,0,1,1,0,0,0,0,0.6,0.6,0.0,0.6,1,2,6,janv.13,0.00,janv.13,janv.13,janv.13,0.71,0.00,0.71,0.71,0.71
Kasim Nuhu,gh GHA,DF,Hoffenheim,26,1995,3,0,5,0.1,0,0,0,0,0,0,0,0,0.1,0.1,0.0,0.1,0,1,0,0.00,0.00,0.00,0.00,0.00,0.96,0.00,0.96,0.96,0.96
Hans Nunoo Sarpei,gh GHA,DF MF,Greuther Fürth,22,1998,8,7,643,07.janv,0,0,0,0,0,0,2,0,0.1,0.1,0.0,0.1,2,16,0,0.00,0.00,0.00,0.00,0.00,0.01,0.00,0.01,0.01,0.01
Bastian Oczipka,de GER,DF,Union Berlin,32,1989,18,9,932,10.avr,0,1,1,0,0,0,1,0,0.3,0.3,02.janv,02.avr,21,47,35,0.00,0.10,0.10,0.00,0.10,0.03,0.20,0.23,0.03,0.23
Masaya Okugawa,jp JPN,MF FW,Arminia,25,1996,33,30,2 531,28.janv,8,1,9,8,0,0,0,0,03.sept,03.sept,01.avr,05.mars,40,47,121,0.28,0.04,0.32,0.28,0.32,0.14,0.05,0.19,0.14,0.19
Mathias Olesen,lu LUX,MF FW,Köln,20,2001,3,0,17,0.2,0,0,0,0,0,0,0,0,0.0,0.0,0.1,0.1,0,0,1,0.00,0.00,0.00,0.00,0.00,0.00,0.28,0.28,0.00,0.28
Dani Olmo,es ESP,MF FW,RB Leipzig,23,1998,19,7,743,08.mars,3,3,6,3,0,0,2,0,01.sept,01.sept,02.juin,04.avr,15,53,55,0.36,0.36,0.73,0.36,0.73,0.23,0.31,0.54,0.23,0.54
Karim Onisiwo,at AUT,FW,Mainz 05,29,1992,31,28,2 361,26.févr,5,8,13,5,0,0,0,0,08.févr,08.févr,06.juin,14.août,82,51,237,0.19,0.30,0.50,0.19,0.50,0.31,0.25,0.57,0.31,0.57
Willi Orban,hu HUN,DF,RB Leipzig,28,1992,30,30,2 642,29.avr,2,1,3,2,0,0,1,0,02.août,02.août,01.avr,04.févr,8,89,7,0.07,0.03,0.10,0.07,0.10,0.10,0.05,0.14,0.10,0.14
Stefan Ortega,de GER,GK,Arminia,28,1992,33,33,2 97,33.0,0,0,0,0,0,0,1,0,0.0,0.0,0.2,0.2,0,3,0,0.00,0.00,0.00,0.00,0.00,0.00,0.01,0.01,0.00,0.01
Patrick Osterhage,de GER,MF,Bochum,21,2000,13,6,599,06.juil,0,1,1,0,0,0,2,0,0.3,0.3,0.1,0.4,2,11,19,0.00,0.15,0.15,0.00,0.15,0.05,0.01,0.07,0.05,0.07
Tomáš Ostrák,cz CZE,MF FW,Köln,21,2000,5,0,31,0.3,0,1,1,0,0,0,0,0,0.0,0.0,0.6,0.6,1,3,3,0.00,févr.90,févr.90,0.00,févr.90,0.06,janv.69,janv.75,0.06,janv.75
Paulo Otávio,br BRA,DF MF,Wolfsburg,26,1994,7,5,362,4.0,0,1,1,0,0,0,0,0,0.3,0.3,0.6,0.9,18,16,28,0.00,0.25,0.25,0.00,0.25,0.06,0.15,0.21,0.06,0.21
Reece Oxford,eng ENG,DF,Augsburg,22,1998,30,30,2 693,29.sept,2,1,3,2,0,0,9,0,02.févr,02.févr,0.7,02.sept,10,41,2,0.07,0.03,0.10,0.07,0.10,0.07,0.02,0.10,0.07,0.10
Player,Nation,Pos,Squad,Age,Born,MP,Starts,Min,90s,Gls,Ast,G+A,G-PK,PK,PKatt,CrdY,CrdR,xG,npxG,xAG,npxG+xAG,PrgC,PrgP,PrgR,Gls,Ast,G+A,G-PK,G+A-PK,xG,xAG,xG+xAG,npxG,npxG+xAG
Salih Özcan,tr TUR,MF,Köln,23,1998,31,26,2 312,25.juil,2,0,2,2,0,0,5,0,01.sept,01.sept,1.0,02.sept,39,113,47,0.08,0.00,0.08,0.08,0.08,0.08,0.04,0.11,0.08,0.11
Levin Öztunalı,de GER,MF,Union Berlin,25,1996,18,5,572,06.avr,0,0,0,0,0,0,0,0,0.7,0.7,0.4,01.janv,8,18,37,0.00,0.00,0.00,0.00,0.00,0.11,0.07,0.18,0.11,0.18
Gonçalo Paciência,pt POR,FW,Eint Frankfurt,26,1994,18,4,516,05.juil,3,0,3,2,1,2,3,0,03.mai,01.sept,0.2,02.janv,7,18,43,0.52,0.00,0.52,0.35,0.35,0.61,0.03,0.63,0.33,0.36
Exequiel Palacios,ar ARG,MF,Leverkusen,22,1998,23,12,1 097,12.févr,2,2,4,2,0,0,2,0,0.8,0.8,02.févr,02.sept,10,77,17,0.16,0.16,0.33,0.16,0.33,0.06,0.18,0.24,0.06,0.24
Miloš Pantović,rs SRB,MF FW,Bochum,25,1996,28,18,1 533,17.0,4,3,7,3,1,1,2,0,6.0,05.févr,03.sept,09.janv,21,45,82,0.23,0.18,0.41,0.18,0.35,0.35,0.23,0.58,0.31,0.54
Antonios Papadopoulos,de GER,DF MF,Dortmund,21,1999,2,0,17,0.2,0,0,0,0,0,0,1,0,0.0,0.0,0.0,0.0,0,0,0,0.00,0.00,0.00,0.00,0.00,0.00,0.00,0.00,0.00,0.00
Merveille Papela,de GER,MF,Mainz 05,20,2001,5,0,83,0.9,0,0,0,0,0,0,0,0,0.0,0.0,0.0,0.0,1,1,1,0.00,0.00,0.00,0.00,0.00,0.02,0.00,0.02,0.02,0.02
Kevin Paredes,us USA,FW DF,Wolfsburg,18,2003,2,0,16,0.2,0,0,0,0,0,0,0,0,0.0,0.0,0.0,0.0,2,0,1,0.00,0.00,0.00,0.00,0.00,0.00,0.00,0.00,0.00,0.00
Felix Passlack,de GER,DF,Dortmund,23,1998,10,5,472,05.févr,1,0,1,1,0,0,0,0,0.1,0.1,0.2,0.4,13,23,28,0.19,0.00,0.19,0.19,0.19,0.03,0.04,0.07,0.03,0.07
Paulinho,br BRA,FW MF,Leverkusen,21,2000,24,14,1 218,13.mai,4,1,5,4,0,0,1,0,04.janv,04.janv,02.janv,06.févr,58,43,121,0.30,0.07,0.37,0.30,0.37,0.30,0.15,0.46,0.30,0.46
Benjamin Pavard,fr FRA,DF,Bayern Munich,25,1996,25,24,2 076,23.janv,0,1,1,0,0,0,2,1,0.7,0.7,01.juin,02.mars,50,193,91,0.00,0.04,0.04,0.00,0.04,0.03,0.07,0.10,0.03,0.10
Mads Pedersen,dk DEN,MF DF,Augsburg,24,1996,29,15,1 391,15.mai,2,1,3,2,0,0,5,0,01.janv,01.janv,01.juil,02.août,25,34,46,0.13,0.06,0.19,0.13,0.19,0.07,0.11,0.18,0.07,0.18
Peter Pekarík,sk SVK,DF,Hertha BSC,34,1986,27,26,2 234,24.août,0,0,0,0,0,0,1,0,0.8,0.8,0.8,01.juin,40,69,69,0.00,0.00,0.00,0.00,0.00,0.03,0.03,0.06,0.03,0.06
Philipp Pentke,de GER,GK,Hoffenheim,36,1985,1,1,90,1.0,0,0,0,0,0,0,0,0,0.0,0.0,0.0,0.0,0,0,0,0.00,0.00,0.00,0.00,0.00,0.00,0.00,0.00,0.00,0.00
Ricardo Pepi,us USA,FW MF,Augsburg,18,2003,11,4,477,05.mars,0,0,0,0,0,0,0,0,0.8,0.8,0.6,01.mai,1,4,27,0.00,0.00,0.00,0.00,0.00,0.16,0.12,0.28,0.16,0.28
Pavao Pervan,at AUT,GK,Wolfsburg,33,1987,6,6,540,6.0,0,0,0,0,0,0,0,0,0.0,0.0,0.0,0.0,0,0,0,0.00,0.00,0.00,0.00,0.00,0.00,0.00,0.00,0.00,0.00
Nils Petersen,de GER,FW,Freiburg,32,1988,22,3,580,06.avr,5,1,6,5,0,0,0,0,02.mai,02.mai,0.5,3.0,4,9,30,0.78,0.16,0.93,0.78,0.93,0.39,0.07,0.47,0.39,0.47
Jens Petter Hauge,no NOR,MF FW,Eint Frankfurt,21,1999,26,9,1 04,11.juin,2,2,4,2,0,0,4,0,2.0,2.0,0.8,02.août,21,35,78,0.17,0.17,0.35,0.17,0.35,0.18,0.07,0.24,0.18,0.24
Immanuel Pherai,sr SUR,MF,Dortmund,20,2001,1,0,1,0.0,0,0,0,0,0,0,0,0,0.0,0.0,0.0,0.0,0,0,0,0.00,0.00,0.00,0.00,0.00,0.00,0.00,0.00,0.00,0.00
Maximilian Philipp,de GER,MF,Wolfsburg,27,1994,22,12,963,10.juil,1,4,5,1,0,0,2,0,01.févr,01.févr,1.0,02.févr,11,32,65,0.09,0.37,0.47,0.09,0.47,0.11,0.09,0.21,0.11,0.21
Krzysztof Piątek,pl POL,FW,Hertha BSC,26,1995,9,4,347,03.sept,1,0,1,1,0,0,0,0,01.août,01.août,0.0,01.août,4,6,23,0.26,0.00,0.26,0.26,0.26,0.46,0.00,0.46,0.46,0.46
Amos Pieper,de GER,DF,Arminia,23,1998,27,27,2 379,26.avr,0,0,0,0,0,0,2,0,0.8,0.8,0.3,01.janv,7,63,3,0.00,0.00,0.00,0.00,0.00,0.03,0.01,0.04,0.03,0.04
Marvin Plattenhardt,de GER,DF,Hertha BSC,29,1992,21,19,1 637,18.févr,0,3,3,0,0,0,3,0,0.5,0.5,04.mars,04.août,32,55,37,0.00,0.16,0.16,0.00,0.16,0.03,0.24,0.26,0.03,0.26
Alassane Pléa,fr FRA,MF FW,Gladbach,28,1993,33,24,2 07,23.0,10,6,16,7,3,3,4,0,8.0,05.juil,07.avr,13.0,52,133,141,0.43,0.26,0.70,0.30,0.57,0.36,0.34,0.70,0.26,0.59
Joel Pohjanpalo,fi FIN,FW,Leverkusen,26,1994,2,0,12,0.1,0,0,0,0,0,0,0,0,0.0,0.0,0.0,0.0,0,0,0,0.00,0.00,0.00,0.00,0.00,0.00,0.00,0.00,0.00,0.00
Player,Nation,Pos,Squad,Age,Born,MP,Starts,Min,90s,Gls,Ast,G+A,G-PK,PK,PKatt,CrdY,CrdR,xG,npxG,xAG,npxG+xAG,PrgC,PrgP,PrgR,Gls,Ast,G+A,G-PK,G+A-PK,xG,xAG,xG+xAG,npxG,npxG+xAG
Sebastian Polter,de GER,FW,Bochum,30,1991,33,27,2 341,26.0,10,1,11,9,1,2,2,0,08.juil,07.févr,02.avr,09.juin,16,49,111,0.38,0.04,0.42,0.35,0.38,0.35,0.10,0.45,0.29,0.38
Marin Pongračić,hr CRO,DF,Dortmund,23,1997,17,9,827,09.févr,0,0,0,0,0,0,3,0,0.0,0.0,0.0,0.0,7,31,0,0.00,0.00,0.00,0.00,0.00,0.00,0.00,0.00,0.00,0.00
Stefan Posch,at AUT,DF,Hoffenheim,24,1997,28,26,2 199,24.avr,2,0,2,2,0,0,5,0,01.janv,01.janv,0.7,01.juil,27,104,15,0.08,0.00,0.08,0.08,0.08,0.04,0.03,0.07,0.04,0.07
Yussuf Poulsen,dk DEN,FW MF,RB Leipzig,27,1994,25,12,1 079,12.0,6,0,6,6,0,0,2,0,05.mai,05.mai,01.juil,07.févr,14,30,84,0.50,0.00,0.50,0.50,0.50,0.46,0.14,0.60,0.46,0.60
Manuel Prietl,at AUT,MF,Arminia,29,1991,26,23,2 123,23.juin,0,1,1,0,0,0,3,0,1.0,1.0,0.7,01.juil,15,46,8,0.00,0.04,0.04,0.00,0.04,0.04,0.03,0.07,0.04,0.07
Grischa Prömel,de GER,MF,Union Berlin,26,1995,29,28,2 422,26.sept,8,1,9,8,0,0,4,0,06.mars,06.mars,01.janv,07.mars,27,95,72,0.30,0.04,0.33,0.30,0.33,0.23,0.04,0.27,0.23,0.27
Nick Proschwitz,de GER,FW,Hoffenheim,34,1986,1,0,27,0.3,0,0,0,0,0,0,0,0,0.3,0.3,0.0,0.3,0,0,0,0.00,0.00,0.00,0.00,0.00,0.98,0.00,0.98,0.98,0.98
Afimico Pululu,cd COD,FW MF,Greuther Fürth,22,1999,8,0,70,0.8,0,0,0,0,0,0,0,0,0.0,0.0,0.0,0.0,4,0,10,0.00,0.00,0.00,0.00,0.00,0.03,0.00,0.03,0.03,0.03
Sidney Raebiger,de GER,MF,RB Leipzig,16,2005,1,0,4,0.0,0,0,0,0,0,0,0,0,0.0,0.0,0.0,0.0,0,0,1,0.00,0.00,0.00,0.00,0.00,0.00,0.00,0.00,0.00,0.00
Diant Ramaj,de GER,GK,Eint Frankfurt,19,2001,1,1,90,1.0,0,0,0,0,0,0,0,0,0.0,0.0,0.0,0.0,0,0,0,0.00,0.00,0.00,0.00,0.00,0.00,0.00,0.00,0.00,0.00
Guilherme Ramos,pt POR,DF,Arminia,23,1997,13,9,906,10.janv,0,0,0,0,0,0,1,0,0.2,0.2,0.0,0.3,5,32,9,0.00,0.00,0.00,0.00,0.00,0.02,0.00,0.03,0.02,0.03
Tobias Raschl,de GER,MF,Greuther Fürth,21,2000,10,7,597,06.juin,0,1,1,0,0,0,0,0,0.2,0.2,0.0,0.2,14,18,8,0.00,0.15,0.15,0.00,0.15,0.02,0.01,0.03,0.02,0.03
David Raum,de GER,DF FW,Hoffenheim,23,1998,32,31,2 757,30.juin,3,11,14,3,0,0,5,0,01.juil,01.juil,11.avr,13.janv,95,130,228,0.10,0.36,0.46,0.10,0.46,0.05,0.37,0.43,0.05,0.43
Reinier,br BRA,FW MF,Dortmund,19,2002,13,1,162,01.août,0,0,0,0,0,0,0,0,0.2,0.2,0.0,0.2,1,6,12,0.00,0.00,0.00,0.00,0.00,0.12,0.00,0.12,0.12,0.12
Panagiotis Retsos,gr GRE,DF FW,Leverkusen,22,1998,4,0,32,0.4,0,0,0,0,0,0,0,0,0.1,0.1,0.0,0.1,0,1,0,0.00,0.00,0.00,0.00,0.00,0.15,0.00,0.15,0.15,0.15
Marco Reus,de GER,MF FW,Dortmund,32,1989,29,29,2 503,27.août,9,13,22,9,0,0,2,0,11.mai,11.mai,07.sept,19.mai,57,119,172,0.32,0.47,0.79,0.32,0.79,0.41,0.28,0.70,0.41,0.70
Elvis Rexhbeçaj,xk KVX,MF,Bochum,23,1997,32,30,2 542,28.févr,0,0,0,0,0,0,5,0,01.janv,01.janv,01.janv,02.févr,21,93,54,0.00,0.00,0.00,0.00,0.00,0.04,0.04,0.08,0.04,0.08
Gio Reyna,us USA,MF,Dortmund,18,2002,10,6,439,04.sept,2,1,3,2,0,0,0,0,01.juil,01.juil,01.juin,03.mars,13,10,32,0.41,0.21,0.62,0.41,0.62,0.35,0.33,0.68,0.35,0.68
Chris Richards,us USA,DF,Hoffenheim,21,2000,19,13,1 304,14.mai,1,1,2,1,0,0,1,0,01.févr,01.févr,0.4,01.juin,12,59,7,0.07,0.07,0.14,0.07,0.14,0.08,0.03,0.11,0.08,0.11
Chris Richards,us USA,DF,Bayern Munich,21,2000,1,0,3,0.0,0,0,0,0,0,0,0,0,0.0,0.0,0.0,0.0,0,0,0,0.00,0.00,0.00,0.00,0.00,0.00,0.00,0.00,0.00,0.00
Omar Richards,eng ENG,DF,Bayern Munich,23,1998,12,5,438,04.sept,0,0,0,0,0,0,1,0,0.3,0.3,0.2,0.4,11,21,42,0.00,0.00,0.00,0.00,0.00,0.06,0.03,0.09,0.06,0.09
Marco Richter,de GER,FW MF,Hertha BSC,23,1997,30,19,1 704,18.sept,5,1,6,5,0,0,6,0,03.févr,03.févr,01.juin,04.sept,34,45,97,0.26,0.05,0.32,0.26,0.32,0.17,0.09,0.26,0.17,0.26
Manuel Riemann,de GER,GK,Bochum,32,1988,31,31,2 79,31.0,0,1,1,0,0,1,2,0,0.8,0.0,0.3,0.3,0,6,0,0.00,0.03,0.03,0.00,0.03,0.03,0.01,0.04,0.00,0.01
Marc Roca,es ESP,MF,Bayern Munich,24,1996,9,4,379,04.févr,0,0,0,0,0,0,0,0,0.2,0.2,0.3,0.5,6,26,2,0.00,0.00,0.00,0.00,0.00,0.05,0.08,0.13,0.05,0.13
Cimo Röcker,de GER,DF,Hertha BSC,27,1994,1,0,22,0.2,0,0,0,0,0,0,0,0,0.0,0.0,0.1,0.1,0,0,1,0.00,0.00,0.00,0.00,0.00,0.00,0.33,0.33,0.00,0.33
Player,Nation,Pos,Squad,Age,Born,MP,Starts,Min,90s,Gls,Ast,G+A,G-PK,PK,PKatt,CrdY,CrdR,xG,npxG,xAG,npxG+xAG,PrgC,PrgP,PrgR,Gls,Ast,G+A,G-PK,G+A-PK,xG,xAG,xG+xAG,npxG,npxG+xAG
Sebastian Rode,de GER,MF,Eint Frankfurt,30,1990,17,10,759,08.avr,1,0,1,1,0,0,1,0,0.8,0.8,0.9,01.août,10,54,17,0.12,0.00,0.12,0.12,0.12,0.10,0.11,0.21,0.10,0.21
Romario Rösch,de GER,MF,Mainz 05,22,1999,1,0,1,0.0,0,0,0,0,0,0,0,0,0.0,0.0,0.0,0.0,0,0,0,0.00,0.00,0.00,0.00,0.00,0.00,0.00,0.00,0.00,0.00
Tom Rothe,de GER,DF,Dortmund,16,2004,2,1,94,1.0,1,0,1,1,0,0,1,0,0.2,0.2,0.0,0.2,1,0,10,0.96,0.00,0.96,0.96,0.96,0.15,0.03,0.18,0.15,0.18
Jérôme Roussillon,fr FRA,DF,Wolfsburg,28,1993,26,18,1 775,19.juil,1,0,1,1,0,0,5,0,1.0,1.0,01.juin,02.juin,42,64,91,0.05,0.00,0.05,0.05,0.05,0.05,0.08,0.13,0.05,0.13
Sebastian Rudy,de GER,MF,Hoffenheim,31,1990,21,7,773,08.juin,3,1,4,3,0,0,5,0,02.janv,02.janv,0.3,02.mai,5,44,25,0.35,0.12,0.47,0.35,0.47,0.25,0.04,0.29,0.25,0.29
Georginio Rutter,fr FRA,FW MF,Hoffenheim,19,2002,33,13,1 611,17.sept,8,2,10,8,0,0,2,0,7.0,7.0,04.févr,11.févr,38,42,124,0.45,0.11,0.56,0.45,0.56,0.39,0.23,0.63,0.39,0.63
Julian Ryerson,no NOR,DF,Union Berlin,23,1997,28,13,1 429,15.sept,2,0,2,2,0,0,3,0,01.mars,01.mars,01.mai,02.août,30,50,50,0.13,0.00,0.13,0.13,0.13,0.08,0.09,0.18,0.08,0.18
Frederik Rønnow,dk DEN,GK,Union Berlin,28,1992,7,7,630,7.0,0,0,0,0,0,0,1,0,0.0,0.0,0.0,0.0,0,0,0,0.00,0.00,0.00,0.00,0.00,0.00,0.00,0.00,0.00,0.00
Marcel Sabitzer,at AUT,MF DF,Bayern Munich,27,1994,25,8,905,10.janv,1,1,2,1,0,0,0,0,02.janv,02.janv,01.juil,03.août,20,66,54,0.10,0.10,0.20,0.10,0.20,0.21,0.17,0.38,0.21,0.38
Marcel Sabitzer,at AUT,MF FW,RB Leipzig,27,1994,2,0,49,0.5,0,0,0,0,0,0,1,0,0.0,0.0,0.0,0.0,1,5,3,0.00,0.00,0.00,0.00,0.00,0.04,0.00,0.04,0.04,0.04
Roland Sallai,hu HUN,MF FW,Freiburg,24,1997,31,18,1 551,17.févr,4,4,8,4,0,0,1,0,6.0,6.0,03.août,09.août,44,46,136,0.23,0.23,0.46,0.23,0.46,0.35,0.22,0.57,0.35,0.57
Diadie Samassékou,ml MLI,MF,Hoffenheim,25,1996,24,21,1 655,18.avr,2,0,2,2,0,0,7,0,01.janv,01.janv,1.0,02.févr,8,62,23,0.11,0.00,0.11,0.11,0.11,0.06,0.06,0.12,0.06,0.12
Leroy Sané,de GER,FW MF,Bayern Munich,25,1996,32,22,1 976,22.0,7,7,14,7,0,0,3,0,11.avr,11.avr,06.févr,17.juin,80,117,203,0.32,0.32,0.64,0.32,0.64,0.52,0.28,0.80,0.52,0.80
Mohamed Sankoh,nl NED,FW,Stuttgart,17,2003,1,0,4,0.0,0,0,0,0,0,0,0,0,0.1,0.1,0.0,0.1,1,0,0,0.00,0.00,0.00,0.00,0.00,févr.18,0.00,févr.18,févr.18,févr.18
Baptiste Santamaria,fr FRA,MF,Freiburg,26,1995,1,0,21,0.2,0,0,0,0,0,0,0,0,0.0,0.0,0.0,0.0,1,0,1,0.00,0.00,0.00,0.00,0.00,0.00,0.00,0.00,0.00,0.00
Bouna Sarr,sn SEN,DF,Bayern Munich,29,1992,5,0,64,0.7,0,0,0,0,0,0,0,0,0.0,0.0,0.0,0.0,3,3,4,0.00,0.00,0.00,0.00,0.00,0.05,0.00,0.05,0.05,0.05
Joe Scally,us USA,DF,Gladbach,18,2002,30,20,1 909,21.févr,1,2,3,1,0,0,4,0,01.avr,01.avr,01.sept,03.mars,35,57,104,0.05,0.09,0.14,0.05,0.14,0.07,0.09,0.16,0.07,0.16
Kevin Schade,de GER,MF FW,Freiburg,19,2001,21,7,831,09.févr,4,1,5,4,0,0,2,0,02.janv,2.0,0.9,02.sept,23,16,63,0.43,0.11,0.54,0.43,0.54,0.23,0.10,0.33,0.22,0.32
András Schäfer,hu HUN,MF,Union Berlin,22,1999,8,1,239,02.juil,1,1,2,1,0,0,2,0,0.6,0.6,0.1,0.7,4,13,8,0.38,0.38,0.75,0.38,0.75,0.23,0.04,0.27,0.23,0.27
Louis Schaub,at AUT,MF FW,Köln,26,1994,28,6,654,07.mars,1,2,3,1,0,0,0,0,01.mars,01.mars,01.févr,02.avr,28,37,68,0.14,0.28,0.41,0.14,0.41,0.17,0.16,0.33,0.17,0.33
Patrik Schick,cz CZE,FW,Leverkusen,25,1996,27,26,2 076,23.janv,24,3,27,23,1,2,0,0,18.janv,16.mai,02.mai,19.0,21,25,138,01.avr,0.13,janv.17,1.00,janv.13,0.78,0.11,0.89,0.72,0.83
Kingsley Schindler,gh GHA,DF FW,Köln,28,1993,18,1,349,03.sept,1,2,3,1,0,0,1,0,0.4,0.4,01.janv,01.mai,6,24,27,0.26,0.52,0.77,0.26,0.77,0.09,0.29,0.38,0.09,0.38
Xaver Schlager,at AUT,MF,Wolfsburg,23,1997,14,13,1 04,11.juin,0,1,1,0,0,0,2,0,0.3,0.3,0.6,0.9,21,55,29,0.00,0.09,0.09,0.00,0.09,0.03,0.05,0.08,0.03,0.08
Keven Schlotterbeck,de GER,DF FW,Freiburg,24,1997,12,3,315,03.mai,0,0,0,0,0,0,1,0,0.0,0.0,0.0,0.1,0,5,0,0.00,0.00,0.00,0.00,0.00,0.01,0.00,0.01,0.01,0.01
Nico Schlotterbeck,de GER,DF,Freiburg,21,1999,32,32,2 785,30.sept,4,1,5,4,0,0,5,0,03.juin,03.juin,01.mai,05.janv,35,173,21,0.13,0.03,0.16,0.13,0.16,0.11,0.05,0.16,0.11,0.16
Player,Nation,Pos,Squad,Age,Born,MP,Starts,Min,90s,Gls,Ast,G+A,G-PK,PK,PKatt,CrdY,CrdR,xG,npxG,xAG,npxG+xAG,PrgC,PrgP,PrgR,Gls,Ast,G+A,G-PK,G+A-PK,xG,xAG,xG+xAG,npxG,npxG+xAG
Jonathan Schmid,fr FRA,DF,Freiburg,31,1990,13,6,588,06.mai,0,1,1,0,0,0,0,0,0.2,0.2,0.8,1.0,9,25,31,0.00,0.15,0.15,0.00,0.15,0.03,0.13,0.15,0.03,0.15
Benno Schmitz,de GER,DF,Köln,26,1994,31,29,2 421,26.sept,0,5,5,0,0,0,5,0,0.5,0.5,03.août,04.mars,60,203,126,0.00,0.19,0.19,0.00,0.19,0.02,0.14,0.16,0.02,0.16
Alessandro Schöpf,at AUT,MF,Arminia,27,1994,31,27,2 397,26.juin,1,0,1,1,0,0,3,1,2.0,2.0,02.juin,04.juin,57,96,91,0.04,0.00,0.04,0.04,0.04,0.07,0.10,0.17,0.07,0.17
Nico Schulz,de GER,DF,Dortmund,28,1993,16,9,836,09.mars,0,2,2,0,0,0,2,0,0.2,0.2,01.janv,01.mars,17,52,44,0.00,0.22,0.22,0.00,0.22,0.02,0.11,0.14,0.02,0.14
Marvin Schwäbe,de GER,GK,Köln,26,1995,21,21,1 89,21.0,0,0,0,0,0,0,1,0,0.0,0.0,0.0,0.0,1,0,1,0.00,0.00,0.00,0.00,0.00,0.00,0.00,0.00,0.00,0.00
Alexander Schwolow,de GER,GK,Hertha BSC,29,1992,25,25,2 175,24.févr,0,0,0,0,0,0,1,0,0.0,0.0,0.0,0.0,0,0,0,0.00,0.00,0.00,0.00,0.00,0.00,0.00,0.00,0.00,0.00
Paul Seguin,de GER,MF,Greuther Fürth,26,1995,27,23,2 108,23.avr,0,3,3,0,0,0,9,0,0.5,0.5,2.0,02.mai,28,118,48,0.00,0.13,0.13,0.00,0.13,0.02,0.08,0.10,0.02,0.10
Davie Selke,de GER,FW,Hertha BSC,26,1995,25,10,1 004,11.févr,4,0,4,3,1,1,2,0,04.févr,03.avr,0.6,4.0,10,13,50,0.36,0.00,0.36,0.27,0.27,0.38,0.05,0.43,0.31,0.36
Lion Semić,de GER,DF,Dortmund,17,2003,1,0,3,0.0,0,0,0,0,0,0,0,0,0.0,0.0,0.0,0.0,0,0,0,0.00,0.00,0.00,0.00,0.00,0.00,0.00,0.00,0.00,0.00
Suat Serdar,de GER,MF FW,Hertha BSC,24,1997,30,27,2 218,24.juin,3,0,3,3,0,0,6,0,02.janv,02.janv,01.avr,03.mai,43,83,77,0.12,0.00,0.12,0.12,0.12,0.09,0.06,0.14,0.09,0.14
Janni Serra,de GER,FW,Arminia,23,1998,26,15,1 117,12.avr,3,2,5,3,0,0,1,0,03.févr,03.févr,0.8,4.0,7,14,62,0.24,0.16,0.40,0.24,0.40,0.26,0.06,0.32,0.26,0.32
Zidan Sertdemir,dk DEN,MF FW,Leverkusen,16,2005,3,0,18,0.2,0,0,0,0,0,0,0,0,0.0,0.0,0.1,0.1,0,1,1,0.00,0.00,0.00,0.00,0.00,0.00,0.26,0.26,0.00,0.26
Nils Seufert,de GER,MF,Greuther Fürth,24,1997,4,1,99,01.janv,0,0,0,0,0,0,0,0,0.0,0.0,0.0,0.0,1,3,2,0.00,0.00,0.00,0.00,0.00,0.00,0.00,0.00,0.00,0.00
Kiliann Sildillia,fr FRA,DF MF,Freiburg,19,2002,7,1,169,01.sept,0,0,0,0,0,0,1,0,0.0,0.0,0.2,0.2,3,6,2,0.00,0.00,0.00,0.00,0.00,0.00,0.13,0.13,0.00,0.13
André Silva,pt POR,FW,RB Leipzig,25,1995,33,24,2 076,23.janv,11,3,14,8,3,3,1,0,12.juin,10.juil,03.mars,14.0,36,50,172,0.48,0.13,0.61,0.35,0.48,0.54,0.14,0.69,0.46,0.61
Mohamed Simakan,fr FRA,DF,RB Leipzig,21,2000,28,23,2 009,22.mars,1,0,1,1,0,0,5,0,0.9,0.9,0.7,01.juin,19,80,10,0.04,0.00,0.04,0.04,0.04,0.04,0.03,0.07,0.04,0.07
Daley Sinkgraven,nl NED,DF,Leverkusen,26,1995,12,3,351,03.sept,0,0,0,0,0,0,0,0,0.2,0.2,0.3,0.5,8,18,16,0.00,0.00,0.00,0.00,0.00,0.05,0.08,0.13,0.05,0.13
Tobias Sippel,de GER,GK,Gladbach,33,1988,1,1,90,1.0,0,0,0,0,0,0,0,0,0.0,0.0,0.0,0.0,0,0,0,0.00,0.00,0.00,0.00,0.00,0.00,0.00,0.00,0.00,0.00
Hugo Siquet,be BEL,DF,Freiburg,19,2002,1,0,22,0.2,0,0,0,0,0,0,0,0,0.0,0.0,0.0,0.0,1,3,0,0.00,0.00,0.00,0.00,0.00,0.00,0.00,0.00,0.00,0.00
Ellyes Skhiri,tn TUN,MF,Köln,26,1995,22,20,1 82,20.févr,4,1,5,4,0,0,3,0,03.févr,03.févr,0.9,04.janv,19,83,39,0.20,0.05,0.25,0.20,0.25,0.16,0.05,0.20,0.16,0.20
Robert Skov,dk DEN,FW DF,Hoffenheim,25,1996,12,3,368,04.janv,0,1,1,0,0,0,1,0,0.7,0.7,01.avr,02.janv,9,14,37,0.00,0.24,0.24,0.00,0.24,0.17,0.34,0.51,0.17,0.51
Danilo Soares,br BRA,DF,Bochum,29,1991,30,30,2 564,28.mai,0,1,1,0,0,0,4,0,0.4,0.4,01.mars,01.juil,79,132,66,0.00,0.04,0.04,0.00,0.04,0.01,0.05,0.06,0.01,0.06
Yann Sommer,ch SUI,GK,Gladbach,32,1988,33,33,2 97,33.0,0,1,1,0,0,0,2,0,0.0,0.0,0.4,0.4,0,2,0,0.00,0.03,0.03,0.00,0.03,0.00,0.01,0.01,0.00,0.01
Borna Sosa,hr CRO,DF FW,Stuttgart,23,1998,28,28,2 498,27.août,1,8,9,1,0,0,4,0,0.9,0.9,06.août,07.août,104,139,200,0.04,0.29,0.32,0.04,0.32,0.03,0.25,0.28,0.03,0.28
Djibril Sow,ch SUI,MF,Eint Frankfurt,24,1997,31,28,2 415,26.août,2,3,5,2,0,0,5,0,0.6,0.6,01.juil,02.mars,34,140,32,0.07,0.11,0.19,0.07,0.19,0.02,0.06,0.09,0.02,0.09
Player,Nation,Pos,Squad,Age,Born,MP,Starts,Min,90s,Gls,Ast,G+A,G-PK,PK,PKatt,CrdY,CrdR,xG,npxG,xAG,npxG+xAG,PrgC,PrgP,PrgR,Gls,Ast,G+A,G-PK,G+A-PK,xG,xAG,xG+xAG,npxG,npxG+xAG
Jerry St. Juste,nl NED,DF,Mainz 05,24,1996,8,7,604,06.juil,1,0,1,1,0,0,0,0,0.8,0.8,0.1,0.9,11,19,5,0.15,0.00,0.15,0.15,0.15,0.11,0.02,0.13,0.11,0.13
Anton Stach,de GER,MF,Mainz 05,22,1998,29,20,1 861,20.juil,1,6,7,1,0,0,6,0,02.janv,02.janv,04.mai,06.juin,48,103,50,0.05,0.29,0.34,0.05,0.34,0.10,0.22,0.32,0.10,0.32
Kostas Stafylidis,gr GRE,DF MF,Bochum,27,1993,24,15,1 388,15.avr,0,1,1,0,0,0,3,1,0.6,0.6,0.7,01.mars,8,40,14,0.00,0.06,0.06,0.00,0.06,0.04,0.05,0.09,0.04,0.09
Josip Stanišić,hr CRO,DF,Bayern Munich,21,2000,13,6,644,07.févr,1,0,1,1,0,0,1,0,0.5,0.5,0.1,0.6,18,44,33,0.14,0.00,0.14,0.14,0.14,0.06,0.02,0.08,0.06,0.08
Niklas Stark,de GER,DF,Hertha BSC,26,1995,26,22,2 031,22.juin,1,0,1,1,0,0,3,0,0.8,0.8,0.4,01.févr,11,59,1,0.04,0.00,0.04,0.04,0.04,0.04,0.02,0.05,0.04,0.05
Renato Steffen,ch SUI,FW MF,Wolfsburg,29,1991,20,13,967,10.juil,0,1,1,0,0,0,6,0,1.0,1.0,01.mars,02.mars,25,24,62,0.00,0.09,0.09,0.00,0.09,0.10,0.12,0.22,0.10,0.22
Pascal Stenzel,de GER,DF,Stuttgart,25,1996,16,9,899,10.0,0,0,0,0,0,0,1,0,0.2,0.2,0.1,0.4,13,54,20,0.00,0.00,0.00,0.00,0.00,0.02,0.01,0.04,0.02,0.04
Angelo Stiller,de GER,MF,Hoffenheim,20,2001,26,18,1 693,18.août,2,1,3,2,0,0,1,0,01.janv,01.janv,01.févr,02.avr,20,115,63,0.11,0.05,0.16,0.11,0.16,0.06,0.06,0.13,0.06,0.13
Lars Stindl,de GER,MF FW,Gladbach,32,1988,26,20,1 629,18.janv,4,5,9,4,0,2,10,0,06.mars,04.juil,03.juin,08.mars,14,87,96,0.22,0.28,0.50,0.22,0.50,0.35,0.20,0.54,0.26,0.46
Kevin Stöger,at AUT,MF,Mainz 05,27,1993,23,1,419,04.juil,1,1,2,1,0,0,3,0,01.avr,01.avr,01.janv,02.mai,10,51,39,0.21,0.21,0.43,0.21,0.43,0.29,0.24,0.53,0.29,0.53
Tobias Strobl,de GER,MF DF,Augsburg,31,1990,5,4,323,03.juin,0,0,0,0,0,0,1,0,0.0,0.0,0.0,0.1,1,6,1,0.00,0.00,0.00,0.00,0.00,0.01,0.01,0.02,0.01,0.02
Niklas Süle,de GER,DF,Bayern Munich,25,1995,28,19,1 837,20.avr,1,2,3,1,0,0,2,0,01.mars,01.mars,01.févr,02.mai,31,140,20,0.05,0.10,0.15,0.05,0.15,0.07,0.06,0.12,0.07,0.12
Ádám Szalai,hu HUN,FW,Mainz 05,33,1987,12,2,260,02.sept,1,0,1,1,0,0,1,0,01.mars,01.mars,0.5,01.sept,0,2,32,0.35,0.00,0.35,0.35,0.35,0.46,0.18,0.64,0.46,0.64
Dominik Szoboszlai,hu HUN,MF FW,RB Leipzig,20,2000,31,15,1 543,17.janv,6,8,14,6,0,1,2,0,04.août,4.0,05.avr,09.avr,44,85,130,0.35,0.47,0.82,0.35,0.82,0.28,0.32,0.60,0.23,0.55
Jonathan Tah,de GER,DF,Leverkusen,25,1996,33,33,2 878,32.0,2,2,4,2,0,0,4,0,01.févr,01.févr,01.sept,03.janv,18,102,6,0.06,0.06,0.13,0.06,0.13,0.04,0.06,0.10,0.04,0.10
Edmond Tapsoba,bf BFA,DF,Leverkusen,22,1999,22,19,1 814,20.févr,1,0,1,1,0,0,1,0,0.4,0.4,0.0,0.4,13,89,5,0.05,0.00,0.05,0.05,0.05,0.02,0.00,0.02,0.02,0.02
Niklas Tauer,de GER,DF MF,Mainz 05,20,2001,11,6,487,05.avr,0,0,0,0,0,0,1,1,0.3,0.3,0.0,0.3,2,12,5,0.00,0.00,0.00,0.00,0.00,0.06,0.00,0.06,0.06,0.06
Robert Tesche,de GER,MF,Bochum,34,1987,11,5,349,03.sept,0,0,0,0,0,0,2,1,0.1,0.1,0.0,0.1,4,15,3,0.00,0.00,0.00,0.00,0.00,0.02,0.00,0.02,0.02,0.02
Cedric Teuchert,de GER,MF FW,Union Berlin,24,1997,6,0,105,01.févr,0,0,0,0,0,0,0,0,0.2,0.2,0.1,0.3,0,2,2,0.00,0.00,0.00,0.00,0.00,0.18,0.08,0.26,0.18,0.26
Jan Thielmann,de GER,MF FW,Köln,19,2002,29,10,1 192,13.févr,3,3,6,3,0,0,6,0,01.avr,01.avr,02.févr,03.mai,36,40,97,0.23,0.23,0.45,0.23,0.45,0.10,0.16,0.27,0.10,0.27
Erik Thommy,de GER,FW MF,Stuttgart,26,1994,11,1,274,3.0,0,0,0,0,0,0,0,0,0.3,0.3,0.6,0.9,4,10,26,0.00,0.00,0.00,0.00,0.00,0.10,0.20,0.31,0.10,0.31
Marcus Thuram,fr FRA,FW,Gladbach,23,1997,21,9,979,10.sept,3,0,3,3,0,0,2,0,04.juin,04.juin,01.janv,05.juil,32,17,95,0.28,0.00,0.28,0.28,0.28,0.46,0.11,0.57,0.46,0.57
Alexis Tibidi,fr FRA,MF FW,Stuttgart,17,2003,13,2,385,04.mars,0,0,0,0,0,0,1,0,0.4,0.4,0.4,0.8,8,8,31,0.00,0.00,0.00,0.00,0.00,0.10,0.09,0.18,0.10,0.18
Steffen Tigges,de GER,FW MF,Dortmund,23,1998,9,0,112,01.févr,3,0,3,3,0,0,0,0,01.janv,01.janv,0.4,01.mai,2,3,9,févr.41,0.00,févr.41,févr.41,févr.41,0.90,0.34,janv.24,0.90,janv.24
Malik Tillman,us USA,FW MF,Bayern Munich,19,2002,4,1,104,01.févr,0,0,0,0,0,0,0,0,0.2,0.2,0.2,0.4,1,10,11,0.00,0.00,0.00,0.00,0.00,0.14,0.21,0.34,0.14,0.34
Player,Nation,Pos,Squad,Age,Born,MP,Starts,Min,90s,Gls,Ast,G+A,G-PK,PK,PKatt,CrdY,CrdR,xG,npxG,xAG,npxG+xAG,PrgC,PrgP,PrgR,Gls,Ast,G+A,G-PK,G+A-PK,xG,xAG,xG+xAG,npxG,npxG+xAG
Timmy Tillman,de GER,MF,Greuther Fürth,22,1999,29,23,2 004,22.mars,1,2,3,1,0,0,3,0,01.juin,01.juin,02.juil,04.mars,33,85,83,0.04,0.09,0.13,0.04,0.13,0.07,0.12,0.19,0.07,0.19
Umut Tohumcu,de GER,MF,Hoffenheim,16,2004,1,0,5,0.1,0,0,0,0,0,0,0,0,0.0,0.0,0.0,0.0,0,0,0,0.00,0.00,0.00,0.00,0.00,0.00,0.00,0.00,0.00,0.00
Corentin Tolisso,fr FRA,MF,Bayern Munich,26,1994,15,8,703,07.août,2,1,3,2,0,0,0,0,02.janv,02.janv,01.sept,4.0,10,97,26,0.26,0.13,0.38,0.26,0.38,0.27,0.25,0.51,0.27,0.51
Tiago Tomás,pt POR,FW,Stuttgart,19,2002,14,13,1 075,11.sept,4,0,4,4,0,0,2,0,4.0,4.0,01.mai,05.mai,23,21,92,0.33,0.00,0.33,0.33,0.33,0.33,0.13,0.46,0.33,0.46
Jordan Torunarigha,de GER,DF,Hertha BSC,23,1997,7,6,483,05.avr,0,1,1,0,0,0,1,0,0.3,0.3,0.1,0.3,1,12,0,0.00,0.19,0.19,0.00,0.19,0.05,0.01,0.06,0.05,0.06
Almamy Touré,ml MLI,DF MF,Eint Frankfurt,25,1996,10,5,506,05.juin,0,0,0,0,0,0,2,0,1.0,1.0,0.0,1.0,6,15,17,0.00,0.00,0.00,0.00,0.00,0.17,0.00,0.17,0.17,0.17
Lucas Tousart,fr FRA,MF,Hertha BSC,24,1997,30,22,1 962,21.août,2,0,2,2,0,0,3,0,01.mai,01.mai,0.9,02.avr,30,79,25,0.09,0.00,0.09,0.09,0.09,0.07,0.04,0.11,0.07,0.11
Kevin Trapp,de GER,GK,Eint Frankfurt,31,1990,32,32,2 88,32.0,0,0,0,0,0,0,2,0,0.0,0.0,0.0,0.0,0,0,0,0.00,0.00,0.00,0.00,0.00,0.00,0.00,0.00,0.00,0.00
Christopher Trimmel,at AUT,DF FW,Union Berlin,34,1987,25,23,1 99,22.janv,2,0,2,2,0,0,5,0,01.avr,01.avr,02.févr,03.juin,42,81,70,0.09,0.00,0.09,0.09,0.09,0.06,0.10,0.16,0.06,0.16
Philipp Tschauner,de GER,GK,RB Leipzig,35,1985,1,0,3,0.0,0,0,0,0,0,0,0,0,0.0,0.0,0.0,0.0,0,0,0,0.00,0.00,0.00,0.00,0.00,0.00,0.00,0.00,0.00,0.00
Tuta,br BRA,DF,Eint Frankfurt,22,1999,26,26,2 183,24.mars,4,0,4,4,0,0,4,1,02.févr,02.févr,0.1,02.avr,26,63,9,0.16,0.00,0.16,0.16,0.16,0.09,0.01,0.10,0.09,0.10
Anthony Ujah,ng NGA,FW MF,Union Berlin,30,1990,3,0,35,0.4,0,0,0,0,0,0,0,0,0.3,0.3,0.1,0.3,1,0,5,0.00,0.00,0.00,0.00,0.00,0.74,0.13,0.87,0.74,0.87
Sven Ulreich,de GER,GK,Bayern Munich,32,1988,6,6,540,6.0,0,0,0,0,0,0,0,0,0.0,0.0,0.0,0.0,0,0,0,0.00,0.00,0.00,0.00,0.00,0.00,0.00,0.00,0.00,0.00
Dayot Upamecano,fr FRA,DF,Bayern Munich,22,1998,28,25,2 211,24.juin,1,6,7,1,0,0,4,0,0.6,0.6,2.0,02.mai,32,183,9,0.04,0.24,0.28,0.04,0.28,0.02,0.08,0.10,0.02,0.10
Benjamin Uphoff,de GER,GK,Freiburg,27,1993,2,2,180,2.0,0,0,0,0,0,0,0,0,0.0,0.0,0.0,0.0,0,1,0,0.00,0.00,0.00,0.00,0.00,0.00,0.00,0.00,0.00,0.00
Mark Uth,de GER,MF FW,Köln,29,1991,30,24,2 025,22.mai,5,8,13,5,0,0,3,0,05.févr,05.févr,06.août,11.sept,41,82,160,0.22,0.36,0.58,0.22,0.58,0.23,0.30,0.53,0.23,0.53
Ruben Vargas,ch SUI,MF FW,Augsburg,22,1998,29,26,1 984,22.0,1,3,4,1,0,0,4,0,03.juin,03.juin,02.juil,06.avr,76,60,118,0.05,0.14,0.18,0.05,0.18,0.16,0.12,0.29,0.16,0.29
Sebastian Vasiliadis,gr GRE,MF,Arminia,23,1997,19,16,1 193,13.mars,0,0,0,0,0,0,3,0,0.4,0.4,0.2,0.6,10,40,10,0.00,0.00,0.00,0.00,0.00,0.03,0.02,0.05,0.03,0.05
Micky van de Ven,nl NED,DF,Wolfsburg,20,2001,5,2,189,02.janv,0,1,1,0,0,0,0,0,0.0,0.0,0.9,0.9,3,5,3,0.00,0.48,0.48,0.00,0.48,0.00,0.42,0.42,0.00,0.42
Vincent Vermeij,nl NED,MF,Freiburg,26,1994,1,0,3,0.0,0,0,0,0,0,0,0,0,0.0,0.0,0.0,0.0,0,0,0,0.00,0.00,0.00,0.00,0.00,0.00,0.00,0.00,0.00,0.00
Gabriel Vidovic,hr CRO,FW MF,Bayern Munich,17,2003,3,0,36,0.4,0,0,0,0,0,0,0,0,0.0,0.0,0.1,0.1,0,1,5,0.00,0.00,0.00,0.00,0.00,0.00,0.15,0.15,0.00,0.15
Nick Viergever,nl NED,DF,Greuther Fürth,31,1989,24,24,2 133,23.juil,0,0,0,0,0,0,2,0,0.4,0.4,0.5,0.8,5,50,2,0.00,0.00,0.00,0.00,0.00,0.02,0.02,0.03,0.02,0.03
Andreas Voglsammer,de GER,FW MF,Union Berlin,29,1992,32,5,882,09.août,2,1,3,2,0,0,1,0,02.avr,02.avr,01.avr,03.août,15,18,57,0.20,0.10,0.31,0.20,0.31,0.25,0.14,0.39,0.25,0.39
Kevin Vogt,de GER,DF,Hoffenheim,29,1991,30,29,2 569,28.mai,0,2,2,0,0,0,7,0,0.0,0.0,0.3,0.3,31,150,5,0.00,0.07,0.07,0.00,0.07,0.00,0.01,0.01,0.00,0.01
Aster Vranckx,be BEL,MF,Wolfsburg,18,2002,24,12,1 141,12.juil,2,0,2,2,0,0,2,0,02.juin,02.juin,01.août,04.mai,17,37,23,0.16,0.00,0.16,0.16,0.16,0.21,0.15,0.35,0.21,0.35
Player,Nation,Pos,Squad,Age,Born,MP,Starts,Min,90s,Gls,Ast,G+A,G-PK,PK,PKatt,CrdY,CrdR,xG,npxG,xAG,npxG+xAG,PrgC,PrgP,PrgR,Gls,Ast,G+A,G-PK,G+A-PK,xG,xAG,xG+xAG,npxG,npxG+xAG
Luca Waldschmidt,de GER,MF FW,Wolfsburg,25,1996,14,9,717,8.0,1,0,1,1,0,0,2,0,01.août,01.août,0.4,02.févr,5,20,43,0.13,0.00,0.13,0.13,0.13,0.23,0.05,0.28,0.23,0.28
Paul Wanner,de GER,FW MF,Bayern Munich,15,2005,4,0,39,0.4,0,0,0,0,0,0,0,0,0.0,0.0,0.0,0.0,0,2,2,0.00,0.00,0.00,0.00,0.00,0.00,0.04,0.04,0.00,0.04
Wout Weghorst,nl NED,FW,Wolfsburg,28,1992,18,17,1 553,17.mars,6,1,7,5,1,2,2,0,07.sept,06.mars,01.sept,08.janv,16,33,88,0.35,0.06,0.41,0.29,0.35,0.46,0.11,0.57,0.36,0.47
Noah Weißhaupt,de GER,MF FW,Freiburg,19,2001,10,0,97,01.janv,0,0,0,0,0,0,0,0,0.0,0.0,0.4,0.4,3,6,10,0.00,0.00,0.00,0.00,0.00,0.00,0.39,0.39,0.00,0.39
Silvan Widmer,ch SUI,DF,Mainz 05,28,1993,33,33,2 92,32.4,4,5,9,4,0,0,1,0,02.avr,02.avr,3.0,05.avr,51,117,135,0.12,0.15,0.28,0.12,0.28,0.07,0.09,0.17,0.07,0.17
Jetro Willems,nl NED,DF,Greuther Fürth,27,1994,24,20,1 598,17.août,1,0,1,1,0,0,5,0,0.6,0.6,01.avr,02.janv,17,72,31,0.06,0.00,0.06,0.06,0.06,0.04,0.08,0.12,0.04,0.12
Patrick Wimmer,at AUT,FW MF,Arminia,20,2001,31,27,2 052,22.août,3,6,9,3,0,0,7,0,03.juil,03.juil,03.août,07.mai,64,76,105,0.13,0.26,0.39,0.13,0.39,0.16,0.17,0.33,0.16,0.33
Jonas Wind,dk DEN,FW MF,Wolfsburg,22,1999,14,14,1 18,13.janv,5,1,6,5,0,0,0,0,04.mai,04.mai,02.mai,7.0,9,57,58,0.38,0.08,0.46,0.38,0.46,0.34,0.19,0.54,0.34,0.54
Marten Winkler,de GER,MF,Hertha BSC,18,2002,1,0,26,0.3,0,0,0,0,0,0,0,0,0.0,0.0,0.0,0.0,1,1,4,0.00,0.00,0.00,0.00,0.00,0.00,0.00,0.00,0.00,0.00
Frederik Winther,dk DEN,DF,Augsburg,20,2001,4,3,328,03.juin,0,0,0,0,0,0,1,0,0.0,0.0,0.0,0.0,1,7,1,0.00,0.00,0.00,0.00,0.00,0.00,0.00,0.00,0.00,0.00
Florian Wirtz,de GER,MF FW,Leverkusen,18,2003,24,22,1 851,20.juin,7,10,17,7,0,0,2,0,05.avr,05.avr,07.juil,13.janv,75,136,134,0.34,0.49,0.83,0.34,0.83,0.26,0.37,0.64,0.26,0.64
Axel Witsel,be BEL,MF DF,Dortmund,32,1989,29,22,1 941,21.juin,2,0,2,2,0,0,4,0,0.8,0.8,0.7,01.avr,10,86,8,0.09,0.00,0.09,0.09,0.09,0.04,0.03,0.07,0.04,0.07
Hannes Wolf,at AUT,FW MF,Gladbach,22,1999,7,2,307,03.avr,0,0,0,0,0,0,2,0,0.2,0.2,0.4,0.6,5,5,17,0.00,0.00,0.00,0.00,0.00,0.07,0.11,0.17,0.07,0.17
Marius Wolf,de GER,DF FW,Dortmund,26,1995,27,15,1 321,14.juil,3,1,4,3,0,0,4,0,2.0,2.0,1.0,02.sept,37,49,112,0.20,0.07,0.27,0.20,0.27,0.13,0.07,0.20,0.13,0.20
Luca Wollschläger,de GER,FW MF,Hertha BSC,18,2003,2,0,16,0.2,0,0,0,0,0,0,0,0,0.0,0.0,0.1,0.1,2,1,3,0.00,0.00,0.00,0.00,0.00,0.16,0.35,0.50,0.16,0.50
Jeong Woo-yeong,kr KOR,FW MF,Freiburg,21,1999,32,23,1 782,19.août,5,2,7,5,0,0,1,0,05.mars,05.mars,01.août,07.févr,35,62,140,0.25,0.10,0.35,0.25,0.35,0.27,0.09,0.36,0.27,0.36
Joscha Wosz,de GER,DF,RB Leipzig,19,2002,1,0,9,0.1,0,0,0,0,0,0,0,0,0.0,0.0,0.0,0.0,0,0,0,0.00,0.00,0.00,0.00,0.00,0.00,0.00,0.00,0.00,0.00
Dan-Axel Zagadou,fr FRA,DF,Dortmund,22,1999,15,10,952,10.juin,0,0,0,0,0,0,2,0,0.3,0.3,0.0,0.3,4,50,2,0.00,0.00,0.00,0.00,0.00,0.02,0.00,0.02,0.02,0.02
Denis Zakaria,ch SUI,MF DF,Gladbach,24,1996,16,15,1 395,15.mai,2,1,3,2,0,0,4,0,0.9,0.9,0.8,01.juil,31,88,20,0.13,0.06,0.19,0.13,0.19,0.06,0.05,0.11,0.06,0.11
Deyovaisio Zeefuik,nl NED,DF,Hertha BSC,23,1998,11,6,565,06.mars,0,0,0,0,0,0,1,0,0.0,0.0,0.2,0.2,15,9,13,0.00,0.00,0.00,0.00,0.00,0.00,0.03,0.03,0.00,0.03
Robin Zentner,de GER,GK,Mainz 05,26,1994,32,32,2 88,32.0,0,0,0,0,0,0,1,0,0.0,0.0,0.0,0.0,0,2,0,0.00,0.00,0.00,0.00,0.00,0.00,0.00,0.00,0.00,0.00
Andi Zeqiri,ch SUI,FW MF,Augsburg,22,1999,22,11,1 016,11.mars,2,1,3,2,0,0,2,0,02.sept,02.sept,0.7,03.juin,10,19,44,0.18,0.09,0.27,0.18,0.27,0.25,0.06,0.32,0.25,0.32
Simon Zoller,de GER,FW,Bochum,30,1991,10,6,596,06.juin,3,2,5,3,0,0,3,0,01.août,01.août,0.7,02.mai,7,7,30,0.45,0.30,0.76,0.45,0.76,0.27,0.11,0.38,0.27,0.38
