Player,Nation,Pos,Squad,Age,Born,MP,Starts,Min,90s,Gls,Ast,G+A,G-PK,PK,PKatt,CrdY,CrdR,xG,npxG,xAG,npxG+xAG,PrgC,PrgP,PrgR,Gls,Ast,G+A,G-PK,G+A-PK,xG,xAG,xG+xAG,npxG,npxG+xAG
David Abraham,ar ARG,DF,Eint Frankfurt,32,1986,17,17,1 42,15.août,0,0,0,0,0,0,2,0,0.8,0.8,0.4,01.janv,20,80,7,0.00,0.00,0.00,0.00,0.00,0.05,0.03,0.07,0.05,0.07
Amir Abrashi,al ALB,MF,Freiburg,28,1990,10,9,790,08.août,0,0,0,0,0,0,5,0,0.2,0.2,0.1,0.3,6,19,9,0.00,0.00,0.00,0.00,0.00,0.03,0.01,0.04,0.03,0.04
Tyler Adams,us USA,MF,RB Leipzig,19,1999,10,8,721,8.0,0,2,2,0,0,0,0,0,0.1,0.1,1.0,01.janv,19,64,12,0.00,0.25,0.25,0.00,0.25,0.01,0.13,0.13,0.01,0.13
Antonis Aidonis,de GER,DF,Stuttgart,17,2001,2,1,80,0.9,0,0,0,0,0,0,1,0,0.0,0.0,0.0,0.0,0,2,3,0.00,0.00,0.00,0.00,0.00,0.00,0.00,0.00,0.00,0.00
Manuel Akanji,ch SUI,DF,Dortmund,23,1995,25,25,2 205,24.mai,1,0,1,1,0,0,1,0,0.5,0.5,0.6,01.janv,24,122,11,0.04,0.00,0.04,0.04,0.04,0.02,0.02,0.04,0.02,0.04
Chadrac Akolo,cd COD,MF FW,Stuttgart,23,1995,16,5,525,05.août,0,1,1,0,0,0,0,0,0.9,0.9,0.5,01.avr,14,14,40,0.00,0.17,0.17,0.00,0.17,0.16,0.08,0.24,0.16,0.24
Kevin Akpoguma,ng NGA,DF,Hoffenheim,23,1995,8,5,499,05.mai,0,0,0,0,0,0,2,0,0.0,0.0,0.0,0.0,4,33,0,0.00,0.00,0.00,0.00,0.00,0.00,0.00,0.00,0.00,0.00
Kevin Akpoguma,ng NGA,DF,Hannover 96,23,1995,4,4,313,03.mai,0,0,0,0,0,0,2,0,0.0,0.0,0.0,0.0,2,20,0,0.00,0.00,0.00,0.00,0.00,0.00,0.00,0.00,0.00,0.00
David Alaba,at AUT,DF,Bayern Munich,26,1992,31,29,2 53,28.janv,3,3,6,3,0,0,4,0,03.févr,03.févr,04.avr,07.juin,87,190,240,0.11,0.11,0.21,0.11,0.21,0.11,0.16,0.27,0.11,0.27
Lucas Alario,ar ARG,FW MF,Leverkusen,25,1992,27,11,1 265,14.janv,9,3,12,9,0,0,1,0,06.juil,06.juil,01.avr,08.janv,12,22,86,0.64,0.21,0.85,0.64,0.85,0.47,0.10,0.57,0.47,0.57
Miiko Albornoz,cl CHI,DF MF,Hannover 96,27,1990,22,19,1 66,18.avr,1,3,4,1,0,0,3,1,0.3,0.3,01.mai,01.août,34,71,75,0.05,0.16,0.22,0.05,0.22,0.02,0.08,0.10,0.02,0.10
Paco Alcácer,es ESP,FW,Dortmund,24,1993,26,11,1 211,13.mai,18,0,18,17,1,1,0,0,09.mai,08.août,01.juin,10.avr,12,17,70,janv.34,0.00,janv.34,janv.26,janv.26,0.71,0.12,0.83,0.65,0.77
Thiago Alcántara,es ESP,MF,Bayern Munich,27,1991,30,26,2 408,26.août,2,6,8,2,0,0,5,0,01.sept,01.sept,03.mai,05.avr,49,310,56,0.07,0.22,0.30,0.07,0.30,0.07,0.13,0.20,0.07,0.20
Alfonso,mz MOZ,MF,Hoffenheim,18,1999,1,0,9,0.1,0,0,0,0,0,0,0,0,0.1,0.1,0.0,0.1,0,0,0,0.00,0.00,0.00,0.00,0.00,0.59,0.00,0.59,0.59,0.59
Allan,br BRA,MF,Eint Frankfurt,21,1997,4,2,176,2.0,0,0,0,0,0,0,1,0,0.1,0.1,0.0,0.1,4,4,3,0.00,0.00,0.00,0.00,0.00,0.05,0.01,0.06,0.05,0.06
Nadiem Amiri,de GER,MF,Hoffenheim,21,1996,13,10,754,08.avr,3,1,4,3,0,0,1,0,02.févr,02.févr,01.avr,03.mai,22,50,36,0.36,0.12,0.48,0.36,0.48,0.26,0.16,0.42,0.26,0.42
Waldemar Anton,de GER,DF,Hannover 96,22,1996,34,34,3 06,34.0,1,0,1,1,0,0,4,0,01.août,01.août,0.2,2.0,35,96,17,0.03,0.00,0.03,0.03,0.03,0.05,0.01,0.06,0.05,0.06
Dennis Aogo,de GER,MF,Stuttgart,31,1987,15,13,1 025,11.avr,0,0,0,0,0,0,1,0,0.5,0.5,01.avr,01.sept,12,38,13,0.00,0.00,0.00,0.00,0.00,0.04,0.13,0.17,0.04,0.17
Charles Aránguiz,cl CHI,MF,Leverkusen,29,1989,24,22,1 891,21.0,2,7,9,2,0,0,3,0,01.avr,01.avr,03.avr,04.août,27,207,63,0.10,0.33,0.43,0.10,0.43,0.07,0.16,0.23,0.07,0.23
Maximilian Arnold,de GER,MF,Wolfsburg,24,1994,33,33,2 872,31.9,2,6,8,2,0,0,7,0,02.juil,02.juil,04.mars,7.0,41,141,83,0.06,0.19,0.25,0.06,0.25,0.09,0.13,0.22,0.09,0.22
Takuma Asano,jp JPN,MF FW,Hannover 96,23,1994,13,9,699,07.août,0,0,0,0,0,0,0,0,01.juin,01.juin,0.4,2.0,21,14,59,0.00,0.00,0.00,0.00,0.00,0.20,0.05,0.25,0.20,0.25
Santiago Ascacíbar,ar ARG,MF,Stuttgart,21,1997,27,27,2 428,27.0,0,0,0,0,0,0,10,1,01.mars,01.mars,0.5,01.sept,27,100,28,0.00,0.00,0.00,0.00,0.00,0.05,0.02,0.07,0.05,0.07
Simon Asta,de GER,DF,Augsburg,17,2001,1,1,90,1.0,0,0,0,0,0,0,1,0,0.1,0.1,0.0,0.1,2,2,3,0.00,0.00,0.00,0.00,0.00,0.06,0.00,0.06,0.06,0.06
Jean-Kévin Augustin,fr FRA,FW,RB Leipzig,21,1997,17,4,461,05.janv,3,0,3,3,0,0,0,0,02.août,02.août,0.8,03.juin,18,3,50,0.59,0.00,0.59,0.59,0.59,0.56,0.15,0.71,0.56,0.71
Ludwig Augustinsson,se SWE,DF,Werder Bremen,24,1994,34,34,3 026,33.6,1,4,5,1,0,0,5,0,01.mai,01.mai,02.févr,03.juil,83,154,226,0.03,0.12,0.15,0.03,0.15,0.04,0.07,0.11,0.04,0.11
Player,Nation,Pos,Squad,Age,Born,MP,Starts,Min,90s,Gls,Ast,G+A,G-PK,PK,PKatt,CrdY,CrdR,xG,npxG,xAG,npxG+xAG,PrgC,PrgP,PrgR,Gls,Ast,G+A,G-PK,G+A-PK,xG,xAG,xG+xAG,npxG,npxG+xAG
Kaan Ayhan,tr TUR,DF,Düsseldorf,23,1994,28,28,2 449,27.févr,4,1,5,4,0,0,10,0,02.mars,02.mars,0.4,02.juil,31,96,12,0.15,0.04,0.18,0.15,0.18,0.08,0.02,0.10,0.08,0.10
Florian Baak,de GER,MF,Hertha BSC,19,1999,1,0,1,0.0,0,0,0,0,0,0,0,0,0.0,0.0,0.0,0.0,0,0,0,0.00,0.00,0.00,0.00,0.00,0.00,0.00,0.00,0.00,0.00
Holger Badstuber,de GER,DF,Stuttgart,29,1989,10,5,522,05.août,0,0,0,0,0,0,1,0,0.0,0.0,0.0,0.0,0,13,0,0.00,0.00,0.00,0.00,0.00,0.00,0.00,0.00,0.00,0.00
Daniel Baier,de GER,MF,Augsburg,34,1984,33,33,2 815,31.mars,0,1,1,0,0,0,7,0,0.9,0.9,01.févr,02.janv,50,187,34,0.00,0.03,0.03,0.00,0.03,0.03,0.04,0.07,0.03,0.07
Leon Bailey,jm JAM,FW,Leverkusen,20,1997,29,21,1 914,21.mars,5,1,6,5,0,0,4,0,5.0,5.0,04.avr,09.mai,102,72,240,0.24,0.05,0.28,0.24,0.28,0.24,0.21,0.44,0.24,0.44
Marvin Bakalorz,de GER,MF,Hannover 96,28,1989,25,16,1 47,16.mars,1,0,1,1,0,0,5,0,0.8,0.8,0.6,01.avr,17,29,40,0.06,0.00,0.06,0.06,0.06,0.05,0.04,0.09,0.05,0.09
Ridle Baku,de GER,MF,Mainz 05,20,1998,15,10,937,10.avr,0,0,0,0,0,0,1,0,0.6,0.6,0.4,1.0,13,45,32,0.00,0.00,0.00,0.00,0.00,0.05,0.04,0.09,0.05,0.09
Philipp Bargfrede,de GER,MF DF,Werder Bremen,29,1989,15,13,1 079,12.0,0,0,0,0,0,0,6,0,0.2,0.2,0.1,0.3,8,57,6,0.00,0.00,0.00,0.00,0.00,0.01,0.01,0.03,0.01,0.03
Aymen Barkok,ma MAR,MF,Düsseldorf,20,1998,12,4,510,05.juil,0,0,0,0,0,0,0,0,0.5,0.5,0.2,0.7,8,25,24,0.00,0.00,0.00,0.00,0.00,0.09,0.03,0.12,0.09,0.12
Leandro Barreiro Martins,lu LUX,MF,Mainz 05,18,2000,1,1,90,1.0,0,0,0,0,0,0,1,0,0.0,0.0,0.1,0.1,2,3,0,0.00,0.00,0.00,0.00,0.00,0.02,0.07,0.08,0.02,0.08
Fin Bartels,de GER,MF FW,Werder Bremen,31,1987,2,0,23,0.3,0,0,0,0,0,0,0,0,0.0,0.0,0.0,0.0,1,1,1,0.00,0.00,0.00,0.00,0.00,0.00,0.00,0.00,0.00,0.00
Robert Bauer,de GER,DF,Nürnberg,23,1995,22,19,1 722,19.janv,0,0,0,0,0,0,4,1,0.2,0.2,01.janv,01.mars,31,72,49,0.00,0.00,0.00,0.00,0.00,0.01,0.06,0.07,0.01,0.07
Oliver Baumann,de GER,GK,Hoffenheim,28,1990,33,33,2 97,33.0,0,1,1,0,0,0,0,0,0.0,0.0,0.1,0.1,0,0,0,0.00,0.03,0.03,0.00,0.03,0.00,0.00,0.00,0.00,0.00
Timo Baumgartl,de GER,DF,Stuttgart,22,1996,18,18,1 62,18.0,1,0,1,1,0,0,2,0,0.3,0.3,0.2,0.5,5,43,7,0.06,0.00,0.06,0.06,0.06,0.02,0.01,0.03,0.02,0.03
Julian Baumgartlinger,at AUT,MF,Leverkusen,30,1988,21,16,1 559,17.mars,0,1,1,0,0,0,2,0,0.6,0.6,0.6,01.févr,21,111,25,0.00,0.06,0.06,0.00,0.06,0.04,0.03,0.07,0.04,0.07
Christoph Baumgartner,at AUT,MF,Hoffenheim,18,1999,2,1,85,0.9,0,0,0,0,0,0,2,1,0.1,0.1,0.0,0.1,9,5,1,0.00,0.00,0.00,0.00,0.00,0.11,0.00,0.11,0.11,0.11
Noah Joel Sarenren Bazee,ng NGA,FW MF,Hannover 96,21,1996,3,3,155,01.juil,0,0,0,0,0,0,0,0,0.5,0.5,0.0,0.5,6,2,17,0.00,0.00,0.00,0.00,0.00,0.28,0.00,0.28,0.28,0.28
Ihlas Bebou,tg TOG,MF FW,Hannover 96,24,1994,12,12,1 066,11.août,4,3,7,3,1,1,1,0,04.juin,03.août,01.sept,05.juil,48,48,97,0.34,0.25,0.59,0.25,0.51,0.39,0.16,0.55,0.32,0.48
Uffe Bech,dk DEN,FW,Hannover 96,25,1993,2,0,19,0.2,0,0,0,0,0,0,1,0,0.0,0.0,0.7,0.7,3,1,4,0.00,0.00,0.00,0.00,0.00,0.00,mars.20,mars.20,0.00,mars.20
Andreas Beck,de GER,DF,Stuttgart,31,1987,24,21,1 776,19.juil,0,2,2,0,0,0,2,0,0.7,0.7,01.avr,02.janv,15,63,48,0.00,0.10,0.10,0.00,0.10,0.04,0.07,0.11,0.04,0.11
Hanno Behrens,de GER,MF,Nürnberg,28,1990,30,30,2 639,29.mars,4,1,5,2,2,4,3,0,07.sept,04.août,01.mai,06.févr,25,78,54,0.14,0.03,0.17,0.07,0.10,0.27,0.05,0.32,0.16,0.21
Ishak Belfodil,dz ALG,FW MF,Hoffenheim,26,1992,28,20,1 863,20.juil,16,3,19,16,0,0,3,0,12.mars,12.mars,05.janv,17.avr,63,30,210,0.77,0.14,0.92,0.77,0.92,0.59,0.25,0.84,0.59,0.84
Stefan Bell,de GER,DF,Mainz 05,26,1991,25,25,2 25,25.0,0,0,0,0,0,0,7,0,01.juin,01.juin,01.févr,02.août,24,129,8,0.00,0.00,0.00,0.00,0.00,0.06,0.05,0.11,0.06,0.11
Karim Bellarabi,de GER,FW,Leverkusen,28,1990,19,14,1 057,11.juil,5,4,9,5,0,0,4,1,03.mars,03.mars,05.janv,08.avr,49,46,140,0.43,0.34,0.77,0.43,0.77,0.28,0.43,0.71,0.28,0.71
Lars Bender,de GER,MF DF,Leverkusen,29,1989,20,18,1 361,15.janv,1,4,5,1,0,0,2,0,01.janv,01.janv,01.mars,02.mai,16,95,65,0.07,0.26,0.33,0.07,0.33,0.07,0.09,0.16,0.07,0.16
Player,Nation,Pos,Squad,Age,Born,MP,Starts,Min,90s,Gls,Ast,G+A,G-PK,PK,PKatt,CrdY,CrdR,xG,npxG,xAG,npxG+xAG,PrgC,PrgP,PrgR,Gls,Ast,G+A,G-PK,G+A-PK,xG,xAG,xG+xAG,npxG,npxG+xAG
Sven Bender,de GER,DF,Leverkusen,29,1989,27,25,1 991,22.janv,0,0,0,0,0,0,3,0,0.9,0.9,0.2,01.janv,12,94,0,0.00,0.00,0.00,0.00,0.00,0.04,0.01,0.05,0.04,0.05
László Bénes,sk SVK,MF FW,Gladbach,20,1997,1,0,27,0.3,0,0,0,0,0,0,0,0,0.0,0.0,0.0,0.0,0,1,0,0.00,0.00,0.00,0.00,0.00,0.00,0.00,0.00,0.00,0.00
Nabil Bentaleb,dz ALG,MF,Schalke 04,23,1994,25,19,1 792,19.sept,3,0,3,0,3,3,4,0,03.mai,01.janv,0.9,2.0,42,101,39,0.15,0.00,0.15,0.00,0.00,0.18,0.05,0.22,0.06,0.10
Jordan Beyer,de GER,DF,Gladbach,18,2000,9,8,720,8.0,0,0,0,0,0,0,1,0,0.4,0.4,0.1,0.5,10,31,13,0.00,0.00,0.00,0.00,0.00,0.05,0.02,0.06,0.05,0.06
Ermin Bičakčić,ba BIH,DF,Hoffenheim,28,1990,25,20,1 79,19.sept,1,2,3,1,0,0,0,0,01.mai,01.mai,0.7,02.févr,47,133,4,0.05,0.10,0.15,0.05,0.15,0.07,0.03,0.11,0.07,0.11
Leonardo Bittencourt,de GER,MF,Hoffenheim,24,1993,21,13,1 069,11.sept,1,3,4,1,0,0,1,0,02.juin,02.juin,02.août,05.avr,48,53,66,0.08,0.25,0.34,0.08,0.34,0.22,0.24,0.46,0.22,0.46
Pablo de Blasis,ar ARG,FW,Mainz 05,30,1988,1,1,90,1.0,0,0,0,0,0,0,0,0,0.0,0.0,0.1,0.1,1,3,3,0.00,0.00,0.00,0.00,0.00,0.05,0.06,0.11,0.05,0.11
Danny Blum,de GER,MF,Eint Frankfurt,27,1991,1,0,3,0.0,0,0,0,0,0,0,0,0,0.0,0.0,0.0,0.0,0,0,0,0.00,0.00,0.00,0.00,0.00,0.00,0.00,0.00,0.00,0.00
Jérôme Boateng,de GER,DF,Bayern Munich,29,1988,20,19,1 693,18.août,0,2,2,0,0,0,1,0,0.6,0.6,1.0,01.juil,10,168,2,0.00,0.11,0.11,0.00,0.11,0.03,0.05,0.09,0.03,0.09
Adam Bodzek,de GER,MF DF,Düsseldorf,32,1985,21,20,1 596,17.juil,0,1,1,0,0,0,5,1,0.1,0.1,01.janv,01.févr,4,57,3,0.00,0.06,0.06,0.00,0.06,0.00,0.06,0.07,0.00,0.07
Jean-Paul Boëtius,sr SUR,MF,Mainz 05,24,1994,30,25,2 127,23.juin,4,7,11,4,0,0,8,0,02.juin,02.juin,04.sept,07.mai,45,117,126,0.17,0.30,0.47,0.17,0.47,0.11,0.21,0.32,0.11,0.32
Robin Bormuth,de GER,DF,Düsseldorf,22,1995,10,6,616,06.août,0,0,0,0,0,0,2,0,0.0,0.0,0.0,0.0,2,19,2,0.00,0.00,0.00,0.00,0.00,0.00,0.00,0.00,0.00,0.00
Nassim Boujellab,ma MAR,MF,Schalke 04,19,1999,7,4,378,04.févr,0,1,1,0,0,0,0,0,0.7,0.7,0.5,01.janv,15,16,17,0.00,0.24,0.24,0.00,0.24,0.16,0.11,0.27,0.16,0.27
Julian Brandt,de GER,MF FW,Leverkusen,22,1996,33,30,2 666,29.juin,7,11,18,7,0,0,0,0,8.0,8.0,09.mars,17.mars,107,198,291,0.24,0.37,0.61,0.24,0.61,0.27,0.31,0.58,0.27,0.58
Fabian Bredlow,de GER,GK,Nürnberg,23,1995,13,12,1 128,12.mai,0,0,0,0,0,0,1,0,0.0,0.0,0.0,0.0,0,1,0,0.00,0.00,0.00,0.00,0.00,0.00,0.00,0.00,0.00,0.00
Josip Brekalo,hr CRO,FW MF,Wolfsburg,20,1998,25,15,1 415,15.juil,3,3,6,3,0,0,2,0,02.mars,02.mars,01.avr,03.juil,72,78,111,0.19,0.19,0.38,0.19,0.38,0.14,0.09,0.23,0.14,0.23
Joshua Brenet,cw CUW,DF,Hoffenheim,24,1994,14,10,906,10.janv,2,1,3,2,0,0,0,0,01.juil,01.juil,01.sept,03.juin,31,43,82,0.20,0.10,0.30,0.20,0.30,0.17,0.19,0.36,0.17,0.36
John Brooks,us USA,DF,Wolfsburg,25,1993,29,29,2 61,29.0,3,2,5,3,0,0,7,0,02.juin,02.juin,0.8,03.avr,27,135,3,0.10,0.07,0.17,0.10,0.17,0.09,0.03,0.12,0.09,0.12
Daniel Brosinski,de GER,DF,Mainz 05,30,1988,26,26,2 203,24.mai,3,5,8,0,3,3,2,0,03.janv,0.7,04.janv,04.sept,47,98,112,0.12,0.20,0.33,0.00,0.20,0.13,0.17,0.30,0.03,0.20
Bruma,pt POR,MF,RB Leipzig,23,1994,14,6,553,06.janv,1,1,2,1,0,1,1,0,01.mai,0.7,01.mars,2.0,26,35,43,0.16,0.16,0.33,0.16,0.33,0.24,0.22,0.46,0.11,0.33
Jeffrey Bruma,nl NED,DF,Schalke 04,26,1991,9,7,624,06.sept,0,0,0,0,0,0,4,0,0.1,0.1,0.0,0.1,7,34,1,0.00,0.00,0.00,0.00,0.00,0.01,0.00,0.01,0.01,0.01
Jacob Bruun Larsen,dk DEN,FW,Dortmund,19,1998,24,16,1 265,14.janv,2,2,4,2,0,0,0,0,03.mars,03.mars,03.mai,06.sept,38,39,138,0.14,0.14,0.28,0.14,0.28,0.24,0.25,0.49,0.24,0.49
Niko Bungert,de GER,DF,Mainz 05,31,1986,7,3,284,03.févr,0,0,0,0,0,0,0,0,0.2,0.2,0.0,0.2,0,5,0,0.00,0.00,0.00,0.00,0.00,0.05,0.01,0.06,0.05,0.06
Guido Burgstaller,at AUT,FW,Schalke 04,29,1989,24,17,1 526,17.0,4,0,4,4,0,0,4,0,05.sept,05.sept,01.avr,07.févr,23,22,111,0.24,0.00,0.24,0.24,0.24,0.35,0.08,0.43,0.35,0.43
Jonathan Burkardt,de GER,FW MF,Mainz 05,18,2000,4,4,259,02.sept,0,0,0,0,0,0,0,0,0.8,0.8,0.5,01.avr,3,5,17,0.00,0.00,0.00,0.00,0.00,0.28,0.19,0.47,0.28,0.47
Player,Nation,Pos,Squad,Age,Born,MP,Starts,Min,90s,Gls,Ast,G+A,G-PK,PK,PKatt,CrdY,CrdR,xG,npxG,xAG,npxG+xAG,PrgC,PrgP,PrgR,Gls,Ast,G+A,G-PK,G+A-PK,xG,xAG,xG+xAG,npxG,npxG+xAG
Roman Bürki,ch SUI,GK,Dortmund,27,1990,32,32,2 88,32.0,0,0,0,0,0,0,1,0,0.0,0.0,0.0,0.0,0,0,0,0.00,0.00,0.00,0.00,0.00,0.00,0.00,0.00,0.00,0.00
Gaëtan Bussmann,fr FRA,DF,Mainz 05,27,1991,1,1,90,1.0,0,0,0,0,0,0,0,0,0.0,0.0,0.0,0.0,1,2,3,0.00,0.00,0.00,0.00,0.00,0.00,0.00,0.00,0.00,0.00
Jakub Błaszczykowski,pl POL,MF,Wolfsburg,32,1985,1,0,13,0.1,0,0,0,0,0,0,0,0,0.0,0.0,0.0,0.0,0,0,0,0.00,0.00,0.00,0.00,0.00,0.00,0.00,0.00,0.00,0.00
Caiuby,br BRA,MF FW,Augsburg,30,1988,14,10,1 006,11.févr,1,1,2,1,0,0,3,0,02.févr,02.févr,1.0,03.févr,29,31,82,0.09,0.09,0.18,0.09,0.18,0.20,0.09,0.28,0.20,0.28
Daniel Caligiuri,it ITA,DF FW,Schalke 04,30,1988,31,31,2 756,30.juin,7,3,10,3,4,6,9,0,06.mai,01.août,05.avr,07.févr,107,155,141,0.23,0.10,0.33,0.10,0.20,0.21,0.18,0.39,0.06,0.24
Jan-Ingwer Callsen-Bracker,de GER,DF,Augsburg,33,1984,1,0,7,0.1,0,0,0,0,0,0,1,0,0.1,0.1,0.0,0.1,0,0,0,0.00,0.00,0.00,0.00,0.00,0.86,0.00,0.86,0.86,0.86
Ignacio Camacho,es ESP,MF,Wolfsburg,28,1990,6,6,540,6.0,0,0,0,0,0,0,3,0,0.4,0.4,0.5,0.9,3,43,2,0.00,0.00,0.00,0.00,0.00,0.07,0.08,0.15,0.07,0.15
Jonas Carls,de GER,FW,Schalke 04,21,1997,1,1,90,1.0,0,0,0,0,0,0,0,0,0.0,0.0,0.0,0.0,4,2,1,0.00,0.00,0.00,0.00,0.00,0.00,0.03,0.03,0.00,0.03
Koen Casteels,be BEL,GK,Wolfsburg,26,1992,26,26,2 295,25.mai,0,0,0,0,0,0,0,0,0.0,0.0,0.0,0.0,0,2,0,0.00,0.00,0.00,0.00,0.00,0.00,0.00,0.00,0.00,0.00
Gonzalo Castro,de GER,MF,Stuttgart,31,1987,25,19,1 692,18.août,2,4,6,2,0,0,4,0,01.févr,01.févr,02.févr,03.avr,24,92,37,0.11,0.21,0.32,0.11,0.32,0.06,0.11,0.18,0.06,0.18
Timothy Chandler,us USA,DF,Eint Frankfurt,28,1990,1,0,17,0.2,0,0,0,0,0,0,0,0,0.0,0.0,0.1,0.1,0,0,2,0.00,0.00,0.00,0.00,0.00,0.00,0.47,0.47,0.00,0.47
Per Ciljan Skjelbred,no NOR,MF,Hertha BSC,31,1987,16,12,997,11.janv,0,1,1,0,0,0,3,0,0.5,0.5,0.3,0.8,14,57,14,0.00,0.09,0.09,0.00,0.09,0.04,0.03,0.07,0.04,0.07
Kingsley Coman,fr FRA,FW MF,Bayern Munich,22,1996,21,17,1 378,15.mars,6,4,10,6,0,0,2,0,4.0,4.0,4.0,8.0,99,55,244,0.39,0.26,0.65,0.39,0.65,0.26,0.26,0.52,0.26,0.52
Sergio Córdova,ve VEN,FW,Augsburg,20,1997,20,3,531,05.sept,3,0,3,3,0,0,1,0,1.0,1.0,0.2,01.févr,8,11,27,0.51,0.00,0.51,0.51,0.51,0.17,0.03,0.20,0.17,0.20
Danny da Costa,de GER,DF FW,Eint Frankfurt,25,1993,34,34,3 033,33.7,2,4,6,2,0,0,1,0,03.juin,03.juin,05.avr,9.0,76,88,185,0.06,0.12,0.18,0.06,0.18,0.11,0.16,0.27,0.11,0.27
Mickaël Cuisance,fr FRA,MF,Gladbach,18,1999,11,1,279,03.janv,0,1,1,0,0,0,3,0,0.4,0.4,0.3,0.7,8,20,19,0.00,0.32,0.32,0.00,0.32,0.14,0.09,0.23,0.14,0.23
Matheus Cunha,br BRA,FW MF,RB Leipzig,19,1999,25,9,853,09.mai,2,0,2,2,0,0,1,0,04.févr,04.févr,0.7,04.sept,21,30,75,0.21,0.00,0.21,0.21,0.21,0.44,0.08,0.52,0.44,0.52
Christoph Daferner,de GER,FW,Freiburg,20,1998,1,0,25,0.3,0,0,0,0,0,0,0,0,0.0,0.0,0.0,0.0,0,0,0,0.00,0.00,0.00,0.00,0.00,0.00,0.00,0.00,0.00,0.00
Mahmoud Dahoud,de GER,MF,Dortmund,22,1996,14,7,697,07.juil,1,0,1,1,0,0,2,0,01.févr,01.févr,1.0,02.févr,20,53,15,0.13,0.00,0.13,0.13,0.13,0.16,0.12,0.28,0.16,0.28
Leon Dajaku,de GER,DF MF,Stuttgart,17,2001,2,0,27,0.3,0,0,0,0,0,0,0,0,0.0,0.0,0.0,0.0,0,1,0,0.00,0.00,0.00,0.00,0.00,0.00,0.00,0.00,0.00,0.00
Kevin Danso,at AUT,DF,Augsburg,19,1998,18,13,1 247,13.sept,1,1,2,1,0,0,3,0,0.5,0.5,0.2,0.7,6,36,2,0.07,0.07,0.14,0.07,0.14,0.04,0.01,0.05,0.04,0.05
Palkó Dárdai,hu HUN,FW MF,Hertha BSC,19,1999,7,1,113,01.mars,0,0,0,0,0,0,0,0,0.1,0.1,0.1,0.2,3,3,12,0.00,0.00,0.00,0.00,0.00,0.04,0.09,0.13,0.04,0.13
Vladimír Darida,cz CZE,MF,Hertha BSC,27,1990,10,3,376,04.févr,0,1,1,0,0,0,1,0,1.0,1.0,0.8,01.juil,7,34,12,0.00,0.24,0.24,0.00,0.24,0.23,0.18,0.42,0.23,0.42
Alphonso Davies,ca CAN,MF FW,Bayern Munich,17,2000,6,0,80,0.9,1,0,1,1,0,0,1,0,0.1,0.1,0.0,0.1,1,1,7,janv.13,0.00,janv.13,janv.13,janv.13,0.15,0.00,0.15,0.15,0.15
Thomas Delaney,dk DEN,MF,Dortmund,26,1991,30,27,2 283,25.avr,3,5,8,3,0,0,7,0,02.avr,02.avr,03.févr,05.juin,21,126,32,0.12,0.20,0.32,0.12,0.32,0.09,0.13,0.22,0.09,0.22
Player,Nation,Pos,Squad,Age,Born,MP,Starts,Min,90s,Gls,Ast,G+A,G-PK,PK,PKatt,CrdY,CrdR,xG,npxG,xAG,npxG+xAG,PrgC,PrgP,PrgR,Gls,Ast,G+A,G-PK,G+A-PK,xG,xAG,xG+xAG,npxG,npxG+xAG
Kerem Demirbay,de GER,MF,Hoffenheim,25,1993,26,24,2 017,22.avr,4,9,13,4,0,0,6,0,04.mai,04.mai,07.avr,11.août,82,181,66,0.18,0.40,0.58,0.18,0.58,0.20,0.33,0.53,0.20,0.53
Diego Demme,de GER,MF,RB Leipzig,26,1991,26,24,2 055,22.août,0,2,2,0,0,0,4,0,0.4,0.4,02.juil,03.janv,52,182,38,0.00,0.09,0.09,0.00,0.09,0.02,0.12,0.14,0.02,0.14
Franco Di Santo,ar ARG,MF FW,Schalke 04,29,1989,4,3,245,02.juil,0,0,0,0,0,0,0,0,0.2,0.2,0.5,0.7,7,2,19,0.00,0.00,0.00,0.00,0.00,0.08,0.17,0.25,0.08,0.25
Abdou Diallo,sn SEN,DF,Dortmund,22,1996,28,27,2 379,26.avr,1,1,2,1,0,0,1,1,01.juin,01.juin,0.6,02.févr,46,125,62,0.04,0.04,0.08,0.04,0.08,0.06,0.02,0.08,0.06,0.08
Daniel Didavi,de GER,MF FW,Stuttgart,28,1990,20,8,956,10.juin,2,2,4,2,0,0,0,0,01.sept,01.sept,02.juil,04.juin,29,45,70,0.19,0.19,0.38,0.19,0.38,0.18,0.26,0.43,0.18,0.43
Tim Dierßen,de GER,MF,Hannover 96,22,1996,1,0,16,0.2,0,0,0,0,0,0,0,0,0.0,0.0,0.0,0.0,0,0,0,0.00,0.00,0.00,0.00,0.00,0.00,0.00,0.00,0.00,0.00
Javairô Dilrosun,nl NED,FW MF,Hertha BSC,20,1998,17,7,898,10.0,2,3,5,2,0,0,2,0,0.5,0.5,01.sept,02.avr,36,22,64,0.20,0.30,0.50,0.20,0.50,0.05,0.20,0.24,0.05,0.24
Giulio Donati,it ITA,DF,Mainz 05,28,1990,9,6,625,06.sept,0,0,0,0,0,0,2,0,0.1,0.1,0.6,0.7,13,32,33,0.00,0.00,0.00,0.00,0.00,0.01,0.08,0.10,0.01,0.10
Ji Dong-won,kr KOR,MF FW,Augsburg,27,1991,14,10,891,09.sept,4,1,5,4,0,0,2,0,01.juin,01.juin,1.0,02.juin,29,42,53,0.40,0.10,0.51,0.40,0.51,0.16,0.10,0.26,0.16,0.26
Anastasios Donis,gr GRE,FW MF,Stuttgart,21,1996,24,11,962,10.juil,5,2,7,5,0,0,4,0,02.sept,02.sept,1.0,03.sept,33,8,79,0.47,0.19,0.65,0.47,0.65,0.27,0.10,0.37,0.27,0.37
Aleksandar Dragović,at AUT,DF,Leverkusen,27,1991,18,13,1 335,14.août,2,0,2,2,0,0,4,0,0.8,0.8,0.1,0.9,10,70,2,0.13,0.00,0.13,0.13,0.13,0.05,0.01,0.06,0.05,0.06
Josip Drmić,ch SUI,FW,Gladbach,25,1992,5,2,222,02.mai,2,0,2,2,0,0,0,0,01.avr,01.avr,0.0,01.avr,7,1,18,0.81,0.00,0.81,0.81,0.81,0.56,0.01,0.57,0.56,0.57
Jaroslav Drobný,cz CZE,GK,Düsseldorf,38,1979,2,2,180,2.0,0,0,0,0,0,0,0,0,0.0,0.0,0.0,0.0,0,0,0,0.00,0.00,0.00,0.00,0.00,0.00,0.00,0.00,0.00,0.00
Marvin Ducksch,de GER,FW,Düsseldorf,24,1994,16,8,823,09.janv,1,1,2,1,0,0,1,0,01.juin,01.juin,01.août,03.avr,8,33,61,0.11,0.11,0.22,0.11,0.22,0.18,0.20,0.38,0.18,0.38
Ondrej Duda,sk SVK,MF,Hertha BSC,23,1994,32,30,2 563,28.mai,11,5,16,11,0,0,7,0,7.0,7.0,05.août,12.août,36,141,116,0.39,0.18,0.56,0.39,0.56,0.25,0.20,0.45,0.25,0.45
Johannes Eggestein,de GER,FW MF,Werder Bremen,20,1998,23,12,1 113,12.avr,4,1,5,4,0,0,0,0,04.juin,04.juin,01.août,06.avr,42,35,121,0.32,0.08,0.40,0.32,0.40,0.38,0.14,0.52,0.38,0.52
Maximilian Eggestein,de GER,MF,Werder Bremen,21,1996,34,34,3 052,33.9,5,4,9,5,0,0,4,0,02.janv,02.janv,04.juin,06.juil,77,199,127,0.15,0.12,0.27,0.15,0.27,0.06,0.14,0.20,0.06,0.20
Josip Elez,hr CRO,DF,Hannover 96,24,1994,10,7,646,07.févr,0,0,0,0,0,0,1,0,0.1,0.1,0.1,0.2,14,29,0,0.00,0.00,0.00,0.00,0.00,0.01,0.01,0.03,0.01,0.03
Nico Elvedi,ch SUI,DF,Gladbach,21,1996,30,30,2 623,29.janv,2,1,3,2,0,0,1,0,01.avr,01.avr,0.7,02.janv,53,118,11,0.07,0.03,0.10,0.07,0.10,0.05,0.02,0.07,0.05,0.07
Breel Embolo,ch SUI,FW,Schalke 04,21,1997,20,15,1 345,14.sept,5,1,6,5,0,0,4,0,04.févr,04.févr,02.sept,07.janv,31,23,111,0.33,0.07,0.40,0.33,0.40,0.28,0.19,0.47,0.28,0.47
Patrick Erras,de GER,MF,Nürnberg,23,1995,19,13,1 222,13.juin,0,1,1,0,0,0,1,0,0.8,0.7,0.8,01.mai,3,37,3,0.00,0.07,0.07,0.00,0.07,0.06,0.06,0.12,0.05,0.11
Michael Esser,de GER,GK,Hannover 96,30,1987,32,32,2 88,32.0,0,0,0,0,0,0,3,0,0.0,0.0,0.5,0.5,0,0,0,0.00,0.00,0.00,0.00,0.00,0.00,0.02,0.02,0.00,0.02
Alexander Esswein,de GER,MF FW,Stuttgart,28,1990,17,15,1 251,13.sept,0,0,0,0,0,0,3,0,01.juil,01.juil,01.mars,3.0,34,24,138,0.00,0.00,0.00,0.00,0.00,0.12,0.10,0.22,0.12,0.22
Ewerton,br BRA,DF,Nürnberg,29,1989,18,15,1 341,14.sept,0,0,0,0,0,0,2,0,0.6,0.6,0.1,0.7,2,20,0,0.00,0.00,0.00,0.00,0.00,0.04,0.01,0.04,0.04,0.04
Marco Fabián,mx MEX,FW,Eint Frankfurt,29,1989,1,1,62,0.7,0,0,0,0,0,0,0,0,0.1,0.1,0.0,0.1,2,0,2,0.00,0.00,0.00,0.00,0.00,0.10,0.00,0.10,0.10,0.10
Player,Nation,Pos,Squad,Age,Born,MP,Starts,Min,90s,Gls,Ast,G+A,G-PK,PK,PKatt,CrdY,CrdR,xG,npxG,xAG,npxG+xAG,PrgC,PrgP,PrgR,Gls,Ast,G+A,G-PK,G+A-PK,xG,xAG,xG+xAG,npxG,npxG+xAG
Ralf Fährmann,de GER,GK,Schalke 04,29,1988,17,16,1 47,16.mars,0,0,0,0,0,0,0,0,0.0,0.0,0.0,0.0,0,0,0,0.00,0.00,0.00,0.00,0.00,0.00,0.00,0.00,0.00,0.00
Simon Falette,gn GUI,DF,Eint Frankfurt,26,1992,7,7,600,06.juil,0,0,0,0,0,0,0,0,0.1,0.1,0.0,0.1,1,16,3,0.00,0.00,0.00,0.00,0.00,0.01,0.00,0.01,0.01,0.01
Felipe,br BRA,DF,Hannover 96,31,1987,17,14,1 095,12.févr,2,0,2,2,0,0,5,1,01.janv,01.janv,0.0,01.janv,7,24,2,0.16,0.00,0.16,0.16,0.16,0.09,0.00,0.09,0.09,0.09
Ohis Felix Uduokhai,de GER,DF,Wolfsburg,20,1997,11,2,244,02.juil,0,0,0,0,0,0,2,0,0.0,0.0,0.0,0.0,5,15,4,0.00,0.00,0.00,0.00,0.00,0.01,0.00,0.01,0.01,0.01
Gelson Fernandes,ch SUI,MF,Eint Frankfurt,31,1986,28,28,2 225,24.juil,1,0,1,1,0,0,10,1,0.8,0.8,0.3,01.janv,3,72,5,0.04,0.00,0.04,0.04,0.04,0.03,0.01,0.04,0.03,0.04
Oliver Fink,de GER,MF,Düsseldorf,36,1982,18,13,1 055,11.juil,3,0,3,3,0,0,4,0,0.7,0.7,0.6,01.mars,15,51,33,0.26,0.00,0.26,0.26,0.26,0.06,0.05,0.11,0.06,0.11
Alfreð Finnbogason,is ISL,FW,Augsburg,29,1989,18,17,1 335,14.août,10,1,11,6,4,4,2,0,10.juin,07.mai,02.avr,09.août,21,27,110,0.67,0.07,0.74,0.40,0.47,0.71,0.16,0.88,0.50,0.66
Mark Flekken,nl NED,GK,Freiburg,25,1993,1,1,90,1.0,0,0,0,0,0,0,0,0,0.0,0.0,0.0,0.0,0,0,0,0.00,0.00,0.00,0.00,0.00,0.00,0.00,0.00,0.00,0.00
Emil Forsberg,se SWE,MF FW,RB Leipzig,26,1991,20,14,1 249,13.sept,4,7,11,1,3,3,0,0,04.août,02.mai,04.mai,7.0,40,84,95,0.29,0.50,0.79,0.07,0.58,0.35,0.33,0.67,0.18,0.50
Iver Fossum,no NOR,MF,Hannover 96,22,1996,9,5,455,05.janv,0,0,0,0,0,0,0,0,0.2,0.2,01.janv,01.mars,4,12,14,0.00,0.00,0.00,0.00,0.00,0.04,0.22,0.26,0.04,0.26
Raphael Framberger,de GER,DF MF,Augsburg,22,1995,7,6,548,06.janv,0,0,0,0,0,0,2,0,0.0,0.0,01.mai,01.mai,23,22,24,0.00,0.00,0.00,0.00,0.00,0.00,0.24,0.24,0.00,0.24
Mike Frantz,de GER,MF FW,Freiburg,31,1986,31,29,2 216,24.juin,2,1,3,2,0,0,2,0,01.juil,01.juil,01.mai,03.janv,36,33,68,0.08,0.04,0.12,0.08,0.12,0.07,0.06,0.13,0.07,0.13
Marco Friedl,at AUT,DF,Werder Bremen,20,1998,7,5,474,05.mars,0,0,0,0,0,0,3,0,0.0,0.0,0.0,0.0,3,24,7,0.00,0.00,0.00,0.00,0.00,0.01,0.00,0.01,0.01,0.01
Alexander Fuchs,de GER,MF FW,Nürnberg,21,1997,9,8,655,07.mars,1,0,1,1,0,0,3,0,0.6,0.6,0.7,01.mars,11,30,23,0.14,0.00,0.14,0.14,0.14,0.08,0.10,0.17,0.08,0.17
Niclas Füllkrug,de GER,FW,Hannover 96,25,1993,14,13,1 112,12.avr,2,1,3,1,1,1,1,0,03.août,03.janv,0.9,03.sept,24,46,102,0.16,0.08,0.24,0.08,0.16,0.31,0.07,0.38,0.25,0.32
Mijat Gaćinović,rs SRB,MF,Eint Frankfurt,23,1995,29,16,1 626,18.janv,0,1,1,0,0,0,3,0,01.mai,01.mai,01.août,03.avr,44,75,85,0.00,0.06,0.06,0.00,0.06,0.09,0.10,0.19,0.09,0.19
Jean-Philippe Gbamin,ci CIV,MF,Mainz 05,22,1995,31,30,2 672,29.juil,2,1,3,2,0,0,3,0,01.avr,01.avr,01.sept,03.mars,67,135,67,0.07,0.03,0.10,0.07,0.10,0.05,0.06,0.11,0.05,0.11
Theodor Gebre Selassie,cz CZE,DF,Werder Bremen,31,1986,32,32,2 814,31.mars,3,2,5,3,0,0,2,0,03.sept,03.sept,2.0,05.sept,42,131,151,0.10,0.06,0.16,0.10,0.16,0.13,0.06,0.19,0.13,0.19
Dennis Geiger,de GER,MF,Hoffenheim,20,1998,4,2,246,02.juil,0,1,1,0,0,0,1,0,0.1,0.1,0.9,1.0,6,18,4,0.00,0.37,0.37,0.00,0.37,0.05,0.31,0.36,0.05,0.36
Christian Gentner,de GER,MF FW,Stuttgart,32,1985,29,24,2 018,22.avr,0,5,5,0,0,0,3,0,02.mai,02.mai,02.janv,04.juin,33,134,65,0.00,0.22,0.22,0.00,0.22,0.11,0.09,0.20,0.11,0.20
Yannick Gerhardt,de GER,MF,Wolfsburg,24,1994,30,28,2 455,27.mars,2,2,4,2,0,0,2,0,03.mai,03.mai,03.janv,06.juin,74,95,155,0.07,0.07,0.15,0.07,0.15,0.13,0.11,0.24,0.13,0.24
Fabian Giefer,de GER,GK,Augsburg,28,1990,4,4,360,4.0,0,0,0,0,0,0,0,0,0.0,0.0,0.0,0.0,0,0,0,0.00,0.00,0.00,0.00,0.00,0.00,0.01,0.01,0.00,0.01
Niko Gießelmann,de GER,DF,Düsseldorf,26,1991,30,29,2 593,28.août,0,3,3,0,0,0,2,0,01.mars,01.mars,03.févr,04.mai,54,116,100,0.00,0.10,0.10,0.00,0.10,0.04,0.11,0.16,0.04,0.16
Daniel Ginczek,de GER,FW,Wolfsburg,27,1991,24,12,1 276,14.févr,6,2,8,6,0,0,4,0,03.août,03.août,01.juin,05.avr,34,25,103,0.42,0.14,0.56,0.42,0.56,0.27,0.11,0.38,0.27,0.38
Matthias Ginter,de GER,DF,Gladbach,24,1994,27,27,2 379,26.avr,2,0,2,2,0,0,2,0,01.août,01.août,1.0,02.août,61,151,19,0.08,0.00,0.08,0.08,0.08,0.07,0.04,0.11,0.07,0.11
Player,Nation,Pos,Squad,Age,Born,MP,Starts,Min,90s,Gls,Ast,G+A,G-PK,PK,PKatt,CrdY,CrdR,xG,npxG,xAG,npxG+xAG,PrgC,PrgP,PrgR,Gls,Ast,G+A,G-PK,G+A-PK,xG,xAG,xG+xAG,npxG,npxG+xAG
Serge Gnabry,de GER,FW MF,Bayern Munich,23,1995,30,21,1 762,19.juin,10,5,15,10,0,0,0,0,09.avr,09.avr,06.sept,16.mars,101,69,236,0.51,0.26,0.77,0.51,0.77,0.48,0.35,0.83,0.48,0.83
Kevin Goden,de GER,DF MF,Nürnberg,19,1999,5,3,273,3.0,0,0,0,0,0,0,1,0,0.0,0.0,0.1,0.1,2,4,7,0.00,0.00,0.00,0.00,0.00,0.00,0.02,0.02,0.00,0.02
Mario Gómez,de GER,FW,Stuttgart,33,1985,31,25,2 211,24.juin,7,2,9,7,0,0,4,1,09.mars,09.mars,02.juil,12.0,18,37,111,0.28,0.08,0.37,0.28,0.37,0.38,0.11,0.49,0.38,0.49
Jérôme Gondorf,de GER,MF FW,Freiburg,30,1988,25,13,1 296,14.avr,2,2,4,2,0,0,3,0,01.mai,01.mai,03.janv,04.juil,22,54,62,0.14,0.14,0.28,0.14,0.28,0.10,0.22,0.32,0.10,0.32
Nicolás González,ar ARG,FW MF,Stuttgart,20,1998,30,23,2 162,24.0,2,3,5,2,0,0,2,1,06.mars,06.mars,03.sept,10.févr,62,51,154,0.08,0.12,0.21,0.08,0.21,0.26,0.16,0.42,0.26,0.42
Leon Goretzka,de GER,MF,Bayern Munich,23,1995,30,23,2 023,22.mai,8,4,12,8,0,0,3,0,06.mars,06.mars,02.mai,08.août,58,112,79,0.36,0.18,0.53,0.36,0.53,0.28,0.11,0.39,0.28,0.39
Felix Götze,de GER,MF,Augsburg,20,1998,6,0,126,01.avr,1,0,1,1,0,0,0,0,01.janv,01.janv,0.0,01.janv,0,4,2,0.71,0.00,0.71,0.71,0.71,0.75,0.00,0.75,0.75,0.75
Mario Götze,de GER,FW MF,Dortmund,26,1992,26,19,1 674,18.juin,7,7,14,7,0,0,0,0,04.juil,04.juil,06.févr,10.sept,54,80,182,0.38,0.38,0.75,0.38,0.75,0.25,0.33,0.59,0.25,0.59
Jeffrey Gouweleeuw,nl NED,DF,Augsburg,27,1991,25,24,2 092,23.févr,0,2,2,0,0,0,4,0,0.7,0.7,2.0,02.juil,25,127,2,0.00,0.09,0.09,0.00,0.09,0.03,0.09,0.12,0.03,0.12
Michael Gregoritsch,at AUT,MF FW,Augsburg,24,1994,32,28,2 487,27.juin,6,2,8,5,1,1,4,0,10.janv,09.mars,02.mai,11.août,36,102,145,0.22,0.07,0.29,0.18,0.25,0.36,0.09,0.45,0.34,0.43
Vincenzo Grifo,it ITA,MF FW,Hoffenheim,25,1993,7,3,335,03.juil,1,2,3,0,1,1,0,0,01.mai,0.7,0.6,01.mars,15,22,36,0.27,0.54,0.81,0.00,0.54,0.40,0.16,0.56,0.19,0.35
Vincenzo Grifo,it ITA,MF FW,Freiburg,25,1993,16,16,1 427,15.sept,6,3,9,5,1,1,1,0,03.juin,02.sept,03.févr,06.janv,63,68,110,0.38,0.19,0.57,0.32,0.50,0.23,0.20,0.43,0.18,0.38
Florian Grillitsch,at AUT,MF,Hoffenheim,22,1995,30,27,2 394,26.juin,0,3,3,0,0,0,8,0,01.mars,01.mars,02.sept,04.févr,54,177,14,0.00,0.11,0.11,0.00,0.11,0.05,0.11,0.16,0.05,0.16
Marko Grujić,rs SRB,MF,Hertha BSC,22,1996,22,20,1 78,19.août,5,1,6,5,0,0,5,0,04.avr,04.avr,01.juil,06.janv,45,112,43,0.25,0.05,0.30,0.25,0.30,0.22,0.09,0.31,0.22,0.31
Raphaël Guerreiro,pt POR,FW DF,Dortmund,24,1993,23,17,1 527,17.0,2,6,8,2,0,0,2,0,02.août,02.août,03.juin,06.avr,51,100,126,0.12,0.35,0.47,0.12,0.47,0.16,0.21,0.38,0.16,0.38
Josuha Guilavogui,fr FRA,MF,Wolfsburg,27,1990,19,18,1 57,17.avr,2,1,3,2,0,0,5,0,1.0,1.0,0.3,01.avr,10,69,14,0.11,0.06,0.17,0.11,0.17,0.06,0.02,0.08,0.06,0.08
Péter Gulácsi,hu HUN,GK,RB Leipzig,28,1990,33,33,2 925,32.5,0,0,0,0,0,0,0,0,0.0,0.0,0.2,0.2,0,0,0,0.00,0.00,0.00,0.00,0.00,0.00,0.01,0.01,0.00,0.01
Manuel Gulde,de GER,DF,Freiburg,27,1991,21,20,1 712,19.0,1,0,1,1,0,0,3,0,0.9,0.9,0.1,1.0,19,58,2,0.05,0.00,0.05,0.05,0.05,0.05,0.01,0.05,0.05,0.05
Christian Günter,de GER,DF MF,Freiburg,25,1993,32,32,2 879,32.0,0,5,5,0,0,0,4,1,01.févr,01.févr,03.juin,04.août,97,89,201,0.00,0.16,0.16,0.00,0.16,0.04,0.11,0.15,0.04,0.15
Ahmet Gürleyen,de GER,DF,Mainz 05,19,1999,1,0,13,0.1,0,0,0,0,0,0,0,0,0.6,0.6,0.0,0.6,1,0,1,0.00,0.00,0.00,0.00,0.00,avr.24,0.00,avr.24,avr.24,avr.24
Jonathan de Guzmán,nl NED,MF,Eint Frankfurt,30,1987,28,17,1 564,17.avr,3,6,9,3,0,0,4,0,03.févr,03.févr,04.févr,07.avr,29,91,53,0.17,0.35,0.52,0.17,0.52,0.18,0.24,0.43,0.18,0.43
Janik Haberer,de GER,MF FW,Freiburg,24,1994,27,26,2 34,26.0,1,3,4,1,0,0,5,1,01.mars,01.mars,03.mars,04.juin,30,105,80,0.04,0.12,0.15,0.04,0.15,0.05,0.13,0.18,0.05,0.18
Alexander Hack,de GER,DF,Mainz 05,24,1993,14,11,1 02,11.mars,1,1,2,1,0,0,1,0,0.9,0.9,0.5,01.avr,12,46,2,0.09,0.09,0.18,0.09,0.18,0.08,0.05,0.12,0.08,0.12
Benjamin Hadžić,ba BIH,FW MF,Hannover 96,19,1999,3,0,25,0.3,0,1,1,0,0,0,0,0,0.0,0.0,0.0,0.0,0,0,2,0.00,mars.60,mars.60,0.00,mars.60,0.00,0.16,0.16,0.00,0.16
André Hahn,de GER,FW MF,Augsburg,27,1990,28,21,2 052,22.août,4,4,8,4,0,0,7,0,02.sept,02.sept,04.janv,7.0,41,29,127,0.18,0.18,0.35,0.18,0.35,0.13,0.18,0.31,0.13,0.31
Player,Nation,Pos,Squad,Age,Born,MP,Starts,Min,90s,Gls,Ast,G+A,G-PK,PK,PKatt,CrdY,CrdR,xG,npxG,xAG,npxG+xAG,PrgC,PrgP,PrgR,Gls,Ast,G+A,G-PK,G+A-PK,xG,xAG,xG+xAG,npxG,npxG+xAG
Amadou Haidara,ml MLI,MF,RB Leipzig,20,1998,9,4,378,04.févr,1,0,1,1,0,0,1,0,0.6,0.6,0.6,01.janv,10,32,13,0.24,0.00,0.24,0.24,0.24,0.14,0.13,0.27,0.14,0.27
Achraf Hakimi,ma MAR,DF,Dortmund,19,1998,21,19,1 74,19.mars,2,4,6,2,0,0,4,0,01.juil,01.juil,02.sept,04.juin,72,107,106,0.10,0.21,0.31,0.10,0.31,0.09,0.15,0.24,0.09,0.24
Sébastien Haller,ci CIV,FW,Eint Frankfurt,24,1994,29,23,2 182,24.févr,15,9,24,12,3,3,3,0,13.janv,10.juil,06.janv,16.août,30,57,169,0.62,0.37,0.99,0.49,0.87,0.54,0.25,0.79,0.44,0.69
Marcel Halstenberg,de GER,DF FW,RB Leipzig,26,1991,28,27,2 414,26.août,3,6,9,1,2,2,2,0,03.juin,2.0,07.mai,09.mai,56,124,133,0.11,0.22,0.34,0.04,0.26,0.13,0.28,0.41,0.07,0.35
Genki Haraguchi,jp JPN,MF DF,Hannover 96,27,1991,28,22,2 133,23.juil,0,3,3,0,0,0,1,0,02.juin,02.juin,02.août,05.avr,60,82,78,0.00,0.13,0.13,0.00,0.13,0.11,0.12,0.23,0.11,0.23
Amine Harit,ma MAR,MF FW,Schalke 04,21,1997,18,12,1 082,12.0,1,1,2,1,0,0,1,0,1.0,1.0,01.févr,02.févr,64,59,89,0.08,0.08,0.17,0.08,0.17,0.09,0.10,0.18,0.09,0.18
Martin Harnik,at AUT,FW MF,Werder Bremen,31,1987,18,10,828,09.févr,4,2,6,4,0,0,2,0,05.août,05.août,01.juil,07.mai,14,17,97,0.43,0.22,0.65,0.43,0.65,0.63,0.18,0.81,0.63,0.81
Makoto Hasebe,jp JPN,DF MF,Eint Frankfurt,34,1984,28,28,2 52,28.0,0,0,0,0,0,0,4,0,0.1,0.1,1.0,1.0,30,141,2,0.00,0.00,0.00,0.00,0.00,0.00,0.03,0.04,0.00,0.04
Kai Havertz,de GER,MF FW,Leverkusen,19,1999,34,33,2 894,32.2,17,3,20,14,3,3,2,0,12.janv,09.juil,3.0,12.juil,107,207,263,0.53,0.09,0.62,0.44,0.53,0.38,0.09,0.47,0.30,0.39
Thorgan Hazard,be BEL,FW MF,Gladbach,25,1993,33,33,2 873,31.9,10,11,21,7,3,5,1,0,09.août,05.sept,08.sept,14.août,167,130,321,0.31,0.34,0.66,0.22,0.56,0.31,0.28,0.59,0.18,0.46
Dominique Heintz,de GER,DF,Freiburg,24,1993,34,34,3 053,33.9,1,1,2,1,0,0,5,0,0.8,0.8,1.0,01.juil,47,137,5,0.03,0.03,0.06,0.03,0.06,0.02,0.03,0.05,0.02,0.05
Rouwen Hennings,de GER,FW,Düsseldorf,30,1987,29,19,1 833,20.avr,7,4,11,6,1,1,3,0,08.mai,07.juil,03.janv,10.sept,15,53,119,0.34,0.20,0.54,0.29,0.49,0.42,0.15,0.57,0.38,0.53
Benjamin Henrichs,de GER,DF,Leverkusen,21,1997,1,1,63,0.7,0,0,0,0,0,0,1,0,0.0,0.0,0.0,0.0,2,3,6,0.00,0.00,0.00,0.00,0.00,0.00,0.00,0.00,0.00,0.00
Patrick Herrmann,de GER,FW DF,Gladbach,27,1991,24,10,1 079,12.0,3,2,5,3,0,0,1,0,01.mai,01.mai,3.0,04.avr,42,43,110,0.25,0.17,0.42,0.25,0.42,0.12,0.25,0.37,0.12,0.37
Martin Hinteregger,at AUT,DF,Augsburg,25,1992,18,18,1 575,17.mai,2,0,2,2,0,0,0,0,0.9,0.9,0.7,01.juin,16,65,2,0.11,0.00,0.11,0.11,0.11,0.05,0.04,0.09,0.05,0.09
Martin Hinteregger,at AUT,DF,Eint Frankfurt,25,1992,14,14,1 142,12.juil,1,0,1,1,0,0,3,0,01.févr,01.févr,0.2,01.avr,9,47,4,0.08,0.00,0.08,0.08,0.08,0.09,0.01,0.11,0.09,0.11
Marwin Hitz,ch SUI,GK,Dortmund,30,1987,2,2,180,2.0,0,0,0,0,0,0,1,0,0.0,0.0,0.0,0.0,0,0,0,0.00,0.00,0.00,0.00,0.00,0.00,0.00,0.00,0.00,0.00
André Hoffmann,de GER,DF MF,Düsseldorf,25,1993,13,11,1 049,11.juil,0,0,0,0,0,0,4,0,0.3,0.3,0.1,0.4,6,24,1,0.00,0.00,0.00,0.00,0.00,0.03,0.00,0.03,0.03,0.03
Nicolas Höfler,de GER,MF,Freiburg,28,1990,18,18,1 615,17.sept,0,0,0,0,0,0,6,0,0.8,0.8,01.févr,2.0,14,92,11,0.00,0.00,0.00,0.00,0.00,0.04,0.07,0.11,0.04,0.11
Jonas Hofmann,de GER,MF,Gladbach,26,1992,27,21,1 911,21.févr,5,5,10,4,1,2,2,0,05.mai,03.sept,03.mars,07.mars,58,145,117,0.24,0.24,0.47,0.19,0.42,0.26,0.16,0.42,0.19,0.34
Lucas Höler,de GER,FW,Freiburg,24,1994,26,11,1 006,11.févr,4,0,4,4,0,0,0,0,03.sept,03.sept,0.4,04.mars,22,25,86,0.36,0.00,0.36,0.36,0.36,0.35,0.03,0.38,0.35,0.38
Gerrit Holtmann,ph PHI,FW MF,Mainz 05,23,1995,4,1,145,01.juin,0,0,0,0,0,0,2,0,0.1,0.1,0.4,0.5,5,3,14,0.00,0.00,0.00,0.00,0.00,0.07,0.25,0.32,0.07,0.32
Justin Hoogma,nl NED,DF MF,Hoffenheim,20,1998,2,1,111,01.févr,0,0,0,0,0,0,0,0,0.0,0.0,0.0,0.0,3,10,1,0.00,0.00,0.00,0.00,0.00,0.00,0.00,0.00,0.00,0.00
Lukáš Hrádecký,fi FIN,GK,Leverkusen,28,1989,32,32,2 88,32.0,0,0,0,0,0,0,1,0,0.0,0.0,0.1,0.1,0,0,0,0.00,0.00,0.00,0.00,0.00,0.00,0.00,0.00,0.00,0.00
Branimir Hrgota,se SWE,FW,Eint Frankfurt,25,1993,1,0,5,0.1,0,0,0,0,0,0,0,0,0.0,0.0,0.0,0.0,0,0,1,0.00,0.00,0.00,0.00,0.00,0.00,0.00,0.00,0.00,0.00
Player,Nation,Pos,Squad,Age,Born,MP,Starts,Min,90s,Gls,Ast,G+A,G-PK,PK,PKatt,CrdY,CrdR,xG,npxG,xAG,npxG+xAG,PrgC,PrgP,PrgR,Gls,Ast,G+A,G-PK,G+A-PK,xG,xAG,xG+xAG,npxG,npxG+xAG
Benjamin Hübner,de GER,DF,Hoffenheim,29,1989,10,9,813,9.0,0,0,0,0,0,0,2,0,0.7,0.7,0.0,0.7,6,32,1,0.00,0.00,0.00,0.00,0.00,0.08,0.00,0.08,0.08,0.08
Mats Hummels,de GER,DF,Bayern Munich,29,1988,21,20,1 775,19.juil,1,1,2,1,0,0,1,0,02.avr,02.avr,1.0,03.avr,19,138,6,0.05,0.05,0.10,0.05,0.10,0.12,0.05,0.17,0.12,0.17
Vedad Ibišević,ba BIH,FW,Hertha BSC,33,1984,28,24,1 807,20.janv,10,2,12,9,1,1,5,1,12.avr,11.août,01.avr,13.févr,14,38,111,0.50,0.10,0.60,0.45,0.55,0.62,0.07,0.69,0.59,0.66
Ivo Iličević,hr CRO,MF,Nürnberg,31,1986,3,0,39,0.4,0,0,0,0,0,0,1,0,0.0,0.0,0.0,0.0,2,1,4,0.00,0.00,0.00,0.00,0.00,0.00,0.00,0.00,0.00,0.00
Stefan Ilsanker,at AUT,DF MF,RB Leipzig,29,1989,19,10,933,10.avr,0,0,0,0,0,0,5,1,0.5,0.5,0.3,0.8,2,39,4,0.00,0.00,0.00,0.00,0.00,0.05,0.03,0.08,0.05,0.08
Emiliano Insúa,ar ARG,DF,Stuttgart,29,1989,27,24,2 114,23.mai,2,2,4,2,0,0,4,1,0.5,0.5,02.mai,3.0,70,105,108,0.09,0.09,0.17,0.09,0.17,0.02,0.11,0.13,0.02,0.13
Mikael Ishak,se SWE,FW,Nürnberg,25,1993,29,22,1 917,21.mars,4,3,7,4,0,1,1,0,04.mai,03.août,02.janv,05.sept,25,27,100,0.19,0.14,0.33,0.19,0.33,0.21,0.10,0.31,0.18,0.28
Abass Issah,gh GHA,FW,Mainz 05,19,1998,1,0,9,0.1,0,0,0,0,0,0,0,0,0.0,0.0,0.0,0.0,0,0,0,0.00,0.00,0.00,0.00,0.00,0.29,0.00,0.29,0.29,0.29
Gian-Luca Itter,de GER,DF,Wolfsburg,19,1999,2,1,94,1.0,0,0,0,0,0,0,0,0,0.0,0.0,0.0,0.0,6,2,0,0.00,0.00,0.00,0.00,0.00,0.00,0.00,0.00,0.00,0.00
Koo Ja-cheol,kr KOR,MF,Augsburg,29,1989,26,19,1 64,18.févr,2,1,3,2,0,0,3,0,03.juil,03.juil,0.8,04.mai,24,65,48,0.11,0.05,0.16,0.11,0.16,0.20,0.05,0.25,0.20,0.25
Lukas Jäger,at AUT,FW MF,Nürnberg,24,1994,2,0,27,0.3,0,0,0,0,0,0,0,0,0.0,0.0,0.0,0.0,0,0,0,0.00,0.00,0.00,0.00,0.00,0.08,0.00,0.08,0.08,0.08
Christoph Janker,de GER,MF FW,Augsburg,33,1985,4,1,72,0.8,0,0,0,0,0,0,0,0,0.0,0.0,0.0,0.0,0,0,0,0.00,0.00,0.00,0.00,0.00,0.00,0.00,0.00,0.00,0.00
Tony Jantschke,de GER,DF,Gladbach,28,1990,14,10,933,10.avr,0,1,1,0,0,0,0,0,0.2,0.2,0.4,0.6,7,36,2,0.00,0.10,0.10,0.00,0.10,0.02,0.03,0.06,0.02,0.06
Rune Jarstein,no NOR,GK,Hertha BSC,33,1984,31,31,2 745,30.mai,0,0,0,0,0,0,2,0,0.0,0.0,0.0,0.0,0,0,0,0.00,0.00,0.00,0.00,0.00,0.00,0.00,0.00,0.00,0.00
Dennis Jastrzembski,pl POL,FW DF,Hertha BSC,18,2000,5,0,61,0.7,0,0,0,0,0,0,1,0,0.0,0.0,0.1,0.1,6,1,5,0.00,0.00,0.00,0.00,0.00,0.04,0.09,0.12,0.04,0.12
Tin Jedvaj,hr CRO,DF,Leverkusen,22,1995,16,13,1 121,12.mai,0,0,0,0,0,0,3,0,0.7,0.7,0.2,1.0,21,54,36,0.00,0.00,0.00,0.00,0.00,0.06,0.02,0.08,0.06,0.08
Fredrik Jensen,fi FIN,FW MF,Augsburg,20,1997,6,2,207,02.mars,0,0,0,0,0,0,0,0,0.3,0.3,0.8,1.0,3,3,9,0.00,0.00,0.00,0.00,0.00,0.12,0.33,0.45,0.12,0.45
Joelinton,br BRA,FW MF,Hoffenheim,21,1996,28,25,2 13,23.juil,7,5,12,7,0,0,5,0,08.mars,08.mars,05.févr,13.mai,53,72,160,0.30,0.21,0.51,0.30,0.51,0.35,0.22,0.57,0.35,0.57
Aron Jóhannsson,us USA,MF,Werder Bremen,27,1990,1,0,4,0.0,0,0,0,0,0,0,0,0,0.0,0.0,0.0,0.0,1,0,1,0.00,0.00,0.00,0.00,0.00,0.00,0.00,0.00,0.00,0.00
Fabian Johnson,us USA,DF FW,Gladbach,30,1987,18,11,1 012,11.févr,1,0,1,1,0,0,1,0,01.janv,01.janv,0.5,01.juin,20,43,43,0.09,0.00,0.09,0.09,0.09,0.09,0.05,0.14,0.09,0.14
Jonathas,br BRA,FW,Hannover 96,29,1989,10,6,607,06.juil,3,1,4,2,1,1,3,1,02.mars,01.mai,0.1,01.juin,9,8,33,0.44,0.15,0.59,0.30,0.44,0.34,0.01,0.35,0.22,0.24
Luka Jović,rs SRB,FW MF,Eint Frankfurt,20,1997,32,25,2 243,24.sept,17,5,22,16,1,1,1,0,14.sept,14.janv,03.sept,18.0,34,64,164,0.68,0.20,0.88,0.64,0.84,0.60,0.16,0.75,0.57,0.72
Sebastian Jung,de GER,DF,Wolfsburg,28,1990,1,1,56,0.6,0,0,0,0,0,0,0,0,0.0,0.0,0.0,0.0,2,2,2,0.00,0.00,0.00,0.00,0.00,0.00,0.06,0.06,0.00,0.06
Ozan Kabak,tr TUR,DF,Stuttgart,18,2000,15,15,1 35,15.0,3,0,3,3,0,0,4,0,01.mars,01.mars,0.1,01.avr,13,44,4,0.20,0.00,0.20,0.20,0.20,0.09,0.00,0.09,0.09,0.09
Pavel Kadeřábek,cz CZE,DF,Hoffenheim,26,1992,29,28,2 509,27.sept,3,4,7,3,0,0,7,0,03.août,03.août,06.janv,09.sept,74,91,224,0.11,0.14,0.25,0.11,0.25,0.14,0.22,0.36,0.14,0.36
Player,Nation,Pos,Squad,Age,Born,MP,Starts,Min,90s,Gls,Ast,G+A,G-PK,PK,PKatt,CrdY,CrdR,xG,npxG,xAG,npxG+xAG,PrgC,PrgP,PrgR,Gls,Ast,G+A,G-PK,G+A-PK,xG,xAG,xG+xAG,npxG,npxG+xAG
Shinji Kagawa,jp JPN,MF,Dortmund,29,1989,2,1,98,01.janv,0,0,0,0,0,0,0,0,0.4,0.4,0.0,0.4,0,4,6,0.00,0.00,0.00,0.00,0.00,0.40,0.00,0.40,0.40,0.40
Florian Kainz,at AUT,FW,Werder Bremen,25,1992,8,5,373,04.janv,0,1,1,0,0,0,2,0,0.4,0.4,0.7,01.janv,19,27,47,0.00,0.24,0.24,0.00,0.24,0.10,0.16,0.26,0.10,0.26
Salomon Kalou,ci CIV,FW MF,Hertha BSC,32,1985,30,27,2 317,25.juil,8,2,10,5,3,3,0,0,10.janv,07.juil,05.janv,12.sept,77,87,184,0.31,0.08,0.39,0.19,0.27,0.39,0.20,0.59,0.30,0.50
Marcin Kamiński,pl POL,DF,Düsseldorf,26,1992,27,27,2 43,27.0,0,1,1,0,0,0,1,0,0.7,0.7,0.4,01.févr,25,78,6,0.00,0.04,0.04,0.00,0.04,0.03,0.02,0.04,0.03,0.04
Patrick Kammerbauer,de GER,FW,Freiburg,21,1997,1,0,2,0.0,0,0,0,0,0,0,0,0,0.0,0.0,0.0,0.0,0,1,0,0.00,0.00,0.00,0.00,0.00,0.00,0.00,0.00,0.00,0.00
Kevin Kampl,si SVN,MF,RB Leipzig,27,1990,27,25,2 113,23.mai,2,5,7,2,0,0,5,0,01.août,01.août,04.avr,06.févr,84,195,67,0.09,0.21,0.30,0.09,0.30,0.08,0.19,0.26,0.08,0.26
Stefanos Kapino,gr GRE,GK,Werder Bremen,24,1994,1,0,45,0.5,0,0,0,0,0,0,0,0,0.0,0.0,0.0,0.0,0,0,0,0.00,0.00,0.00,0.00,0.00,0.00,0.00,0.00,0.00,0.00
Kenan Karaman,tr TUR,FW MF,Düsseldorf,24,1994,21,9,919,10.févr,3,1,4,3,0,0,0,0,03.avr,03.avr,02.janv,05.mai,32,21,87,0.29,0.10,0.39,0.29,0.39,0.33,0.21,0.54,0.33,0.54
Marc-Oliver Kempf,de GER,DF,Stuttgart,23,1995,23,23,2 025,22.mai,2,0,2,2,0,0,3,0,01.juil,01.juil,0.3,2.0,20,99,4,0.09,0.00,0.09,0.09,0.09,0.07,0.02,0.09,0.07,0.09
Sebastian Kerk,de GER,MF FW,Nürnberg,24,1994,21,17,1 179,13.janv,0,1,1,0,0,0,0,0,0.8,0.8,02.sept,03.juil,10,20,53,0.00,0.08,0.08,0.00,0.08,0.06,0.22,0.28,0.06,0.28
Rani Khedira,de GER,DF MF,Augsburg,24,1994,30,30,2 624,29.2,4,1,5,4,0,0,6,0,01.mai,01.mai,0.6,02.janv,14,72,27,0.14,0.03,0.17,0.14,0.17,0.05,0.02,0.07,0.05,0.07
Isaac Kiese Thelin,se SWE,FW MF,Leverkusen,26,1992,6,1,180,2.0,0,0,0,0,0,0,1,0,0.3,0.3,0.1,0.4,0,1,8,0.00,0.00,0.00,0.00,0.00,0.17,0.04,0.21,0.17,0.21
Joshua Kimmich,de GER,DF MF,Bayern Munich,23,1995,34,34,3 06,34.0,2,13,15,2,0,0,4,0,02.févr,02.févr,12.févr,14.avr,128,252,252,0.06,0.38,0.44,0.06,0.44,0.07,0.36,0.42,0.07,0.42
Davy Klaassen,nl NED,MF,Werder Bremen,25,1993,33,33,2 816,31.mars,5,4,9,5,0,0,5,0,3.0,3.0,03.juin,06.juil,28,138,112,0.16,0.13,0.29,0.16,0.29,0.10,0.12,0.21,0.10,0.21
Felix Klaus,de GER,FW MF,Wolfsburg,25,1992,15,5,443,04.sept,1,1,2,1,0,0,0,0,01.sept,01.sept,02.févr,04.janv,8,9,37,0.20,0.20,0.41,0.20,0.41,0.40,0.44,0.84,0.40,0.84
Tim Kleindienst,de GER,FW,Freiburg,22,1995,4,2,200,02.févr,0,0,0,0,0,0,0,0,0.7,0.7,0.1,0.8,2,5,11,0.00,0.00,0.00,0.00,0.00,0.31,0.04,0.35,0.31,0.35
Lukas Klostermann,de GER,DF,RB Leipzig,22,1996,26,22,2 003,22.mars,5,1,6,5,0,0,1,0,2.0,2.0,2.0,4.0,43,78,109,0.22,0.04,0.27,0.22,0.27,0.09,0.09,0.18,0.09,0.18
Lukas Klünter,de GER,DF,Hertha BSC,22,1996,10,7,592,06.juin,0,0,0,0,0,0,2,1,0.2,0.2,0.5,0.7,23,15,25,0.00,0.00,0.00,0.00,0.00,0.03,0.08,0.11,0.03,0.11
Robin Knoche,de GER,DF,Wolfsburg,26,1992,31,31,2 79,31.0,3,0,3,3,0,0,0,0,01.août,01.août,0.1,01.août,28,129,7,0.10,0.00,0.10,0.10,0.10,0.06,0.00,0.06,0.06,0.06
Törles Knöll,de GER,FW MF,Nürnberg,20,1997,16,2,370,04.janv,1,0,1,1,0,0,0,0,1.0,1.0,0.1,01.janv,4,4,18,0.24,0.00,0.24,0.24,0.24,0.25,0.02,0.26,0.25,0.26
Gregor Kobel,ch SUI,GK,Hoffenheim,20,1997,1,1,90,1.0,0,0,0,0,0,0,0,0,0.0,0.0,0.0,0.0,0,0,0,0.00,0.00,0.00,0.00,0.00,0.00,0.00,0.00,0.00,0.00
Gregor Kobel,ch SUI,GK,Augsburg,20,1997,16,16,1 389,15.avr,0,0,0,0,0,0,0,0,0.0,0.0,0.0,0.0,0,0,0,0.00,0.00,0.00,0.00,0.00,0.00,0.00,0.00,0.00,0.00
Robin Koch,de GER,MF DF,Freiburg,22,1996,24,21,1 901,21.janv,1,0,1,1,0,0,3,0,0.9,0.9,0.4,01.mars,5,55,6,0.05,0.00,0.05,0.05,0.05,0.04,0.02,0.06,0.04,0.06
Dominik Kohr,de GER,MF,Leverkusen,24,1994,18,10,973,10.août,0,2,2,0,0,0,4,0,01.avr,01.avr,01.juil,03.janv,16,53,17,0.00,0.18,0.18,0.00,0.18,0.13,0.16,0.29,0.13,0.29
Ibrahima Konaté,fr FRA,DF,RB Leipzig,19,1999,28,27,2 431,27.0,1,1,2,1,0,0,7,0,01.juil,01.juil,0.4,2.0,33,108,5,0.04,0.04,0.07,0.04,0.07,0.06,0.01,0.08,0.06,0.08
Player,Nation,Pos,Squad,Age,Born,MP,Starts,Min,90s,Gls,Ast,G+A,G-PK,PK,PKatt,CrdY,CrdR,xG,npxG,xAG,npxG+xAG,PrgC,PrgP,PrgR,Gls,Ast,G+A,G-PK,G+A-PK,xG,xAG,xG+xAG,npxG,npxG+xAG
Yevhen Konoplyanka,ua UKR,FW MF,Schalke 04,28,1989,13,7,656,07.mars,1,1,2,1,0,0,0,1,01.mai,01.mai,0.9,02.avr,36,16,51,0.14,0.14,0.27,0.14,0.27,0.21,0.12,0.33,0.21,0.33
Pascal Köpke,de GER,FW MF,Hertha BSC,22,1995,7,0,74,0.8,0,0,0,0,0,0,0,0,0.2,0.2,0.0,0.2,8,3,5,0.00,0.00,0.00,0.00,0.00,0.30,0.00,0.30,0.30,0.30
Julian Korb,de GER,DF,Hannover 96,26,1992,12,11,1 006,11.févr,0,0,0,0,0,0,0,0,0.0,0.0,0.4,0.5,19,55,44,0.00,0.00,0.00,0.00,0.00,0.00,0.04,0.04,0.00,0.04
Filip Kostić,rs SRB,DF FW,Eint Frankfurt,25,1992,34,33,2 956,32.8,6,10,16,6,0,0,4,0,04.mai,04.mai,09.août,14.févr,156,140,225,0.18,0.30,0.49,0.18,0.49,0.14,0.30,0.43,0.14,0.43
Dawid Kownacki,pl POL,MF FW,Düsseldorf,21,1997,10,7,575,06.avr,4,0,4,4,0,0,2,0,01.juin,01.juin,0.4,2.0,13,10,34,0.63,0.00,0.63,0.63,0.63,0.25,0.07,0.32,0.25,0.32
Thomas Kraft,de GER,GK,Hertha BSC,30,1988,4,3,315,03.mai,0,0,0,0,0,0,0,0,0.0,0.0,0.0,0.0,0,0,0,0.00,0.00,0.00,0.00,0.00,0.00,0.00,0.00,0.00,0.00
Andrej Kramarić,hr CRO,MF FW,Hoffenheim,27,1991,30,28,2 396,26.juin,17,4,21,12,5,6,2,0,21.0,16.mars,05.juil,22.0,129,128,198,0.64,0.15,0.79,0.45,0.60,0.79,0.22,1.00,0.61,0.83
Christoph Kramer,de GER,MF,Gladbach,27,1991,18,13,1 136,12.juin,2,1,3,2,0,0,6,0,1.0,1.0,0.8,01.sept,15,72,17,0.16,0.08,0.24,0.16,0.24,0.08,0.07,0.15,0.08,0.15
Max Kruse,de GER,FW MF,Werder Bremen,30,1988,32,32,2 832,31.mai,11,9,20,8,3,3,0,0,10.mars,8.0,06.févr,14.janv,76,214,312,0.35,0.29,0.64,0.25,0.54,0.33,0.20,0.52,0.25,0.45
Lukas Kübler,de GER,DF MF,Freiburg,25,1992,16,15,1 184,13.févr,0,2,2,0,0,0,2,0,0.2,0.2,01.janv,01.mars,9,38,41,0.00,0.15,0.15,0.00,0.15,0.02,0.08,0.10,0.02,0.10
Yuya Kubo,jp JPN,FW MF,Nürnberg,24,1993,22,15,1 357,15.janv,1,0,1,1,0,0,2,0,02.avr,02.avr,0.8,03.janv,30,29,95,0.07,0.00,0.07,0.07,0.07,0.16,0.05,0.21,0.16,0.21
Pierre Kunde,cm CMR,MF,Mainz 05,23,1995,29,23,1 909,21.févr,0,0,0,0,0,0,5,0,0.9,0.9,0.7,01.juin,34,124,10,0.00,0.00,0.00,0.00,0.00,0.04,0.03,0.08,0.04,0.08
Ahmed Kutucu,tr TUR,FW MF,Schalke 04,18,2000,13,3,425,04.juil,2,0,2,2,0,0,0,0,01.avr,01.avr,0.1,01.mai,15,4,24,0.42,0.00,0.42,0.42,0.42,0.30,0.02,0.32,0.30,0.32
Konrad Laimer,at AUT,MF DF,RB Leipzig,21,1997,29,20,1 874,20.août,1,1,2,1,0,0,7,0,02.mai,02.mai,02.janv,04.juil,39,101,104,0.05,0.05,0.10,0.05,0.10,0.12,0.10,0.23,0.12,0.23
Michael Lang,ch SUI,DF,Gladbach,27,1991,17,15,1 255,13.sept,1,0,1,1,0,0,0,0,01.sept,01.sept,0.4,02.mars,23,57,59,0.07,0.00,0.07,0.07,0.07,0.13,0.03,0.16,0.13,0.16
Sebastian Langkamp,de GER,DF,Werder Bremen,30,1988,21,15,1 414,15.juil,0,0,0,0,0,0,4,0,01.févr,01.févr,0.7,01.sept,30,79,5,0.00,0.00,0.00,0.00,0.00,0.07,0.04,0.12,0.07,0.12
Danny Latza,de GER,MF,Mainz 05,28,1989,24,22,1 863,20.juil,0,3,3,0,0,0,4,0,02.sept,02.sept,2.0,04.sept,22,126,67,0.00,0.14,0.14,0.00,0.14,0.14,0.10,0.24,0.14,0.24
Valentino Lazaro,at AUT,DF FW,Hertha BSC,22,1996,31,31,2 741,30.mai,3,6,9,3,0,0,6,0,02.janv,02.janv,06.avr,08.juin,73,127,168,0.10,0.20,0.30,0.10,0.30,0.07,0.21,0.28,0.07,0.28
Mathew Leckie,au AUS,FW MF,Hertha BSC,27,1991,18,10,941,10.mai,2,0,2,2,0,0,3,0,02.juil,02.juil,1.0,03.juil,36,33,92,0.19,0.00,0.19,0.19,0.19,0.26,0.09,0.35,0.26,0.35
Tim Leibold,de GER,DF,Nürnberg,24,1993,32,32,2 765,30.juil,0,2,2,0,0,1,6,1,2.0,01.févr,02.juil,03.sept,85,111,106,0.00,0.07,0.07,0.00,0.07,0.06,0.09,0.15,0.04,0.13
Robert Lewandowski,pl POL,FW,Bayern Munich,29,1988,33,33,2 957,32.9,22,7,29,19,3,4,2,0,30.juil,27.mai,08.sept,36.4,79,92,241,0.67,0.21,0.88,0.58,0.79,0.93,0.27,janv.21,0.84,01.nov
Philipp Lienhart,at AUT,DF,Freiburg,22,1996,14,7,614,06.août,0,0,0,0,0,0,0,0,0.5,0.5,0.1,0.6,7,25,1,0.00,0.00,0.00,0.00,0.00,0.07,0.02,0.08,0.07,0.08
Davor Lovren,hr CRO,MF,Düsseldorf,19,1998,2,0,46,0.5,0,0,0,0,0,0,0,0,0.0,0.0,0.0,0.0,0,2,8,0.00,0.00,0.00,0.00,0.00,0.06,0.00,0.06,0.06,0.06
Eduard Löwen,de GER,MF FW,Nürnberg,21,1997,22,17,1 623,18.0,3,2,5,3,0,0,3,0,03.janv,03.janv,01.sept,5.0,46,98,59,0.17,0.11,0.28,0.17,0.28,0.17,0.11,0.28,0.17,0.28
Derrick Luckassen,nl NED,DF,Hertha BSC,23,1995,4,2,250,02.août,0,0,0,0,0,0,0,0,0.0,0.0,0.0,0.0,0,14,1,0.00,0.00,0.00,0.00,0.00,0.00,0.00,0.00,0.00,0.00
Player,Nation,Pos,Squad,Age,Born,MP,Starts,Min,90s,Gls,Ast,G+A,G-PK,PK,PKatt,CrdY,CrdR,xG,npxG,xAG,npxG+xAG,PrgC,PrgP,PrgR,Gls,Ast,G+A,G-PK,G+A-PK,xG,xAG,xG+xAG,npxG,npxG+xAG
Dodi Lukebakio,be BEL,FW MF,Düsseldorf,20,1997,31,22,1 972,21.sept,10,3,13,6,4,6,6,0,12.juil,8.0,02.févr,10.févr,72,41,207,0.46,0.14,0.59,0.27,0.41,0.58,0.10,0.68,0.36,0.47
Fabian Lustenberger,ch SUI,DF MF,Hertha BSC,30,1988,29,24,2 172,24.janv,0,1,1,0,0,0,2,0,0.1,0.1,0.6,0.7,2,67,5,0.00,0.04,0.04,0.00,0.04,0.01,0.02,0.03,0.01,0.03
Andreas Luthe,de GER,GK,Augsburg,31,1987,15,14,1 311,14.juin,0,0,0,0,0,0,0,0,0.0,0.0,0.0,0.0,0,0,0,0.00,0.00,0.00,0.00,0.00,0.00,0.00,0.00,0.00,0.00
Pablo Maffeo,es ESP,DF MF,Stuttgart,21,1997,8,8,597,06.juin,0,0,0,0,0,0,1,0,0.2,0.2,0.6,0.8,7,10,32,0.00,0.00,0.00,0.00,0.00,0.03,0.09,0.11,0.03,0.11
Arne Maier,de GER,MF,Hertha BSC,19,1999,24,23,2 064,22.sept,0,0,0,0,0,0,2,0,0.8,0.8,01.août,02.juil,32,108,40,0.00,0.00,0.00,0.00,0.00,0.04,0.08,0.12,0.04,0.12
Linton Maina,de GER,FW MF,Hannover 96,19,1999,20,17,1 414,15.juil,1,3,4,1,0,0,0,0,01.juin,01.juin,02.juil,04.avr,61,52,89,0.06,0.19,0.25,0.06,0.25,0.10,0.17,0.28,0.10,0.28
Yunus Mallı,tr TUR,MF FW,Wolfsburg,26,1992,21,5,701,07.août,1,1,2,0,1,1,0,0,01.sept,01.janv,01.août,02.sept,25,36,45,0.13,0.13,0.26,0.00,0.13,0.24,0.23,0.47,0.14,0.37
Georg Margreitter,at AUT,DF,Nürnberg,29,1988,27,22,2 064,22.sept,2,0,2,2,0,0,2,0,01.févr,01.févr,0.3,01.avr,18,113,5,0.09,0.00,0.09,0.09,0.09,0.05,0.01,0.06,0.05,0.06
Aarón Martín,es ESP,DF,Mainz 05,21,1997,33,32,2 878,32.0,0,3,3,0,0,0,3,0,0.8,0.8,04.sept,05.juil,115,106,187,0.00,0.09,0.09,0.00,0.09,0.02,0.15,0.18,0.02,0.18
Javi Martínez,es ESP,MF,Bayern Munich,29,1988,21,16,1 309,14.mai,3,0,3,3,0,0,3,0,01.mai,01.mai,0.3,01.sept,11,69,15,0.21,0.00,0.21,0.21,0.21,0.11,0.02,0.13,0.11,0.13
Omar Mascarell,gq EQG,MF,Schalke 04,25,1993,14,11,993,11.0,0,2,2,0,0,0,2,0,0.2,0.2,0.3,0.5,8,43,1,0.00,0.18,0.18,0.00,0.18,0.02,0.02,0.04,0.02,0.04
Jean-Philippe Mateta,fr FRA,FW,Mainz 05,21,1997,34,29,2 483,27.juin,14,2,16,14,0,0,2,0,13.août,13.août,03.févr,17.0,44,37,169,0.51,0.07,0.58,0.51,0.58,0.50,0.11,0.62,0.50,0.62
Christian Mathenia,de GER,GK,Nürnberg,26,1992,22,22,1 932,21.mai,0,0,0,0,0,0,2,0,0.0,0.0,0.1,0.1,0,0,0,0.00,0.00,0.00,0.00,0.00,0.00,0.00,0.00,0.00,0.00
Rabbi Matondo,wls WAL,FW MF,Schalke 04,17,2000,7,1,189,02.janv,0,0,0,0,0,0,0,0,0.3,0.3,0.5,0.9,6,3,11,0.00,0.00,0.00,0.00,0.00,0.17,0.26,0.43,0.17,0.43
Philipp Max,de GER,DF MF,Augsburg,24,1993,30,30,2 569,28.mai,4,2,6,4,0,0,1,0,02.avr,02.avr,04.sept,07.mars,63,89,155,0.14,0.07,0.21,0.14,0.21,0.08,0.17,0.25,0.08,0.25
Alexandru Maxim,ro ROU,MF FW,Mainz 05,28,1990,22,3,579,06.avr,1,0,1,1,0,0,3,0,01.janv,01.janv,02.août,03.sept,37,48,51,0.16,0.00,0.16,0.16,0.16,0.17,0.44,0.61,0.17,0.61
Weston McKennie,us USA,MF FW,Schalke 04,19,1998,24,19,1 746,19.avr,1,4,5,1,0,0,6,0,3.0,3.0,02.mars,05.mars,29,59,88,0.05,0.21,0.26,0.05,0.26,0.16,0.12,0.28,0.16,0.28
Admir Mehmedi,ch SUI,FW MF,Wolfsburg,27,1991,26,20,1 692,18.août,6,5,11,6,0,0,1,0,4.0,4.0,03.juin,07.juin,36,74,176,0.32,0.27,0.59,0.32,0.59,0.21,0.19,0.41,0.21,0.41
Hamza Mendyl,ma MAR,DF,Schalke 04,20,1997,9,7,544,6.0,0,0,0,0,0,0,5,0,0.1,0.1,0.0,0.1,21,15,32,0.00,0.00,0.00,0.00,0.00,0.02,0.00,0.02,0.02,0.02
Virgil Misidjan,sr SUR,MF FW,Nürnberg,25,1993,23,17,1 543,17.janv,1,1,2,1,0,0,5,0,02.mai,02.mai,0.9,03.avr,62,39,135,0.06,0.06,0.12,0.06,0.12,0.14,0.05,0.20,0.14,0.20
Maximilian Mittelstädt,de GER,DF MF,Hertha BSC,21,1997,25,20,1 804,20.0,1,1,2,1,0,0,3,1,01.mars,01.mars,01.août,03.févr,34,68,94,0.05,0.05,0.10,0.05,0.10,0.07,0.09,0.16,0.07,0.16
Kevin Möhwald,de GER,MF,Werder Bremen,25,1993,23,7,873,09.juil,3,1,4,3,0,0,2,0,1.0,1.0,0.9,01.sept,11,56,39,0.31,0.10,0.41,0.31,0.41,0.10,0.09,0.19,0.10,0.19
Niklas Moisander,fi FIN,DF,Werder Bremen,32,1985,30,30,2 637,29.mars,0,0,0,0,0,0,7,1,0.4,0.4,1.0,01.mars,45,197,6,0.00,0.00,0.00,0.00,0.00,0.01,0.03,0.05,0.01,0.05
Alfredo Morales,us USA,MF,Düsseldorf,28,1990,23,16,1 532,17.0,1,1,2,1,0,0,6,0,1.0,1.0,01.janv,02.janv,12,60,23,0.06,0.06,0.12,0.06,0.12,0.06,0.07,0.12,0.06,0.12
Jan Morávek,cz CZE,MF,Augsburg,28,1989,13,7,757,08.avr,0,2,2,0,0,0,1,0,0.2,0.2,0.6,0.9,5,28,7,0.00,0.24,0.24,0.00,0.24,0.03,0.08,0.10,0.03,0.10
Player,Nation,Pos,Squad,Age,Born,MP,Starts,Min,90s,Gls,Ast,G+A,G-PK,PK,PKatt,CrdY,CrdR,xG,npxG,xAG,npxG+xAG,PrgC,PrgP,PrgR,Gls,Ast,G+A,G-PK,G+A-PK,xG,xAG,xG+xAG,npxG,npxG+xAG
Lukas Mühl,de GER,DF,Nürnberg,21,1997,31,31,2 79,31.0,1,0,1,1,0,0,4,0,1.0,1.0,0.8,01.août,14,70,5,0.03,0.00,0.03,0.03,0.03,0.03,0.02,0.06,0.03,0.06
Nordi Mukiele,fr FRA,DF,RB Leipzig,20,1997,19,14,1 225,13.juin,1,1,2,1,0,0,3,0,0.4,0.4,01.juin,02.janv,40,75,43,0.07,0.07,0.15,0.07,0.15,0.03,0.12,0.15,0.03,0.15
Florian Müller,de GER,GK,Mainz 05,20,1997,24,24,2 16,24.0,0,0,0,0,0,0,0,0,0.0,0.0,0.0,0.0,0,0,0,0.00,0.00,0.00,0.00,0.00,0.00,0.00,0.00,0.00,0.00
Nicolai Müller,de GER,MF FW,Hannover 96,30,1987,14,11,899,10.0,3,0,3,3,0,0,2,0,02.avr,02.avr,0.8,03.févr,19,21,48,0.30,0.00,0.30,0.30,0.30,0.24,0.08,0.32,0.24,0.32
Nicolai Müller,de GER,FW MF,Eint Frankfurt,30,1987,7,3,217,02.avr,2,0,2,2,0,0,1,0,0.7,0.7,0.1,0.8,4,5,7,0.83,0.00,0.83,0.83,0.83,0.27,0.04,0.32,0.27,0.32
Thomas Müller,de GER,MF FW,Bayern Munich,28,1989,32,28,2 378,26.avr,6,9,15,6,0,0,1,0,09.mars,09.mars,10.juin,19.sept,56,141,320,0.23,0.34,0.57,0.23,0.57,0.35,0.40,0.75,0.35,0.75
Florent Muslija,xk KVX,MF FW,Hannover 96,20,1998,17,6,679,07.mai,2,0,2,2,0,0,1,0,01.févr,01.févr,0.7,2.0,28,30,51,0.27,0.00,0.27,0.27,0.27,0.16,0.10,0.26,0.16,0.26
Yvon Mvogo,ch SUI,GK,RB Leipzig,24,1994,2,1,135,01.mai,0,0,0,0,0,0,0,0,0.0,0.0,0.0,0.0,0,0,0,0.00,0.00,0.00,0.00,0.00,0.00,0.00,0.00,0.00,0.00
Phillipp Mwene,at AUT,DF MF,Mainz 05,24,1994,6,2,274,3.0,0,0,0,0,0,0,0,0,0.0,0.0,0.3,0.4,5,13,12,0.00,0.00,0.00,0.00,0.00,0.01,0.11,0.12,0.01,0.12
Obite N'Dicka,ci CIV,DF,Eint Frankfurt,18,1999,27,24,2 304,25.juin,1,1,2,1,0,0,3,0,01.janv,01.janv,0.1,01.mars,30,105,9,0.04,0.04,0.08,0.04,0.08,0.04,0.01,0.05,0.04,0.05
Naldo,br BRA,DF,Schalke 04,35,1982,7,7,630,7.0,0,0,0,0,0,0,1,0,0.8,0.8,0.1,0.9,5,28,3,0.00,0.00,0.00,0.00,0.00,0.11,0.02,0.13,0.11,0.13
Matija Nastasić,rs SRB,DF,Schalke 04,25,1993,28,28,2 449,27.févr,1,0,1,1,0,0,6,1,2.0,2.0,0.2,02.mars,13,80,1,0.04,0.00,0.04,0.04,0.04,0.07,0.01,0.08,0.07,0.08
Reiss Nelson,eng ENG,MF FW,Hoffenheim,18,1999,23,5,643,07.janv,7,0,7,7,0,0,0,0,03.mars,03.mars,0.9,04.janv,35,28,57,0.98,0.00,0.98,0.98,0.98,0.46,0.12,0.58,0.46,0.58
Manuel Neuer,de GER,GK,Bayern Munich,32,1986,26,26,2 302,25.juin,0,0,0,0,0,0,1,0,0.0,0.0,0.0,0.0,0,2,0,0.00,0.00,0.00,0.00,0.00,0.00,0.00,0.00,0.00,0.00
Florian Neuhaus,de GER,MF,Gladbach,21,1997,32,25,2 062,22.sept,3,8,11,3,0,0,5,0,05.juil,05.juil,03.janv,08.sept,62,120,116,0.13,0.35,0.48,0.13,0.48,0.25,0.14,0.39,0.25,0.39
Moussa Niakhate,sn SEN,DF,Mainz 05,22,1996,33,32,2 789,31.0,1,1,2,1,0,0,3,0,01.mai,01.mai,0.6,02.janv,19,73,10,0.03,0.03,0.06,0.03,0.06,0.05,0.02,0.07,0.05,0.07
Florian Niederlechner,de GER,FW MF,Freiburg,27,1990,24,12,970,10.août,4,1,5,4,0,0,3,0,04.juin,04.juin,0.7,05.avr,11,18,53,0.37,0.09,0.46,0.37,0.46,0.43,0.07,0.50,0.43,0.50
Håvard Nordtveit,no NOR,MF DF,Hoffenheim,28,1990,8,4,470,05.févr,0,0,0,0,0,0,2,0,0.2,0.2,0.0,0.3,7,31,2,0.00,0.00,0.00,0.00,0.00,0.04,0.01,0.05,0.04,0.05
Alexander Nübel,de GER,GK,Schalke 04,21,1996,18,18,1 588,17.juin,0,0,0,0,0,0,1,1,0.0,0.0,0.0,0.0,0,0,1,0.00,0.00,0.00,0.00,0.00,0.00,0.00,0.00,0.00,0.00
Kasim Nuhu,gh GHA,DF,Hoffenheim,23,1995,13,11,904,10.0,0,1,1,0,0,0,5,1,0.2,0.2,0.1,0.2,10,63,3,0.00,0.10,0.10,0.00,0.10,0.02,0.01,0.02,0.02,0.02
Hans Nunoo Sarpei,gh GHA,FW MF,Stuttgart,19,1998,2,0,42,0.5,0,0,0,0,0,0,0,0,0.0,0.0,0.0,0.0,1,0,1,0.00,0.00,0.00,0.00,0.00,0.00,0.00,0.00,0.00,0.00
Bastian Oczipka,de GER,DF FW,Schalke 04,29,1989,21,21,1 875,20.août,1,5,6,1,0,0,3,0,0.4,0.4,04.févr,04.juil,63,67,65,0.05,0.24,0.29,0.05,0.29,0.02,0.20,0.22,0.02,0.22
Chima Okoroji,ng NGA,DF MF,Freiburg,21,1997,2,1,104,01.févr,0,0,0,0,0,0,0,0,0.0,0.0,0.0,0.0,2,0,4,0.00,0.00,0.00,0.00,0.00,0.00,0.00,0.00,0.00,0.00
Karim Onisiwo,at AUT,FW MF,Mainz 05,26,1992,26,11,1 161,12.sept,7,3,10,7,0,0,2,0,05.juin,05.juin,03.mars,08.août,36,17,105,0.54,0.23,0.78,0.54,0.78,0.43,0.25,0.68,0.43,0.68
Willi Orban,hu HUN,DF,RB Leipzig,25,1992,24,23,2 049,22.août,4,0,4,4,0,0,5,0,04.mai,04.mai,0.0,04.mai,8,79,10,0.18,0.00,0.18,0.18,0.18,0.20,0.00,0.20,0.20,0.20
Player,Nation,Pos,Squad,Age,Born,MP,Starts,Min,90s,Gls,Ast,G+A,G-PK,PK,PKatt,CrdY,CrdR,xG,npxG,xAG,npxG+xAG,PrgC,PrgP,PrgR,Gls,Ast,G+A,G-PK,G+A-PK,xG,xAG,xG+xAG,npxG,npxG+xAG
Yuya Osako,jp JPN,FW MF,Werder Bremen,28,1990,21,15,1 346,15.0,3,2,5,3,0,0,2,0,03.avr,03.avr,02.févr,05.juin,19,65,116,0.20,0.13,0.33,0.20,0.33,0.23,0.14,0.37,0.23,0.37
Matthias Ostrzolek,de GER,DF,Hannover 96,28,1990,18,16,1 468,16.mars,0,0,0,0,0,0,2,0,0.2,0.2,0.3,0.5,25,51,40,0.00,0.00,0.00,0.00,0.00,0.01,0.02,0.03,0.01,0.03
David Otto,de GER,MF FW,Hoffenheim,19,1999,3,0,28,0.3,0,0,0,0,0,0,0,0,0.0,0.0,0.7,0.7,2,2,2,0.00,0.00,0.00,0.00,0.00,0.00,févr.28,févr.28,0.00,févr.28
Reece Oxford,eng ENG,DF,Augsburg,19,1998,8,6,505,05.juin,0,1,1,0,0,0,0,1,0.3,0.3,0.1,0.4,2,14,1,0.00,0.18,0.18,0.00,0.18,0.06,0.01,0.07,0.06,0.07
Berkay Özcan,tr TUR,MF DF,Stuttgart,20,1998,3,0,51,0.6,0,0,0,0,0,0,0,0,0.0,0.0,0.0,0.0,0,0,1,0.00,0.00,0.00,0.00,0.00,0.00,0.00,0.00,0.00,0.00
Ramazan Özcan,at AUT,GK,Leverkusen,34,1984,2,2,180,2.0,0,0,0,0,0,0,0,0,0.0,0.0,0.0,0.0,0,0,0,0.00,0.00,0.00,0.00,0.00,0.00,0.00,0.00,0.00,0.00
Levin Öztunalı,de GER,MF FW,Mainz 05,22,1996,15,11,921,10.févr,0,1,1,0,0,0,3,0,0.5,0.5,0.9,01.avr,33,28,43,0.00,0.10,0.10,0.00,0.10,0.05,0.09,0.14,0.05,0.14
Gonçalo Paciência,pt POR,FW,Eint Frankfurt,23,1994,11,4,390,04.mars,3,1,4,3,0,0,1,0,02.mai,02.mai,1.0,03.avr,7,6,39,0.69,0.23,0.92,0.69,0.92,0.57,0.22,0.79,0.57,0.79
Federico Palacios Martínez,de GER,MF FW,Nürnberg,23,1995,17,9,942,10.mai,2,0,2,2,0,0,1,0,01.mars,01.mars,0.4,01.juil,11,27,44,0.19,0.00,0.19,0.19,0.19,0.13,0.04,0.17,0.13,0.17
Paulinho,br BRA,FW MF,Leverkusen,18,2000,15,0,180,2.0,0,0,0,0,0,0,0,0,0.3,0.3,0.1,0.3,6,10,21,0.00,0.00,0.00,0.00,0.00,0.13,0.05,0.17,0.13,0.17
Benjamin Pavard,fr FRA,DF,Stuttgart,22,1996,29,29,2 61,29.0,0,0,0,0,0,0,3,0,0.9,0.9,0.6,01.mai,22,92,21,0.00,0.00,0.00,0.00,0.00,0.03,0.02,0.05,0.03,0.05
Jiří Pavlenka,cz CZE,GK,Werder Bremen,26,1992,34,34,2 977,33.1,0,0,0,0,0,0,2,0,0.0,0.0,0.0,0.0,0,1,0,0.00,0.00,0.00,0.00,0.00,0.00,0.00,0.00,0.00,0.00
Peter Pekarík,sk SVK,DF,Hertha BSC,31,1986,3,2,217,02.avr,0,0,0,0,0,0,0,0,0.0,0.0,0.0,0.1,3,15,6,0.00,0.00,0.00,0.00,0.00,0.02,0.02,0.04,0.02,0.04
Matheus Pereira,br BRA,MF FW,Nürnberg,22,1996,19,16,1 232,13.juil,3,2,5,3,0,0,3,1,02.mars,02.mars,01.avr,03.juil,49,63,73,0.22,0.15,0.37,0.22,0.37,0.16,0.10,0.27,0.16,0.27
Pavao Pervan,at AUT,GK,Wolfsburg,30,1987,9,8,765,08.mai,0,0,0,0,0,0,1,0,0.0,0.0,0.1,0.1,0,0,0,0.00,0.00,0.00,0.00,0.00,0.00,0.01,0.01,0.00,0.01
Nils Petersen,de GER,FW,Freiburg,29,1988,24,20,1 929,21.avr,10,3,13,9,1,2,0,0,07.févr,05.juin,01.août,07.avr,13,30,98,0.47,0.14,0.61,0.42,0.56,0.34,0.08,0.42,0.26,0.34
Ondřej Petrák,cz CZE,MF,Nürnberg,26,1992,22,18,1 624,18.0,0,0,0,0,0,0,5,0,0.6,0.6,0.3,0.9,6,44,15,0.00,0.00,0.00,0.00,0.00,0.03,0.01,0.05,0.03,0.05
Maximilian Philipp,de GER,FW MF,Dortmund,24,1994,18,9,758,08.avr,1,1,2,1,0,0,0,0,1.0,1.0,0.2,01.févr,7,10,48,0.12,0.12,0.24,0.12,0.24,0.12,0.02,0.14,0.12,0.14
Łukasz Piszczek,pl POL,DF,Dortmund,33,1985,20,20,1 756,19.mai,1,6,7,1,0,0,3,0,0.5,0.5,02.sept,03.avr,36,113,54,0.05,0.31,0.36,0.05,0.36,0.03,0.15,0.17,0.03,0.17
Claudio Pizarro,pe PER,FW,Werder Bremen,39,1978,26,3,692,07.juil,5,2,7,5,0,0,1,0,03.janv,03.janv,0.7,03.août,7,26,63,0.65,0.26,0.91,0.65,0.91,0.40,0.09,0.49,0.40,0.49
Marvin Plattenhardt,de GER,DF,Hertha BSC,26,1992,22,22,1 924,21.avr,1,2,3,1,0,0,4,0,0.8,0.8,03.janv,03.sept,37,98,63,0.05,0.09,0.14,0.05,0.14,0.04,0.15,0.18,0.04,0.18
Alassane Pléa,fr FRA,FW,Gladbach,25,1993,34,28,2 503,27.août,12,4,16,12,0,0,2,0,10.avr,10.mars,02.août,13.janv,65,63,214,0.43,0.14,0.58,0.43,0.58,0.38,0.10,0.48,0.37,0.47
Luca Plogmann,de GER,GK,Werder Bremen,18,2000,1,0,38,0.4,0,0,0,0,0,0,0,0,0.0,0.0,0.0,0.0,0,0,0,0.00,0.00,0.00,0.00,0.00,0.00,0.00,0.00,0.00,0.00
Stefan Posch,at AUT,DF,Hoffenheim,21,1997,17,16,1 402,15.juin,0,0,0,0,0,0,5,0,0.3,0.3,0.4,0.8,17,94,2,0.00,0.00,0.00,0.00,0.00,0.02,0.03,0.05,0.02,0.05
Yussuf Poulsen,dk DEN,FW,RB Leipzig,24,1994,31,27,2 451,27.févr,15,3,18,15,0,0,2,0,12.0,11.juil,04.févr,15.sept,52,64,254,0.55,0.11,0.66,0.55,0.66,0.44,0.16,0.60,0.43,0.59
Player,Nation,Pos,Squad,Age,Born,MP,Starts,Min,90s,Gls,Ast,G+A,G-PK,PK,PKatt,CrdY,CrdR,xG,npxG,xAG,npxG+xAG,PrgC,PrgP,PrgR,Gls,Ast,G+A,G-PK,G+A-PK,xG,xAG,xG+xAG,npxG,npxG+xAG
Edgar Prib,de GER,MF,Hannover 96,28,1989,4,2,202,02.févr,0,1,1,0,0,0,1,0,0.6,0.6,0.5,1.0,9,10,8,0.00,0.45,0.45,0.00,0.45,0.26,0.20,0.46,0.26,0.46
Christian Pulisic,us USA,FW,Dortmund,19,1998,20,9,932,10.avr,4,4,8,4,0,0,2,0,04.août,04.août,02.juin,07.avr,66,20,109,0.39,0.39,0.77,0.39,0.77,0.47,0.25,0.72,0.47,0.72
Robin Quaison,se SWE,FW MF,Mainz 05,24,1993,28,25,2 194,24.avr,7,3,10,7,0,0,1,0,08.mai,08.mai,02.janv,10.mai,36,50,122,0.29,0.12,0.41,0.29,0.41,0.35,0.08,0.43,0.35,0.43
Raffael,br BRA,FW,Gladbach,33,1985,13,5,543,6.0,2,1,3,2,0,0,0,0,02.janv,02.janv,01.mars,03.avr,16,24,39,0.33,0.17,0.50,0.33,0.50,0.35,0.22,0.57,0.35,0.57
Rafinha,br BRA,DF,Bayern Munich,32,1985,16,9,901,10.0,1,1,2,1,0,0,1,0,0.1,0.1,0.6,0.7,17,85,50,0.10,0.10,0.20,0.10,0.20,0.01,0.06,0.07,0.01,0.07
Baba Rahman,gh GHA,DF,Schalke 04,24,1994,2,2,162,01.août,0,0,0,0,0,0,0,0,0.0,0.0,0.1,0.2,10,11,3,0.00,0.00,0.00,0.00,0.00,0.02,0.08,0.10,0.02,0.10
Benito Raman,be BEL,MF FW,Düsseldorf,23,1994,30,19,1 681,18.juil,10,4,14,10,0,0,1,0,07.avr,07.avr,02.juil,10.0,69,59,145,0.54,0.21,0.75,0.54,0.75,0.39,0.14,0.54,0.39,0.54
Milot Rashica,xk KVX,FW MF,Werder Bremen,22,1996,26,19,1 55,17.févr,9,5,14,8,1,1,1,0,7.0,06.févr,04.janv,10.mars,87,27,186,0.52,0.29,0.81,0.46,0.75,0.40,0.24,0.64,0.36,0.60
Yoric Ravet,fr FRA,FW MF,Freiburg,28,1989,4,0,75,0.8,0,0,0,0,0,0,0,0,0.1,0.1,0.0,0.1,1,3,5,0.00,0.00,0.00,0.00,0.00,0.07,0.05,0.13,0.07,0.13
Ante Rebić,hr CRO,FW MF,Eint Frankfurt,24,1993,28,23,1 978,22.0,9,4,13,9,0,0,4,1,09.févr,09.févr,05.avr,14.juin,88,59,193,0.41,0.18,0.59,0.41,0.59,0.42,0.25,0.67,0.42,0.67
Karim Rekik,nl NED,DF,Hertha BSC,23,1994,24,24,2 068,23.0,0,0,0,0,0,0,4,1,0.6,0.6,0.1,0.7,6,76,5,0.00,0.00,0.00,0.00,0.00,0.03,0.00,0.03,0.03,0.03
Michael Rensing,de GER,GK,Düsseldorf,34,1984,32,32,2 88,32.0,0,0,0,0,0,0,1,0,0.0,0.0,0.0,0.0,0,0,0,0.00,0.00,0.00,0.00,0.00,0.00,0.00,0.00,0.00,0.00
Marco Reus,de GER,MF FW,Dortmund,29,1989,27,27,2 316,25.juil,17,8,25,14,3,3,3,1,15.juil,13.avr,06.avr,19.août,77,125,188,0.66,0.31,0.97,0.54,0.85,0.61,0.25,0.86,0.52,0.77
Elvis Rexhbeçaj,xk KVX,MF,Wolfsburg,20,1997,24,13,1 144,12.juil,2,2,4,2,0,0,4,0,0.7,0.7,01.févr,2.0,15,57,41,0.16,0.16,0.31,0.16,0.31,0.06,0.10,0.16,0.06,0.16
Simon Rhein,de GER,MF,Nürnberg,20,1998,8,7,494,05.mai,0,0,0,0,0,0,1,1,0.0,0.0,0.0,0.1,10,24,0,0.00,0.00,0.00,0.00,0.00,0.01,0.01,0.01,0.01,0.01
Franck Ribéry,fr FRA,MF FW,Bayern Munich,35,1983,25,10,1 174,13.0,6,3,9,6,0,0,3,0,03.sept,03.sept,02.févr,06.janv,112,91,197,0.46,0.23,0.69,0.46,0.69,0.30,0.17,0.47,0.30,0.47
Marco Richter,de GER,MF FW,Augsburg,20,1997,25,17,1 426,15.août,4,6,10,4,0,0,4,0,03.mai,03.mai,02.sept,06.mai,57,45,142,0.25,0.38,0.63,0.25,0.63,0.22,0.18,0.41,0.22,0.41
Sascha Riether,de GER,FW,Schalke 04,35,1983,1,0,2,0.0,0,0,0,0,0,0,0,0,0.0,0.0,0.0,0.0,0,0,0,0.00,0.00,0.00,0.00,0.00,0.00,0.00,0.00,0.00,0.00
Arjen Robben,nl NED,FW MF,Bayern Munich,34,1984,12,7,567,06.mars,4,0,4,4,0,0,1,1,03.avr,03.avr,01.sept,05.mars,39,38,81,0.63,0.00,0.63,0.63,0.63,0.55,0.29,0.84,0.55,0.84
Sebastian Rode,de GER,MF,Eint Frankfurt,27,1990,12,12,923,10.mars,0,0,0,0,0,0,4,0,0.5,0.5,01.mars,01.août,13,55,21,0.00,0.00,0.00,0.00,0.00,0.05,0.13,0.18,0.05,0.18
James Rodríguez,co COL,MF,Bayern Munich,27,1991,20,13,1 138,12.juin,7,3,10,7,0,0,2,0,05.janv,05.janv,05.juin,10.juin,35,135,103,0.55,0.24,0.79,0.55,0.79,0.40,0.44,0.84,0.40,0.84
Jérôme Roussillon,fr FRA,DF,Wolfsburg,25,1993,28,28,2 461,27.mars,3,4,7,3,0,0,4,0,01.juil,01.juil,02.mai,04.févr,92,113,123,0.11,0.15,0.26,0.11,0.26,0.06,0.09,0.15,0.06,0.15
Sebastian Rudy,de GER,MF,Schalke 04,28,1990,21,17,1 356,15.janv,0,0,0,0,0,0,4,0,0.3,0.2,01.févr,01.avr,11,65,31,0.00,0.00,0.00,0.00,0.00,0.02,0.08,0.10,0.01,0.09
Lukas Rupp,de GER,MF DF,Hoffenheim,27,1991,1,0,25,0.3,0,0,0,0,0,0,0,0,0.0,0.0,0.0,0.0,1,1,5,0.00,0.00,0.00,0.00,0.00,0.00,0.11,0.11,0.00,0.11
Marco Russ,de GER,DF,Eint Frankfurt,32,1985,5,3,380,04.févr,0,0,0,0,0,0,1,0,0.0,0.0,0.0,0.0,4,9,1,0.00,0.00,0.00,0.00,0.00,0.01,0.00,0.01,0.01,0.01
Player,Nation,Pos,Squad,Age,Born,MP,Starts,Min,90s,Gls,Ast,G+A,G-PK,PK,PKatt,CrdY,CrdR,xG,npxG,xAG,npxG+xAG,PrgC,PrgP,PrgR,Gls,Ast,G+A,G-PK,G+A-PK,xG,xAG,xG+xAG,npxG,npxG+xAG
Frederik Rønnow,dk DEN,GK,Eint Frankfurt,25,1992,2,1,123,01.avr,0,0,0,0,0,0,0,0,0.0,0.0,0.0,0.0,0,0,0,0.00,0.00,0.00,0.00,0.00,0.00,0.00,0.00,0.00,0.00
Marcel Sabitzer,at AUT,MF,RB Leipzig,24,1994,30,26,2 352,26.janv,4,3,7,4,0,0,9,0,05.janv,05.janv,04.sept,10.0,49,159,187,0.15,0.11,0.27,0.15,0.27,0.19,0.19,0.38,0.19,0.38
Nuri Şahin,tr TUR,MF,Werder Bremen,29,1988,20,19,1 476,16.avr,1,1,2,1,0,0,5,0,0.6,0.6,0.8,01.mai,15,101,18,0.06,0.06,0.12,0.06,0.12,0.04,0.05,0.09,0.04,0.09
Samuel Şahin-Radlinger,at AUT,GK,Hannover 96,25,1992,1,1,90,1.0,0,0,0,0,0,0,0,0,0.0,0.0,0.0,0.0,0,0,0,0.00,0.00,0.00,0.00,0.00,0.00,0.00,0.00,0.00,0.00
Carlos Salcedo,mx MEX,DF,Eint Frankfurt,24,1993,6,6,460,05.janv,0,0,0,0,0,0,3,0,0.1,0.1,0.0,0.1,2,25,1,0.00,0.00,0.00,0.00,0.00,0.01,0.00,0.01,0.01,0.01
Roland Sallai,hu HUN,MF,Freiburg,21,1997,10,5,527,05.sept,2,0,2,2,0,0,3,0,01.mai,01.mai,0.4,01.sept,19,20,44,0.34,0.00,0.34,0.34,0.34,0.25,0.07,0.32,0.25,0.32
Edgar Salli,cm CMR,FW MF,Nürnberg,25,1992,3,1,116,01.mars,0,0,0,0,0,0,1,0,0.1,0.1,0.0,0.1,1,3,6,0.00,0.00,0.00,0.00,0.00,0.07,0.02,0.08,0.07,0.08
Renato Sanches,pt POR,MF,Bayern Munich,20,1997,17,4,577,06.avr,1,1,2,1,0,0,2,1,0.9,0.9,0.9,01.août,26,38,27,0.16,0.16,0.31,0.16,0.31,0.13,0.14,0.27,0.13,0.27
Jadon Sancho,eng ENG,FW MF,Dortmund,18,2000,34,26,2 461,27.mars,12,14,26,12,0,0,2,0,7.0,7.0,07.juil,14.juil,149,130,328,0.44,0.51,0.95,0.44,0.95,0.26,0.28,0.54,0.26,0.54
Salif Sané,sn SEN,DF,Schalke 04,27,1990,30,29,2 614,29.0,2,0,2,2,0,0,4,0,01.juin,01.juin,0.3,01.sept,25,97,7,0.07,0.00,0.07,0.07,0.07,0.06,0.01,0.07,0.06,0.07
Marcelo Saracchi,uy URU,DF,RB Leipzig,20,1998,9,7,653,07.mars,0,1,1,0,0,0,2,0,0.0,0.0,1.0,1.0,25,36,50,0.00,0.14,0.14,0.00,0.14,0.00,0.13,0.14,0.00,0.14
Josh Sargent,us USA,FW,Werder Bremen,18,2000,10,1,212,02.avr,2,0,2,2,0,0,1,0,01.mai,01.mai,0.1,01.juin,5,1,19,0.85,0.00,0.85,0.85,0.85,0.63,0.05,0.68,0.63,0.68
Julian Schieber,de GER,FW,Augsburg,29,1989,9,3,258,02.sept,1,0,1,1,0,0,1,0,0.7,0.7,0.6,01.mars,2,7,24,0.35,0.00,0.35,0.35,0.35,0.23,0.21,0.44,0.23,0.44
Keven Schlotterbeck,de GER,DF,Freiburg,21,1997,9,8,773,08.juin,0,0,0,0,0,0,1,0,0.2,0.2,0.0,0.2,5,24,0,0.00,0.00,0.00,0.00,0.00,0.02,0.00,0.02,0.02,0.02
Nico Schlotterbeck,de GER,DF,Freiburg,18,1999,4,2,226,02.mai,0,0,0,0,0,0,1,0,0.0,0.0,0.0,0.0,3,7,1,0.00,0.00,0.00,0.00,0.00,0.01,0.00,0.01,0.01,0.01
Marcel Schmelzer,de GER,DF,Dortmund,30,1988,9,6,566,06.mars,0,1,1,0,0,0,1,0,0.2,0.2,0.3,0.5,19,26,33,0.00,0.16,0.16,0.00,0.16,0.03,0.05,0.08,0.03,0.08
Jonathan Schmid,fr FRA,DF,Augsburg,28,1990,28,28,2 52,28.0,3,7,10,3,0,0,1,0,0.8,0.8,03.mars,04.janv,43,109,87,0.11,0.25,0.36,0.11,0.36,0.03,0.12,0.15,0.03,0.15
Alessandro Schöpf,at AUT,MF DF,Schalke 04,24,1994,15,11,1 004,11.févr,1,0,1,1,0,0,3,0,01.févr,01.févr,01.avr,02.juin,43,35,49,0.09,0.00,0.09,0.09,0.09,0.11,0.12,0.23,0.11,0.23
Nico Schulz,de GER,DF,Hoffenheim,25,1993,30,29,2 537,28.févr,1,5,6,1,0,0,6,0,02.mars,02.mars,10.mai,12.août,166,103,255,0.04,0.18,0.21,0.04,0.21,0.08,0.37,0.45,0.08,0.45
Pirmin Schwegler,ch SUI,MF,Hannover 96,31,1987,27,25,2 075,23.janv,0,1,1,0,0,0,7,0,0.3,0.3,3.0,03.avr,13,117,11,0.00,0.04,0.04,0.00,0.04,0.01,0.13,0.15,0.01,0.15
Alexander Schwolow,de GER,GK,Freiburg,26,1992,33,33,2 97,33.0,0,1,1,0,0,0,1,0,0.0,0.0,0.1,0.1,0,0,0,0.00,0.03,0.03,0.00,0.03,0.00,0.00,0.00,0.00,0.00
Davie Selke,de GER,FW,Hertha BSC,23,1995,30,16,1 739,19.mars,3,5,8,3,0,0,4,0,05.févr,05.févr,03.avr,08.juin,43,22,150,0.16,0.26,0.41,0.16,0.41,0.27,0.18,0.44,0.27,0.44
Suat Serdar,de GER,MF,Schalke 04,21,1997,26,20,1 729,19.févr,2,1,3,2,0,0,4,2,3.0,3.0,02.avr,05.avr,29,67,58,0.10,0.05,0.16,0.10,0.16,0.16,0.12,0.28,0.16,0.28
Meritan Shabani,al ALB,MF,Bayern Munich,19,1999,1,0,1,0.0,0,0,0,0,0,0,0,0,0.0,0.0,0.0,0.0,0,0,1,0.00,0.00,0.00,0.00,0.00,0.00,0.00,0.00,0.00,0.00
Steven Skrzybski,de GER,FW MF,Schalke 04,25,1992,12,8,664,07.avr,3,1,4,3,0,0,1,0,02.juin,02.juin,01.janv,03.juil,12,12,52,0.41,0.14,0.54,0.41,0.54,0.36,0.15,0.51,0.36,0.51
Player,Nation,Pos,Squad,Age,Born,MP,Starts,Min,90s,Gls,Ast,G+A,G-PK,PK,PKatt,CrdY,CrdR,xG,npxG,xAG,npxG+xAG,PrgC,PrgP,PrgR,Gls,Ast,G+A,G-PK,G+A-PK,xG,xAG,xG+xAG,npxG,npxG+xAG
Emile Smith Rowe,eng ENG,MF,RB Leipzig,18,2000,3,0,29,0.3,0,0,0,0,0,0,0,0,0.0,0.0,0.5,0.5,0,1,2,0.00,0.00,0.00,0.00,0.00,0.00,janv.47,janv.47,0.00,janv.47
Marcel Sobottka,de GER,MF,Düsseldorf,24,1994,14,11,942,10.mai,0,0,0,0,0,0,3,0,0.4,0.4,0.1,0.5,8,27,8,0.00,0.00,0.00,0.00,0.00,0.04,0.01,0.05,0.04,0.05
Yann Sommer,ch SUI,GK,Gladbach,29,1988,34,34,3 06,34.0,0,0,0,0,0,0,1,0,0.0,0.0,0.0,0.0,0,1,0,0.00,0.00,0.00,0.00,0.00,0.00,0.00,0.00,0.00,0.00
Oliver Sorg,de GER,DF,Hannover 96,28,1990,19,18,1 58,17.juin,0,0,0,0,0,0,6,1,0.1,0.1,0.5,0.6,25,65,22,0.00,0.00,0.00,0.00,0.00,0.01,0.03,0.03,0.01,0.03
Borna Sosa,hr CRO,DF MF,Stuttgart,20,1998,12,7,616,06.août,0,1,1,0,0,0,3,0,0.3,0.3,01.mai,01.juil,14,38,27,0.00,0.15,0.15,0.00,0.15,0.04,0.22,0.25,0.04,0.25
Sebastian Soto,us USA,MF FW,Hannover 96,18,2000,3,0,29,0.3,0,0,0,0,0,0,0,0,0.0,0.0,0.0,0.0,0,0,1,0.00,0.00,0.00,0.00,0.00,0.00,0.10,0.10,0.00,0.10
Kostas Stafylidis,gr GRE,DF,Augsburg,24,1993,12,11,920,10.févr,0,0,0,0,0,0,1,0,0.3,0.3,1.0,01.mars,14,39,23,0.00,0.00,0.00,0.00,0.00,0.03,0.10,0.12,0.03,0.12
Benjamin Stambouli,fr FRA,DF MF,Schalke 04,27,1990,21,20,1 763,19.juin,0,2,2,0,0,0,3,0,0.1,0.1,0.4,0.5,21,105,12,0.00,0.10,0.10,0.00,0.10,0.00,0.02,0.03,0.00,0.03
Jozo Stanić,hr CRO,MF,Augsburg,19,1999,1,0,3,0.0,0,0,0,0,0,0,0,0,0.0,0.0,0.0,0.0,0,0,0,0.00,0.00,0.00,0.00,0.00,0.00,0.00,0.00,0.00,0.00
Niklas Stark,de GER,DF,Hertha BSC,23,1995,22,22,1 868,20.août,1,0,1,1,0,0,5,0,0.8,0.8,0.2,1.0,21,76,4,0.05,0.00,0.05,0.05,0.05,0.04,0.01,0.05,0.04,0.05
Renato Steffen,ch SUI,FW MF,Wolfsburg,26,1991,31,18,1 503,16.juil,5,1,6,5,0,0,4,0,03.janv,03.janv,01.août,04.sept,32,59,85,0.30,0.06,0.36,0.30,0.36,0.18,0.11,0.29,0.18,0.29
Marc Stendera,de GER,MF,Eint Frankfurt,22,1995,7,0,110,01.févr,0,0,0,0,0,0,0,0,0.0,0.0,0.2,0.2,4,16,2,0.00,0.00,0.00,0.00,0.00,0.00,0.14,0.14,0.00,0.14
Pascal Stenzel,de GER,DF MF,Freiburg,22,1996,21,16,1 449,16.janv,0,2,2,0,0,0,5,1,1.0,1.0,01.mai,02.juin,22,60,39,0.00,0.12,0.12,0.00,0.12,0.06,0.10,0.16,0.06,0.16
Lars Stindl,de GER,FW MF,Gladbach,29,1988,21,19,1 508,16.août,3,1,4,3,0,0,3,0,02.mars,02.mars,02.mai,04.août,20,85,104,0.18,0.06,0.24,0.18,0.24,0.14,0.15,0.29,0.14,0.29
Kevin Stöger,at AUT,MF,Düsseldorf,24,1993,25,24,2 118,23.mai,1,7,8,1,0,0,8,0,02.avr,02.avr,05.juin,08.janv,42,179,51,0.04,0.30,0.34,0.04,0.34,0.10,0.24,0.34,0.10,0.34
Tobias Strobl,de GER,MF DF,Gladbach,28,1990,29,26,2 293,25.mai,0,4,4,0,0,0,4,0,0.9,0.9,01.juin,02.juin,17,121,10,0.00,0.16,0.16,0.00,0.16,0.04,0.06,0.10,0.04,0.10
Niklas Süle,de GER,DF,Bayern Munich,22,1995,31,29,2 654,29.mai,2,0,2,2,0,0,3,0,01.mai,01.mai,0.3,01.juil,31,198,1,0.07,0.00,0.07,0.07,0.07,0.05,0.01,0.06,0.05,0.06
Markus Suttner,at AUT,DF MF,Düsseldorf,31,1987,6,6,489,05.avr,1,1,2,1,0,0,1,0,0.2,0.2,0.7,0.9,11,15,15,0.18,0.18,0.37,0.18,0.37,0.04,0.13,0.17,0.04,0.17
Ádám Szalai,hu HUN,FW,Hoffenheim,30,1987,30,15,1 627,18.janv,6,3,9,6,0,0,3,0,09.juin,09.juin,03.août,13.avr,12,30,100,0.33,0.17,0.50,0.33,0.50,0.53,0.21,0.74,0.53,0.74
Jonathan Tah,de GER,DF,Leverkusen,22,1996,33,33,2 937,32.6,3,1,4,3,0,0,3,0,01.janv,01.janv,0.6,01.août,23,214,5,0.09,0.03,0.12,0.09,0.12,0.04,0.02,0.05,0.04,0.05
Taleb Tawatha,il ISR,FW DF,Eint Frankfurt,26,1992,3,1,125,01.avr,0,0,0,0,0,0,0,0,0.0,0.0,0.0,0.0,2,4,6,0.00,0.00,0.00,0.00,0.00,0.00,0.00,0.00,0.00,0.00
Georg Teigl,at AUT,MF FW,Augsburg,27,1991,6,2,296,03.mars,0,0,0,0,0,0,0,0,0.0,0.0,0.1,0.1,2,2,7,0.00,0.00,0.00,0.00,0.00,0.01,0.02,0.03,0.01,0.03
Marco Terrazzino,de GER,MF FW,Freiburg,27,1991,13,7,517,05.juil,1,0,1,1,0,0,0,0,0.8,0.8,0.4,01.mars,14,23,33,0.17,0.00,0.17,0.17,0.17,0.14,0.08,0.22,0.14,0.22
Cedric Teuchert,de GER,FW MF,Schalke 04,21,1997,5,2,160,01.août,0,0,0,0,0,0,0,0,0.1,0.1,0.0,0.1,1,0,6,0.00,0.00,0.00,0.00,0.00,0.03,0.02,0.05,0.03,0.05
Erik Thommy,de GER,MF FW,Stuttgart,23,1994,19,6,794,08.août,1,1,2,1,0,0,3,1,01.févr,01.févr,01.mai,02.juil,27,33,62,0.11,0.11,0.23,0.11,0.23,0.13,0.17,0.31,0.13,0.31
Player,Nation,Pos,Squad,Age,Born,MP,Starts,Min,90s,Gls,Ast,G+A,G-PK,PK,PKatt,CrdY,CrdR,xG,npxG,xAG,npxG+xAG,PrgC,PrgP,PrgR,Gls,Ast,G+A,G-PK,G+A-PK,xG,xAG,xG+xAG,npxG,npxG+xAG
Timmy Tillman,de GER,FW MF,Nürnberg,19,1999,6,1,206,02.mars,0,0,0,0,0,0,0,0,0.2,0.2,0.5,0.7,2,3,6,0.00,0.00,0.00,0.00,0.00,0.07,0.24,0.31,0.07,0.31
George Timotheou,au AUS,DF,Schalke 04,21,1997,1,1,90,1.0,0,0,0,0,0,0,0,0,0.1,0.1,0.0,0.1,1,1,0,0.00,0.00,0.00,0.00,0.00,0.10,0.00,0.10,0.10,0.10
Marcel Tisserand,cd COD,DF,Wolfsburg,25,1993,10,10,886,09.août,1,0,1,1,0,0,2,0,01.janv,01.janv,0.1,01.févr,16,36,7,0.10,0.00,0.10,0.10,0.10,0.11,0.01,0.12,0.11,0.12
Corentin Tolisso,fr FRA,MF,Bayern Munich,23,1994,2,1,52,0.6,1,0,1,1,0,0,0,0,0.1,0.1,0.1,0.2,0,4,6,janv.73,0.00,janv.73,janv.73,janv.73,0.17,0.16,0.33,0.17,0.33
Ömer Toprak,tr TUR,DF,Dortmund,29,1989,9,1,236,02.juin,0,0,0,0,0,0,0,0,0.1,0.1,0.0,0.1,2,7,0,0.00,0.00,0.00,0.00,0.00,0.03,0.00,0.03,0.03,0.03
Lucas Torró,es ESP,MF,Eint Frankfurt,24,1994,8,6,560,06.févr,0,0,0,0,0,0,1,0,0.3,0.3,0.1,0.4,2,28,3,0.00,0.00,0.00,0.00,0.00,0.05,0.01,0.06,0.05,0.06
Jordan Torunarigha,de GER,DF,Hertha BSC,20,1997,14,13,1 158,12.sept,2,2,4,2,0,0,3,1,01.janv,01.janv,0.8,2.0,6,24,10,0.16,0.16,0.31,0.16,0.31,0.09,0.06,0.15,0.09,0.15
Almamy Touré,ml MLI,DF MF,Eint Frankfurt,22,1996,7,6,519,05.août,0,0,0,0,0,0,0,0,0.1,0.1,0.0,0.1,12,23,6,0.00,0.00,0.00,0.00,0.00,0.02,0.00,0.03,0.02,0.03
Ibrahima Traoré,gn GUI,FW MF,Gladbach,30,1988,16,5,552,06.janv,0,2,2,0,0,0,1,0,0.8,0.8,02.juil,03.juin,18,29,65,0.00,0.33,0.33,0.00,0.33,0.13,0.45,0.58,0.13,0.58
Kevin Trapp,de GER,GK,Eint Frankfurt,28,1990,33,33,2 937,32.6,0,0,0,0,0,0,2,0,0.0,0.0,0.0,0.0,0,0,0,0.00,0.00,0.00,0.00,0.00,0.00,0.00,0.00,0.00,0.00
Philipp Tschauner,de GER,GK,Hannover 96,32,1985,1,1,90,1.0,0,0,0,0,0,0,0,0,0.0,0.0,0.0,0.0,0,0,0,0.00,0.00,0.00,0.00,0.00,0.00,0.00,0.00,0.00,0.00
Anthony Ujah,ng NGA,FW,Mainz 05,27,1990,22,6,735,08.févr,4,0,4,4,0,0,2,0,04.févr,04.févr,02.janv,06.mars,9,16,59,0.49,0.00,0.49,0.49,0.49,0.51,0.26,0.77,0.51,0.77
Sven Ulreich,de GER,GK,Bayern Munich,29,1988,9,8,758,08.avr,0,0,0,0,0,0,0,0,0.0,0.0,0.0,0.0,0,0,0,0.00,0.00,0.00,0.00,0.00,0.00,0.00,0.00,0.00,0.00
Dayot Upamecano,fr FRA,DF,RB Leipzig,19,1998,15,14,1 293,14.avr,0,0,0,0,0,0,5,0,0.9,0.9,0.1,1.0,12,59,0,0.00,0.00,0.00,0.00,0.00,0.06,0.01,0.07,0.06,0.07
Takashi Usami,jp JPN,MF FW,Düsseldorf,26,1992,19,10,879,09.août,1,2,3,1,0,0,1,0,02.janv,02.janv,0.6,02.juil,26,30,44,0.10,0.20,0.31,0.10,0.31,0.21,0.06,0.27,0.21,0.27
Mark Uth,de GER,FW MF,Schalke 04,26,1991,20,15,1 407,15.juin,2,1,3,2,0,0,3,0,04.juil,04.juil,01.juin,06.mars,25,25,94,0.13,0.06,0.19,0.13,0.19,0.30,0.10,0.40,0.30,0.40
Enrico Valentini,it ITA,DF,Nürnberg,29,1989,15,15,1 299,14.avr,0,2,2,0,0,0,2,0,0.2,0.2,01.avr,01.juin,34,62,65,0.00,0.14,0.14,0.00,0.14,0.02,0.10,0.11,0.02,0.11
Miloš Veljković,rs SRB,DF,Werder Bremen,22,1995,23,21,1 877,20.sept,1,0,1,1,0,0,7,2,0.8,0.8,0.5,01.mars,22,122,3,0.05,0.00,0.05,0.05,0.05,0.04,0.02,0.06,0.04,0.06
Paul Verhaegh,nl NED,DF,Wolfsburg,34,1983,2,2,180,2.0,0,0,0,0,0,0,0,0,0.0,0.0,0.0,0.0,2,9,6,0.00,0.00,0.00,0.00,0.00,0.00,0.01,0.01,0.00,0.01
Kevin Vogt,de GER,DF,Hoffenheim,26,1991,28,28,2 391,26.juin,0,0,0,0,0,0,5,0,0.2,0.2,0.2,0.5,28,126,6,0.00,0.00,0.00,0.00,0.00,0.01,0.01,0.02,0.01,0.02
Kevin Volland,de GER,FW,Leverkusen,26,1992,34,32,2 814,31.mars,14,9,23,14,0,0,4,0,13.août,13.août,08.avr,22.févr,65,93,263,0.45,0.29,0.74,0.45,0.74,0.44,0.27,0.71,0.44,0.71
Sandro Wagner,de GER,FW,Bayern Munich,30,1987,7,1,143,01.juin,0,0,0,0,0,0,2,0,0.6,0.6,0.1,0.6,1,3,10,0.00,0.00,0.00,0.00,0.00,0.35,0.03,0.39,0.35,0.39
Walace,br BRA,MF,Hannover 96,23,1995,26,23,1 996,22.févr,1,1,2,1,0,0,5,0,0.8,0.8,0.6,01.avr,26,88,23,0.05,0.05,0.09,0.05,0.09,0.04,0.03,0.06,0.04,0.06
Luca Waldschmidt,de GER,FW MF,Freiburg,22,1996,30,16,1 717,19.janv,9,1,10,6,3,3,1,0,07.sept,05.juin,02.mars,07.sept,38,75,86,0.47,0.05,0.52,0.31,0.37,0.42,0.12,0.53,0.29,0.41
Wout Weghorst,nl NED,FW,Wolfsburg,25,1992,34,33,2 925,32.5,17,7,24,13,4,4,4,0,14.mars,11.mars,04.sept,16.févr,26,55,154,0.52,0.22,0.74,0.40,0.62,0.44,0.15,0.59,0.35,0.50
Player,Nation,Pos,Squad,Age,Born,MP,Starts,Min,90s,Gls,Ast,G+A,G-PK,PK,PKatt,CrdY,CrdR,xG,npxG,xAG,npxG+xAG,PrgC,PrgP,PrgR,Gls,Ast,G+A,G-PK,G+A-PK,xG,xAG,xG+xAG,npxG,npxG+xAG
Julian Weigl,de GER,DF MF,Dortmund,22,1995,18,16,1 455,16.févr,1,0,1,1,0,0,3,0,0.2,0.2,0.1,0.3,6,79,2,0.06,0.00,0.06,0.06,0.06,0.01,0.01,0.02,0.01,0.02
Mitchell Weiser,de GER,DF,Leverkusen,24,1994,30,22,2 111,23.mai,1,3,4,1,0,0,3,0,0.5,0.5,03.juin,04.janv,72,113,180,0.04,0.13,0.17,0.04,0.17,0.02,0.15,0.17,0.02,0.17
Wendell,br BRA,DF,Leverkusen,25,1993,28,25,2 277,25.mars,2,2,4,1,1,2,5,0,02.août,01.mars,01.sept,03.janv,51,128,64,0.08,0.08,0.16,0.04,0.12,0.11,0.07,0.18,0.05,0.12
Oscar Wendt,se SWE,DF,Gladbach,32,1985,32,30,2 731,30.mars,1,1,2,1,0,0,2,0,0.5,0.5,02.mai,3.0,50,151,141,0.03,0.03,0.07,0.03,0.07,0.02,0.08,0.10,0.02,0.10
Timo Werner,de GER,FW,RB Leipzig,22,1996,30,29,2 509,27.sept,16,7,23,16,0,1,1,0,17.mai,16.juil,05.mai,22.mars,104,59,303,0.57,0.25,0.83,0.57,0.83,0.63,0.20,0.83,0.60,0.80
Hendrik Weydandt,de GER,FW,Hannover 96,23,1995,28,18,1 723,19.janv,6,1,7,6,0,0,1,0,8.0,8.0,04.mai,12.avr,29,31,125,0.31,0.05,0.37,0.31,0.37,0.42,0.23,0.65,0.42,0.65
Jetro Willems,nl NED,MF DF,Eint Frankfurt,24,1994,23,7,730,08.janv,0,1,1,0,0,0,2,1,0.2,0.2,2.0,02.févr,19,37,37,0.00,0.12,0.12,0.00,0.12,0.03,0.25,0.27,0.03,0.27
William,br BRA,DF,Wolfsburg,23,1995,31,30,2 675,29.juil,2,1,3,2,0,0,10,0,01.avr,01.avr,02.juin,4.0,62,132,144,0.07,0.03,0.10,0.07,0.10,0.05,0.09,0.14,0.05,0.14
Kevin Wimmer,at AUT,DF,Hannover 96,25,1992,22,17,1 683,18.juil,0,0,0,0,0,0,5,0,0.2,0.2,0.5,0.7,9,79,0,0.00,0.00,0.00,0.00,0.00,0.01,0.03,0.04,0.01,0.04
Axel Witsel,be BEL,MF,Dortmund,29,1989,33,32,2 873,31.9,4,1,5,4,0,0,2,0,02.mai,02.mai,02.janv,04.mai,55,221,43,0.13,0.03,0.16,0.13,0.16,0.08,0.06,0.14,0.08,0.14
Marius Wolf,de GER,DF FW,Dortmund,23,1995,16,10,828,09.févr,1,0,1,1,0,0,1,1,0.5,0.5,0.9,01.mars,23,63,73,0.11,0.00,0.11,0.11,0.11,0.05,0.10,0.15,0.05,0.15
Jeong Woo-yeong,kr KOR,FW,Bayern Munich,18,1999,1,0,5,0.1,0,0,0,0,0,0,0,0,0.0,0.0,0.0,0.0,1,1,0,0.00,0.00,0.00,0.00,0.00,0.72,0.00,0.72,0.72,0.72
Bobby Wood,us USA,FW MF,Hannover 96,25,1992,20,12,1 182,13.janv,3,1,4,3,0,0,1,0,02.mai,02.mai,01.août,04.mars,25,24,92,0.23,0.08,0.30,0.23,0.30,0.19,0.14,0.32,0.19,0.32
Haji Wright,us USA,FW,Schalke 04,20,1998,7,2,197,02.févr,1,0,1,1,0,0,0,0,0.9,0.9,0.0,0.9,2,1,17,0.46,0.00,0.46,0.46,0.46,0.41,0.01,0.42,0.41,0.42
John Yeboah,ec ECU,MF FW,Wolfsburg,18,2000,2,0,55,0.6,0,0,0,0,0,0,0,0,0.0,0.0,0.4,0.4,2,4,3,0.00,0.00,0.00,0.00,0.00,0.06,0.63,0.69,0.06,0.69
Dan-Axel Zagadou,fr FRA,DF,Dortmund,19,1999,17,15,1 267,14.janv,2,0,2,2,0,0,4,0,01.avr,01.avr,0.1,01.mai,6,70,0,0.14,0.00,0.14,0.14,0.14,0.10,0.00,0.11,0.10,0.11
Denis Zakaria,ch SUI,MF,Gladbach,21,1996,31,21,1 959,21.août,4,0,4,4,0,0,7,0,03.août,03.août,0.7,04.mai,56,90,82,0.18,0.00,0.18,0.18,0.18,0.18,0.03,0.21,0.18,0.21
Robin Zentner,de GER,GK,Mainz 05,23,1994,10,10,900,10.0,0,0,0,0,0,0,1,0,0.0,0.0,0.0,0.0,0,0,0,0.00,0.00,0.00,0.00,0.00,0.00,0.00,0.00,0.00,0.00
Ron-Robert Zieler,de GER,GK,Stuttgart,29,1989,34,34,3 06,34.0,0,0,0,0,0,0,3,0,0.0,0.0,0.0,0.0,0,0,0,0.00,0.00,0.00,0.00,0.00,0.00,0.00,0.00,0.00,0.00
Jean Zimmer,de GER,DF FW,Düsseldorf,24,1993,18,17,1 435,15.sept,1,2,3,1,0,0,2,0,0.5,0.5,02.sept,03.avr,44,57,99,0.06,0.13,0.19,0.06,0.19,0.03,0.18,0.22,0.03,0.22
Matthias Zimmermann,de GER,DF MF,Düsseldorf,26,1992,34,34,3 049,33.9,1,3,4,1,0,0,4,0,0.5,0.5,02.août,03.mars,56,149,117,0.03,0.09,0.12,0.03,0.12,0.01,0.08,0.10,0.01,0.10
Adam Zreľák,sk SVK,FW,Nürnberg,24,1994,14,10,941,10.mai,2,1,3,2,0,0,4,0,03.juil,03.juil,0.6,04.mars,0,9,51,0.19,0.10,0.29,0.19,0.29,0.36,0.05,0.41,0.36,0.41
Steven Zuber,ch SUI,MF FW,Hoffenheim,26,1991,9,6,571,06.mars,0,1,1,0,0,0,1,0,0.6,0.6,1.0,01.juin,26,33,48,0.00,0.16,0.16,0.00,0.16,0.09,0.16,0.25,0.09,0.25
Steven Zuber,ch SUI,MF FW,Stuttgart,26,1991,13,13,1 051,11.juil,5,1,6,4,1,1,3,0,03.févr,02.avr,01.mars,03.juin,26,44,72,0.43,0.09,0.51,0.34,0.43,0.27,0.11,0.38,0.20,0.31
