Player,Nation,Pos,Squad,Age,Born,MP,Starts,Min,90s,Gls,Ast,G+A,G-PK,PK,PKatt,CrdY,CrdR,xG,npxG,xAG,npxG+xAG,PrgC,PrgP,PrgR,Gls,Ast,G+A,G-PK,G+A-PK,xG,xAG,xG+xAG,npxG,npxG+xAG
Brenden Aaronson,us USA,MF FW,Union Berlin,22,2000,30,14,1 267,14.janv,2,2,4,2,0,0,3,1,2.0,2.0,01.sept,03.août,37,56,91,0.14,0.14,0.28,0.14,0.28,0.14,0.13,0.27,0.14,0.27
Paxten Aaronson,us USA,MF,Eint Frankfurt,19,2003,7,1,101,01.janv,0,1,1,0,0,0,0,0,0.1,0.1,0.1,0.2,2,5,7,0.00,0.89,0.89,0.00,0.89,0.11,0.07,0.19,0.11,0.19
Junior Adamu,at AUT,FW MF,Freiburg,22,2001,15,0,105,01.févr,0,0,0,0,0,0,0,0,0.1,0.1,0.1,0.2,1,1,5,0.00,0.00,0.00,0.00,0.00,0.05,0.10,0.16,0.05,0.16
Sargis Adamyan,am ARM,FW MF,Köln,30,1993,20,8,801,08.sept,1,2,3,1,0,0,2,0,04.janv,04.janv,2.0,06.janv,15,18,42,0.11,0.22,0.34,0.11,0.34,0.46,0.23,0.69,0.46,0.69
Karim Adeyemi,de GER,FW MF,Dortmund,21,2002,21,10,913,10.janv,3,1,4,3,0,0,6,1,03.mai,03.mai,2.0,05.mai,52,26,96,0.30,0.10,0.39,0.30,0.39,0.34,0.20,0.54,0.34,0.54
Amine Adli,ma MAR,MF FW,Leverkusen,23,2000,23,8,898,10.0,4,6,10,4,0,0,5,0,03.mars,03.mars,02.mars,05.juin,32,39,131,0.40,0.60,1.00,0.40,1.00,0.33,0.23,0.56,0.33,0.56
Felix Agu,ng NGA,DF MF,Werder Bremen,23,1999,24,19,1 614,17.sept,0,0,0,0,0,0,2,0,0.9,0.9,0.6,01.mai,32,32,90,0.00,0.00,0.00,0.00,0.00,0.05,0.04,0.08,0.05,0.08
Ludovic Ajorque,fr FRA,FW,Mainz 05,29,1994,26,15,1 36,15.janv,2,0,2,2,0,2,4,0,05.mars,03.juil,1.0,04.juil,5,21,88,0.13,0.00,0.13,0.13,0.13,0.35,0.06,0.41,0.25,0.31
Kevin Akpoguma,ng NGA,DF,Hoffenheim,28,1995,17,11,1 097,12.févr,0,0,0,0,0,0,7,0,0.3,0.3,0.3,0.6,10,55,9,0.00,0.00,0.00,0.00,0.00,0.02,0.02,0.05,0.02,0.05
Faride Alidou,de GER,FW MF,Köln,22,2001,26,14,1 282,14.févr,4,0,4,4,0,0,4,0,3.0,3.0,0.6,03.juin,51,33,95,0.28,0.00,0.28,0.28,0.28,0.21,0.04,0.26,0.21,0.26
Skelly Alvero,fr FRA,MF,Werder Bremen,21,2002,6,1,123,01.avr,1,0,1,1,0,0,1,0,0.3,0.3,0.0,0.4,1,9,6,0.73,0.00,0.73,0.73,0.73,0.24,0.03,0.27,0.24,0.27
Nadiem Amiri,de GER,MF,Mainz 05,26,1996,15,15,1 315,14.juin,1,4,5,1,0,1,5,0,02.févr,01.avr,04.mars,05.juil,16,88,22,0.07,0.27,0.34,0.07,0.34,0.15,0.30,0.45,0.10,0.39
Nadiem Amiri,de GER,MF,Leverkusen,26,1996,8,1,86,1.0,0,0,0,0,0,0,0,0,0.1,0.1,0.0,0.2,5,6,6,0.00,0.00,0.00,0.00,0.00,0.13,0.03,0.16,0.13,0.16
Kofi Amoako,de GER,MF,Wolfsburg,18,2005,2,0,2,0.0,0,0,0,0,0,0,0,0,0.0,0.0,0.0,0.0,0,0,0,0.00,0.00,0.00,0.00,0.00,0.00,0.00,0.00,0.00,0.00
Robert Andrich,de GER,MF DF,Leverkusen,28,1994,28,18,1 69,18.août,4,2,6,4,0,0,4,0,01.juil,01.juil,01.août,03.mai,20,97,14,0.21,0.11,0.32,0.21,0.32,0.09,0.10,0.19,0.09,0.19
Waldemar Anton,de GER,DF,Stuttgart,27,1996,33,32,2 886,32.1,0,3,3,0,0,0,7,0,01.juil,01.juil,1.0,02.juil,38,172,15,0.00,0.09,0.09,0.00,0.09,0.05,0.03,0.09,0.05,0.09
Christopher Antwi-Adjei,gh GHA,FW MF,Bochum,29,1994,25,11,1 216,13.mai,2,2,4,2,0,0,5,0,02.févr,02.févr,03.mai,05.juil,50,28,138,0.15,0.15,0.30,0.15,0.30,0.16,0.26,0.42,0.16,0.42
Asaf Arania,il ISR,MF,Darmstadt 98,17,2005,1,0,6,0.1,0,0,0,0,0,0,0,0,0.0,0.0,0.0,0.0,0,0,2,0.00,0.00,0.00,0.00,0.00,0.00,0.00,0.00,0.00,0.00
Maximilian Arnold,de GER,MF,Wolfsburg,29,1994,30,27,2 506,27.août,2,1,3,2,0,0,9,0,1.0,1.0,03.sept,04.sept,20,143,19,0.07,0.04,0.11,0.07,0.11,0.04,0.14,0.18,0.04,0.18
Arthur,br BRA,DF,Leverkusen,20,2003,4,2,184,2.0,0,2,2,0,0,0,0,0,0.1,0.1,0.3,0.4,8,7,28,0.00,0.98,0.98,0.00,0.98,0.04,0.15,0.19,0.04,0.19
Takuma Asano,jp JPN,FW MF,Bochum,28,1994,29,26,1 986,22.janv,6,1,7,6,0,0,2,0,07.sept,07.sept,01.mars,09.févr,56,32,167,0.27,0.05,0.32,0.27,0.32,0.36,0.06,0.42,0.36,0.42
Jonathan Asp Jensen,dk DEN,FW,Bayern Munich,17,2006,1,0,1,0.0,0,0,0,0,0,0,0,0,0.0,0.0,0.0,0.0,0,0,0,0.00,0.00,0.00,0.00,0.00,0.00,0.00,0.00,0.00,0.00
Noah Atubolu,de GER,GK,Freiburg,21,2002,34,34,3 06,34.0,0,0,0,0,0,0,0,0,0.0,0.0,0.0,0.0,0,1,0,0.00,0.00,0.00,0.00,0.00,0.00,0.00,0.00,0.00,0.00
Matthias Bader,de GER,DF MF,Darmstadt 98,26,1997,24,21,1 802,20.0,1,2,3,1,0,0,1,0,0.7,0.7,02.mars,3.0,38,67,66,0.05,0.10,0.15,0.05,0.15,0.04,0.12,0.15,0.04,0.15
Ridle Baku,de GER,DF MF,Wolfsburg,25,1998,33,22,2 013,22.avr,1,0,1,1,0,0,4,0,01.août,01.août,3.0,04.août,37,85,130,0.04,0.00,0.04,0.04,0.04,0.08,0.13,0.21,0.08,0.21
Player,Nation,Pos,Squad,Age,Born,MP,Starts,Min,90s,Gls,Ast,G+A,G-PK,PK,PKatt,CrdY,CrdR,xG,npxG,xAG,npxG+xAG,PrgC,PrgP,PrgR,Gls,Ast,G+A,G-PK,G+A-PK,xG,xAG,xG+xAG,npxG,npxG+xAG
Samuel Bamba,de GER,FW,Dortmund,19,2004,2,0,47,0.5,0,0,0,0,0,0,0,0,0.3,0.3,0.1,0.3,5,2,7,0.00,0.00,0.00,0.00,0.00,0.50,0.15,0.65,0.50,0.65
Aymen Barkok,ma MAR,MF FW,Mainz 05,25,1998,13,1,321,03.juin,1,0,1,1,0,1,2,0,01.juil,0.9,0.3,01.févr,14,16,33,0.28,0.00,0.28,0.28,0.28,0.48,0.07,0.55,0.26,0.33
Leandro Barreiro Martins,lu LUX,MF,Mainz 05,23,2000,31,29,2 606,29.0,4,1,5,4,0,0,8,0,04.mai,04.mai,01.janv,05.juin,22,93,46,0.14,0.03,0.17,0.14,0.17,0.16,0.04,0.19,0.16,0.19
Daniel Batz,de GER,GK,Mainz 05,32,1991,4,4,360,4.0,0,0,0,0,0,0,0,0,0.0,0.0,0.0,0.0,0,0,0,0.00,0.00,0.00,0.00,0.00,0.00,0.00,0.00,0.00,0.00
Maximilian Bauer,de GER,DF,Augsburg,23,2000,14,9,810,9.0,1,0,1,1,0,0,3,0,01.avr,01.avr,0.0,01.avr,2,25,1,0.11,0.00,0.11,0.11,0.11,0.15,0.00,0.15,0.15,0.15
Elias Baum,de GER,DF MF,Eint Frankfurt,17,2005,4,0,28,0.3,0,0,0,0,0,0,0,0,0.0,0.0,0.0,0.0,0,0,2,0.00,0.00,0.00,0.00,0.00,0.00,0.00,0.00,0.00,0.00
Oliver Baumann,de GER,GK,Hoffenheim,33,1990,34,34,3 06,34.0,0,1,1,0,0,0,1,0,0.0,0.0,0.2,0.2,0,1,0,0.00,0.03,0.03,0.00,0.03,0.00,0.01,0.01,0.00,0.01
Christoph Baumgartner,at AUT,MF FW,RB Leipzig,23,1999,32,11,1 158,12.sept,5,1,6,5,0,0,3,0,03.juil,03.juil,01.juin,05.févr,36,47,86,0.39,0.08,0.47,0.39,0.47,0.28,0.12,0.41,0.28,0.41
Ihlas Bebou,tg TOG,FW DF,Hoffenheim,29,1994,32,16,1 636,18.févr,7,5,12,7,0,0,3,0,04.sept,04.sept,02.juin,07.mai,42,38,145,0.39,0.28,0.66,0.39,0.66,0.27,0.14,0.41,0.27,0.41
Adrian Beck,de GER,MF FW,Heidenheim,26,1997,23,11,974,10.août,1,1,2,1,0,0,1,0,01.juil,01.juil,0.8,02.mai,17,29,43,0.09,0.09,0.18,0.09,0.18,0.16,0.07,0.23,0.16,0.23
Sheraldo Becker,sr SUR,FW MF,Union Berlin,28,1995,11,7,645,07.févr,0,1,1,0,0,0,0,0,0.8,0.8,01.août,02.juin,32,20,73,0.00,0.14,0.14,0.00,0.14,0.12,0.25,0.37,0.12,0.37
Chris Bedia,ci CIV,FW MF,Union Berlin,27,1996,7,0,145,01.juin,1,0,1,1,0,0,0,0,0.2,0.2,0.2,0.4,1,1,6,0.62,0.00,0.62,0.62,0.62,0.13,0.11,0.24,0.13,0.24
Donny van de Beek,nl NED,MF FW,Eint Frankfurt,26,1997,8,4,357,4.0,0,0,0,0,0,0,1,0,0.1,0.1,0.4,0.5,2,10,12,0.00,0.00,0.00,0.00,0.00,0.02,0.09,0.12,0.02,0.12
Kevin Behrens,de GER,FW,Wolfsburg,32,1991,13,7,616,06.août,1,1,2,1,0,0,1,0,01.juin,01.juin,0.9,02.mai,7,17,41,0.15,0.15,0.29,0.15,0.29,0.23,0.13,0.36,0.23,0.36
Kevin Behrens,de GER,FW,Union Berlin,32,1991,18,14,1 262,14.0,4,0,4,4,0,0,3,0,6.0,6.0,0.9,06.sept,11,45,93,0.29,0.00,0.29,0.29,0.29,0.43,0.06,0.50,0.43,0.50
Maximilian Beier,de GER,FW MF,Hoffenheim,20,2002,33,29,2 42,26.sept,16,1,17,16,0,0,0,0,11.avr,11.avr,02.avr,13.août,61,30,224,0.60,0.04,0.63,0.60,0.63,0.43,0.09,0.51,0.43,0.51
Stefan Bell,de GER,DF,Mainz 05,31,1991,10,8,666,07.avr,0,0,0,0,0,0,3,0,0.2,0.2,0.1,0.3,0,23,2,0.00,0.00,0.00,0.00,0.00,0.03,0.01,0.04,0.03,0.04
Ramy Bensebaini,dz ALG,DF,Dortmund,28,1995,17,11,1 033,11.mai,0,0,0,0,0,0,4,1,01.juil,01.juil,0.4,02.janv,17,75,63,0.00,0.00,0.00,0.00,0.00,0.15,0.03,0.18,0.15,0.18
Mergim Berisha,de GER,FW,Hoffenheim,25,1998,6,0,144,01.juin,0,0,0,0,0,0,0,0,0.5,0.5,0.3,0.8,2,3,13,0.00,0.00,0.00,0.00,0.00,0.32,0.19,0.51,0.32,0.51
Mergim Berisha,de GER,FW,Augsburg,25,1998,2,2,122,01.avr,0,0,0,0,0,0,0,0,0.2,0.2,0.1,0.3,3,1,5,0.00,0.00,0.00,0.00,0.00,0.13,0.07,0.20,0.13,0.20
Bernardo,br BRA,DF,Bochum,28,1995,33,33,2 924,32.5,1,0,1,1,0,0,9,0,01.sept,01.sept,0.5,02.avr,26,127,38,0.03,0.00,0.03,0.03,0.03,0.06,0.01,0.07,0.06,0.07
Matúš Bero,sk SVK,MF FW,Bochum,27,1995,24,20,1 661,18.mai,1,1,2,1,0,0,6,0,02.sept,02.sept,01.mars,04.févr,12,48,71,0.05,0.05,0.11,0.05,0.11,0.16,0.07,0.23,0.16,0.23
Jan-Niklas Beste,de GER,FW MF,Heidenheim,24,1999,31,31,2 603,28.sept,8,11,19,8,0,1,4,0,04.mars,03.mai,05.juil,09.févr,80,57,136,0.28,0.38,0.66,0.28,0.66,0.15,0.20,0.35,0.12,0.32
Pep Biel,es ESP,MF FW,Augsburg,26,1996,11,0,285,03.févr,0,0,0,0,0,0,1,0,1.0,1.0,0.2,01.févr,2,16,16,0.00,0.00,0.00,0.00,0.00,0.32,0.07,0.38,0.32,0.38
Tom Bischof,de GER,MF FW,Hoffenheim,18,2005,13,1,178,2.0,0,2,2,0,0,0,0,0,0.4,0.4,0.8,01.févr,2,18,18,0.00,01.janv,01.janv,0.00,01.janv,0.19,0.40,0.59,0.19,0.59
Player,Nation,Pos,Squad,Age,Born,MP,Starts,Min,90s,Gls,Ast,G+A,G-PK,PK,PKatt,CrdY,CrdR,xG,npxG,xAG,npxG+xAG,PrgC,PrgP,PrgR,Gls,Ast,G+A,G-PK,G+A-PK,xG,xAG,xG+xAG,npxG,npxG+xAG
Leonardo Bittencourt,de GER,MF,Werder Bremen,29,1993,29,19,1 578,17.mai,1,2,3,1,0,0,9,0,02.févr,02.févr,02.sept,05.févr,61,85,74,0.06,0.11,0.17,0.06,0.17,0.13,0.17,0.30,0.13,0.30
Hendry Blank,de GER,DF,Dortmund,18,2004,1,0,45,0.5,0,0,0,0,0,0,0,0,0.0,0.0,0.0,0.0,0,1,0,0.00,0.00,0.00,0.00,0.00,0.00,0.00,0.00,0.00,0.00
Janis Blaswich,de GER,GK,RB Leipzig,32,1991,21,21,1 89,21.0,0,0,0,0,0,0,0,0,0.0,0.0,0.1,0.1,0,3,0,0.00,0.00,0.00,0.00,0.00,0.00,0.00,0.00,0.00,0.00
Sacha Boey,fr FRA,DF,Bayern Munich,22,2000,2,1,109,01.févr,0,0,0,0,0,0,1,0,0.2,0.2,0.0,0.2,1,5,8,0.00,0.00,0.00,0.00,0.00,0.20,0.00,0.20,0.20,0.20
Victor Boniface,ng NGA,FW,Leverkusen,22,2000,23,18,1 546,17.févr,14,8,22,10,4,4,2,0,15.avr,12.mars,03.juil,16.0,50,34,158,0.82,0.47,janv.28,0.58,01.mai,0.90,0.22,01.déc,0.71,0.93
Leonardo Bonucci,it ITA,DF,Union Berlin,36,1987,7,6,460,05.janv,1,0,1,0,1,1,0,0,0.8,0.0,0.3,0.3,0,21,1,0.20,0.00,0.20,0.00,0.00,0.15,0.06,0.22,0.00,0.06
Yvandro Borges Sanches,lu LUX,MF FW,Gladbach,19,2004,3,0,18,0.2,0,0,0,0,0,0,0,0,0.0,0.0,0.0,0.0,1,0,0,0.00,0.00,0.00,0.00,0.00,0.00,0.00,0.00,0.00,0.00
Sebastiaan Bornauw,be BEL,DF,Wolfsburg,24,1999,20,16,1 431,15.sept,0,0,0,0,0,0,5,0,0.8,0.8,0.4,01.févr,2,41,2,0.00,0.00,0.00,0.00,0.00,0.05,0.03,0.07,0.05,0.07
Rafael Borré,co COL,FW,Werder Bremen,27,1995,19,11,991,11.0,4,0,4,4,0,0,0,0,02.avr,02.avr,01.août,04.févr,16,28,73,0.36,0.00,0.36,0.36,0.36,0.22,0.16,0.38,0.22,0.38
Julian Brandt,de GER,MF FW,Dortmund,27,1996,32,26,2 223,24.juil,7,11,18,7,0,0,2,0,04.avr,04.avr,09.mai,13.août,74,116,158,0.28,0.45,0.73,0.28,0.73,0.18,0.38,0.56,0.18,0.56
Fabian Bredlow,de GER,GK,Stuttgart,28,1995,4,4,360,4.0,0,0,0,0,0,0,0,0,0.0,0.0,0.0,0.0,0,0,0,0.00,0.00,0.00,0.00,0.00,0.00,0.00,0.00,0.00,0.00
Tim Breithaupt,de GER,MF,Augsburg,21,2002,16,6,629,7.0,0,0,0,0,0,0,3,0,0.1,0.1,0.1,0.2,0,21,2,0.00,0.00,0.00,0.00,0.00,0.01,0.02,0.03,0.01,0.03
Maximilian Breunig,de GER,FW,Freiburg,22,2000,2,0,9,0.1,0,0,0,0,0,0,0,0,0.0,0.0,0.0,0.0,0,0,0,0.00,0.00,0.00,0.00,0.00,0.00,0.00,0.00,0.00,0.00
Bennit Bröger,de GER,FW,Wolfsburg,17,2006,1,0,11,0.1,0,0,0,0,0,0,0,0,0.0,0.0,0.0,0.0,0,0,0,0.00,0.00,0.00,0.00,0.00,0.00,0.00,0.00,0.00,0.00
John Brooks,us USA,DF,Hoffenheim,30,1993,21,18,1 539,17.janv,2,0,2,2,0,0,6,1,02.juin,02.juin,0.1,02.juil,5,61,1,0.12,0.00,0.12,0.12,0.12,0.15,0.01,0.16,0.15,0.16
Moritz Broschinski,de GER,FW,Bochum,22,2000,26,14,1 247,13.sept,2,3,5,2,0,0,4,0,02.avr,02.avr,01.août,04.janv,18,10,92,0.14,0.22,0.36,0.14,0.36,0.17,0.13,0.30,0.17,0.30
Alexander Brunst,de GER,GK,Darmstadt 98,28,1995,3,3,270,3.0,0,0,0,0,0,0,2,0,0.0,0.0,0.0,0.0,0,0,0,0.00,0.00,0.00,0.00,0.00,0.00,0.00,0.00,0.00,0.00
Marius Bülter,de GER,DF FW,Hoffenheim,30,1993,30,15,1 351,15.0,1,4,5,1,0,0,3,1,01.avr,01.avr,03.avr,04.sept,37,60,107,0.07,0.27,0.33,0.07,0.33,0.10,0.23,0.32,0.10,0.32
Jonathan Burkardt,de GER,FW MF,Mainz 05,23,2000,21,18,1 538,17.janv,8,2,10,7,1,1,2,0,06.janv,05.mars,02.janv,07.avr,36,28,101,0.47,0.12,0.59,0.41,0.53,0.36,0.12,0.48,0.31,0.43
Oliver Burke,sct SCO,FW,Werder Bremen,26,1997,1,0,32,0.4,0,0,0,0,0,0,0,0,0.0,0.0,0.0,0.0,2,0,1,0.00,0.00,0.00,0.00,0.00,0.00,0.00,0.00,0.00,0.00
Marnon Busch,de GER,DF,Heidenheim,28,1994,16,5,595,06.juin,0,0,0,0,0,0,1,0,0.1,0.1,0.3,0.4,15,34,27,0.00,0.00,0.00,0.00,0.00,0.02,0.04,0.06,0.02,0.06
Aurélio Buta,pt POR,DF MF,Eint Frankfurt,26,1997,30,20,1 744,19.avr,1,1,2,1,0,0,5,0,0.5,0.5,0.7,01.févr,51,90,104,0.05,0.05,0.10,0.05,0.10,0.02,0.04,0.06,0.02,0.06
Anthony Caci,fr FRA,DF,Mainz 05,26,1997,31,29,2 486,27.juin,2,3,5,2,0,0,8,0,01.mai,01.mai,02.sept,04.avr,43,144,75,0.07,0.11,0.18,0.07,0.18,0.06,0.10,0.16,0.06,0.16
Emre Can,de GER,MF DF,Dortmund,29,1994,25,22,1 953,21.juil,2,2,4,0,2,2,5,0,02.févr,0.6,01.mai,2.0,35,110,18,0.09,0.09,0.18,0.00,0.09,0.10,0.07,0.17,0.03,0.09
Irvin Cardona,mt MLT,MF DF,Augsburg,25,1997,3,0,54,0.6,0,0,0,0,0,0,1,0,0.2,0.2,0.0,0.2,3,2,6,0.00,0.00,0.00,0.00,0.00,0.33,0.00,0.33,0.33,0.33
Player,Nation,Pos,Squad,Age,Born,MP,Starts,Min,90s,Gls,Ast,G+A,G-PK,PK,PKatt,CrdY,CrdR,xG,npxG,xAG,npxG+xAG,PrgC,PrgP,PrgR,Gls,Ast,G+A,G-PK,G+A-PK,xG,xAG,xG+xAG,npxG,npxG+xAG
Rasmus Carstensen,dk DEN,DF FW,Köln,22,2000,23,18,1 659,18.avr,0,0,0,0,0,0,2,1,0.9,0.9,02.juin,03.mai,32,52,89,0.00,0.00,0.00,0.00,0.00,0.05,0.14,0.19,0.05,0.19
Fabio Carvalho,pt POR,MF,RB Leipzig,20,2002,9,1,165,01.août,0,0,0,0,0,0,0,0,0.2,0.2,0.2,0.5,8,9,13,0.00,0.00,0.00,0.00,0.00,0.12,0.13,0.25,0.12,0.25
Koen Casteels,be BEL,GK,Wolfsburg,31,1992,25,25,2 25,25.0,0,0,0,0,0,0,2,0,0.0,0.0,0.2,0.2,0,1,0,0.00,0.00,0.00,0.00,0.00,0.00,0.01,0.01,0.00,0.01
Václav Černý,cz CZE,FW MF,Wolfsburg,25,1997,22,12,921,10.févr,4,1,5,4,0,0,2,0,02.mars,02.mars,0.9,03.févr,26,37,83,0.39,0.10,0.49,0.39,0.49,0.22,0.09,0.31,0.22,0.31
Julian Chabot,de GER,DF,Köln,25,1998,32,32,2 703,30.0,0,0,0,0,0,0,9,1,01.avr,01.avr,0.4,01.août,17,71,8,0.00,0.00,0.00,0.00,0.00,0.05,0.01,0.06,0.05,0.06
El Chadaille Bitshiabu,fr FRA,DF MF,RB Leipzig,18,2005,6,0,34,0.4,0,0,0,0,0,0,0,0,0.0,0.0,0.0,0.0,2,1,5,0.00,0.00,0.00,0.00,0.00,0.00,0.00,0.00,0.00,0.00
Fares Chaïbi,dz ALG,MF FW,Eint Frankfurt,20,2002,28,21,1 912,21.févr,2,4,6,2,0,0,2,0,03.janv,03.janv,06.août,09.août,53,86,143,0.09,0.19,0.28,0.09,0.28,0.14,0.32,0.46,0.14,0.46
Timothy Chandler,us USA,MF DF,Eint Frankfurt,33,1990,6,0,18,0.2,0,1,1,0,0,0,0,0,0.1,0.1,0.1,0.2,1,5,10,0.00,5.00,5.00,0.00,5.00,0.40,0.69,01.sept,0.40,01.sept
Fabio Chiarodia,it ITA,DF,Gladbach,18,2005,7,1,152,01.juil,0,0,0,0,0,0,0,0,0.0,0.0,0.1,0.1,0,4,1,0.00,0.00,0.00,0.00,0.00,0.00,0.07,0.07,0.00,0.07
Jacob Christensen,dk DEN,MF,Köln,22,2001,7,2,219,02.avr,0,0,0,0,0,0,1,0,0.0,0.0,0.1,0.1,2,12,1,0.00,0.00,0.00,0.00,0.00,0.01,0.04,0.05,0.01,0.05
Nnamdi Collins,de GER,DF,Eint Frankfurt,19,2004,2,1,90,1.0,0,0,0,0,0,0,0,0,0.0,0.0,0.0,0.0,1,13,5,0.00,0.00,0.00,0.00,0.00,0.00,0.00,0.00,0.00,0.00
Kingsley Coman,fr FRA,FW,Bayern Munich,27,1996,17,15,1 113,12.avr,3,3,6,3,0,0,1,0,02.août,02.août,03.août,06.juin,75,72,210,0.24,0.24,0.49,0.24,0.49,0.22,0.31,0.53,0.22,0.53
Bambasé Conté,de GER,MF FW,Hoffenheim,20,2003,7,0,48,0.5,0,0,0,0,0,0,0,0,0.2,0.2,0.0,0.2,3,2,8,0.00,0.00,0.00,0.00,0.00,0.34,0.07,0.41,0.34,0.41
Danny da Costa,de GER,DF,Mainz 05,30,1993,19,9,830,09.févr,0,1,1,0,0,0,1,0,0.3,0.3,01.févr,01.mai,22,40,53,0.00,0.11,0.11,0.00,0.11,0.03,0.13,0.16,0.03,0.16
Nicolas Cozza,fr FRA,DF,Wolfsburg,24,1999,6,3,276,03.janv,0,0,0,0,0,0,1,0,0.0,0.0,0.1,0.1,5,16,8,0.00,0.00,0.00,0.00,0.00,0.01,0.03,0.03,0.01,0.03
Tomáš Čvančara,cz CZE,FW,Gladbach,22,2000,21,7,896,10.0,4,1,5,3,1,2,4,0,05.sept,04.mars,0.7,5.0,12,13,47,0.40,0.10,0.50,0.30,0.40,0.59,0.07,0.66,0.43,0.51
Finn Dahmen,de GER,GK,Augsburg,25,1998,31,31,2 79,31.0,0,0,0,0,0,0,4,0,0.0,0.0,0.1,0.1,0,3,0,0.00,0.00,0.00,0.00,0.00,0.00,0.00,0.00,0.00,0.00
Mahmoud Dahoud,de GER,MF,Stuttgart,27,1996,13,1,227,02.mai,1,0,1,1,0,0,0,0,0.6,0.6,0.5,01.janv,1,19,5,0.40,0.00,0.40,0.40,0.40,0.22,0.21,0.43,0.22,0.43
Lukas Daschner,de GER,MF FW,Bochum,24,1998,20,3,536,6.0,1,1,2,1,0,0,2,0,02.mars,02.mars,1.0,03.mars,11,17,37,0.17,0.17,0.34,0.17,0.34,0.39,0.16,0.55,0.39,0.55
David Datro Fofana,ci CIV,FW MF,Union Berlin,20,2002,12,8,682,07.juin,1,0,1,1,0,0,0,0,02.août,02.août,0.3,03.janv,20,14,66,0.13,0.00,0.13,0.13,0.13,0.37,0.05,0.41,0.37,0.41
Alphonso Davies,ca CAN,DF,Bayern Munich,22,2000,29,24,2 065,22.sept,2,5,7,2,0,0,0,0,1.0,1.0,02.sept,03.août,121,117,139,0.09,0.22,0.31,0.09,0.31,0.04,0.12,0.17,0.04,0.17
Olivier Deman,be BEL,DF,Werder Bremen,23,2000,29,14,1 365,15.févr,2,1,3,2,0,0,5,0,01.janv,01.janv,0.9,2.0,26,40,53,0.13,0.07,0.20,0.13,0.20,0.07,0.06,0.13,0.07,0.13
Ermedin Demirović,ba BIH,FW MF,Augsburg,25,1998,33,33,2 873,31.9,15,9,24,12,3,4,7,0,13.mai,10.mars,03.sept,14.févr,28,60,167,0.47,0.28,0.75,0.38,0.66,0.42,0.12,0.54,0.32,0.45
Sepp van den Berg,nl NED,DF,Mainz 05,21,2001,33,31,2 839,31.mai,3,0,3,3,0,0,9,0,02.juil,02.juil,0.3,3.0,7,95,6,0.10,0.00,0.10,0.10,0.10,0.08,0.01,0.09,0.08,0.09
Samuele Di Benedetto,de GER,MF,Stuttgart,18,2005,1,0,7,0.1,0,0,0,0,0,0,0,0,0.0,0.0,0.0,0.0,0,0,1,0.00,0.00,0.00,0.00,0.00,0.00,0.30,0.30,0.00,0.30
Player,Nation,Pos,Squad,Age,Born,MP,Starts,Min,90s,Gls,Ast,G+A,G-PK,PK,PKatt,CrdY,CrdR,xG,npxG,xAG,npxG+xAG,PrgC,PrgP,PrgR,Gls,Ast,G+A,G-PK,G+A-PK,xG,xAG,xG+xAG,npxG,npxG+xAG
Justin Diehl,de GER,FW MF,Köln,18,2004,7,1,168,01.sept,0,0,0,0,0,0,0,0,0.2,0.2,0.2,0.4,6,2,17,0.00,0.00,0.00,0.00,0.00,0.12,0.10,0.23,0.12,0.23
Eric Dier,eng ENG,DF,Bayern Munich,29,1994,15,13,1 166,13.0,0,0,0,0,0,0,1,0,0.7,0.7,0.1,0.7,8,53,1,0.00,0.00,0.00,0.00,0.00,0.05,0.01,0.06,0.05,0.06
Florian Dietz,de GER,FW MF,Köln,24,1998,5,0,70,0.8,0,0,0,0,0,0,0,0,0.3,0.3,0.1,0.4,0,0,8,0.00,0.00,0.00,0.00,0.00,0.34,0.12,0.46,0.34,0.46
Junior Dina Ebimbe,fr FRA,MF DF,Eint Frankfurt,22,2000,31,25,1 956,21.juil,5,3,8,5,0,0,5,0,5.0,5.0,02.sept,07.sept,57,79,157,0.23,0.14,0.37,0.23,0.37,0.23,0.13,0.36,0.23,0.36
Eren Dinkçi,de GER,FW MF,Heidenheim,21,2001,33,33,2 65,29.avr,10,5,15,10,0,0,8,0,04.mars,04.mars,03.juil,8.0,85,89,143,0.34,0.17,0.51,0.34,0.51,0.15,0.13,0.27,0.15,0.27
Ritsu Doan,jp JPN,DF MF,Freiburg,25,1998,30,26,2 246,25.0,7,2,9,7,0,0,2,0,5.0,5.0,03.janv,08.janv,49,78,139,0.28,0.08,0.36,0.28,0.36,0.20,0.12,0.32,0.20,0.32
Danilho Doekhi,nl NED,DF,Union Berlin,25,1998,24,24,2 16,24.0,2,0,2,2,0,0,2,0,01.févr,01.févr,0.2,01.mars,7,65,6,0.08,0.00,0.08,0.08,0.08,0.05,0.01,0.06,0.05,0.06
Niklas Dorsch,de GER,MF,Augsburg,25,1998,21,16,1 386,15.avr,0,0,0,0,0,0,5,0,0.7,0.7,0.1,0.8,12,47,12,0.00,0.00,0.00,0.00,0.00,0.04,0.01,0.05,0.04,0.05
Nikola Dovedan,at AUT,MF FW,Heidenheim,29,1994,21,5,656,07.mars,3,1,4,3,0,0,0,1,01.sept,01.sept,0.6,02.juin,12,22,25,0.41,0.14,0.55,0.41,0.55,0.26,0.09,0.35,0.26,0.35
Damion Downs,us USA,FW MF,Köln,19,2004,10,0,181,2.0,2,0,2,2,0,0,0,0,1.0,1.0,0.0,1.0,1,0,5,0.99,0.00,0.99,0.99,0.99,0.51,0.00,0.51,0.51,0.51
Dion Drena Beljo,hr CRO,FW MF,Augsburg,21,2002,26,3,581,06.mai,2,0,2,2,0,0,2,0,3.0,3.0,0.5,03.mai,16,20,35,0.31,0.00,0.31,0.31,0.31,0.46,0.08,0.54,0.46,0.54
Tim Drexler,de GER,DF,Hoffenheim,18,2005,8,6,573,06.avr,0,0,0,0,0,0,1,0,0.0,0.0,0.0,0.0,6,12,0,0.00,0.00,0.00,0.00,0.00,0.00,0.00,0.00,0.00,0.00
Marvin Ducksch,de GER,FW,Werder Bremen,29,1994,33,32,2 696,30.0,12,9,21,7,5,6,9,0,12.août,07.sept,07.août,15.juil,17,88,150,0.40,0.30,0.70,0.23,0.53,0.43,0.26,0.69,0.26,0.52
Julien Duranville,be BEL,FW MF,Dortmund,17,2006,2,0,12,0.1,0,0,0,0,0,0,0,0,0.0,0.0,0.0,0.0,2,0,1,0.00,0.00,0.00,0.00,0.00,0.00,0.00,0.00,0.00,0.00
Maximilian Eggestein,de GER,MF,Freiburg,26,1996,33,33,2 914,32.4,1,2,3,1,0,0,6,0,02.avr,02.avr,02.août,05.févr,42,162,72,0.03,0.06,0.09,0.03,0.09,0.07,0.09,0.16,0.07,0.16
Lilian Egloff,de GER,MF DF,Stuttgart,20,2002,5,1,106,01.févr,0,0,0,0,0,0,1,0,0.2,0.2,0.0,0.2,2,2,2,0.00,0.00,0.00,0.00,0.00,0.15,0.00,0.15,0.15,0.15
Hugo Ekitike,fr FRA,FW,Eint Frankfurt,21,2002,14,7,716,8.0,4,2,6,4,0,0,3,0,02.avr,02.avr,01.juil,04.janv,16,9,60,0.50,0.25,0.75,0.50,0.75,0.30,0.21,0.51,0.30,0.51
Elif Elmas,mk MKD,MF FW,RB Leipzig,23,1999,14,2,266,3.0,0,0,0,0,0,0,0,0,0.8,0.8,0.1,0.9,9,9,18,0.00,0.00,0.00,0.00,0.00,0.27,0.04,0.31,0.27,0.31
Nico Elvedi,ch SUI,DF,Gladbach,26,1996,30,28,2 482,27.juin,2,1,3,2,0,0,5,0,01.juin,01.juin,0.1,01.juil,37,109,6,0.07,0.04,0.11,0.07,0.11,0.06,0.00,0.06,0.06,0.06
Arne Engels,be BEL,MF DF,Augsburg,19,2003,32,13,1 405,15.juin,3,2,5,3,0,0,1,1,01.août,01.août,01.févr,3.0,23,52,62,0.19,0.13,0.32,0.19,0.32,0.12,0.08,0.19,0.12,0.19
Ohis Felix Uduokhai,de GER,DF,Augsburg,25,1997,33,33,2 921,32.5,2,0,2,2,0,0,5,1,01.avr,01.avr,0.8,02.févr,25,101,6,0.06,0.00,0.06,0.06,0.06,0.04,0.02,0.07,0.04,0.07
Edimilson Fernandes,ch SUI,DF,Mainz 05,27,1996,21,13,1 29,14.mars,0,2,2,0,0,0,4,0,0.5,0.5,0.7,01.mars,9,53,9,0.00,0.14,0.14,0.00,0.14,0.04,0.05,0.09,0.04,0.09
Nacho Ferri,es ESP,FW MF,Eint Frankfurt,18,2004,8,0,74,0.8,1,0,1,1,0,0,0,0,01.févr,01.févr,0.0,01.févr,0,2,8,janv.22,0.00,janv.22,janv.22,janv.22,janv.43,0.05,janv.48,janv.43,janv.48
Max Finkgräfe,de GER,DF FW,Köln,19,2004,24,18,1 756,19.mai,1,0,1,1,0,0,4,0,1.0,1.0,01.juin,02.juin,51,53,59,0.05,0.00,0.05,0.05,0.05,0.05,0.08,0.13,0.05,0.13
Kilian Fischer,de GER,DF MF,Wolfsburg,22,2000,6,4,291,03.févr,0,0,0,0,0,0,1,0,0.1,0.1,0.1,0.2,6,6,9,0.00,0.00,0.00,0.00,0.00,0.03,0.03,0.07,0.03,0.07
Player,Nation,Pos,Squad,Age,Born,MP,Starts,Min,90s,Gls,Ast,G+A,G-PK,PK,PKatt,CrdY,CrdR,xG,npxG,xAG,npxG+xAG,PrgC,PrgP,PrgR,Gls,Ast,G+A,G-PK,G+A-PK,xG,xAG,xG+xAG,npxG,npxG+xAG
Jonas Föhrenbach,de GER,DF,Heidenheim,27,1996,33,32,2 788,31.0,0,0,0,0,0,0,2,0,0.5,0.5,0.8,01.mars,44,96,69,0.00,0.00,0.00,0.00,0.00,0.02,0.03,0.04,0.02,0.04
Emil Forsberg,se SWE,MF FW,RB Leipzig,31,1991,14,5,464,05.févr,2,1,3,2,0,1,0,0,01.avr,0.6,0.9,01.mai,8,22,38,0.39,0.19,0.58,0.39,0.58,0.27,0.17,0.44,0.11,0.28
Philipp Förster,de GER,MF FW,Bochum,28,1995,13,3,385,04.mars,0,0,0,0,0,0,1,0,0.5,0.5,0.5,0.9,7,21,19,0.00,0.00,0.00,0.00,0.00,0.11,0.11,0.22,0.11,0.22
Bartol Franjić,hr CRO,MF,Darmstadt 98,23,2000,20,14,1 229,13.juil,0,1,1,0,0,0,5,0,0.3,0.3,0.2,0.5,13,50,14,0.00,0.07,0.07,0.00,0.07,0.02,0.02,0.04,0.02,0.04
Marco Friedl,at AUT,DF,Werder Bremen,25,1998,25,25,2 197,24.avr,1,0,1,1,0,0,6,0,0.2,0.2,0.1,0.3,4,59,2,0.04,0.00,0.04,0.04,0.04,0.01,0.00,0.01,0.01,0.01
Marvin Friedrich,de GER,DF,Gladbach,27,1995,24,17,1 566,17.avr,0,0,0,0,0,0,1,0,0.6,0.6,0.2,0.7,2,34,4,0.00,0.00,0.00,0.00,0.00,0.03,0.01,0.04,0.03,0.04
Jeremie Frimpong,nl NED,DF,Leverkusen,22,2000,31,27,2 251,25.0,9,7,16,9,0,0,6,0,08.févr,08.févr,05.sept,14.0,153,49,348,0.36,0.28,0.64,0.36,0.64,0.33,0.23,0.56,0.33,0.56
Chris Führich,de GER,FW MF,Stuttgart,25,1998,34,33,2 567,28.mai,8,7,15,8,0,1,2,0,06.juin,05.août,8.0,13.août,153,145,259,0.28,0.25,0.53,0.28,0.53,0.23,0.28,0.51,0.20,0.49
Shiō Fukuda,jp JPN,FW MF,Gladbach,19,2004,5,0,36,0.4,0,0,0,0,0,0,0,0,0.2,0.2,0.0,0.2,0,0,2,0.00,0.00,0.00,0.00,0.00,0.40,0.07,0.47,0.40,0.47
Niclas Füllkrug,de GER,FW,Werder Bremen,30,1993,2,2,180,2.0,0,0,0,0,0,0,0,0,0.5,0.5,0.3,0.7,2,9,12,0.00,0.00,0.00,0.00,0.00,0.23,0.13,0.36,0.23,0.36
Niclas Füllkrug,de GER,FW,Dortmund,30,1993,29,27,2 212,24.juin,12,8,20,9,3,3,1,0,12.avr,10.0,03.janv,13.févr,17,49,119,0.49,0.33,0.81,0.37,0.69,0.50,0.13,0.63,0.41,0.54
Cristian Gamboa,cr CRC,DF,Bochum,33,1989,22,12,1 187,13.févr,0,1,1,0,0,0,6,0,0.1,0.1,0.5,0.6,12,33,16,0.00,0.08,0.08,0.00,0.08,0.01,0.04,0.04,0.01,0.04
Dennis Geiger,de GER,MF,Hoffenheim,25,1998,3,0,64,0.7,0,0,0,0,0,0,1,0,0.0,0.0,0.2,0.2,1,3,2,0.00,0.00,0.00,0.00,0.00,0.00,0.31,0.31,0.00,0.31
Yannick Gerhardt,de GER,MF DF,Wolfsburg,29,1994,25,18,1 63,18.janv,2,1,3,2,0,0,5,0,01.sept,01.sept,0.9,02.août,17,49,73,0.11,0.06,0.17,0.11,0.17,0.11,0.05,0.15,0.11,0.15
Anwar El Ghazi,nl NED,MF DF,Mainz 05,28,1995,3,0,54,0.6,0,1,1,0,0,0,0,0,0.1,0.1,0.2,0.4,2,4,5,0.00,janv.67,janv.67,0.00,janv.67,0.22,0.39,0.61,0.22,0.61
Benedikt Gimber,de GER,DF,Heidenheim,26,1997,24,24,2 021,22.mai,1,1,2,1,0,0,9,0,01.avr,01.avr,01.janv,02.mai,3,25,6,0.04,0.04,0.09,0.04,0.09,0.06,0.05,0.11,0.06,0.11
Matthias Ginter,de GER,DF,Freiburg,29,1994,23,22,1 913,21.mars,0,2,2,0,0,0,3,0,01.avr,01.avr,01.avr,02.août,23,136,20,0.00,0.09,0.09,0.00,0.09,0.07,0.06,0.13,0.07,0.13
Jamie Gittens,eng ENG,FW MF,Dortmund,18,2004,25,14,1 058,11.août,1,4,5,1,0,0,1,0,02.févr,02.févr,02.août,5.0,64,26,105,0.09,0.34,0.43,0.09,0.43,0.19,0.24,0.43,0.19,0.43
Klaus Gjasula,al ALB,DF MF,Darmstadt 98,33,1989,22,17,1 363,15.janv,0,0,0,0,0,0,7,1,0.5,0.5,0.2,0.6,8,70,7,0.00,0.00,0.00,0.00,0.00,0.03,0.01,0.04,0.03,0.04
Serge Gnabry,de GER,FW MF,Bayern Munich,28,1995,10,5,432,04.août,3,1,4,3,0,0,0,0,02.avr,02.avr,01.févr,03.juil,23,23,49,0.62,0.21,0.83,0.62,0.83,0.51,0.26,0.77,0.51,0.77
Leon Goretzka,de GER,MF,Bayern Munich,28,1995,30,25,2 241,24.sept,6,7,13,6,0,0,3,0,5.0,5.0,05.mars,10.févr,66,176,71,0.24,0.28,0.52,0.24,0.52,0.20,0.21,0.41,0.20,0.41
Robin Gosens,de GER,DF MF,Union Berlin,29,1994,30,27,2 283,25.avr,6,3,9,6,0,0,9,1,02.janv,02.janv,3.0,05.janv,21,97,113,0.24,0.12,0.35,0.24,0.35,0.08,0.12,0.20,0.08,0.20
Mario Götze,de GER,MF,Eint Frankfurt,31,1992,30,23,2 068,23.0,3,2,5,3,0,0,5,1,02.sept,02.sept,3.0,05.sept,22,115,118,0.13,0.09,0.22,0.13,0.22,0.13,0.13,0.26,0.13,0.26
Jeffrey Gouweleeuw,nl NED,DF,Augsburg,32,1991,30,29,2 593,28.août,1,0,1,1,0,0,7,0,01.mars,01.mars,01.août,03.févr,33,143,17,0.03,0.00,0.03,0.03,0.03,0.05,0.06,0.11,0.05,0.11
Jens Grahl,de GER,GK,Eint Frankfurt,34,1988,2,2,180,2.0,0,1,1,0,0,0,0,0,0.0,0.0,0.2,0.2,0,0,0,0.00,0.50,0.50,0.00,0.50,0.00,0.12,0.12,0.00,0.12
Player,Nation,Pos,Squad,Age,Born,MP,Starts,Min,90s,Gls,Ast,G+A,G-PK,PK,PKatt,CrdY,CrdR,xG,npxG,xAG,npxG+xAG,PrgC,PrgP,PrgR,Gls,Ast,G+A,G-PK,G+A-PK,xG,xAG,xG+xAG,npxG,npxG+xAG
Ryan Gravenberch,nl NED,FW,Bayern Munich,21,2002,1,0,10,0.1,0,0,0,0,0,0,1,0,0.0,0.0,0.2,0.2,0,1,3,0.00,0.00,0.00,0.00,0.00,0.00,janv.92,janv.92,0.00,janv.92
Michael Gregoritsch,at AUT,FW,Freiburg,29,1994,32,19,1 682,18.juil,7,4,11,7,0,0,2,0,09.févr,09.févr,1.0,10.févr,12,48,89,0.37,0.21,0.59,0.37,0.59,0.49,0.05,0.55,0.49,0.55
Vincenzo Grifo,it ITA,MF FW,Freiburg,30,1993,32,29,2 325,25.août,8,8,16,2,6,6,3,0,07.juil,3.0,08.févr,11.févr,54,115,148,0.31,0.31,0.62,0.08,0.39,0.30,0.32,0.62,0.12,0.43
Florian Grillitsch,at AUT,DF MF,Hoffenheim,27,1995,30,25,2 295,25.mai,1,6,7,1,0,0,8,0,01.févr,01.févr,01.juil,02.sept,32,152,22,0.04,0.24,0.27,0.04,0.27,0.05,0.07,0.12,0.05,0.12
Álex Grimaldo,es ESP,DF,Leverkusen,27,1995,33,31,2 784,30.sept,10,13,23,10,0,0,1,0,05.juil,05.juil,09.janv,14.août,77,162,261,0.32,0.42,0.74,0.32,0.74,0.18,0.30,0.48,0.18,0.48
Christian Groß,de GER,DF MF,Werder Bremen,34,1989,20,8,797,08.sept,0,1,1,0,0,0,1,0,0.3,0.3,0.4,0.7,17,46,5,0.00,0.11,0.11,0.00,0.11,0.04,0.04,0.08,0.04,0.08
Brajan Gruda,de GER,MF FW,Mainz 05,19,2004,28,19,1 641,18.févr,4,3,7,4,0,0,5,0,03.mai,03.mai,04.janv,07.juin,100,71,167,0.22,0.16,0.38,0.22,0.38,0.19,0.23,0.42,0.19,0.42
Ilia Gruev,bg BUL,MF,Werder Bremen,23,2000,1,0,4,0.0,0,0,0,0,0,0,0,0,0.0,0.0,0.0,0.0,0,0,0,0.00,0.00,0.00,0.00,0.00,0.00,0.00,0.00,0.00,0.00
Raphaël Guerreiro,pt POR,DF MF,Bayern Munich,29,1993,20,13,1 191,13.févr,3,0,3,3,0,0,2,0,02.avr,02.avr,2.0,04.avr,36,86,90,0.23,0.00,0.23,0.23,0.23,0.18,0.15,0.33,0.18,0.33
Josuha Guilavogui,fr FRA,DF,Mainz 05,32,1990,11,5,409,04.mai,0,1,1,0,0,0,1,0,0.0,0.0,0.1,0.1,1,9,1,0.00,0.22,0.22,0.00,0.22,0.00,0.02,0.02,0.00,0.02
Serhou Guirassy,gn GUI,FW,Stuttgart,27,1996,28,25,2 208,24.mai,28,3,31,24,4,4,0,0,20.août,17.juin,06.juin,24.févr,32,56,183,janv.14,0.12,janv.26,0.98,01.oct,0.85,0.27,01.déc,0.72,0.99
Péter Gulácsi,hu HUN,GK,RB Leipzig,33,1990,13,13,1 17,13.0,0,0,0,0,0,0,0,0,0.0,0.0,0.0,0.0,0,1,0,0.00,0.00,0.00,0.00,0.00,0.00,0.00,0.00,0.00,0.00
Manuel Gulde,de GER,DF,Freiburg,32,1991,27,23,2 047,22.juil,1,0,1,1,0,0,5,1,01.janv,01.janv,0.1,01.févr,10,74,3,0.04,0.00,0.04,0.04,0.04,0.05,0.01,0.05,0.05,0.05
Robert Gumny,pl POL,DF,Augsburg,25,1998,13,6,481,05.mars,0,0,0,0,0,0,3,0,0.2,0.2,0.1,0.3,9,18,17,0.00,0.00,0.00,0.00,0.00,0.04,0.01,0.05,0.04,0.05
Christian Günter,de GER,DF,Freiburg,30,1993,15,13,1 06,11.août,1,2,3,1,0,0,1,0,0.5,0.5,02.janv,02.juin,15,23,63,0.08,0.17,0.25,0.08,0.25,0.04,0.18,0.22,0.04,0.22
Janik Haberer,de GER,MF DF,Union Berlin,29,1994,21,14,1 221,13.juin,1,1,2,1,0,0,7,0,0.9,0.8,0.6,01.mars,10,47,36,0.07,0.07,0.15,0.07,0.15,0.07,0.04,0.11,0.06,0.10
Robin Hack,de GER,FW MF,Gladbach,24,1998,29,14,1 348,15.0,10,2,12,10,0,0,2,0,03.sept,03.sept,02.mars,06.mars,50,46,103,0.67,0.13,0.80,0.67,0.80,0.26,0.16,0.42,0.26,0.42
Amadou Haidara,ml MLI,MF,RB Leipzig,25,1998,21,19,1 526,17.0,2,1,3,2,0,0,5,0,01.janv,01.janv,01.juin,02.juil,8,97,11,0.12,0.06,0.18,0.12,0.18,0.07,0.09,0.16,0.07,0.16
Sébastien Haller,ci CIV,FW,Dortmund,29,1994,14,5,396,04.avr,0,1,1,0,0,0,2,0,0.9,0.9,0.7,01.juil,11,11,34,0.00,0.23,0.23,0.00,0.23,0.22,0.17,0.39,0.22,0.39
Andreas Hanche-Olsen,no NOR,DF,Mainz 05,26,1997,15,12,992,11.0,1,0,1,1,0,0,5,0,0.7,0.7,0.0,0.7,1,19,0,0.09,0.00,0.09,0.09,0.09,0.06,0.00,0.06,0.06,0.06
Isak Hansen-Aarøen,no NOR,MF,Werder Bremen,18,2004,3,0,27,0.3,0,0,0,0,0,0,1,0,0.0,0.0,0.1,0.1,2,2,3,0.00,0.00,0.00,0.00,0.00,0.00,0.22,0.22,0.00,0.22
Genki Haraguchi,jp JPN,MF,Stuttgart,32,1991,2,0,27,0.3,0,0,0,0,0,0,0,0,0.0,0.0,0.0,0.0,1,3,0,0.00,0.00,0.00,0.00,0.00,0.00,0.00,0.00,0.00,0.00
Makoto Hasebe,jp JPN,DF MF,Eint Frankfurt,39,1984,8,2,218,02.avr,0,0,0,0,0,0,1,0,0.0,0.0,0.0,0.0,0,10,3,0.00,0.00,0.00,0.00,0.00,0.00,0.00,0.00,0.00,0.00
Thorgan Hazard,be BEL,DF,Dortmund,30,1993,1,0,7,0.1,0,0,0,0,0,0,0,0,0.0,0.0,0.0,0.0,0,2,1,0.00,0.00,0.00,0.00,0.00,0.00,0.00,0.00,0.00,0.00
Dominique Heintz,de GER,DF,Köln,29,1993,12,6,568,06.mars,0,0,0,0,0,0,0,0,0.0,0.0,0.5,0.5,10,30,16,0.00,0.00,0.00,0.00,0.00,0.00,0.08,0.08,0.00,0.08
Player,Nation,Pos,Squad,Age,Born,MP,Starts,Min,90s,Gls,Ast,G+A,G-PK,PK,PKatt,CrdY,CrdR,xG,npxG,xAG,npxG+xAG,PrgC,PrgP,PrgR,Gls,Ast,G+A,G-PK,G+A-PK,xG,xAG,xG+xAG,npxG,npxG+xAG
Benjamin Henrichs,de GER,DF,RB Leipzig,26,1997,33,28,2 526,28.janv,1,5,6,1,0,0,5,0,02.mai,02.mai,04.avr,06.sept,53,124,161,0.04,0.18,0.21,0.04,0.21,0.09,0.16,0.25,0.09,0.25
Patrick Herrmann,de GER,FW DF,Gladbach,32,1991,8,0,86,1.0,0,0,0,0,0,0,1,0,0.2,0.2,0.1,0.3,3,6,8,0.00,0.00,0.00,0.00,0.00,0.20,0.10,0.30,0.20,0.30
Piero Hincapié,ec ECU,DF,Leverkusen,21,2002,26,16,1 484,16.mai,1,2,3,1,0,0,2,0,01.sept,01.sept,0.5,02.mai,34,102,50,0.06,0.12,0.18,0.06,0.18,0.12,0.03,0.15,0.12,0.15
Adam Hložek,cz CZE,MF FW,Leverkusen,21,2002,23,5,459,05.janv,2,3,5,2,0,0,1,0,03.janv,03.janv,0.9,4.0,14,13,33,0.39,0.59,0.98,0.39,0.98,0.60,0.18,0.78,0.60,0.78
Nicolas Höfler,de GER,MF,Freiburg,33,1990,28,26,2 33,25.sept,1,1,2,1,0,0,10,1,0.7,0.7,0.4,01.janv,14,94,15,0.04,0.04,0.08,0.04,0.08,0.03,0.02,0.04,0.03,0.04
Jonas Hofmann,de GER,MF,Leverkusen,31,1992,32,26,2 204,24.mai,5,7,12,5,0,0,3,0,05.sept,05.sept,08.janv,14.janv,63,119,221,0.20,0.29,0.49,0.20,0.49,0.24,0.33,0.57,0.24,0.57
Philipp Hofmann,de GER,FW,Bochum,30,1993,29,18,1 571,17.mai,4,2,6,4,0,0,1,0,04.août,04.août,01.juil,06.mai,7,36,86,0.23,0.11,0.34,0.23,0.34,0.27,0.10,0.37,0.27,0.37
Lucas Höler,de GER,FW MF,Freiburg,29,1994,33,26,2 305,25.juin,7,2,9,6,1,2,7,0,08.juin,7.0,02.janv,09.janv,24,49,153,0.27,0.08,0.35,0.23,0.31,0.34,0.08,0.42,0.27,0.36
Fabian Holland,de GER,MF DF,Darmstadt 98,33,1990,23,23,1 835,20.avr,0,2,2,0,0,0,4,1,0.6,0.6,01.mai,02.janv,11,87,47,0.00,0.10,0.10,0.00,0.10,0.03,0.07,0.10,0.03,0.10
Benedict Hollerbach,de GER,FW MF,Union Berlin,22,2001,28,15,1 282,14.févr,5,0,5,5,0,0,2,0,03.avr,03.avr,01.mars,04.juil,49,39,126,0.35,0.00,0.35,0.35,0.35,0.24,0.09,0.33,0.24,0.33
Gerrit Holtmann,ph PHI,MF FW,Darmstadt 98,28,1995,10,2,392,04.avr,0,0,0,0,0,0,1,0,0.6,0.6,0.3,0.9,13,18,20,0.00,0.00,0.00,0.00,0.00,0.14,0.07,0.21,0.14,0.21
Franck Honorat,fr FRA,DF FW,Gladbach,26,1996,32,28,2 345,26.janv,3,9,12,3,0,0,1,0,01.juin,01.juin,09.mars,10.août,97,93,242,0.12,0.35,0.46,0.12,0.46,0.06,0.36,0.42,0.06,0.42
Mathias Honsak,at AUT,FW MF,Darmstadt 98,26,1996,23,10,1 021,11.mars,1,1,2,1,0,0,1,0,01.août,01.août,0.7,02.mai,22,19,62,0.09,0.09,0.18,0.09,0.18,0.16,0.06,0.22,0.16,0.22
Fraser Hornby,sct SCO,FW MF,Darmstadt 98,23,1999,7,1,217,02.avr,0,0,0,0,0,0,1,0,0.7,0.7,0.3,1.0,7,2,7,0.00,0.00,0.00,0.00,0.00,0.27,0.14,0.41,0.27,0.41
Lukáš Hrádecký,fi FIN,GK,Leverkusen,33,1989,33,33,2 97,33.0,0,0,0,0,0,0,2,0,0.0,0.0,0.0,0.0,0,1,0,0.00,0.00,0.00,0.00,0.00,0.00,0.00,0.00,0.00,0.00
Timo Hübers,de GER,DF,Köln,27,1996,31,31,2 778,30.sept,0,0,0,0,0,0,6,0,01.août,01.août,0.5,02.mars,19,104,3,0.00,0.00,0.00,0.00,0.00,0.06,0.02,0.08,0.06,0.08
Mats Hummels,de GER,DF,Dortmund,34,1988,25,20,1 581,17.juin,3,0,3,3,0,0,4,1,03.févr,03.févr,0.9,04.janv,11,82,1,0.17,0.00,0.17,0.17,0.17,0.18,0.05,0.23,0.18,0.23
Denis Huseinbasic,ba BIH,MF,Köln,22,2001,26,18,1 627,18.janv,0,3,3,0,0,0,5,0,0.3,0.3,0.7,1.0,35,93,29,0.00,0.17,0.17,0.00,0.17,0.02,0.04,0.06,0.02,0.06
Iago,br BRA,DF,Augsburg,26,1997,23,18,1 622,18.0,1,1,2,1,0,0,4,0,01.avr,01.avr,01.juin,3.0,24,54,51,0.06,0.06,0.11,0.06,0.11,0.08,0.09,0.16,0.08,0.16
Borja Iglesias,es ESP,FW,Leverkusen,30,1993,7,2,256,02.août,0,0,0,0,0,0,0,0,01.avr,01.avr,0.3,01.juin,3,5,19,0.00,0.00,0.00,0.00,0.00,0.48,0.10,0.58,0.48,0.58
Joel Imasuen,us USA,FW,Werder Bremen,18,2004,1,0,2,0.0,0,0,0,0,0,0,0,0,0.0,0.0,0.0,0.0,0,0,0,0.00,0.00,0.00,0.00,0.00,0.00,0.00,0.00,0.00,0.00
Thomas Isherwood,se SWE,DF,Darmstadt 98,25,1998,12,8,636,07.janv,0,0,0,0,0,0,1,0,0.0,0.0,0.0,0.0,6,11,1,0.00,0.00,0.00,0.00,0.00,0.00,0.01,0.01,0.00,0.01
Ko Itakura,jp JPN,DF MF,Gladbach,26,1997,20,18,1 596,17.juil,3,0,3,3,0,0,9,0,01.mars,01.mars,0.2,01.mai,14,36,7,0.17,0.00,0.17,0.17,0.17,0.08,0.01,0.09,0.08,0.09
Hiroki Ito,jp JPN,DF,Stuttgart,24,1999,26,25,2 228,24.août,0,2,2,0,0,0,1,0,0.9,0.9,2.0,02.sept,29,121,32,0.00,0.08,0.08,0.00,0.08,0.04,0.08,0.12,0.04,0.12
Lee Jae-sung,kr KOR,MF FW,Mainz 05,30,1992,29,24,2 113,23.mai,6,3,9,6,0,0,6,0,04.sept,04.sept,03.avr,08.mars,25,82,121,0.26,0.13,0.38,0.26,0.38,0.21,0.14,0.35,0.21,0.35
Player,Nation,Pos,Squad,Age,Born,MP,Starts,Min,90s,Gls,Ast,G+A,G-PK,PK,PKatt,CrdY,CrdR,xG,npxG,xAG,npxG+xAG,PrgC,PrgP,PrgR,Gls,Ast,G+A,G-PK,G+A-PK,xG,xAG,xG+xAG,npxG,npxG+xAG
Paul Jaeckel,de GER,DF,Union Berlin,25,1998,6,2,234,02.juin,0,0,0,0,0,0,0,0,0.0,0.0,0.1,0.1,1,14,1,0.00,0.00,0.00,0.00,0.00,0.00,0.02,0.02,0.00,0.02
Kristijan Jakić,hr CRO,MF,Augsburg,26,1997,14,13,1 051,11.juil,2,1,3,2,0,0,4,0,0.8,0.8,0.3,1.0,11,56,10,0.17,0.09,0.26,0.17,0.26,0.07,0.02,0.09,0.07,0.09
Kristijan Jakić,hr CRO,MF FW,Eint Frankfurt,26,1997,4,1,200,02.févr,0,0,0,0,0,0,1,0,0.0,0.0,0.2,0.2,3,11,9,0.00,0.00,0.00,0.00,0.00,0.02,0.08,0.10,0.02,0.10
Tony Jantschke,de GER,DF MF,Gladbach,33,1990,4,0,27,0.3,0,0,0,0,0,0,0,0,0.0,0.0,0.0,0.0,0,2,0,0.00,0.00,0.00,0.00,0.00,0.00,0.00,0.00,0.00,0.00
Nuha Jatta,gm GAM,FW,RB Leipzig,17,2006,1,0,1,0.0,0,0,0,0,0,0,0,0,0.0,0.0,0.0,0.0,0,0,0,0.00,0.00,0.00,0.00,0.00,0.00,0.00,0.00,0.00,0.00
Fredrik Jensen,fi FIN,MF FW,Augsburg,25,1997,22,18,1 338,14.sept,2,4,6,2,0,0,1,0,0.9,0.9,04.mars,05.févr,22,46,90,0.13,0.27,0.40,0.13,0.40,0.06,0.29,0.35,0.06,0.35
Moritz Jenz,de GER,DF,Wolfsburg,24,1999,22,21,1 742,19.avr,0,1,1,0,0,0,7,1,0.3,0.3,0.3,0.6,2,47,4,0.00,0.05,0.05,0.00,0.05,0.02,0.01,0.03,0.02,0.03
Anthony Jung,de GER,DF,Werder Bremen,31,1991,31,30,2 579,28.juil,1,0,1,1,0,0,4,1,0.6,0.6,0.3,1.0,24,107,21,0.03,0.00,0.03,0.03,0.03,0.02,0.01,0.03,0.02,0.03
Josip Juranović,hr CRO,DF,Union Berlin,27,1995,21,14,1 294,14.avr,0,2,2,0,0,1,4,0,01.avr,0.6,02.mars,02.sept,22,52,46,0.00,0.14,0.14,0.00,0.14,0.10,0.16,0.26,0.04,0.20
David Jurásek,cz CZE,DF,Hoffenheim,22,2000,13,4,496,05.mai,0,1,1,0,0,0,1,0,0.2,0.2,1.0,01.janv,12,12,38,0.00,0.18,0.18,0.00,0.18,0.03,0.18,0.21,0.03,0.21
Julian Justvan,de GER,FW MF,Hoffenheim,25,1998,4,0,49,0.5,0,0,0,0,0,0,0,0,0.0,0.0,0.0,0.0,8,5,12,0.00,0.00,0.00,0.00,0.00,0.07,0.00,0.07,0.07,0.07
Julian Justvan,de GER,MF FW,Darmstadt 98,25,1998,14,11,1 023,11.avr,2,2,4,2,0,0,1,0,0.9,0.9,02.mai,03.avr,20,56,50,0.18,0.18,0.35,0.18,0.35,0.08,0.22,0.30,0.08,0.30
Ozan Kabak,tr TUR,DF,Hoffenheim,23,2000,28,28,2 282,25.avr,4,0,4,4,0,0,11,1,02.févr,02.févr,01.janv,03.mars,21,110,11,0.16,0.00,0.16,0.16,0.16,0.09,0.04,0.13,0.09,0.13
Pavel Kadeřábek,cz CZE,DF FW,Hoffenheim,31,1992,29,28,2 412,26.août,3,4,7,3,0,0,7,0,02.mai,02.mai,04.juil,07.févr,38,88,153,0.11,0.15,0.26,0.11,0.26,0.09,0.18,0.27,0.09,0.27
Florian Kainz,at AUT,MF FW,Köln,30,1992,33,29,2 197,24.avr,5,4,9,0,5,5,4,0,5.0,1.0,03.mars,04.mars,40,124,100,0.20,0.16,0.37,0.00,0.16,0.20,0.13,0.34,0.04,0.18
Sasa Kalajdzic,at AUT,FW,Eint Frankfurt,26,1997,5,5,325,03.juin,0,1,1,0,0,0,0,0,0.2,0.2,0.5,0.7,1,8,9,0.00,0.28,0.28,0.00,0.28,0.05,0.14,0.19,0.05,0.19
Jakub Kamiński,pl POL,FW MF,Wolfsburg,21,2002,17,4,473,05.mars,0,2,2,0,0,0,0,0,0.5,0.5,0.7,01.janv,13,18,53,0.00,0.38,0.38,0.00,0.38,0.09,0.13,0.22,0.09,0.22
Kevin Kampl,si SVN,MF,RB Leipzig,32,1990,26,14,1 363,15.janv,1,0,1,1,0,0,3,0,0.2,0.2,01.août,2.0,28,88,27,0.07,0.00,0.07,0.07,0.07,0.01,0.12,0.13,0.01,0.13
Harry Kane,eng ENG,FW,Bayern Munich,30,1993,32,32,2 839,31.mai,36,8,44,31,5,5,2,0,30.juin,26.juil,06.avr,33.0,36,102,164,janv.14,0.25,janv.39,0.98,janv.24,0.97,0.20,janv.17,0.85,01.mai
Atakan Karazor,,MF,Stuttgart,26,1996,33,31,2 623,29.janv,0,4,4,0,0,0,9,0,1.0,1.0,02.juin,03.juin,24,142,31,0.00,0.14,0.14,0.00,0.14,0.04,0.09,0.13,0.03,0.12
Emir Karic,at AUT,DF,Darmstadt 98,26,1997,27,18,1 783,19.août,0,0,0,0,0,0,4,0,0.4,0.4,01.mars,01.juil,56,115,85,0.00,0.00,0.00,0.00,0.00,0.02,0.06,0.08,0.02,0.08
Silas Katompa,cd COD,FW MF,Stuttgart,24,1998,27,8,900,10.0,5,2,7,5,0,1,0,0,05.juil,04.sept,02.mars,07.févr,49,25,130,0.50,0.20,0.70,0.50,0.70,0.57,0.23,0.80,0.49,0.72
Mikkel Kaufmann,dk DEN,FW,Union Berlin,22,2001,18,4,486,05.avr,1,0,1,1,0,0,0,0,01.mars,01.mars,1.0,02.mars,6,11,34,0.19,0.00,0.19,0.19,0.19,0.24,0.18,0.42,0.24,0.42
Naby Keïta,gn GUI,MF DF,Werder Bremen,28,1995,5,1,109,01.févr,0,0,0,0,0,0,2,0,0.1,0.1,0.0,0.1,1,13,4,0.00,0.00,0.00,0.00,0.00,0.09,0.00,0.09,0.09,0.09
Yannik Keitel,de GER,DF MF,Freiburg,23,2000,15,11,920,10.févr,1,0,1,1,0,0,0,0,0.7,0.7,0.4,01.janv,4,48,7,0.10,0.00,0.10,0.10,0.10,0.07,0.04,0.11,0.07,0.11
Player,Nation,Pos,Squad,Age,Born,MP,Starts,Min,90s,Gls,Ast,G+A,G-PK,PK,PKatt,CrdY,CrdR,xG,npxG,xAG,npxG+xAG,PrgC,PrgP,PrgR,Gls,Ast,G+A,G-PK,G+A-PK,xG,xAG,xG+xAG,npxG,npxG+xAG
Thomas Keller,de GER,MF FW,Heidenheim,23,1999,2,0,2,0.0,0,0,0,0,0,0,0,0,0.0,0.0,0.0,0.0,0,2,0,0.00,0.00,0.00,0.00,0.00,0.00,0.00,0.00,0.00,0.00
Aljoscha Kemlein,de GER,MF,Union Berlin,18,2004,2,0,29,0.3,0,0,0,0,0,0,0,0,0.0,0.0,0.0,0.0,0,0,1,0.00,0.00,0.00,0.00,0.00,0.14,0.00,0.14,0.14,0.14
Tobias Kempe,de GER,MF,Darmstadt 98,34,1989,24,15,1 35,15.0,3,2,5,0,3,3,1,0,03.juin,01.févr,02.janv,03.mars,15,44,46,0.20,0.13,0.33,0.00,0.13,0.24,0.14,0.38,0.08,0.22
Rani Khedira,de GER,MF,Union Berlin,29,1994,20,18,1 343,14.sept,0,0,0,0,0,0,5,1,0.4,0.4,0.1,0.5,6,35,15,0.00,0.00,0.00,0.00,0.00,0.03,0.01,0.03,0.03,0.03
Luca Kilian,de GER,DF,Köln,23,1999,13,6,635,07.janv,0,0,0,0,0,0,1,0,0.0,0.0,0.0,0.0,7,12,1,0.00,0.00,0.00,0.00,0.00,0.00,0.01,0.01,0.00,0.01
Joshua Kimmich,de GER,MF DF,Bayern Munich,28,1995,28,27,2 176,24.févr,1,6,7,1,0,0,1,1,01.janv,01.janv,07.janv,08.mars,56,229,114,0.04,0.25,0.29,0.04,0.29,0.05,0.30,0.34,0.05,0.34
Christoph Klarer,at AUT,DF,Darmstadt 98,23,2000,30,28,2 354,26.févr,2,2,4,2,0,0,9,0,01.févr,01.févr,0.9,02.janv,9,64,11,0.08,0.08,0.15,0.08,0.15,0.05,0.04,0.08,0.05,0.08
Tim Kleindienst,de GER,FW,Heidenheim,27,1995,33,33,2 869,31.9,12,3,15,10,2,2,6,0,13.sept,12.mars,03.mars,15.juin,40,73,178,0.38,0.09,0.47,0.31,0.41,0.44,0.10,0.54,0.39,0.49
Lukas Klostermann,de GER,DF,RB Leipzig,27,1996,25,16,1 436,16.0,1,0,1,1,0,0,3,0,0.7,0.7,0.4,01.janv,14,90,13,0.06,0.00,0.06,0.06,0.06,0.05,0.02,0.07,0.05,0.07
Ansgar Knauff,de GER,MF DF,Eint Frankfurt,21,2002,31,24,2 109,23.avr,7,2,9,7,0,0,7,1,05.juil,05.juil,02.mars,8.0,77,57,164,0.30,0.09,0.38,0.30,0.38,0.24,0.10,0.34,0.24,0.34
Robin Knoche,de GER,DF,Union Berlin,31,1992,24,20,1 917,21.mars,1,0,1,1,0,1,1,0,01.févr,0.4,0.3,0.7,2,71,2,0.05,0.00,0.05,0.05,0.05,0.06,0.01,0.07,0.02,0.03
Gregor Kobel,ch SUI,GK,Dortmund,25,1997,27,27,2 365,26.mars,0,0,0,0,0,0,1,0,0.0,0.0,0.0,0.0,0,0,0,0.00,0.00,0.00,0.00,0.00,0.00,0.00,0.00,0.00,0.00
Robin Koch,de GER,DF,Eint Frankfurt,27,1996,31,31,2 738,30.avr,2,0,2,2,0,0,10,0,03.janv,03.janv,0.2,03.mars,14,116,3,0.07,0.00,0.07,0.07,0.07,0.10,0.01,0.11,0.10,0.11
Dominik Kohr,de GER,DF MF,Mainz 05,29,1994,31,27,2 184,24.mars,1,0,1,1,0,0,15,1,01.juin,01.juin,01.févr,02.août,19,99,26,0.04,0.00,0.04,0.04,0.04,0.07,0.05,0.12,0.07,0.12
Randal Kolo Muani,fr FRA,FW,Eint Frankfurt,24,1998,2,2,153,01.juil,1,0,1,1,0,0,0,0,01.mars,01.mars,0.0,01.mars,6,3,9,0.59,0.00,0.59,0.59,0.59,0.77,0.00,0.77,0.77,0.77
Mert Kömür,de GER,MF DF,Augsburg,18,2005,4,1,118,01.mars,1,0,1,1,0,0,0,0,0.2,0.2,0.0,0.2,7,4,9,0.76,0.00,0.76,0.76,0.76,0.15,0.02,0.17,0.15,0.17
Manu Koné,fr FRA,MF,Gladbach,22,2001,22,18,1 561,17.mars,1,0,1,1,0,0,4,1,01.févr,01.févr,01.févr,02.avr,42,70,56,0.06,0.00,0.06,0.06,0.06,0.07,0.07,0.14,0.07,0.14
Odilon Kossounou,ci CIV,DF,Leverkusen,22,2001,22,21,1 811,20.janv,1,0,1,1,0,0,3,0,0.6,0.6,0.7,01.mars,48,141,23,0.05,0.00,0.05,0.05,0.05,0.03,0.03,0.06,0.03,0.06
Tomáš Koubek,cz CZE,GK,Augsburg,30,1992,3,3,270,3.0,0,0,0,0,0,0,0,0,0.0,0.0,0.0,0.0,0,0,0,0.00,0.00,0.00,0.00,0.00,0.00,0.00,0.00,0.00,0.00
Matej Kovar,cz CZE,GK,Leverkusen,23,2000,1,1,90,1.0,0,0,0,0,0,0,0,0,0.0,0.0,0.0,0.0,0,0,0,0.00,0.00,0.00,0.00,0.00,0.00,0.00,0.00,0.00,0.00
Dawid Kownacki,pl POL,FW,Werder Bremen,26,1997,22,3,380,04.févr,0,0,0,0,0,0,0,0,01.mars,01.mars,0.4,01.juin,5,10,26,0.00,0.00,0.00,0.00,0.00,0.31,0.08,0.39,0.31,0.39
Alex Král,cz CZE,MF,Union Berlin,25,1998,24,13,1 37,15.févr,0,0,0,0,0,0,2,0,01.juil,01.juil,0.4,2.0,15,44,41,0.00,0.00,0.00,0.00,0.00,0.11,0.02,0.13,0.11,0.13
Andrej Kramarić,hr CRO,MF FW,Hoffenheim,32,1991,30,25,2 199,24.avr,15,6,21,10,5,5,4,0,11.janv,07.janv,07.mars,14.mai,71,119,175,0.61,0.25,0.86,0.41,0.65,0.45,0.30,0.75,0.29,0.59
Christoph Kramer,de GER,MF,Gladbach,32,1991,14,1,249,02.août,0,0,0,0,0,0,4,0,0.1,0.1,0.1,0.2,10,17,8,0.00,0.00,0.00,0.00,0.00,0.04,0.05,0.09,0.04,0.09
Frans Krätzig,de GER,DF,Bayern Munich,20,2003,4,0,56,0.6,0,0,0,0,0,0,0,0,0.3,0.3,0.3,0.5,0,7,7,0.00,0.00,0.00,0.00,0.00,0.42,0.42,0.84,0.42,0.84
Player,Nation,Pos,Squad,Age,Born,MP,Starts,Min,90s,Gls,Ast,G+A,G-PK,PK,PKatt,CrdY,CrdR,xG,npxG,xAG,npxG+xAG,PrgC,PrgP,PrgR,Gls,Ast,G+A,G-PK,G+A-PK,xG,xAG,xG+xAG,npxG,npxG+xAG
Tom Krauß,de GER,MF,Mainz 05,22,2001,29,13,1 346,15.0,1,2,3,1,0,0,5,0,0.8,0.8,0.4,01.févr,12,68,29,0.07,0.13,0.20,0.07,0.20,0.05,0.03,0.08,0.05,0.08
Lukas Kübler,de GER,DF,Freiburg,30,1992,26,22,1 847,20.mai,1,0,1,1,0,0,7,0,0.6,0.6,0.3,0.9,13,70,32,0.05,0.00,0.05,0.05,0.05,0.03,0.02,0.04,0.03,0.04
Mahmut Kücüksahin,,MF,Augsburg,19,2004,1,0,1,0.0,0,0,0,0,0,0,0,0,0.0,0.0,0.0,0.0,0,0,0,0.00,0.00,0.00,0.00,0.00,0.00,0.00,0.00,0.00,0.00
Christian Kühlwetter,de GER,MF,Heidenheim,27,1996,1,0,8,0.1,0,1,1,0,0,0,0,0,0.0,0.0,0.6,0.6,1,0,0,0.00,nov.25,nov.25,0.00,nov.25,0.00,juin.85,juin.85,0.00,juin.85
Moritz-Broni Kwarteng,gh GHA,FW,Bochum,25,1998,11,2,281,03.janv,0,1,1,0,0,0,1,1,1.0,1.0,0.5,01.juin,8,6,24,0.00,0.32,0.32,0.00,0.32,0.33,0.17,0.51,0.33,0.51
Maxence Lacroix,fr FRA,DF,Wolfsburg,23,2000,28,27,2 362,26.févr,4,1,5,4,0,0,5,3,0.8,0.8,0.8,01.juil,5,79,5,0.15,0.04,0.19,0.15,0.19,0.03,0.03,0.06,0.03,0.06
Aïssa Laïdouni,tn TUN,MF,Union Berlin,26,1996,23,10,1 071,11.sept,0,3,3,0,0,0,2,0,0.7,0.7,1.0,01.juil,24,56,41,0.00,0.25,0.25,0.00,0.25,0.06,0.09,0.14,0.06,0.14
Konrad Laimer,at AUT,DF MF,Bayern Munich,26,1997,29,18,1 772,19.juil,0,3,3,0,0,0,3,0,1.0,1.0,03.sept,04.sept,62,127,98,0.00,0.15,0.15,0.00,0.15,0.05,0.20,0.25,0.05,0.25
Stefan Lainer,at AUT,DF MF,Gladbach,30,1992,15,8,751,08.mars,0,1,1,0,0,0,2,0,0.2,0.2,0.7,0.9,15,37,31,0.00,0.12,0.12,0.00,0.12,0.02,0.08,0.11,0.02,0.11
Hugo Larsson,se SWE,MF,Eint Frankfurt,19,2004,29,21,1 886,21.0,2,1,3,2,0,0,1,0,01.mars,01.mars,01.avr,02.juil,26,68,42,0.10,0.05,0.14,0.10,0.14,0.06,0.07,0.13,0.06,0.13
Diogo Leite,pt POR,DF,Union Berlin,24,1999,32,31,2 702,30.0,0,0,0,0,0,0,6,0,0.8,0.8,0.2,1.0,14,121,4,0.00,0.00,0.00,0.00,0.00,0.03,0.01,0.03,0.03,0.03
Maxim Leitsch,de GER,DF,Mainz 05,25,1998,7,4,379,04.févr,0,0,0,0,0,0,0,0,0.0,0.0,0.0,0.0,1,7,0,0.00,0.00,0.00,0.00,0.00,0.00,0.00,0.00,0.00,0.00
Christopher Lenz,de GER,DF MF,RB Leipzig,28,1994,5,0,47,0.5,0,0,0,0,0,0,0,0,0.0,0.0,0.1,0.1,1,2,7,0.00,0.00,0.00,0.00,0.00,0.00,0.22,0.22,0.00,0.22
Christopher Lenz,de GER,DF,Eint Frankfurt,28,1994,1,0,10,0.1,0,0,0,0,0,0,0,0,0.0,0.0,0.0,0.0,0,1,0,0.00,0.00,0.00,0.00,0.00,0.00,0.00,0.00,0.00,0.00
Jamie Leweling,de GER,FW MF,Stuttgart,22,2001,34,17,1 523,16.sept,4,4,8,4,0,0,3,0,06.janv,06.janv,03.févr,09.mars,65,35,172,0.24,0.24,0.47,0.24,0.47,0.36,0.19,0.55,0.36,0.55
Philipp Lienhart,at AUT,DF,Freiburg,27,1996,15,14,1 265,14.janv,1,0,1,1,0,0,3,0,01.janv,01.janv,01.janv,02.févr,14,53,3,0.07,0.00,0.07,0.07,0.07,0.08,0.08,0.16,0.08,0.16
Matthijs de Ligt,nl NED,DF,Bayern Munich,23,1999,22,16,1 39,15.avr,2,0,2,2,0,0,5,0,01.juil,01.juil,0.1,01.sept,16,98,6,0.13,0.00,0.13,0.13,0.13,0.11,0.01,0.12,0.11,0.12
Jesper Lindstrøm,dk DEN,FW,Eint Frankfurt,23,2000,1,1,83,0.9,0,0,0,0,0,0,0,0,0.2,0.2,0.0,0.2,2,1,9,0.00,0.00,0.00,0.00,0.00,0.20,0.00,0.20,0.20,0.20
Dejan Ljubicic,at AUT,MF FW,Köln,25,1997,26,24,2 048,22.août,0,2,2,0,0,0,6,0,01.sept,01.sept,3.0,04.sept,41,84,73,0.00,0.09,0.09,0.00,0.09,0.08,0.13,0.22,0.08,0.22
Noah Loosli,ch SUI,DF,Bochum,26,1997,10,2,346,03.août,0,0,0,0,0,0,1,0,0.0,0.0,0.0,0.0,1,6,3,0.00,0.00,0.00,0.00,0.00,0.00,0.00,0.00,0.00,0.00
Anthony Losilla,fr FRA,MF,Bochum,37,1986,31,31,2 576,28.juin,1,2,3,1,0,0,10,0,02.mars,02.mars,01.mai,03.juil,11,100,42,0.03,0.07,0.10,0.03,0.10,0.08,0.05,0.13,0.08,0.13
Castello Lukeba,fr FRA,DF,RB Leipzig,20,2002,32,24,2 191,24.mars,1,0,1,1,0,0,3,0,0.8,0.8,0.1,0.9,23,107,9,0.04,0.00,0.04,0.04,0.04,0.03,0.01,0.04,0.03,0.04
Andreas Luthe,de GER,GK,Bochum,36,1987,1,1,90,1.0,0,0,0,0,0,0,0,0,0.0,0.0,0.0,0.0,0,0,0,0.00,0.00,0.00,0.00,0.00,0.00,0.00,0.00,0.00,0.00
Senne Lynen,be BEL,MF,Werder Bremen,24,1999,32,20,1 797,20.0,0,3,3,0,0,0,6,0,0.4,0.4,01.août,02.févr,10,66,28,0.00,0.15,0.15,0.00,0.15,0.02,0.09,0.11,0.02,0.11
Ian Maatsen,nl NED,DF,Dortmund,21,2002,16,15,1 264,14.0,2,2,4,2,0,0,5,0,0.9,0.9,01.avr,02.mars,41,80,49,0.14,0.14,0.28,0.14,0.28,0.07,0.10,0.17,0.07,0.17
Player,Nation,Pos,Squad,Age,Born,MP,Starts,Min,90s,Gls,Ast,G+A,G-PK,PK,PKatt,CrdY,CrdR,xG,npxG,xAG,npxG+xAG,PrgC,PrgP,PrgR,Gls,Ast,G+A,G-PK,G+A-PK,xG,xAG,xG+xAG,npxG,npxG+xAG
Matej Maglica,hr CRO,DF,Darmstadt 98,24,1998,26,21,1 698,18.sept,1,0,1,1,0,0,7,2,0.6,0.6,0.7,01.févr,11,62,5,0.05,0.00,0.05,0.05,0.05,0.03,0.03,0.06,0.03,0.06
Arne Maier,de GER,MF,Augsburg,24,1999,22,10,1 003,11.janv,2,4,6,2,0,0,0,0,01.mai,01.mai,02.mars,03.sept,17,64,66,0.18,0.36,0.54,0.18,0.54,0.14,0.21,0.35,0.14,0.35
Linton Maina,de GER,FW MF,Köln,24,1999,31,21,1 901,21.janv,1,3,4,1,0,0,4,0,01.sept,01.sept,03.janv,5.0,109,61,169,0.05,0.14,0.19,0.05,0.19,0.09,0.15,0.24,0.09,0.24
Patrick Mainka,de GER,DF,Heidenheim,28,1994,34,34,3 06,34.0,2,0,2,2,0,0,1,0,03.févr,03.févr,0.1,03.févr,33,122,6,0.06,0.00,0.06,0.06,0.06,0.09,0.00,0.09,0.09,0.09
Lovro Majer,hr CRO,MF FW,Wolfsburg,25,1998,32,25,2 106,23.avr,5,5,10,3,2,2,5,0,05.avr,03.août,03.févr,7.0,61,124,140,0.21,0.21,0.43,0.13,0.34,0.23,0.14,0.37,0.16,0.30
Jordy Makengo,fr FRA,DF,Freiburg,21,2001,20,10,1 026,11.avr,0,0,0,0,0,0,1,0,0.2,0.2,0.2,0.4,27,52,34,0.00,0.00,0.00,0.00,0.00,0.02,0.02,0.04,0.02,0.04
Julián Malatini,ar ARG,DF,Werder Bremen,22,2001,11,6,602,06.juil,1,0,1,1,0,0,1,0,1.0,1.0,0.2,01.févr,9,27,7,0.15,0.00,0.15,0.15,0.15,0.15,0.04,0.18,0.15,0.18
Donyell Malen,nl NED,FW MF,Dortmund,24,1999,27,21,1 781,19.août,13,1,14,13,0,0,5,0,09.mai,09.mai,3.0,12.mai,73,57,163,0.66,0.05,0.71,0.66,0.71,0.48,0.15,0.63,0.48,0.63
Lennard Maloney,us USA,MF,Heidenheim,23,1999,29,27,2 284,25.avr,1,1,2,1,0,0,1,0,0.8,0.8,01.janv,01.août,3,62,17,0.04,0.04,0.08,0.04,0.08,0.03,0.04,0.07,0.03,0.07
David Mamutovic,de GER,FW DF,Mainz 05,22,2000,2,0,11,0.1,0,0,0,0,0,0,0,0,0.0,0.0,0.0,0.0,0,0,0,0.00,0.00,0.00,0.00,0.00,0.00,0.00,0.00,0.00,0.00
Braydon Manu,gh GHA,MF,Darmstadt 98,26,1997,4,3,171,01.sept,0,0,0,0,0,0,1,0,0.4,0.4,0.1,0.4,5,1,9,0.00,0.00,0.00,0.00,0.00,0.19,0.04,0.23,0.19,0.23
Omar Marmoush,eg EGY,FW MF,Eint Frankfurt,24,1999,29,27,2 301,25.juin,12,6,18,10,2,2,7,0,11.juin,10.janv,04.avr,14.mai,88,60,165,0.47,0.23,0.70,0.39,0.63,0.46,0.17,0.63,0.39,0.57
Eric Martel,de GER,MF,Köln,21,2002,30,29,2 457,27.mars,1,1,2,1,0,0,6,0,02.févr,02.févr,01.janv,03.mars,21,75,35,0.04,0.04,0.07,0.04,0.07,0.08,0.04,0.12,0.08,0.12
Erhan Mašović,rs SRB,DF MF,Bochum,24,1998,29,24,2 219,24.juil,0,0,0,0,0,0,7,0,01.janv,01.janv,0.3,01.avr,15,47,10,0.00,0.00,0.00,0.00,0.00,0.04,0.01,0.06,0.04,0.06
Roberto Massimo,de GER,FW DF,Stuttgart,22,2000,5,0,84,0.9,0,0,0,0,0,0,1,0,0.0,0.0,0.0,0.0,3,3,6,0.00,0.00,0.00,0.00,0.00,0.00,0.04,0.04,0.00,0.04
Jean Mattéo Bahoya,fr FRA,MF FW,Eint Frankfurt,18,2005,8,1,177,2.0,0,0,0,0,0,0,0,0,0.0,0.0,0.1,0.1,6,3,22,0.00,0.00,0.00,0.00,0.00,0.00,0.03,0.03,0.00,0.03
Philipp Max,de GER,DF,Eint Frankfurt,29,1993,23,17,1 35,15.0,1,2,3,1,0,0,2,0,0.2,0.2,02.août,3.0,25,63,56,0.07,0.13,0.20,0.07,0.20,0.02,0.18,0.20,0.02,0.20
Eric Maxim Choupo-Moting,cm CMR,MF FW,Bayern Munich,34,1989,27,7,717,8.0,2,2,4,2,0,0,1,0,04.mai,04.mai,01.août,06.avr,23,21,71,0.25,0.25,0.50,0.25,0.50,0.57,0.23,0.80,0.57,0.80
Noussair Mazraoui,ma MAR,DF,Bayern Munich,25,1997,19,15,1 197,13.mars,0,3,3,0,0,0,3,0,0.9,0.9,01.août,02.juin,34,103,79,0.00,0.23,0.23,0.00,0.23,0.07,0.13,0.20,0.07,0.20
Kevin Mbabu,ch SUI,DF,Augsburg,28,1995,25,22,2 047,22.juil,0,2,2,0,0,0,5,0,0.1,0.1,01.sept,02.janv,70,84,106,0.00,0.09,0.09,0.00,0.09,0.01,0.09,0.09,0.01,0.09
Noah Mbamba,be BEL,MF,Leverkusen,18,2005,3,0,16,0.2,0,1,1,0,0,0,0,0,0.0,0.0,0.6,0.6,1,2,1,0.00,mai.63,mai.63,0.00,mai.63,0.14,mars.16,mars.30,0.14,mars.30
Nathanael Mbuku,cd COD,FW,Augsburg,21,2002,1,0,5,0.1,0,0,0,0,0,0,0,0,0.0,0.0,0.0,0.1,1,1,4,0.00,0.00,0.00,0.00,0.00,0.56,0.69,janv.25,0.56,janv.25
Marvin Mehlem,de GER,MF,Darmstadt 98,25,1997,20,19,1 482,16.mai,3,2,5,3,0,0,3,0,03.août,03.août,01.janv,04.sept,27,46,73,0.18,0.12,0.30,0.18,0.30,0.23,0.07,0.30,0.23,0.30
Thomas Meunier,be BEL,DF,Dortmund,31,1991,8,7,586,06.mai,0,0,0,0,0,0,0,0,0.5,0.5,0.6,01.févr,21,33,25,0.00,0.00,0.00,0.00,0.00,0.08,0.10,0.18,0.08,0.18
Alexander Meyer,de GER,GK,Dortmund,32,1991,8,7,695,07.juil,0,0,0,0,0,0,0,0,0.0,0.0,0.0,0.0,0,1,0,0.00,0.00,0.00,0.00,0.00,0.00,0.00,0.00,0.00,0.00
Player,Nation,Pos,Squad,Age,Born,MP,Starts,Min,90s,Gls,Ast,G+A,G-PK,PK,PKatt,CrdY,CrdR,xG,npxG,xAG,npxG+xAG,PrgC,PrgP,PrgR,Gls,Ast,G+A,G-PK,G+A-PK,xG,xAG,xG+xAG,npxG,npxG+xAG
Sven Michel,de GER,FW MF,Augsburg,33,1990,22,5,583,06.mai,2,1,3,1,1,2,2,0,02.avr,0.8,0.8,01.juil,6,14,44,0.31,0.15,0.46,0.15,0.31,0.37,0.13,0.50,0.13,0.26
Enzo Millot,fr FRA,MF FW,Stuttgart,21,2002,31,27,2 241,24.sept,5,4,9,4,1,1,5,0,05.mars,04.mai,03.sept,08.avr,46,127,167,0.20,0.16,0.36,0.16,0.32,0.21,0.16,0.37,0.18,0.34
Jovan Milošević,rs SRB,FW MF,Stuttgart,18,2005,5,0,28,0.3,0,0,0,0,0,0,0,0,0.0,0.0,0.0,0.0,1,1,3,0.00,0.00,0.00,0.00,0.00,0.00,0.00,0.00,0.00,0.00
Kim Min-jae,kr KOR,DF,Bayern Munich,26,1996,25,22,1 97,21.sept,1,1,2,1,0,0,3,0,0.8,0.8,0.4,01.févr,14,131,3,0.05,0.05,0.09,0.05,0.09,0.04,0.02,0.05,0.04,0.05
Maximilian Mittelstädt,de GER,DF,Stuttgart,26,1997,31,23,2 103,23.avr,2,4,6,2,0,0,5,0,0.9,0.9,04.févr,05.janv,70,123,129,0.09,0.17,0.26,0.09,0.26,0.04,0.18,0.22,0.04,0.22
Marko Mladenović,rs SRB,MF,Eint Frankfurt,18,2005,1,0,6,0.1,0,0,0,0,0,0,0,0,0.0,0.0,0.0,0.0,0,0,1,0.00,0.00,0.00,0.00,0.00,0.00,0.00,0.00,0.00,0.00
Max Moerstedt,de GER,DF FW,Hoffenheim,17,2006,1,0,12,0.1,0,0,0,0,0,0,0,0,0.0,0.0,0.0,0.0,0,0,1,0.00,0.00,0.00,0.00,0.00,0.00,0.00,0.00,0.00,0.00
Mateu Morey,es ESP,DF,Dortmund,23,2000,3,2,110,01.févr,0,0,0,0,0,0,0,0,0.0,0.0,0.1,0.1,3,6,4,0.00,0.00,0.00,0.00,0.00,0.03,0.06,0.09,0.03,0.09
Youssoufa Moukoko,de GER,FW,Dortmund,18,2004,20,4,625,06.sept,5,0,5,5,0,0,1,0,03.sept,03.sept,0.3,04.févr,16,15,27,0.72,0.00,0.72,0.72,0.72,0.56,0.05,0.61,0.56,0.61
Andreas Müller,de GER,MF,Darmstadt 98,23,2000,11,2,349,03.sept,0,0,0,0,0,0,3,0,0.1,0.1,0.0,0.1,3,13,7,0.00,0.00,0.00,0.00,0.00,0.03,0.01,0.04,0.03,0.04
Jannik Müller,de GER,DF MF,Darmstadt 98,29,1994,16,12,1 134,12.juin,0,0,0,0,0,0,5,0,0.2,0.2,0.1,0.3,8,31,7,0.00,0.00,0.00,0.00,0.00,0.02,0.01,0.02,0.02,0.02
Kevin Müller,de GER,GK,Heidenheim,32,1991,34,34,3 06,34.0,0,0,0,0,0,0,1,0,0.0,0.0,0.0,0.0,0,0,0,0.00,0.00,0.00,0.00,0.00,0.00,0.00,0.00,0.00,0.00
Marcus Müller,de GER,MF,Mainz 05,20,2002,1,0,18,0.2,0,0,0,0,0,0,0,0,0.1,0.1,0.0,0.1,0,1,0,0.00,0.00,0.00,0.00,0.00,0.26,0.00,0.26,0.26,0.26
Thomas Müller,de GER,MF FW,Bayern Munich,33,1989,31,20,1 654,18.avr,5,9,14,5,0,0,0,0,05.juil,05.juil,08.avr,14.janv,38,82,188,0.27,0.49,0.76,0.27,0.76,0.31,0.46,0.77,0.31,0.77
Jamal Musiala,de GER,MF FW,Bayern Munich,20,2003,24,20,1 755,19.mai,10,5,15,10,0,0,2,0,07.sept,07.sept,6.0,13.sept,103,100,163,0.51,0.26,0.77,0.51,0.77,0.40,0.31,0.71,0.40,0.71
Florent Muslija,xk KVX,MF FW,Freiburg,25,1998,10,0,105,01.févr,0,0,0,0,0,0,0,0,0.1,0.1,0.6,0.6,6,13,7,0.00,0.00,0.00,0.00,0.00,0.06,0.48,0.54,0.06,0.54
Phillipp Mwene,at AUT,DF,Mainz 05,29,1994,23,23,1 996,22.févr,1,2,3,1,0,0,4,1,01.avr,01.avr,2.0,03.avr,50,73,93,0.05,0.09,0.14,0.05,0.14,0.06,0.09,0.15,0.06,0.15
Joakim Mæhle,dk DEN,DF MF,Wolfsburg,26,1997,30,27,2 452,27.févr,2,3,5,2,0,0,5,0,01.avr,01.avr,02.juil,4.0,84,119,137,0.07,0.11,0.18,0.07,0.18,0.05,0.10,0.15,0.05,0.15
Nathan N'Goumou,cm CMR,FW MF,Gladbach,23,2000,32,14,1 385,15.avr,5,2,7,5,0,0,1,0,03.août,03.août,01.juil,05.mai,52,47,150,0.32,0.13,0.45,0.32,0.45,0.24,0.11,0.35,0.24,0.35
Stanley N'Soki,fr FRA,DF,Hoffenheim,24,1999,11,7,631,7.0,0,0,0,0,0,0,3,1,0.0,0.0,0.1,0.1,7,37,14,0.00,0.00,0.00,0.00,0.00,0.00,0.02,0.02,0.00,0.02
Luca Netz,de GER,DF,Gladbach,20,2003,30,25,2 225,24.juil,0,4,4,0,0,0,2,0,1.0,1.0,3.0,03.sept,46,81,99,0.00,0.16,0.16,0.00,0.16,0.04,0.12,0.16,0.04,0.16
Manuel Neuer,de GER,GK,Bayern Munich,37,1986,23,23,2 053,22.août,0,0,0,0,0,0,1,0,0.0,0.0,0.0,0.0,0,8,0,0.00,0.00,0.00,0.00,0.00,0.00,0.00,0.00,0.00,0.00
Florian Neuhaus,de GER,MF,Gladbach,26,1997,25,15,1 224,13.juin,4,2,6,3,1,1,4,0,04.mars,03.mai,01.août,05.avr,30,74,43,0.29,0.15,0.44,0.22,0.37,0.32,0.13,0.45,0.26,0.39
Jessic Ngankam,de GER,FW MF,Mainz 05,23,2000,7,2,184,2.0,0,0,0,0,0,0,0,1,0.6,0.6,0.3,0.9,3,1,11,0.00,0.00,0.00,0.00,0.00,0.29,0.14,0.43,0.29,0.43
Jessic Ngankam,de GER,FW,Eint Frankfurt,23,2000,15,2,280,03.janv,0,0,0,0,0,1,2,0,01.mai,0.7,0.0,0.7,2,1,17,0.00,0.00,0.00,0.00,0.00,0.48,0.01,0.49,0.23,0.24
Player,Nation,Pos,Squad,Age,Born,MP,Starts,Min,90s,Gls,Ast,G+A,G-PK,PK,PKatt,CrdY,CrdR,xG,npxG,xAG,npxG+xAG,PrgC,PrgP,PrgR,Gls,Ast,G+A,G-PK,G+A-PK,xG,xAG,xG+xAG,npxG,npxG+xAG
Moritz Nicolas,de GER,GK,Gladbach,25,1997,27,27,2 43,27.0,0,0,0,0,0,0,2,0,0.0,0.0,0.0,0.0,0,0,0,0.00,0.00,0.00,0.00,0.00,0.00,0.00,0.00,0.00,0.00
Justin Njinmah,de GER,FW,Werder Bremen,22,2000,24,10,1 016,11.mars,6,2,8,6,0,0,1,0,04.sept,04.sept,02.avr,07.mars,36,13,95,0.53,0.18,0.71,0.53,0.71,0.44,0.21,0.65,0.44,0.65
Niels Nkounkou,fr FRA,DF MF,Eint Frankfurt,22,2000,29,13,1 309,14.mai,3,2,5,3,0,0,5,1,01.mars,01.mars,02.févr,03.mai,55,61,62,0.21,0.14,0.34,0.21,0.34,0.09,0.15,0.24,0.09,0.24
Felix Nmecha,de GER,MF,Dortmund,22,2000,20,10,1 021,11.mars,1,2,3,1,0,0,3,0,01.juil,01.juil,0.9,02.juin,19,45,28,0.09,0.18,0.26,0.09,0.26,0.15,0.08,0.23,0.15,0.23
Lukas Nmecha,de GER,FW,Wolfsburg,24,1998,3,0,42,0.5,1,0,1,1,0,0,0,0,0.1,0.1,0.0,0.2,0,1,5,févr.14,0.00,févr.14,févr.14,févr.14,0.31,0.05,0.35,0.31,0.35
Jonathan Norbye,no NOR,MF,RB Leipzig,16,2007,1,0,1,0.0,0,0,0,0,0,0,0,0,0.0,0.0,0.0,0.0,0,0,0,0.00,0.00,0.00,0.00,0.00,0.00,0.00,0.00,0.00,0.00
Alexander Nübel,de GER,GK,Stuttgart,26,1996,30,30,2 7,30.0,0,0,0,0,0,0,1,0,0.0,0.0,0.0,0.0,0,1,0,0.00,0.00,0.00,0.00,0.00,0.00,0.00,0.00,0.00,0.00
Kasim Nuhu,gh GHA,DF,Hoffenheim,28,1995,1,0,5,0.1,0,0,0,0,0,0,0,0,0.0,0.0,0.0,0.0,0,0,0,0.00,0.00,0.00,0.00,0.00,0.00,0.00,0.00,0.00,0.00
Fabian Nürnberger,bg BUL,DF MF,Darmstadt 98,24,1999,21,17,1 513,16.août,1,1,2,1,0,0,2,0,0.9,0.9,2.0,3.0,35,70,91,0.06,0.06,0.12,0.06,0.12,0.05,0.12,0.18,0.05,0.18
Tim Oermann,de GER,DF,Bochum,19,2003,16,8,714,07.sept,0,0,0,0,0,0,2,0,0.1,0.1,0.3,0.4,6,25,7,0.00,0.00,0.00,0.00,0.00,0.01,0.04,0.05,0.01,0.05
Masaya Okugawa,jp JPN,FW DF,Augsburg,27,1996,2,0,32,0.4,0,0,0,0,0,0,0,0,0.0,0.0,0.0,0.0,0,1,2,0.00,0.00,0.00,0.00,0.00,0.00,0.00,0.00,0.00,0.00
Finn Ole Becker,de GER,MF,Hoffenheim,23,2000,22,5,606,06.juil,0,0,0,0,0,0,1,0,0.2,0.2,0.4,0.6,16,36,23,0.00,0.00,0.00,0.00,0.00,0.04,0.06,0.09,0.04,0.09
Mathias Olesen,lu LUX,MF FW,Köln,22,2001,6,0,112,01.févr,0,0,0,0,0,0,2,1,0.0,0.0,0.0,0.0,2,7,2,0.00,0.00,0.00,0.00,0.00,0.02,0.01,0.03,0.02,0.03
Dani Olmo,es ESP,MF,RB Leipzig,25,1998,21,17,1 449,16.janv,4,5,9,4,0,0,0,0,03.mars,03.mars,05.avr,08.août,60,68,111,0.25,0.31,0.56,0.25,0.56,0.21,0.34,0.55,0.21,0.55
Jonas Omlin,ch SUI,GK,Gladbach,29,1994,7,7,630,7.0,0,1,1,0,0,0,1,0,0.0,0.0,0.4,0.4,0,0,0,0.00,0.14,0.14,0.00,0.14,0.00,0.05,0.05,0.00,0.05
Karim Onisiwo,at AUT,FW MF,Mainz 05,31,1992,24,17,1 493,16.juin,1,3,4,1,0,0,1,0,02.mars,02.mars,01.mars,03.juil,26,27,111,0.06,0.18,0.24,0.06,0.24,0.14,0.08,0.22,0.14,0.22
Loïs Openda,be BEL,FW,RB Leipzig,23,2000,34,33,2 697,30.0,24,7,31,22,2,3,4,0,22.janv,19.juil,05.août,25.mai,77,45,226,0.80,0.23,01.mars,0.73,0.97,0.74,0.19,0.93,0.66,0.85
Leon Opitz,de GER,FW DF,Werder Bremen,18,2005,3,0,18,0.2,0,0,0,0,0,0,0,0,0.0,0.0,0.0,0.0,1,0,2,0.00,0.00,0.00,0.00,0.00,0.00,0.00,0.00,0.00,0.00
Willi Orban,hu HUN,DF,RB Leipzig,30,1992,19,18,1 582,17.juin,0,0,0,0,0,0,2,0,0.4,0.4,0.4,0.8,7,97,10,0.00,0.00,0.00,0.00,0.00,0.02,0.02,0.04,0.02,0.04
Ivan Ordets,ua UKR,DF,Bochum,31,1992,24,21,1 88,20.sept,1,0,1,1,0,0,4,0,01.mars,01.mars,0.5,01.août,5,44,7,0.05,0.00,0.05,0.05,0.05,0.06,0.02,0.09,0.06,0.09
Patrick Osterhage,de GER,MF,Bochum,23,2000,24,21,1 861,20.juil,2,1,3,2,0,0,5,0,01.avr,01.avr,0.8,02.févr,26,64,65,0.10,0.05,0.15,0.10,0.15,0.07,0.04,0.11,0.07,0.11
Salih Özcan,tr TUR,MF,Dortmund,25,1998,23,13,1 184,13.févr,0,0,0,0,0,0,3,0,0.2,0.2,1.0,01.févr,16,57,24,0.00,0.00,0.00,0.00,0.00,0.01,0.08,0.09,0.01,0.09
Willian Pacho,ec ECU,DF,Eint Frankfurt,21,2001,33,33,2 97,33.0,0,3,3,0,0,0,7,0,01.févr,01.févr,01.janv,02.mars,22,148,4,0.00,0.09,0.09,0.00,0.09,0.04,0.03,0.07,0.04,0.07
Gonçalo Paciência,pt POR,FW MF,Bochum,28,1994,19,6,650,07.févr,3,1,4,3,0,0,3,0,3.0,3.0,01.mars,04.mars,9,21,50,0.42,0.14,0.55,0.42,0.55,0.41,0.18,0.59,0.41,0.59
Exequiel Palacios,ar ARG,MF,Leverkusen,24,1998,24,21,1 831,20.mars,4,4,8,2,2,2,6,0,03.mars,01.août,03.août,05.mai,24,162,45,0.20,0.20,0.39,0.10,0.29,0.16,0.19,0.35,0.09,0.27
Player,Nation,Pos,Squad,Age,Born,MP,Starts,Min,90s,Gls,Ast,G+A,G-PK,PK,PKatt,CrdY,CrdR,xG,npxG,xAG,npxG+xAG,PrgC,PrgP,PrgR,Gls,Ast,G+A,G-PK,G+A-PK,xG,xAG,xG+xAG,npxG,npxG+xAG
Miloš Pantović,rs SRB,MF,Union Berlin,27,1996,1,0,15,0.2,1,0,1,1,0,0,0,0,0.8,0.8,0.0,0.8,1,0,1,6.00,0.00,6.00,6.00,6.00,avr.55,0.00,avr.55,avr.55,avr.55
Antonios Papadopoulos,de GER,DF,Dortmund,23,1999,2,1,117,01.mars,0,0,0,0,0,0,0,0,0.0,0.0,0.0,0.0,0,1,0,0.00,0.00,0.00,0.00,0.00,0.00,0.00,0.00,0.00,0.00
Merveille Papela,de GER,MF DF,Mainz 05,22,2001,11,3,257,02.sept,0,0,0,0,0,0,1,0,0.3,0.3,0.3,0.6,6,12,10,0.00,0.00,0.00,0.00,0.00,0.11,0.11,0.22,0.11,0.22
Leart Paqarada,xk KVX,DF,Köln,28,1994,17,11,1 075,11.sept,0,0,0,0,0,0,0,0,0.4,0.4,01.juil,02.janv,26,45,29,0.00,0.00,0.00,0.00,0.00,0.03,0.14,0.17,0.03,0.17
Kevin Paredes,us USA,FW MF,Wolfsburg,20,2003,28,15,1 432,15.sept,3,0,3,3,0,0,4,0,3.0,3.0,01.avr,04.mars,34,50,112,0.19,0.00,0.19,0.19,0.19,0.19,0.09,0.27,0.19,0.27
Felix Passlack,de GER,DF,Bochum,25,1998,15,13,960,10.juil,2,2,4,2,0,0,2,1,0.9,0.9,01.févr,02.janv,10,27,42,0.19,0.19,0.37,0.19,0.37,0.08,0.11,0.20,0.08,0.20
Jiří Pavlenka,cz CZE,GK,Werder Bremen,31,1992,7,7,630,7.0,0,0,0,0,0,0,0,0,0.0,0.0,0.0,0.0,0,0,0,0.00,0.00,0.00,0.00,0.00,0.00,0.00,0.00,0.00,0.00
Aleksandar Pavlovic,de GER,MF,Bayern Munich,19,2004,19,14,1 227,13.juin,2,2,4,2,0,0,6,0,01.févr,01.févr,1.0,02.févr,14,105,14,0.15,0.15,0.29,0.15,0.29,0.09,0.07,0.16,0.09,0.16
Mads Pedersen,dk DEN,DF,Augsburg,26,1996,27,19,1 786,19.août,1,1,2,1,0,0,5,1,0.8,0.8,01.mai,02.mars,56,66,79,0.05,0.05,0.10,0.05,0.10,0.04,0.07,0.12,0.04,0.12
Jordan Pefok,us USA,FW,Gladbach,27,1996,25,18,1 42,15.août,5,3,8,5,0,0,2,0,06.mai,06.mai,02.mai,08.sept,5,22,73,0.32,0.19,0.51,0.32,0.51,0.41,0.16,0.57,0.41,0.57
Jordan Pefok,us USA,FW,Union Berlin,27,1996,1,0,27,0.3,0,0,0,0,0,0,0,0,0.0,0.0,0.1,0.1,0,0,1,0.00,0.00,0.00,0.00,0.00,0.00,0.40,0.40,0.00,0.40
Dženan Pejčinović,de GER,FW,Wolfsburg,18,2005,4,0,37,0.4,0,0,0,0,0,0,1,0,0.1,0.1,0.1,0.3,1,0,2,0.00,0.00,0.00,0.00,0.00,0.29,0.34,0.63,0.29,0.63
Daniel Peretz,il ISR,GK,Bayern Munich,23,2000,1,0,17,0.2,0,0,0,0,0,0,0,0,0.0,0.0,0.0,0.0,0,0,0,0.00,0.00,0.00,0.00,0.00,0.00,0.00,0.00,0.00,0.00
Matteo Perez Vinlöf,se SWE,FW,Bayern Munich,17,2005,1,0,16,0.2,0,0,0,0,0,0,0,0,0.0,0.0,0.0,0.0,0,0,1,0.00,0.00,0.00,0.00,0.00,0.00,0.00,0.00,0.00,0.00
Pavao Pervan,at AUT,GK,Wolfsburg,35,1987,9,9,810,9.0,0,0,0,0,0,0,1,0,0.0,0.0,0.0,0.0,0,0,0,0.00,0.00,0.00,0.00,0.00,0.00,0.00,0.00,0.00,0.00
Jens Petter Hauge,no NOR,MF FW,Eint Frankfurt,23,1999,10,0,147,01.juin,0,0,0,0,0,0,0,0,0.1,0.1,0.1,0.1,7,6,15,0.00,0.00,0.00,0.00,0.00,0.04,0.05,0.09,0.04,0.09
Luca Pfeiffer,de GER,FW MF,Darmstadt 98,26,1996,24,20,1 619,18.0,1,4,5,1,0,0,3,0,04.juin,04.juin,01.juil,06.mars,15,37,81,0.06,0.22,0.28,0.06,0.28,0.26,0.09,0.35,0.26,0.35
Patric Pfeiffer,de GER,DF,Augsburg,23,1999,11,4,511,05.juil,0,1,1,0,0,0,0,0,0.5,0.5,0.8,01.mars,1,19,4,0.00,0.18,0.18,0.00,0.18,0.09,0.14,0.22,0.09,0.22
Maximilian Philipp,de GER,FW MF,Freiburg,29,1994,17,1,323,03.juin,1,0,1,1,0,0,2,0,0.5,0.5,0.4,0.9,3,6,28,0.28,0.00,0.28,0.28,0.28,0.14,0.11,0.25,0.14,0.25
Florian Pick,de GER,MF FW,Heidenheim,27,1995,22,1,327,03.juin,0,1,1,0,0,0,2,0,0.3,0.3,0.8,01.janv,12,12,34,0.00,0.28,0.28,0.00,0.28,0.08,0.21,0.29,0.08,0.29
Amos Pieper,de GER,DF,Werder Bremen,25,1998,7,7,590,06.juin,0,0,0,0,0,0,0,0,0.5,0.5,0.8,01.févr,3,24,3,0.00,0.00,0.00,0.00,0.00,0.07,0.12,0.19,0.07,0.19
Marvin Pieringer,de GER,MF FW,Heidenheim,23,1999,31,18,1 513,16.août,3,3,6,3,0,0,5,0,02.mars,02.mars,02.janv,04.avr,28,41,72,0.18,0.18,0.36,0.18,0.36,0.14,0.13,0.26,0.14,0.26
Alassane Pléa,fr FRA,FW MF,Gladbach,30,1993,27,24,1 913,21.mars,7,4,11,6,1,1,1,0,7.0,06.févr,4.0,10.févr,56,115,157,0.33,0.19,0.52,0.28,0.47,0.33,0.19,0.52,0.29,0.48
Ole Pohlmann,de GER,MF,Dortmund,22,2001,2,0,54,0.6,0,0,0,0,0,0,0,0,0.1,0.1,0.1,0.1,0,0,4,0.00,0.00,0.00,0.00,0.00,0.09,0.10,0.19,0.09,0.19
Sebastian Polter,de GER,FW,Darmstadt 98,32,1991,9,4,446,5.0,0,1,1,0,0,0,0,0,1.0,1.0,0.6,01.mai,5,13,26,0.00,0.20,0.20,0.00,0.20,0.20,0.11,0.31,0.20,0.31
Player,Nation,Pos,Squad,Age,Born,MP,Starts,Min,90s,Gls,Ast,G+A,G-PK,PK,PKatt,CrdY,CrdR,xG,npxG,xAG,npxG+xAG,PrgC,PrgP,PrgR,Gls,Ast,G+A,G-PK,G+A-PK,xG,xAG,xG+xAG,npxG,npxG+xAG
Yussuf Poulsen,dk DEN,FW,RB Leipzig,29,1994,28,12,1 217,13.mai,5,2,7,5,0,0,0,0,05.juil,05.juil,1.0,06.août,11,16,78,0.37,0.15,0.52,0.37,0.52,0.43,0.08,0.50,0.43,0.50
Grischa Prömel,de GER,MF,Hoffenheim,28,1995,28,27,2 139,23.août,4,5,9,4,0,0,10,1,03.août,03.août,02.août,06.juin,35,96,60,0.17,0.21,0.38,0.17,0.38,0.16,0.12,0.28,0.16,0.28
Gustavo Puerta,co COL,DF MF,Leverkusen,20,2003,7,0,46,0.5,0,0,0,0,0,0,0,0,0.1,0.1,0.1,0.2,1,8,1,0.00,0.00,0.00,0.00,0.00,0.18,0.16,0.34,0.18,0.34
Luca Raimund,de GER,FW MF,Stuttgart,18,2005,3,0,30,0.3,0,0,0,0,0,0,1,0,0.9,0.9,0.0,0.9,0,1,2,0.00,0.00,0.00,0.00,0.00,févr.79,0.00,févr.79,févr.79,févr.79
Grant Ranos,am ARM,MF FW,Gladbach,20,2003,9,0,49,0.5,0,0,0,0,0,0,0,0,0.3,0.3,0.0,0.3,0,3,4,0.00,0.00,0.00,0.00,0.00,0.45,0.00,0.45,0.45,0.45
Nicolai Rapp,de GER,DF,Werder Bremen,26,1996,2,1,76,0.8,0,0,0,0,0,0,1,0,0.0,0.0,0.0,0.0,1,2,0,0.00,0.00,0.00,0.00,0.00,0.00,0.00,0.00,0.00,0.00
David Raum,de GER,DF,RB Leipzig,25,1998,31,31,2 739,30.avr,2,8,10,2,0,0,6,0,0.8,0.8,07.mars,8.0,77,131,246,0.07,0.26,0.33,0.07,0.33,0.02,0.24,0.26,0.02,0.26
Rocco Reitz,de GER,MF,Gladbach,21,2002,34,24,2 136,23.juil,6,3,9,6,0,0,2,0,03.juil,03.juil,02.avr,6.0,41,110,58,0.25,0.13,0.38,0.25,0.38,0.15,0.10,0.25,0.15,0.25
Marco Reus,de GER,MF FW,Dortmund,34,1989,26,18,1 601,17.août,6,8,14,6,0,0,2,0,06.mai,06.mai,05.janv,11.juil,31,64,89,0.34,0.45,0.79,0.34,0.79,0.37,0.29,0.65,0.37,0.65
Elvis Rexhbeçaj,xk KVX,MF,Augsburg,25,1997,25,24,1 985,22.janv,2,0,2,1,1,1,4,0,01.juil,1.0,0.5,01.mai,15,91,51,0.09,0.00,0.09,0.05,0.05,0.08,0.02,0.10,0.04,0.07
Gio Reyna,us USA,MF FW,Dortmund,20,2002,11,1,280,03.janv,0,0,0,0,0,0,1,0,0.8,0.8,0.8,01.juin,8,20,19,0.00,0.00,0.00,0.00,0.00,0.27,0.25,0.52,0.27,0.52
Marco Richter,de GER,MF FW,Mainz 05,25,1997,20,7,717,8.0,1,0,1,1,0,0,3,0,01.sept,01.sept,01.mars,03.févr,20,30,53,0.13,0.00,0.13,0.13,0.13,0.24,0.16,0.40,0.24,0.40
Clemens Riedel,de GER,DF,Darmstadt 98,20,2003,14,9,755,08.avr,0,0,0,0,0,0,2,0,0.3,0.3,0.7,1.0,4,47,27,0.00,0.00,0.00,0.00,0.00,0.03,0.08,0.12,0.03,0.12
Manuel Riemann,de GER,GK,Bochum,34,1988,33,33,2 97,33.0,0,0,0,0,0,0,5,0,0.0,0.0,0.2,0.2,0,19,0,0.00,0.00,0.00,0.00,0.00,0.00,0.01,0.01,0.00,0.01
Sebastian Rode,de GER,MF,Eint Frankfurt,32,1990,8,1,61,0.7,0,0,0,0,0,0,0,0,0.0,0.0,0.1,0.1,3,11,4,0.00,0.00,0.00,0.00,0.00,0.00,0.09,0.09,0.00,0.09
Rogério,br BRA,DF,Wolfsburg,25,1998,13,10,906,10.janv,1,0,1,1,0,0,0,0,0.3,0.3,0.4,0.7,27,57,42,0.10,0.00,0.10,0.10,0.10,0.03,0.04,0.07,0.03,0.07
Merlin Röhl,de GER,MF FW,Freiburg,21,2002,24,17,1 477,16.avr,2,4,6,2,0,0,3,1,2.0,2.0,02.mai,04.mai,44,38,87,0.12,0.24,0.37,0.12,0.37,0.12,0.15,0.28,0.12,0.28
Frank Ronstadt,de GER,DF MF,Darmstadt 98,26,1997,4,0,76,0.8,0,0,0,0,0,0,0,0,0.1,0.1,0.1,0.2,3,2,4,0.00,0.00,0.00,0.00,0.00,0.09,0.12,0.21,0.09,0.21
Anthony Rouault,fr FRA,DF,Stuttgart,22,2001,22,11,1 01,11.févr,0,2,2,0,0,0,3,0,0.1,0.1,0.8,0.9,8,68,10,0.00,0.18,0.18,0.00,0.18,0.01,0.07,0.08,0.01,0.08
Jérôme Roussillon,fr FRA,DF,Union Berlin,30,1993,23,8,752,08.avr,0,1,1,0,0,0,2,0,0.3,0.3,0.6,0.9,10,38,29,0.00,0.12,0.12,0.00,0.12,0.04,0.07,0.11,0.04,0.11
Fabian Rüdlin,de GER,MF,Freiburg,26,1997,1,0,7,0.1,0,0,0,0,0,0,0,0,0.0,0.0,0.0,0.0,0,1,0,0.00,0.00,0.00,0.00,0.00,0.00,0.00,0.00,0.00,0.00
Julian Ryerson,no NOR,DF,Dortmund,25,1997,21,20,1 767,19.juin,4,1,5,4,0,0,3,0,01.août,01.août,02.juil,04.mai,41,64,118,0.20,0.05,0.25,0.20,0.25,0.09,0.14,0.23,0.09,0.23
Frederik Rønnow,dk DEN,GK,Union Berlin,30,1992,33,33,2 97,33.0,0,0,0,0,0,0,2,0,0.1,0.1,0.1,0.2,0,1,0,0.00,0.00,0.00,0.00,0.00,0.00,0.00,0.01,0.00,0.01
Marcel Sabitzer,at AUT,MF,Dortmund,29,1994,25,23,1 961,21.août,4,3,7,3,1,1,3,1,03.juin,02.août,01.août,04.juin,39,111,69,0.18,0.14,0.32,0.14,0.28,0.16,0.08,0.25,0.13,0.21
Roland Sallai,hu HUN,MF FW,Freiburg,26,1997,27,22,1 84,20.avr,3,2,5,3,0,1,6,0,07.sept,07.janv,03.mai,10.juin,47,41,139,0.15,0.10,0.24,0.15,0.24,0.39,0.17,0.56,0.35,0.52
Player,Nation,Pos,Squad,Age,Born,MP,Starts,Min,90s,Gls,Ast,G+A,G-PK,PK,PKatt,CrdY,CrdR,xG,npxG,xAG,npxG+xAG,PrgC,PrgP,PrgR,Gls,Ast,G+A,G-PK,G+A-PK,xG,xAG,xG+xAG,npxG,npxG+xAG
Diadie Samassékou,ml MLI,MF,Hoffenheim,27,1996,1,0,1,0.0,0,0,0,0,0,0,0,0,0.0,0.0,0.0,0.0,0,0,0,0.00,0.00,0.00,0.00,0.00,0.00,0.00,0.00,0.00,0.00
Jadon Sancho,eng ENG,FW MF,Dortmund,23,2000,14,11,947,10.mai,2,2,4,2,0,0,1,0,0.7,0.7,3.0,03.juil,61,62,114,0.19,0.19,0.38,0.19,0.38,0.07,0.28,0.35,0.07,0.35
Leroy Sané,de GER,FW,Bayern Munich,27,1996,27,25,2 137,23.juil,8,11,19,8,0,0,4,0,10.sept,10.sept,10.août,21.août,121,113,274,0.34,0.46,0.80,0.34,0.80,0.46,0.46,0.92,0.46,0.92
Amin Sarr,se SWE,FW MF,Wolfsburg,22,2001,14,2,386,04.mars,0,0,0,0,0,0,0,0,0.6,0.6,0.2,0.7,3,12,26,0.00,0.00,0.00,0.00,0.00,0.13,0.04,0.17,0.13,0.17
Bouna Sarr,sn SEN,DF,Bayern Munich,31,1992,2,1,106,01.févr,0,0,0,0,0,0,0,0,0.2,0.2,0.0,0.2,3,2,4,0.00,0.00,0.00,0.00,0.00,0.19,0.00,0.19,0.19,0.19
Joe Scally,us USA,DF,Gladbach,20,2002,31,25,2 236,24.août,1,4,5,1,0,0,4,0,0.6,0.6,01.avr,01.sept,39,75,75,0.04,0.16,0.20,0.04,0.20,0.02,0.06,0.08,0.02,0.08
András Schäfer,hu HUN,MF,Union Berlin,24,1999,20,14,1 214,13.mai,1,2,3,1,0,0,1,1,01.août,01.août,01.mai,03.févr,37,59,71,0.07,0.15,0.22,0.07,0.22,0.13,0.11,0.24,0.13,0.24
Patrik Schick,cz CZE,FW,Leverkusen,27,1996,20,12,1 063,11.août,7,0,7,6,1,1,1,0,6.0,05.mars,1.0,06.févr,7,17,88,0.59,0.00,0.59,0.51,0.51,0.51,0.08,0.59,0.44,0.53
Stefan Schimmer,de GER,MF FW,Heidenheim,29,1994,16,0,153,01.juil,0,1,1,0,0,0,0,0,0.6,0.6,0.9,01.mai,1,2,12,0.00,0.59,0.59,0.00,0.59,0.34,0.51,0.85,0.34,0.85
Xaver Schlager,at AUT,MF,RB Leipzig,25,1997,29,29,2 477,27.mai,0,5,5,0,0,0,7,0,01.janv,01.janv,02.juin,03.juin,73,230,45,0.00,0.18,0.18,0.00,0.18,0.04,0.09,0.13,0.04,0.13
Keven Schlotterbeck,de GER,DF,Bochum,26,1997,27,24,2 185,24.mars,5,1,6,5,0,0,9,0,2.0,2.0,0.6,02.juil,9,93,15,0.21,0.04,0.25,0.21,0.25,0.08,0.03,0.11,0.08,0.11
Nico Schlotterbeck,de GER,DF,Dortmund,23,1999,33,32,2 859,31.août,2,1,3,2,0,0,4,0,3.0,3.0,01.sept,04.sept,55,186,11,0.06,0.03,0.09,0.06,0.09,0.10,0.06,0.15,0.10,0.15
Romano Schmid,at AUT,MF FW,Werder Bremen,23,2000,33,30,2 601,28.sept,4,6,10,4,0,0,5,0,05.févr,05.févr,06.mars,11.mai,75,144,165,0.14,0.21,0.35,0.14,0.35,0.18,0.22,0.40,0.18,0.40
Kenneth Schmidt,de GER,DF,Freiburg,21,2002,5,0,68,0.8,0,0,0,0,0,0,0,0,0.0,0.0,0.1,0.1,2,4,3,0.00,0.00,0.00,0.00,0.00,0.02,0.09,0.12,0.02,0.12
Benno Schmitz,de GER,DF,Köln,28,1994,22,13,1 155,12.août,0,1,1,0,0,0,5,0,0.2,0.2,0.3,0.5,27,70,47,0.00,0.08,0.08,0.00,0.08,0.02,0.02,0.04,0.02,0.04
Fabian Schnellhardt,de GER,MF,Darmstadt 98,29,1994,10,2,235,02.juin,0,0,0,0,0,0,1,0,0.2,0.2,0.1,0.3,6,15,9,0.00,0.00,0.00,0.00,0.00,0.08,0.02,0.11,0.08,0.11
Jan Schöppner,de GER,MF,Heidenheim,24,1999,26,23,1 998,22.févr,2,2,4,2,0,0,3,0,01.janv,01.janv,01.mai,02.juin,16,72,32,0.09,0.09,0.18,0.09,0.18,0.05,0.07,0.12,0.05,0.12
Marcel Schuhen,de GER,GK,Darmstadt 98,30,1993,31,31,2 79,31.0,0,0,0,0,0,0,2,0,0.0,0.0,0.0,0.0,0,5,0,0.00,0.00,0.00,0.00,0.00,0.00,0.00,0.00,0.00,0.00
Marvin Schwäbe,de GER,GK,Köln,28,1995,34,34,3 06,34.0,0,0,0,0,0,0,0,0,0.0,0.0,0.1,0.1,0,3,0,0.00,0.00,0.00,0.00,0.00,0.00,0.00,0.00,0.00,0.00
Alexander Schwolow,de GER,GK,Union Berlin,31,1992,1,1,90,1.0,0,0,0,0,0,0,0,0,0.0,0.0,0.0,0.0,0,0,0,0.00,0.00,0.00,0.00,0.00,0.00,0.00,0.00,0.00,0.00
Nicolas Seiwald,at AUT,MF,RB Leipzig,22,2001,21,6,718,8.0,0,2,2,0,0,0,1,0,0.0,0.0,0.3,0.3,3,33,4,0.00,0.25,0.25,0.00,0.25,0.00,0.04,0.04,0.00,0.04
Davie Selke,de GER,FW,Köln,28,1995,19,16,1 265,14.janv,6,0,6,6,0,0,3,0,04.août,04.août,0.4,05.févr,9,17,46,0.43,0.00,0.43,0.43,0.43,0.34,0.03,0.37,0.34,0.37
Benjamin Šeško,si SVN,FW,RB Leipzig,20,2003,31,17,1 526,17.0,14,2,16,14,0,0,0,0,07.juil,07.juil,01.janv,08.août,21,22,98,0.83,0.12,0.94,0.83,0.94,0.45,0.07,0.52,0.45,0.52
Kevin Sessa,de GER,MF FW,Heidenheim,23,2000,30,7,1 011,11.févr,3,0,3,3,0,0,1,0,02.sept,02.sept,01.mars,04.févr,29,51,48,0.27,0.00,0.27,0.27,0.27,0.25,0.12,0.37,0.25,0.37
Aaron Seydel,de GER,FW,Darmstadt 98,27,1996,16,5,619,06.sept,1,0,1,1,0,0,1,0,1.0,1.0,0.7,01.juil,7,10,35,0.15,0.00,0.15,0.15,0.15,0.15,0.10,0.25,0.15,0.25
Player,Nation,Pos,Squad,Age,Born,MP,Starts,Min,90s,Gls,Ast,G+A,G-PK,PK,PKatt,CrdY,CrdR,xG,npxG,xAG,npxG+xAG,PrgC,PrgP,PrgR,Gls,Ast,G+A,G-PK,G+A-PK,xG,xAG,xG+xAG,npxG,npxG+xAG
Tim Siersleben,de GER,DF,Heidenheim,23,2000,14,10,910,10.janv,0,0,0,0,0,0,1,0,0.2,0.2,0.5,0.7,12,48,1,0.00,0.00,0.00,0.00,0.00,0.02,0.05,0.07,0.02,0.07
Kiliann Sildillia,fr FRA,DF,Freiburg,21,2002,27,20,1 806,20.janv,0,1,1,0,0,0,2,1,0.6,0.6,0.8,01.avr,22,70,58,0.00,0.05,0.05,0.00,0.05,0.03,0.04,0.07,0.03,0.07
Mohamed Simakan,fr FRA,DF,RB Leipzig,23,2000,32,23,2 138,23.août,2,3,5,2,0,0,8,0,03.sept,03.sept,03.mars,07.févr,34,106,76,0.08,0.13,0.21,0.08,0.21,0.16,0.14,0.30,0.16,0.30
Xavi Simons,nl NED,MF,RB Leipzig,20,2003,32,32,2 653,29.mai,8,11,19,7,1,2,11,1,08.mars,06.juil,09.août,16.avr,151,187,216,0.27,0.37,0.64,0.24,0.61,0.28,0.33,0.61,0.23,0.56
Tim Skarke,de GER,FW DF,Darmstadt 98,26,1996,30,29,2 404,26.juil,8,0,8,8,0,0,7,0,03.juin,03.juin,02.janv,05.juil,61,80,190,0.30,0.00,0.30,0.30,0.30,0.13,0.08,0.21,0.13,0.21
Ellyes Skhiri,tn TUN,MF,Eint Frankfurt,28,1995,27,24,2 168,24.janv,2,2,4,2,0,0,1,0,02.mars,02.mars,1.0,03.mars,10,110,28,0.08,0.08,0.17,0.08,0.17,0.10,0.04,0.14,0.10,0.14
Robert Skov,dk DEN,DF FW,Hoffenheim,27,1996,25,14,1 26,14.0,3,4,7,3,0,0,2,0,01.août,01.août,01.sept,03.juil,28,71,92,0.21,0.29,0.50,0.21,0.50,0.13,0.14,0.26,0.13,0.26
Hrvoje Smolčić,hr CRO,DF,Eint Frankfurt,22,2000,11,3,347,03.sept,1,0,1,1,0,0,0,0,1.0,1.0,0.0,1.0,0,14,0,0.26,0.00,0.26,0.26,0.26,0.26,0.01,0.27,0.26,0.27
Danilo Soares,br BRA,DF,Bochum,31,1991,5,3,351,03.sept,0,0,0,0,0,0,0,0,0.0,0.0,0.1,0.1,3,15,8,0.00,0.00,0.00,0.00,0.00,0.01,0.03,0.04,0.01,0.04
Borna Sosa,hr CRO,FW DF,Stuttgart,25,1998,2,0,46,0.5,0,0,0,0,0,0,0,0,0.0,0.0,0.3,0.3,5,2,10,0.00,0.00,0.00,0.00,0.00,0.06,0.57,0.63,0.06,0.63
Anton Stach,de GER,MF,Hoffenheim,24,1998,31,26,2 321,25.août,2,3,5,2,0,0,4,0,01.juil,01.juil,03.mai,05.févr,49,143,46,0.08,0.12,0.19,0.08,0.19,0.07,0.13,0.20,0.07,0.20
Anton Stach,de GER,MF,Mainz 05,24,1998,2,2,170,01.sept,0,0,0,0,0,0,0,0,0.2,0.2,0.1,0.3,3,8,10,0.00,0.00,0.00,0.00,0.00,0.10,0.06,0.16,0.10,0.16
Jens Stage,dk DEN,MF,Werder Bremen,26,1996,30,26,2 327,25.sept,3,1,4,3,0,0,5,1,04.avr,04.avr,01.sept,06.mars,24,85,60,0.12,0.04,0.15,0.12,0.15,0.17,0.07,0.24,0.17,0.24
Josip Stanišić,hr CRO,DF,Leverkusen,23,2000,20,13,1 261,14.0,3,1,4,3,0,0,3,0,0.8,0.8,01.juil,02.avr,49,92,63,0.21,0.07,0.29,0.21,0.29,0.05,0.12,0.17,0.05,0.17
Niklas Stark,de GER,DF,Werder Bremen,28,1995,17,12,1 088,12.janv,2,0,2,2,0,0,4,0,0.2,0.2,0.0,0.2,5,37,1,0.17,0.00,0.17,0.17,0.17,0.02,0.00,0.02,0.02,0.02
Pascal Stenzel,de GER,DF,Stuttgart,27,1996,23,14,1 064,11.août,0,5,5,0,0,0,3,1,0.3,0.3,03.févr,03.mai,34,85,46,0.00,0.42,0.42,0.00,0.42,0.03,0.27,0.29,0.03,0.29
Leonidas Stergiou,ch SUI,DF,Stuttgart,21,2002,15,6,594,06.juin,1,0,1,1,0,0,0,0,0.4,0.4,0.4,0.8,6,17,22,0.15,0.00,0.15,0.15,0.15,0.05,0.06,0.11,0.05,0.11
Angelo Stiller,de GER,MF,Hoffenheim,22,2001,1,1,84,0.9,0,0,0,0,0,0,0,0,0.1,0.1,0.0,0.1,2,7,3,0.00,0.00,0.00,0.00,0.00,0.09,0.03,0.12,0.09,0.12
Angelo Stiller,de GER,MF,Stuttgart,22,2001,31,30,2 694,29.sept,1,5,6,1,0,0,5,0,01.juin,01.juin,05.janv,06.juil,37,220,71,0.03,0.17,0.20,0.03,0.20,0.05,0.17,0.22,0.05,0.22
Kevin Stöger,at AUT,MF,Bochum,29,1993,32,32,2 668,29.juin,7,10,17,3,4,4,8,0,06.févr,03.janv,09.sept,12.sept,81,283,139,0.24,0.34,0.57,0.10,0.44,0.21,0.33,0.54,0.10,0.44
Filip Stojilković,ch SUI,FW MF,Darmstadt 98,23,2000,6,0,154,01.juil,0,0,0,0,0,0,1,0,0.2,0.2,0.0,0.2,4,3,10,0.00,0.00,0.00,0.00,0.00,0.11,0.00,0.11,0.11,0.11
Niklas Süle,de GER,DF,Dortmund,27,1995,23,14,1 514,16.août,1,0,1,1,0,0,0,0,0.4,0.4,0.2,0.6,19,83,9,0.06,0.00,0.06,0.06,0.06,0.03,0.01,0.04,0.03,0.04
Mattias Svanberg,se SWE,MF,Wolfsburg,24,1999,25,20,1 715,19.janv,1,3,4,1,0,0,8,0,3.0,3.0,02.mars,05.mars,28,84,52,0.05,0.16,0.21,0.05,0.21,0.15,0.12,0.28,0.15,0.28
Attila Szalai,hu HUN,DF,Hoffenheim,25,1998,4,4,288,03.févr,0,0,0,0,0,0,1,0,0.0,0.0,0.5,0.5,2,13,3,0.00,0.00,0.00,0.00,0.00,0.00,0.16,0.16,0.00,0.16
Attila Szalai,hu HUN,DF,Freiburg,25,1998,3,0,103,01.janv,0,0,0,0,0,0,0,0,0.0,0.0,0.1,0.1,1,5,0,0.00,0.00,0.00,0.00,0.00,0.00,0.11,0.11,0.00,0.11
Player,Nation,Pos,Squad,Age,Born,MP,Starts,Min,90s,Gls,Ast,G+A,G-PK,PK,PKatt,CrdY,CrdR,xG,npxG,xAG,npxG+xAG,PrgC,PrgP,PrgR,Gls,Ast,G+A,G-PK,G+A-PK,xG,xAG,xG+xAG,npxG,npxG+xAG
Jonathan Tah,de GER,DF,Leverkusen,27,1996,31,30,2 631,29.2,4,1,5,4,0,0,6,0,02.janv,02.janv,0.3,02.mars,17,133,4,0.14,0.03,0.17,0.14,0.17,0.07,0.01,0.08,0.07,0.08
Edmond Tapsoba,bf BFA,DF,Leverkusen,24,1999,28,23,2 087,23.févr,0,1,1,0,0,0,4,0,1.0,1.0,1.0,2.0,49,164,12,0.00,0.04,0.04,0.00,0.04,0.04,0.04,0.08,0.04,0.08
Mathys Tel,fr FRA,FW MF,Bayern Munich,18,2005,30,6,1 05,11.juil,7,5,12,7,0,0,2,0,03.juil,03.juil,02.mars,6.0,45,27,122,0.60,0.43,01.mars,0.60,01.mars,0.32,0.20,0.52,0.32,0.52
Nathan Tella,ng NGA,DF MF,Leverkusen,24,1999,24,8,819,09.janv,5,2,7,5,0,0,2,0,03.mai,03.mai,03.févr,06.juil,35,28,114,0.55,0.22,0.77,0.55,0.77,0.38,0.35,0.73,0.38,0.73
Norman Theuerkauf,de GER,MF DF,Heidenheim,36,1987,25,14,1 259,14.0,0,1,1,0,0,0,3,0,0.4,0.4,0.8,01.févr,15,46,17,0.00,0.07,0.07,0.00,0.07,0.03,0.06,0.09,0.03,0.09
Jan Thielmann,de GER,FW DF,Köln,21,2002,22,20,1 579,17.mai,1,0,1,1,0,0,4,1,02.mars,02.mars,01.janv,03.mars,46,51,69,0.06,0.00,0.06,0.06,0.06,0.13,0.06,0.19,0.13,0.19
Denis Thomalla,de GER,MF FW,Heidenheim,30,1992,21,3,446,5.0,0,0,0,0,0,0,0,0,0.3,0.3,0.4,0.7,3,22,19,0.00,0.00,0.00,0.00,0.00,0.06,0.08,0.13,0.06,0.13
Phillip Tietz,de GER,FW,Augsburg,26,1997,34,31,2 382,26.mai,8,4,12,8,0,0,1,0,08.févr,08.févr,02.juin,10.août,19,51,115,0.30,0.15,0.45,0.30,0.45,0.31,0.10,0.41,0.31,0.41
Steffen Tigges,de GER,FW,Köln,25,1998,25,6,727,08.janv,3,0,3,3,0,0,0,0,02.juin,02.juin,01.juin,04.janv,9,10,48,0.37,0.00,0.37,0.37,0.37,0.32,0.19,0.51,0.32,0.51
Umut Tohumcu,de GER,MF,Hoffenheim,18,2004,20,12,1 011,11.févr,0,2,2,0,0,0,5,0,0.5,0.5,01.janv,01.juin,18,46,27,0.00,0.18,0.18,0.00,0.18,0.04,0.10,0.14,0.04,0.14
Tiago Tomás,pt POR,FW MF,Wolfsburg,21,2002,26,11,1 032,11.mai,1,1,2,1,0,0,3,0,02.juil,02.juil,0.8,03.mai,21,17,112,0.09,0.09,0.17,0.09,0.17,0.23,0.07,0.30,0.23,0.30
Fabio Torsiello,it ITA,FW DF,Darmstadt 98,18,2005,10,1,156,01.juil,0,0,0,0,0,0,0,0,0.3,0.3,0.0,0.3,2,4,8,0.00,0.00,0.00,0.00,0.00,0.16,0.00,0.16,0.16,0.16
Lucas Tousart,fr FRA,MF,Union Berlin,26,1997,23,18,1 572,17.mai,0,0,0,0,0,0,5,0,01.mai,01.mai,0.9,02.avr,15,51,33,0.00,0.00,0.00,0.00,0.00,0.09,0.05,0.14,0.09,0.14
Omar Traoré,de GER,DF,Heidenheim,25,1998,31,29,2 472,27.mai,0,2,2,0,0,0,5,0,0.3,0.3,01.mars,01.juin,61,78,91,0.00,0.07,0.07,0.00,0.07,0.01,0.05,0.06,0.01,0.06
Kevin Trapp,de GER,GK,Eint Frankfurt,33,1990,32,32,2 88,32.0,0,0,0,0,0,0,2,0,0.0,0.0,0.0,0.0,0,1,0,0.00,0.00,0.00,0.00,0.00,0.00,0.00,0.00,0.00,0.00
Christopher Trimmel,at AUT,DF,Union Berlin,36,1987,26,19,1 646,18.mars,0,2,2,0,0,0,2,1,0.6,0.5,02.janv,02.juin,23,86,65,0.00,0.11,0.11,0.00,0.11,0.03,0.11,0.14,0.03,0.14
Tuta,br BRA,DF,Eint Frankfurt,24,1999,30,30,2 6,28.sept,1,2,3,1,0,0,3,2,01.avr,01.avr,02.janv,03.mai,22,138,46,0.03,0.07,0.10,0.03,0.10,0.05,0.07,0.12,0.05,0.12
Lukas Ullrich,de GER,DF FW,Gladbach,19,2004,4,0,47,0.5,0,0,0,0,0,0,0,0,0.0,0.0,0.0,0.0,0,0,6,0.00,0.00,0.00,0.00,0.00,0.00,0.00,0.00,0.00,0.00
Sven Ulreich,de GER,GK,Bayern Munich,34,1988,11,11,990,11.0,0,0,0,0,0,0,1,0,0.0,0.0,0.0,0.0,0,0,0,0.00,0.00,0.00,0.00,0.00,0.00,0.00,0.00,0.00,0.00
Deniz Undav,de GER,FW MF,Stuttgart,27,1996,30,23,2 089,23.févr,18,10,28,18,0,1,5,0,15.0,14.mars,06.mai,20.août,45,120,182,0.78,0.43,janv.21,0.78,janv.21,0.65,0.28,0.93,0.61,0.90
Dayot Upamecano,fr FRA,DF,Bayern Munich,24,1998,25,19,1 762,19.juin,1,0,1,1,0,0,3,1,01.juil,01.juil,0.5,02.janv,28,137,10,0.05,0.00,0.05,0.05,0.05,0.08,0.02,0.11,0.08,0.11
Mark Uth,de GER,MF FW,Köln,31,1991,11,3,373,04.janv,0,1,1,0,0,0,2,0,2.0,2.0,01.avr,03.avr,12,13,29,0.00,0.24,0.24,0.00,0.24,0.49,0.33,0.83,0.49,0.83
Josha Vagnoman,de GER,DF,Stuttgart,22,2000,18,12,1 183,13.janv,2,2,4,2,0,0,2,0,01.mars,01.mars,01.mars,02.juin,19,33,67,0.15,0.15,0.30,0.15,0.30,0.10,0.10,0.20,0.10,0.20
Ruben Vargas,ch SUI,MF FW,Augsburg,24,1998,31,25,1 962,21.août,4,5,9,4,0,0,3,0,03.sept,03.sept,02.avr,06.mars,57,77,145,0.18,0.23,0.41,0.18,0.41,0.18,0.11,0.29,0.18,0.29
Miloš Veljković,rs SRB,DF,Werder Bremen,27,1995,23,21,1 92,21.mars,2,1,3,2,0,0,2,0,01.juil,01.juil,0.8,02.mai,16,89,13,0.09,0.05,0.14,0.09,0.14,0.08,0.04,0.12,0.08,0.12
Player,Nation,Pos,Squad,Age,Born,MP,Starts,Min,90s,Gls,Ast,G+A,G-PK,PK,PKatt,CrdY,CrdR,xG,npxG,xAG,npxG+xAG,PrgC,PrgP,PrgR,Gls,Ast,G+A,G-PK,G+A-PK,xG,xAG,xG+xAG,npxG,npxG+xAG
Yorbe Vertessen,be BEL,FW MF,Union Berlin,22,2001,13,7,593,06.juin,3,2,5,3,0,0,1,0,02.juil,02.juil,01.mars,4.0,10,13,39,0.46,0.30,0.76,0.46,0.76,0.41,0.20,0.61,0.41,0.61
Oscar Vilhelmsson,se SWE,FW MF,Darmstadt 98,19,2003,26,16,1 374,15.mars,4,1,5,4,0,0,2,0,04.janv,04.janv,0.7,04.juil,16,7,72,0.26,0.07,0.33,0.26,0.33,0.27,0.04,0.31,0.27,0.31
Kevin Vogt,de GER,DF,Hoffenheim,31,1991,16,14,1 319,14.juil,0,0,0,0,0,0,2,0,0.7,0.7,0.1,0.8,16,84,12,0.00,0.00,0.00,0.00,0.00,0.05,0.01,0.05,0.05,0.05
Kevin Vogt,de GER,DF,Union Berlin,31,1991,16,16,1 323,14.juil,0,0,0,0,0,0,5,0,0.0,0.0,0.0,0.1,1,41,1,0.00,0.00,0.00,0.00,0.00,0.00,0.00,0.00,0.00,0.00
Kevin Volland,de GER,FW MF,Union Berlin,31,1992,26,17,1 345,14.sept,3,4,7,1,2,3,3,2,05.mars,02.sept,02.juin,05.juin,14,48,96,0.20,0.27,0.47,0.07,0.33,0.36,0.18,0.53,0.20,0.37
Aster Vranckx,be BEL,MF,Wolfsburg,20,2002,24,12,1 153,12.août,0,0,0,0,0,0,6,0,0.1,0.1,0.3,0.4,3,48,9,0.00,0.00,0.00,0.00,0.00,0.01,0.02,0.03,0.01,0.03
Luca Waldschmidt,de GER,MF FW,Köln,27,1996,22,14,1 146,12.juil,3,0,3,3,0,1,0,0,02.sept,02.janv,01.févr,03.mars,30,46,61,0.24,0.00,0.24,0.24,0.24,0.23,0.09,0.32,0.17,0.26
Kjell-Arik Wätjen,de GER,MF FW,Dortmund,17,2006,2,1,105,01.févr,0,1,1,0,0,0,0,0,0.0,0.0,01.févr,01.févr,3,8,1,0.00,0.86,0.86,0.00,0.86,0.00,01.févr,01.févr,0.00,01.févr
Wout Weghorst,nl NED,FW,Hoffenheim,30,1992,28,24,1 977,22.0,7,3,10,6,1,1,4,0,07.févr,06.avr,03.mai,09.sept,14,57,132,0.32,0.14,0.46,0.27,0.41,0.33,0.16,0.49,0.29,0.45
Julian Weigl,de GER,MF,Gladbach,27,1995,31,31,2 764,30.juil,2,3,5,0,2,2,10,0,02.avr,0.9,02.janv,02.sept,14,105,14,0.07,0.10,0.16,0.00,0.10,0.08,0.07,0.15,0.03,0.09
Nelson Weiper,de GER,FW MF,Mainz 05,18,2005,5,1,124,01.avr,0,0,0,0,0,0,0,0,0.5,0.5,0.2,0.6,6,2,20,0.00,0.00,0.00,0.00,0.00,0.35,0.11,0.46,0.35,0.46
Mitchell Weiser,de GER,DF MF,Werder Bremen,29,1994,30,30,2 636,29.mars,3,7,10,3,0,0,5,0,03.août,03.août,04.févr,07.sept,81,111,189,0.10,0.24,0.34,0.10,0.34,0.13,0.14,0.27,0.13,0.27
Noah Weißhaupt,de GER,DF FW,Freiburg,21,2001,24,6,759,08.avr,1,2,3,1,0,0,1,0,0.4,0.4,01.mars,01.juil,41,26,84,0.12,0.24,0.36,0.12,0.36,0.05,0.16,0.21,0.05,0.21
Timo Werner,de GER,FW MF,RB Leipzig,27,1996,8,2,207,02.mars,2,0,2,1,1,1,0,0,02.avr,01.juin,0.0,01.juin,10,6,32,0.87,0.00,0.87,0.43,0.43,01.févr,0.02,01.avr,0.68,0.70
Silvan Widmer,ch SUI,DF,Mainz 05,30,1993,20,13,1 242,13.août,1,3,4,1,0,0,4,0,01.avr,01.avr,03.mai,04.août,31,54,63,0.07,0.22,0.29,0.07,0.29,0.10,0.25,0.35,0.10,0.35
Patrick Wimmer,at AUT,FW MF,Wolfsburg,22,2001,14,8,589,06.mai,2,0,2,2,0,0,3,1,01.avr,01.avr,0.1,01.mai,8,15,44,0.31,0.00,0.31,0.31,0.31,0.22,0.02,0.24,0.22,0.24
Jonas Wind,dk DEN,FW,Wolfsburg,24,1999,34,31,2 651,29.mai,11,7,18,11,0,1,3,0,09.avr,08.mai,05.janv,13.juin,17,88,115,0.37,0.24,0.61,0.37,0.61,0.32,0.17,0.49,0.29,0.46
Florian Wirtz,de GER,MF,Leverkusen,20,2003,32,26,2 372,26.avr,11,11,22,10,1,1,3,0,08.sept,08.févr,07.mai,15.juil,138,224,306,0.42,0.42,0.83,0.38,0.80,0.34,0.29,0.62,0.31,0.60
Maximilian Wittek,de GER,DF FW,Bochum,27,1995,21,13,1 07,11.sept,3,1,4,3,0,0,4,0,01.mars,01.mars,01.avr,02.juin,17,49,64,0.25,0.08,0.34,0.25,0.34,0.11,0.11,0.22,0.11,0.22
Maximilian Wöber,at AUT,DF,Gladbach,25,1998,25,24,2 066,23.0,2,3,5,2,0,0,4,1,01.mars,01.mars,01.juin,02.sept,32,128,23,0.09,0.13,0.22,0.09,0.22,0.06,0.07,0.13,0.06,0.13
Marius Wolf,de GER,DF,Dortmund,28,1995,22,12,1 166,13.0,0,1,1,0,0,0,2,0,0.6,0.6,01.juin,02.févr,36,59,79,0.00,0.08,0.08,0.00,0.08,0.04,0.13,0.17,0.04,0.17
Nick Woltemade,de GER,FW MF,Werder Bremen,21,2002,30,12,1 189,13.févr,2,0,2,2,0,0,1,0,02.avr,02.avr,01.juil,04.janv,21,43,80,0.15,0.00,0.15,0.15,0.15,0.18,0.13,0.31,0.18,0.31
Jeong Woo-yeong,kr KOR,MF FW,Stuttgart,23,1999,26,5,633,7.0,2,3,5,2,0,0,1,0,01.août,01.août,01.juin,03.avr,23,22,54,0.28,0.43,0.71,0.28,0.71,0.25,0.22,0.48,0.25,0.48
Granit Xhaka,ch SUI,MF,Leverkusen,30,1992,33,32,2 821,31.mars,3,0,3,3,0,0,5,0,01.août,01.août,02.juil,04.mai,60,392,53,0.10,0.00,0.10,0.10,0.10,0.06,0.09,0.15,0.06,0.15
Dan-Axel Zagadou,fr FRA,DF,Stuttgart,24,1999,19,16,1 453,16.janv,1,0,1,1,0,0,1,0,1.0,1.0,0.3,01.mars,2,75,3,0.06,0.00,0.06,0.06,0.06,0.06,0.02,0.08,0.06,0.08
Player,Nation,Pos,Squad,Age,Born,MP,Starts,Min,90s,Gls,Ast,G+A,G-PK,PK,PKatt,CrdY,CrdR,xG,npxG,xAG,npxG+xAG,PrgC,PrgP,PrgR,Gls,Ast,G+A,G-PK,G+A-PK,xG,xAG,xG+xAG,npxG,npxG+xAG
Bryan Zaragoza,es ESP,FW MF,Bayern Munich,21,2001,7,1,183,2.0,0,0,0,0,0,0,1,0,0.5,0.5,0.2,0.7,14,9,28,0.00,0.00,0.00,0.00,0.00,0.23,0.11,0.34,0.23,0.34
Robin Zentner,de GER,GK,Mainz 05,28,1994,30,30,2 7,30.0,0,0,0,0,0,0,3,0,0.0,0.0,0.0,0.0,0,1,0,0.00,0.00,0.00,0.00,0.00,0.00,0.00,0.00,0.00,0.00
Cedric Zesiger,ch SUI,DF,Wolfsburg,25,1998,23,18,1 634,18.févr,0,0,0,0,0,0,5,0,01.mars,01.mars,0.0,01.avr,14,81,3,0.00,0.00,0.00,0.00,0.00,0.07,0.00,0.08,0.07,0.08
Michael Zetterer,de GER,GK,Werder Bremen,28,1995,27,27,2 43,27.0,0,0,0,0,0,0,2,0,0.1,0.1,0.2,0.3,0,3,0,0.00,0.00,0.00,0.00,0.00,0.00,0.01,0.01,0.00,0.01
Christoph Zimmermann,de GER,DF,Darmstadt 98,30,1993,19,12,1 22,13.juin,0,0,0,0,0,0,5,0,0.3,0.3,0.1,0.4,7,34,1,0.00,0.00,0.00,0.00,0.00,0.02,0.00,0.03,0.02,0.03
Simon Zoller,de GER,FW MF,Bochum,32,1991,1,0,45,0.5,0,0,0,0,0,0,0,0,0.0,0.0,0.0,0.0,0,0,0,0.00,0.00,0.00,0.00,0.00,0.00,0.00,0.00,0.00,0.00
Lovro Zvonarek,hr CRO,FW MF,Bayern Munich,18,2005,5,1,163,01.août,1,0,1,1,0,0,0,0,0.1,0.1,0.2,0.3,7,7,9,0.55,0.00,0.55,0.55,0.55,0.04,0.12,0.15,0.04,0.15
