Player,Nation,Pos,Squad,Age,Born,MP,Starts,Min,90s,Gls,Ast,G+A,G-PK,PK,PKatt,CrdY,CrdR,xG,npxG,xAG,npxG+xAG,PrgC,PrgP,PrgR,Gls,Ast,G+A,G-PK,G+A-PK,xG,xAG,xG+xAG,npxG,npxG+xAG
Aly Abeid,mr MTN,DF,Levante,19,1997,1,1,77,0.9,0,0,0,0,0,0,0,0,0.0,0.0,0.1,0.1,2,1,3,0.00,0.00,0.00,0.00,0.00,0.00,0.08,0.08,0.00,0.08
Antonio Adán,es ESP,GK,Betis,30,1987,30,30,2 7,30.0,0,2,2,0,0,0,4,0,0.0,0.0,0.7,0.7,0,0,0,0.00,0.07,0.07,0.00,0.07,0.00,0.02,0.02,0.00,0.02
Aday,es ESP,DF,Girona,29,1987,31,20,1 835,20.avr,2,0,2,1,1,2,10,0,02.août,01.mars,01.juin,02.sept,82,61,156,0.10,0.00,0.10,0.05,0.05,0.14,0.08,0.22,0.06,0.14
Aritz Aduriz,es ESP,FW,Athletic Club,36,1981,33,21,2 152,23.sept,9,1,10,6,3,5,5,0,11.janv,07.juin,01.mai,9.0,27,45,150,0.38,0.04,0.42,0.25,0.29,0.47,0.06,0.53,0.32,0.38
Martin Agirregabiria,es ESP,DF,Alavés,21,1996,21,20,1 828,20.mars,0,4,4,0,0,0,4,0,0.1,0.1,01.mai,01.juin,24,48,54,0.00,0.20,0.20,0.00,0.20,0.00,0.08,0.08,0.00,0.08
Imanol Agirretxe,es ESP,FW,Real Sociedad,30,1987,11,2,232,02.juin,0,0,0,0,0,0,0,0,01.févr,01.févr,0.0,01.févr,1,5,8,0.00,0.00,0.00,0.00,0.00,0.45,0.00,0.45,0.45,0.45
Matías Aguirregaray,uy URU,DF,Las Palmas,28,1989,15,14,1 153,12.août,0,0,0,0,0,0,3,0,0.6,0.6,0.6,01.févr,23,57,49,0.00,0.00,0.00,0.00,0.00,0.05,0.05,0.10,0.05,0.10
Ager Aketxe,es ESP,MF,Athletic Club,23,1993,3,0,37,0.4,0,0,0,0,0,0,1,0,0.1,0.1,0.0,0.1,1,6,3,0.00,0.00,0.00,0.00,0.00,0.15,0.00,0.15,0.15,0.15
David Alba,es ESP,DF,Getafe,18,1999,1,1,61,0.7,0,0,0,0,0,0,0,0,0.0,0.0,0.0,0.0,0,2,0,0.00,0.00,0.00,0.00,0.00,0.00,0.00,0.00,0.00,0.00
Jordi Alba,es ESP,DF,Barcelona,28,1989,33,30,2 744,30.mai,2,8,10,2,0,0,7,0,02.janv,02.janv,06.janv,08.mars,58,135,314,0.07,0.26,0.33,0.07,0.33,0.07,0.20,0.27,0.07,0.27
Raúl Albentosa,es ESP,DF,La Coruña,28,1988,20,19,1 748,19.avr,1,0,1,1,0,0,5,0,01.mai,01.mai,0.2,01.juin,1,27,5,0.05,0.00,0.05,0.05,0.05,0.08,0.01,0.08,0.08,0.08
Paco Alcácer,es ESP,MF FW,Barcelona,23,1993,17,8,695,07.juil,4,3,7,4,0,0,0,0,03.sept,03.sept,02.janv,6.0,6,13,42,0.52,0.39,0.91,0.52,0.91,0.51,0.27,0.78,0.51,0.78
Pedro Alcalá,es ESP,DF,Girona,28,1989,8,8,689,07.juil,1,0,1,1,0,0,4,0,1.0,1.0,0.2,01.févr,3,24,0,0.13,0.00,0.13,0.13,0.13,0.13,0.03,0.16,0.13,0.16
Steve Aldo One,cm CMR,DF,La Coruña,22,1995,1,1,90,1.0,0,0,0,0,0,0,0,0,0.0,0.0,0.0,0.0,0,0,0,0.00,0.00,0.00,0.00,0.00,0.00,0.00,0.00,0.00,0.00
Álex Alegría,es ESP,FW,Levante,24,1992,9,8,628,7.0,0,0,0,0,0,0,1,0,01.janv,01.janv,0.2,01.mars,2,8,29,0.00,0.00,0.00,0.00,0.00,0.16,0.03,0.19,0.16,0.19
Iván Alejo,es ESP,MF FW,Eibar,22,1995,22,14,1 102,12.févr,1,3,4,1,0,0,5,0,0.5,0.5,02.janv,02.juin,71,20,125,0.08,0.25,0.33,0.08,0.33,0.04,0.17,0.21,0.04,0.21
Alexander,ar ARG,MF FW,Leganés,28,1988,13,13,1 06,11.août,2,2,4,1,1,1,1,0,02.févr,01.avr,02.mai,03.sept,17,26,72,0.17,0.17,0.34,0.08,0.25,0.19,0.21,0.40,0.12,0.33
Alexis,es ESP,DF,Alavés,31,1985,28,25,2 184,24.mars,1,0,1,1,0,0,6,0,01.févr,01.févr,0.3,01.mai,5,34,11,0.04,0.00,0.04,0.04,0.04,0.05,0.01,0.06,0.05,0.06
José Alonso Lara,es ESP,MF,Sevilla,17,2000,1,0,10,0.1,0,0,0,0,0,0,0,0,0.0,0.0,0.0,0.0,0,0,2,0.00,0.00,0.00,0.00,0.00,0.00,0.00,0.00,0.00,0.00
Sergio Álvarez,es ESP,GK,Celta Vigo,30,1986,17,16,1 476,16.avr,0,0,0,0,0,0,0,0,0.0,0.0,0.1,0.1,0,0,1,0.00,0.00,0.00,0.00,0.00,0.00,0.00,0.00,0.00,0.00
Yeray Álvarez,es ESP,DF,Athletic Club,22,1995,8,7,675,07.mai,0,0,0,0,0,0,2,0,0.1,0.1,0.1,0.2,10,41,1,0.00,0.00,0.00,0.00,0.00,0.01,0.01,0.02,0.01,0.02
Eloi Amagat,es ESP,MF,Girona,32,1985,2,0,15,0.2,0,0,0,0,0,0,0,0,0.2,0.2,0.0,0.2,0,3,0,0.00,0.00,0.00,0.00,0.00,janv.20,0.00,janv.20,janv.20,janv.20
Jordi Amat,id IDN,DF MF,Betis,25,1992,25,24,2 045,22.juil,0,0,0,0,0,0,7,2,0.4,0.4,0.1,0.5,13,101,5,0.00,0.00,0.00,0.00,0.00,0.02,0.00,0.02,0.02,0.02
Amath,sn SEN,MF FW,Getafe,21,1996,37,36,2 859,31.août,3,3,6,3,0,0,9,0,04.avr,04.avr,02.juil,07.févr,66,66,158,0.09,0.09,0.19,0.09,0.19,0.14,0.09,0.23,0.14,0.23
Nordin Amrabat,ma MAR,FW MF,Leganés,30,1987,30,17,1 623,18.0,2,4,6,2,0,0,6,1,03.juil,03.juil,03.févr,06.sept,87,50,146,0.11,0.22,0.33,0.11,0.33,0.20,0.18,0.38,0.20,0.38
Player,Nation,Pos,Squad,Age,Born,MP,Starts,Min,90s,Gls,Ast,G+A,G-PK,PK,PKatt,CrdY,CrdR,xG,npxG,xAG,npxG+xAG,PrgC,PrgP,PrgR,Gls,Ast,G+A,G-PK,G+A-PK,xG,xAG,xG+xAG,npxG,npxG+xAG
Jon Ander Serantes,es ESP,GK,Leganés,27,1989,1,1,90,1.0,0,0,0,0,0,0,0,0,0.0,0.0,0.0,0.0,0,0,0,0.00,0.00,0.00,0.00,0.00,0.00,0.00,0.00,0.00,0.00
Florin Andone,ro ROU,FW,La Coruña,24,1993,29,16,1 636,18.févr,7,3,10,7,0,1,6,0,11.avr,10.juin,0.9,11.mai,41,11,144,0.39,0.17,0.55,0.39,0.55,0.63,0.05,0.68,0.58,0.63
Miguel Ángel Guerrero,es ESP,FW,Leganés,27,1990,22,15,1 442,16.0,4,3,7,4,0,1,3,0,05.juil,04.sept,01.mai,06.avr,16,18,87,0.25,0.19,0.44,0.25,0.44,0.35,0.09,0.45,0.31,0.40
José Ángel,es ESP,DF,Eibar,27,1989,30,28,2 426,27.0,0,8,8,0,0,0,4,0,0.5,0.5,04.janv,04.juin,44,128,89,0.00,0.30,0.30,0.00,0.30,0.02,0.15,0.17,0.02,0.17
Miguel Ángel Moyá,es ESP,GK,Real Sociedad,33,1984,9,9,764,08.mai,0,0,0,0,0,0,0,0,0.0,0.0,0.0,0.0,0,0,0,0.00,0.00,0.00,0.00,0.00,0.00,0.00,0.00,0.00,0.00
Miguel Ángel Rubio,es ESP,DF,Getafe,19,1998,1,0,29,0.3,0,0,0,0,0,0,0,0,0.0,0.0,0.0,0.0,0,1,0,0.00,0.00,0.00,0.00,0.00,0.00,0.00,0.00,0.00,0.00
Vitorino Antunes,pt POR,DF,Getafe,30,1987,34,31,2 799,31.janv,0,2,2,0,0,1,14,0,01.juil,0.9,03.avr,04.mars,45,116,65,0.00,0.06,0.06,0.00,0.06,0.05,0.11,0.16,0.03,0.14
Alberto Aquilani,it ITA,MF,Las Palmas,33,1984,21,15,1 297,14.avr,0,0,0,0,0,0,4,0,0.7,0.7,0.5,01.févr,8,80,12,0.00,0.00,0.00,0.00,0.00,0.05,0.04,0.08,0.05,0.08
Mauro Arambarri,uy URU,MF,Getafe,21,1995,27,26,2 124,23.juin,1,1,2,1,0,0,9,1,01.juin,01.juin,01.sept,03.juin,12,76,15,0.04,0.04,0.08,0.04,0.08,0.07,0.08,0.15,0.07,0.15
Guilherme Arana,br BRA,DF,Sevilla,20,1997,3,2,193,02.janv,0,0,0,0,0,0,0,0,0.0,0.0,0.0,0.0,6,4,6,0.00,0.00,0.00,0.00,0.00,0.00,0.00,0.00,0.00,0.00
Sergio Araujo,ar ARG,MF FW,Las Palmas,25,1992,2,0,39,0.4,0,0,0,0,0,0,0,0,0.1,0.1,0.0,0.1,0,0,4,0.00,0.00,0.00,0.00,0.00,0.22,0.00,0.22,0.22,0.22
Anaitz Arbilla,es ESP,DF,Eibar,30,1987,29,26,2 414,26.août,2,1,3,2,0,0,8,0,0.8,0.8,0.4,01.févr,34,158,2,0.07,0.04,0.11,0.07,0.11,0.03,0.01,0.04,0.03,0.04
José Arnaiz,es ESP,MF,Barcelona,22,1995,1,0,6,0.1,0,0,0,0,0,0,0,0,0.0,0.0,0.0,0.0,0,0,0,0.00,0.00,0.00,0.00,0.00,0.00,0.00,0.00,0.00,0.00
Alejandro Arribas,es ESP,DF,La Coruña,28,1989,3,3,270,3.0,0,0,0,0,0,0,0,0,0.2,0.2,0.0,0.2,0,11,0,0.00,0.00,0.00,0.00,0.00,0.05,0.00,0.05,0.05,0.05
Sergio Arribas,es ESP,MF,Leganés,22,1995,1,0,23,0.3,0,0,0,0,0,0,0,0,0.0,0.0,0.0,0.0,0,0,2,0.00,0.00,0.00,0.00,0.00,0.00,0.00,0.00,0.00,0.00
Kepa Arrizabalaga,es ESP,GK,Athletic Club,22,1994,30,30,2 7,30.0,0,0,0,0,0,0,3,0,0.0,0.0,0.3,0.3,0,0,0,0.00,0.00,0.00,0.00,0.00,0.00,0.01,0.01,0.00,0.01
Aythami Artiles,es ESP,DF,Las Palmas,31,1986,3,2,184,2.0,0,0,0,0,0,0,0,0,0.0,0.0,0.0,0.0,0,1,1,0.00,0.00,0.00,0.00,0.00,0.00,0.00,0.00,0.00,0.00
Sergio Asenjo,es ESP,GK,Villarreal,28,1989,23,23,2 07,23.0,0,0,0,0,0,0,3,0,0.0,0.0,0.0,0.0,0,0,0,0.00,0.00,0.00,0.00,0.00,0.00,0.00,0.00,0.00,0.00
Marco Asensio,es ESP,FW MF,Real Madrid,21,1996,32,19,1 844,20.mai,6,6,12,6,0,0,2,0,04.mai,04.mai,06.avr,10.sept,135,157,209,0.29,0.29,0.59,0.29,0.59,0.22,0.31,0.53,0.22,0.53
Iago Aspas,es ESP,FW,Celta Vigo,29,1987,34,33,2 936,32.6,22,5,27,20,2,3,9,0,17.mars,15.0,09.mai,24.mai,115,126,294,0.67,0.15,0.83,0.61,0.77,0.53,0.29,0.82,0.46,0.75
Carlos Bacca,co COL,FW,Villarreal,30,1986,35,30,2 497,27.juil,15,6,21,14,1,1,9,0,14.0,13.févr,04.juil,18.0,56,39,188,0.54,0.22,0.76,0.50,0.72,0.51,0.17,0.68,0.48,0.65
Cédric Bakambu,cd COD,FW,Villarreal,26,1991,15,15,1 263,14.0,9,0,9,8,1,1,5,0,05.sept,05.janv,01.juin,06.juin,37,21,80,0.64,0.00,0.64,0.57,0.57,0.42,0.11,0.53,0.36,0.47
Zakaria Bakkali,be BEL,FW MF,La Coruña,21,1996,23,10,909,10.janv,0,0,0,0,0,0,5,0,01.févr,01.févr,0.3,01.mai,33,30,99,0.00,0.00,0.00,0.00,0.00,0.12,0.03,0.15,0.12,0.15
Gareth Bale,wls WAL,FW MF,Real Madrid,28,1989,26,20,1 799,20.0,16,2,18,15,1,1,5,0,11.août,11.0,5.0,16.0,75,87,217,0.80,0.10,0.90,0.75,0.85,0.59,0.25,0.84,0.55,0.80
Mikel Balenziaga,es ESP,DF,Athletic Club,29,1988,18,18,1 549,17.févr,0,2,2,0,0,0,1,0,0.2,0.2,1.0,01.janv,29,48,71,0.00,0.12,0.12,0.00,0.12,0.01,0.06,0.07,0.01,0.07
Player,Nation,Pos,Squad,Age,Born,MP,Starts,Min,90s,Gls,Ast,G+A,G-PK,PK,PKatt,CrdY,CrdR,xG,npxG,xAG,npxG+xAG,PrgC,PrgP,PrgR,Gls,Ast,G+A,G-PK,G+A-PK,xG,xAG,xG+xAG,npxG,npxG+xAG
Éver Banega,ar ARG,MF,Sevilla,29,1988,31,25,2 399,26.juil,3,3,6,0,3,3,9,1,03.août,01.avr,06.févr,07.juin,77,350,81,0.11,0.11,0.23,0.00,0.11,0.14,0.23,0.37,0.05,0.29
Léo Baptistão,br BRA,FW MF,Espanyol,24,1992,36,31,2 677,29.juil,8,3,11,8,0,0,4,0,10.févr,10.févr,02.mai,12.juil,76,51,187,0.27,0.10,0.37,0.27,0.37,0.34,0.08,0.43,0.34,0.43
Mariano Barbosa,ar ARG,GK,Villarreal,33,1984,13,12,1 125,12.mai,0,0,0,0,0,0,0,0,0.0,0.0,0.0,0.0,0,0,0,0.00,0.00,0.00,0.00,0.00,0.00,0.00,0.00,0.00,0.00
Enis Bardhi,mk MKD,MF,Levante,22,1995,26,16,1 58,17.juin,9,1,10,9,0,0,8,0,03.janv,03.janv,01.mars,04.avr,39,91,57,0.51,0.06,0.57,0.51,0.57,0.18,0.07,0.25,0.18,0.25
Antonio Barragán,es ESP,DF,Betis,30,1987,29,28,2 373,26.avr,0,6,6,0,0,0,7,0,0.7,0.7,02.août,03.mai,50,123,198,0.00,0.23,0.23,0.00,0.23,0.03,0.11,0.13,0.03,0.13
Barri,es ESP,MF FW,Getafe,21,1995,2,1,113,01.mars,0,0,0,0,0,0,0,0,0.1,0.1,0.0,0.1,2,4,0,0.00,0.00,0.00,0.00,0.00,0.04,0.00,0.04,0.04,0.04
Marc Bartra,es ESP,DF,Betis,26,1991,16,16,1 42,15.août,1,0,1,1,0,0,6,0,0.8,0.8,0.7,01.mai,16,57,4,0.06,0.00,0.06,0.06,0.06,0.05,0.04,0.09,0.05,0.09
Borja Bastón,es ESP,FW,Málaga,24,1992,20,8,985,10.sept,2,0,2,1,1,2,2,0,05.janv,03.juin,0.1,03.juil,7,8,65,0.18,0.00,0.18,0.09,0.09,0.47,0.01,0.48,0.33,0.34
Jon Bautista,es ESP,FW MF,Real Sociedad,22,1995,11,1,181,2.0,1,0,1,1,0,0,0,0,01.mars,01.mars,0.1,01.mars,3,3,12,0.50,0.00,0.50,0.50,0.50,0.64,0.03,0.67,0.64,0.67
Paul Baysse,fr FRA,DF,Málaga,29,1988,15,13,1 239,13.août,1,0,1,1,0,0,1,0,01.janv,01.janv,0.0,01.janv,0,25,3,0.07,0.00,0.07,0.07,0.07,0.08,0.00,0.08,0.08,0.08
Claudio Beauvue,gp GLP,FW,Leganés,29,1988,28,17,1 672,18.juin,2,0,2,2,0,0,4,0,04.févr,04.févr,01.mars,05.mai,18,22,70,0.11,0.00,0.11,0.11,0.11,0.23,0.07,0.29,0.23,0.29
Bebé,cv CPV,MF FW,Eibar,27,1990,9,3,365,04.janv,0,1,1,0,0,0,0,0,0.3,0.3,01.juil,2.0,14,3,37,0.00,0.25,0.25,0.00,0.25,0.07,0.42,0.49,0.07,0.49
Wissam Ben Yedder,fr FRA,FW,Sevilla,26,1990,25,18,1 7,18.sept,9,3,12,9,0,0,2,1,12.mars,12.mars,02.janv,14.avr,42,53,138,0.48,0.16,0.64,0.48,0.64,0.65,0.11,0.76,0.65,0.76
Karim Benzema,fr FRA,FW,Real Madrid,29,1987,32,25,2 15,23.sept,5,10,15,3,2,2,0,0,12.août,11.févr,06.août,18.0,69,98,188,0.21,0.42,0.63,0.13,0.54,0.54,0.28,0.82,0.47,0.76
Markel Bergara,es ESP,MF,Getafe,31,1986,18,18,1 463,16.mars,4,1,5,4,0,0,5,0,02.août,02.août,0.0,02.août,5,28,18,0.25,0.06,0.31,0.25,0.31,0.17,0.00,0.17,0.17,0.17
Pedro Bigas,es ESP,DF,Las Palmas,26,1990,12,11,894,09.sept,0,0,0,0,0,0,3,0,0.2,0.2,0.3,0.5,14,32,2,0.00,0.00,0.00,0.00,0.00,0.02,0.03,0.05,0.02,0.05
Rubén Blanco,es ESP,GK,Celta Vigo,22,1995,22,22,1 941,21.juin,0,0,0,0,0,0,3,1,0.0,0.0,0.0,0.0,0,1,0,0.00,0.00,0.00,0.00,0.00,0.00,0.00,0.00,0.00,0.00
Emmanuel Boateng,gh GHA,FW,Levante,21,1996,25,10,1 276,14.févr,6,0,6,6,0,0,5,0,07.janv,07.janv,01.mars,08.avr,18,21,64,0.42,0.00,0.42,0.42,0.42,0.50,0.09,0.59,0.50,0.59
Daniele Bonera,it ITA,DF,Villarreal,36,1981,15,14,1 19,13.févr,0,1,1,0,0,0,4,1,0.1,0.1,0.6,0.7,6,48,0,0.00,0.08,0.08,0.00,0.08,0.01,0.05,0.06,0.01,0.06
Celso Borges,cr CRC,MF,La Coruña,29,1988,32,26,2 3,25.juin,3,3,6,3,0,0,4,1,03.avr,03.avr,02.avr,05.août,26,131,72,0.12,0.12,0.23,0.12,0.23,0.13,0.09,0.23,0.13,0.23
Ryad Boudebouz,dz ALG,MF FW,Betis,27,1990,27,15,1 36,15.janv,2,3,5,2,0,0,2,0,0.8,0.8,02.mai,03.févr,47,75,102,0.13,0.20,0.33,0.13,0.33,0.05,0.16,0.21,0.05,0.21
Yassine Bounou,ma MAR,GK,Girona,26,1991,30,30,2 655,29.mai,0,0,0,0,0,0,2,0,0.0,0.0,0.0,0.0,0,0,0,0.00,0.00,0.00,0.00,0.00,0.00,0.00,0.00,0.00,0.00
Eneko Bóveda,es ESP,DF,La Coruña,28,1988,8,7,667,07.avr,0,0,0,0,0,0,2,0,0.0,0.0,0.0,0.0,4,14,6,0.00,0.00,0.00,0.00,0.00,0.00,0.00,0.00,0.00,0.00
Eneko Bóveda,es ESP,DF,Athletic Club,28,1988,6,6,522,05.août,0,1,1,0,0,0,1,0,0.0,0.0,0.2,0.2,11,18,24,0.00,0.17,0.17,0.00,0.17,0.00,0.03,0.03,0.00,0.03
Lucas Boyé,ar ARG,FW MF,Celta Vigo,21,1996,13,2,276,03.janv,0,0,0,0,0,0,2,0,01.janv,01.janv,0.2,01.mars,11,10,30,0.00,0.00,0.00,0.00,0.00,0.37,0.06,0.43,0.37,0.43
Player,Nation,Pos,Squad,Age,Born,MP,Starts,Min,90s,Gls,Ast,G+A,G-PK,PK,PKatt,CrdY,CrdR,xG,npxG,xAG,npxG+xAG,PrgC,PrgP,PrgR,Gls,Ast,G+A,G-PK,G+A-PK,xG,xAG,xG+xAG,npxG,npxG+xAG
Darko Brašanac,rs SRB,MF FW,Leganés,25,1992,23,13,1 203,13.avr,2,0,2,2,0,0,3,0,01.juin,01.juin,1.0,02.mai,24,34,37,0.15,0.00,0.15,0.15,0.15,0.12,0.07,0.19,0.12,0.19
Alberto Bueno,es ESP,MF FW,Málaga,29,1988,11,1,226,02.mai,0,0,0,0,0,0,0,0,01.janv,01.janv,0.5,01.juin,3,5,19,0.00,0.00,0.00,0.00,0.00,0.44,0.19,0.63,0.44,0.63
Burgui,es ESP,MF FW,Alavés,23,1993,23,12,1 034,11.mai,1,0,1,1,0,0,1,0,0.7,0.7,01.juin,02.mars,35,46,75,0.09,0.00,0.09,0.09,0.09,0.06,0.14,0.20,0.06,0.20
Sergio Busquets,es ESP,MF,Barcelona,29,1988,31,30,2 593,28.août,1,4,5,1,0,0,8,0,1.0,1.0,2.0,3.0,15,203,29,0.03,0.14,0.17,0.03,0.17,0.04,0.07,0.10,0.04,0.10
Unai Bustinza,es ESP,DF,Leganés,25,1992,20,18,1 637,18.févr,2,0,2,2,0,0,5,0,02.avr,02.avr,0.2,02.juin,12,37,9,0.11,0.00,0.11,0.11,0.11,0.13,0.01,0.14,0.13,0.14
Erick Cabaco,uy URU,DF,Levante,22,1995,14,12,1 04,11.juin,0,0,0,0,0,0,5,0,0.6,0.6,0.0,0.6,4,22,0,0.00,0.00,0.00,0.00,0.00,0.05,0.00,0.06,0.05,0.06
Gustavo Cabral,ar ARG,DF,Celta Vigo,31,1985,26,20,1 891,21.0,1,1,2,1,0,0,5,0,0.7,0.7,0.3,1.0,4,40,2,0.05,0.05,0.10,0.05,0.10,0.03,0.01,0.05,0.03,0.05
Leandro Cabrera,uy URU,DF,Getafe,26,1991,9,8,720,8.0,0,0,0,0,0,0,3,0,0.5,0.5,0.3,0.8,5,32,4,0.00,0.00,0.00,0.00,0.00,0.06,0.03,0.09,0.06,0.09
Cala,es ESP,DF,Getafe,27,1989,20,20,1 8,20.0,2,2,4,2,0,0,9,0,01.juin,01.juin,0.7,02.mars,2,42,6,0.10,0.10,0.20,0.10,0.20,0.08,0.04,0.12,0.08,0.12
Carlos Calderón,es ESP,MF,Getafe,22,1995,1,0,4,0.0,0,0,0,0,0,0,0,0,0.0,0.0,0.0,0.0,0,0,0,0.00,0.00,0.00,0.00,0.00,0.00,0.00,0.00,0.00,0.00
Jonathan Calleri,ar ARG,FW,Las Palmas,23,1993,37,34,3 109,34.5,9,3,12,4,5,5,7,0,13.mai,09.juin,02.août,12.avr,47,64,188,0.26,0.09,0.35,0.12,0.20,0.39,0.08,0.47,0.28,0.36
Víctor Camarasa,es ESP,MF,Betis,23,1994,24,14,1 252,13.sept,1,0,1,1,0,0,1,0,01.avr,01.avr,01.mai,02.sept,44,68,51,0.07,0.00,0.07,0.07,0.07,0.10,0.11,0.21,0.10,0.21
José Campaña,es ESP,MF,Levante,24,1993,35,33,2 734,30.avr,1,4,5,1,0,0,9,1,01.avr,01.avr,04.juil,06.févr,84,232,77,0.03,0.13,0.16,0.03,0.16,0.05,0.16,0.20,0.05,0.20
Joel Campbell,cr CRC,MF FW,Betis,25,1992,8,2,214,02.avr,2,1,3,2,0,0,1,0,01.janv,01.janv,0.5,01.juin,14,16,26,0.84,0.42,janv.26,0.84,janv.26,0.46,0.22,0.68,0.46,0.68
Sergio Canales,es ESP,MF FW,Real Sociedad,26,1991,36,20,1 928,21.avr,4,5,9,4,0,0,4,0,03.avr,03.avr,6.0,09.mai,79,138,139,0.19,0.23,0.42,0.19,0.42,0.16,0.28,0.44,0.16,0.44
João Cancelo,pt POR,MF,Valencia,23,1994,1,1,90,1.0,0,0,0,0,0,0,0,0,0.3,0.3,0.4,0.7,12,6,12,0.00,0.00,0.00,0.00,0.00,0.30,0.42,0.72,0.30,0.72
Ander Capa,es ESP,DF,Eibar,25,1992,33,25,2 249,25.0,0,1,1,0,0,0,4,0,0.2,0.2,01.mai,01.août,81,143,122,0.00,0.04,0.04,0.00,0.04,0.01,0.06,0.07,0.01,0.07
Lionel Carole,fr FRA,DF,Sevilla,26,1991,6,6,540,6.0,0,1,1,0,0,0,0,0,0.3,0.3,0.1,0.4,10,24,36,0.00,0.17,0.17,0.00,0.17,0.04,0.02,0.06,0.04,0.06
Yannick Carrasco,be BEL,MF FW,Atlético Madrid,23,1993,17,8,901,10.0,3,4,7,3,0,0,3,0,02.mars,02.mars,02.juin,04.sept,56,29,83,0.30,0.40,0.70,0.30,0.70,0.23,0.26,0.49,0.23,0.49
Daniel Carriço,pt POR,DF,Sevilla,28,1988,6,5,460,05.janv,0,0,0,0,0,0,1,0,0.1,0.1,0.2,0.3,0,16,2,0.00,0.00,0.00,0.00,0.00,0.03,0.03,0.06,0.03,0.06
Federico Cartabia,ar ARG,FW MF,La Coruña,24,1993,20,16,1 324,14.juil,2,1,3,2,0,0,6,0,01.juil,01.juil,01.juin,03.mars,68,78,137,0.14,0.07,0.20,0.14,0.20,0.11,0.11,0.22,0.11,0.22
Dani Carvajal,es ESP,DF,Real Madrid,25,1992,25,25,2 222,24.juil,0,2,2,0,0,0,11,1,1.0,1.0,04.févr,05.janv,69,150,216,0.00,0.08,0.08,0.00,0.08,0.04,0.17,0.21,0.04,0.21
Casemiro,br BRA,MF,Real Madrid,25,1992,30,30,2 595,28.août,5,3,8,5,0,0,8,0,03.mars,03.mars,02.juil,6.0,24,145,47,0.17,0.10,0.28,0.17,0.28,0.11,0.09,0.21,0.11,0.21
Kiko Casilla,es ESP,GK,Real Madrid,30,1986,10,10,900,10.0,0,0,0,0,0,0,0,0,0.0,0.0,0.0,0.0,0,0,0,0.00,0.00,0.00,0.00,0.00,0.00,0.00,0.00,0.00,0.00
Dani Castellano,es ESP,DF,Las Palmas,29,1987,24,23,2 025,22.mai,0,2,2,0,0,0,5,0,0.1,0.1,0.7,0.8,60,55,61,0.00,0.09,0.09,0.00,0.09,0.00,0.03,0.04,0.00,0.04
Player,Nation,Pos,Squad,Age,Born,MP,Starts,Min,90s,Gls,Ast,G+A,G-PK,PK,PKatt,CrdY,CrdR,xG,npxG,xAG,npxG+xAG,PrgC,PrgP,PrgR,Gls,Ast,G+A,G-PK,G+A-PK,xG,xAG,xG+xAG,npxG,npxG+xAG
Javi Castellano,es ESP,MF,Las Palmas,29,1987,23,17,1 566,17.avr,0,0,0,0,0,0,4,0,0.1,0.1,0.1,0.2,7,60,10,0.00,0.00,0.00,0.00,0.00,0.00,0.01,0.01,0.00,0.01
Samu Castillejo,es ESP,MF FW,Villarreal,22,1995,30,25,2 074,23.0,6,5,11,6,0,0,4,0,04.mai,04.mai,04.avr,08.sept,104,111,150,0.26,0.22,0.48,0.26,0.48,0.20,0.19,0.39,0.20,0.39
Chory Castro,uy URU,MF FW,Málaga,32,1984,26,26,2 061,22.sept,4,2,6,3,1,1,5,1,03.avr,02.avr,02.mai,04.sept,64,100,114,0.17,0.09,0.26,0.13,0.22,0.15,0.11,0.26,0.11,0.21
Jonny Castro,es ESP,DF,Celta Vigo,23,1994,36,36,3 202,35.6,2,1,3,2,0,0,10,0,01.août,01.août,01.juin,03.avr,96,162,131,0.06,0.03,0.08,0.06,0.08,0.05,0.05,0.10,0.05,0.10
Rubén Castro,es ESP,FW,Betis,36,1981,10,3,359,4.0,1,1,2,0,1,1,0,0,01.août,01.janv,0.6,01.juil,6,6,12,0.25,0.25,0.50,0.00,0.25,0.46,0.14,0.60,0.28,0.42
Dani Ceballos,es ESP,MF,Real Madrid,20,1996,12,4,401,04.mai,2,0,2,2,0,0,0,0,0.4,0.4,0.2,0.6,13,38,17,0.45,0.00,0.45,0.45,0.45,0.09,0.04,0.13,0.09,0.13
Emanuel Cecchini,ar ARG,MF DF,Málaga,20,1996,2,0,30,0.3,0,0,0,0,0,0,2,0,0.0,0.0,0.0,0.0,1,3,0,0.00,0.00,0.00,0.00,0.00,0.09,0.00,0.09,0.09,0.09
Nereo Champagne,ar ARG,GK,Leganés,32,1985,2,2,180,2.0,0,0,0,0,0,0,0,0,0.0,0.0,0.0,0.0,0,0,0,0.00,0.00,0.00,0.00,0.00,0.00,0.00,0.00,0.00,0.00
Charles,br BRA,FW,Eibar,33,1984,30,18,1 582,17.juin,8,1,9,7,1,1,5,1,08.janv,07.mars,01.juil,9.0,8,32,66,0.46,0.06,0.51,0.40,0.46,0.46,0.09,0.56,0.42,0.51
Chema,es ESP,DF,Levante,25,1992,25,23,2 017,22.avr,1,1,2,1,0,0,7,1,0.5,0.5,0.9,01.avr,3,49,3,0.04,0.04,0.09,0.04,0.09,0.02,0.04,0.06,0.02,0.06
Denis Cheryshev,ru RUS,MF FW,Villarreal,26,1990,24,9,926,10.mars,2,1,3,2,0,0,2,0,05.janv,05.janv,03.mai,08.mai,51,38,75,0.19,0.10,0.29,0.19,0.29,0.49,0.34,0.83,0.49,0.83
Leandro Chichizola,ar ARG,GK,Las Palmas,27,1990,27,27,2 43,27.0,0,0,0,0,0,0,2,0,0.0,0.0,0.0,0.0,0,0,0,0.00,0.00,0.00,0.00,0.00,0.00,0.00,0.00,0.00,0.00
Chuca,es ESP,MF,Villarreal,20,1997,4,1,88,1.0,0,0,0,0,0,0,1,0,0.1,0.1,0.0,0.1,3,5,9,0.00,0.00,0.00,0.00,0.00,0.09,0.02,0.11,0.09,0.11
Cifu,es ESP,DF,Málaga,26,1990,2,1,108,01.févr,0,0,0,0,0,0,0,0,0.0,0.0,0.1,0.1,5,6,9,0.00,0.00,0.00,0.00,0.00,0.00,0.09,0.09,0.00,0.09
Jasper Cillessen,nl NED,GK,Barcelona,28,1989,1,1,90,1.0,0,0,0,0,0,0,0,0,0.0,0.0,0.0,0.0,0,0,0,0.00,0.00,0.00,0.00,0.00,0.00,0.00,0.00,0.00,0.00
Coke,es ESP,DF,Levante,30,1987,17,16,1 383,15.avr,3,0,3,3,0,0,5,1,01.sept,01.sept,0.4,02.mars,35,67,59,0.20,0.00,0.20,0.20,0.20,0.12,0.03,0.15,0.12,0.15
Emre Çolak,tr TUR,MF,La Coruña,26,1991,26,17,1 449,16.janv,1,1,2,1,0,0,4,0,01.févr,01.févr,4.0,05.févr,25,144,99,0.06,0.06,0.12,0.06,0.12,0.08,0.25,0.33,0.08,0.33
Francis Coquelin,fr FRA,MF DF,Valencia,26,1991,9,7,657,07.mars,1,0,1,1,0,0,2,0,0.3,0.3,0.1,0.3,3,28,16,0.14,0.00,0.14,0.14,0.14,0.04,0.01,0.04,0.04,0.04
Sébastien Corchia,fr FRA,DF,Sevilla,26,1990,12,9,821,09.janv,0,1,1,0,0,0,4,0,0.3,0.3,0.5,0.8,20,25,47,0.00,0.11,0.11,0.00,0.11,0.03,0.06,0.09,0.03,0.09
Iñigo Córdoba,es ESP,FW,Athletic Club,20,1997,30,18,1 459,16.févr,1,1,2,1,0,0,3,0,01.mai,01.mai,01.sept,03.avr,59,65,110,0.06,0.06,0.12,0.06,0.12,0.09,0.12,0.21,0.09,0.21
Ángel Correa,ar ARG,MF FW,Atlético Madrid,22,1995,37,27,2 253,25.0,8,4,12,8,0,0,4,1,05.sept,05.sept,02.juil,08.mai,91,85,163,0.32,0.16,0.48,0.32,0.48,0.23,0.11,0.34,0.23,0.34
Joaquín Correa,ar ARG,FW,Sevilla,22,1994,21,15,1 193,13.mars,1,1,2,1,0,0,5,0,02.avr,02.avr,2.0,04.avr,42,50,122,0.08,0.08,0.15,0.08,0.15,0.18,0.15,0.33,0.18,0.33
Diego Costa,es ESP,FW,Atlético Madrid,28,1988,15,13,1 041,11.juin,3,3,6,3,0,0,7,1,03.juin,03.juin,02.avr,6.0,27,16,122,0.26,0.26,0.52,0.26,0.52,0.31,0.21,0.52,0.31,0.52
Jaume Costa,es ESP,DF,Villarreal,29,1988,30,29,2 536,28.févr,0,0,0,0,0,0,14,1,0.5,0.5,01.juil,02.févr,77,129,107,0.00,0.00,0.00,0.00,0.00,0.02,0.06,0.08,0.02,0.08
Philippe Coutinho,br BRA,MF FW,Barcelona,25,1992,18,16,1 296,14.avr,8,5,13,8,0,0,1,0,03.juin,03.juin,04.févr,07.août,72,99,136,0.56,0.35,0.90,0.56,0.90,0.25,0.29,0.54,0.25,0.54
Player,Nation,Pos,Squad,Age,Born,MP,Starts,Min,90s,Gls,Ast,G+A,G-PK,PK,PKatt,CrdY,CrdR,xG,npxG,xAG,npxG+xAG,PrgC,PrgP,PrgR,Gls,Ast,G+A,G-PK,G+A-PK,xG,xAG,xG+xAG,npxG,npxG+xAG
Juan Cruz,es ESP,FW,Málaga,17,2000,1,0,7,0.1,0,0,0,0,0,0,0,0,0.0,0.0,0.0,0.0,0,0,0,0.00,0.00,0.00,0.00,0.00,0.00,0.00,0.00,0.00,0.00
Iván Cuéllar,es ESP,GK,Leganés,33,1984,35,35,3 15,35.0,0,0,0,0,0,0,4,0,0.0,0.0,0.1,0.1,0,0,0,0.00,0.00,0.00,0.00,0.00,0.00,0.00,0.00,0.00,0.00
Sergi Darder,es ESP,MF,Espanyol,23,1993,35,32,2 782,30.sept,1,2,3,1,0,0,7,0,01.janv,01.janv,02.avr,03.mai,32,191,32,0.03,0.06,0.10,0.03,0.10,0.04,0.08,0.11,0.04,0.11
Salem Al-Dawsari,sa KSA,MF,Villarreal,25,1991,1,0,34,0.4,0,0,0,0,0,0,1,0,0.0,0.0,0.0,0.0,1,0,1,0.00,0.00,0.00,0.00,0.00,0.00,0.00,0.00,0.00,0.00
Ousmane Dembélé,fr FRA,FW MF,Barcelona,20,1997,17,12,925,10.mars,3,6,9,3,0,0,2,0,02.janv,02.janv,03.juil,05.août,68,55,131,0.29,0.58,0.88,0.29,0.88,0.20,0.36,0.56,0.20,0.56
Ermedin Demirović,ba BIH,FW,Alavés,19,1998,3,2,182,2.0,1,1,2,1,0,0,0,0,01.juil,01.juil,0.0,01.août,2,1,11,0.49,0.49,0.99,0.49,0.99,0.86,0.02,0.89,0.86,0.89
Gerard Deulofeu,es ESP,MF FW,Barcelona,23,1994,10,5,503,05.juin,1,1,2,1,0,0,1,0,01.févr,01.févr,01.mai,02.juil,32,14,84,0.18,0.18,0.36,0.18,0.36,0.22,0.27,0.49,0.22,0.49
Adrián Diéguez,es ESP,DF,Alavés,21,1996,6,6,435,04.août,0,0,0,0,0,0,5,0,0.1,0.1,0.0,0.1,10,11,3,0.00,0.00,0.00,0.00,0.00,0.02,0.00,0.02,0.02,0.02
Lucas Digne,fr FRA,DF,Barcelona,24,1993,12,8,704,07.août,0,2,2,0,0,0,2,0,0.3,0.3,01.août,02.janv,22,36,77,0.00,0.26,0.26,0.00,0.26,0.04,0.23,0.27,0.04,0.27
Papakouli Diop,sn SEN,MF,Espanyol,31,1986,5,3,264,02.sept,0,0,0,0,0,0,2,0,0.0,0.0,0.0,0.1,1,9,0,0.00,0.00,0.00,0.00,0.00,0.01,0.01,0.02,0.01,0.02
Papakouli Diop,sn SEN,MF,Eibar,31,1986,15,12,940,10.avr,0,0,0,0,0,0,5,0,1.0,1.0,0.2,01.févr,7,65,16,0.00,0.00,0.00,0.00,0.00,0.09,0.02,0.11,0.09,0.11
Djené,tg TOG,DF,Getafe,25,1991,36,36,3 239,36.0,1,0,1,1,0,0,9,0,0.7,0.7,0.2,0.9,17,60,15,0.03,0.00,0.03,0.03,0.03,0.02,0.01,0.03,0.02,0.03
Marko Dmitrović,rs SRB,GK,Eibar,25,1992,36,36,3 24,36.0,0,0,0,0,0,0,1,0,0.0,0.0,0.0,0.0,0,1,0,0.00,0.00,0.00,0.00,0.00,0.00,0.00,0.00,0.00,0.00
Jaume Doménech,es ESP,GK,Valencia,26,1990,5,5,450,5.0,0,0,0,0,0,0,2,0,0.0,0.0,0.0,0.0,0,0,0,0.00,0.00,0.00,0.00,0.00,0.00,0.00,0.00,0.00,0.00
Mauro dos Santos,ar ARG,DF,Leganés,28,1989,14,10,983,10.sept,0,0,0,0,0,0,3,0,0.1,0.1,0.0,0.1,3,15,1,0.00,0.00,0.00,0.00,0.00,0.00,0.00,0.00,0.00,0.00
Cheick Doukouré,ci CIV,MF,Levante,24,1992,19,12,1 022,11.avr,1,0,1,1,0,0,4,0,01.janv,01.janv,0.3,01.avr,5,31,12,0.09,0.00,0.09,0.09,0.09,0.10,0.02,0.12,0.10,0.12
Óscar Duarte,cr CRC,DF,Espanyol,28,1989,11,11,990,11.0,0,0,0,0,0,0,1,0,0.6,0.6,0.0,0.6,3,20,1,0.00,0.00,0.00,0.00,0.00,0.05,0.00,0.05,0.05,0.05
Rubén Duarte,es ESP,DF,Alavés,21,1995,24,24,2 138,23.août,0,2,2,0,0,0,9,1,0.8,0.8,01.juin,02.avr,23,74,48,0.00,0.08,0.08,0.00,0.08,0.03,0.07,0.10,0.03,0.10
Riza Durmisi,dk DEN,DF,Betis,23,1994,24,23,2 08,23.janv,2,3,5,2,0,0,4,0,01.sept,01.sept,02.juin,04.mai,74,60,147,0.09,0.13,0.22,0.09,0.22,0.08,0.11,0.20,0.08,0.20
Hugo Duro,es ESP,FW,Getafe,17,1999,2,0,19,0.2,0,0,0,0,0,0,0,0,0.3,0.3,0.0,0.3,0,0,2,0.00,0.00,0.00,0.00,0.00,janv.25,0.00,janv.25,janv.25,janv.25
Aritz Elustondo,es ESP,DF,Real Sociedad,23,1994,19,18,1 596,17.juil,3,2,5,3,0,0,1,0,01.mars,01.mars,0.3,01.juin,13,61,12,0.17,0.11,0.28,0.17,0.28,0.07,0.02,0.09,0.07,0.09
Rodrigo Ely,br BRA,DF,Alavés,23,1993,31,30,2 691,29.sept,1,0,1,1,0,0,11,1,01.févr,01.févr,0.4,01.mai,6,46,7,0.03,0.00,0.03,0.03,0.03,0.04,0.01,0.05,0.04,0.05
Youssef En-Nesyri,ma MAR,FW,Málaga,20,1997,25,16,1 596,17.juil,4,0,4,4,0,1,2,1,05.févr,04.avr,0.9,05.mars,21,23,79,0.23,0.00,0.23,0.23,0.23,0.29,0.05,0.34,0.25,0.30
Sergi Enrich,es ESP,FW,Eibar,27,1990,19,14,1 33,14.août,3,1,4,3,0,0,2,0,03.janv,03.janv,01.juil,04.juil,4,21,88,0.20,0.07,0.27,0.20,0.27,0.21,0.11,0.32,0.21,0.32
Javier Eraso,es ESP,MF FW,Leganés,27,1990,34,31,2 533,28.janv,4,3,7,4,0,0,4,0,04.mars,04.mars,03.avr,07.juil,39,75,145,0.14,0.11,0.25,0.14,0.25,0.15,0.12,0.27,0.15,0.27
Player,Nation,Pos,Squad,Age,Born,MP,Starts,Min,90s,Gls,Ast,G+A,G-PK,PK,PKatt,CrdY,CrdR,xG,npxG,xAG,npxG+xAG,PrgC,PrgP,PrgR,Gls,Ast,G+A,G-PK,G+A-PK,xG,xAG,xG+xAG,npxG,npxG+xAG
Gonzalo Escalante,ar ARG,MF,Eibar,24,1993,28,16,1 565,17.avr,1,0,1,1,0,0,3,0,01.mars,01.mars,1.0,02.mars,11,64,22,0.06,0.00,0.06,0.06,0.06,0.07,0.06,0.13,0.07,0.13
Sergio Escudero,es ESP,DF,Sevilla,27,1989,27,26,2 332,25.sept,0,2,2,0,0,0,10,0,1.0,1.0,01.févr,02.févr,56,145,105,0.00,0.08,0.08,0.00,0.08,0.04,0.05,0.08,0.04,0.08
Bernardo Espinosa,co COL,DF,Girona,28,1989,34,32,2 868,31.9,0,3,3,0,0,0,7,0,02.juil,02.juil,01.janv,03.juil,0,42,5,0.00,0.09,0.09,0.00,0.09,0.08,0.03,0.12,0.08,0.12
Oghenekaro Etebo,ng NGA,MF,Las Palmas,21,1995,14,14,1 215,13.mai,0,1,1,0,0,0,3,0,0.6,0.6,0.4,1.0,20,62,18,0.00,0.07,0.07,0.00,0.07,0.04,0.03,0.07,0.04,0.07
Beñat Etxebarria,es ESP,MF,Athletic Club,30,1987,24,12,1 12,12.avr,0,2,2,0,0,0,3,0,0.5,0.5,02.avr,02.sept,21,109,22,0.00,0.16,0.16,0.00,0.16,0.04,0.19,0.23,0.04,0.23
Xabier Etxeita,es ESP,DF,Athletic Club,29,1987,5,5,376,04.févr,1,0,1,1,0,0,2,0,0.4,0.4,0.0,0.4,3,10,0,0.24,0.00,0.24,0.24,0.24,0.09,0.00,0.09,0.09,0.09
Edu Expósito,es ESP,MF FW,La Coruña,20,1996,3,0,96,01.janv,0,0,0,0,0,0,1,0,0.0,0.0,0.0,0.0,3,3,0,0.00,0.00,0.00,0.00,0.00,0.00,0.00,0.00,0.00,0.00
Erik Expósito,es ESP,FW,Las Palmas,21,1996,10,4,467,05.févr,1,0,1,1,0,0,0,0,0.8,0.8,0.2,1.0,2,10,28,0.19,0.00,0.19,0.19,0.19,0.15,0.05,0.20,0.15,0.20
Imoh Ezekiel,ng NGA,MF FW,Las Palmas,23,1993,10,5,469,05.févr,0,0,0,0,0,0,0,0,01.janv,01.janv,0.1,01.févr,24,11,34,0.00,0.00,0.00,0.00,0.00,0.21,0.02,0.23,0.21,0.23
Fayçal Fajr,ma MAR,MF FW,Getafe,28,1988,31,26,2 385,26.mai,1,4,5,1,0,1,7,0,01.mai,0.7,02.sept,03.juin,24,89,47,0.04,0.15,0.19,0.04,0.19,0.06,0.11,0.17,0.03,0.14
Zouhair Feddal,ma MAR,DF,Betis,28,1989,15,14,1 257,14.0,3,0,3,3,0,0,7,0,0.5,0.5,0.1,0.6,11,66,2,0.21,0.00,0.21,0.21,0.21,0.04,0.00,0.04,0.04,0.04
Andrés Fernández,es ESP,GK,Villarreal,30,1986,3,3,225,02.mai,0,0,0,0,0,0,0,0,0.0,0.0,0.0,0.0,0,0,0,0.00,0.00,0.00,0.00,0.00,0.00,0.00,0.00,0.00,0.00
Augusto Fernández,ar ARG,MF,Atlético Madrid,31,1986,5,1,107,01.févr,0,0,0,0,0,0,1,0,0.0,0.0,0.0,0.0,0,5,1,0.00,0.00,0.00,0.00,0.00,0.02,0.02,0.04,0.02,0.04
Carlos Fernández,es ESP,FW,Sevilla,21,1996,2,2,137,01.mai,1,0,1,1,0,0,0,0,0.6,0.6,0.1,0.7,1,0,15,0.66,0.00,0.66,0.66,0.66,0.38,0.10,0.47,0.38,0.47
Raúl Fernández,es ESP,GK,Levante,29,1988,11,11,990,11.0,0,0,0,0,0,0,0,0,0.0,0.0,0.0,0.0,0,0,0,0.00,0.00,0.00,0.00,0.00,0.00,0.00,0.00,0.00,0.00
Junior Firpo,do DOM,DF,Betis,20,1996,14,14,1 189,13.févr,2,2,4,2,0,0,4,0,01.mars,01.mars,01.mai,02.août,28,40,59,0.15,0.15,0.30,0.15,0.30,0.10,0.11,0.21,0.10,0.21
Mathieu Flamini,fr FRA,MF,Getafe,33,1984,8,6,480,05.mars,0,0,0,0,0,0,2,1,0.0,0.0,0.1,0.1,1,11,4,0.00,0.00,0.00,0.00,0.00,0.01,0.01,0.02,0.01,0.02
Andreu Fontàs,es ESP,DF,Celta Vigo,27,1989,12,9,885,09.août,0,1,1,0,0,0,2,0,0.1,0.1,0.3,0.4,5,34,1,0.00,0.10,0.10,0.00,0.10,0.01,0.03,0.04,0.01,0.04
Pablo Fornals,es ESP,MF FW,Villarreal,21,1996,35,30,2 62,29.janv,3,12,15,3,0,0,4,0,02.août,02.août,08.juin,11.avr,74,171,175,0.10,0.41,0.52,0.10,0.52,0.10,0.29,0.39,0.10,0.39
Javi Fuego,es ESP,MF,Villarreal,33,1984,11,6,537,6.0,0,0,0,0,0,0,2,0,0.0,0.0,0.0,0.0,1,32,1,0.00,0.00,0.00,0.00,0.00,0.00,0.00,0.00,0.00,0.00
Javi Fuego,es ESP,MF,Espanyol,33,1984,17,17,1 341,14.sept,0,0,0,0,0,0,6,0,0.4,0.4,0.0,0.4,2,41,2,0.00,0.00,0.00,0.00,0.00,0.03,0.00,0.03,0.03,0.03
Gabi,es ESP,MF,Atlético Madrid,34,1983,34,25,2 349,26.janv,0,1,1,0,0,0,8,0,0.3,0.3,01.juin,01.sept,23,184,20,0.00,0.04,0.04,0.00,0.04,0.01,0.06,0.07,0.01,0.07
Gabriel,br BRA,MF,Leganés,23,1993,29,28,2 377,26.avr,5,2,7,4,1,1,6,1,05.mai,04.juil,2.0,06.juil,31,117,50,0.19,0.08,0.27,0.15,0.23,0.21,0.08,0.28,0.18,0.26
Nicolás Gaitán,ar ARG,MF FW,Atlético Madrid,29,1988,6,1,219,02.avr,0,0,0,0,0,0,0,0,0.4,0.4,0.4,0.8,10,7,19,0.00,0.00,0.00,0.00,0.00,0.18,0.16,0.34,0.18,0.34
Álex Gálvez,es ESP,DF,Las Palmas,28,1989,18,18,1 619,18.0,0,0,0,0,0,0,5,1,0.8,0.8,0.1,0.8,8,63,3,0.00,0.00,0.00,0.00,0.00,0.04,0.00,0.05,0.04,0.05
Player,Nation,Pos,Squad,Age,Born,MP,Starts,Min,90s,Gls,Ast,G+A,G-PK,PK,PKatt,CrdY,CrdR,xG,npxG,xAG,npxG+xAG,PrgC,PrgP,PrgR,Gls,Ast,G+A,G-PK,G+A-PK,xG,xAG,xG+xAG,npxG,npxG+xAG
Álex Gálvez,es ESP,DF,Eibar,28,1989,4,4,360,4.0,1,0,1,1,0,0,1,0,0.1,0.1,0.0,0.2,3,19,0,0.25,0.00,0.25,0.25,0.25,0.03,0.01,0.04,0.03,0.04
Bruno Gama,pt POR,FW MF,La Coruña,29,1987,6,1,115,01.mars,0,0,0,0,0,0,1,0,0.0,0.0,0.1,0.1,5,2,7,0.00,0.00,0.00,0.00,0.00,0.02,0.09,0.11,0.02,0.11
Kévin Gameiro,fr FRA,FW,Atlético Madrid,30,1987,25,11,1 125,12.mai,7,2,9,5,2,2,0,0,06.janv,04.juin,01.mai,6.0,26,16,89,0.56,0.16,0.72,0.40,0.56,0.49,0.12,0.61,0.36,0.48
Ganso,br BRA,MF,Sevilla,27,1989,8,7,519,05.août,2,0,2,2,0,0,0,0,01.avr,01.avr,0.4,01.août,7,33,17,0.35,0.00,0.35,0.35,0.35,0.24,0.07,0.31,0.24,0.31
Ezequiel Garay,ar ARG,DF,Valencia,30,1986,24,23,2 028,22.mai,0,0,0,0,0,0,5,0,0.4,0.4,0.4,0.8,7,61,1,0.00,0.00,0.00,0.00,0.00,0.02,0.02,0.04,0.02,0.04
Aleix García,es ESP,MF,Girona,20,1997,20,7,852,09.mai,1,0,1,1,0,0,3,0,0.3,0.3,01.mars,01.juin,6,41,5,0.11,0.00,0.11,0.11,0.11,0.03,0.14,0.17,0.03,0.17
Borja García,es ESP,MF,Girona,26,1990,37,34,2 798,31.janv,2,5,7,2,0,0,2,0,02.juin,02.juin,04.avr,07.janv,55,179,188,0.06,0.16,0.23,0.06,0.23,0.09,0.14,0.23,0.09,0.23
Dani García,es ESP,MF,Eibar,27,1990,32,32,2 775,30.août,0,1,1,0,0,0,14,0,0.5,0.5,01.janv,01.juin,24,192,32,0.00,0.03,0.03,0.00,0.03,0.02,0.04,0.05,0.02,0.05
David García,es ESP,DF,Las Palmas,35,1982,11,9,860,09.juin,1,0,1,1,0,0,2,0,0.4,0.4,0.3,0.7,9,32,3,0.10,0.00,0.10,0.10,0.10,0.04,0.04,0.07,0.04,0.07
Javi García,es ESP,MF DF,Betis,30,1987,32,27,2 41,26.août,1,0,1,1,0,0,7,0,01.janv,01.janv,0.6,01.juin,14,93,16,0.04,0.00,0.04,0.04,0.04,0.04,0.02,0.06,0.04,0.06
Manu García,es ESP,MF,Alavés,31,1986,30,27,2 439,27.janv,3,0,3,3,0,2,9,0,03.mars,01.août,01.févr,3.0,15,96,48,0.11,0.00,0.11,0.11,0.11,0.12,0.05,0.17,0.07,0.11
Raúl García,es ESP,MF FW,Athletic Club,31,1986,34,30,2 627,29.2,10,1,11,7,3,3,10,0,09.sept,07.mai,03.mai,11.0,31,110,138,0.34,0.03,0.38,0.24,0.27,0.34,0.12,0.46,0.26,0.38
Raúl García,es ESP,DF,Leganés,28,1989,19,15,1 392,15.mai,0,2,2,0,0,0,1,0,0.2,0.2,02.févr,02.avr,21,36,13,0.00,0.13,0.13,0.00,0.13,0.01,0.14,0.16,0.01,0.16
Samu García,es ESP,MF,Málaga,27,1990,7,2,177,2.0,0,1,1,0,0,0,1,1,0.1,0.1,0.1,0.2,4,3,10,0.00,0.51,0.51,0.00,0.51,0.04,0.07,0.11,0.04,0.11
Samu García,es ESP,FW MF,Levante,27,1990,11,2,191,02.janv,0,0,0,0,0,0,1,0,0.1,0.1,0.2,0.3,4,3,16,0.00,0.00,0.00,0.00,0.00,0.05,0.07,0.12,0.05,0.12
Sergio García,es ESP,FW MF,Espanyol,34,1983,33,14,1 641,18.févr,2,6,8,2,0,0,4,0,4.0,4.0,03.sept,07.sept,41,61,135,0.11,0.33,0.44,0.11,0.44,0.22,0.22,0.43,0.22,0.43
Mario Gaspar,es ESP,DF,Villarreal,26,1990,32,31,2 806,31.2,2,3,5,2,0,0,6,0,01.mars,01.mars,02.mars,03.juin,83,121,139,0.06,0.10,0.16,0.06,0.16,0.04,0.07,0.11,0.04,0.11
Johannes Geis,de GER,DF MF,Sevilla,23,1993,14,7,676,07.mai,0,1,1,0,0,0,0,0,0.2,0.2,0.5,0.7,3,26,5,0.00,0.13,0.13,0.00,0.13,0.02,0.07,0.09,0.02,0.09
Carles Gil,es ESP,FW MF,La Coruña,24,1992,10,6,476,05.mars,0,1,1,0,0,0,0,0,0.3,0.3,01.avr,01.juil,23,31,36,0.00,0.19,0.19,0.00,0.19,0.06,0.26,0.32,0.06,0.32
Nacho Gil,es ESP,FW MF,Las Palmas,21,1995,14,8,729,08.janv,0,0,0,0,0,0,1,0,0.3,0.3,1.0,01.mars,13,24,45,0.00,0.00,0.00,0.00,0.00,0.04,0.12,0.16,0.04,0.16
Nacho Gil,es ESP,MF,Valencia,21,1995,6,2,229,02.mai,0,1,1,0,0,0,0,0,0.1,0.1,0.4,0.5,6,10,18,0.00,0.39,0.39,0.00,0.39,0.05,0.16,0.21,0.05,0.21
Dani Giménez,es ESP,GK,Betis,34,1983,4,4,308,03.avr,0,0,0,0,0,0,0,0,0.0,0.0,0.0,0.0,0,0,0,0.00,0.00,0.00,0.00,0.00,0.00,0.01,0.01,0.00,0.01
Diego Godín,uy URU,DF,Atlético Madrid,31,1986,30,28,2 554,28.avr,0,0,0,0,0,0,6,0,01.sept,01.sept,0.6,02.mai,6,55,5,0.00,0.00,0.00,0.00,0.00,0.07,0.02,0.09,0.07,0.09
André Gomes,pt POR,MF,Barcelona,24,1993,16,6,635,07.janv,0,0,0,0,0,0,1,0,0.6,0.6,0.1,0.7,21,29,49,0.00,0.00,0.00,0.00,0.00,0.08,0.02,0.10,0.08,0.10
Ibai Gómez,es ESP,MF FW,Alavés,27,1989,34,26,2 319,25.août,7,6,13,6,1,1,1,0,04.juil,03.sept,05.juil,09.juin,22,87,117,0.27,0.23,0.50,0.23,0.47,0.18,0.22,0.40,0.15,0.37
Player,Nation,Pos,Squad,Age,Born,MP,Starts,Min,90s,Gls,Ast,G+A,G-PK,PK,PKatt,CrdY,CrdR,xG,npxG,xAG,npxG+xAG,PrgC,PrgP,PrgR,Gls,Ast,G+A,G-PK,G+A-PK,xG,xAG,xG+xAG,npxG,npxG+xAG
Maxi Gómez,uy URU,FW,Celta Vigo,20,1996,36,35,3 068,34.1,17,4,21,17,0,0,12,0,14.août,14.août,03.sept,18.août,42,46,155,0.50,0.12,0.62,0.50,0.62,0.43,0.12,0.55,0.43,0.55
Sergi Gómez,es ESP,DF,Celta Vigo,25,1992,33,31,2 68,29.août,1,0,1,1,0,0,3,0,01.juin,01.juin,0.8,02.avr,13,102,8,0.03,0.00,0.03,0.03,0.03,0.05,0.03,0.08,0.05,0.08
Vicente Gómez,es ESP,MF,Las Palmas,28,1988,25,17,1 525,16.sept,0,0,0,0,0,0,3,0,0.8,0.8,0.4,01.janv,17,56,59,0.00,0.00,0.00,0.00,0.00,0.05,0.02,0.07,0.05,0.07
Adrián González,es ESP,MF FW,Málaga,29,1988,29,27,2 34,26.0,3,0,3,2,1,1,8,1,03.juin,02.août,01.févr,4.0,8,114,39,0.12,0.00,0.12,0.08,0.08,0.14,0.05,0.18,0.11,0.15
Álvaro González,es ESP,DF,Villarreal,27,1990,33,32,2 898,32.2,0,2,2,0,0,0,14,1,01.juin,01.juin,0.6,02.févr,9,90,9,0.00,0.06,0.06,0.00,0.06,0.05,0.02,0.07,0.05,0.07
Bruno González,es ESP,DF,Getafe,27,1990,20,17,1 54,17.janv,0,0,0,0,0,0,5,0,0.4,0.4,0.8,01.févr,0,8,3,0.00,0.00,0.00,0.00,0.00,0.02,0.05,0.07,0.02,0.07
Diego González,es ESP,DF,Málaga,22,1995,18,17,1 429,15.sept,1,0,1,1,0,0,5,0,0.7,0.7,0.6,01.mars,4,22,11,0.06,0.00,0.06,0.06,0.06,0.05,0.04,0.08,0.05,0.08
Fabio González,es ESP,MF,Las Palmas,20,1997,1,1,64,0.7,0,0,0,0,0,0,1,0,0.0,0.0,0.0,0.0,1,3,0,0.00,0.00,0.00,0.00,0.00,0.00,0.05,0.05,0.00,0.05
Mario González,es ESP,FW,Villarreal,21,1996,2,0,18,0.2,0,0,0,0,0,0,0,0,0.1,0.1,0.1,0.1,1,1,2,0.00,0.00,0.00,0.00,0.00,0.25,0.34,0.59,0.25,0.59
Andoni Gorosabel,es ESP,DF,Real Sociedad,20,1996,2,1,76,0.8,0,0,0,0,0,0,0,0,0.0,0.0,0.0,0.0,0,2,6,0.00,0.00,0.00,0.00,0.00,0.00,0.00,0.00,0.00,0.00
Julio Gracia,es ESP,DF FW,Betis,19,1998,2,0,23,0.3,0,0,0,0,0,0,0,0,0.0,0.0,0.0,0.0,1,1,0,0.00,0.00,0.00,0.00,0.00,0.12,0.00,0.12,0.12,0.12
Álex Granell,es ESP,MF,Girona,28,1988,34,33,2 848,31.6,1,7,8,1,0,1,11,0,02.avr,01.juin,06.mai,08.janv,37,214,61,0.03,0.22,0.25,0.03,0.25,0.08,0.21,0.28,0.05,0.26
Esteban Granero,es ESP,MF,Espanyol,30,1987,25,11,1 23,13.juil,1,2,3,1,0,0,4,0,0.6,0.6,02.janv,02.juil,16,74,23,0.07,0.15,0.22,0.07,0.22,0.04,0.16,0.20,0.04,0.20
Antoine Griezmann,fr FRA,FW MF,Atlético Madrid,26,1991,32,30,2 519,28.0,19,9,28,17,2,2,7,1,13.janv,11.mai,06.août,18.mars,67,125,185,0.68,0.32,1.00,0.61,0.93,0.47,0.24,0.71,0.41,0.65
Vicente Guaita,es ESP,GK,Getafe,30,1987,33,33,2 97,33.0,0,0,0,0,0,0,1,0,0.0,0.0,0.2,0.2,0,0,0,0.00,0.00,0.00,0.00,0.00,0.00,0.01,0.01,0.00,0.01
Andrés Guardado,mx MEX,MF,Betis,30,1986,29,25,2 264,25.févr,2,8,10,1,1,1,7,0,02.mai,01.juil,05.févr,06.sept,48,159,77,0.08,0.32,0.40,0.04,0.36,0.10,0.21,0.31,0.07,0.27
Gonçalo Guedes,pt POR,MF,Valencia,20,1996,33,27,2 439,27.janv,5,9,14,5,0,0,2,0,04.juil,04.juil,7.0,11.juil,144,146,263,0.18,0.33,0.52,0.18,0.52,0.17,0.26,0.43,0.17,0.43
Ramiro Guerra,uy URU,MF,Villarreal,20,1997,4,0,71,0.8,0,0,0,0,0,0,1,0,0.0,0.0,0.1,0.1,1,2,2,0.00,0.00,0.00,0.00,0.00,0.00,0.08,0.08,0.00,0.08
Francis Guerrero,es ESP,DF MF,Betis,21,1996,14,10,993,11.0,1,0,1,1,0,0,2,0,0.3,0.3,0.5,0.8,26,23,86,0.09,0.00,0.09,0.09,0.09,0.03,0.04,0.07,0.03,0.07
John Guidetti,se SWE,FW,Alavés,25,1992,17,15,1 222,13.juin,3,3,6,3,0,0,3,0,02.juil,02.juil,01.juil,04.avr,12,35,77,0.22,0.22,0.44,0.22,0.44,0.20,0.13,0.33,0.20,0.33
John Guidetti,se SWE,FW MF,Celta Vigo,25,1992,8,0,115,01.mars,0,0,0,0,0,0,0,0,0.9,0.9,0.5,01.avr,1,4,14,0.00,0.00,0.00,0.00,0.00,0.69,0.43,01.nov,0.69,01.nov
Guilherme,qa QAT,MF,La Coruña,26,1991,31,31,2 639,29.mars,0,0,0,0,0,0,11,0,02.juin,02.juin,01.juin,04.janv,15,152,23,0.00,0.00,0.00,0.00,0.00,0.09,0.05,0.14,0.09,0.14
Gerard Gumbau,es ESP,MF,Leganés,22,1994,25,16,1 434,15.sept,1,0,1,1,0,0,8,0,0.7,0.7,0.5,01.févr,6,49,5,0.06,0.00,0.06,0.06,0.06,0.04,0.03,0.07,0.04,0.07
Jon Guridi,es ESP,MF,Real Sociedad,22,1995,4,0,54,0.6,0,0,0,0,0,0,0,0,0.0,0.0,0.0,0.0,0,3,1,0.00,0.00,0.00,0.00,0.00,0.00,0.00,0.00,0.00,0.00
Alejandro Gutiérrez Mozo,es ESP,MF,Leganés,22,1995,1,0,45,0.5,0,0,0,0,0,0,0,0,0.0,0.0,0.0,0.0,1,2,0,0.00,0.00,0.00,0.00,0.00,0.00,0.00,0.00,0.00,0.00
Player,Nation,Pos,Squad,Age,Born,MP,Starts,Min,90s,Gls,Ast,G+A,G-PK,PK,PKatt,CrdY,CrdR,xG,npxG,xAG,npxG+xAG,PrgC,PrgP,PrgR,Gls,Ast,G+A,G-PK,G+A-PK,xG,xAG,xG+xAG,npxG,npxG+xAG
Hacen,mr MTN,FW MF,Levante,19,1997,2,1,81,0.9,0,0,0,0,0,0,0,0,0.0,0.0,0.0,0.0,0,0,0,0.00,0.00,0.00,0.00,0.00,0.00,0.00,0.00,0.00,0.00
Munir El Haddadi,ma MAR,FW,Alavés,21,1995,33,28,2 444,27.févr,10,6,16,10,0,0,7,1,09.janv,09.janv,03.sept,13.janv,48,68,173,0.37,0.22,0.59,0.37,0.59,0.34,0.14,0.48,0.34,0.48
Achraf Hakimi,ma MAR,DF,Real Madrid,18,1998,9,8,757,08.avr,2,0,2,2,0,0,0,0,0.3,0.3,0.3,0.6,30,31,56,0.24,0.00,0.24,0.24,0.24,0.04,0.03,0.07,0.04,0.07
Alen Halilović,hr CRO,FW MF,Las Palmas,21,1996,20,16,1 304,14.mai,2,1,3,2,0,0,1,1,01.juin,01.juin,01.août,03.avr,73,47,68,0.14,0.07,0.21,0.14,0.21,0.11,0.13,0.23,0.11,0.23
Mario Hermoso,es ESP,DF,Espanyol,22,1995,22,22,1 928,21.avr,1,0,1,1,0,0,6,1,1.0,1.0,0.2,01.févr,7,49,2,0.05,0.00,0.05,0.05,0.05,0.05,0.01,0.06,0.05,0.06
Hernán,es ESP,MF,Las Palmas,26,1990,7,4,351,03.sept,0,0,0,0,0,0,1,0,1.0,1.0,0.0,01.janv,3,15,7,0.00,0.00,0.00,0.00,0.00,0.26,0.01,0.27,0.26,0.27
Héctor Hernández,es ESP,DF,Alavés,26,1991,1,0,16,0.2,0,0,0,0,0,0,0,0,0.0,0.0,0.0,0.0,0,0,0,0.00,0.00,0.00,0.00,0.00,0.00,0.00,0.00,0.00,0.00
Lucas Hernández,fr FRA,DF,Atlético Madrid,21,1996,27,24,2 116,23.mai,0,1,1,0,0,0,7,1,0.6,0.6,0.3,0.8,39,49,52,0.00,0.04,0.04,0.00,0.04,0.02,0.01,0.03,0.02,0.03
Luis Hernández,es ESP,DF,Málaga,28,1989,36,36,3 24,36.0,0,1,1,0,0,0,8,0,0.2,0.2,0.4,0.7,4,105,4,0.00,0.03,0.03,0.00,0.03,0.01,0.01,0.02,0.01,0.02
Pablo Hernández,cl CHI,MF,Celta Vigo,30,1986,30,18,1 819,20.févr,3,2,5,3,0,0,4,0,01.sept,01.sept,01.mars,03.févr,25,152,41,0.15,0.10,0.25,0.15,0.25,0.09,0.06,0.16,0.09,0.16
Theo Hernández,fr FRA,DF,Real Madrid,19,1997,13,10,963,10.juil,0,0,0,0,0,0,1,0,0.2,0.2,01.janv,01.févr,47,45,107,0.00,0.00,0.00,0.00,0.00,0.01,0.10,0.11,0.01,0.11
Borja Herrera,es ESP,DF,Las Palmas,24,1993,3,3,241,02.juil,0,0,0,0,0,0,0,0,0.0,0.0,0.0,0.1,6,11,20,0.00,0.00,0.00,0.00,0.00,0.01,0.02,0.03,0.01,0.03
Iago Herrerín,es ESP,GK,Athletic Club,29,1988,8,8,720,8.0,0,0,0,0,0,0,0,0,0.0,0.0,0.0,0.0,0,0,0,0.00,0.00,0.00,0.00,0.00,0.00,0.00,0.00,0.00,0.00
Andrew Hjulsager,dk DEN,DF MF,Celta Vigo,22,1995,2,0,14,0.2,0,0,0,0,0,0,0,0,0.0,0.0,0.0,0.0,1,0,4,0.00,0.00,0.00,0.00,0.00,0.16,0.00,0.16,0.16,0.16
Brown Ideye,ng NGA,FW,Málaga,28,1988,13,8,733,08.janv,1,0,1,1,0,0,2,0,01.juil,01.juil,0.4,02.janv,5,12,44,0.12,0.00,0.12,0.12,0.12,0.21,0.04,0.25,0.21,0.25
Asier Illarramendi,es ESP,MF,Real Sociedad,27,1990,36,35,3 163,35.1,7,5,12,7,0,0,10,1,02.sept,02.sept,02.mars,05.janv,71,305,33,0.20,0.14,0.34,0.20,0.34,0.08,0.06,0.15,0.08,0.15
Andrés Iniesta,es ESP,MF,Barcelona,33,1984,30,25,1 824,20.mars,1,2,3,1,0,0,1,0,0.6,0.6,01.août,02.avr,71,219,75,0.05,0.10,0.15,0.05,0.15,0.03,0.09,0.12,0.03,0.12
Takashi Inui,jp JPN,MF FW,Eibar,29,1988,34,31,2 631,29.2,5,2,7,5,0,0,4,0,04.juin,04.juin,01.sept,06.mai,99,68,217,0.17,0.07,0.24,0.17,0.24,0.16,0.06,0.22,0.16,0.22
Gorka Iraizoz,es ESP,GK,Girona,36,1981,9,8,765,08.mai,0,0,0,0,0,0,1,0,0.0,0.0,0.0,0.0,0,1,0,0.00,0.00,0.00,0.00,0.00,0.00,0.00,0.00,0.00,0.00
Carlos Isaac,es ESP,DF,Atlético Madrid,19,1998,1,1,63,0.7,0,0,0,0,0,0,1,0,0.0,0.0,0.0,0.0,3,1,7,0.00,0.00,0.00,0.00,0.00,0.03,0.00,0.03,0.03,0.03
Isco,es ESP,MF,Real Madrid,25,1992,30,21,1 774,19.juil,7,7,14,7,0,0,1,0,05.avr,05.avr,06.mars,11.août,136,220,229,0.36,0.36,0.71,0.36,0.71,0.28,0.32,0.60,0.28,0.60
Manuel Iturra,cl CHI,MF,Málaga,33,1984,20,18,1 583,17.juin,0,0,0,0,0,0,6,0,0.4,0.4,0.7,01.févr,5,56,11,0.00,0.00,0.00,0.00,0.00,0.02,0.04,0.07,0.02,0.07
Ander Iturraspe,es ESP,MF,Athletic Club,28,1989,30,20,1 904,21.févr,0,0,0,0,0,0,7,0,0.2,0.2,2.0,02.févr,12,124,25,0.00,0.00,0.00,0.00,0.00,0.01,0.09,0.10,0.01,0.10
Ivi,es ESP,MF FW,Levante,23,1994,29,17,1 762,19.juin,4,3,7,3,1,1,3,0,02.juil,01.sept,02.juin,04.mai,62,82,119,0.20,0.15,0.36,0.15,0.31,0.14,0.13,0.27,0.10,0.23
Adnan Januzaj,be BEL,FW,Real Sociedad,22,1995,28,18,1 573,17.mai,3,5,8,3,0,0,4,0,06.mars,06.mars,05.mai,11.août,104,68,156,0.17,0.29,0.46,0.17,0.46,0.36,0.32,0.68,0.36,0.68
Player,Nation,Pos,Squad,Age,Born,MP,Starts,Min,90s,Gls,Ast,G+A,G-PK,PK,PKatt,CrdY,CrdR,xG,npxG,xAG,npxG+xAG,PrgC,PrgP,PrgR,Gls,Ast,G+A,G-PK,G+A-PK,xG,xAG,xG+xAG,npxG,npxG+xAG
Jason,es ESP,FW MF,Levante,23,1994,27,22,1 786,19.août,1,2,3,1,0,0,2,0,02.juin,02.juin,02.juil,05.mars,48,55,137,0.05,0.10,0.15,0.05,0.15,0.13,0.14,0.27,0.13,0.27
Álvaro Jiménez,es ESP,MF FW,Getafe,22,1995,13,5,529,05.sept,1,1,2,1,0,0,4,1,0.5,0.5,0.7,01.févr,18,17,40,0.17,0.17,0.34,0.17,0.34,0.09,0.12,0.20,0.09,0.20
Joaquín,es ESP,MF FW,Betis,36,1981,35,29,2 479,27.mai,4,7,11,4,0,0,7,0,03.août,03.août,06.févr,10.0,88,138,183,0.15,0.25,0.40,0.15,0.40,0.14,0.22,0.36,0.14,0.36
Jony,es ESP,FW MF,Málaga,26,1991,5,1,217,02.avr,0,0,0,0,0,0,1,0,0.3,0.3,0.3,0.5,11,10,29,0.00,0.00,0.00,0.00,0.00,0.12,0.11,0.23,0.12,0.23
Joan Jordán,es ESP,MF,Eibar,23,1994,35,25,2 427,27.0,6,4,10,5,1,2,2,1,04.janv,02.juin,03.janv,05.juil,42,130,109,0.22,0.15,0.37,0.19,0.33,0.15,0.12,0.27,0.10,0.21
Willian José,br BRA,FW,Real Sociedad,25,1991,34,32,2 77,30.août,15,4,19,12,3,4,4,0,11.janv,07.sept,04.juin,12.mai,22,59,175,0.49,0.13,0.62,0.39,0.52,0.36,0.15,0.51,0.26,0.41
Jozabed,es ESP,MF,Celta Vigo,26,1991,24,18,1 473,16.avr,0,4,4,0,0,0,7,0,01.juil,01.juil,02.avr,04.févr,24,111,60,0.00,0.24,0.24,0.00,0.24,0.11,0.15,0.26,0.11,0.26
Juanfran,es ESP,DF,La Coruña,28,1988,35,34,3 057,34.0,0,1,1,0,0,0,3,0,01.mars,01.mars,03.sept,05.févr,96,157,164,0.00,0.03,0.03,0.00,0.03,0.04,0.11,0.15,0.04,0.15
Juanfran,es ESP,DF,Atlético Madrid,32,1985,17,15,1 307,14.mai,0,1,1,0,0,0,3,0,0.1,0.1,01.août,01.août,33,44,83,0.00,0.07,0.07,0.00,0.07,0.01,0.12,0.13,0.01,0.13
Juankar,es ESP,DF,Málaga,27,1990,10,9,784,08.juil,0,0,0,0,0,0,2,0,0.0,0.0,0.6,0.6,16,32,29,0.00,0.00,0.00,0.00,0.00,0.01,0.07,0.07,0.01,0.07
Juanmi,es ESP,FW MF,Real Sociedad,24,1993,30,18,1 489,16.mai,8,2,10,8,0,0,3,0,05.févr,05.févr,0.8,6.0,21,15,100,0.48,0.12,0.60,0.48,0.60,0.31,0.05,0.36,0.31,0.36
Juanpe,es ESP,DF,Girona,26,1991,35,34,3 065,34.1,5,1,6,5,0,0,7,0,02.janv,02.janv,0.9,3.0,3,103,4,0.15,0.03,0.18,0.15,0.18,0.06,0.03,0.09,0.06,0.09
Juanpi,ve VEN,MF FW,Málaga,23,1994,16,5,610,06.août,0,2,2,0,0,0,1,0,0.8,0.8,01.avr,02.févr,11,26,34,0.00,0.30,0.30,0.00,0.30,0.11,0.21,0.32,0.11,0.32
David Juncà,es ESP,DF,Eibar,23,1993,15,10,901,10.0,0,2,2,0,0,0,3,0,0.1,0.1,01.juin,01.juil,27,61,36,0.00,0.20,0.20,0.00,0.20,0.01,0.16,0.17,0.01,0.17
Aleksandar Katai,rs SRB,MF DF,Alavés,26,1991,3,0,55,0.6,0,0,0,0,0,0,0,0,0.1,0.1,0.0,0.1,2,2,4,0.00,0.00,0.00,0.00,0.00,0.12,0.00,0.12,0.12,0.12
Olarenwaju Kayode,ng NGA,FW MF,Girona,24,1993,12,2,383,04.mars,0,0,0,0,0,0,2,0,1.0,1.0,1.0,2.0,10,2,22,0.00,0.00,0.00,0.00,0.00,0.24,0.24,0.48,0.24,0.48
Keko,es ESP,MF FW,Málaga,25,1991,21,15,1 209,13.avr,0,2,2,0,0,0,3,0,01.mars,01.mars,01.août,03.janv,24,29,76,0.00,0.15,0.15,0.00,0.15,0.10,0.13,0.23,0.10,0.23
Kiké,es ESP,FW,Eibar,27,1989,35,28,2 46,27.mars,8,1,9,8,0,0,5,0,09.avr,09.avr,0.6,10.0,32,41,183,0.29,0.04,0.33,0.29,0.33,0.34,0.02,0.36,0.34,0.36
Simon Kjær,dk DEN,DF,Sevilla,28,1989,20,18,1 571,17.mai,2,0,2,2,0,0,3,0,01.avr,01.avr,0.1,01.mai,1,34,3,0.11,0.00,0.11,0.11,0.11,0.08,0.01,0.09,0.08,0.09
Koke,es ESP,MF,Atlético Madrid,25,1992,35,33,2 756,30.juin,4,4,8,4,0,0,3,0,02.mars,02.mars,06.juil,9.0,42,237,114,0.13,0.13,0.26,0.13,0.26,0.08,0.22,0.29,0.08,0.29
Geoffrey Kondogbia,cf CTA,MF,Valencia,24,1993,31,30,2 614,29.0,4,4,8,4,0,0,12,1,2.0,2.0,02.juil,04.juil,47,182,33,0.14,0.14,0.28,0.14,0.28,0.07,0.09,0.16,0.07,0.16
Mateo Kovačić,hr CRO,MF,Real Madrid,23,1994,21,10,992,11.0,0,1,1,0,0,0,2,0,0.4,0.4,0.4,0.8,27,81,16,0.00,0.09,0.09,0.00,0.09,0.03,0.04,0.07,0.03,0.07
Maksym Koval,ua UKR,GK,La Coruña,24,1992,2,2,120,01.mars,0,0,0,0,0,0,0,1,0.0,0.0,0.0,0.0,0,0,0,0.00,0.00,0.00,0.00,0.00,0.00,0.00,0.00,0.00,0.00
Bojan Krkić,es ESP,FW MF,Alavés,26,1990,13,4,441,04.sept,0,0,0,0,0,0,0,0,1.0,1.0,0.1,01.janv,13,18,27,0.00,0.00,0.00,0.00,0.00,0.20,0.02,0.22,0.20,0.22
Michael Krohn-Dehli,dk DEN,MF,La Coruña,34,1983,11,10,728,08.janv,0,0,0,0,0,0,2,0,0.3,0.3,0.1,0.4,12,42,19,0.00,0.00,0.00,0.00,0.00,0.04,0.01,0.05,0.04,0.05
Player,Nation,Pos,Squad,Age,Born,MP,Starts,Min,90s,Gls,Ast,G+A,G-PK,PK,PKatt,CrdY,CrdR,xG,npxG,xAG,npxG+xAG,PrgC,PrgP,PrgR,Gls,Ast,G+A,G-PK,G+A-PK,xG,xAG,xG+xAG,npxG,npxG+xAG
Michael Krohn-Dehli,dk DEN,MF FW,Sevilla,34,1983,13,5,536,6.0,1,1,2,1,0,0,0,0,0.2,0.2,0.3,0.5,27,37,27,0.17,0.17,0.34,0.17,0.34,0.04,0.05,0.09,0.04,0.09
Toni Kroos,de GER,MF,Real Madrid,27,1990,27,26,2 261,25.janv,5,7,12,5,0,0,4,0,02.avr,02.avr,05.juil,8.0,71,274,64,0.20,0.28,0.48,0.20,0.48,0.09,0.23,0.32,0.09,0.32
Zdravko Kuzmanović,rs SRB,MF,Málaga,29,1987,8,6,480,05.mars,0,1,1,0,0,0,4,2,0.1,0.1,0.6,0.7,5,40,5,0.00,0.19,0.19,0.00,0.19,0.02,0.11,0.13,0.02,0.13
Alberto de la Bella,es ESP,DF,Real Sociedad,31,1985,17,17,1 528,17.0,0,1,1,0,0,0,4,0,0.2,0.2,01.janv,01.mars,38,59,101,0.00,0.06,0.06,0.00,0.06,0.01,0.07,0.08,0.01,0.08
Mehdi Lacen,dz ALG,MF,Málaga,33,1984,15,12,1 056,11.juil,0,0,0,0,0,0,2,0,0.2,0.2,0.4,0.6,5,54,12,0.00,0.00,0.00,0.00,0.00,0.02,0.04,0.05,0.02,0.05
Mehdi Lacen,dz ALG,MF,Getafe,33,1984,4,0,62,0.7,0,0,0,0,0,0,1,0,0.1,0.1,0.0,0.1,0,4,2,0.00,0.00,0.00,0.00,0.00,0.11,0.00,0.11,0.11,0.11
Víctor Laguardia,es ESP,DF,Alavés,27,1989,17,17,1 53,17.0,2,0,2,2,0,0,3,0,0.5,0.5,0.2,0.7,6,44,0,0.12,0.00,0.12,0.12,0.12,0.03,0.01,0.04,0.03,0.04
Aymeric Laporte,es ESP,DF,Athletic Club,23,1994,19,19,1 71,19.0,0,1,1,0,0,0,5,0,0.7,0.7,0.9,01.juin,14,74,5,0.00,0.05,0.05,0.00,0.05,0.04,0.05,0.09,0.04,0.09
Borja Lasso,es ESP,MF,Sevilla,23,1994,1,1,53,0.6,0,0,0,0,0,0,0,0,0.0,0.0,0.1,0.1,1,5,2,0.00,0.00,0.00,0.00,0.00,0.00,0.15,0.15,0.00,0.15
Toni Lato,es ESP,DF MF,Valencia,19,1997,16,9,797,08.sept,0,1,1,0,0,0,4,0,0.1,0.1,01.mars,01.mars,9,28,26,0.00,0.11,0.11,0.00,0.11,0.01,0.14,0.15,0.01,0.15
Miguel Layún,mx MEX,DF,Sevilla,29,1988,16,11,1 184,13.févr,2,0,2,2,0,0,4,0,0.8,0.8,01.mars,02.janv,27,55,78,0.15,0.00,0.15,0.15,0.15,0.06,0.10,0.16,0.06,0.16
Iñigo Lekue,es ESP,DF FW,Athletic Club,24,1993,32,22,2 111,23.mai,0,1,1,0,0,0,3,0,0.5,0.5,01.avr,01.sept,81,109,147,0.00,0.04,0.04,0.00,0.04,0.02,0.06,0.08,0.02,0.08
Mauricio Lemos,uy URU,DF MF,Las Palmas,21,1995,16,14,1 261,14.0,0,0,0,0,0,0,6,0,0.8,0.8,0.4,01.janv,4,34,2,0.00,0.00,0.00,0.00,0.00,0.05,0.03,0.08,0.05,0.08
Clément Lenglet,fr FRA,DF,Sevilla,22,1995,35,33,3 001,33.3,3,1,4,3,0,0,9,0,02.juin,02.juin,0.7,03.mars,18,76,3,0.09,0.03,0.12,0.09,0.12,0.08,0.02,0.10,0.08,0.10
Pedro León,es ESP,FW MF,Eibar,30,1986,12,10,929,10.mars,0,3,3,0,0,0,1,0,01.févr,01.févr,02.janv,03.mars,26,28,72,0.00,0.29,0.29,0.00,0.29,0.12,0.20,0.32,0.12,0.32
Sergio León,es ESP,FW,Betis,28,1989,31,23,1 978,22.0,11,1,12,11,0,1,5,0,11.0,10.févr,01.févr,11.avr,37,27,128,0.50,0.05,0.55,0.50,0.55,0.50,0.05,0.55,0.46,0.52
Jefferson Lerma,co COL,MF,Levante,22,1994,26,25,2 135,23.juil,0,1,1,0,0,0,16,0,01.févr,01.févr,01.mai,02.juil,19,106,28,0.00,0.04,0.04,0.00,0.04,0.05,0.06,0.11,0.05,0.11
Maxime Lestienne,be BEL,MF,Málaga,25,1992,12,8,669,07.avr,0,1,1,0,0,0,1,0,01.févr,01.févr,01.juin,02.sept,14,11,51,0.00,0.13,0.13,0.00,0.13,0.16,0.22,0.39,0.16,0.39
Raúl Lizoain,es ESP,GK,Las Palmas,26,1991,11,11,990,11.0,0,0,0,0,0,0,0,0,0.0,0.0,0.0,0.0,0,0,0,0.00,0.00,0.00,0.00,0.00,0.00,0.00,0.00,0.00,0.00
Diego Llorente,es ESP,DF,Real Sociedad,23,1993,27,26,2 326,25.août,3,0,3,3,0,0,9,1,02.mars,02.mars,0.0,02.mars,26,89,5,0.12,0.00,0.12,0.12,0.12,0.09,0.00,0.09,0.09,0.09
Marcos Llorente,es ESP,MF,Real Madrid,22,1995,13,5,546,06.janv,0,0,0,0,0,0,1,0,0.2,0.2,0.2,0.4,8,46,4,0.00,0.00,0.00,0.00,0.00,0.04,0.03,0.06,0.04,0.06
Stanislav Lobotka,sk SVK,MF,Celta Vigo,22,1994,38,34,3 061,34.0,0,0,0,0,0,0,2,0,0.2,0.2,0.6,0.8,32,205,28,0.00,0.00,0.00,0.00,0.00,0.01,0.02,0.02,0.01,0.02
David Lombán,es ESP,DF,Eibar,30,1987,13,11,994,11.0,1,0,1,1,0,0,3,0,0.2,0.2,0.0,0.3,2,35,0,0.09,0.00,0.09,0.09,0.09,0.02,0.00,0.03,0.02,0.03
Adrián López,es ESP,FW MF,La Coruña,29,1988,30,26,2 345,26.janv,9,6,15,9,0,0,1,0,07.juil,07.juil,05.juil,13.avr,83,104,205,0.35,0.23,0.58,0.35,0.58,0.30,0.22,0.51,0.30,0.51
Alberto López,es ESP,DF,Málaga,22,1995,1,0,45,0.5,0,0,0,0,0,0,0,0,0.0,0.0,0.0,0.0,0,0,0,0.00,0.00,0.00,0.00,0.00,0.00,0.00,0.00,0.00,0.00
Player,Nation,Pos,Squad,Age,Born,MP,Starts,Min,90s,Gls,Ast,G+A,G-PK,PK,PKatt,CrdY,CrdR,xG,npxG,xAG,npxG+xAG,PrgC,PrgP,PrgR,Gls,Ast,G+A,G-PK,G+A-PK,xG,xAG,xG+xAG,npxG,npxG+xAG
Andoni López,es ESP,DF,Athletic Club,21,1996,1,1,90,1.0,0,0,0,0,0,0,0,0,0.0,0.0,0.0,0.0,1,1,5,0.00,0.00,0.00,0.00,0.00,0.03,0.00,0.03,0.03,0.03
David López,es ESP,DF MF,Espanyol,27,1989,37,37,3 33,37.0,1,1,2,1,0,0,7,0,01.juil,01.juil,0.5,02.févr,19,140,13,0.03,0.03,0.05,0.03,0.05,0.04,0.01,0.06,0.04,0.06
Diego López,es ESP,GK,Espanyol,35,1981,10,10,853,09.mai,0,0,0,0,0,0,1,0,0.0,0.0,0.0,0.0,0,0,0,0.00,0.00,0.00,0.00,0.00,0.00,0.00,0.00,0.00,0.00
Iván López,es ESP,DF,Levante,23,1993,3,3,173,01.sept,0,1,1,0,0,0,0,0,0.0,0.0,0.6,0.6,4,8,7,0.00,0.52,0.52,0.00,0.52,0.02,0.30,0.31,0.02,0.31
Javi López,es ESP,DF,Espanyol,31,1986,14,12,966,10.juil,0,0,0,0,0,0,4,0,0.1,0.1,0.7,0.8,20,35,38,0.00,0.00,0.00,0.00,0.00,0.01,0.06,0.07,0.01,0.07
Pedro López Muñoz,es ESP,DF,Levante,33,1983,21,18,1 594,17.juil,0,0,0,0,0,0,4,0,0.1,0.1,0.3,0.4,19,56,59,0.00,0.00,0.00,0.00,0.00,0.00,0.02,0.02,0.00,0.02
Pau López,es ESP,GK,Espanyol,22,1994,29,28,2 567,28.mai,0,0,0,0,0,0,3,0,0.0,0.0,0.1,0.1,0,0,0,0.00,0.00,0.00,0.00,0.00,0.00,0.00,0.00,0.00,0.00
Pedro López,es ESP,GK,Betis,22,1995,5,4,412,04.juin,0,0,0,0,0,0,0,0,0.0,0.0,0.0,0.0,0,0,0,0.00,0.00,0.00,0.00,0.00,0.00,0.00,0.00,0.00,0.00
Víctor López,es ESP,MF,Alavés,20,1997,1,1,60,0.7,0,1,1,0,0,0,0,0,0.1,0.1,0.1,0.2,3,1,5,0.00,janv.50,janv.50,0.00,janv.50,0.09,0.20,0.29,0.09,0.29
Anthony Lozano,hn HON,FW MF,Girona,24,1993,14,4,471,05.févr,1,0,1,1,0,0,0,0,01.avr,01.avr,0.3,01.juin,21,11,26,0.19,0.00,0.19,0.19,0.19,0.26,0.05,0.32,0.26,0.32
Filipe Luís,br BRA,DF,Atlético Madrid,31,1985,20,19,1 659,18.avr,1,2,3,1,0,0,4,0,0.3,0.3,2.0,02.mars,62,102,93,0.05,0.11,0.16,0.05,0.16,0.01,0.11,0.12,0.01,0.12
José Luis Gayà,es ESP,DF,Valencia,22,1995,34,33,2 916,32.4,0,3,3,0,0,0,11,0,0.5,0.5,04.janv,04.juin,72,145,153,0.00,0.09,0.09,0.00,0.09,0.02,0.13,0.14,0.02,0.14
José Luis Morales,es ESP,MF FW,Levante,30,1987,35,35,3 058,34.0,10,8,18,7,3,3,7,1,10.févr,07.sept,06.sept,14.août,154,112,263,0.29,0.24,0.53,0.21,0.44,0.30,0.20,0.50,0.23,0.43
Luisinho,pt POR,DF,La Coruña,32,1985,30,29,2 622,29.janv,1,1,2,1,0,0,12,0,0.5,0.5,02.janv,02.juin,64,115,87,0.03,0.03,0.07,0.03,0.07,0.02,0.07,0.09,0.02,0.09
Douglas Luiz,br BRA,MF FW,Girona,19,1998,15,1,309,03.avr,0,0,0,0,0,0,3,0,0.7,0.7,0.7,01.mars,8,18,17,0.00,0.00,0.00,0.00,0.00,0.19,0.20,0.39,0.19,0.39
Saša Lukić,rs SRB,MF,Levante,20,1996,16,12,994,11.0,0,1,1,0,0,0,4,0,0.0,0.0,01.juin,01.juin,17,32,11,0.00,0.09,0.09,0.00,0.09,0.00,0.15,0.15,0.00,0.15
Antonio Luna,es ESP,DF,Levante,26,1991,23,22,2 021,22.mai,0,2,2,0,0,0,5,0,0.2,0.2,02.janv,02.mars,37,67,82,0.00,0.09,0.09,0.00,0.09,0.01,0.09,0.10,0.01,0.10
Pablo Maffeo,es ESP,DF,Girona,20,1997,33,32,2 642,29.avr,0,1,1,0,0,0,10,0,0.9,0.9,03.janv,04.janv,44,70,150,0.00,0.03,0.03,0.00,0.03,0.03,0.11,0.14,0.03,0.14
Nemanja Maksimović,rs SRB,MF,Valencia,22,1995,15,6,557,06.févr,0,0,0,0,0,0,1,0,0.4,0.4,0.4,0.8,11,22,25,0.00,0.00,0.00,0.00,0.00,0.07,0.06,0.13,0.07,0.13
Hugo Mallo,es ESP,DF,Celta Vigo,26,1991,34,34,2 999,33.3,0,5,5,0,0,0,12,0,01.juin,01.juin,05.mars,06.sept,80,159,182,0.00,0.15,0.15,0.00,0.15,0.05,0.16,0.21,0.05,0.21
Aïssa Mandi,dz ALG,DF,Betis,25,1991,34,34,3 024,33.6,1,0,1,1,0,0,9,1,03.mars,03.mars,0.2,03.mai,30,129,9,0.03,0.00,0.03,0.03,0.03,0.10,0.01,0.10,0.10,0.10
Martín Mantovani,ar ARG,DF,Leganés,33,1984,14,10,1 022,11.avr,1,0,1,1,0,0,3,0,0.8,0.8,0.1,0.9,2,20,0,0.09,0.00,0.09,0.09,0.09,0.07,0.01,0.08,0.07,0.08
José Manuel Jurado,es ESP,MF FW,Espanyol,31,1986,29,20,1 501,16.juil,0,3,3,0,0,0,1,0,01.janv,01.janv,01.mai,02.juin,48,64,59,0.00,0.18,0.18,0.00,0.18,0.07,0.09,0.16,0.07,0.16
Marcelo,br BRA,DF,Real Madrid,29,1988,28,26,2 26,25.janv,2,6,8,2,0,0,3,1,01.mars,01.mars,06.mai,07.août,98,254,268,0.08,0.24,0.32,0.08,0.32,0.05,0.26,0.31,0.05,0.31
Óscar de Marcos,es ESP,DF FW,Athletic Club,28,1989,21,20,1 658,18.avr,1,2,3,1,0,0,5,0,02.févr,02.févr,02.avr,04.juin,42,83,149,0.05,0.11,0.16,0.05,0.16,0.12,0.13,0.25,0.12,0.25
Player,Nation,Pos,Squad,Age,Born,MP,Starts,Min,90s,Gls,Ast,G+A,G-PK,PK,PKatt,CrdY,CrdR,xG,npxG,xAG,npxG+xAG,PrgC,PrgP,PrgR,Gls,Ast,G+A,G-PK,G+A-PK,xG,xAG,xG+xAG,npxG,npxG+xAG
José María Giménez,uy URU,DF,Atlético Madrid,22,1995,23,17,1 69,18.août,1,1,2,1,0,0,6,0,01.févr,01.févr,0.4,01.juin,4,28,6,0.05,0.05,0.11,0.05,0.11,0.06,0.02,0.09,0.06,0.09
Adrián Marín,es ESP,DF,Villarreal,20,1997,3,2,233,02.juin,0,0,0,0,0,0,1,0,0.0,0.0,0.0,0.0,3,8,3,0.00,0.00,0.00,0.00,0.00,0.00,0.01,0.01,0.00,0.01
Guillermo Maripán,cl CHI,DF,Alavés,23,1994,19,17,1 528,17.0,0,0,0,0,0,0,4,0,0.5,0.5,0.0,0.5,2,26,0,0.00,0.00,0.00,0.00,0.00,0.03,0.00,0.03,0.03,0.03
Roger Martí,es ESP,FW,Levante,26,1991,17,10,963,10.juil,3,2,5,2,1,1,4,0,04.mai,03.juil,01.mai,05.févr,12,24,80,0.28,0.19,0.47,0.19,0.37,0.42,0.14,0.56,0.35,0.48
Aarón Martín,es ESP,DF,Espanyol,20,1997,32,31,2 815,31.mars,0,0,0,0,0,0,6,0,0.1,0.1,02.août,02.sept,64,86,114,0.00,0.00,0.00,0.00,0.00,0.00,0.09,0.09,0.00,0.09
Carlos Martínez,es ESP,DF,Real Sociedad,31,1986,1,0,3,0.0,0,0,0,0,0,0,0,0,0.0,0.0,0.0,0.0,0,1,0,0.00,0.00,0.00,0.00,0.00,0.00,0.00,0.00,0.00,0.00
Emiliano Martínez,ar ARG,GK,Getafe,24,1992,5,5,450,5.0,0,0,0,0,0,0,0,0,0.0,0.0,0.0,0.0,0,0,0,0.00,0.00,0.00,0.00,0.00,0.00,0.00,0.00,0.00,0.00
Iñigo Martínez,es ESP,DF,Athletic Club,26,1991,16,16,1 44,16.0,0,0,0,0,0,0,6,0,0.6,0.6,0.3,1.0,24,71,7,0.00,0.00,0.00,0.00,0.00,0.04,0.02,0.06,0.04,0.06
Iñigo Martínez,es ESP,DF,Real Sociedad,26,1991,12,12,1 055,11.juil,1,1,2,1,0,0,0,0,1.0,1.0,0.9,01.sept,27,84,14,0.09,0.09,0.17,0.09,0.17,0.09,0.08,0.16,0.09,0.16
Roger Martínez,co COL,FW,Villarreal,23,1994,8,2,230,02.juin,1,0,1,1,0,0,1,0,0.7,0.7,0.0,0.7,5,4,25,0.39,0.00,0.39,0.39,0.39,0.26,0.00,0.26,0.26,0.26
Javier Mascherano,ar ARG,DF,Barcelona,33,1984,7,6,541,6.0,0,0,0,0,0,0,0,0,0.0,0.0,0.2,0.2,9,42,1,0.00,0.00,0.00,0.00,0.00,0.00,0.04,0.04,0.00,0.04
Borja Mayoral,es ESP,FW MF,Real Madrid,20,1997,14,3,345,03.août,3,1,4,3,0,0,0,0,03.janv,03.janv,0.1,03.mars,8,11,17,0.78,0.26,01.avr,0.78,01.avr,0.82,0.03,0.85,0.82,0.85
Róbert Mazáň,sk SVK,DF,Celta Vigo,23,1994,2,1,81,0.9,0,0,0,0,0,0,0,0,0.1,0.1,0.0,0.2,1,10,6,0.00,0.00,0.00,0.00,0.00,0.16,0.05,0.21,0.16,0.21
Álvaro Medrán,es ESP,MF,Alavés,23,1994,17,9,947,10.mai,2,0,2,2,0,0,2,0,01.janv,01.janv,1.0,02.janv,17,52,18,0.19,0.00,0.19,0.19,0.19,0.10,0.10,0.20,0.10,0.20
Álvaro Medrán,es ESP,MF,Valencia,23,1994,1,1,72,0.8,0,0,0,0,0,0,0,0,0.0,0.0,0.0,0.0,1,4,1,0.00,0.00,0.00,0.00,0.00,0.02,0.00,0.02,0.02,0.02
Óscar Melendo,es ESP,MF FW,Espanyol,19,1997,18,6,686,07.juin,0,1,1,0,0,0,1,0,0.5,0.5,0.4,0.9,12,35,34,0.00,0.13,0.13,0.00,0.13,0.06,0.06,0.12,0.06,0.12
Brais Méndez,es ESP,MF FW,Celta Vigo,20,1997,20,12,948,10.mai,1,1,2,1,0,0,0,0,01.juil,01.juil,01.juil,03.avr,17,46,74,0.09,0.09,0.19,0.09,0.19,0.16,0.16,0.32,0.16,0.32
Gabriel Mercado,ar ARG,DF,Sevilla,30,1987,26,25,2 118,23.mai,0,1,1,0,0,0,9,0,01.avr,01.avr,01.août,03.févr,13,67,37,0.00,0.04,0.04,0.00,0.04,0.06,0.08,0.14,0.06,0.14
Sabin Merino,es ESP,FW MF,Athletic Club,25,1992,13,4,374,04.févr,0,0,0,0,0,0,1,0,01.juil,01.juil,0.1,01.sept,5,7,27,0.00,0.00,0.00,0.00,0.00,0.41,0.04,0.45,0.41,0.45
Roque Mesa,es ESP,MF,Sevilla,28,1989,7,4,343,03.août,0,0,0,0,0,0,2,0,0.1,0.1,0.4,0.4,4,18,2,0.00,0.00,0.00,0.00,0.00,0.01,0.10,0.11,0.01,0.11
Lionel Messi,ar ARG,FW,Barcelona,30,1987,36,32,3,33.3,34,12,46,32,2,4,3,0,27.janv,24.0,13.sept,37.9,211,333,263,01.févr,0.36,janv.38,0.96,janv.32,0.81,0.42,janv.23,0.72,janv.14
Michel,br BRA,DF,Las Palmas,27,1990,28,26,2 13,23.juil,0,1,1,0,0,0,5,1,0.2,0.2,01.févr,01.avr,36,78,119,0.00,0.04,0.04,0.00,0.04,0.01,0.05,0.06,0.01,0.06
Santi Mina,es ESP,FW,Valencia,21,1995,32,17,1 554,17.mars,12,2,14,11,1,1,4,0,08.avr,07.juin,01.juin,09.févr,23,34,129,0.69,0.12,0.81,0.64,0.75,0.49,0.09,0.58,0.44,0.53
Yerry Mina,co COL,DF,Barcelona,22,1994,5,4,371,04.janv,0,1,1,0,0,0,2,0,0.3,0.3,0.2,0.5,8,12,0,0.00,0.24,0.24,0.00,0.24,0.07,0.05,0.12,0.07,0.12
Ignasi Miquel,es ESP,DF,Málaga,24,1992,20,20,1 773,19.juil,0,1,1,0,0,0,5,1,0.7,0.7,0.4,01.janv,6,42,2,0.00,0.05,0.05,0.00,0.05,0.04,0.02,0.06,0.04,0.06
Player,Nation,Pos,Squad,Age,Born,MP,Starts,Min,90s,Gls,Ast,G+A,G-PK,PK,PKatt,CrdY,CrdR,xG,npxG,xAG,npxG+xAG,PrgC,PrgP,PrgR,Gls,Ast,G+A,G-PK,G+A-PK,xG,xAG,xG+xAG,npxG,npxG+xAG
Luka Modrić,hr CRO,MF,Real Madrid,31,1985,26,23,1 97,21.sept,1,6,7,1,0,0,3,0,01.août,01.août,04.févr,6.0,82,254,78,0.05,0.27,0.32,0.05,0.32,0.08,0.19,0.27,0.08,0.27
Johan Mojica,co COL,DF,Girona,24,1992,30,22,2 135,23.juil,0,4,4,0,0,0,6,0,0.9,0.9,02.août,03.juin,112,48,148,0.00,0.17,0.17,0.00,0.17,0.04,0.12,0.15,0.04,0.15
Jorge Molina,es ESP,FW,Getafe,35,1982,36,31,2 786,31.0,7,4,11,4,3,6,10,0,14.juil,09.sept,03.janv,13.janv,35,72,234,0.23,0.13,0.36,0.13,0.26,0.47,0.10,0.57,0.32,0.42
Daniel Molina Orta,es ESP,MF,Celta Vigo,21,1996,1,0,5,0.1,0,0,0,0,0,0,0,0,0.0,0.0,0.0,0.0,0,1,0,0.00,0.00,0.00,0.00,0.00,0.00,0.00,0.00,0.00,0.00
Francisco Molinero,es ESP,DF,Getafe,32,1985,10,5,579,06.avr,0,0,0,0,0,0,5,0,0.1,0.1,0.2,0.3,9,26,14,0.00,0.00,0.00,0.00,0.00,0.02,0.03,0.05,0.02,0.05
Momo,es ESP,FW MF,Las Palmas,35,1982,13,8,673,07.mai,0,1,1,0,0,0,3,0,0.9,0.9,01.févr,02.janv,20,39,36,0.00,0.13,0.13,0.00,0.13,0.13,0.16,0.28,0.13,0.28
Jefferson Montero,ec ECU,MF FW,Getafe,27,1989,4,0,58,0.6,0,0,0,0,0,0,0,0,0.0,0.0,0.0,0.0,3,1,9,0.00,0.00,0.00,0.00,0.00,0.00,0.00,0.00,0.00,0.00
Martín Montoya,es ESP,DF,Valencia,26,1991,25,24,2 152,23.sept,0,4,4,0,0,0,7,0,0.2,0.2,2.0,02.févr,44,104,65,0.00,0.17,0.17,0.00,0.17,0.01,0.08,0.09,0.01,0.09
Walter Montoya,ar ARG,FW,Sevilla,24,1993,1,1,76,0.8,0,0,0,0,0,0,0,0,0.0,0.0,0.3,0.3,1,3,3,0.00,0.00,0.00,0.00,0.00,0.04,0.36,0.40,0.04,0.40
Shaq Moore,us USA,DF,Levante,20,1996,6,5,424,04.juil,0,0,0,0,0,0,0,0,0.4,0.4,0.1,0.5,14,16,11,0.00,0.00,0.00,0.00,0.00,0.08,0.02,0.10,0.08,0.10
Emre Mor,tr TUR,FW MF,Celta Vigo,20,1997,23,4,665,07.avr,1,2,3,1,0,0,4,0,0.7,0.7,02.févr,02.août,52,17,68,0.14,0.27,0.41,0.14,0.41,0.09,0.30,0.38,0.09,0.38
Sergio Mora,es ESP,MF,Getafe,37,1979,26,6,813,9.0,0,0,0,0,0,0,5,0,0.2,0.2,0.2,0.4,1,49,15,0.00,0.00,0.00,0.00,0.00,0.02,0.02,0.04,0.02,0.04
Erik Morán,es ESP,MF,Leganés,26,1991,6,2,228,02.mai,0,0,0,0,0,0,2,0,0.0,0.0,0.0,0.0,0,13,0,0.00,0.00,0.00,0.00,0.00,0.00,0.00,0.00,0.00,0.00
Gerard Moreno,es ESP,FW,Espanyol,25,1992,38,38,3 412,37.9,16,1,17,15,1,2,4,0,15.mai,13.août,04.févr,18.janv,71,139,252,0.42,0.03,0.45,0.40,0.42,0.41,0.11,0.52,0.36,0.48
Héctor Moreno,mx MEX,DF,Real Sociedad,29,1988,8,8,720,8.0,1,0,1,1,0,0,1,0,01.juin,01.juin,0.1,01.juil,2,28,4,0.12,0.00,0.12,0.12,0.12,0.20,0.01,0.21,0.20,0.21
Marlos Moreno,co COL,MF DF,Girona,20,1996,2,0,30,0.3,0,0,0,0,0,0,0,0,0.0,0.0,0.0,0.0,0,0,0,0.00,0.00,0.00,0.00,0.00,0.00,0.11,0.11,0.00,0.11
Loren Morón,es ESP,FW,Betis,23,1993,15,12,1 06,11.août,7,0,7,7,0,0,3,0,04.juin,04.juin,01.mars,05.sept,17,17,56,0.59,0.00,0.59,0.59,0.59,0.39,0.11,0.50,0.39,0.50
Pedro Mosquera,es ESP,MF,La Coruña,29,1988,23,16,1 396,15.mai,0,2,2,0,0,0,7,0,0.9,0.9,01.mars,02.févr,15,84,25,0.00,0.13,0.13,0.00,0.13,0.06,0.08,0.14,0.06,0.14
Toni Moya,es ESP,MF,Atlético Madrid,19,1998,1,0,3,0.0,0,0,0,0,0,0,0,0,0.0,0.0,0.0,0.0,0,0,0,0.00,0.00,0.00,0.00,0.00,0.00,0.00,0.00,0.00,0.00
Álex Mula,es ESP,FW MF,Málaga,21,1996,11,7,561,06.févr,0,0,0,0,0,0,1,0,01.juin,01.juin,0.4,2.0,14,15,33,0.00,0.00,0.00,0.00,0.00,0.25,0.06,0.32,0.25,0.32
Iker Muniain,es ESP,MF FW,Athletic Club,24,1992,14,7,780,08.juil,4,2,6,4,0,0,1,0,02.juil,02.juil,01.juil,04.avr,38,79,56,0.46,0.23,0.69,0.46,0.69,0.32,0.19,0.51,0.32,0.51
Marc Muniesa,es ESP,DF,Girona,25,1992,13,13,1 127,12.mai,0,1,1,0,0,0,3,0,0.1,0.1,0.1,0.2,8,50,6,0.00,0.08,0.08,0.00,0.08,0.01,0.01,0.01,0.01,0.01
Ezequiel Muñoz,ar ARG,DF,Leganés,26,1990,19,17,1 407,15.juin,0,1,1,0,0,0,2,0,0.3,0.3,0.7,1.0,2,10,0,0.00,0.06,0.06,0.00,0.06,0.02,0.04,0.06,0.02,0.06
Sulley Muntari,gh GHA,MF,La Coruña,32,1984,8,6,405,04.mai,0,0,0,0,0,0,3,0,0.3,0.3,0.4,0.8,0,18,1,0.00,0.00,0.00,0.00,0.00,0.07,0.10,0.17,0.07,0.17
Luis Muriel,co COL,FW,Sevilla,26,1991,29,17,1 608,17.sept,7,1,8,7,0,0,4,0,07.avr,07.avr,02.mars,09.juil,58,47,165,0.39,0.06,0.45,0.39,0.45,0.41,0.13,0.54,0.41,0.54
Player,Nation,Pos,Squad,Age,Born,MP,Starts,Min,90s,Gls,Ast,G+A,G-PK,PK,PKatt,CrdY,CrdR,xG,npxG,xAG,npxG+xAG,PrgC,PrgP,PrgR,Gls,Ast,G+A,G-PK,G+A-PK,xG,xAG,xG+xAG,npxG,npxG+xAG
Jeison Murillo,co COL,DF,Valencia,25,1992,17,15,1 374,15.mars,0,0,0,0,0,0,4,0,0.1,0.1,0.0,0.1,4,23,2,0.00,0.00,0.00,0.00,0.00,0.01,0.00,0.01,0.01,0.01
Fahad Al Muwallad,sa KSA,MF,Levante,22,1994,2,0,27,0.3,0,0,0,0,0,0,0,0,0.0,0.0,0.0,0.0,0,0,4,0.00,0.00,0.00,0.00,0.00,0.00,0.00,0.00,0.00,0.00
Alfred N'Diaye,sn SEN,DF MF,Villarreal,27,1990,2,1,101,01.janv,0,0,0,0,0,0,0,0,0.0,0.0,0.0,0.0,0,0,1,0.00,0.00,0.00,0.00,0.00,0.00,0.00,0.00,0.00,0.00
Nacho,es ESP,DF,Real Madrid,27,1990,27,22,2 074,23.0,3,0,3,3,0,0,7,0,01.janv,01.janv,0.3,01.mars,22,70,72,0.13,0.00,0.13,0.13,0.13,0.05,0.01,0.06,0.05,0.06
Matías Nahuel,es ESP,MF FW,Betis,20,1996,7,3,251,02.août,0,0,0,0,0,0,2,0,0.3,0.3,0.1,0.4,9,6,25,0.00,0.00,0.00,0.00,0.00,0.09,0.05,0.14,0.09,0.14
Naldo,br BRA,DF,Espanyol,28,1988,11,10,921,10.févr,0,0,0,0,0,0,2,0,0.1,0.1,0.0,0.1,0,9,0,0.00,0.00,0.00,0.00,0.00,0.01,0.00,0.01,0.01,0.01
Nano,es ESP,FW,Levante,22,1995,9,2,279,03.janv,0,0,0,0,0,0,2,0,01.janv,01.janv,0.0,01.janv,6,4,24,0.00,0.00,0.00,0.00,0.00,0.34,0.01,0.35,0.34,0.35
Naranjo,es ESP,MF FW,Leganés,23,1994,16,6,562,06.févr,1,0,1,1,0,0,2,0,0.7,0.7,0.4,01.janv,10,10,24,0.16,0.00,0.16,0.16,0.16,0.11,0.06,0.17,0.11,0.17
Juanjo Narváez,co COL,MF,Betis,22,1995,7,4,304,03.avr,0,0,0,0,0,0,0,0,0.1,0.1,0.1,0.2,5,15,14,0.00,0.00,0.00,0.00,0.00,0.03,0.03,0.06,0.03,0.06
Fernando Navarro,es ESP,DF,La Coruña,35,1982,15,11,1 046,11.juin,0,0,0,0,0,0,5,0,0.0,0.0,0.3,0.3,11,46,18,0.00,0.00,0.00,0.00,0.00,0.00,0.02,0.02,0.00,0.02
Marc Navarro,es ESP,DF,Espanyol,22,1995,19,10,1 109,12.mars,1,0,1,1,0,0,3,0,0.7,0.7,0.8,01.juin,16,24,87,0.08,0.00,0.08,0.08,0.08,0.06,0.07,0.13,0.06,0.13
Rafa Navarro,es ESP,DF,Betis,23,1994,3,1,134,01.mai,0,0,0,0,0,0,0,0,0.1,0.1,0.3,0.3,3,6,3,0.00,0.00,0.00,0.00,0.00,0.03,0.20,0.23,0.03,0.23
Ximo Navarro,es ESP,DF,Las Palmas,27,1990,31,29,2 608,29.0,0,1,1,0,0,0,12,0,0.1,0.1,0.5,0.6,31,76,21,0.00,0.03,0.03,0.00,0.03,0.01,0.02,0.02,0.01,0.02
Jesús Navas,es ESP,FW DF,Sevilla,31,1985,26,20,1 763,19.juin,1,0,1,1,0,0,2,0,01.janv,01.janv,02.sept,4.0,119,110,188,0.05,0.00,0.05,0.05,0.05,0.05,0.15,0.20,0.05,0.20
Keylor Navas,cr CRC,GK,Real Madrid,30,1986,27,27,2 43,27.0,0,0,0,0,0,0,1,0,0.0,0.0,0.0,0.0,0,0,0,0.00,0.00,0.00,0.00,0.00,0.00,0.00,0.00,0.00,0.00
Raúl Navas,es ESP,DF,Real Sociedad,29,1988,20,20,1 791,19.sept,0,1,1,0,0,0,4,0,0.9,0.9,0.5,01.avr,12,53,2,0.00,0.05,0.05,0.00,0.05,0.05,0.02,0.07,0.05,0.07
Merveille Ndockyt,cg CGO,MF FW,Getafe,19,1998,6,0,68,0.8,0,0,0,0,0,0,1,0,0.0,0.0,0.0,0.0,2,2,6,0.00,0.00,0.00,0.00,0.00,0.00,0.00,0.00,0.00,0.00
Neto,br BRA,GK,Valencia,28,1989,33,33,2 97,33.0,0,0,0,0,0,0,2,0,0.1,0.1,0.0,0.1,0,0,0,0.00,0.00,0.00,0.00,0.00,0.00,0.00,0.00,0.00,0.00
Saúl Ñíguez,es ESP,MF,Atlético Madrid,22,1994,36,35,3 155,35.1,2,3,5,2,0,0,9,0,02.juil,02.juil,02.août,05.mai,63,188,89,0.06,0.09,0.14,0.06,0.14,0.08,0.08,0.16,0.08,0.16
Nolito,es ESP,FW MF,Sevilla,30,1986,30,17,1 6,17.août,4,5,9,4,0,1,4,0,04.août,04.janv,4.0,08.janv,48,94,176,0.23,0.28,0.51,0.23,0.51,0.27,0.23,0.50,0.23,0.46
Unai Núñez,es ESP,DF,Athletic Club,20,1997,33,33,2 941,32.7,1,0,1,1,0,0,11,0,03.févr,03.févr,0.5,03.juil,28,119,10,0.03,0.00,0.03,0.03,0.03,0.10,0.02,0.11,0.10,0.11
Steven Nzonzi,fr FRA,MF,Sevilla,28,1988,27,26,2 214,24.juin,1,2,3,1,0,0,2,0,2.0,2.0,1.0,3.0,33,167,34,0.04,0.08,0.12,0.04,0.12,0.08,0.04,0.12,0.08,0.12
Jan Oblak,si SVN,GK,Atlético Madrid,24,1993,37,37,3 33,37.0,0,0,0,0,0,0,1,0,0.0,0.0,0.0,0.0,0,0,0,0.00,0.00,0.00,0.00,0.00,0.00,0.00,0.00,0.00,0.00
Álvaro Odriozola,es ESP,DF,Real Sociedad,21,1995,35,32,2 918,32.4,0,4,4,0,0,0,3,1,0.6,0.6,03.juin,04.févr,193,98,259,0.00,0.12,0.12,0.00,0.12,0.02,0.11,0.13,0.02,0.13
Oier Olazábal,es ESP,GK,Levante,27,1989,26,26,2 34,26.0,0,0,0,0,0,0,2,0,0.0,0.0,0.0,0.0,0,0,0,0.00,0.00,0.00,0.00,0.00,0.00,0.00,0.00,0.00,0.00
Player,Nation,Pos,Squad,Age,Born,MP,Starts,Min,90s,Gls,Ast,G+A,G-PK,PK,PKatt,CrdY,CrdR,xG,npxG,xAG,npxG+xAG,PrgC,PrgP,PrgR,Gls,Ast,G+A,G-PK,G+A-PK,xG,xAG,xG+xAG,npxG,npxG+xAG
Paulo Oliveira,pt POR,DF,Eibar,25,1992,26,25,2 214,24.juin,0,0,0,0,0,0,3,0,01.janv,01.janv,0.3,01.avr,7,67,0,0.00,0.00,0.00,0.00,0.00,0.04,0.01,0.06,0.04,0.06
Mathías Olivera,uy URU,MF,Getafe,19,1997,3,1,103,01.janv,1,0,1,1,0,0,0,0,0.2,0.2,0.1,0.3,1,1,5,0.87,0.00,0.87,0.87,0.87,0.21,0.06,0.27,0.21,0.27
Michael Olunga,ke KEN,FW MF,Girona,23,1994,14,4,433,04.août,3,1,4,3,0,0,0,0,02.mai,02.mai,0.5,03.janv,8,7,26,0.62,0.21,0.83,0.62,0.83,0.53,0.11,0.64,0.53,0.64
Javier Ontiveros,es ESP,MF FW,Málaga,19,1997,12,1,391,04.mars,0,0,0,0,0,0,4,0,0.3,0.3,0.6,0.9,14,13,39,0.00,0.00,0.00,0.00,0.00,0.06,0.15,0.21,0.06,0.21
Fabián Orellana,cl CHI,MF FW,Eibar,31,1986,17,13,1 18,13.janv,3,2,5,3,0,0,5,1,02.sept,02.sept,03.août,06.juil,53,46,162,0.23,0.15,0.38,0.23,0.38,0.22,0.29,0.51,0.22,0.51
Mikel Oyarzabal,es ESP,FW MF,Real Sociedad,20,1997,35,31,2 772,30.août,12,5,17,12,0,0,3,0,08.janv,08.janv,5.0,13.févr,105,93,242,0.39,0.16,0.55,0.39,0.55,0.26,0.16,0.43,0.26,0.43
Daniel Pacheco,es ESP,MF FW,Getafe,26,1991,11,0,175,01.sept,0,0,0,0,0,0,0,0,0.1,0.1,01.janv,01.janv,6,7,24,0.00,0.00,0.00,0.00,0.00,0.03,0.56,0.59,0.03,0.59
Fernando Pacheco,es ESP,GK,Alavés,25,1992,38,37,3 358,37.3,0,0,0,0,0,0,2,0,0.0,0.0,0.0,0.0,0,0,0,0.00,0.00,0.00,0.00,0.00,0.00,0.00,0.00,0.00,0.00
Costel Pantilimon,ro ROU,GK,La Coruña,30,1987,6,6,540,6.0,0,0,0,0,0,0,0,0,0.0,0.0,0.0,0.0,0,0,0,0.00,0.00,0.00,0.00,0.00,0.00,0.00,0.00,0.00,0.00
Rubén Pardo,es ESP,MF,Real Sociedad,24,1992,6,3,221,02.mai,0,1,1,0,0,0,0,1,0.0,0.0,0.6,0.6,4,16,2,0.00,0.41,0.41,0.00,0.41,0.01,0.25,0.26,0.01,0.26
Nicolás Pareja,ar ARG,DF,Sevilla,33,1984,5,5,405,04.mai,0,0,0,0,0,0,2,0,0.2,0.2,0.1,0.2,2,11,1,0.00,0.00,0.00,0.00,0.00,0.03,0.01,0.05,0.03,0.05
Daniel Parejo,es ESP,MF,Valencia,28,1989,34,34,3 001,33.3,7,7,14,1,6,6,15,1,06.juil,01.sept,05.juin,07.mai,46,327,43,0.21,0.21,0.42,0.03,0.24,0.20,0.17,0.37,0.06,0.23
Thomas Partey,gh GHA,MF DF,Atlético Madrid,24,1993,33,28,2 377,26.avr,3,0,3,3,0,0,6,0,01.juin,01.juin,0.6,02.févr,35,134,40,0.11,0.00,0.11,0.11,0.11,0.06,0.02,0.08,0.06,0.08
Paulinho,br BRA,MF,Barcelona,29,1988,34,21,1 945,21.juin,9,2,11,9,0,0,2,0,10.0,10.0,02.juil,12.juil,46,105,85,0.42,0.09,0.51,0.42,0.51,0.46,0.12,0.59,0.46,0.59
Gabriel Paulista,br BRA,DF,Valencia,26,1990,30,29,2 584,28.juil,0,0,0,0,0,0,6,1,01.févr,01.févr,0.1,01.mars,11,50,2,0.00,0.00,0.00,0.00,0.00,0.04,0.00,0.05,0.04,0.05
Giampaolo Pazzini,it ITA,FW,Levante,32,1984,9,5,445,04.sept,1,0,1,1,0,0,1,0,01.juil,01.juil,0.0,01.juil,3,4,25,0.20,0.00,0.20,0.20,0.20,0.34,0.00,0.34,0.34,0.34
Alfonso Pedraza,es ESP,MF DF,Alavés,21,1996,33,27,2 44,27.janv,3,5,8,3,0,0,5,0,02.août,02.août,03.sept,06.août,104,69,148,0.11,0.18,0.30,0.11,0.30,0.10,0.14,0.25,0.10,0.25
Rubén Peña,es ESP,DF MF,Eibar,26,1991,28,18,1 732,19.févr,1,0,1,1,0,0,1,0,0.5,0.5,1.0,01.mai,37,78,67,0.05,0.00,0.05,0.05,0.05,0.03,0.05,0.08,0.03,0.08
Gabriel Peñalba,ar ARG,MF,Las Palmas,32,1984,7,7,570,06.mars,0,0,0,0,0,0,3,0,0.1,0.1,0.0,0.1,4,20,3,0.00,0.00,0.00,0.00,0.00,0.02,0.00,0.02,0.02,0.02
Adalberto Peñaranda,ve VEN,FW MF,Málaga,20,1997,13,11,802,08.sept,0,0,0,0,0,0,3,0,0.7,0.7,0.4,01.févr,22,18,55,0.00,0.00,0.00,0.00,0.00,0.08,0.05,0.13,0.08,0.13
Andreas Pereira,br BRA,MF,Valencia,21,1996,23,12,1 078,12.0,1,3,4,1,0,0,5,0,0.8,0.8,01.sept,02.août,53,51,81,0.08,0.25,0.33,0.08,0.33,0.07,0.16,0.23,0.07,0.23
Hernán Pérez,py PAR,MF,Alavés,28,1989,10,4,374,04.févr,0,0,0,0,0,0,2,0,0.4,0.4,0.4,0.8,18,10,28,0.00,0.00,0.00,0.00,0.00,0.09,0.11,0.20,0.09,0.20
Hernán Pérez,py PAR,MF DF,Espanyol,28,1989,4,1,142,01.juin,0,0,0,0,0,0,1,0,0.0,0.0,0.0,0.0,4,1,11,0.00,0.00,0.00,0.00,0.00,0.00,0.00,0.00,0.00,0.00
Lucas Pérez,es ESP,FW,La Coruña,28,1988,35,31,2 797,31.janv,8,6,14,5,3,4,3,0,09.août,06.juin,10.sept,17.mai,56,107,215,0.26,0.19,0.45,0.16,0.35,0.31,0.35,0.66,0.21,0.56
Rubén Pérez,es ESP,MF,Leganés,28,1989,31,29,2 516,28.0,0,0,0,0,0,0,13,0,0.3,0.3,0.8,01.janv,13,161,5,0.00,0.00,0.00,0.00,0.00,0.01,0.03,0.04,0.01,0.04
Player,Nation,Pos,Squad,Age,Born,MP,Starts,Min,90s,Gls,Ast,G+A,G-PK,PK,PKatt,CrdY,CrdR,xG,npxG,xAG,npxG+xAG,PrgC,PrgP,PrgR,Gls,Ast,G+A,G-PK,G+A-PK,xG,xAG,xG+xAG,npxG,npxG+xAG
Pablo Piatti,ar ARG,MF FW,Espanyol,28,1989,30,22,1 738,19.mars,2,3,5,1,1,1,0,0,03.janv,02.mars,04.janv,06.mai,46,57,164,0.10,0.16,0.26,0.05,0.21,0.16,0.21,0.38,0.12,0.34
Tomás Pina Isla,es ESP,MF,Alavés,29,1987,30,28,2 387,26.mai,1,0,1,1,0,0,7,0,1.0,1.0,01.mars,02.mars,18,122,18,0.04,0.00,0.04,0.04,0.04,0.04,0.05,0.09,0.04,0.09
Gerard Piqué,es ESP,DF,Barcelona,30,1987,30,29,2 632,29.2,2,0,2,2,0,0,9,0,02.juin,02.juin,1.0,03.juin,29,99,10,0.07,0.00,0.07,0.07,0.07,0.09,0.04,0.12,0.09,0.12
Guido Pizarro,ar ARG,MF,Sevilla,27,1990,24,19,1 755,19.mai,1,0,1,1,0,0,9,0,0.9,0.9,1.0,01.sept,24,102,18,0.05,0.00,0.05,0.05,0.05,0.05,0.05,0.10,0.05,0.10
Carles Planas,es ESP,DF,Girona,26,1991,5,2,192,02.janv,0,1,1,0,0,0,0,0,0.1,0.1,01.févr,01.mars,2,4,10,0.00,0.47,0.47,0.00,0.47,0.04,0.58,0.62,0.04,0.62
Pere Pons,es ESP,MF,Girona,24,1993,31,30,2 559,28.avr,0,2,2,0,0,0,8,0,01.févr,01.févr,01.janv,02.mars,49,116,35,0.00,0.07,0.07,0.00,0.07,0.04,0.04,0.08,0.04,0.08
Francisco Portillo,es ESP,MF FW,Getafe,27,1990,33,28,2 46,27.mars,2,3,5,1,1,2,6,0,03.janv,01.mai,03.mai,5.0,23,158,115,0.07,0.11,0.18,0.04,0.15,0.11,0.13,0.24,0.05,0.18
Portu,es ESP,MF,Girona,25,1992,37,35,2 997,33.3,11,5,16,11,0,0,4,0,08.sept,08.sept,05.juin,14.mai,115,74,232,0.33,0.15,0.48,0.33,0.48,0.27,0.17,0.44,0.27,0.44
Sergio Postigo,es ESP,DF,Levante,28,1988,30,27,2 425,26.sept,1,0,1,1,0,0,6,0,0.3,0.3,0.6,1.0,24,71,3,0.04,0.00,0.04,0.04,0.04,0.01,0.02,0.04,0.01,0.04
Darío Poveda,es ESP,MF,Villarreal,20,1997,1,0,2,0.0,0,0,0,0,0,0,0,0,0.0,0.0,0.0,0.0,0,0,0,0.00,0.00,0.00,0.00,0.00,0.00,0.00,0.00,0.00,0.00
Andrés Prieto,es ESP,GK,Málaga,23,1993,4,4,360,4.0,0,0,0,0,0,0,0,0,0.0,0.0,0.0,0.0,0,0,0,0.00,0.00,0.00,0.00,0.00,0.00,0.00,0.00,0.00,0.00
Xabi Prieto,es ESP,MF FW,Real Sociedad,33,1983,26,24,1 929,21.avr,3,5,8,2,1,1,1,0,02.mai,01.juil,04.sept,06.juin,46,142,123,0.14,0.23,0.37,0.09,0.33,0.12,0.23,0.34,0.08,0.31
Dani Raba,es ESP,MF FW,Villarreal,21,1995,21,14,1 11,12.mars,2,4,6,2,0,0,3,1,02.avr,02.avr,03.sept,06.mars,38,52,97,0.16,0.32,0.49,0.16,0.49,0.19,0.32,0.51,0.19,0.51
Nemanja Radoja,rs SRB,MF,Celta Vigo,24,1993,26,11,1 105,12.mars,0,1,1,0,0,0,3,0,0.9,0.9,0.6,01.mai,19,62,33,0.00,0.08,0.08,0.00,0.08,0.07,0.05,0.12,0.07,0.12
Ivan Rakitić,hr CRO,MF,Barcelona,29,1988,35,31,2 835,31.mai,1,5,6,1,0,0,4,0,2.0,2.0,03.sept,05.sept,50,250,81,0.03,0.16,0.19,0.03,0.19,0.06,0.12,0.19,0.06,0.19
Jonás Ramalho,es ESP,DF,Girona,24,1993,26,25,2 298,25.mai,0,0,0,0,0,0,3,0,01.mai,01.mai,0.8,02.mars,5,59,2,0.00,0.00,0.00,0.00,0.00,0.06,0.03,0.09,0.06,0.09
Benito Ramírez,es ESP,FW DF,Las Palmas,22,1995,4,1,166,01.août,0,0,0,0,0,0,0,0,0.0,0.0,0.1,0.2,8,0,17,0.00,0.00,0.00,0.00,0.00,0.01,0.08,0.09,0.01,0.09
Sandro Ramírez,es ESP,FW MF,Sevilla,22,1995,13,7,717,8.0,0,1,1,0,0,0,0,0,02.janv,02.janv,01.juil,03.août,20,19,81,0.00,0.13,0.13,0.00,0.13,0.26,0.22,0.48,0.26,0.48
Toño Ramírez,es ESP,GK,Real Sociedad,30,1986,4,3,316,03.mai,0,0,0,0,0,0,0,0,0.0,0.0,0.0,0.0,0,0,0,0.00,0.00,0.00,0.00,0.00,0.00,0.00,0.00,0.00,0.00
Iván Ramis,es ESP,DF,Eibar,32,1984,16,15,1 302,14.mai,3,0,3,3,0,0,4,0,0.9,0.9,0.0,1.0,7,62,1,0.21,0.00,0.21,0.21,0.21,0.06,0.00,0.07,0.06,0.07
Omar Ramos,es ESP,FW MF,Leganés,29,1988,23,18,1 448,16.janv,0,1,1,0,0,0,3,0,0.4,0.4,01.août,02.mars,30,47,81,0.00,0.06,0.06,0.00,0.06,0.03,0.11,0.14,0.03,0.14
Sergio Ramos,es ESP,DF,Real Madrid,31,1986,26,26,2 289,25.avr,4,1,5,2,2,3,9,2,05.sept,03.juin,01.juil,05.mars,17,145,13,0.16,0.04,0.20,0.08,0.12,0.23,0.07,0.30,0.14,0.21
Recio,es ESP,MF,Málaga,26,1991,22,21,1 837,20.avr,1,2,3,0,1,1,11,1,01.août,1.0,02.janv,3.0,35,97,33,0.05,0.10,0.15,0.00,0.10,0.09,0.10,0.19,0.05,0.15
Alberto Redondo,es ESP,DF,Getafe,20,1997,1,1,90,1.0,0,0,0,0,0,0,0,0,0.0,0.0,0.0,0.0,0,1,0,0.00,0.00,0.00,0.00,0.00,0.00,0.00,0.00,0.00,0.00
Xesc Regis,es ESP,FW,Eibar,20,1996,1,0,1,0.0,0,0,0,0,0,0,0,0,0.0,0.0,0.0,0.0,0,0,0,0.00,0.00,0.00,0.00,0.00,0.00,0.00,0.00,0.00,0.00
Player,Nation,Pos,Squad,Age,Born,MP,Starts,Min,90s,Gls,Ast,G+A,G-PK,PK,PKatt,CrdY,CrdR,xG,npxG,xAG,npxG+xAG,PrgC,PrgP,PrgR,Gls,Ast,G+A,G-PK,G+A-PK,xG,xAG,xG+xAG,npxG,npxG+xAG
Loïc Rémy,fr FRA,FW,Las Palmas,30,1987,12,6,766,08.mai,5,0,5,5,0,0,1,0,03.sept,03.sept,0.2,04.janv,35,14,76,0.59,0.00,0.59,0.59,0.59,0.46,0.02,0.48,0.46,0.48
Loïc Rémy,fr FRA,FW MF,Getafe,30,1987,11,6,457,05.janv,3,0,3,2,1,1,3,1,01.juil,0.9,0.0,0.9,8,6,27,0.59,0.00,0.59,0.39,0.39,0.33,0.00,0.33,0.17,0.17
Federico Ricca,uy URU,DF,Málaga,22,1994,14,13,1 109,12.mars,0,1,1,0,0,0,4,0,0.3,0.3,0.8,01.janv,9,40,27,0.00,0.08,0.08,0.00,0.08,0.02,0.06,0.09,0.02,0.09
Diego Rico,es ESP,DF,Leganés,24,1993,26,26,2 228,24.août,2,2,4,2,0,0,9,1,01.avr,01.avr,03.mai,04.sept,50,107,107,0.08,0.08,0.16,0.08,0.16,0.06,0.14,0.20,0.06,0.20
Mikel Rico,es ESP,MF,Athletic Club,32,1984,17,13,1 171,13.0,0,0,0,0,0,0,2,0,0.7,0.7,01.janv,01.août,8,48,23,0.00,0.00,0.00,0.00,0.00,0.05,0.09,0.14,0.05,0.14
Sergio Rico,es ESP,GK,Sevilla,23,1993,24,23,2 156,24.0,0,0,0,0,0,0,2,0,0.0,0.0,0.0,0.0,0,0,0,0.00,0.00,0.00,0.00,0.00,0.00,0.00,0.00,0.00,0.00
Asier Riesgo,es ESP,GK,Eibar,33,1983,1,1,90,1.0,0,0,0,0,0,0,0,0,0.0,0.0,0.0,0.0,0,0,0,0.00,0.00,0.00,0.00,0.00,0.00,0.00,0.00,0.00,0.00
Cristian Rivera,es ESP,MF,Eibar,20,1997,7,2,246,02.juil,0,0,0,0,0,0,0,0,0.0,0.0,0.1,0.1,2,5,4,0.00,0.00,0.00,0.00,0.00,0.01,0.02,0.03,0.01,0.03
Rober,es ESP,DF MF,Levante,22,1995,25,19,1 909,21.févr,0,0,0,0,0,0,4,0,0.4,0.4,0.5,1.0,5,45,2,0.00,0.00,0.00,0.00,0.00,0.02,0.03,0.05,0.02,0.05
Roberto,es ESP,GK,Málaga,31,1986,34,34,3 06,34.0,0,0,0,0,0,0,0,0,0.1,0.1,0.1,0.2,0,0,0,0.00,0.00,0.00,0.00,0.00,0.00,0.00,0.01,0.00,0.01
Sergi Roberto,es ESP,DF,Barcelona,25,1992,30,24,2 225,24.juil,1,7,8,1,0,0,3,2,0.8,0.8,03.août,04.mai,87,139,185,0.04,0.28,0.32,0.04,0.32,0.03,0.15,0.18,0.03,0.18
Álex Robles,es ESP,DF,Málaga,18,1999,1,1,90,1.0,0,0,0,0,0,0,0,0,0.0,0.0,0.0,0.0,0,1,0,0.00,0.00,0.00,0.00,0.00,0.00,0.00,0.00,0.00,0.00
Marc Roca,es ESP,MF,Espanyol,20,1996,8,2,264,02.sept,0,0,0,0,0,0,0,0,0.1,0.1,0.0,0.1,5,17,0,0.00,0.00,0.00,0.00,0.00,0.03,0.01,0.05,0.03,0.05
Rubén Rochina,es ESP,MF DF,Levante,26,1991,5,1,151,01.juil,1,0,1,1,0,0,0,1,0.7,0.7,0.0,0.7,7,15,6,0.60,0.00,0.60,0.60,0.60,0.42,0.01,0.43,0.42,0.43
Rodri,es ESP,MF,Villarreal,21,1996,37,36,3 227,35.9,1,3,4,1,0,0,8,0,01.mai,01.mai,01.juil,03.mars,28,208,26,0.03,0.08,0.11,0.03,0.11,0.04,0.05,0.09,0.04,0.09
Rodrigo,es ESP,FW,Valencia,26,1991,37,31,2 684,29.août,16,4,20,15,1,1,4,0,13.mai,12.août,4.0,16.août,105,116,264,0.54,0.13,0.67,0.50,0.64,0.45,0.13,0.59,0.43,0.56
Kévin Rodrigues,pt POR,DF,Real Sociedad,23,1994,20,18,1 635,18.févr,1,2,3,1,0,0,1,0,0.4,0.4,0.9,01.mars,40,65,103,0.06,0.11,0.17,0.06,0.17,0.02,0.05,0.07,0.02,0.07
Ángel Rodríguez,es ESP,FW,Getafe,30,1987,33,26,2 293,25.mai,13,2,15,13,0,1,6,0,11.0,10.mars,03.juil,14.0,39,33,150,0.51,0.08,0.59,0.51,0.59,0.43,0.15,0.58,0.40,0.55
Iván Rodríguez,es ESP,DF,Málaga,21,1996,1,0,20,0.2,0,0,0,0,0,0,1,0,0.0,0.0,0.0,0.0,0,0,0,0.00,0.00,0.00,0.00,0.00,0.00,0.00,0.00,0.00,0.00
Diego Rolán,uy URU,FW MF,Málaga,24,1993,26,21,1 946,21.juin,5,0,5,5,0,0,0,0,05.juin,05.juin,01.mars,06.sept,59,57,165,0.23,0.00,0.23,0.23,0.23,0.26,0.06,0.32,0.26,0.32
Esteban Rolón,ar ARG,MF,Málaga,22,1995,8,6,418,04.juin,0,0,0,0,0,0,1,0,0.1,0.1,0.0,0.1,7,10,3,0.00,0.00,0.00,0.00,0.00,0.01,0.00,0.02,0.01,0.02
Óscar Romero,py PAR,MF FW,Alavés,25,1992,5,2,251,02.août,0,0,0,0,0,0,0,0,0.2,0.2,0.3,0.5,2,6,8,0.00,0.00,0.00,0.00,0.00,0.08,0.10,0.18,0.08,0.18
Cristiano Ronaldo,pt POR,FW,Real Madrid,32,1985,27,27,2 285,25.avr,26,5,31,23,3,4,1,0,25.févr,22.0,5.0,27.0,118,99,298,01.févr,0.20,janv.22,0.91,01.oct,0.99,0.20,janv.19,0.86,01.juin
Facundo Roncaglia,ar ARG,DF,Celta Vigo,30,1987,21,17,1 492,16.juin,0,0,0,0,0,0,2,0,0.3,0.3,0.1,0.5,13,60,9,0.00,0.00,0.00,0.00,0.00,0.02,0.01,0.03,0.02,0.03
Roberto Rosales,ve VEN,DF,Málaga,28,1988,35,35,3 123,34.7,1,0,1,1,0,0,10,0,0.6,0.6,03.août,04.mars,47,153,113,0.03,0.00,0.03,0.03,0.03,0.02,0.11,0.12,0.02,0.12
Player,Nation,Pos,Squad,Age,Born,MP,Starts,Min,90s,Gls,Ast,G+A,G-PK,PK,PKatt,CrdY,CrdR,xG,npxG,xAG,npxG+xAG,PrgC,PrgP,PrgR,Gls,Ast,G+A,G-PK,G+A-PK,xG,xAG,xG+xAG,npxG,npxG+xAG
Rubén,es ESP,GK,La Coruña,33,1984,28,27,2 478,27.mai,0,0,0,0,0,0,3,0,0.0,0.0,0.0,0.0,0,0,0,0.00,0.00,0.00,0.00,0.00,0.00,0.00,0.00,0.00,0.00
Aitor Ruibal,es ESP,MF,Betis,21,1996,2,0,9,0.1,0,0,0,0,0,0,0,0,0.0,0.0,0.0,0.0,0,0,3,0.00,0.00,0.00,0.00,0.00,0.00,0.00,0.00,0.00,0.00
Fabián Ruiz Peña,es ESP,MF,Betis,21,1996,34,30,2 659,29.mai,3,6,9,3,0,0,3,0,01.juin,01.juin,02.févr,03.sept,68,211,106,0.10,0.20,0.30,0.10,0.30,0.06,0.08,0.13,0.06,0.13
Víctor Ruiz,es ESP,DF,Villarreal,28,1989,27,27,2 416,26.août,2,1,3,2,0,0,10,1,0.8,0.8,0.1,1.0,4,57,4,0.07,0.04,0.11,0.07,0.11,0.03,0.00,0.04,0.03,0.04
Antonio Rukavina,rs SRB,DF,Villarreal,33,1984,17,14,1 272,14.janv,0,0,0,0,0,0,5,0,0.1,0.1,0.6,0.7,12,36,43,0.00,0.00,0.00,0.00,0.00,0.01,0.04,0.05,0.01,0.05
Gerónimo Rulli,ar ARG,GK,Real Sociedad,25,1992,26,26,2 34,26.0,0,0,0,0,0,0,3,0,0.0,0.0,0.0,0.0,0,0,0,0.00,0.00,0.00,0.00,0.00,0.00,0.00,0.00,0.00,0.00
Enric Saborit,es ESP,DF,Athletic Club,25,1992,19,16,1 428,15.sept,0,1,1,0,0,0,5,0,0.2,0.2,0.5,0.7,29,40,55,0.00,0.06,0.06,0.00,0.06,0.01,0.03,0.04,0.01,0.04
Mujaid Sadick,es ESP,DF,La Coruña,17,2000,2,1,106,01.févr,0,0,0,0,0,0,0,0,0.0,0.0,0.0,0.0,0,0,2,0.00,0.00,0.00,0.00,0.00,0.00,0.00,0.00,0.00,0.00
Armando Sadiku,al ALB,FW,Levante,26,1991,6,4,267,3.0,0,0,0,0,0,0,1,0,0.2,0.2,0.0,0.2,1,6,16,0.00,0.00,0.00,0.00,0.00,0.06,0.01,0.07,0.06,0.07
Sergi Samper,es ESP,MF,Las Palmas,22,1995,2,2,143,01.juin,0,0,0,0,0,0,0,0,0.0,0.0,0.0,0.0,3,4,1,0.00,0.00,0.00,0.00,0.00,0.00,0.00,0.00,0.00,0.00
Jairo Samperio,es ESP,FW MF,Las Palmas,24,1993,11,6,556,06.févr,0,0,0,0,0,0,1,0,0.7,0.7,0.4,01.janv,12,18,44,0.00,0.00,0.00,0.00,0.00,0.11,0.07,0.18,0.11,0.18
Mikel San José,es ESP,MF,Athletic Club,28,1989,26,24,2 155,23.sept,1,1,2,1,0,0,5,0,01.juin,01.juin,01.févr,02.août,16,121,36,0.04,0.04,0.08,0.04,0.08,0.07,0.05,0.12,0.07,0.12
Antonio Sanabria,py PAR,FW,Betis,21,1996,17,8,853,09.mai,8,0,8,8,0,0,0,0,05.janv,05.janv,0.1,05.févr,11,7,51,0.84,0.00,0.84,0.84,0.84,0.54,0.01,0.55,0.54,0.55
Carlos Sánchez,co COL,MF,Espanyol,31,1986,14,13,1 122,12.mai,0,0,0,0,0,0,3,0,0.1,0.1,0.3,0.4,2,36,3,0.00,0.00,0.00,0.00,0.00,0.01,0.03,0.03,0.01,0.03
Sergio Sánchez,es ESP,DF,Espanyol,31,1986,2,1,101,01.janv,0,0,0,0,0,0,1,0,0.1,0.1,0.0,0.1,1,3,3,0.00,0.00,0.00,0.00,0.00,0.10,0.00,0.10,0.10,0.10
Víctor Sánchez,es ESP,MF DF,Espanyol,29,1987,30,29,2 457,27.mars,0,2,2,0,0,0,13,0,0.5,0.5,0.5,1.0,21,101,61,0.00,0.07,0.07,0.00,0.07,0.02,0.02,0.04,0.02,0.04
Arona Sané,sn SEN,MF FW,Atlético Madrid,22,1995,1,0,65,0.7,0,0,0,0,0,0,0,0,0.0,0.0,0.0,0.0,1,2,10,0.00,0.00,0.00,0.00,0.00,0.03,0.00,0.03,0.03,0.03
Nicola Sansone,it ITA,FW MF,Villarreal,25,1991,18,5,635,07.janv,5,1,6,4,1,1,1,0,02.sept,02.janv,01.mars,03.mars,22,17,75,0.71,0.14,0.85,0.57,0.71,0.41,0.18,0.59,0.30,0.47
Christian Santos,ve VEN,FW,Alavés,29,1988,10,5,436,04.août,2,0,2,2,0,0,3,1,0.9,0.9,0.0,1.0,0,6,16,0.41,0.00,0.41,0.41,0.41,0.19,0.01,0.20,0.19,0.20
Pablo Sarabia,es ESP,FW MF,Sevilla,25,1992,34,27,2 395,26.juin,6,5,11,5,1,1,8,1,07.mars,06.mai,06.mai,13.janv,91,136,229,0.23,0.19,0.41,0.19,0.38,0.28,0.25,0.52,0.25,0.49
Imanol Sarriegi,es ESP,MF FW,Eibar,22,1995,3,0,41,0.5,0,0,0,0,0,0,1,0,0.0,0.0,0.0,0.0,0,1,0,0.00,0.00,0.00,0.00,0.00,0.00,0.00,0.00,0.00,0.00
Stefan Savić,me MNE,DF,Atlético Madrid,26,1991,27,26,2 299,25.mai,0,0,0,0,0,0,6,0,0.2,0.2,0.2,0.4,7,52,3,0.00,0.00,0.00,0.00,0.00,0.01,0.01,0.01,0.01,0.01
Fabian Schär,ch SUI,DF,La Coruña,25,1991,25,25,2 219,24.juil,2,2,4,2,0,0,10,0,3.0,3.0,0.6,03.juin,18,45,5,0.08,0.08,0.16,0.08,0.16,0.12,0.02,0.15,0.12,0.15
Nélson Semedo,pt POR,DF,Barcelona,23,1993,24,17,1 493,16.juin,0,0,0,0,0,0,1,0,0.3,0.3,01.févr,01.avr,73,62,90,0.00,0.00,0.00,0.00,0.00,0.02,0.07,0.09,0.02,0.09
Rúben Semedo,pt POR,DF MF,Villarreal,23,1994,4,3,231,02.juin,0,0,0,0,0,0,0,0,0.0,0.0,0.0,0.1,0,4,1,0.00,0.00,0.00,0.00,0.00,0.01,0.01,0.03,0.01,0.03
Player,Nation,Pos,Squad,Age,Born,MP,Starts,Min,90s,Gls,Ast,G+A,G-PK,PK,PKatt,CrdY,CrdR,xG,npxG,xAG,npxG+xAG,PrgC,PrgP,PrgR,Gls,Ast,G+A,G-PK,G+A-PK,xG,xAG,xG+xAG,npxG,npxG+xAG
Gaku Shibasaki,jp JPN,MF FW,Getafe,25,1992,22,12,1 002,11.janv,1,0,1,1,0,0,2,0,0.9,0.9,0.9,01.août,12,28,45,0.09,0.00,0.09,0.09,0.09,0.08,0.08,0.16,0.08,0.16
Sidnei,br BRA,DF,La Coruña,27,1989,21,21,1 778,19.août,1,1,2,1,0,0,4,0,1.0,1.0,0.5,01.mai,15,44,3,0.05,0.05,0.10,0.05,0.10,0.05,0.03,0.08,0.05,0.08
Jaime Sierra Mateos,es ESP,FW MF,Leganés,19,1998,2,0,28,0.3,0,0,0,0,0,0,0,0,0.0,0.0,0.0,0.0,0,0,0,0.00,0.00,0.00,0.00,0.00,0.00,0.00,0.00,0.00,0.00
David Simón,es ESP,DF,Las Palmas,28,1988,11,6,721,8.0,0,0,0,0,0,0,3,0,0.2,0.2,1.0,01.mars,16,27,50,0.00,0.00,0.00,0.00,0.00,0.03,0.13,0.16,0.03,0.16
Dimitris Siovas,gr GRE,DF,Leganés,28,1988,24,24,2 057,22.sept,1,1,2,1,0,0,9,1,01.juil,01.juil,0.7,02.avr,11,44,1,0.04,0.04,0.09,0.04,0.09,0.08,0.03,0.11,0.08,0.11
Pione Sisto,dk DEN,FW MF,Celta Vigo,22,1995,34,31,2 517,28.0,5,10,15,5,0,0,2,0,04.juil,04.juil,05.janv,09.août,110,108,235,0.18,0.36,0.54,0.18,0.54,0.17,0.18,0.35,0.17,0.35
Antonio Sivera,es ESP,GK,Alavés,20,1996,1,1,62,0.7,0,0,0,0,0,0,0,0,0.0,0.0,0.0,0.0,0,0,0,0.00,0.00,0.00,0.00,0.00,0.00,0.00,0.00,0.00,0.00
Rubén Sobrino,es ESP,FW MF,Alavés,25,1992,28,15,1 466,16.mars,3,2,5,3,0,0,5,0,04.mars,04.mars,01.févr,05.mai,29,29,82,0.18,0.12,0.31,0.18,0.31,0.26,0.07,0.34,0.26,0.34
Carlos Soler,es ESP,MF,Valencia,20,1997,33,27,2 365,26.mars,1,4,5,1,0,0,4,0,04.févr,04.févr,03.juil,07.sept,69,101,156,0.04,0.15,0.19,0.04,0.19,0.16,0.14,0.30,0.16,0.30
Kévin Soni,cm CMR,MF,Girona,19,1998,2,0,19,0.2,0,0,0,0,0,0,0,0,0.0,0.0,0.0,0.0,2,2,3,0.00,0.00,0.00,0.00,0.00,0.00,0.00,0.00,0.00,0.00
David Soria,es ESP,GK,Sevilla,24,1993,15,15,1 264,14.0,0,0,0,0,0,0,1,0,0.0,0.0,0.0,0.0,0,0,0,0.00,0.00,0.00,0.00,0.00,0.00,0.00,0.00,0.00,0.00
Roberto Soriano,it ITA,MF FW,Villarreal,26,1991,22,11,1 139,12.juil,0,0,0,0,0,0,3,0,01.juin,01.juin,0.7,02.mars,35,49,78,0.00,0.00,0.00,0.00,0.00,0.13,0.05,0.18,0.13,0.18
Cristhian Stuani,uy URU,FW,Girona,30,1986,33,32,2 71,30.janv,21,0,21,16,5,5,8,0,17.juin,13.juin,01.mars,14.sept,15,35,96,0.70,0.00,0.70,0.53,0.53,0.58,0.04,0.63,0.45,0.50
Damián Suárez,uy URU,DF,Getafe,29,1988,33,33,2 877,32.0,1,4,5,1,0,0,14,1,0.6,0.6,03.févr,03.août,38,152,60,0.03,0.13,0.16,0.03,0.16,0.02,0.10,0.12,0.02,0.12
Denis Suárez,es ESP,MF FW,Barcelona,23,1994,18,4,595,06.juin,2,2,4,2,0,0,1,0,01.sept,01.sept,02.juil,04.juin,35,27,67,0.30,0.30,0.61,0.30,0.61,0.29,0.41,0.70,0.29,0.70
Leonardo Suárez,ar ARG,MF,Villarreal,21,1996,1,0,29,0.3,0,0,0,0,0,0,0,0,0.0,0.0,0.0,0.0,2,0,3,0.00,0.00,0.00,0.00,0.00,0.10,0.00,0.10,0.10,0.10
Luis Suárez,uy URU,FW,Barcelona,30,1987,33,32,2 899,32.2,25,12,37,24,1,1,9,0,23.avr,22.juin,10.mai,33.2,61,97,331,0.78,0.37,janv.15,0.75,01.déc,0.73,0.33,01.mai,0.70,01.mars
Isaac Success,ng NGA,MF FW,Málaga,21,1996,9,7,492,05.mai,0,1,1,0,0,0,0,0,0.5,0.5,02.janv,02.juin,30,14,32,0.00,0.18,0.18,0.00,0.18,0.09,0.39,0.48,0.09,0.48
Markel Susaeta,es ESP,FW MF,Athletic Club,29,1987,34,26,2 264,25.févr,3,2,5,3,0,0,2,0,2.0,2.0,05.mars,07.mars,61,85,167,0.12,0.08,0.20,0.12,0.20,0.08,0.21,0.29,0.08,0.29
Tana,es ESP,MF FW,Las Palmas,26,1990,24,16,1 552,17.févr,1,1,2,1,0,0,2,0,2.0,2.0,01.févr,03.mars,40,94,84,0.06,0.06,0.12,0.06,0.12,0.12,0.07,0.19,0.12,0.19
Oussama Tannane,ma MAR,FW,Las Palmas,23,1994,10,7,573,06.avr,0,0,0,0,0,0,1,0,0.6,0.6,1.0,01.juin,26,17,48,0.00,0.00,0.00,0.00,0.00,0.09,0.16,0.24,0.09,0.24
Cristian Tello,es ESP,FW MF,Betis,25,1991,32,16,1 693,18.août,4,3,7,4,0,0,2,0,02.févr,02.févr,03.juil,6.0,69,46,115,0.21,0.16,0.37,0.21,0.37,0.12,0.20,0.32,0.12,0.32
Marc-André ter Stegen,de GER,GK,Barcelona,25,1992,37,37,3 33,37.0,0,0,0,0,0,0,0,0,0.0,0.0,0.0,0.0,0,0,0,0.00,0.00,0.00,0.00,0.00,0.00,0.00,0.00,0.00,0.00
David Timor,es ESP,MF DF,Girona,27,1989,17,10,925,10.mars,2,0,2,2,0,0,8,0,1.0,1.0,0.2,01.févr,5,51,7,0.19,0.00,0.19,0.19,0.19,0.10,0.02,0.12,0.10,0.12
Tito,es ESP,DF,Leganés,32,1985,9,6,610,06.août,0,0,0,0,0,0,0,0,0.0,0.0,0.0,0.0,10,21,17,0.00,0.00,0.00,0.00,0.00,0.00,0.00,0.00,0.00,0.00
Player,Nation,Pos,Squad,Age,Born,MP,Starts,Min,90s,Gls,Ast,G+A,G-PK,PK,PKatt,CrdY,CrdR,xG,npxG,xAG,npxG+xAG,PrgC,PrgP,PrgR,Gls,Ast,G+A,G-PK,G+A-PK,xG,xAG,xG+xAG,npxG,npxG+xAG
Hernán Toledo,ar ARG,FW MF,Las Palmas,21,1996,15,6,624,06.sept,0,1,1,0,0,0,2,0,0.2,0.2,0.9,01.janv,29,15,55,0.00,0.14,0.14,0.00,0.14,0.03,0.14,0.16,0.03,0.16
Toño,es ESP,DF,Levante,27,1989,12,12,1 08,12.0,0,1,1,0,0,0,2,0,0.1,0.1,1.0,01.janv,44,49,53,0.00,0.08,0.08,0.00,0.08,0.01,0.08,0.09,0.01,0.09
Daniel Torres,co COL,MF,Alavés,27,1989,18,14,1 217,13.mai,0,0,0,0,0,0,3,0,0.1,0.1,0.3,0.5,4,56,13,0.00,0.00,0.00,0.00,0.00,0.01,0.02,0.03,0.01,0.03
Fernando Torres,es ESP,FW,Atlético Madrid,33,1984,27,7,982,10.sept,5,0,5,5,0,1,2,0,05.mai,04.juil,0.4,05.janv,25,24,72,0.46,0.00,0.46,0.46,0.46,0.50,0.03,0.54,0.43,0.46
Ferrán Torres,es ESP,MF,Valencia,17,2000,13,2,311,03.mai,0,1,1,0,0,0,0,0,0.4,0.4,0.8,01.févr,16,11,24,0.00,0.29,0.29,0.00,0.29,0.13,0.23,0.35,0.13,0.35
Miguel Torres,es ESP,DF,Málaga,31,1986,8,8,673,07.mai,0,0,0,0,0,0,3,0,0.1,0.1,0.1,0.2,3,25,5,0.00,0.00,0.00,0.00,0.00,0.02,0.01,0.02,0.02,0.02
Pau Torres,es ESP,DF,Villarreal,20,1997,2,0,52,0.6,0,0,0,0,0,0,0,0,0.0,0.0,0.0,0.0,1,2,0,0.00,0.00,0.00,0.00,0.00,0.00,0.00,0.00,0.00,0.00
Alin Toșca,ro ROU,DF,Betis,25,1992,6,5,423,04.juil,0,0,0,0,0,0,0,0,0.1,0.1,0.0,0.1,7,16,22,0.00,0.00,0.00,0.00,0.00,0.01,0.01,0.02,0.01,0.02
Manu Trigueros,es ESP,MF,Villarreal,25,1991,34,32,2 698,30.0,3,4,7,2,1,2,10,1,02.août,01.févr,03.août,5.0,43,189,77,0.10,0.13,0.23,0.07,0.20,0.09,0.13,0.22,0.04,0.17
Przemysław Tytoń,pl POL,GK,La Coruña,30,1987,2,1,98,01.janv,0,0,0,0,0,0,0,0,0.0,0.0,0.0,0.0,0,0,0,0.00,0.00,0.00,0.00,0.00,0.00,0.00,0.00,0.00,0.00
Samuel Umtiti,fr FRA,DF,Barcelona,23,1993,25,24,2 189,24.mars,1,0,1,1,0,0,7,0,0.7,0.7,0.1,0.8,37,112,10,0.04,0.00,0.04,0.04,0.04,0.03,0.00,0.03,0.03,0.03
Enes Ünal,tr TUR,FW,Villarreal,20,1997,23,11,1 127,12.mai,5,2,7,5,0,0,1,0,04.sept,04.sept,01.juil,06.juin,22,19,71,0.40,0.16,0.56,0.40,0.56,0.39,0.14,0.53,0.39,0.53
Enes Ünal,tr TUR,FW,Levante,20,1997,7,7,596,06.juin,1,1,2,1,0,0,0,0,01.juin,01.juin,0.5,02.janv,4,9,26,0.15,0.15,0.30,0.15,0.30,0.24,0.08,0.32,0.24,0.32
Francis Uzoho,ng NGA,GK,La Coruña,18,1998,2,2,180,2.0,0,0,0,0,0,0,0,0,0.0,0.0,0.0,0.0,0,0,0,0.00,0.00,0.00,0.00,0.00,0.00,0.00,0.00,0.00,0.00
Gerard Valentín,es ESP,DF FW,La Coruña,24,1993,3,2,158,01.août,0,0,0,0,0,0,0,0,0.1,0.1,0.0,0.1,1,3,6,0.00,0.00,0.00,0.00,0.00,0.05,0.00,0.05,0.05,0.05
Borja Valle,es ESP,FW MF,La Coruña,25,1992,17,3,486,05.avr,3,2,5,3,0,0,1,0,3.0,3.0,01.févr,04.févr,10,12,34,0.56,0.37,0.93,0.56,0.93,0.55,0.23,0.78,0.55,0.78
Jesús Vallejo,es ESP,DF,Real Madrid,20,1997,7,7,630,7.0,0,0,0,0,0,0,0,0,0.0,0.0,0.0,0.0,3,18,0,0.00,0.00,0.00,0.00,0.00,0.00,0.00,0.00,0.00,0.00
Federico Valverde,uy URU,MF FW,La Coruña,19,1998,24,12,1 233,13.juil,0,0,0,0,0,0,0,0,0.8,0.8,0.9,01.juil,15,66,51,0.00,0.00,0.00,0.00,0.00,0.06,0.07,0.13,0.06,0.13
Raphaël Varane,fr FRA,DF,Real Madrid,24,1993,27,27,2 322,25.août,0,1,1,0,0,0,3,0,1.0,1.0,0.5,01.avr,12,66,4,0.00,0.04,0.04,0.00,0.04,0.04,0.02,0.06,0.04,0.06
Franco Vázquez,ar ARG,MF,Sevilla,28,1989,30,22,1 838,20.avr,4,6,10,4,0,0,5,0,06.févr,06.févr,05.janv,11.mars,66,117,182,0.20,0.29,0.49,0.20,0.49,0.31,0.25,0.56,0.31,0.56
Lucas Vázquez,es ESP,MF FW,Real Madrid,26,1991,33,16,1 679,18.juil,4,7,11,4,0,0,3,0,04.août,04.août,05.août,10.juin,67,94,250,0.21,0.38,0.59,0.21,0.59,0.26,0.31,0.57,0.26,0.57
Koke Vegas,es ESP,GK,Levante,21,1995,1,1,90,1.0,0,0,0,0,0,0,0,1,0.0,0.0,0.0,0.0,0,0,0,0.00,0.00,0.00,0.00,0.00,0.00,0.00,0.00,0.00,0.00
Carlos Vela,mx MEX,FW,Real Sociedad,28,1989,13,2,382,04.févr,1,0,1,1,0,0,0,0,01.juil,01.juil,0.5,02.févr,24,28,48,0.24,0.00,0.24,0.24,0.24,0.40,0.12,0.52,0.40,0.52
Thomas Vermaelen,be BEL,DF,Barcelona,31,1985,14,12,1 018,11.mars,0,1,1,0,0,0,3,0,0.3,0.3,0.4,0.7,2,43,1,0.00,0.09,0.09,0.00,0.09,0.03,0.03,0.06,0.03,0.06
Mikel Vesga,es ESP,MF,Athletic Club,24,1993,12,11,806,9.0,1,1,2,1,0,0,6,0,01.janv,01.janv,0.5,01.juin,11,42,15,0.11,0.11,0.22,0.11,0.22,0.12,0.06,0.18,0.12,0.18
Player,Nation,Pos,Squad,Age,Born,MP,Starts,Min,90s,Gls,Ast,G+A,G-PK,PK,PKatt,CrdY,CrdR,xG,npxG,xAG,npxG+xAG,PrgC,PrgP,PrgR,Gls,Ast,G+A,G-PK,G+A-PK,xG,xAG,xG+xAG,npxG,npxG+xAG
Rúben Vezo,pt POR,DF,Valencia,23,1994,19,17,1 555,17.mars,0,0,0,0,0,0,2,1,0.3,0.3,0.2,0.4,13,50,27,0.00,0.00,0.00,0.00,0.00,0.02,0.01,0.03,0.02,0.03
Aleix Vidal,es ESP,MF FW,Barcelona,27,1989,15,4,460,05.janv,1,1,2,1,0,0,0,0,01.mars,01.mars,01.févr,02.mai,12,27,72,0.20,0.20,0.39,0.20,0.39,0.26,0.23,0.49,0.26,0.49
Nacho Vidal,es ESP,DF,Valencia,22,1995,7,5,447,5.0,1,0,1,1,0,0,1,0,0.4,0.4,0.0,0.4,6,12,17,0.20,0.00,0.20,0.20,0.20,0.08,0.00,0.09,0.08,0.09
Jonathan Viera,es ESP,MF,Las Palmas,27,1989,23,23,1 993,22.janv,4,3,7,3,1,3,4,0,05.sept,03.mai,06.avr,10.0,91,179,87,0.18,0.14,0.32,0.14,0.27,0.27,0.29,0.56,0.16,0.45
Luciano Vietto,ar ARG,FW,Atlético Madrid,23,1993,6,4,269,3.0,0,0,0,0,0,0,1,0,01.janv,01.janv,0.3,01.avr,4,5,27,0.00,0.00,0.00,0.00,0.00,0.38,0.09,0.47,0.38,0.47
Luciano Vietto,ar ARG,FW,Valencia,23,1993,14,5,528,05.sept,2,1,3,2,0,0,1,0,0.6,0.6,01.avr,2.0,13,21,53,0.34,0.17,0.51,0.34,0.51,0.11,0.23,0.34,0.11,0.34
Carlos Vigaray,es ESP,DF,Alavés,22,1994,12,9,895,09.sept,0,0,0,0,0,0,6,0,0.3,0.3,0.1,0.4,15,18,17,0.00,0.00,0.00,0.00,0.00,0.03,0.01,0.04,0.03,0.04
Dídac Vilà,es ESP,DF MF,Espanyol,28,1989,14,7,731,08.janv,0,0,0,0,0,0,3,0,0.4,0.4,0.9,01.mars,25,33,46,0.00,0.00,0.00,0.00,0.00,0.05,0.11,0.16,0.05,0.16
Vitolo,es ESP,FW MF,Las Palmas,27,1989,9,8,689,07.juil,1,0,1,1,0,0,0,0,0.7,0.7,0.8,01.mai,36,34,63,0.13,0.00,0.13,0.13,0.13,0.09,0.11,0.19,0.09,0.19
Vitolo,es ESP,MF FW,Atlético Madrid,27,1989,14,8,618,06.sept,1,2,3,1,0,0,1,1,01.avr,01.avr,0.6,2.0,29,24,54,0.15,0.29,0.44,0.15,0.44,0.20,0.09,0.29,0.20,0.29
Šime Vrsaljko,hr CRO,DF,Atlético Madrid,25,1992,21,19,1 696,18.août,0,4,4,0,0,0,7,0,0.4,0.4,02.avr,02.août,50,48,112,0.00,0.21,0.21,0.00,0.21,0.02,0.13,0.15,0.02,0.15
Wakaso,gh GHA,MF,Alavés,27,1990,21,12,1 098,12.févr,0,1,1,0,0,0,7,0,0.7,0.7,0.6,01.mars,18,37,20,0.00,0.08,0.08,0.00,0.08,0.06,0.05,0.11,0.06,0.11
Daniel Wass,dk DEN,MF DF,Celta Vigo,28,1989,35,34,2 932,32.6,4,8,12,4,0,0,3,0,03.juil,03.juil,06.avr,10.janv,63,139,200,0.12,0.25,0.37,0.12,0.37,0.11,0.20,0.31,0.11,0.31
Axel Werner,ar ARG,GK,Atlético Madrid,21,1996,1,1,90,1.0,0,0,0,0,0,0,0,0,0.0,0.0,0.0,0.0,0,0,0,0.00,0.00,0.00,0.00,0.00,0.00,0.00,0.00,0.00,0.00
Iñaki Williams,gh GHA,FW MF,Athletic Club,23,1994,38,31,2 851,31.juil,7,6,13,7,0,0,3,0,09.févr,09.févr,5.0,14.févr,90,64,261,0.22,0.19,0.41,0.22,0.41,0.29,0.16,0.45,0.29,0.45
Yoel,es ESP,GK,Eibar,28,1988,1,1,90,1.0,0,0,0,0,0,0,0,0,0.0,0.0,0.0,0.0,0,0,0,0.00,0.00,0.00,0.00,0.00,0.00,0.00,0.00,0.00,0.00
Joseba Zaldúa,es ESP,DF,Leganés,25,1992,30,29,2 557,28.avr,1,0,1,1,0,0,9,1,0.6,0.6,02.févr,02.août,64,100,95,0.04,0.00,0.04,0.04,0.04,0.02,0.08,0.10,0.02,0.10
Simone Zaza,it ITA,FW,Valencia,26,1991,33,23,2 077,23.janv,13,1,14,13,0,0,9,1,10.août,10.août,02.janv,12.sept,24,31,138,0.56,0.04,0.61,0.56,0.61,0.47,0.09,0.56,0.47,0.56
Nabil El Zhar,ma MAR,FW MF,Leganés,30,1986,30,20,1 981,22.0,2,2,4,2,0,0,2,0,03.août,03.août,02.mars,06.févr,67,97,132,0.09,0.09,0.18,0.09,0.18,0.17,0.11,0.28,0.17,0.28
Enzo Zidane,es ESP,MF,Alavés,22,1995,2,1,71,0.8,0,0,0,0,0,0,0,0,0.0,0.0,0.0,0.0,1,3,2,0.00,0.00,0.00,0.00,0.00,0.00,0.03,0.03,0.00,0.03
Luca Zidane,dz ALG,GK,Real Madrid,19,1998,1,1,90,1.0,0,0,0,0,0,0,0,0,0.0,0.0,0.0,0.0,0,0,0,0.00,0.00,0.00,0.00,0.00,0.00,0.00,0.00,0.00,0.00
Igor Zubeldia,es ESP,MF,Real Sociedad,20,1997,25,16,1 582,17.juin,1,2,3,1,0,0,3,1,0.6,0.6,0.2,0.7,14,72,10,0.06,0.11,0.17,0.06,0.17,0.03,0.01,0.04,0.03,0.04
David Zurutuza,es ESP,MF,Real Sociedad,31,1986,31,26,2 242,24.sept,0,2,2,0,0,0,2,0,2.0,2.0,01.févr,03.févr,38,118,40,0.00,0.08,0.08,0.00,0.08,0.08,0.05,0.13,0.08,0.13
