Player,Nation,Pos,Squad,Age,Born,MP,Starts,Min,90s,Gls,Ast,G+A,G-PK,PK,PKatt,CrdY,CrdR,xG,npxG,xAG,npxG+xAG,PrgC,PrgP,PrgR,Gls,Ast,G+A,G-PK,G+A-PK,xG,xAG,xG+xAG,npxG,npxG+xAG
Sabit Abdulai,gh GHA,MF,Getafe,21,1999,3,0,60,0.7,0,0,0,0,0,0,1,0,0.0,0.0,0.0,0.0,0,1,2,0.00,0.00,0.00,0.00,0.00,0.00,0.00,0.00,0.00,0.00
Marcos Acuña,ar ARG,DF,Sevilla,28,1991,30,26,2 33,25.sept,1,2,3,1,0,0,5,0,1.0,1.0,02.juin,03.juin,65,114,133,0.04,0.08,0.12,0.04,0.12,0.04,0.10,0.14,0.04,0.14
Bobby Adekanye,nl NED,FW MF,Cádiz,21,1999,3,0,36,0.4,0,0,0,0,0,0,0,0,0.3,0.3,0.0,0.3,4,0,4,0.00,0.00,0.00,0.00,0.00,0.85,0.00,0.85,0.85,0.85
Martin Agirregabiria,es ESP,DF MF,Alavés,24,1996,26,16,1 558,17.mars,0,1,1,0,0,0,1,0,0.1,0.1,0.7,0.9,11,39,36,0.00,0.06,0.06,0.00,0.06,0.01,0.04,0.05,0.01,0.05
Joseph Aidoo,gh GHA,DF,Celta Vigo,24,1995,25,14,1 289,14.mars,0,0,0,0,0,0,3,0,0.8,0.8,0.3,01.janv,11,43,1,0.00,0.00,0.00,0.00,0.00,0.06,0.02,0.08,0.06,0.08
Carlos Akapo,gq EQG,DF,Cádiz,27,1993,13,10,865,09.juin,1,0,1,1,0,0,3,1,0.3,0.3,0.2,0.5,12,15,15,0.10,0.00,0.10,0.10,0.10,0.03,0.02,0.05,0.03,0.05
Paul Akouokou,ci CIV,MF,Betis,22,1997,10,4,378,04.févr,0,0,0,0,0,0,5,1,0.0,0.0,0.6,0.6,4,13,1,0.00,0.00,0.00,0.00,0.00,0.00,0.14,0.14,0.00,0.14
Jony Álamo,es ESP,MF,Elche,18,2001,1,1,73,0.8,0,0,0,0,0,0,0,0,0.0,0.0,0.0,0.0,1,1,1,0.00,0.00,0.00,0.00,0.00,0.03,0.00,0.03,0.03,0.03
Jordi Alba,es ESP,DF FW,Barcelona,31,1989,35,34,3 025,33.6,3,5,8,3,0,0,9,0,01.sept,01.sept,07.juin,09.mai,48,197,354,0.09,0.15,0.24,0.09,0.24,0.06,0.22,0.28,0.06,0.28
Raúl Albiol,es ESP,DF,Villarreal,34,1985,35,35,3 115,34.6,0,0,0,0,0,0,7,0,0.9,0.9,1.0,01.sept,19,136,2,0.00,0.00,0.00,0.00,0.00,0.03,0.03,0.06,0.03,0.06
Paco Alcácer,es ESP,FW,Villarreal,26,1993,27,19,1 544,17.févr,6,4,10,5,1,2,0,0,9.0,07.mai,02.août,10.févr,12,13,77,0.35,0.23,0.58,0.29,0.52,0.53,0.16,0.69,0.43,0.60
Pedro Alcalá,es ESP,DF,Cádiz,31,1989,13,8,909,10.janv,0,0,0,0,0,0,2,0,0.1,0.1,0.0,0.1,1,11,0,0.00,0.00,0.00,0.00,0.00,0.01,0.00,0.01,0.01,0.01
Rubén Alcaraz,es ESP,MF,Valladolid,29,1991,30,25,2 165,24.janv,1,0,1,1,0,0,10,0,01.août,01.août,0.5,02.mars,25,107,21,0.04,0.00,0.04,0.04,0.04,0.07,0.02,0.10,0.07,0.10
Iván Alejo,es ESP,MF FW,Cádiz,25,1995,22,6,827,09.févr,1,1,2,1,0,0,5,0,01.janv,01.janv,0.8,01.sept,46,13,79,0.11,0.11,0.22,0.11,0.22,0.12,0.09,0.21,0.12,0.21
Carles Aleñá,es ESP,MF,Barcelona,22,1998,2,0,48,0.5,0,0,0,0,0,0,1,0,0.1,0.1,0.0,0.1,1,7,1,0.00,0.00,0.00,0.00,0.00,0.10,0.00,0.10,0.10,0.10
Carles Aleñá,es ESP,MF FW,Getafe,22,1998,22,15,1 366,15.févr,2,2,4,2,0,0,1,0,01.juil,01.juil,02.juil,04.mars,20,77,51,0.13,0.13,0.26,0.13,0.26,0.11,0.18,0.29,0.11,0.29
Alfon,es ESP,MF,Celta Vigo,21,1999,2,0,34,0.4,0,0,0,0,0,0,0,0,0.1,0.1,0.1,0.1,0,1,5,0.00,0.00,0.00,0.00,0.00,0.17,0.18,0.35,0.17,0.35
Sergio Álvarez,es ESP,MF DF,Eibar,28,1992,27,17,1 568,17.avr,0,0,0,0,0,0,3,0,0.4,0.4,0.3,0.8,9,49,15,0.00,0.00,0.00,0.00,0.00,0.02,0.02,0.04,0.02,0.04
Yeray Álvarez,es ESP,DF,Athletic Club,25,1995,23,22,1 948,21.juin,1,0,1,1,0,0,6,0,0.6,0.6,0.5,01.janv,19,65,2,0.05,0.00,0.05,0.05,0.05,0.03,0.02,0.05,0.03,0.05
Emmanuel Amankwaa Akurugu,gh GHA,DF,Getafe,18,2001,1,0,45,0.5,0,0,0,0,0,0,0,0,0.0,0.0,0.0,0.0,2,0,1,0.00,0.00,0.00,0.00,0.00,0.00,0.00,0.00,0.00,0.00
Jon Ander Garrido,es ESP,MF,Cádiz,30,1989,23,7,800,08.sept,0,0,0,0,0,0,1,0,0.3,0.3,0.1,0.4,0,22,3,0.00,0.00,0.00,0.00,0.00,0.03,0.01,0.04,0.03,0.04
Marcos André,br BRA,FW,Valladolid,23,1996,23,11,1 177,13.janv,4,1,5,4,0,0,3,0,04.sept,04.sept,0.7,05.juin,26,15,67,0.31,0.08,0.38,0.31,0.38,0.38,0.05,0.43,0.38,0.43
Ángel,es ESP,GK,Granada,18,2002,1,1,90,1.0,0,0,0,0,0,0,0,0,0.0,0.0,0.0,0.0,0,0,0,0.00,0.00,0.00,0.00,0.00,0.00,0.00,0.00,0.00,0.00
José Ángel,es ESP,DF,Eibar,30,1989,14,11,901,10.0,0,0,0,0,0,0,3,0,0.0,0.0,1.0,01.janv,14,55,24,0.00,0.00,0.00,0.00,0.00,0.00,0.10,0.11,0.00,0.11
Miguel Ángel Rubio,es ESP,DF,Valladolid,22,1998,2,1,135,01.mai,0,0,0,0,0,0,0,0,0.1,0.1,0.0,0.1,0,3,0,0.00,0.00,0.00,0.00,0.00,0.07,0.00,0.07,0.07,0.07
Player,Nation,Pos,Squad,Age,Born,MP,Starts,Min,90s,Gls,Ast,G+A,G-PK,PK,PKatt,CrdY,CrdR,xG,npxG,xAG,npxG+xAG,PrgC,PrgP,PrgR,Gls,Ast,G+A,G-PK,G+A-PK,xG,xAG,xG+xAG,npxG,npxG+xAG
José Antonio Miranda,gq EQG,MF DF,Getafe,22,1998,4,0,26,0.3,0,0,0,0,0,0,1,0,0.1,0.1,0.0,0.1,2,0,3,0.00,0.00,0.00,0.00,0.00,0.19,0.00,0.19,0.19,0.19
Aritz Arambarri,es ESP,DF,Real Sociedad,22,1998,1,0,26,0.3,0,0,0,0,0,0,0,0,0.0,0.0,0.0,0.0,0,2,0,0.00,0.00,0.00,0.00,0.00,0.00,0.00,0.00,0.00,0.00
Mauro Arambarri,uy URU,MF,Getafe,24,1995,34,33,2 983,33.1,3,0,3,3,0,0,11,0,02.janv,02.janv,2.0,4.0,38,119,50,0.09,0.00,0.09,0.09,0.09,0.06,0.06,0.12,0.06,0.12
Néstor Araujo,mx MEX,DF,Celta Vigo,28,1991,33,26,2 426,27.0,0,0,0,0,0,0,5,0,0.4,0.4,0.8,01.janv,26,82,1,0.00,0.00,0.00,0.00,0.00,0.01,0.03,0.04,0.01,0.04
Ronald Araújo,uy URU,DF,Barcelona,21,1999,24,16,1 51,16.août,2,1,3,2,0,0,3,0,01.août,01.août,0.2,2.0,9,43,2,0.12,0.06,0.18,0.12,0.18,0.11,0.01,0.12,0.11,0.12
Anaitz Arbilla,es ESP,DF,Eibar,33,1987,34,30,2 807,31.2,0,1,1,0,0,0,8,0,01.août,01.août,0.9,02.juil,37,173,19,0.00,0.03,0.03,0.00,0.03,0.06,0.03,0.09,0.06,0.09
Unai Arietaleanizbeaskoa,es ESP,FW MF,Eibar,21,1999,4,0,47,0.5,0,0,0,0,0,0,1,0,0.0,0.0,0.0,0.0,0,1,6,0.00,0.00,0.00,0.00,0.00,0.05,0.00,0.05,0.05,0.05
Sergio Arribas,es ESP,MF FW,Real Madrid,18,2001,8,0,135,01.mai,0,0,0,0,0,0,1,0,0.0,0.0,0.0,0.1,8,8,13,0.00,0.00,0.00,0.00,0.00,0.02,0.02,0.04,0.02,0.04
Sergio Asenjo,es ESP,GK,Villarreal,31,1989,36,36,3 24,36.0,0,0,0,0,0,0,2,0,0.0,0.0,0.0,0.0,0,0,0,0.00,0.00,0.00,0.00,0.00,0.00,0.00,0.00,0.00,0.00
Marco Asensio,es ESP,FW MF,Real Madrid,24,1996,35,21,1 869,20.août,5,2,7,5,0,0,1,0,03.août,03.août,03.mars,7.0,92,82,166,0.24,0.10,0.34,0.24,0.34,0.18,0.16,0.34,0.18,0.34
Iago Aspas,es ESP,FW,Celta Vigo,32,1987,33,33,2 864,31.août,14,13,27,9,5,5,9,0,12.avr,08.mai,9.0,17.mai,93,144,269,0.44,0.41,0.85,0.28,0.69,0.39,0.28,0.67,0.27,0.55
Miguel Atienza,es ESP,MF,Eibar,21,1999,12,9,838,09.mars,0,0,0,0,0,0,1,0,0.3,0.3,0.1,0.4,5,31,10,0.00,0.00,0.00,0.00,0.00,0.03,0.01,0.05,0.03,0.05
Ezequiel Ávila,ar ARG,FW MF,Osasuna,26,1994,8,2,202,02.févr,0,0,0,0,0,0,0,0,0.4,0.4,0.0,0.4,1,6,9,0.00,0.00,0.00,0.00,0.00,0.16,0.00,0.16,0.16,0.16
Ramon Azeez,ng NGA,MF,Granada,27,1992,2,1,101,01.janv,0,0,0,0,0,0,0,0,0.1,0.1,0.0,0.1,0,1,2,0.00,0.00,0.00,0.00,0.00,0.09,0.00,0.09,0.09,0.09
Carlos Bacca,co COL,FW,Villarreal,33,1986,23,9,786,08.juil,5,0,5,5,0,0,1,0,03.févr,03.févr,1.0,04.févr,11,14,52,0.57,0.00,0.57,0.57,0.57,0.36,0.12,0.48,0.36,0.48
Édgar Badía,es ESP,GK,Elche,28,1992,30,30,2 7,30.0,0,0,0,0,0,0,0,0,0.0,0.0,0.0,0.0,1,1,0,0.00,0.00,0.00,0.00,0.00,0.00,0.00,0.00,0.00,0.00
Alex Baena,es ESP,MF,Villarreal,19,2001,6,2,137,01.mai,0,0,0,0,0,0,0,0,0.1,0.1,0.1,0.2,5,5,12,0.00,0.00,0.00,0.00,0.00,0.06,0.05,0.11,0.06,0.11
Miguel Baeza,es ESP,MF FW,Celta Vigo,20,2000,22,4,543,6.0,1,0,1,1,0,0,0,0,01.juin,01.juin,0.7,02.mars,9,15,26,0.17,0.00,0.17,0.17,0.17,0.26,0.12,0.38,0.26,0.38
Mikel Balenziaga,es ESP,DF,Athletic Club,32,1988,23,17,1 689,18.août,0,1,1,0,0,0,0,0,0.1,0.1,0.8,0.9,28,52,48,0.00,0.05,0.05,0.00,0.05,0.00,0.04,0.05,0.00,0.05
Barcia,es ESP,DF,Granada,19,2000,1,1,90,1.0,0,0,0,0,0,0,1,0,0.0,0.0,0.0,0.0,0,2,0,0.00,0.00,0.00,0.00,0.00,0.00,0.00,0.00,0.00,0.00
Enis Bardhi,mk MKD,MF,Levante,25,1995,26,19,1 682,18.juil,1,2,3,1,0,0,4,0,02.juil,02.juil,01.janv,03.sept,44,117,117,0.05,0.11,0.16,0.05,0.16,0.15,0.06,0.21,0.15,0.21
Kike Barja,es ESP,MF FW,Osasuna,23,1997,33,17,1 433,15.sept,2,3,5,2,0,0,2,0,02.juin,02.juin,2.0,04.juin,46,55,143,0.13,0.19,0.31,0.13,0.31,0.16,0.12,0.29,0.16,0.29
Marc Baró,es ESP,DF,Cádiz,20,1999,1,1,90,1.0,0,0,0,0,0,0,0,0,0.0,0.0,0.1,0.2,3,0,2,0.00,0.00,0.00,0.00,0.00,0.03,0.14,0.17,0.03,0.17
Antonio Barragán,es ESP,DF,Elche,33,1987,27,26,2 235,24.août,0,3,3,0,0,0,8,0,0.9,0.9,0.7,01.juin,34,69,63,0.00,0.12,0.12,0.00,0.12,0.04,0.03,0.07,0.04,0.07
Ander Barrenetxea,es ESP,MF FW,Real Sociedad,18,2001,31,13,1 307,14.mai,3,0,3,3,0,0,7,0,01.sept,01.sept,01.sept,03.août,37,37,106,0.21,0.00,0.21,0.21,0.21,0.13,0.13,0.26,0.13,0.26
Player,Nation,Pos,Squad,Age,Born,MP,Starts,Min,90s,Gls,Ast,G+A,G-PK,PK,PKatt,CrdY,CrdR,xG,npxG,xAG,npxG+xAG,PrgC,PrgP,PrgR,Gls,Ast,G+A,G-PK,G+A-PK,xG,xAG,xG+xAG,npxG,npxG+xAG
Marc Bartra,es ESP,DF,Betis,29,1991,19,19,1 694,18.août,0,1,1,0,0,0,3,0,0.6,0.6,1.0,01.juin,4,31,4,0.00,0.05,0.05,0.00,0.05,0.03,0.05,0.08,0.03,0.08
Álvaro Bastida,es ESP,MF,Cádiz,16,2004,1,0,35,0.4,0,0,0,0,0,0,0,0,0.0,0.0,0.0,0.0,0,0,0,0.00,0.00,0.00,0.00,0.00,0.00,0.00,0.00,0.00,0.00
Rodrigo Battaglia,ar ARG,MF,Alavés,29,1991,32,29,2 492,27.juil,1,0,1,1,0,0,10,1,01.févr,01.févr,0.2,01.mars,22,73,14,0.04,0.00,0.04,0.04,0.04,0.04,0.01,0.05,0.04,0.05
Jon Bautista,es ESP,FW,Real Sociedad,25,1995,21,0,370,04.janv,0,1,1,0,0,0,3,0,0.9,0.9,0.3,01.févr,5,3,26,0.00,0.24,0.24,0.00,0.24,0.23,0.07,0.30,0.23,0.30
Fran Beltrán,es ESP,MF FW,Celta Vigo,21,1999,32,13,1 399,15.mai,3,0,3,3,0,0,3,0,01.févr,01.févr,0.3,01.avr,8,55,21,0.19,0.00,0.19,0.19,0.19,0.08,0.02,0.09,0.08,0.09
Sergio Benito,es ESP,FW,Valladolid,21,1999,1,0,2,0.0,0,0,0,0,0,0,0,0,0.0,0.0,0.0,0.0,0,0,0,0.00,0.00,0.00,0.00,0.00,0.00,0.00,0.00,0.00,0.00
Karim Benzema,fr FRA,FW,Real Madrid,32,1987,34,33,2 894,32.2,23,9,32,22,1,1,2,0,18.mai,17.juil,06.avr,24.janv,107,114,256,0.72,0.28,1.00,0.68,0.96,0.58,0.20,0.78,0.55,0.75
Yuri Berchiche,es ESP,DF,Athletic Club,30,1990,23,21,1 682,18.juil,1,3,4,1,0,0,3,0,0.9,0.9,2.0,02.sept,55,98,105,0.05,0.16,0.21,0.05,0.21,0.05,0.11,0.15,0.05,0.15
Álex Berenguer,es ESP,MF FW,Athletic Club,25,1995,35,27,2 278,25.mars,8,4,12,8,0,0,4,0,06.févr,06.févr,03.avr,09.juil,64,85,201,0.32,0.16,0.47,0.32,0.47,0.25,0.14,0.38,0.25,0.38
Pedro Bigas,es ESP,DF,Eibar,29,1990,21,19,1 529,17.0,0,0,0,0,0,0,1,0,0.9,0.9,0.0,0.9,9,42,7,0.00,0.00,0.00,0.00,0.00,0.05,0.00,0.05,0.05,0.05
Alejandro Blanco,es ESP,MF,Valencia,21,1998,13,6,580,06.avr,1,0,1,1,0,0,1,0,0.5,0.5,0.5,0.9,17,2,44,0.16,0.00,0.16,0.16,0.16,0.07,0.07,0.14,0.07,0.14
Antonio Blanco,es ESP,MF FW,Real Madrid,20,2000,4,2,220,02.avr,0,0,0,0,0,0,0,0,0.0,0.0,0.1,0.1,0,18,0,0.00,0.00,0.00,0.00,0.00,0.02,0.03,0.05,0.02,0.05
Rubén Blanco,es ESP,GK,Celta Vigo,25,1995,19,19,1 637,18.févr,0,0,0,0,0,0,0,1,0.0,0.0,0.0,0.0,0,0,0,0.00,0.00,0.00,0.00,0.00,0.00,0.00,0.00,0.00,0.00
Alejandro Blesa,es ESP,MF,Levante,18,2002,1,0,11,0.1,0,0,0,0,0,0,0,0,0.0,0.0,0.0,0.0,0,1,0,0.00,0.00,0.00,0.00,0.00,0.00,0.00,0.00,0.00,0.00
Yann Bodiger,fr FRA,MF,Cádiz,25,1995,9,2,251,02.août,0,0,0,0,0,0,0,0,0.0,0.0,0.1,0.1,4,8,5,0.00,0.00,0.00,0.00,0.00,0.00,0.04,0.04,0.00,0.04
Yassine Bounou,ma MAR,GK,Sevilla,29,1991,33,33,2 97,33.0,1,0,1,1,0,0,3,0,0.2,0.2,0.0,0.2,0,0,0,0.03,0.00,0.03,0.03,0.03,0.01,0.00,0.01,0.01,0.01
Lucas Boyé,ar ARG,FW,Elche,24,1996,34,32,2 694,29.sept,7,2,9,7,0,0,9,1,05.févr,05.févr,01.janv,06.mars,43,54,117,0.23,0.07,0.30,0.23,0.30,0.17,0.04,0.21,0.17,0.21
Martin Braithwaite,dk DEN,FW,Barcelona,29,1991,29,11,1 175,13.janv,2,2,4,2,0,1,3,0,05.avr,04.juin,02.mars,06.sept,20,15,91,0.15,0.15,0.31,0.15,0.31,0.41,0.18,0.59,0.35,0.53
Darko Brašanac,rs SRB,MF,Osasuna,28,1992,16,9,909,10.janv,2,0,2,2,0,0,4,0,0.9,0.9,0.1,01.janv,22,40,46,0.20,0.00,0.20,0.20,0.20,0.09,0.01,0.11,0.09,0.11
Álvaro Bravo,es ESP,MF,Granada,22,1998,1,0,15,0.2,0,0,0,0,0,0,0,0,0.0,0.0,0.0,0.0,0,1,0,0.00,0.00,0.00,0.00,0.00,0.00,0.00,0.00,0.00,0.00
Claudio Bravo,cl CHI,GK,Betis,37,1983,20,20,1 8,20.0,0,0,0,0,0,0,3,0,0.0,0.0,0.1,0.1,0,1,0,0.00,0.00,0.00,0.00,0.00,0.00,0.01,0.01,0.00,0.01
Yan Brice Eteki,cm CMR,MF,Granada,22,1997,25,16,1 321,14.juil,0,0,0,0,0,0,4,1,0.3,0.3,0.1,0.4,0,24,9,0.00,0.00,0.00,0.00,0.00,0.02,0.01,0.03,0.02,0.03
Juan Brunet,ar ARG,MF,Granada,22,1998,2,0,24,0.3,0,0,0,0,0,0,0,0,0.0,0.0,0.0,0.0,0,1,0,0.00,0.00,0.00,0.00,0.00,0.00,0.00,0.00,0.00,0.00
Ante Budimir,hr CRO,FW,Osasuna,29,1991,30,18,1 625,18.janv,11,0,11,11,0,0,3,0,09.févr,09.févr,0.8,10.0,14,29,103,0.61,0.00,0.61,0.61,0.61,0.51,0.04,0.55,0.51,0.55
Esteban Burgos,ar ARG,DF,Eibar,28,1992,14,12,1 111,12.mars,3,1,4,1,2,3,5,0,03.mars,1.0,0.8,01.août,4,25,0,0.24,0.08,0.32,0.08,0.16,0.27,0.07,0.34,0.08,0.15
Player,Nation,Pos,Squad,Age,Born,MP,Starts,Min,90s,Gls,Ast,G+A,G-PK,PK,PKatt,CrdY,CrdR,xG,npxG,xAG,npxG+xAG,PrgC,PrgP,PrgR,Gls,Ast,G+A,G-PK,G+A-PK,xG,xAG,xG+xAG,npxG,npxG+xAG
Burgui,es ESP,MF,Alavés,26,1993,1,0,21,0.2,0,0,0,0,0,0,0,0,0.0,0.0,0.0,0.0,1,1,2,0.00,0.00,0.00,0.00,0.00,0.00,0.00,0.00,0.00,0.00
Sergio Busquets,es ESP,MF,Barcelona,32,1988,36,32,2 517,28.0,0,5,5,0,0,0,9,0,0.3,0.3,03.févr,03.avr,25,254,29,0.00,0.18,0.18,0.00,0.18,0.01,0.11,0.12,0.01,0.12
Erick Cabaco,uy URU,DF,Getafe,25,1995,20,15,1 326,14.juil,0,0,0,0,0,0,9,0,0.5,0.5,0.0,0.5,6,44,1,0.00,0.00,0.00,0.00,0.00,0.03,0.00,0.03,0.03,0.03
Cala,es ESP,DF,Cádiz,30,1989,28,26,2 272,25.févr,3,0,3,3,0,0,8,0,01.sept,01.sept,0.2,02.janv,3,47,2,0.12,0.00,0.12,0.12,0.12,0.08,0.01,0.08,0.08,0.08
Jonathan Calleri,ar ARG,FW,Osasuna,26,1993,25,20,1 544,17.févr,5,2,7,5,0,0,4,0,05.juil,05.mai,0.7,06.mars,20,31,97,0.29,0.12,0.41,0.29,0.41,0.33,0.04,0.38,0.32,0.37
Dani Calvo,es ESP,DF,Elche,26,1994,23,19,1 779,19.août,2,0,2,2,0,0,3,0,01.mars,01.mars,0.0,01.mars,2,31,2,0.10,0.00,0.10,0.10,0.10,0.06,0.00,0.06,0.06,0.06
José Campaña,es ESP,MF,Levante,27,1993,9,8,748,08.mars,1,2,3,0,1,1,0,0,01.mai,0.7,2.0,02.août,26,74,48,0.12,0.24,0.36,0.00,0.24,0.18,0.25,0.43,0.09,0.34
Sergio Canales,es ESP,MF FW,Betis,29,1991,31,28,2 498,27.août,8,6,14,6,2,3,4,0,05.mars,02.sept,06.août,09.juil,102,200,126,0.29,0.22,0.50,0.22,0.43,0.19,0.24,0.44,0.10,0.35
Álex Cantero,es ESP,FW,Levante,20,2000,4,3,237,02.juin,0,0,0,0,0,0,1,0,0.4,0.4,0.9,01.mars,5,4,13,0.00,0.00,0.00,0.00,0.00,0.17,0.33,0.50,0.17,0.50
Ander Capa,es ESP,DF,Athletic Club,28,1992,28,25,2 131,23.juil,2,1,3,2,0,0,5,0,01.janv,01.janv,01.janv,02.mars,66,80,100,0.08,0.04,0.13,0.08,0.13,0.05,0.05,0.10,0.05,0.10
Étienne Capoue,fr FRA,MF,Villarreal,32,1988,16,15,1 185,13.févr,1,0,1,1,0,0,5,1,0.3,0.3,0.1,0.5,10,58,4,0.08,0.00,0.08,0.08,0.08,0.03,0.01,0.03,0.03,0.03
Isaac Carcelen,es ESP,DF,Cádiz,27,1993,32,31,2 581,28.juil,0,1,1,0,0,0,3,0,0.5,0.5,01.janv,01.juin,31,92,43,0.00,0.03,0.03,0.00,0.03,0.02,0.04,0.05,0.02,0.05
Dani Cárdenas,es ESP,GK,Levante,23,1997,8,8,720,8.0,0,0,0,0,0,0,1,0,0.0,0.0,0.0,0.0,0,0,0,0.00,0.00,0.00,0.00,0.00,0.00,0.00,0.00,0.00,0.00
Marc Cardona,es ESP,FW DF,Osasuna,25,1995,3,0,53,0.6,0,0,0,0,0,0,0,0,0.2,0.2,0.0,0.2,0,2,5,0.00,0.00,0.00,0.00,0.00,0.40,0.00,0.40,0.40,0.40
Diego Carlos,br BRA,DF,Sevilla,27,1993,33,32,2 788,31.0,1,0,1,1,0,0,11,1,01.mars,01.mars,0.6,01.sept,5,53,2,0.03,0.00,0.03,0.03,0.03,0.04,0.02,0.06,0.04,0.06
Juan Carlos,es ESP,MF FW,Huesca,29,1991,15,3,291,03.févr,0,1,1,0,0,0,0,0,0.6,0.6,0.4,0.9,5,16,17,0.00,0.31,0.31,0.00,0.31,0.18,0.11,0.28,0.18,0.28
Yannick Carrasco,be BEL,DF MF,Atlético Madrid,26,1993,30,25,2 179,24.févr,6,10,16,6,0,0,6,0,05.févr,05.févr,6.0,11.févr,146,86,212,0.25,0.41,0.66,0.25,0.66,0.21,0.25,0.46,0.21,0.46
Sergio Carreira,es ESP,DF,Celta Vigo,19,2000,3,3,259,02.sept,1,0,1,1,0,0,0,0,0.8,0.8,0.1,0.9,0,6,14,0.35,0.00,0.35,0.35,0.35,0.27,0.04,0.31,0.27,0.31
Guido Carrillo,ar ARG,FW,Elche,29,1991,21,11,1 002,11.janv,3,2,5,3,0,0,3,0,02.mai,02.mai,01.janv,03.juin,9,31,30,0.27,0.18,0.45,0.27,0.45,0.22,0.10,0.32,0.22,0.32
Dani Carvajal,es ESP,DF,Real Madrid,28,1992,13,11,950,10.juin,0,2,2,0,0,0,5,0,0.5,0.5,0.8,01.févr,21,48,62,0.00,0.19,0.19,0.00,0.19,0.04,0.07,0.11,0.04,0.11
William Carvalho,pt POR,MF,Betis,28,1992,27,12,1 223,13.juin,2,0,2,2,0,0,6,1,01.févr,01.févr,0.7,01.sept,10,101,19,0.15,0.00,0.15,0.15,0.15,0.09,0.05,0.14,0.09,0.14
Casemiro,br BRA,MF,Real Madrid,28,1992,34,32,2 901,32.2,6,4,10,6,0,0,11,1,06.févr,06.févr,02.juil,08.août,20,135,45,0.19,0.12,0.31,0.19,0.31,0.19,0.08,0.27,0.19,0.27
Sofian Chakla,ma MAR,DF,Villarreal,26,1993,1,0,13,0.1,0,0,0,0,0,0,0,0,0.1,0.1,0.0,0.1,0,0,0,0.00,0.00,0.00,0.00,0.00,0.39,0.00,0.39,0.39,0.39
Sofian Chakla,ma MAR,DF,Getafe,26,1993,11,9,897,10.0,0,0,0,0,0,0,5,0,0.3,0.3,0.1,0.4,2,20,1,0.00,0.00,0.00,0.00,0.00,0.03,0.01,0.04,0.03,0.04
Chema,es ESP,DF MF,Getafe,28,1992,10,7,557,06.févr,0,0,0,0,0,0,3,1,0.1,0.1,0.2,0.3,2,17,0,0.00,0.00,0.00,0.00,0.00,0.01,0.04,0.05,0.01,0.05
Player,Nation,Pos,Squad,Age,Born,MP,Starts,Min,90s,Gls,Ast,G+A,G-PK,PK,PKatt,CrdY,CrdR,xG,npxG,xAG,npxG+xAG,PrgC,PrgP,PrgR,Gls,Ast,G+A,G-PK,G+A-PK,xG,xAG,xG+xAG,npxG,npxG+xAG
Denis Cheryshev,ru RUS,MF,Valencia,29,1990,21,13,1 101,12.févr,0,3,3,0,0,0,3,0,1.0,1.0,02.avr,03.avr,37,37,95,0.00,0.25,0.25,0.00,0.25,0.08,0.19,0.28,0.08,0.28
Samuel Chukwueze,ng NGA,MF FW,Villarreal,21,1999,28,13,1 365,15.févr,4,2,6,4,0,0,0,0,02.avr,02.avr,3.0,05.avr,84,53,177,0.26,0.13,0.40,0.26,0.40,0.16,0.20,0.36,0.16,0.36
Víctor Chust,es ESP,DF,Real Madrid,20,2000,2,1,95,01.janv,0,0,0,0,0,0,0,0,0.0,0.0,0.0,0.0,0,4,0,0.00,0.00,0.00,0.00,0.00,0.00,0.00,0.00,0.00,0.00
Cifu,es ESP,DF,Elche,29,1990,11,4,451,5.0,0,0,0,0,0,0,1,0,0.1,0.1,0.0,0.1,9,10,16,0.00,0.00,0.00,0.00,0.00,0.02,0.00,0.02,0.02,0.02
Alberto Cifuentes,es ESP,GK,Cádiz,41,1979,2,2,180,2.0,0,0,0,0,0,0,0,0,0.0,0.0,0.0,0.0,0,0,0,0.00,0.00,0.00,0.00,0.00,0.00,0.01,0.01,0.00,0.01
Jasper Cillessen,nl NED,GK,Valencia,31,1989,10,10,900,10.0,0,0,0,0,0,0,0,0,0.0,0.0,0.0,0.0,0,0,0,0.00,0.00,0.00,0.00,0.00,0.00,0.00,0.00,0.00,0.00
Carlos Clerc,es ESP,DF,Levante,28,1992,35,30,2 781,30.sept,0,3,3,0,0,0,5,0,0.3,0.3,03.févr,03.mai,87,147,196,0.00,0.10,0.10,0.00,0.10,0.01,0.10,0.11,0.01,0.11
Coke,es ESP,DF,Levante,33,1987,17,11,835,09.mars,0,0,0,0,0,0,1,0,0.4,0.4,0.6,1.0,10,39,23,0.00,0.00,0.00,0.00,0.00,0.05,0.06,0.11,0.05,0.11
Francis Coquelin,fr FRA,MF,Villarreal,29,1991,22,7,736,08.févr,0,0,0,0,0,0,4,0,0.2,0.2,0.6,0.8,10,31,20,0.00,0.00,0.00,0.00,0.00,0.02,0.07,0.10,0.02,0.10
Iñigo Córdoba,es ESP,FW MF,Athletic Club,23,1997,3,1,95,01.janv,0,0,0,0,0,0,0,0,0.1,0.1,0.0,0.1,1,2,7,0.00,0.00,0.00,0.00,0.00,0.12,0.00,0.12,0.12,0.12
Iñigo Córdoba,es ESP,MF,Alavés,23,1997,7,3,216,02.avr,0,0,0,0,0,0,0,0,0.0,0.0,0.1,0.2,2,7,15,0.00,0.00,0.00,0.00,0.00,0.02,0.05,0.07,0.02,0.07
Ángel Correa,ar ARG,FW MF,Atlético Madrid,25,1995,38,29,2 393,26.juin,9,8,17,9,0,0,3,0,07.août,07.juil,05.juil,13.avr,64,84,186,0.34,0.30,0.64,0.34,0.64,0.29,0.21,0.51,0.29,0.51
Rober Correa,es ESP,DF,Eibar,27,1992,15,13,1 136,12.juin,0,2,2,0,0,0,3,0,0.3,0.3,01.sept,02.janv,15,41,26,0.00,0.16,0.16,0.00,0.16,0.02,0.15,0.17,0.02,0.17
Thierry Correia,pt POR,DF,Valencia,21,1999,29,25,2 137,23.juil,1,1,2,1,0,0,6,1,0.5,0.5,01.févr,01.juil,48,46,94,0.04,0.04,0.08,0.04,0.08,0.02,0.05,0.07,0.02,0.07
Diego Costa,es ESP,FW,Atlético Madrid,31,1988,7,2,208,02.mars,2,0,2,1,1,1,1,0,01.avr,0.6,0.5,01.janv,3,6,21,0.87,0.00,0.87,0.43,0.43,0.60,0.21,0.82,0.26,0.48
Jaume Costa,es ESP,DF MF,Villarreal,32,1988,14,3,351,03.sept,0,1,1,0,0,0,1,0,0.1,0.1,0.2,0.3,9,13,20,0.00,0.26,0.26,0.00,0.26,0.02,0.06,0.08,0.02,0.08
Thibaut Courtois,be BEL,GK,Real Madrid,28,1992,38,38,3 42,38.0,0,0,0,0,0,0,0,0,0.0,0.0,0.0,0.0,0,0,0,0.00,0.00,0.00,0.00,0.00,0.00,0.00,0.00,0.00,0.00
Philippe Coutinho,br BRA,MF FW,Barcelona,28,1992,12,8,654,07.mars,2,2,4,2,0,0,0,0,4.0,4.0,0.7,04.juil,38,58,61,0.28,0.28,0.55,0.28,0.55,0.55,0.10,0.65,0.55,0.65
Juan Cruz Armada,es ESP,DF,Osasuna,28,1992,26,23,1 962,21.août,0,0,0,0,0,0,4,0,0.1,0.1,0.5,0.5,19,58,41,0.00,0.00,0.00,0.00,0.00,0.00,0.02,0.02,0.00,0.02
Sergio Cubero Ezcurra,es ESP,MF,Eibar,20,1999,1,0,1,0.0,0,0,0,0,0,0,0,0,0.0,0.0,0.0,0.0,0,0,0,0.00,0.00,0.00,0.00,0.00,0.00,0.00,0.00,0.00,0.00
Cucho,co COL,FW MF,Getafe,21,1999,23,18,1 466,16.mars,2,3,5,2,0,0,5,0,02.juil,02.juil,01.mars,4.0,51,40,98,0.12,0.18,0.31,0.12,0.31,0.17,0.08,0.25,0.17,0.25
Marc Cucurella,es ESP,MF,Getafe,22,1998,37,37,3 244,36.0,3,2,5,3,0,0,8,0,01.sept,01.août,03.juin,05.avr,77,103,219,0.08,0.06,0.14,0.08,0.14,0.05,0.10,0.15,0.05,0.15
Patrick Cutrone,it ITA,FW,Valencia,22,1998,7,0,108,01.févr,0,0,0,0,0,0,0,0,0.4,0.4,0.3,0.7,1,3,6,0.00,0.00,0.00,0.00,0.00,0.36,0.24,0.61,0.36,0.61
Moussa Dembélé,fr FRA,FW,Atlético Madrid,24,1996,5,0,100,01.janv,0,0,0,0,0,0,0,0,1.0,1.0,0.0,1.0,4,1,12,0.00,0.00,0.00,0.00,0.00,0.92,0.02,0.94,0.92,0.94
Ousmane Dembélé,fr FRA,FW,Barcelona,23,1997,30,19,1 774,19.juil,6,3,9,6,0,0,2,0,05.juin,05.juin,04.févr,09.août,140,87,288,0.30,0.15,0.46,0.30,0.46,0.28,0.21,0.50,0.28,0.50
Player,Nation,Pos,Squad,Age,Born,MP,Starts,Min,90s,Gls,Ast,G+A,G-PK,PK,PKatt,CrdY,CrdR,xG,npxG,xAG,npxG+xAG,PrgC,PrgP,PrgR,Gls,Ast,G+A,G-PK,G+A-PK,xG,xAG,xG+xAG,npxG,npxG+xAG
Sergiño Dest,us USA,DF FW,Barcelona,19,2000,30,23,1 909,21.févr,2,1,3,2,0,0,1,0,01.juil,01.juil,02.janv,03.août,74,76,218,0.09,0.05,0.14,0.09,0.14,0.08,0.10,0.18,0.08,0.18
Deyverson,br BRA,FW,Alavés,29,1991,27,11,874,09.juil,1,3,4,1,0,0,4,0,01.mai,01.mai,02.avr,03.août,5,27,48,0.10,0.31,0.41,0.10,0.41,0.15,0.25,0.40,0.15,0.40
Abdoulay Diaby,ml MLI,DF,Getafe,29,1991,1,0,18,0.2,0,0,0,0,0,0,0,0,0.3,0.3,0.1,0.3,2,0,4,0.00,0.00,0.00,0.00,0.00,janv.31,0.34,janv.65,janv.31,janv.65
Mouctar Diakhaby,gn GUI,DF,Valencia,23,1996,26,24,2 079,23.janv,1,0,1,1,0,0,4,1,01.févr,01.févr,0.0,01.févr,7,47,8,0.04,0.00,0.04,0.04,0.04,0.05,0.00,0.05,0.05,0.05
Víctor Díaz,es ESP,DF,Granada,32,1988,17,7,828,09.févr,0,2,2,0,0,0,3,0,0.4,0.4,0.5,0.9,8,32,9,0.00,0.22,0.22,0.00,0.22,0.05,0.05,0.10,0.05,0.10
Papakouli Diop,sn SEN,MF,Eibar,34,1986,33,28,2 324,25.août,1,1,2,1,0,0,9,2,01.juil,01.juin,0.8,02.avr,12,98,21,0.04,0.04,0.08,0.04,0.08,0.06,0.03,0.09,0.06,0.09
Djené,tg TOG,DF,Getafe,28,1991,34,34,2 941,32.7,0,1,1,0,0,0,8,2,0.2,0.2,0.4,0.5,11,71,11,0.00,0.03,0.03,0.00,0.03,0.01,0.01,0.02,0.01,0.02
Marko Dmitrović,rs SRB,GK,Eibar,28,1992,35,35,3 12,34.7,1,0,1,0,1,2,0,0,01.juin,0.0,0.7,0.7,0,3,0,0.03,0.00,0.03,0.00,0.00,0.05,0.02,0.07,0.00,0.02
Jaume Doménech,es ESP,GK,Valencia,29,1990,28,28,2 52,28.0,0,0,0,0,0,0,1,0,0.0,0.0,0.0,0.0,0,0,0,0.00,0.00,0.00,0.00,0.00,0.00,0.00,0.00,0.00,0.00
Carlos Dominguez,es ESP,DF,Celta Vigo,19,2001,4,4,360,4.0,0,0,0,0,0,0,2,0,0.1,0.1,0.2,0.3,2,7,0,0.00,0.00,0.00,0.00,0.00,0.03,0.04,0.07,0.03,0.07
John Donald,es ESP,DF MF,Elche,19,2000,2,1,50,0.6,0,0,0,0,0,0,0,0,0.0,0.0,0.0,0.0,0,0,0,0.00,0.00,0.00,0.00,0.00,0.00,0.00,0.00,0.00,0.00
Cheick Doukouré,ci CIV,MF FW,Levante,27,1992,7,0,101,01.janv,0,0,0,0,0,0,1,0,0.0,0.0,0.1,0.1,0,3,2,0.00,0.00,0.00,0.00,0.00,0.00,0.05,0.05,0.00,0.05
Idrissa Doumbia,ci CIV,MF,Huesca,22,1998,23,7,779,08.juil,0,0,0,0,0,0,4,0,0.4,0.4,0.1,0.4,8,31,4,0.00,0.00,0.00,0.00,0.00,0.04,0.01,0.05,0.04,0.05
Domingos Duarte,pt POR,DF,Granada,25,1995,29,27,2 363,26.mars,1,0,1,1,0,0,5,1,01.avr,01.avr,0.5,01.sept,17,79,3,0.04,0.00,0.04,0.04,0.04,0.05,0.02,0.07,0.05,0.07
Óscar Duarte,cr CRC,DF,Levante,31,1989,29,23,2 06,22.sept,1,0,1,1,0,0,2,0,0.8,0.8,0.2,0.9,6,52,3,0.04,0.00,0.04,0.04,0.04,0.03,0.01,0.04,0.03,0.04
Rubén Duarte,es ESP,DF,Alavés,24,1995,31,29,2 545,28.mars,1,1,2,1,0,0,5,1,01.avr,01.avr,02.août,04.févr,27,111,54,0.04,0.04,0.07,0.04,0.07,0.05,0.10,0.15,0.05,0.15
Unai Dufur,es ESP,DF,Eibar,21,1999,1,1,62,0.7,0,0,0,0,0,0,0,0,0.0,0.0,0.0,0.0,0,3,0,0.00,0.00,0.00,0.00,0.00,0.00,0.00,0.00,0.00,0.00
Hugo Duro,es ESP,FW,Real Madrid,20,1999,2,0,55,0.6,0,0,0,0,0,0,0,0,0.1,0.1,0.1,0.1,0,1,4,0.00,0.00,0.00,0.00,0.00,0.10,0.12,0.22,0.10,0.22
Aritz Elustondo,es ESP,DF,Real Sociedad,26,1994,23,22,1 884,20.sept,1,0,1,1,0,0,5,0,0.5,0.5,0.2,0.8,27,112,12,0.05,0.00,0.05,0.05,0.05,0.03,0.01,0.04,0.03,0.04
Rodrigo Ely,br BRA,DF,Alavés,26,1993,8,6,468,05.févr,1,0,1,1,0,0,1,0,0.6,0.6,0.3,0.9,1,3,0,0.19,0.00,0.19,0.19,0.19,0.11,0.05,0.16,0.11,0.16
Emerson,br BRA,DF,Betis,21,1999,34,34,2 991,33.2,1,4,5,1,0,0,9,1,01.mai,01.mai,02.juil,04.mars,90,132,186,0.03,0.12,0.15,0.03,0.15,0.05,0.08,0.13,0.05,0.13
Youssef En-Nesyri,ma MAR,FW,Sevilla,23,1997,38,23,2 311,25.juil,18,0,18,18,0,0,2,0,15.juin,15.juin,02.juin,18.févr,29,13,114,0.70,0.00,0.70,0.70,0.70,0.61,0.10,0.71,0.61,0.71
Sergi Enrich,es ESP,FW,Eibar,30,1990,27,13,1 404,15.juin,3,0,3,3,0,1,1,0,07.août,7.0,0.8,07.sept,14,40,91,0.19,0.00,0.19,0.19,0.19,0.50,0.05,0.55,0.45,0.50
Aarón Escandell,es ESP,GK,Granada,24,1995,5,5,450,5.0,0,0,0,0,0,0,1,0,0.0,0.0,0.0,0.0,0,0,0,0.00,0.00,0.00,0.00,0.00,0.00,0.00,0.00,0.00,0.00
Dani Escriche,es ESP,FW MF,Huesca,22,1998,23,7,857,09.mai,1,1,2,1,0,0,5,1,02.janv,02.janv,01.mars,03.avr,28,27,48,0.11,0.11,0.21,0.11,0.21,0.23,0.13,0.36,0.23,0.36
Player,Nation,Pos,Squad,Age,Born,MP,Starts,Min,90s,Gls,Ast,G+A,G-PK,PK,PKatt,CrdY,CrdR,xG,npxG,xAG,npxG+xAG,PrgC,PrgP,PrgR,Gls,Ast,G+A,G-PK,G+A-PK,xG,xAG,xG+xAG,npxG,npxG+xAG
Sergio Escudero,es ESP,DF,Sevilla,30,1989,9,7,565,06.mars,1,0,1,1,0,0,3,0,0.2,0.2,0.4,0.6,8,22,32,0.16,0.00,0.16,0.16,0.16,0.04,0.06,0.10,0.04,0.10
Alfonso Espino,uy URU,DF,Cádiz,28,1992,32,31,2 601,28.sept,0,3,3,0,0,0,6,0,0.2,0.2,01.avr,01.juin,31,63,59,0.00,0.10,0.10,0.00,0.10,0.01,0.05,0.06,0.01,0.06
Vicente Esquerdo,es ESP,MF,Valencia,21,1999,4,3,231,02.juin,0,0,0,0,0,0,1,0,0.0,0.0,0.1,0.1,0,4,3,0.00,0.00,0.00,0.00,0.00,0.01,0.03,0.04,0.01,0.04
Pervis Estupiñán,ec ECU,DF,Villarreal,22,1998,25,12,1 168,13.0,0,0,0,0,0,0,1,0,0.5,0.5,01.mai,2.0,39,35,120,0.00,0.00,0.00,0.00,0.00,0.04,0.11,0.15,0.04,0.15
Xabier Etxeita,es ESP,DF,Getafe,32,1987,11,9,883,09.août,0,0,0,0,0,0,3,0,0.4,0.4,0.3,0.7,2,25,1,0.00,0.00,0.00,0.00,0.00,0.04,0.03,0.07,0.04,0.07
Edu Expósito,es ESP,MF,Eibar,23,1996,31,27,2 455,27.mars,0,3,3,0,0,2,4,0,03.mars,01.juil,03.juin,05.mars,45,169,81,0.00,0.11,0.11,0.00,0.11,0.12,0.13,0.25,0.06,0.19
Jokin Ezkieta,es ESP,GK,Athletic Club,23,1996,1,1,90,1.0,0,0,0,0,0,0,0,0,0.0,0.0,0.0,0.0,0,0,0,0.00,0.00,0.00,0.00,0.00,0.00,0.00,0.00,0.00,0.00
Fali,es ESP,DF MF,Cádiz,26,1993,34,29,2 637,29.mars,0,0,0,0,0,0,11,0,0.7,0.7,0.6,01.mars,10,68,12,0.00,0.00,0.00,0.00,0.00,0.02,0.02,0.04,0.02,0.04
Ansu Fati,es ESP,FW,Barcelona,17,2002,7,6,431,04.août,4,0,4,4,0,0,1,0,01.août,01.août,01.juil,03.mai,32,12,60,0.84,0.00,0.84,0.84,0.84,0.37,0.36,0.73,0.37,0.73
Nabil Fekir,fr FRA,MF FW,Betis,27,1993,33,33,2 622,29.janv,5,6,11,4,1,3,5,1,7.0,04.juin,05.févr,09.août,104,152,182,0.17,0.21,0.38,0.14,0.34,0.24,0.18,0.42,0.16,0.34
Felipe,br BRA,DF,Atlético Madrid,31,1989,31,23,2 057,22.sept,0,0,0,0,0,0,8,0,01.mai,01.mai,0.3,01.août,5,36,3,0.00,0.00,0.00,0.00,0.00,0.07,0.01,0.08,0.07,0.08
João Félix,pt POR,FW MF,Atlético Madrid,20,1999,31,14,1 572,17.mai,7,5,12,6,1,2,6,0,05.mai,03.sept,04.mars,08.janv,49,73,94,0.40,0.29,0.69,0.34,0.63,0.31,0.24,0.56,0.22,0.47
Aitor Fernández,es ESP,GK,Levante,29,1991,29,29,2 61,29.0,0,0,0,0,0,0,0,0,0.0,0.0,0.0,0.0,0,0,0,0.00,0.00,0.00,0.00,0.00,0.00,0.00,0.00,0.00,0.00
Álex Fernández,es ESP,MF,Cádiz,27,1992,25,21,1 946,21.juin,4,1,5,2,2,2,1,0,03.mars,01.août,01.mai,03.févr,26,104,43,0.18,0.05,0.23,0.09,0.14,0.15,0.07,0.22,0.08,0.15
Álvaro Fernández,es ESP,GK,Huesca,22,1998,22,22,1 98,22.0,0,0,0,0,0,0,0,0,0.1,0.1,0.0,0.1,0,0,0,0.00,0.00,0.00,0.00,0.00,0.00,0.00,0.00,0.00,0.00
Andrés Fernández,es ESP,GK,Huesca,33,1986,16,16,1 44,16.0,0,0,0,0,0,0,0,0,0.0,0.0,0.0,0.0,0,0,0,0.00,0.00,0.00,0.00,0.00,0.00,0.00,0.00,0.00,0.00
Augusto Fernández,ar ARG,MF,Cádiz,34,1986,12,4,369,04.janv,0,0,0,0,0,0,1,0,0.0,0.0,0.0,0.0,2,17,3,0.00,0.00,0.00,0.00,0.00,0.00,0.00,0.00,0.00,0.00
Carlos Fernández,es ESP,FW,Sevilla,24,1996,5,2,143,01.juin,0,0,0,0,0,0,0,0,0.2,0.2,0.7,0.9,3,3,10,0.00,0.00,0.00,0.00,0.00,0.12,0.43,0.55,0.12,0.55
Carlos Fernández,es ESP,FW MF,Real Sociedad,24,1996,11,4,390,04.mars,1,2,3,1,0,0,5,0,01.janv,01.janv,0.7,01.août,3,10,33,0.23,0.46,0.69,0.23,0.69,0.26,0.16,0.41,0.26,0.41
Joaquín Fernández,es ESP,DF,Valladolid,24,1996,25,24,2 073,23.0,1,0,1,1,0,0,8,0,01.avr,01.avr,0.5,01.sept,0,42,2,0.04,0.00,0.04,0.04,0.04,0.06,0.02,0.08,0.06,0.08
Fernando,br BRA,MF,Sevilla,33,1987,31,28,2 546,28.mars,3,4,7,3,0,0,6,0,01.mai,01.mai,3.0,04.mai,17,112,22,0.11,0.14,0.25,0.11,0.25,0.05,0.11,0.16,0.05,0.16
David Ferreiro,es ESP,MF FW,Huesca,32,1988,37,29,2 527,28.janv,2,4,6,2,0,0,5,0,01.août,01.août,05.sept,07.juin,68,113,182,0.07,0.14,0.21,0.07,0.21,0.06,0.21,0.27,0.06,0.27
Facundo Ferreyra,ar ARG,FW,Celta Vigo,29,1991,13,2,300,03.mars,1,0,1,1,0,0,5,1,01.mai,01.mai,0.0,01.mai,1,2,10,0.30,0.00,0.30,0.30,0.30,0.46,0.00,0.46,0.46,0.46
Fidel,es ESP,MF DF,Elche,30,1989,30,28,2 396,26.juin,6,3,9,4,2,3,8,0,04.mars,01.sept,5.0,7.0,82,97,123,0.23,0.11,0.34,0.15,0.26,0.16,0.19,0.35,0.07,0.26
Junior Firpo,do DOM,DF MF,Barcelona,23,1996,7,3,289,03.févr,1,1,2,1,0,0,2,0,0.7,0.7,0.8,01.avr,8,7,22,0.31,0.31,0.62,0.31,0.62,0.21,0.24,0.45,0.21,0.45
Player,Nation,Pos,Squad,Age,Born,MP,Starts,Min,90s,Gls,Ast,G+A,G-PK,PK,PKatt,CrdY,CrdR,xG,npxG,xAG,npxG+xAG,PrgC,PrgP,PrgR,Gls,Ast,G+A,G-PK,G+A-PK,xG,xAG,xG+xAG,npxG,npxG+xAG
Kingsley Fobi,gh GHA,DF,Granada,21,1998,1,0,45,0.5,0,0,0,0,0,0,0,0,0.0,0.0,0.0,0.0,1,0,1,0.00,0.00,0.00,0.00,0.00,0.00,0.00,0.00,0.00,0.00
Ramón Folch,es ESP,MF,Elche,30,1989,1,0,1,0.0,0,0,0,0,0,0,0,0,0.0,0.0,0.0,0.0,0,0,0,0.00,0.00,0.00,0.00,0.00,0.00,0.00,0.00,0.00,0.00
José Fontán,es ESP,DF,Celta Vigo,20,2000,14,7,652,07.févr,0,0,0,0,0,0,3,1,0.7,0.7,0.0,0.7,12,27,11,0.00,0.00,0.00,0.00,0.00,0.10,0.00,0.10,0.10,0.10
Dimitri Foulquier,fr FRA,DF,Granada,27,1993,32,32,2 663,29.juin,0,4,4,0,0,0,7,0,0.8,0.8,01.mai,02.mars,49,63,68,0.00,0.14,0.14,0.00,0.14,0.03,0.05,0.08,0.03,0.08
Juan Foyth,ar ARG,DF MF,Villarreal,22,1998,16,13,1 168,13.0,0,0,0,0,0,0,6,0,0.2,0.2,0.1,0.3,19,52,7,0.00,0.00,0.00,0.00,0.00,0.02,0.01,0.03,0.02,0.03
Jorge de Frutos,es ESP,MF,Levante,23,1997,37,22,2 186,24.mars,4,9,13,4,0,0,3,0,03.avr,03.avr,04.avr,07.août,73,74,204,0.16,0.37,0.54,0.16,0.54,0.14,0.18,0.32,0.14,0.32
Ramiro Funes Mori,ar ARG,DF,Villarreal,29,1991,10,8,727,08.janv,0,0,0,0,0,0,1,0,1.0,1.0,0.0,1.0,19,25,3,0.00,0.00,0.00,0.00,0.00,0.13,0.00,0.13,0.13,0.13
Javi Galán,es ESP,DF,Huesca,25,1994,37,34,3 065,34.1,1,2,3,1,0,0,5,0,0.3,0.3,4.0,04.févr,94,100,167,0.03,0.06,0.09,0.03,0.09,0.01,0.12,0.12,0.01,0.12
Enric Gallego,es ESP,FW,Osasuna,33,1986,22,8,806,9.0,0,2,2,0,0,0,2,0,01.août,01.août,0.6,02.avr,5,31,46,0.00,0.22,0.22,0.00,0.22,0.20,0.06,0.27,0.20,0.27
Kévin Gameiro,fr FRA,FW,Valencia,33,1987,27,10,1 077,12.0,4,1,5,4,0,0,0,0,03.août,03.août,0.9,04.juil,7,19,68,0.33,0.08,0.42,0.33,0.42,0.32,0.07,0.39,0.32,0.39
Aleix García,es ESP,MF,Eibar,23,1997,11,5,437,04.sept,0,1,1,0,0,0,1,0,0.1,0.1,0.9,1.0,4,26,8,0.00,0.21,0.21,0.00,0.21,0.02,0.18,0.21,0.02,0.21
Borja García,es ESP,MF FW,Huesca,29,1990,21,13,1 117,12.avr,1,0,1,1,0,0,0,0,01.févr,01.févr,01.janv,02.mars,23,61,53,0.08,0.00,0.08,0.08,0.08,0.10,0.09,0.19,0.10,0.19
Dani García,es ESP,MF,Athletic Club,30,1990,27,21,1 92,21.mars,0,1,1,0,0,0,8,0,0.3,0.3,0.6,0.9,14,108,12,0.00,0.05,0.05,0.00,0.05,0.02,0.03,0.04,0.02,0.04
David García,es ESP,DF,Osasuna,26,1994,35,35,3 15,35.0,1,0,1,1,0,0,8,0,01.janv,01.janv,0.6,01.juil,4,124,2,0.03,0.00,0.03,0.03,0.03,0.03,0.02,0.05,0.03,0.05
Manu García,es ESP,MF,Alavés,34,1986,25,10,1 124,12.mai,0,0,0,0,0,0,9,1,0.6,0.6,0.5,01.janv,4,29,27,0.00,0.00,0.00,0.00,0.00,0.05,0.04,0.09,0.05,0.09
Raúl García,es ESP,DF MF,Valladolid,31,1989,8,5,504,05.juin,1,0,1,1,0,0,2,0,0.1,0.1,0.4,0.5,14,21,22,0.18,0.00,0.18,0.18,0.18,0.02,0.07,0.09,0.02,0.09
Raúl García,es ESP,FW MF,Athletic Club,34,1986,34,21,1 743,19.avr,5,1,6,3,2,3,8,2,06.janv,03.juil,01.mars,5.0,17,73,74,0.26,0.05,0.31,0.15,0.21,0.31,0.06,0.38,0.19,0.26
Rubén García,es ESP,MF FW,Osasuna,27,1993,37,33,2 718,30.2,3,5,8,2,1,1,2,0,02.juin,01.août,05.mai,07.mars,40,98,197,0.10,0.17,0.26,0.07,0.23,0.09,0.18,0.27,0.06,0.24
Sergi García,es ESP,MF,Alavés,21,1999,2,0,16,0.2,0,0,0,0,0,0,0,0,0.0,0.0,0.0,0.0,1,0,1,0.00,0.00,0.00,0.00,0.00,0.00,0.00,0.00,0.00,0.00
Unai García,es ESP,DF,Osasuna,28,1992,17,13,1 242,13.août,0,0,0,0,0,0,3,0,0.4,0.4,0.4,0.8,4,35,1,0.00,0.00,0.00,0.00,0.00,0.03,0.03,0.06,0.03,0.06
Mario Gaspar,es ESP,DF,Villarreal,29,1990,24,21,1 851,20.juin,0,2,2,0,0,0,3,1,0.9,0.9,02.janv,3.0,36,92,84,0.00,0.10,0.10,0.00,0.10,0.05,0.10,0.15,0.05,0.15
Paulo Gazzaniga,ar ARG,GK,Elche,28,1992,8,8,720,8.0,0,0,0,0,0,0,3,0,0.0,0.0,0.1,0.1,0,0,0,0.00,0.00,0.00,0.00,0.00,0.00,0.01,0.01,0.00,0.01
Bryan Gil,es ESP,FW,Sevilla,19,2001,1,0,13,0.1,0,0,0,0,0,0,0,0,0.0,0.0,0.0,0.0,1,0,3,0.00,0.00,0.00,0.00,0.00,0.00,0.00,0.00,0.00,0.00
Bryan Gil,es ESP,MF FW,Eibar,19,2001,28,26,2 265,25.févr,4,3,7,4,0,0,6,0,03.juin,03.avr,5.0,08.avr,123,79,217,0.16,0.12,0.28,0.16,0.28,0.14,0.20,0.34,0.13,0.33
David Gil,es ESP,GK,Cádiz,26,1994,4,4,360,4.0,0,0,0,0,0,0,0,0,0.0,0.0,0.0,0.0,0,0,0,0.00,0.00,0.00,0.00,0.00,0.00,0.00,0.00,0.00,0.00
Player,Nation,Pos,Squad,Age,Born,MP,Starts,Min,90s,Gls,Ast,G+A,G-PK,PK,PKatt,CrdY,CrdR,xG,npxG,xAG,npxG+xAG,PrgC,PrgP,PrgR,Gls,Ast,G+A,G-PK,G+A-PK,xG,xAG,xG+xAG,npxG,npxG+xAG
Álvaro Giménez,es ESP,FW,Cádiz,29,1991,11,3,407,04.mai,2,1,3,2,0,0,0,0,01.mars,01.mars,0.1,01.avr,2,9,20,0.44,0.22,0.66,0.44,0.66,0.29,0.02,0.31,0.29,0.31
Dani Gómez,es ESP,FW,Levante,22,1998,34,17,1 666,18.mai,2,2,4,2,0,0,3,0,02.juil,02.juil,0.8,03.mai,43,33,133,0.11,0.11,0.22,0.11,0.22,0.15,0.04,0.19,0.15,0.19
Ibai Gómez,es ESP,MF,Athletic Club,30,1989,13,4,424,04.juil,0,1,1,0,0,0,0,0,0.2,0.2,0.8,1.0,1,20,28,0.00,0.21,0.21,0.00,0.21,0.04,0.16,0.21,0.04,0.21
Maxi Gómez,uy URU,FW,Valencia,23,1996,31,31,2 689,29.sept,7,1,8,7,0,0,7,1,06.juin,06.juin,0.9,07.mai,19,41,102,0.23,0.03,0.27,0.23,0.27,0.22,0.03,0.25,0.22,0.25
Moi Gómez,es ESP,MF FW,Villarreal,26,1994,35,29,2 563,28.mai,4,0,4,3,1,1,1,0,03.août,3.0,02.juin,05.juin,71,116,143,0.14,0.00,0.14,0.11,0.11,0.13,0.09,0.23,0.11,0.20
Papu Gómez,ar ARG,MF FW,Sevilla,32,1988,18,11,914,10.févr,3,1,4,3,0,0,0,0,0.7,0.7,01.mars,2.0,40,49,51,0.30,0.10,0.39,0.30,0.39,0.07,0.13,0.20,0.07,0.20
Sergi Gómez,es ESP,DF,Sevilla,28,1992,9,9,719,8.0,0,0,0,0,0,0,2,0,0.1,0.1,0.0,0.1,2,14,0,0.00,0.00,0.00,0.00,0.00,0.01,0.00,0.01,0.01,0.01
Sergio Gómez,es ESP,MF FW,Huesca,19,2000,29,4,792,08.août,0,1,1,0,0,0,1,0,0.8,0.8,01.mai,02.avr,22,34,57,0.00,0.11,0.11,0.00,0.11,0.09,0.17,0.27,0.09,0.27
Maxime Gonalons,fr FRA,MF,Granada,31,1989,25,18,1 48,16.avr,0,1,1,0,0,0,7,1,0.2,0.2,1.0,01.févr,18,68,8,0.00,0.06,0.06,0.00,0.06,0.01,0.06,0.07,0.01,0.07
Bruno González,es ESP,DF,Valladolid,30,1990,27,25,2 263,25.janv,1,0,1,1,0,0,8,0,0.3,0.3,0.0,0.4,5,31,2,0.04,0.00,0.04,0.04,0.04,0.01,0.00,0.01,0.01,0.01
Diego González,es ESP,DF,Elche,25,1995,19,15,1 28,14.févr,1,0,1,1,0,0,5,0,0.4,0.4,0.1,0.5,7,36,1,0.07,0.00,0.07,0.07,0.07,0.03,0.01,0.03,0.03,0.03
Sergio González,es ESP,MF DF,Cádiz,23,1997,1,1,90,1.0,0,0,0,0,0,0,0,0,0.1,0.1,0.0,0.1,0,0,0,0.00,0.00,0.00,0.00,0.00,0.10,0.00,0.10,0.10,0.10
Urko González,es ESP,MF,Real Sociedad,19,2001,2,1,47,0.5,0,0,0,0,0,0,1,0,0.0,0.0,0.0,0.0,1,2,1,0.00,0.00,0.00,0.00,0.00,0.00,0.07,0.07,0.00,0.07
Andoni Gorosabel,es ESP,DF,Real Sociedad,23,1996,32,28,2 382,26.mai,0,1,1,0,0,0,3,0,0.7,0.7,02.juin,03.mars,55,107,127,0.00,0.04,0.04,0.00,0.04,0.03,0.10,0.12,0.03,0.12
Antoine Griezmann,fr FRA,FW MF,Barcelona,29,1991,36,32,2 604,28.sept,13,7,20,12,1,2,4,0,12.janv,10.mai,05.juin,16.janv,41,104,224,0.45,0.24,0.69,0.41,0.66,0.42,0.19,0.61,0.36,0.56
Andrés Guardado,mx MEX,MF,Betis,33,1986,24,17,1 318,14.juin,1,0,1,1,0,0,4,0,0.3,0.3,0.3,0.7,26,89,27,0.07,0.00,0.07,0.07,0.07,0.02,0.02,0.05,0.02,0.05
Sergi Guardiola,es ESP,FW,Valladolid,29,1991,29,19,1 795,19.sept,1,2,3,0,1,2,5,0,04.juin,03.janv,2.0,05.janv,37,34,126,0.05,0.10,0.15,0.00,0.10,0.23,0.10,0.33,0.15,0.25
Nemanja Gudelj,rs SRB,MF DF,Sevilla,28,1991,30,10,1 041,11.juin,0,0,0,0,0,0,8,0,0.3,0.3,0.0,0.3,4,26,3,0.00,0.00,0.00,0.00,0.00,0.02,0.00,0.03,0.02,0.03
Gonçalo Guedes,pt POR,MF FW,Valencia,23,1996,31,27,2 287,25.avr,5,5,10,5,0,0,3,1,03.juil,03.juil,4.0,07.juil,111,115,154,0.20,0.20,0.39,0.20,0.39,0.14,0.16,0.30,0.14,0.30
Ander Guevara,es ESP,MF,Real Sociedad,23,1997,31,25,2 081,23.janv,1,1,2,1,0,0,5,0,0.4,0.4,0.7,01.janv,31,140,21,0.04,0.04,0.09,0.04,0.09,0.02,0.03,0.05,0.02,0.05
John Guidetti,se SWE,FW,Alavés,28,1992,10,1,208,02.mars,1,0,1,1,0,0,1,0,0.8,0.8,0.0,0.8,1,5,9,0.43,0.00,0.43,0.43,0.43,0.36,0.01,0.37,0.36,0.37
Hugo Guillamón,es ESP,DF,Valencia,20,2000,25,21,1 988,22.janv,1,0,1,1,0,0,8,0,0.7,0.7,0.1,0.8,19,93,1,0.05,0.00,0.05,0.05,0.05,0.03,0.01,0.04,0.03,0.04
Jon Guridi,es ESP,MF,Real Sociedad,25,1995,17,8,831,09.févr,0,1,1,0,0,0,2,0,0.6,0.6,0.7,01.avr,20,31,35,0.00,0.11,0.11,0.00,0.11,0.07,0.08,0.15,0.07,0.15
Raúl Guti,es ESP,MF,Elche,23,1996,36,33,2 862,31.août,3,1,4,3,0,0,4,1,01.août,01.août,0.6,02.avr,25,95,22,0.09,0.03,0.13,0.09,0.13,0.06,0.02,0.07,0.06,0.07
Marcos Mauro López Gutiérrez,ar ARG,DF,Cádiz,29,1991,24,22,1 825,20.mars,2,0,2,2,0,0,2,1,01.mai,01.mai,0.0,01.mai,2,13,0,0.10,0.00,0.10,0.10,0.10,0.07,0.00,0.08,0.07,0.08
Player,Nation,Pos,Squad,Age,Born,MP,Starts,Min,90s,Gls,Ast,G+A,G-PK,PK,PKatt,CrdY,CrdR,xG,npxG,xAG,npxG+xAG,PrgC,PrgP,PrgR,Gls,Ast,G+A,G-PK,G+A-PK,xG,xAG,xG+xAG,npxG,npxG+xAG
Miguel Gutiérrez,es ESP,DF,Real Madrid,19,2001,6,3,316,03.mai,0,1,1,0,0,0,0,0,0.0,0.0,0.3,0.3,13,21,27,0.00,0.28,0.28,0.00,0.28,0.00,0.08,0.08,0.00,0.08
Munir El Haddadi,ma MAR,FW,Sevilla,24,1995,24,9,845,09.avr,4,2,6,4,0,0,2,0,04.janv,04.janv,01.mai,05.juin,22,28,66,0.43,0.21,0.64,0.43,0.64,0.44,0.15,0.60,0.44,0.60
Eden Hazard,be BEL,FW MF,Real Madrid,29,1991,14,7,532,05.sept,3,2,5,3,0,0,0,0,01.févr,01.févr,0.8,2.0,25,20,71,0.51,0.34,0.85,0.51,0.85,0.21,0.14,0.34,0.21,0.34
Mario Hermoso,es ESP,DF,Atlético Madrid,25,1995,31,30,2 578,28.juin,1,1,2,1,0,0,6,0,01.janv,01.janv,0.6,01.juin,30,172,23,0.03,0.03,0.07,0.03,0.07,0.04,0.02,0.06,0.04,0.06
Aridane Hernández,es ESP,DF,Osasuna,31,1989,24,24,2 026,22.mai,0,0,0,0,0,0,3,1,0.1,0.1,0.4,0.6,3,43,0,0.00,0.00,0.00,0.00,0.00,0.01,0.02,0.02,0.01,0.02
Héctor Herrera,mx MEX,MF,Atlético Madrid,30,1990,16,8,682,07.juin,0,1,1,0,0,0,2,0,0.3,0.3,0.7,1.0,4,48,7,0.00,0.13,0.13,0.00,0.13,0.04,0.09,0.13,0.04,0.13
Sergio Herrera,es ESP,GK,Osasuna,27,1993,33,32,2 958,32.9,0,0,0,0,0,0,2,0,0.0,0.0,0.2,0.2,0,1,0,0.00,0.00,0.00,0.00,0.00,0.00,0.01,0.01,0.00,0.01
Yangel Herrera,ve VEN,MF,Granada,22,1998,32,25,2 31,25.juil,3,1,4,3,0,0,7,0,02.juin,02.juin,1.0,03.mai,13,117,36,0.12,0.04,0.16,0.12,0.16,0.10,0.04,0.14,0.10,0.14
Pablo Hervías,es ESP,DF MF,Valladolid,27,1993,27,10,1 204,13.avr,0,5,5,0,0,0,1,0,0.5,0.5,4.0,04.mai,73,53,66,0.00,0.37,0.37,0.00,0.37,0.04,0.30,0.34,0.04,0.34
Jordan Holsgrove,sct SCO,MF,Celta Vigo,20,1999,5,0,145,01.juin,0,0,0,0,0,0,0,0,0.1,0.1,0.0,0.1,1,3,4,0.00,0.00,0.00,0.00,0.00,0.04,0.03,0.07,0.04,0.07
Vicente Iborra,es ESP,MF,Villarreal,32,1988,13,10,928,10.mars,0,0,0,0,0,0,4,0,0.2,0.2,0.1,0.2,3,34,4,0.00,0.00,0.00,0.00,0.00,0.02,0.01,0.02,0.02,0.02
Oussama Idrissi,ma MAR,FW MF,Sevilla,24,1996,3,0,27,0.3,0,0,0,0,0,0,0,0,0.4,0.4,0.0,0.4,4,1,4,0.00,0.00,0.00,0.00,0.00,janv.41,0.00,janv.41,janv.41,janv.41
Iglesias,es ESP,DF MF,Getafe,22,1998,10,7,605,06.juil,0,0,0,0,0,0,2,0,0.1,0.1,0.4,0.5,5,13,14,0.00,0.00,0.00,0.00,0.00,0.02,0.05,0.07,0.02,0.07
Borja Iglesias,es ESP,FW,Betis,27,1993,28,15,1 411,15.juil,11,0,11,6,5,5,2,0,08.avr,04.avr,0.8,05.févr,7,11,72,0.70,0.00,0.70,0.38,0.38,0.53,0.05,0.58,0.28,0.33
Asier Illarramendi,es ESP,MF,Real Sociedad,30,1990,6,6,337,03.juil,0,0,0,0,0,0,2,0,0.0,0.0,0.0,0.0,5,29,3,0.00,0.00,0.00,0.00,0.00,0.00,0.01,0.01,0.00,0.01
Pablo Insua,es ESP,DF,Huesca,26,1993,20,17,1 587,17.juin,0,0,0,0,0,0,9,0,0.2,0.2,0.0,0.2,3,20,3,0.00,0.00,0.00,0.00,0.00,0.01,0.00,0.01,0.01,0.01
Takashi Inui,jp JPN,MF FW,Eibar,32,1988,28,22,1 819,20.févr,1,0,1,1,0,0,0,0,02.avr,02.avr,01.juil,04.févr,59,55,119,0.05,0.00,0.05,0.05,0.05,0.12,0.09,0.21,0.12,0.21
Alexander Isak,se SWE,FW,Real Sociedad,20,1999,34,30,2 34,26.0,17,2,19,17,0,1,4,0,16.août,16.0,01.août,17.août,44,44,153,0.65,0.08,0.73,0.65,0.73,0.64,0.07,0.71,0.61,0.68
Isco,es ESP,MF,Real Madrid,28,1992,25,8,908,10.janv,0,2,2,0,0,0,1,0,01.mai,01.mai,01.avr,3.0,36,109,52,0.00,0.20,0.20,0.00,0.20,0.15,0.14,0.29,0.15,0.29
Jairo Izquierdo,es ESP,MF DF,Cádiz,26,1993,30,11,1 277,14.févr,1,0,1,1,0,0,4,0,0.8,0.8,0.8,01.juin,33,28,57,0.07,0.00,0.07,0.07,0.07,0.05,0.06,0.11,0.05,0.11
Saidy Janko,gm GAM,DF,Valladolid,24,1995,19,14,1 22,13.juin,0,1,1,0,0,0,4,0,0.5,0.5,0.5,1.0,30,33,64,0.00,0.07,0.07,0.00,0.07,0.03,0.04,0.07,0.03,0.07
Adnan Januzaj,be BEL,FW MF,Real Sociedad,25,1995,27,12,1 014,11.mars,4,5,9,1,3,3,2,0,5.0,02.juin,4.0,06.juin,45,67,116,0.36,0.44,0.80,0.09,0.53,0.44,0.35,0.79,0.23,0.58
Jason,es ESP,MF DF,Valencia,26,1994,17,4,441,04.sept,0,0,0,0,0,0,4,1,0.2,0.2,0.5,0.7,17,13,23,0.00,0.00,0.00,0.00,0.00,0.04,0.11,0.14,0.04,0.14
Luis Javier Suárez,co COL,FW MF,Granada,22,1997,27,18,1 666,18.mai,5,1,6,5,0,0,6,0,06.avr,06.avr,2.0,08.avr,33,33,90,0.27,0.05,0.32,0.27,0.32,0.34,0.11,0.45,0.34,0.45
Joaquín,es ESP,FW MF,Betis,39,1981,27,16,1 291,14.mars,2,6,8,2,0,0,2,0,0.6,0.6,3.0,03.mai,46,77,121,0.14,0.42,0.56,0.14,0.56,0.04,0.21,0.25,0.04,0.25
Player,Nation,Pos,Squad,Age,Born,MP,Starts,Min,90s,Gls,Ast,G+A,G-PK,PK,PKatt,CrdY,CrdR,xG,npxG,xAG,npxG+xAG,PrgC,PrgP,PrgR,Gls,Ast,G+A,G-PK,G+A-PK,xG,xAG,xG+xAG,npxG,npxG+xAG
John Joe,ie IRL,MF FW,Getafe,16,2003,6,0,65,0.7,0,0,0,0,0,0,0,0,0.2,0.2,0.0,0.2,1,1,10,0.00,0.00,0.00,0.00,0.00,0.31,0.00,0.31,0.31,0.31
Frenkie de Jong,nl NED,MF DF,Barcelona,23,1997,37,35,3 154,35.0,3,4,7,3,0,0,5,0,04.août,04.août,05.août,10.juin,95,238,129,0.09,0.11,0.20,0.09,0.20,0.14,0.17,0.30,0.14,0.30
Luuk de Jong,nl NED,FW,Sevilla,29,1990,34,14,1 268,14.janv,4,0,4,4,0,0,3,0,04.juil,04.juil,1.0,05.juil,6,18,66,0.28,0.00,0.28,0.28,0.28,0.33,0.07,0.40,0.33,0.40
Jony,es ESP,MF FW,Osasuna,29,1991,22,9,871,09.juil,0,2,2,0,0,0,0,0,0.7,0.7,02.juil,03.mars,24,48,84,0.00,0.21,0.21,0.00,0.21,0.07,0.28,0.34,0.07,0.34
Joan Jordán,es ESP,MF,Sevilla,26,1994,35,28,2 406,26.juil,1,6,7,1,0,0,8,1,01.juil,01.juil,03.mars,04.sept,40,178,59,0.04,0.22,0.26,0.04,0.26,0.06,0.12,0.19,0.06,0.18
Josan,es ESP,MF DF,Elche,30,1989,33,24,1 926,21.avr,4,2,6,4,0,0,3,0,01.févr,01.févr,01.mai,02.août,65,40,92,0.19,0.09,0.28,0.19,0.28,0.06,0.07,0.13,0.06,0.13
Willian José,br BRA,FW,Real Sociedad,28,1991,13,8,689,07.juil,3,1,4,3,0,1,0,0,03.janv,02.mars,01.févr,03.juin,3,19,29,0.39,0.13,0.52,0.39,0.52,0.41,0.16,0.57,0.30,0.47
Joselu,es ESP,FW,Alavés,30,1990,37,34,3 026,33.6,11,3,14,9,2,4,1,0,12.août,09.juin,03.août,13.avr,25,99,137,0.33,0.09,0.42,0.27,0.36,0.38,0.11,0.49,0.28,0.40
Josema,es ESP,DF,Elche,24,1996,29,21,1 966,21.août,0,1,1,0,0,0,3,0,0.3,0.3,0.5,0.8,29,48,30,0.00,0.05,0.05,0.00,0.05,0.02,0.02,0.04,0.02,0.04
Jota,pt POR,MF FW,Valladolid,21,1999,17,7,668,07.avr,1,0,1,1,0,0,1,0,01.mai,01.mai,0.4,01.août,20,14,50,0.13,0.00,0.13,0.13,0.13,0.20,0.05,0.25,0.20,0.25
Jota,es ESP,MF,Alavés,29,1991,23,18,1 398,15.mai,0,2,2,0,0,0,5,1,0.8,0.8,02.août,03.juin,28,55,39,0.00,0.13,0.13,0.00,0.13,0.05,0.18,0.23,0.05,0.23
Luka Jović,rs SRB,FW,Real Madrid,22,1997,4,2,149,01.juil,0,0,0,0,0,0,0,0,0.9,0.9,0.1,1.0,2,0,4,0.00,0.00,0.00,0.00,0.00,0.55,0.06,0.62,0.55,0.62
Juanmi,es ESP,FW MF,Betis,27,1993,16,5,604,06.juil,2,0,2,2,0,0,1,0,02.avr,02.avr,0.1,02.mai,6,6,34,0.30,0.00,0.30,0.30,0.30,0.36,0.01,0.38,0.36,0.38
Vinicius Júnior,br BRA,FW,Real Madrid,20,2000,35,22,1 969,21.sept,3,3,6,3,0,0,3,0,06.mai,06.mai,04.août,11.mars,127,54,283,0.14,0.14,0.27,0.14,0.27,0.30,0.22,0.52,0.30,0.52
Jens Jønsson,dk DEN,MF,Cádiz,27,1993,35,33,2 615,29.janv,0,0,0,0,0,0,6,0,0.9,0.9,01.juil,02.juin,12,58,13,0.00,0.00,0.00,0.00,0.00,0.03,0.06,0.09,0.03,0.09
Damian Kądzior,pl POL,FW MF,Eibar,28,1992,6,2,195,02.févr,0,0,0,0,0,0,0,0,0.2,0.2,0.0,0.2,1,6,16,0.00,0.00,0.00,0.00,0.00,0.09,0.01,0.10,0.09,0.10
Lee Kang-in,kr KOR,FW MF,Valencia,19,2001,24,15,1 262,14.0,0,4,4,0,0,0,1,0,01.janv,01.janv,02.mai,03.juin,36,80,41,0.00,0.29,0.29,0.00,0.29,0.08,0.18,0.26,0.08,0.26
Stephane Keller,cm CMR,DF,Alavés,18,2001,1,0,16,0.2,0,0,0,0,0,0,0,0,0.0,0.0,0.0,0.0,0,1,0,0.00,0.00,0.00,0.00,0.00,0.00,0.00,0.00,0.00,0.00
Kenedy,br BRA,FW MF,Granada,24,1996,28,18,1 471,16.mars,4,3,7,4,0,0,3,0,2.0,2.0,02.juil,04.juil,30,23,59,0.24,0.18,0.43,0.24,0.43,0.12,0.16,0.29,0.12,0.29
Kiké,es ESP,FW,Eibar,30,1989,37,36,3 087,34.3,12,2,14,12,0,0,4,1,10.août,10.août,02.janv,12.sept,36,53,247,0.35,0.06,0.41,0.35,0.41,0.31,0.06,0.38,0.31,0.38
Giorgi Kochorashvili,ge GEO,MF,Levante,21,1999,3,0,23,0.3,0,0,0,0,0,0,0,0,0.0,0.0,0.0,0.1,0,0,1,0.00,0.00,0.00,0.00,0.00,0.07,0.16,0.23,0.07,0.23
Kenan Kodro,ba BIH,FW MF,Valladolid,26,1993,14,4,459,05.janv,0,0,0,0,0,0,1,0,01.mars,01.mars,0.2,01.avr,4,4,15,0.00,0.00,0.00,0.00,0.00,0.25,0.03,0.28,0.25,0.28
Kenan Kodro,ba BIH,FW MF,Athletic Club,26,1993,3,0,44,0.5,1,0,1,0,1,1,1,0,0.8,0.0,0.0,0.0,1,1,2,02.mai,0.00,02.mai,0.00,0.00,janv.66,0.00,janv.66,0.05,0.05
Koba Koindredi,fr FRA,MF,Valencia,18,2001,2,0,15,0.2,0,0,0,0,0,0,0,0,0.0,0.0,0.0,0.0,0,0,0,0.00,0.00,0.00,0.00,0.00,0.00,0.00,0.00,0.00,0.00
Koke,es ESP,MF,Atlético Madrid,28,1992,37,34,3 021,33.6,1,2,3,1,0,0,9,0,2.0,2.0,03.janv,05.janv,39,250,42,0.03,0.06,0.09,0.03,0.09,0.06,0.09,0.15,0.06,0.15
Player,Nation,Pos,Squad,Age,Born,MP,Starts,Min,90s,Gls,Ast,G+A,G-PK,PK,PKatt,CrdY,CrdR,xG,npxG,xAG,npxG+xAG,PrgC,PrgP,PrgR,Gls,Ast,G+A,G-PK,G+A-PK,xG,xAG,xG+xAG,npxG,npxG+xAG
Geoffrey Kondogbia,cf CTA,MF,Valencia,27,1993,5,5,440,04.sept,0,0,0,0,0,0,1,0,0.1,0.1,0.0,0.1,5,18,1,0.00,0.00,0.00,0.00,0.00,0.02,0.00,0.02,0.02,0.02
Geoffrey Kondogbia,cf CTA,MF,Atlético Madrid,27,1993,25,4,611,06.août,0,0,0,0,0,0,4,0,0.2,0.2,0.4,0.6,14,37,4,0.00,0.00,0.00,0.00,0.00,0.02,0.06,0.09,0.02,0.09
Youssouf Koné,ml MLI,DF MF,Elche,25,1995,3,1,73,0.8,0,0,0,0,0,0,0,0,0.0,0.0,0.0,0.0,0,1,5,0.00,0.00,0.00,0.00,0.00,0.00,0.00,0.00,0.00,0.00
Jules Koundé,fr FRA,DF,Sevilla,21,1998,34,33,2 975,33.1,2,1,3,2,0,0,4,0,2.0,2.0,0.9,02.sept,45,167,26,0.06,0.03,0.09,0.06,0.09,0.06,0.03,0.09,0.06,0.09
Toni Kroos,de GER,MF,Real Madrid,30,1990,28,24,2 117,23.mai,3,10,13,3,0,0,6,0,02.mars,02.mars,06.sept,09.janv,43,269,47,0.13,0.43,0.55,0.13,0.55,0.10,0.29,0.39,0.10,0.39
Takefusa Kubo,jp JPN,MF FW,Villarreal,19,2001,13,2,299,03.mars,0,0,0,0,0,0,2,1,01.mai,01.mai,01.janv,02.mai,18,15,31,0.00,0.00,0.00,0.00,0.00,0.45,0.32,0.76,0.45,0.76
Takefusa Kubo,jp JPN,MF FW,Getafe,19,2001,18,8,805,08.sept,1,1,2,1,0,0,2,0,0.7,0.7,01.févr,01.sept,21,25,57,0.11,0.11,0.22,0.11,0.22,0.08,0.13,0.21,0.08,0.21
Kuki,es ESP,MF,Valladolid,22,1998,2,0,30,0.3,0,1,1,0,0,0,0,0,0.0,0.0,0.0,0.0,1,1,1,0.00,3.00,3.00,0.00,3.00,0.00,0.07,0.07,0.00,0.07
Víctor Laguardia,es ESP,DF,Alavés,30,1989,32,30,2 631,29.2,0,1,1,0,0,0,5,1,01.mars,01.mars,0.6,01.sept,10,50,3,0.00,0.03,0.03,0.00,0.03,0.04,0.02,0.06,0.04,0.06
Diego Lainez,mx MEX,FW MF,Betis,20,2000,21,8,862,09.juin,0,2,2,0,0,0,5,0,0.8,0.8,0.5,01.mars,49,36,81,0.00,0.21,0.21,0.00,0.21,0.08,0.06,0.14,0.08,0.14
Toni Lato,es ESP,DF,Valencia,22,1997,15,8,728,08.janv,1,0,1,1,0,0,3,0,0.7,0.7,0.2,0.8,6,19,30,0.12,0.00,0.12,0.12,0.12,0.08,0.02,0.10,0.08,0.10
Lauti,uy URU,MF,Celta Vigo,19,2001,1,0,14,0.2,0,0,0,0,0,0,0,0,0.0,0.0,0.0,0.0,0,0,1,0.00,0.00,0.00,0.00,0.00,0.00,0.00,0.00,0.00,0.00
Robin Le Normand,es ESP,DF,Real Sociedad,23,1996,33,30,2 747,30.mai,0,1,1,0,0,0,5,1,02.mars,02.mars,0.4,02.juil,22,101,4,0.00,0.03,0.03,0.00,0.03,0.07,0.01,0.09,0.07,0.09
Jeremías Ledesma,ar ARG,GK,Cádiz,27,1993,32,32,2 88,32.0,0,0,0,0,0,0,0,0,0.0,0.0,0.0,0.0,0,1,0,0.00,0.00,0.00,0.00,0.00,0.00,0.00,0.00,0.00,0.00
Florian Lejeune,fr FRA,DF,Alavés,29,1991,34,34,3 015,33.5,1,1,2,1,0,0,10,0,02.avr,02.avr,0.9,03.mars,5,66,5,0.03,0.03,0.06,0.03,0.06,0.07,0.03,0.10,0.07,0.10
Iñigo Lekue,es ESP,DF,Athletic Club,27,1993,18,5,644,07.févr,0,0,0,0,0,0,1,0,0.1,0.1,0.4,0.4,23,27,33,0.00,0.00,0.00,0.00,0.00,0.01,0.05,0.06,0.01,0.06
Thomas Lemar,fr FRA,MF,Atlético Madrid,24,1995,27,19,1 366,15.févr,1,3,4,1,0,0,4,0,01.juin,01.juin,2.0,03.juin,37,78,102,0.07,0.20,0.26,0.07,0.26,0.10,0.13,0.24,0.10,0.24
Clément Lenglet,fr FRA,DF,Barcelona,25,1995,33,29,2 475,27.mai,1,0,1,1,0,0,11,2,01.août,01.août,0.8,02.juil,33,181,9,0.04,0.00,0.04,0.04,0.04,0.07,0.03,0.10,0.07,0.10
Pedro León,es ESP,MF FW,Eibar,33,1986,24,10,935,10.avr,1,2,3,1,0,0,2,0,01.mars,01.mars,02.juin,03.sept,16,19,72,0.10,0.19,0.29,0.10,0.29,0.12,0.25,0.37,0.12,0.37
Sergio León,es ESP,FW,Levante,31,1989,28,6,748,08.mars,2,0,2,2,0,0,0,0,02.mai,02.mai,0.3,02.août,6,11,42,0.24,0.00,0.24,0.24,0.24,0.30,0.03,0.34,0.30,0.34
Diego Llorente,es ESP,DF,Real Sociedad,26,1993,1,1,90,1.0,0,0,0,0,0,0,0,0,0.0,0.0,0.0,0.0,2,3,0,0.00,0.00,0.00,0.00,0.00,0.00,0.00,0.00,0.00,0.00
Marcos Llorente,es ESP,MF FW,Atlético Madrid,25,1995,37,33,2 956,32.8,12,11,23,12,0,0,6,0,03.avr,03.avr,05.juin,9.0,90,140,215,0.37,0.33,0.70,0.37,0.70,0.10,0.17,0.28,0.10,0.28
Renan Lodi,br BRA,DF FW,Atlético Madrid,22,1998,23,11,1 129,12.mai,1,2,3,1,0,0,3,0,0.8,0.8,01.août,02.juin,44,36,126,0.08,0.16,0.24,0.08,0.24,0.06,0.14,0.21,0.06,0.21
Adrián López,es ESP,FW MF,Osasuna,32,1988,17,5,481,05.mars,1,1,2,1,0,0,0,0,01.avr,01.avr,0.2,01.juin,12,23,43,0.19,0.19,0.37,0.19,0.37,0.27,0.03,0.30,0.27,0.30
Javi López,es ESP,DF MF,Alavés,18,2002,9,1,248,02.août,0,0,0,0,0,0,1,1,0.1,0.1,0.1,0.2,6,7,8,0.00,0.00,0.00,0.00,0.00,0.04,0.05,0.09,0.04,0.09
Player,Nation,Pos,Squad,Age,Born,MP,Starts,Min,90s,Gls,Ast,G+A,G-PK,PK,PKatt,CrdY,CrdR,xG,npxG,xAG,npxG+xAG,PrgC,PrgP,PrgR,Gls,Ast,G+A,G-PK,G+A-PK,xG,xAG,xG+xAG,npxG,npxG+xAG
Pedro López Muñoz,es ESP,DF,Huesca,36,1983,22,10,1 067,11.sept,0,1,1,0,0,0,2,0,0.1,0.1,01.juin,01.juil,16,48,48,0.00,0.08,0.08,0.00,0.08,0.01,0.14,0.15,0.01,0.15
Roberto López,es ESP,MF FW,Real Sociedad,20,2000,17,4,505,05.juin,3,0,3,3,0,0,0,0,0.5,0.5,1.0,01.mai,7,30,29,0.53,0.00,0.53,0.53,0.53,0.10,0.18,0.27,0.10,0.27
Unai López,es ESP,MF,Athletic Club,24,1995,26,15,1 424,15.août,3,0,3,3,0,0,7,0,01.janv,01.janv,01.juil,02.août,25,97,14,0.19,0.00,0.19,0.19,0.19,0.07,0.11,0.18,0.07,0.18
Anthony Lozano,hn HON,FW,Cádiz,27,1993,29,18,1 523,16.sept,3,1,4,3,0,0,5,0,05.juil,05.juil,0.8,06.avr,33,39,72,0.18,0.06,0.24,0.18,0.24,0.33,0.05,0.38,0.33,0.38
Jeison Lucumí,co COL,MF,Elche,25,1995,2,1,49,0.5,0,0,0,0,0,0,0,0,0.0,0.0,0.0,0.0,2,1,1,0.00,0.00,0.00,0.00,0.00,0.00,0.00,0.00,0.00,0.00
José Luis Gayà,es ESP,DF,Valencia,25,1995,33,32,2 846,31.6,1,7,8,1,0,0,6,0,02.juin,02.juin,03.sept,06.mai,62,119,201,0.03,0.22,0.25,0.03,0.25,0.08,0.12,0.21,0.08,0.21
José Luis Morales,es ESP,MF FW,Levante,33,1987,38,30,2 439,27.janv,13,3,16,13,0,1,3,0,07.févr,06.mai,04.sept,11.avr,77,75,190,0.48,0.11,0.59,0.48,0.59,0.27,0.18,0.45,0.24,0.42
Luisinho,pt POR,DF,Huesca,35,1985,5,2,179,2.0,0,0,0,0,0,0,1,0,0.0,0.0,0.1,0.1,4,8,6,0.00,0.00,0.00,0.00,0.00,0.01,0.03,0.04,0.01,0.04
Luismi,es ESP,MF DF,Elche,28,1992,11,2,168,01.sept,0,0,0,0,0,0,0,0,0.0,0.0,0.0,0.0,0,6,2,0.00,0.00,0.00,0.00,0.00,0.00,0.00,0.00,0.00,0.00
Darwin Machís,ve VEN,FW MF,Granada,27,1993,32,21,2 026,22.mai,5,5,10,5,0,1,1,0,05.janv,04.mars,5.0,09.mars,68,37,119,0.22,0.22,0.44,0.22,0.44,0.22,0.22,0.45,0.19,0.41
Pablo Maffeo,es ESP,DF,Huesca,23,1997,25,25,1 964,21.août,1,4,5,1,0,0,4,0,0.7,0.7,02.juil,03.avr,47,60,112,0.05,0.18,0.23,0.05,0.23,0.03,0.12,0.15,0.03,0.15
Abdallahi Mahmoud,mr MTN,MF,Alavés,20,2000,2,1,66,0.7,0,0,0,0,0,0,0,0,0.0,0.0,0.0,0.0,0,1,0,0.00,0.00,0.00,0.00,0.00,0.00,0.03,0.03,0.00,0.03
Nemanja Maksimović,rs SRB,MF,Getafe,25,1995,35,34,2 728,30.mars,1,0,1,1,0,0,5,0,2.0,2.0,0.9,02.sept,20,55,32,0.03,0.00,0.03,0.03,0.03,0.07,0.03,0.10,0.07,0.10
Filip Malbašić,rs SRB,FW MF,Cádiz,27,1992,28,8,860,09.juin,0,1,1,0,0,0,2,0,0.8,0.8,0.7,01.mai,19,18,41,0.00,0.10,0.10,0.00,0.10,0.08,0.08,0.16,0.08,0.16
Hugo Mallo,es ESP,DF,Celta Vigo,29,1991,31,30,2 602,28.sept,3,1,4,3,0,0,8,0,02.juin,02.juin,03.janv,05.juin,55,112,153,0.10,0.03,0.14,0.10,0.14,0.09,0.11,0.19,0.09,0.19
Mickael Malsa,mq MTQ,MF,Levante,24,1995,35,25,2 338,26.0,1,0,1,1,0,0,5,0,01.juin,01.juin,0.6,02.févr,24,137,15,0.04,0.00,0.04,0.04,0.04,0.06,0.02,0.09,0.06,0.09
Aïssa Mandi,dz ALG,DF,Betis,28,1991,28,27,2 392,26.juin,3,1,4,3,0,0,6,2,02.janv,02.janv,0.7,02.août,5,62,3,0.11,0.04,0.15,0.11,0.15,0.08,0.03,0.11,0.08,0.11
Eliaquim Mangala,fr FRA,DF,Valencia,29,1991,7,4,321,03.juin,0,0,0,0,0,0,1,0,0.2,0.2,0.0,0.2,0,3,0,0.00,0.00,0.00,0.00,0.00,0.05,0.00,0.05,0.05,0.05
Marcelo,br BRA,DF MF,Real Madrid,32,1988,16,12,1 05,11.juil,0,2,2,0,0,0,3,0,0.5,0.5,01.mai,2.0,24,96,92,0.00,0.17,0.17,0.00,0.17,0.04,0.13,0.17,0.04,0.17
Iván Marcone,ar ARG,MF,Elche,30,1990,33,30,2 645,29.avr,0,0,0,0,0,0,10,1,0.1,0.1,0.6,0.7,15,104,11,0.00,0.00,0.00,0.00,0.00,0.00,0.02,0.02,0.00,0.02
Óscar de Marcos,es ESP,DF MF,Athletic Club,31,1989,25,17,1 52,16.sept,1,2,3,1,0,0,2,0,01.août,01.août,01.juil,03.mai,54,49,107,0.06,0.12,0.18,0.06,0.18,0.11,0.10,0.21,0.11,0.21
José Mari,es ESP,MF,Cádiz,32,1987,22,18,1 451,16.janv,1,0,1,0,1,1,5,0,01.févr,0.4,0.5,1.0,8,38,10,0.06,0.00,0.06,0.00,0.00,0.08,0.03,0.11,0.03,0.06
José María Giménez,uy URU,DF,Atlético Madrid,25,1995,21,20,1 765,19.juin,0,0,0,0,0,0,5,0,01.janv,01.janv,0.2,01.avr,11,59,4,0.00,0.00,0.00,0.00,0.00,0.06,0.01,0.07,0.06,0.07
Mariano,do DOM,FW,Real Madrid,26,1993,16,5,513,05.juil,1,0,1,1,0,0,0,0,01.juil,01.juil,0.1,01.août,7,8,30,0.18,0.00,0.18,0.18,0.18,0.29,0.02,0.31,0.29,0.31
Adrián Marín,es ESP,DF MF,Alavés,23,1997,5,1,93,1.0,0,0,0,0,0,0,0,0,0.1,0.1,0.0,0.1,1,6,6,0.00,0.00,0.00,0.00,0.00,0.07,0.05,0.12,0.07,0.12
Player,Nation,Pos,Squad,Age,Born,MP,Starts,Min,90s,Gls,Ast,G+A,G-PK,PK,PKatt,CrdY,CrdR,xG,npxG,xAG,npxG+xAG,PrgC,PrgP,PrgR,Gls,Ast,G+A,G-PK,G+A-PK,xG,xAG,xG+xAG,npxG,npxG+xAG
Adrián Marín,es ESP,DF MF,Granada,23,1997,9,3,269,3.0,0,1,1,0,0,0,1,0,0.1,0.1,0.3,0.3,5,17,2,0.00,0.33,0.33,0.00,0.33,0.02,0.08,0.10,0.02,0.10
Roger Martí,es ESP,FW,Levante,29,1991,33,26,2 198,24.avr,12,4,16,10,2,4,4,0,09.juil,06.mai,02.août,09.mars,13,44,155,0.49,0.16,0.66,0.41,0.57,0.40,0.12,0.51,0.27,0.38
Aarón Martín,es ESP,DF,Celta Vigo,23,1997,19,17,1 54,17.janv,0,3,3,0,0,0,1,0,0.2,0.2,0.8,1.0,32,42,86,0.00,0.18,0.18,0.00,0.18,0.01,0.05,0.06,0.01,0.06
Álex Martín,es ESP,DF,Cádiz,22,1998,2,1,96,01.janv,0,0,0,0,0,0,0,0,0.0,0.0,0.0,0.0,1,3,1,0.00,0.00,0.00,0.00,0.00,0.00,0.00,0.00,0.00,0.00
Iñigo Martínez,es ESP,DF,Athletic Club,29,1991,28,28,2 519,28.0,1,0,1,1,0,0,9,1,01.janv,01.janv,0.5,01.juin,31,125,7,0.04,0.00,0.04,0.04,0.04,0.04,0.02,0.06,0.04,0.06
Javi Martínez,es ESP,MF FW,Osasuna,20,1999,13,6,460,05.janv,1,1,2,1,0,0,1,0,0.7,0.7,0.4,1.0,4,11,19,0.20,0.20,0.39,0.20,0.39,0.13,0.07,0.20,0.13,0.20
Marvin,es ESP,DF MF,Real Madrid,20,2000,4,2,133,01.mai,0,1,1,0,0,0,0,0,0.1,0.1,0.1,0.2,6,6,10,0.00,0.68,0.68,0.00,0.68,0.04,0.07,0.11,0.04,0.11
Jordi Masip,es ESP,GK,Valladolid,31,1989,25,25,2 25,25.0,0,0,0,0,0,0,3,0,0.0,0.0,0.0,0.0,0,0,0,0.00,0.00,0.00,0.00,0.00,0.00,0.00,0.00,0.00,0.00
Jaime Mata,es ESP,FW,Getafe,31,1988,33,23,2 037,22.juin,5,0,5,4,1,2,9,1,7.0,05.mai,01.févr,06.juil,14,32,134,0.22,0.00,0.22,0.18,0.18,0.31,0.05,0.36,0.24,0.29
Borja Mayoral,es ESP,FW,Real Madrid,23,1997,2,0,23,0.3,0,0,0,0,0,0,0,0,0.0,0.0,0.0,0.0,0,0,5,0.00,0.00,0.00,0.00,0.00,0.00,0.00,0.00,0.00,0.00
Gonzalo Melero,es ESP,MF FW,Levante,26,1994,29,21,1 853,20.juin,7,1,8,7,0,0,4,0,03.juil,03.juil,01.mai,05.févr,32,112,56,0.34,0.05,0.39,0.34,0.39,0.18,0.07,0.25,0.18,0.25
Brais Méndez,es ESP,MF FW,Celta Vigo,23,1997,34,30,2 671,29.juil,9,0,9,8,1,1,8,0,08.févr,07.avr,02.mars,09.août,37,118,144,0.30,0.00,0.30,0.27,0.27,0.28,0.08,0.36,0.25,0.33
Édgar Méndez,es ESP,MF FW,Alavés,30,1990,33,26,2 09,23.févr,5,1,6,5,0,0,12,1,05.mai,05.mai,01.juin,7.0,47,23,115,0.22,0.04,0.26,0.22,0.26,0.24,0.07,0.30,0.24,0.30
Eñaut Mendía,es ESP,FW,Eibar,21,1999,1,1,61,0.7,0,0,0,0,0,0,1,0,0.0,0.0,0.0,0.0,0,1,5,0.00,0.00,0.00,0.00,0.00,0.04,0.00,0.04,0.04,0.04
Ferland Mendy,fr FRA,DF,Real Madrid,25,1995,26,24,2 208,24.mai,1,0,1,1,0,0,3,0,0.8,0.8,0.9,01.juil,87,97,149,0.04,0.00,0.04,0.04,0.04,0.03,0.04,0.07,0.03,0.07
Mikel Merino,es ESP,MF,Real Sociedad,24,1996,26,25,2 154,23.sept,2,4,6,2,0,0,5,0,03.juin,03.juin,03.avr,7.0,28,181,75,0.08,0.17,0.25,0.08,0.25,0.15,0.14,0.29,0.15,0.29
Martín Merquelanz,es ESP,MF FW,Real Sociedad,25,1995,13,4,549,06.janv,0,1,1,0,0,0,0,0,01.févr,01.févr,02.janv,03.mars,18,19,58,0.00,0.16,0.16,0.00,0.16,0.20,0.34,0.54,0.20,0.54
Roque Mesa,es ESP,MF,Valladolid,31,1989,25,21,1 761,19.juin,1,0,1,0,1,1,4,1,01.juil,0.9,0.8,01.juil,44,106,45,0.05,0.00,0.05,0.00,0.00,0.08,0.04,0.13,0.04,0.09
Lionel Messi,ar ARG,FW MF,Barcelona,33,1987,35,33,3 023,33.6,30,9,39,27,3,5,4,0,22.janv,17.août,09.mai,27.févr,215,335,263,0.89,0.27,janv.16,0.80,01.juil,0.66,0.28,0.94,0.53,0.81
Omenuke Mfulu,cd COD,MF,Elche,26,1994,20,9,789,08.août,0,0,0,0,0,0,4,0,0.1,0.1,0.1,0.2,3,18,1,0.00,0.00,0.00,0.00,0.00,0.01,0.01,0.02,0.01,0.02
Míchel,es ESP,MF,Valladolid,32,1988,22,10,946,10.mai,2,0,2,2,0,0,3,0,0.5,0.5,0.6,01.janv,13,65,12,0.19,0.00,0.19,0.19,0.19,0.05,0.06,0.11,0.05,0.11
Éder Militão,br BRA,DF,Real Madrid,22,1998,14,13,1 133,12.juin,1,0,1,1,0,0,3,1,01.janv,01.janv,0.0,01.janv,13,24,5,0.08,0.00,0.08,0.08,0.08,0.08,0.00,0.08,0.08,0.08
Luis Milla,es ESP,MF,Granada,25,1994,16,14,1 253,13.sept,1,1,2,1,0,0,1,0,0.6,0.6,02.mars,02.sept,11,56,21,0.07,0.07,0.14,0.07,0.14,0.04,0.17,0.21,0.04,0.21
Pere Milla,es ESP,FW MF,Elche,27,1992,32,22,1 981,22.0,4,3,7,4,0,0,6,0,5.0,5.0,02.janv,07.janv,27,46,79,0.18,0.14,0.32,0.18,0.32,0.23,0.10,0.32,0.23,0.32
Álex Millán,es ESP,FW,Villarreal,20,1999,1,0,2,0.0,0,0,0,0,0,0,0,0,0.0,0.0,0.0,0.0,0,0,0,0.00,0.00,0.00,0.00,0.00,0.00,0.00,0.00,0.00,0.00
Player,Nation,Pos,Squad,Age,Born,MP,Starts,Min,90s,Gls,Ast,G+A,G-PK,PK,PKatt,CrdY,CrdR,xG,npxG,xAG,npxG+xAG,PrgC,PrgP,PrgR,Gls,Ast,G+A,G-PK,G+A-PK,xG,xAG,xG+xAG,npxG,npxG+xAG
Santi Mina,es ESP,FW,Celta Vigo,24,1995,34,29,2 412,26.août,12,3,15,11,1,1,4,0,09.févr,08.avr,01.sept,10.mars,17,40,135,0.45,0.11,0.56,0.41,0.52,0.34,0.07,0.41,0.31,0.38
Óscar Mingueza,es ESP,DF,Barcelona,21,1999,27,23,1 901,21.janv,2,2,4,2,0,0,4,0,1.0,1.0,0.9,01.sept,23,99,33,0.09,0.09,0.19,0.09,0.19,0.05,0.04,0.09,0.05,0.09
Rafa Mir,es ESP,FW,Huesca,23,1997,38,32,2 877,32.0,13,1,14,11,2,3,2,0,15.mars,13.0,1.0,13.sept,42,39,117,0.41,0.03,0.44,0.34,0.38,0.48,0.03,0.51,0.41,0.44
Jorge Miramón,es ESP,DF,Levante,31,1989,26,19,1 732,19.févr,0,3,3,0,0,0,1,0,0.5,0.5,01.juil,02.févr,48,83,93,0.00,0.16,0.16,0.00,0.16,0.03,0.09,0.11,0.03,0.11
Juan Miranda,es ESP,DF,Betis,20,2000,22,18,1 652,18.avr,1,2,3,1,0,0,4,0,0.7,0.7,01.mai,02.févr,21,68,89,0.05,0.11,0.16,0.05,0.16,0.04,0.08,0.12,0.04,0.12
Luka Modrić,hr CRO,MF,Real Madrid,34,1985,35,32,2 733,30.avr,5,3,8,5,0,0,4,0,02.mars,02.mars,04.juin,06.sept,67,283,108,0.16,0.10,0.26,0.16,0.26,0.08,0.15,0.23,0.08,0.23
Johan Mojica,co COL,DF,Elche,27,1992,17,14,1 204,13.avr,0,0,0,0,0,0,3,0,0.2,0.2,0.8,1.0,26,35,47,0.00,0.00,0.00,0.00,0.00,0.01,0.06,0.07,0.01,0.07
Guillem Molina,es ESP,DF,Valencia,20,2000,2,1,153,01.juil,0,0,0,0,0,0,1,0,0.0,0.0,0.0,0.0,0,2,0,0.00,0.00,0.00,0.00,0.00,0.00,0.00,0.00,0.00,0.00
Jorge Molina,es ESP,FW,Granada,38,1982,33,17,1 615,17.sept,8,2,10,8,0,1,3,0,6.0,05.févr,02.mars,07.mai,7,56,95,0.45,0.11,0.56,0.45,0.56,0.33,0.13,0.46,0.29,0.42
Victor Mollejo,es ESP,MF DF,Getafe,19,2001,4,0,72,0.8,0,0,0,0,0,0,0,0,0.0,0.0,0.1,0.1,3,2,8,0.00,0.00,0.00,0.00,0.00,0.00,0.11,0.11,0.00,0.11
Jon Moncayola,es ESP,MF,Osasuna,22,1998,36,28,2 66,29.juin,2,0,2,2,0,0,7,1,01.avr,01.avr,01.avr,02.juil,27,111,45,0.07,0.00,0.07,0.07,0.07,0.05,0.05,0.09,0.05,0.09
Nacho Monreal,es ESP,DF,Real Sociedad,34,1986,26,23,2 082,23.janv,1,1,2,1,0,0,1,0,01.févr,01.févr,01.mars,02.mai,24,71,119,0.04,0.04,0.09,0.04,0.09,0.05,0.06,0.11,0.05,0.11
Ángel Montoro,es ESP,MF,Granada,32,1988,22,17,1 362,15.janv,1,1,2,0,1,1,6,0,01.mars,0.5,02.juil,03.févr,1,91,22,0.07,0.07,0.13,0.00,0.07,0.09,0.18,0.26,0.04,0.21
Martín Montoya,es ESP,DF,Betis,29,1991,5,2,239,02.juil,0,0,0,0,0,0,0,1,0.1,0.1,0.4,0.5,4,17,19,0.00,0.00,0.00,0.00,0.00,0.04,0.14,0.18,0.04,0.18
Emre Mor,tr TUR,FW MF,Celta Vigo,23,1997,11,6,500,05.juin,0,0,0,0,0,0,2,0,0.4,0.4,0.3,0.7,9,7,21,0.00,0.00,0.00,0.00,0.00,0.07,0.05,0.12,0.07,0.12
Jon Morcillo,es ESP,MF FW,Athletic Club,21,1998,30,16,1 363,15.janv,2,2,4,2,0,0,3,0,01.févr,01.févr,02.juin,03.sept,54,51,142,0.13,0.13,0.26,0.13,0.26,0.08,0.17,0.26,0.08,0.26
Alberto Moreno,es ESP,DF,Villarreal,28,1992,5,2,193,02.janv,0,0,0,0,0,0,0,0,0.2,0.2,0.0,0.2,10,9,16,0.00,0.00,0.00,0.00,0.00,0.10,0.00,0.10,0.10,0.10
Álex Moreno,es ESP,DF,Betis,27,1993,23,20,1 786,19.août,0,2,2,0,0,0,4,0,0.9,0.9,02.août,03.juil,61,65,85,0.00,0.10,0.10,0.00,0.10,0.05,0.14,0.19,0.05,0.19
Gerard Moreno,es ESP,FW,Villarreal,28,1992,33,30,2 673,29.juil,23,7,30,13,10,10,3,0,18.sept,11.janv,07.avr,18.mai,49,132,233,0.77,0.24,01.janv,0.44,0.67,0.63,0.25,0.88,0.37,0.62
Tete Morente,es ESP,MF FW,Elche,23,1996,30,23,2 019,22.avr,2,5,7,2,0,0,5,0,01.juil,01.juil,01.sept,03.juin,45,48,130,0.09,0.22,0.31,0.09,0.31,0.07,0.08,0.16,0.07,0.16
Ilaix Moriba,gn GUI,MF,Barcelona,17,2003,14,4,542,6.0,1,2,3,1,0,0,1,0,0.8,0.8,0.9,01.juil,16,25,20,0.17,0.33,0.50,0.17,0.50,0.13,0.15,0.29,0.13,0.29
Loren Morón,es ESP,FW,Betis,26,1993,26,9,991,11.0,1,0,1,1,0,0,2,0,02.août,02.août,0.4,03.févr,6,23,49,0.09,0.00,0.09,0.09,0.09,0.26,0.03,0.29,0.26,0.29
Pedro Mosquera,es ESP,MF,Huesca,32,1988,27,24,2 05,22.août,0,0,0,0,0,0,1,0,0.3,0.3,0.7,1.0,18,141,8,0.00,0.00,0.00,0.00,0.00,0.01,0.03,0.04,0.01,0.04
Javi Moyano,es ESP,DF,Valladolid,34,1986,2,2,103,01.janv,0,0,0,0,0,0,0,0,0.0,0.0,0.0,0.0,0,1,3,0.00,0.00,0.00,0.00,0.00,0.00,0.00,0.00,0.00,0.00
Iker Muniain,es ESP,MF FW,Athletic Club,27,1992,28,23,1 943,21.juin,5,3,8,5,0,0,1,0,04.mai,04.mai,03.avr,07.sept,72,164,133,0.23,0.14,0.37,0.23,0.37,0.21,0.16,0.37,0.21,0.37
Player,Nation,Pos,Squad,Age,Born,MP,Starts,Min,90s,Gls,Ast,G+A,G-PK,PK,PKatt,CrdY,CrdR,xG,npxG,xAG,npxG+xAG,PrgC,PrgP,PrgR,Gls,Ast,G+A,G-PK,G+A-PK,xG,xAG,xG+xAG,npxG,npxG+xAG
Aihen Muñoz,es ESP,DF,Real Sociedad,22,1997,16,14,1 21,13.avr,0,1,1,0,0,0,6,0,0.3,0.3,0.5,0.7,30,41,59,0.00,0.07,0.07,0.00,0.07,0.02,0.04,0.06,0.02,0.06
Joaquín Muñoz,es ESP,FW,Huesca,21,1999,3,0,41,0.5,0,0,0,0,0,0,0,0,0.0,0.0,0.0,0.1,2,2,6,0.00,0.00,0.00,0.00,0.00,0.08,0.05,0.13,0.08,0.13
Jeison Murillo,co COL,DF,Celta Vigo,28,1992,31,31,2 699,30.0,2,0,2,2,0,0,11,1,0.8,0.8,0.2,1.0,4,53,2,0.07,0.00,0.07,0.07,0.07,0.03,0.01,0.03,0.03,0.03
Yunus Musah,us USA,MF,Valencia,17,2002,32,17,1 53,17.0,1,0,1,1,0,0,2,0,01.janv,01.janv,01.janv,02.févr,43,20,89,0.06,0.00,0.06,0.06,0.06,0.06,0.07,0.13,0.06,0.13
Yoshinori Mutō,jp JPN,FW MF,Eibar,28,1992,26,13,1 122,12.mai,1,1,2,1,0,0,1,0,02.mai,02.mai,01.mars,03.août,14,21,71,0.08,0.08,0.16,0.08,0.16,0.20,0.10,0.31,0.20,0.31
Nacho,es ESP,DF,Valladolid,31,1989,23,21,1 813,20.janv,0,1,1,0,0,0,3,1,0.6,0.6,01.avr,2.0,28,80,67,0.00,0.05,0.05,0.00,0.05,0.03,0.07,0.10,0.03,0.10
Nacho,es ESP,DF,Real Madrid,30,1990,24,22,2,22.févr,1,0,1,1,0,0,8,0,01.janv,01.janv,0.3,01.avr,42,72,37,0.05,0.00,0.05,0.05,0.05,0.05,0.01,0.06,0.05,0.06
Nano,es ESP,FW,Cádiz,25,1995,1,0,9,0.1,0,0,0,0,0,0,0,0,0.0,0.0,0.0,0.0,0,0,1,0.00,0.00,0.00,0.00,0.00,0.00,0.00,0.00,0.00,0.00
Roberto Navarro,es ESP,MF,Real Sociedad,18,2002,1,0,35,0.4,0,0,0,0,0,0,0,0,0.0,0.0,0.1,0.1,1,3,1,0.00,0.00,0.00,0.00,0.00,0.00,0.27,0.27,0.00,0.27
Ximo Navarro,es ESP,DF,Alavés,30,1990,31,28,2 375,26.avr,1,1,2,1,0,0,6,0,0.4,0.4,0.6,1.0,28,59,27,0.04,0.04,0.08,0.04,0.08,0.02,0.02,0.04,0.02,0.04
Jesús Navas,es ESP,DF,Sevilla,34,1985,34,34,2 827,31.4,0,6,6,0,0,0,4,0,01.janv,01.janv,07.juin,08.août,108,152,278,0.00,0.19,0.19,0.00,0.19,0.04,0.24,0.28,0.04,0.28
Raúl Navas,es ESP,DF,Osasuna,32,1988,2,2,168,01.sept,0,0,0,0,0,0,0,0,0.0,0.0,0.0,0.0,0,4,0,0.00,0.00,0.00,0.00,0.00,0.00,0.02,0.02,0.00,0.02
Álvaro Negredo,es ESP,FW,Cádiz,34,1985,35,29,2 198,24.avr,8,4,12,8,0,0,5,1,05.juil,05.juil,03.sept,09.juin,18,44,69,0.33,0.16,0.49,0.33,0.49,0.23,0.16,0.39,0.23,0.39
Neto,br BRA,GK,Barcelona,31,1989,7,7,630,7.0,0,0,0,0,0,0,0,0,0.0,0.0,0.0,0.0,0,1,0,0.00,0.00,0.00,0.00,0.00,0.00,0.00,0.00,0.00,0.00
Carlos Neva,es ESP,DF,Granada,24,1996,22,21,1 797,20.0,0,0,0,0,0,0,1,0,0.5,0.5,0.3,0.8,17,34,54,0.00,0.00,0.00,0.00,0.00,0.03,0.01,0.04,0.03,0.04
Mamor Niang,es ESP,MF FW,Getafe,18,2002,1,0,22,0.2,0,0,0,0,0,0,0,0,0.1,0.1,0.0,0.1,0,0,2,0.00,0.00,0.00,0.00,0.00,0.28,0.00,0.28,0.28,0.28
Nieto,es ESP,FW DF,Cádiz,22,1998,2,0,14,0.2,0,0,0,0,0,0,0,0,0.1,0.1,0.2,0.3,0,0,0,0.00,0.00,0.00,0.00,0.00,0.57,janv.17,janv.74,0.57,janv.74
Saúl Ñíguez,es ESP,MF DF,Atlético Madrid,25,1994,33,22,2 033,22.juin,2,1,3,2,0,1,10,0,02.août,01.sept,01.juil,03.juil,19,82,93,0.09,0.04,0.13,0.09,0.13,0.12,0.08,0.20,0.08,0.16
Nino,es ESP,FW MF,Elche,40,1980,16,0,284,03.févr,0,0,0,0,0,0,1,0,0.6,0.6,0.7,01.mars,7,6,15,0.00,0.00,0.00,0.00,0.00,0.20,0.23,0.42,0.20,0.42
Fernando Niño,es ESP,FW,Villarreal,19,2000,17,8,593,06.juin,3,0,3,3,0,0,1,0,04.juin,04.juin,0.2,04.août,9,9,43,0.46,0.00,0.46,0.46,0.46,0.70,0.03,0.72,0.70,0.72
Nolito,es ESP,MF FW,Celta Vigo,33,1986,36,35,2 597,28.sept,7,5,12,7,0,0,7,0,05.sept,05.sept,05.janv,11.0,35,126,163,0.24,0.17,0.42,0.24,0.42,0.20,0.18,0.38,0.20,0.38
Unai Núñez,es ESP,DF,Athletic Club,23,1997,25,23,2 109,23.avr,1,1,2,1,0,0,6,0,01.août,01.août,0.3,02.janv,10,65,1,0.04,0.04,0.09,0.04,0.09,0.08,0.01,0.09,0.08,0.09
Kelechi Nwakali,ng NGA,MF FW,Huesca,22,1998,5,1,141,01.juin,0,0,0,0,0,0,1,0,0.0,0.0,0.0,0.0,1,8,3,0.00,0.00,0.00,0.00,0.00,0.00,0.02,0.02,0.00,0.02
Allan Nyom,cm CMR,MF DF,Getafe,32,1988,31,28,2 323,25.août,0,2,2,0,0,0,10,1,1.0,1.0,02.mars,03.mars,35,59,66,0.00,0.08,0.08,0.00,0.08,0.04,0.09,0.13,0.04,0.13
Jan Oblak,si SVN,GK,Atlético Madrid,27,1993,38,38,3 42,38.0,0,0,0,0,0,0,0,0,0.0,0.0,0.0,0.0,0,0,0,0.00,0.00,0.00,0.00,0.00,0.00,0.00,0.00,0.00,0.00
Player,Nation,Pos,Squad,Age,Born,MP,Starts,Min,90s,Gls,Ast,G+A,G-PK,PK,PKatt,CrdY,CrdR,xG,npxG,xAG,npxG+xAG,PrgC,PrgP,PrgR,Gls,Ast,G+A,G-PK,G+A-PK,xG,xAG,xG+xAG,npxG,npxG+xAG
Lucas Ocampos,ar ARG,FW,Sevilla,26,1994,34,30,2 631,29.2,5,4,9,1,4,5,3,0,11.févr,07.mars,05.juin,12.sept,104,98,253,0.17,0.14,0.31,0.03,0.17,0.38,0.19,0.58,0.25,0.44
Álvaro Odriozola,es ESP,DF,Real Madrid,24,1995,13,9,829,09.févr,2,0,2,2,0,0,0,0,0.6,0.6,0.6,01.janv,30,14,64,0.22,0.00,0.22,0.22,0.22,0.06,0.06,0.12,0.06,0.12
Shinji Okazaki,jp JPN,FW MF,Huesca,34,1986,25,14,1 128,12.mai,1,1,2,1,0,0,1,0,02.janv,02.janv,0.2,02.mars,8,12,46,0.08,0.08,0.16,0.08,0.16,0.16,0.02,0.18,0.16,0.18
Lucas Olaza,uy URU,DF,Valladolid,26,1994,14,14,1 26,14.0,1,1,2,1,0,0,4,0,0.5,0.5,01.févr,01.juin,21,47,37,0.07,0.07,0.14,0.07,0.14,0.03,0.08,0.12,0.03,0.12
Lucas Olaza,uy URU,DF,Celta Vigo,26,1994,18,18,1 615,17.sept,0,2,2,0,0,0,4,0,0.4,0.4,02.août,03.févr,33,58,64,0.00,0.11,0.11,0.00,0.11,0.02,0.16,0.18,0.02,0.18
Christian Oliva,uy URU,MF,Valencia,24,1996,9,1,198,02.févr,0,2,2,0,0,0,0,0,0.0,0.0,0.1,0.2,3,8,1,0.00,0.91,0.91,0.00,0.91,0.02,0.06,0.08,0.02,0.08
Kiko Olivas,es ESP,DF,Valladolid,31,1988,5,1,177,2.0,0,0,0,0,0,0,1,0,0.0,0.0,0.0,0.0,3,6,2,0.00,0.00,0.00,0.00,0.00,0.00,0.00,0.00,0.00,0.00
Paulo Oliveira,pt POR,DF,Eibar,28,1992,31,29,2 641,29.mars,0,1,1,0,0,0,4,0,0.9,0.9,0.8,01.juin,6,80,3,0.00,0.03,0.03,0.00,0.03,0.03,0.03,0.05,0.03,0.05
Mathías Olivera,uy URU,DF,Getafe,22,1997,31,30,2 614,29.0,0,0,0,0,0,0,6,0,02.mai,02.mai,02.janv,04.juin,49,102,59,0.00,0.00,0.00,0.00,0.00,0.09,0.07,0.16,0.09,0.16
Javier Ontiveros,es ESP,FW MF,Huesca,22,1997,20,10,918,10.févr,2,1,3,1,1,1,5,0,01.sept,01.janv,02.janv,03.févr,56,42,73,0.20,0.10,0.29,0.10,0.20,0.19,0.20,0.39,0.11,0.31
Fabián Orellana,cl CHI,MF FW,Valladolid,34,1986,30,27,2 138,23.août,6,2,8,2,4,4,5,0,6.0,02.août,03.mai,06.mars,67,77,148,0.25,0.08,0.34,0.08,0.17,0.25,0.15,0.40,0.12,0.27
Mikel Oyarzabal,es ESP,FW MF,Real Sociedad,23,1997,33,30,2 408,26.août,11,8,19,5,6,7,1,0,11.mars,05.août,07.juil,13.mai,46,89,186,0.41,0.30,0.71,0.19,0.49,0.42,0.29,0.71,0.22,0.50
Fernando Pacheco,es ESP,GK,Alavés,28,1992,38,37,3 349,37.2,0,0,0,0,0,0,1,0,0.0,0.0,0.0,0.0,0,0,0,0.00,0.00,0.00,0.00,0.00,0.00,0.00,0.00,0.00,0.00
Jon Pacheco,es ESP,DF,Real Sociedad,19,2001,1,0,32,0.4,0,0,0,0,0,0,0,0,0.1,0.1,0.0,0.1,0,6,0,0.00,0.00,0.00,0.00,0.00,0.17,0.00,0.17,0.17,0.17
Helibelton Palacios,co COL,DF,Elche,27,1993,11,8,743,08.mars,0,0,0,0,0,0,0,0,0.0,0.0,0.2,0.2,8,21,12,0.00,0.00,0.00,0.00,0.00,0.00,0.02,0.02,0.00,0.02
Ante Palaversa,hr CRO,MF,Getafe,20,2000,2,0,9,0.1,0,0,0,0,0,0,0,0,0.0,0.0,0.1,0.1,0,0,0,0.00,0.00,0.00,0.00,0.00,0.00,janv.43,janv.43,0.00,janv.43
Daniel Parejo,es ESP,MF,Villarreal,31,1989,36,36,3 112,34.6,3,5,8,3,0,0,4,0,01.févr,01.févr,05.févr,06.avr,53,320,41,0.09,0.14,0.23,0.09,0.23,0.04,0.15,0.19,0.04,0.19
Thomas Partey,gh GHA,MF,Atlético Madrid,27,1993,3,2,200,02.févr,0,0,0,0,0,0,1,0,0.1,0.1,0.0,0.1,4,26,3,0.00,0.00,0.00,0.00,0.00,0.05,0.00,0.05,0.05,0.05
Gabriel Paulista,br BRA,DF,Valencia,29,1990,31,31,2 716,30.2,4,1,5,4,0,0,6,0,1.0,1.0,0.5,01.mai,9,81,4,0.13,0.03,0.17,0.13,0.17,0.03,0.02,0.05,0.03,0.05
Alfonso Pedraza,es ESP,DF,Villarreal,24,1996,29,24,2 093,23.mars,1,2,3,1,0,0,8,0,01.juil,01.juil,4.0,05.juil,88,47,237,0.04,0.09,0.13,0.04,0.13,0.07,0.17,0.24,0.07,0.24
Pedri,es ESP,MF,Barcelona,17,2002,37,28,2 415,26.août,3,3,6,3,0,0,2,0,04.juin,04.avr,03.mai,07.sept,65,152,128,0.11,0.11,0.22,0.11,0.22,0.17,0.13,0.30,0.16,0.30
Facundo Pellistri,uy URU,MF FW,Alavés,18,2001,12,5,542,6.0,0,0,0,0,0,0,0,0,0.6,0.6,0.1,0.6,21,8,32,0.00,0.00,0.00,0.00,0.00,0.09,0.01,0.10,0.09,0.10
Rubén Peña,es ESP,DF,Villarreal,29,1991,19,12,1 116,12.avr,1,1,2,1,0,0,1,0,0.8,0.8,0.6,01.avr,40,34,88,0.08,0.08,0.16,0.08,0.16,0.06,0.05,0.11,0.06,0.11
Alberto Perea,es ESP,MF,Cádiz,29,1990,27,16,1 549,17.févr,2,3,5,2,0,0,0,0,01.août,01.août,02.mai,04.mars,61,51,74,0.12,0.17,0.29,0.12,0.29,0.10,0.15,0.25,0.10,0.25
Iñigo Pérez,es ESP,MF DF,Osasuna,32,1988,22,16,1 347,15.0,0,0,0,0,0,0,4,1,0.3,0.3,0.9,01.janv,6,76,34,0.00,0.00,0.00,0.00,0.00,0.02,0.06,0.08,0.02,0.08
Player,Nation,Pos,Squad,Age,Born,MP,Starts,Min,90s,Gls,Ast,G+A,G-PK,PK,PKatt,CrdY,CrdR,xG,npxG,xAG,npxG+xAG,PrgC,PrgP,PrgR,Gls,Ast,G+A,G-PK,G+A-PK,xG,xAG,xG+xAG,npxG,npxG+xAG
Juan Pérez,es ESP,GK,Osasuna,24,1996,3,3,270,3.0,0,0,0,0,0,0,0,0,0.0,0.0,0.0,0.0,0,0,0,0.00,0.00,0.00,0.00,0.00,0.00,0.00,0.00,0.00,0.00
Kike Pérez,es ESP,MF,Valladolid,23,1997,24,12,1 159,12.sept,0,0,0,0,0,0,3,0,0.8,0.8,0.9,01.août,18,63,27,0.00,0.00,0.00,0.00,0.00,0.06,0.07,0.14,0.06,0.14
Lucas Pérez,es ESP,FW,Alavés,31,1988,28,19,1 759,19.mai,4,4,8,1,3,4,1,0,06.juil,03.mai,04.juin,08.janv,44,72,136,0.20,0.20,0.41,0.05,0.26,0.34,0.23,0.58,0.18,0.41
Luis Pérez,es ESP,DF,Valladolid,25,1995,22,15,1 297,14.avr,0,0,0,0,0,0,1,0,0.1,0.1,0.4,0.5,27,39,42,0.00,0.00,0.00,0.00,0.00,0.01,0.03,0.04,0.01,0.04
Nehuén Pérez,ar ARG,DF,Granada,20,2000,14,9,741,08.févr,0,0,0,0,0,0,4,0,0.7,0.7,0.0,0.7,2,6,0,0.00,0.00,0.00,0.00,0.00,0.08,0.00,0.08,0.08,0.08
Pablo Piatti,ar ARG,MF FW,Elche,31,1989,9,3,361,4.0,0,0,0,0,0,0,1,0,0.5,0.5,0.2,0.8,8,10,31,0.00,0.00,0.00,0.00,0.00,0.13,0.06,0.20,0.13,0.20
Cristiano Piccini,it ITA,DF,Valencia,27,1992,3,0,67,0.7,0,0,0,0,0,0,0,0,0.0,0.0,0.0,0.0,0,2,7,0.00,0.00,0.00,0.00,0.00,0.02,0.00,0.02,0.02,0.02
Tomás Pina Isla,es ESP,MF,Alavés,32,1987,33,31,2 575,28.juin,1,1,2,1,0,0,12,0,0.7,0.7,1.0,01.juil,11,94,9,0.03,0.03,0.07,0.03,0.07,0.03,0.04,0.06,0.03,0.06
Yeremi Pino,es ESP,FW MF,Villarreal,17,2002,24,6,797,08.sept,3,1,4,3,0,0,4,0,1.0,1.0,01.mars,02.avr,35,30,106,0.34,0.11,0.45,0.34,0.45,0.12,0.15,0.27,0.12,0.27
Gerard Piqué,es ESP,DF,Barcelona,33,1987,18,18,1 481,16.mai,0,0,0,0,0,0,4,0,0.8,0.8,0.4,01.févr,9,67,3,0.00,0.00,0.00,0.00,0.00,0.05,0.03,0.08,0.05,0.08
Miralem Pjanić,ba BIH,MF,Barcelona,30,1990,19,6,627,7.0,0,0,0,0,0,0,1,0,1.0,1.0,0.6,01.juin,18,61,11,0.00,0.00,0.00,0.00,0.00,0.14,0.09,0.22,0.14,0.22
Óscar Plano,es ESP,MF FW,Valladolid,29,1991,36,30,2 517,28.0,5,5,10,5,0,0,1,1,04.août,04.août,02.janv,06.sept,29,77,109,0.18,0.18,0.36,0.18,0.36,0.17,0.07,0.25,0.17,0.25
Dani Plomer,es ESP,FW,Granada,21,1998,1,0,45,0.5,0,0,0,0,0,0,0,0,0.0,0.0,0.0,0.0,0,0,0,0.00,0.00,0.00,0.00,0.00,0.00,0.00,0.00,0.00,0.00
Jorge Pombo,es ESP,FW MF,Cádiz,26,1994,12,5,523,05.août,1,0,1,1,0,0,1,0,01.janv,01.janv,0.6,01.juil,18,27,28,0.17,0.00,0.17,0.17,0.17,0.19,0.10,0.29,0.19,0.29
Pere Pons,es ESP,MF,Alavés,27,1993,22,12,1 186,13.févr,2,0,2,2,0,0,1,0,0.9,0.9,01.janv,01.sept,17,36,33,0.15,0.00,0.15,0.15,0.15,0.07,0.08,0.15,0.07,0.15
Francisco Portillo,es ESP,MF FW,Getafe,30,1990,16,3,418,04.juin,0,1,1,0,0,0,1,0,0.0,0.0,0.5,0.5,8,35,29,0.00,0.22,0.22,0.00,0.22,0.00,0.10,0.10,0.00,0.10
Portu,es ESP,FW MF,Real Sociedad,28,1992,37,24,2 184,24.mars,8,3,11,8,0,0,3,0,05.sept,05.sept,03.juil,09.juin,56,38,201,0.33,0.12,0.45,0.33,0.45,0.24,0.15,0.39,0.24,0.39
Sergio Postigo,es ESP,DF,Levante,31,1988,22,19,1 623,18.0,0,0,0,0,0,0,4,0,0.1,0.1,0.2,0.3,9,58,3,0.00,0.00,0.00,0.00,0.00,0.00,0.01,0.02,0.00,0.02
Darío Poveda,es ESP,FW,Getafe,23,1997,1,0,5,0.1,0,0,0,0,0,0,0,0,0.0,0.0,0.0,0.0,0,1,2,0.00,0.00,0.00,0.00,0.00,0.00,0.00,0.00,0.00,0.00
Alejandro Pozo Pozo,es ESP,DF MF,Eibar,21,1999,30,24,2 19,24.mars,0,0,0,0,0,0,4,0,0.4,0.4,01.janv,01.mai,37,75,80,0.00,0.00,0.00,0.00,0.00,0.02,0.05,0.06,0.02,0.06
Antonio Puertas,es ESP,FW MF,Granada,28,1992,35,22,2 17,24.janv,3,5,8,3,0,0,6,0,03.mars,03.mars,02.mars,05.juin,49,47,140,0.12,0.21,0.33,0.12,0.33,0.14,0.10,0.23,0.14,0.23
Riqui Puig,es ESP,MF FW,Barcelona,20,1999,14,2,292,03.févr,1,0,1,1,0,0,1,0,0.6,0.6,0.2,0.8,11,34,15,0.31,0.00,0.31,0.31,0.31,0.20,0.05,0.25,0.20,0.25
Jorge Pulido,es ESP,DF,Huesca,29,1991,33,32,2 885,32.1,1,0,1,1,0,0,6,1,02.juin,02.juin,0.3,02.sept,39,99,19,0.03,0.00,0.03,0.03,0.03,0.08,0.01,0.09,0.08,0.09
Domingos Quina,pt POR,MF,Granada,20,1999,8,5,341,03.août,2,0,2,2,0,0,1,0,0.3,0.3,0.2,0.5,5,10,14,0.53,0.00,0.53,0.53,0.53,0.08,0.05,0.13,0.08,0.13
Quini,es ESP,DF,Granada,30,1989,19,12,1 191,13.févr,1,0,1,1,0,0,5,0,0.4,0.4,0.2,0.7,18,30,48,0.08,0.00,0.08,0.08,0.08,0.03,0.02,0.05,0.03,0.05
Player,Nation,Pos,Squad,Age,Born,MP,Starts,Min,90s,Gls,Ast,G+A,G-PK,PK,PKatt,CrdY,CrdR,xG,npxG,xAG,npxG+xAG,PrgC,PrgP,PrgR,Gls,Ast,G+A,G-PK,G+A-PK,xG,xAG,xG+xAG,npxG,npxG+xAG
Quique,es ESP,FW MF,Eibar,30,1990,12,0,167,01.sept,0,0,0,0,0,0,0,0,0.2,0.2,0.1,0.3,0,2,7,0.00,0.00,0.00,0.00,0.00,0.13,0.05,0.18,0.13,0.18
Dani Raba,es ESP,MF FW,Villarreal,24,1995,5,1,150,01.juil,0,0,0,0,0,0,0,0,0.3,0.3,0.0,0.4,8,10,9,0.00,0.00,0.00,0.00,0.00,0.20,0.03,0.23,0.20,0.23
Uroš Račić,rs SRB,MF,Valencia,22,1998,31,25,2 187,24.mars,1,1,2,1,0,0,6,0,01.juin,01.juin,0.3,01.août,22,104,16,0.04,0.04,0.08,0.04,0.08,0.06,0.01,0.08,0.06,0.08
Nemanja Radoja,rs SRB,MF,Levante,27,1993,21,13,1 121,12.mai,0,2,2,0,0,0,1,0,0.2,0.2,0.2,0.4,16,63,19,0.00,0.16,0.16,0.00,0.16,0.02,0.02,0.04,0.02,0.04
Ivan Rakitić,hr CRO,MF,Sevilla,32,1988,37,25,2 233,24.août,4,2,6,2,2,2,5,0,05.févr,03.juin,01.mai,05.janv,34,167,55,0.16,0.08,0.24,0.08,0.16,0.21,0.06,0.27,0.15,0.21
Jonás Ramalho,es ESP,DF,Osasuna,27,1993,5,3,304,03.avr,0,0,0,0,0,0,0,0,0.0,0.0,0.0,0.0,4,9,4,0.00,0.00,0.00,0.00,0.00,0.00,0.01,0.01,0.00,0.01
Sandro Ramírez,es ESP,FW,Huesca,25,1995,20,16,1 285,14.mars,5,1,6,5,0,0,2,0,02.févr,02.févr,0.5,02.juil,30,24,74,0.35,0.07,0.42,0.35,0.42,0.16,0.03,0.19,0.16,0.19
Sergio Ramos,es ESP,DF,Real Madrid,34,1986,15,15,1 275,14.févr,2,0,2,0,2,2,3,0,04.févr,02.juin,0.4,3.0,21,98,2,0.14,0.00,0.14,0.00,0.00,0.30,0.03,0.33,0.19,0.21
Recio,es ESP,MF,Eibar,29,1991,17,8,734,08.févr,1,0,1,0,1,1,5,0,01.mars,0.6,0.9,01.mai,14,40,25,0.12,0.00,0.12,0.00,0.00,0.17,0.11,0.28,0.07,0.18
Francisco Reis Ferreira,pt POR,DF,Valencia,23,1997,3,2,181,2.0,0,0,0,0,0,0,0,0,0.0,0.0,0.0,0.0,0,4,0,0.00,0.00,0.00,0.00,0.00,0.00,0.00,0.00,0.00,0.00
Karim Rekik,nl NED,DF,Sevilla,25,1994,11,6,653,07.mars,0,0,0,0,0,0,2,0,0.1,0.1,0.2,0.3,16,19,16,0.00,0.00,0.00,0.00,0.00,0.02,0.02,0.04,0.02,0.04
Álex Remiro,es ESP,GK,Real Sociedad,25,1995,38,38,3 42,38.0,0,0,0,0,0,0,0,0,0.0,0.0,0.0,0.0,0,1,0,0.00,0.00,0.00,0.00,0.00,0.00,0.00,0.00,0.00,0.00
Oriol Rey,es ESP,MF,Valladolid,22,1998,1,0,15,0.2,0,0,0,0,0,0,0,0,0.0,0.0,0.0,0.0,0,3,0,0.00,0.00,0.00,0.00,0.00,0.00,0.00,0.00,0.00,0.00
Mikel Rico,es ESP,MF,Huesca,35,1984,32,27,2 183,24.mars,1,4,5,1,0,0,2,0,02.févr,02.févr,01.mars,03.juin,21,88,72,0.04,0.16,0.21,0.04,0.21,0.09,0.06,0.15,0.09,0.15
Emiliano Rigoni,ar ARG,MF,Elche,27,1993,23,12,1 139,12.juil,1,1,2,1,0,0,5,0,02.avr,02.avr,01.juil,04.janv,25,22,64,0.08,0.08,0.16,0.08,0.16,0.19,0.14,0.32,0.19,0.32
Luis Rioja,es ESP,MF FW,Alavés,26,1993,35,25,2 09,23.févr,4,2,6,4,0,0,4,0,03.mars,03.mars,02.juil,6.0,71,42,131,0.17,0.09,0.26,0.17,0.26,0.14,0.12,0.26,0.14,0.26
Rober,es ESP,DF MF,Levante,25,1995,19,16,1 425,15.août,0,1,1,0,0,0,3,1,0.3,0.3,0.5,0.8,12,79,1,0.00,0.06,0.06,0.00,0.06,0.02,0.03,0.05,0.02,0.05
Roberto,es ESP,GK,Valladolid,34,1986,13,13,1 17,13.0,0,0,0,0,0,0,0,1,0.0,0.0,0.0,0.0,0,0,0,0.00,0.00,0.00,0.00,0.00,0.00,0.00,0.00,0.00,0.00
Sergi Roberto,es ESP,DF FW,Barcelona,28,1992,15,9,946,10.mai,1,2,3,1,0,0,1,0,0.3,0.3,01.août,02.janv,23,51,91,0.10,0.19,0.29,0.10,0.29,0.03,0.17,0.20,0.03,0.20
Joel Robles,es ESP,GK,Betis,30,1990,18,18,1 62,18.0,0,0,0,0,0,0,2,0,0.0,0.0,0.0,0.0,0,1,0,0.00,0.00,0.00,0.00,0.00,0.00,0.00,0.00,0.00,0.00
Rubén Rochina,es ESP,MF,Levante,29,1991,25,17,1 404,15.juin,0,1,1,0,0,0,5,0,01.avr,01.avr,01.juil,03.janv,26,113,59,0.00,0.06,0.06,0.00,0.06,0.09,0.11,0.20,0.09,0.20
Rodri,es ESP,FW MF,Betis,20,2000,15,5,537,6.0,0,0,0,0,0,0,0,0,0.2,0.2,0.6,0.9,13,35,31,0.00,0.00,0.00,0.00,0.00,0.04,0.10,0.14,0.04,0.14
Kévin Rodrigues,pt POR,DF MF,Eibar,26,1994,22,11,1 095,12.févr,1,1,2,1,0,0,1,0,0.8,0.8,0.5,01.mars,14,40,56,0.08,0.08,0.16,0.08,0.16,0.06,0.04,0.11,0.06,0.11
Ángel Rodríguez,es ESP,FW MF,Getafe,33,1987,33,12,1 374,15.mars,5,0,5,4,1,2,4,0,05.juil,04.janv,0.6,04.juil,23,15,94,0.33,0.00,0.33,0.26,0.26,0.37,0.04,0.41,0.27,0.31
Óscar Rodríguez Arnaiz,es ESP,MF FW,Sevilla,22,1998,20,4,511,05.juil,0,0,0,0,0,0,1,0,0.5,0.5,01.janv,01.juin,16,35,48,0.00,0.00,0.00,0.00,0.00,0.09,0.19,0.28,0.09,0.28
Player,Nation,Pos,Squad,Age,Born,MP,Starts,Min,90s,Gls,Ast,G+A,G-PK,PK,PKatt,CrdY,CrdR,xG,npxG,xAG,npxG+xAG,PrgC,PrgP,PrgR,Gls,Ast,G+A,G-PK,G+A-PK,xG,xAG,xG+xAG,npxG,npxG+xAG
Guido Rodríguez,ar ARG,MF,Betis,26,1994,35,34,2 864,31.août,1,0,1,1,0,0,10,0,02.mars,02.mars,0.7,3.0,14,128,12,0.03,0.00,0.03,0.03,0.03,0.07,0.02,0.10,0.07,0.10
Miguel Rodríguez,es ESP,FW DF,Celta Vigo,17,2003,4,0,30,0.3,0,0,0,0,0,0,2,0,0.0,0.0,0.0,0.0,1,1,6,0.00,0.00,0.00,0.00,0.00,0.00,0.00,0.00,0.00,0.00
Víctor Rodríguez,es ESP,MF,Elche,31,1989,16,2,426,04.juil,0,0,0,0,0,0,1,0,0.0,0.0,1.0,1.0,10,26,8,0.00,0.00,0.00,0.00,0.00,0.00,0.21,0.21,0.00,0.21
Rodrygo,br BRA,FW,Real Madrid,19,2001,22,10,983,10.sept,1,6,7,1,0,0,0,0,2.0,2.0,03.juil,05.juin,45,28,99,0.09,0.55,0.64,0.09,0.64,0.18,0.34,0.52,0.18,0.52
Facundo Roncaglia,ar ARG,DF,Osasuna,33,1987,17,14,1 232,13.juil,1,1,2,1,0,0,3,1,0.5,0.5,0.5,1.0,12,33,24,0.07,0.07,0.15,0.07,0.15,0.04,0.04,0.07,0.04,0.07
Rubén,es ESP,GK,Osasuna,36,1984,3,3,187,02.janv,0,0,0,0,0,0,0,1,0.0,0.0,0.0,0.0,0,0,0,0.00,0.00,0.00,0.00,0.00,0.00,0.00,0.00,0.00,0.00
Waldo Rubio,es ESP,FW MF,Valladolid,24,1995,10,5,375,04.févr,1,0,1,0,1,1,1,0,01.janv,0.3,0.1,0.4,12,12,17,0.24,0.00,0.24,0.00,0.00,0.26,0.02,0.29,0.08,0.10
Aitor Ruibal,es ESP,FW MF,Betis,24,1996,28,21,1 593,17.juil,2,2,4,2,0,0,2,0,02.sept,02.sept,02.janv,5.0,40,54,148,0.11,0.11,0.23,0.11,0.23,0.16,0.12,0.28,0.16,0.28
Isma Ruiz,es ESP,MF,Granada,19,2001,1,1,67,0.7,0,0,0,0,0,0,0,0,0.0,0.0,0.0,0.0,0,0,0,0.00,0.00,0.00,0.00,0.00,0.00,0.00,0.00,0.00,0.00
Víctor Ruiz,es ESP,DF,Betis,31,1989,27,24,2 157,24.0,2,0,2,2,0,0,9,0,01.mai,01.mai,0.1,01.juin,13,76,3,0.08,0.00,0.08,0.08,0.08,0.06,0.00,0.07,0.06,0.07
Gerónimo Rulli,ar ARG,GK,Villarreal,28,1992,2,2,180,2.0,0,0,0,0,0,0,0,1,0.0,0.0,0.0,0.0,0,0,0,0.00,0.00,0.00,0.00,0.00,0.00,0.00,0.00,0.00,0.00
Modibo Sagnan,ml MLI,DF,Real Sociedad,21,1999,16,7,622,06.sept,0,0,0,0,0,0,3,0,0.6,0.6,0.3,0.9,10,22,2,0.00,0.00,0.00,0.00,0.00,0.09,0.04,0.13,0.09,0.13
Borja Sainz,es ESP,MF FW,Alavés,19,2001,21,2,453,5.0,1,0,1,1,0,0,1,0,01.mars,01.mars,0.8,02.févr,14,4,36,0.20,0.00,0.20,0.20,0.20,0.26,0.17,0.43,0.26,0.43
Salvi,es ESP,MF FW,Cádiz,29,1991,28,25,1 933,21.mai,2,0,2,2,0,0,5,0,2.0,2.0,01.mai,03.mai,51,29,131,0.09,0.00,0.09,0.09,0.09,0.09,0.07,0.16,0.09,0.16
Fede San Emeterio,es ESP,MF,Valladolid,23,1997,24,17,1 46,16.févr,0,0,0,0,0,0,7,0,0.1,0.1,0.1,0.2,0,34,0,0.00,0.00,0.00,0.00,0.00,0.01,0.01,0.01,0.01,0.01
Antonio Sanabria,py PAR,FW,Betis,24,1996,16,10,932,10.avr,3,0,3,3,0,0,2,0,5.0,5.0,0.1,05.févr,14,14,37,0.29,0.00,0.29,0.29,0.29,0.48,0.01,0.50,0.48,0.50
Oihan Sancet,es ESP,FW MF,Athletic Club,20,2000,24,11,1 035,11.mai,2,2,4,2,0,0,2,0,02.juin,02.juin,01.févr,03.août,26,41,76,0.17,0.17,0.35,0.17,0.35,0.23,0.10,0.33,0.23,0.33
Ricard Sánchez ,es ESP,DF,Atlético Madrid,20,2000,1,0,30,0.3,0,0,0,0,0,0,0,0,0.0,0.0,0.0,0.0,1,3,4,0.00,0.00,0.00,0.00,0.00,0.11,0.00,0.11,0.11,0.11
Germán Sánchez,es ESP,DF,Granada,33,1986,34,29,2 638,29.mars,3,1,4,3,0,0,11,1,02.mars,02.mars,0.1,02.avr,5,45,5,0.10,0.03,0.14,0.10,0.14,0.08,0.00,0.08,0.08,0.08
Javi Sánchez,es ESP,DF,Valladolid,23,1997,16,11,921,10.févr,0,0,0,0,0,0,3,0,0.2,0.2,0.1,0.3,9,16,1,0.00,0.00,0.00,0.00,0.00,0.02,0.01,0.03,0.02,0.03
Manu Sánchez,es ESP,DF,Osasuna,19,2000,16,10,976,10.août,0,4,4,0,0,0,4,0,0.1,0.1,01.févr,01.avr,20,51,54,0.00,0.37,0.37,0.00,0.37,0.01,0.11,0.13,0.01,0.13
Manu Sánchez,es ESP,DF,Atlético Madrid,19,2000,1,1,49,0.5,0,1,1,0,0,0,0,0,0.0,0.0,0.4,0.4,1,1,2,0.00,janv.84,janv.84,0.00,janv.84,0.00,0.73,0.73,0.00,0.73
Juan Sánchez Miño,ar ARG,DF MF,Elche,30,1990,9,5,495,05.mai,0,0,0,0,0,0,2,0,0.0,0.0,0.1,0.1,8,9,18,0.00,0.00,0.00,0.00,0.00,0.00,0.01,0.01,0.00,0.01
Pepe Sánchez,es ESP,DF,Granada,20,2000,3,3,253,02.août,0,0,0,0,0,0,0,0,0.0,0.0,0.1,0.1,0,2,0,0.00,0.00,0.00,0.00,0.00,0.01,0.03,0.04,0.01,0.04
Oier Sanjurjo,es ESP,MF,Osasuna,34,1986,32,24,2 084,23.févr,0,2,2,0,0,0,10,0,01.janv,01.janv,02.févr,03.avr,8,80,35,0.00,0.09,0.09,0.00,0.09,0.05,0.10,0.15,0.05,0.15
Player,Nation,Pos,Squad,Age,Born,MP,Starts,Min,90s,Gls,Ast,G+A,G-PK,PK,PKatt,CrdY,CrdR,xG,npxG,xAG,npxG+xAG,PrgC,PrgP,PrgR,Gls,Ast,G+A,G-PK,G+A-PK,xG,xAG,xG+xAG,npxG,npxG+xAG
Ivan Šaponjić,rs SRB,FW,Cádiz,22,1997,9,3,388,04.mars,1,0,1,0,1,1,2,0,02.févr,01.avr,0.0,01.avr,3,6,12,0.23,0.00,0.23,0.00,0.00,0.50,0.00,0.50,0.32,0.32
Stefan Savić,me MNE,DF,Atlético Madrid,29,1991,33,33,2 953,32.8,1,0,1,1,0,0,14,0,0.8,0.8,0.1,0.9,30,103,2,0.03,0.00,0.03,0.03,0.03,0.03,0.00,0.03,0.03,0.03
Jaime Seoane,es ESP,MF,Huesca,23,1997,29,23,2 064,22.sept,1,1,2,1,0,0,5,0,01.mai,01.mai,01.janv,02.juin,42,87,47,0.04,0.04,0.09,0.04,0.09,0.06,0.05,0.11,0.06,0.11
Edgar Sevikyan,am ARM,MF,Levante,18,2001,1,0,8,0.1,0,0,0,0,0,0,0,0,0.0,0.0,0.0,0.0,0,0,1,0.00,0.00,0.00,0.00,0.00,0.00,0.00,0.00,0.00,0.00
Sidnei,br BRA,DF,Betis,30,1989,11,7,697,07.juil,0,0,0,0,0,0,1,0,0.3,0.3,0.0,0.3,4,8,1,0.00,0.00,0.00,0.00,0.00,0.04,0.00,0.04,0.04,0.04
David Silva,es ESP,MF,Real Sociedad,34,1986,21,17,1 399,15.mai,2,5,7,2,0,0,4,0,02.avr,02.avr,03.mars,05.juil,52,141,76,0.13,0.32,0.45,0.13,0.45,0.16,0.21,0.37,0.16,0.37
Gastón Silva,uy URU,DF,Huesca,26,1994,12,6,600,06.juil,0,0,0,0,0,0,2,0,0.0,0.0,0.0,0.0,13,29,1,0.00,0.00,0.00,0.00,0.00,0.00,0.00,0.00,0.00,0.00
Rui Silva,pt POR,GK,Granada,26,1994,32,32,2 88,32.0,0,0,0,0,0,0,1,0,0.0,0.0,0.0,0.0,0,0,0,0.00,0.00,0.00,0.00,0.00,0.00,0.00,0.00,0.00,0.00
Unai Simón,es ESP,GK,Athletic Club,23,1997,37,37,3 33,37.0,0,0,0,0,0,0,1,0,0.0,0.0,0.0,0.0,0,2,0,0.00,0.00,0.00,0.00,0.00,0.00,0.00,0.00,0.00,0.00
Dimitris Siovas,gr GRE,DF,Huesca,31,1988,36,34,3 071,34.1,2,0,2,2,0,0,5,0,03.janv,03.janv,0.7,03.août,22,69,7,0.06,0.00,0.06,0.06,0.06,0.09,0.02,0.11,0.09,0.11
Antonio Sivera,es ESP,GK,Alavés,23,1996,1,1,71,0.8,0,0,0,0,0,0,0,0,0.0,0.0,0.0,0.0,0,0,0,0.00,0.00,0.00,0.00,0.00,0.00,0.00,0.00,0.00,0.00
Rafa Soares,pt POR,DF,Eibar,25,1995,19,12,1 134,12.juin,0,1,1,0,0,0,2,0,0.1,0.1,01.août,01.sept,17,58,41,0.00,0.08,0.08,0.00,0.08,0.01,0.15,0.15,0.01,0.15
Rubén Sobrino,es ESP,MF FW,Valencia,28,1992,5,0,49,0.5,0,0,0,0,0,0,0,0,0.0,0.0,0.0,0.0,2,0,1,0.00,0.00,0.00,0.00,0.00,0.00,0.00,0.00,0.00,0.00
Rubén Sobrino,es ESP,FW MF,Cádiz,28,1992,16,11,1 113,12.avr,1,0,1,1,0,0,3,0,2.0,2.0,1.0,3.0,21,30,39,0.08,0.00,0.08,0.08,0.08,0.16,0.08,0.24,0.16,0.24
Augusto Solari,ar ARG,MF,Celta Vigo,28,1992,16,3,486,05.avr,2,2,4,2,0,0,2,0,01.janv,01.janv,01.août,02.sept,6,15,29,0.37,0.37,0.74,0.37,0.74,0.20,0.34,0.54,0.20,0.54
Roberto Soldado,es ESP,FW,Granada,35,1985,29,16,1 438,16.0,9,0,9,7,2,2,8,1,05.juin,04.janv,0.6,04.juil,12,19,82,0.56,0.00,0.56,0.44,0.44,0.35,0.04,0.39,0.26,0.29
Carlos Soler,es ESP,MF,Valencia,23,1997,32,31,2 735,30.avr,11,8,19,4,7,9,7,0,09.mai,02.avr,04.juil,07.janv,46,153,30,0.36,0.26,0.63,0.13,0.39,0.31,0.15,0.47,0.08,0.23
Son,es ESP,DF MF,Levante,26,1994,28,10,1 106,12.mars,0,0,0,0,0,0,3,0,0.6,0.6,01.févr,01.août,23,62,104,0.00,0.00,0.00,0.00,0.00,0.05,0.10,0.15,0.05,0.15
David Soria,es ESP,GK,Getafe,27,1993,28,28,2 52,28.0,0,0,0,0,0,0,2,0,0.0,0.0,0.0,0.0,0,0,0,0.00,0.00,0.00,0.00,0.00,0.00,0.00,0.00,0.00,0.00
Alberto Soro,es ESP,FW MF,Granada,21,1999,15,3,393,04.avr,1,2,3,1,0,0,1,0,0.7,0.7,0.3,01.janv,6,15,24,0.23,0.46,0.69,0.23,0.69,0.17,0.08,0.25,0.17,0.25
Hugo Sotelo,es ESP,MF,Celta Vigo,16,2003,1,0,1,0.0,0,0,0,0,0,0,0,0,0.0,0.0,0.0,0.0,0,0,0,0.00,0.00,0.00,0.00,0.00,0.00,0.00,0.00,0.00,0.00
Damián Suárez,uy URU,DF,Getafe,32,1988,31,28,2 434,27.0,1,0,1,1,0,0,13,1,0.3,0.3,1.0,01.mars,28,135,53,0.04,0.00,0.04,0.04,0.04,0.01,0.04,0.05,0.01,0.05
Denis Suárez,es ESP,MF,Celta Vigo,26,1994,35,34,2 852,31.juil,0,9,9,0,0,0,10,0,01.janv,01.janv,05.sept,7.0,82,204,87,0.00,0.28,0.28,0.00,0.28,0.03,0.19,0.22,0.03,0.22
Luis Suárez,uy URU,FW,Atlético Madrid,33,1987,32,30,2 508,27.sept,21,3,24,18,3,3,6,0,16.févr,13.sept,3.0,16.août,30,46,171,0.75,0.11,0.86,0.65,0.75,0.58,0.11,0.69,0.50,0.60
Suso,es ESP,FW,Sevilla,26,1993,34,28,2 21,24.juin,3,4,7,3,0,0,2,0,02.janv,02.janv,04.mai,06.juin,69,170,196,0.12,0.16,0.29,0.12,0.29,0.09,0.18,0.27,0.09,0.27
Player,Nation,Pos,Squad,Age,Born,MP,Starts,Min,90s,Gls,Ast,G+A,G-PK,PK,PKatt,CrdY,CrdR,xG,npxG,xAG,npxG+xAG,PrgC,PrgP,PrgR,Gls,Ast,G+A,G-PK,G+A-PK,xG,xAG,xG+xAG,npxG,npxG+xAG
Tachi,es ESP,DF,Alavés,22,1997,12,8,850,09.avr,0,0,0,0,0,0,5,1,0.4,0.4,0.2,0.5,0,18,0,0.00,0.00,0.00,0.00,0.00,0.04,0.02,0.06,0.04,0.06
Renato Tapia,pe PER,MF,Celta Vigo,25,1995,32,32,2 701,30.0,0,1,1,0,0,0,11,0,1.0,1.0,1.0,2.0,26,120,10,0.00,0.03,0.03,0.00,0.03,0.03,0.03,0.07,0.03,0.07
Tomás Tavares,pt POR,MF DF,Alavés,19,2001,3,0,65,0.7,0,0,0,0,0,0,0,0,0.0,0.0,0.0,0.0,1,3,3,0.00,0.00,0.00,0.00,0.00,0.00,0.00,0.00,0.00,0.00
Álvaro Tejero,es ESP,DF,Eibar,24,1996,2,1,110,01.févr,0,0,0,0,0,0,1,0,0.0,0.0,0.2,0.2,2,10,15,0.00,0.00,0.00,0.00,0.00,0.03,0.15,0.19,0.03,0.19
Cristian Tello,es ESP,FW MF,Betis,28,1991,29,12,1 283,14.mars,5,3,8,5,0,0,2,1,02.juil,02.juil,02.mars,5.0,51,42,98,0.35,0.21,0.56,0.35,0.56,0.19,0.16,0.35,0.19,0.35
Marc-André ter Stegen,de GER,GK,Barcelona,28,1992,31,31,2 79,31.0,0,0,0,0,0,0,1,0,0.1,0.1,0.0,0.1,0,1,0,0.00,0.00,0.00,0.00,0.00,0.00,0.00,0.00,0.00,0.00
David Timor,es ESP,MF DF,Getafe,30,1989,30,15,1 395,15.mai,0,0,0,0,0,0,5,1,0.6,0.6,01.févr,01.juil,7,70,4,0.00,0.00,0.00,0.00,0.00,0.04,0.08,0.11,0.04,0.11
Toño,es ESP,DF FW,Levante,30,1989,12,9,726,08.janv,0,2,2,0,0,0,2,0,0.0,0.0,0.5,0.5,15,28,39,0.00,0.25,0.25,0.00,0.25,0.01,0.06,0.07,0.01,0.07
Lucas Torreira,uy URU,MF,Atlético Madrid,24,1996,19,3,518,05.août,1,0,1,1,0,0,2,0,0.1,0.1,0.5,0.6,6,27,4,0.17,0.00,0.17,0.17,0.17,0.02,0.09,0.11,0.02,0.11
Óliver Torres,es ESP,MF FW,Sevilla,25,1994,33,15,1 4,15.juin,0,3,3,0,0,0,2,0,01.janv,01.janv,02.janv,03.févr,39,130,82,0.00,0.19,0.19,0.00,0.19,0.07,0.14,0.20,0.07,0.20
Pau Torres,es ESP,DF,Villarreal,23,1997,33,33,2 97,33.0,2,2,4,2,0,0,2,0,01.mai,01.mai,0.8,02.mars,47,133,11,0.06,0.06,0.12,0.06,0.12,0.05,0.02,0.07,0.05,0.07
Roberto Torres,es ESP,MF FW,Osasuna,31,1989,35,19,1 894,21.0,7,1,8,3,4,5,0,0,05.sept,02.mai,01.juin,04.janv,27,79,95,0.33,0.05,0.38,0.14,0.19,0.28,0.08,0.35,0.12,0.20
Lucas Torró,es ESP,MF,Osasuna,26,1994,25,17,1 548,17.févr,0,1,1,0,0,0,4,0,01.mai,01.mai,0.4,01.sept,5,55,15,0.00,0.06,0.06,0.00,0.06,0.09,0.02,0.11,0.09,0.11
Manu Trigueros,es ESP,MF,Villarreal,28,1991,35,30,2 527,28.janv,1,6,7,1,0,0,6,1,02.mai,02.mai,5.0,07.juin,33,212,68,0.04,0.21,0.25,0.04,0.25,0.09,0.18,0.27,0.09,0.27
Francisco Trincão,pt POR,FW MF,Barcelona,20,1999,28,3,706,07.août,3,2,5,3,0,0,1,0,02.juin,02.juin,0.4,3.0,22,28,92,0.38,0.25,0.64,0.38,0.64,0.33,0.05,0.39,0.33,0.39
Kieran Trippier,eng ENG,DF,Atlético Madrid,29,1990,28,28,2 475,27.mai,0,6,6,0,0,0,0,0,0.1,0.1,03.juin,03.août,43,169,196,0.00,0.22,0.22,0.00,0.22,0.00,0.13,0.14,0.00,0.14
Samuel Umtiti,fr FRA,DF,Barcelona,26,1993,13,6,645,07.févr,0,0,0,0,0,0,1,0,0.2,0.2,0.0,0.2,6,24,0,0.00,0.00,0.00,0.00,0.00,0.02,0.00,0.03,0.02,0.03
Enes Ünal,tr TUR,FW,Getafe,23,1997,28,15,1 318,14.juin,4,2,6,3,1,1,4,0,04.août,4.0,01.mai,05.mai,14,28,70,0.27,0.14,0.41,0.20,0.34,0.32,0.10,0.43,0.27,0.37
Tomáš Vaclík,cz CZE,GK,Sevilla,31,1989,5,5,450,5.0,0,0,0,0,0,0,0,0,0.0,0.0,0.0,0.0,0,0,0,0.00,0.00,0.00,0.00,0.00,0.00,0.00,0.00,0.00,0.00
Eugeni Valderrama,es ESP,MF FW,Huesca,26,1994,3,1,115,01.mars,0,0,0,0,0,0,0,0,0.0,0.0,0.2,0.2,0,4,1,0.00,0.00,0.00,0.00,0.00,0.00,0.12,0.12,0.00,0.12
Jesús Vallejo,es ESP,DF,Granada,23,1997,21,15,1 348,15.0,0,0,0,0,0,0,2,1,0.1,0.1,0.1,0.2,8,37,4,0.00,0.00,0.00,0.00,0.00,0.01,0.00,0.01,0.01,0.01
Manu Vallejo,es ESP,FW MF,Valencia,23,1997,30,9,950,10.juin,5,0,5,5,0,0,2,0,04.févr,04.févr,0.8,04.sept,22,25,60,0.47,0.00,0.47,0.47,0.47,0.40,0.07,0.47,0.40,0.47
Federico Valverde,uy URU,MF,Real Madrid,22,1998,24,15,1 33,14.août,3,1,4,3,0,0,0,0,02.mars,02.mars,03.janv,05.avr,41,96,54,0.20,0.07,0.27,0.20,0.27,0.15,0.21,0.36,0.15,0.36
Raphaël Varane,fr FRA,DF,Real Madrid,27,1993,31,31,2 715,30.2,2,0,2,2,0,0,2,0,02.août,02.août,0.3,03.janv,28,98,5,0.07,0.00,0.07,0.07,0.07,0.09,0.01,0.10,0.09,0.10
Denis Vavro,sk SVK,DF,Huesca,24,1996,11,9,611,06.août,0,0,0,0,0,0,1,0,0.3,0.3,0.0,0.3,5,23,2,0.00,0.00,0.00,0.00,0.00,0.04,0.00,0.04,0.04,0.04
Player,Nation,Pos,Squad,Age,Born,MP,Starts,Min,90s,Gls,Ast,G+A,G-PK,PK,PKatt,CrdY,CrdR,xG,npxG,xAG,npxG+xAG,PrgC,PrgP,PrgR,Gls,Ast,G+A,G-PK,G+A-PK,xG,xAG,xG+xAG,npxG,npxG+xAG
Franco Vázquez,ar ARG,FW MF,Sevilla,31,1989,15,1,164,01.août,1,0,1,1,0,0,1,0,0.2,0.2,0.1,0.3,0,13,13,0.55,0.00,0.55,0.55,0.55,0.09,0.05,0.15,0.09,0.15
Kevin Vázquez,es ESP,DF,Celta Vigo,27,1993,8,5,562,06.févr,0,0,0,0,0,0,3,0,0.0,0.0,0.0,0.0,3,12,22,0.00,0.00,0.00,0.00,0.00,0.00,0.00,0.00,0.00,0.00
Lucas Vázquez,es ESP,DF FW,Real Madrid,29,1991,24,21,1 848,20.mai,2,5,7,2,0,0,3,0,01.août,01.août,04.janv,05.sept,51,97,201,0.10,0.24,0.34,0.10,0.34,0.09,0.20,0.29,0.09,0.29
Koke Vegas,es ESP,GK,Levante,24,1995,1,1,90,1.0,0,0,0,0,0,0,1,0,0.0,0.0,0.0,0.0,0,0,0,0.00,0.00,0.00,0.00,0.00,0.00,0.00,0.00,0.00,0.00
Gabriel Veiga,es ESP,MF DF,Celta Vigo,18,2002,6,1,118,01.mars,0,0,0,0,0,0,0,0,0.0,0.0,0.0,0.0,4,1,8,0.00,0.00,0.00,0.00,0.00,0.00,0.02,0.02,0.00,0.02
Unai Vencedor Paris,es ESP,MF,Athletic Club,19,2000,28,19,1 701,18.sept,0,0,0,0,0,0,6,0,0.3,0.3,0.2,0.6,7,122,9,0.00,0.00,0.00,0.00,0.00,0.02,0.01,0.03,0.02,0.03
Gonzalo Verdú,es ESP,DF,Elche,31,1988,33,33,2 944,32.7,0,2,2,0,0,0,11,0,01.juin,01.juin,2.0,03.juin,10,63,1,0.00,0.06,0.06,0.00,0.06,0.05,0.06,0.11,0.05,0.11
Mikel Vesga,es ESP,MF,Athletic Club,27,1993,30,20,1 722,19.janv,0,1,1,0,0,0,7,0,01.juin,01.juin,01.janv,02.juin,14,95,15,0.00,0.05,0.05,0.00,0.05,0.08,0.06,0.14,0.08,0.14
Rúben Vezo,pt POR,DF,Levante,26,1994,32,25,2 316,25.juil,1,0,1,1,0,0,7,0,0.3,0.3,0.2,0.5,25,111,6,0.04,0.00,0.04,0.04,0.04,0.01,0.01,0.02,0.01,0.02
Iñigo Vicente,es ESP,FW MF,Athletic Club,22,1998,3,0,52,0.6,0,0,0,0,0,0,0,0,0.0,0.0,0.2,0.2,2,10,8,0.00,0.00,0.00,0.00,0.00,0.05,0.38,0.43,0.05,0.43
Fede Vico,es ESP,MF FW,Granada,26,1994,20,9,767,08.mai,0,0,0,0,0,0,1,0,0.7,0.7,1.0,01.août,28,29,46,0.00,0.00,0.00,0.00,0.00,0.09,0.12,0.21,0.09,0.21
Aleix Vidal,es ESP,DF,Sevilla,30,1989,12,5,595,06.juin,0,1,1,0,0,0,2,0,0.0,0.0,0.7,0.7,14,45,74,0.00,0.15,0.15,0.00,0.15,0.00,0.11,0.11,0.00,0.11
Nacho Vidal,es ESP,DF,Osasuna,25,1995,34,25,2 348,26.janv,0,0,0,0,0,0,10,0,0.8,0.8,01.juin,02.avr,18,87,58,0.00,0.00,0.00,0.00,0.00,0.03,0.06,0.09,0.03,0.09
Toni Villa,es ESP,MF FW,Valladolid,25,1995,21,10,969,10.août,2,0,2,2,0,0,2,0,0.8,0.8,01.janv,01.sept,35,54,67,0.19,0.00,0.19,0.19,0.19,0.07,0.10,0.18,0.07,0.18
Asier Villalibre,es ESP,FW,Athletic Club,22,1997,35,16,1 589,17.juil,4,2,6,4,0,0,1,0,04.mars,04.mars,02.mars,06.juin,25,24,107,0.23,0.11,0.34,0.23,0.34,0.24,0.13,0.37,0.24,0.37
Iván Villar,es ESP,GK,Celta Vigo,23,1997,21,19,1 781,19.août,0,0,0,0,0,0,1,0,0.0,0.0,0.0,0.0,0,0,0,0.00,0.00,0.00,0.00,0.00,0.00,0.00,0.00,0.00,0.00
Vitolo,es ESP,MF FW,Atlético Madrid,30,1989,10,3,298,03.mars,0,0,0,0,0,0,2,0,0.4,0.4,0.2,0.7,7,17,33,0.00,0.00,0.00,0.00,0.00,0.13,0.07,0.20,0.13,0.20
Šime Vrsaljko,hr CRO,FW DF,Atlético Madrid,28,1992,9,6,519,05.août,0,0,0,0,0,0,2,0,0.0,0.0,0.0,0.0,13,24,39,0.00,0.00,0.00,0.00,0.00,0.00,0.00,0.00,0.00,0.00
Nikola Vukčević,me MNE,MF,Levante,28,1991,13,11,810,9.0,0,0,0,0,0,0,4,0,0.3,0.3,0.1,0.4,1,17,3,0.00,0.00,0.00,0.00,0.00,0.03,0.02,0.05,0.03,0.05
Daniel Wass,dk DEN,MF DF,Valencia,31,1989,35,35,2 979,33.1,4,1,5,3,1,1,8,0,02.sept,02.janv,02.mars,04.avr,37,122,89,0.12,0.03,0.15,0.09,0.12,0.09,0.07,0.16,0.06,0.13
Shon Weissman,il ISR,FW,Valladolid,24,1996,32,24,2 133,23.juil,6,1,7,6,0,0,3,0,05.juin,05.juin,02.juin,08.mars,17,22,73,0.25,0.04,0.30,0.25,0.30,0.24,0.11,0.35,0.24,0.35
Iñaki Williams,gh GHA,FW,Athletic Club,26,1994,38,27,2 387,26.mai,6,6,12,5,1,1,1,0,06.févr,05.avr,05.janv,10.mai,73,34,233,0.23,0.23,0.45,0.19,0.41,0.23,0.19,0.43,0.20,0.40
Nico Williams,es ESP,MF,Athletic Club,18,2002,2,0,57,0.6,0,0,0,0,0,0,0,0,0.0,0.0,0.0,0.0,2,1,8,0.00,0.00,0.00,0.00,0.00,0.08,0.00,0.08,0.08,0.08
Jawad El Yamiq,ma MAR,DF,Valladolid,28,1992,19,15,1 379,15.mars,0,1,1,0,0,0,6,0,0.6,0.6,0.1,0.7,6,41,3,0.00,0.07,0.07,0.00,0.07,0.04,0.00,0.05,0.04,0.05
Rubén Yáñez,es ESP,GK,Getafe,26,1993,10,10,900,10.0,0,0,0,0,0,0,2,0,0.0,0.0,0.0,0.0,0,0,0,0.00,0.00,0.00,0.00,0.00,0.00,0.00,0.00,0.00,0.00
Player,Nation,Pos,Squad,Age,Born,MP,Starts,Min,90s,Gls,Ast,G+A,G-PK,PK,PKatt,CrdY,CrdR,xG,npxG,xAG,npxG+xAG,PrgC,PrgP,PrgR,Gls,Ast,G+A,G-PK,G+A-PK,xG,xAG,xG+xAG,npxG,npxG+xAG
Yoel,es ESP,GK,Eibar,31,1988,4,3,300,03.mars,0,0,0,0,0,0,0,0,0.0,0.0,0.0,0.0,0,0,0,0.00,0.00,0.00,0.00,0.00,0.00,0.00,0.00,0.00,0.00
Okay Yokuşlu,tr TUR,MF,Celta Vigo,26,1994,12,3,462,05.janv,0,0,0,0,0,0,4,1,0.4,0.4,0.3,0.7,7,14,6,0.00,0.00,0.00,0.00,0.00,0.09,0.05,0.14,0.09,0.14
Joseba Zaldúa,es ESP,DF,Real Sociedad,28,1992,12,6,639,07.janv,0,0,0,0,0,0,3,0,0.1,0.1,1.0,01.janv,12,13,44,0.00,0.00,0.00,0.00,0.00,0.01,0.15,0.16,0.01,0.16
Oier Zarraga,es ESP,MF,Athletic Club,21,1999,5,1,100,01.janv,0,0,0,0,0,0,0,0,0.1,0.1,0.1,0.1,1,5,5,0.00,0.00,0.00,0.00,0.00,0.07,0.05,0.12,0.07,0.12
Igor Zubeldia,es ESP,DF,Real Sociedad,23,1997,24,21,1 959,21.août,1,1,2,1,0,0,5,0,01.mars,01.mars,0.6,01.sept,17,75,3,0.05,0.05,0.09,0.05,0.09,0.06,0.03,0.09,0.06,0.09
Martín Zubimendi,es ESP,MF,Real Sociedad,21,1999,31,17,1 882,20.sept,0,0,0,0,0,0,6,0,0.7,0.7,0.6,01.mars,25,117,11,0.00,0.00,0.00,0.00,0.00,0.03,0.03,0.06,0.03,0.06
Martin Ødegaard,no NOR,MF,Real Madrid,21,1998,7,3,234,02.juin,0,0,0,0,0,0,0,0,0.2,0.2,0.4,0.6,7,20,18,0.00,0.00,0.00,0.00,0.00,0.07,0.16,0.23,0.07,0.23
