Player,Nation,Pos,Squad,Age,Born,MP,Starts,Min,90s,Gls,Ast,G+A,G-PK,PK,PKatt,CrdY,CrdR,xG,npxG,xAG,npxG+xAG,PrgC,PrgP,PrgR,Gls,Ast,G+A,G-PK,G+A-PK,xG,xAG,xG+xAG,npxG,npxG+xAG
Antonio Adán,es ESP,GK,Atlético Madrid,32,1987,1,0,25,0.3,0,0,0,0,0,0,0,0,0.0,0.0,0.0,0.0,0,0,0,0.00,0.00,0.00,0.00,0.00,0.00,0.00,0.00,0.00,0.00
Aritz Aduriz,es ESP,FW MF,Athletic Club,38,1981,14,0,208,02.mars,1,0,1,1,0,1,3,0,01.juin,0.8,0.0,0.8,2,6,15,0.43,0.00,0.43,0.43,0.43,0.67,0.00,0.67,0.33,0.33
Lumor Agbenyenu,gh GHA,DF,Mallorca,22,1996,23,20,1 805,20.janv,1,0,1,1,0,0,5,1,0.3,0.3,01.juin,01.sept,60,69,66,0.05,0.00,0.05,0.05,0.05,0.01,0.08,0.09,0.01,0.09
Martin Agirregabiria,es ESP,DF,Alavés,23,1996,31,23,2 099,23.mars,1,1,2,1,0,0,5,1,0.8,0.8,0.7,01.mai,26,56,49,0.04,0.04,0.09,0.04,0.09,0.03,0.03,0.07,0.03,0.07
Joseph Aidoo,gh GHA,DF,Celta Vigo,23,1995,32,27,2 502,27.août,0,1,1,0,0,0,4,0,1.0,1.0,0.7,01.août,17,89,2,0.00,0.04,0.04,0.00,0.04,0.04,0.03,0.06,0.04,0.06
Jordi Alba,es ESP,DF,Barcelona,30,1989,27,25,2 187,24.mars,2,5,7,2,0,0,7,0,01.avr,01.avr,04.mars,05.juil,42,150,244,0.08,0.21,0.29,0.08,0.29,0.06,0.18,0.23,0.06,0.23
Raúl Albiol,es ESP,DF,Villarreal,33,1985,36,36,3 237,36.0,1,0,1,1,0,0,9,0,02.mars,02.mars,0.3,02.mai,11,118,4,0.03,0.00,0.03,0.03,0.03,0.06,0.01,0.07,0.06,0.07
Paco Alcácer,es ESP,FW,Villarreal,25,1993,13,11,924,10.mars,4,1,5,4,0,0,1,0,03.juil,03.juil,01.avr,05.févr,13,15,50,0.39,0.10,0.49,0.39,0.49,0.36,0.14,0.50,0.36,0.50
Rubén Alcaraz,es ESP,MF,Valladolid,28,1991,27,20,1 927,21.avr,2,2,4,2,0,0,10,0,01.sept,01.sept,1.0,02.sept,26,100,21,0.09,0.09,0.19,0.09,0.19,0.09,0.05,0.13,0.09,0.13
Álex Alegría,es ESP,FW,Mallorca,26,1992,6,0,109,01.févr,0,0,0,0,0,0,0,0,0.0,0.0,0.0,0.0,1,3,6,0.00,0.00,0.00,0.00,0.00,0.00,0.00,0.00,0.00,0.00
Carles Aleñá,es ESP,MF,Barcelona,21,1998,4,2,172,01.sept,0,0,0,0,0,0,0,0,0.1,0.1,0.0,0.1,4,16,2,0.00,0.00,0.00,0.00,0.00,0.04,0.00,0.04,0.04,0.04
Carles Aleñá,es ESP,MF FW,Betis,21,1998,17,7,735,08.févr,1,0,1,1,0,0,1,0,01.avr,01.avr,0.1,01.mai,15,50,25,0.12,0.00,0.12,0.12,0.12,0.17,0.01,0.19,0.17,0.19
Sergio Álvarez,es ESP,MF DF,Eibar,27,1992,18,14,1 147,12.juil,0,0,0,0,0,0,6,0,0.2,0.2,0.1,0.4,6,40,6,0.00,0.00,0.00,0.00,0.00,0.02,0.01,0.03,0.02,0.03
Sergio Álvarez,es ESP,GK,Celta Vigo,32,1986,2,2,180,2.0,0,0,0,0,0,0,3,0,0.0,0.0,0.0,0.0,0,0,0,0.00,0.00,0.00,0.00,0.00,0.00,0.00,0.00,0.00,0.00
Yeray Álvarez,es ESP,DF,Athletic Club,24,1995,32,32,2 81,31.2,0,0,0,0,0,0,2,0,01.mars,01.mars,0.8,02.janv,29,110,4,0.00,0.00,0.00,0.00,0.00,0.04,0.03,0.07,0.04,0.07
Ibrahim Amadou,fr FRA,MF,Leganés,26,1993,10,9,770,08.juin,0,0,0,0,0,0,2,0,0.7,0.7,0.0,0.8,9,20,10,0.00,0.00,0.00,0.00,0.00,0.08,0.01,0.09,0.08,0.09
Amath,sn SEN,MF,Getafe,23,1996,7,0,66,0.7,0,0,0,0,0,0,0,0,0.0,0.0,0.0,0.0,0,3,4,0.00,0.00,0.00,0.00,0.00,0.00,0.00,0.00,0.00,0.00
Miguel Ángel Guerrero,es ESP,FW,Leganés,29,1990,13,9,790,08.août,1,0,1,1,0,1,0,0,02.juin,01.août,0.6,02.avr,10,17,37,0.11,0.00,0.11,0.11,0.11,0.30,0.07,0.37,0.21,0.28
José Ángel,es ESP,DF,Eibar,29,1989,28,27,2 36,26.févr,1,1,2,1,0,0,4,0,0.8,0.8,02.août,03.juin,50,154,62,0.04,0.04,0.08,0.04,0.08,0.03,0.11,0.14,0.03,0.14
Miguel Ángel Moyá,es ESP,GK,Real Sociedad,35,1984,13,13,1 17,13.0,0,0,0,0,0,0,0,0,0.0,0.0,0.0,0.0,0,0,0,0.00,0.00,0.00,0.00,0.00,0.00,0.00,0.00,0.00,0.00
Antoñito,es ESP,DF MF,Valladolid,31,1987,15,11,1 029,11.avr,0,0,0,0,0,0,1,0,0.1,0.1,0.9,1.0,22,30,45,0.00,0.00,0.00,0.00,0.00,0.01,0.08,0.09,0.01,0.09
Vitorino Antunes,pt POR,MF,Getafe,32,1987,1,0,6,0.1,0,0,0,0,0,0,0,0,0.0,0.0,0.0,0.0,0,0,0,0.00,0.00,0.00,0.00,0.00,0.00,0.00,0.00,0.00,0.00
Anuar,ma MAR,MF FW,Valladolid,24,1995,11,1,189,02.janv,0,0,0,0,0,0,1,0,0.0,0.0,0.0,0.0,4,10,2,0.00,0.00,0.00,0.00,0.00,0.01,0.00,0.01,0.01,0.01
Mauro Arambarri,uy URU,MF,Getafe,23,1995,35,34,3 069,34.1,1,1,2,1,0,0,11,1,02.janv,02.janv,02.janv,04.févr,30,113,41,0.03,0.03,0.06,0.03,0.06,0.06,0.06,0.12,0.06,0.12
Néstor Araujo,mx MEX,DF,Celta Vigo,27,1991,34,32,2 888,32.1,1,2,3,1,0,0,10,0,1.0,1.0,0.8,01.août,21,83,4,0.03,0.06,0.09,0.03,0.09,0.03,0.02,0.06,0.03,0.06
Player,Nation,Pos,Squad,Age,Born,MP,Starts,Min,90s,Gls,Ast,G+A,G-PK,PK,PKatt,CrdY,CrdR,xG,npxG,xAG,npxG+xAG,PrgC,PrgP,PrgR,Gls,Ast,G+A,G-PK,G+A-PK,xG,xAG,xG+xAG,npxG,npxG+xAG
Ronald Araújo,uy URU,DF,Barcelona,20,1999,6,2,238,02.juin,0,0,0,0,0,0,0,1,0.2,0.2,0.0,0.2,1,5,0,0.00,0.00,0.00,0.00,0.00,0.08,0.00,0.08,0.08,0.08
Anaitz Arbilla,es ESP,DF,Eibar,32,1987,24,22,2 007,22.mars,1,0,1,1,0,0,5,0,0.7,0.7,0.3,1.0,21,104,17,0.04,0.00,0.04,0.04,0.04,0.03,0.02,0.05,0.03,0.05
Alphonse Areola,fr FRA,GK,Real Madrid,26,1993,4,4,360,4.0,0,0,0,0,0,0,1,0,0.0,0.0,0.0,0.0,0,0,0,0.00,0.00,0.00,0.00,0.00,0.00,0.00,0.00,0.00,0.00
Santiago Arias,co COL,DF,Atlético Madrid,27,1992,14,11,1 076,12.0,0,1,1,0,0,0,1,0,0.5,0.5,02.janv,02.juin,27,45,76,0.00,0.08,0.08,0.00,0.08,0.05,0.17,0.22,0.05,0.22
José Arnaiz,es ESP,FW MF,Osasuna,24,1995,14,8,791,08.août,2,1,3,2,0,0,2,0,01.avr,01.avr,0.4,01.août,17,18,60,0.23,0.11,0.34,0.23,0.34,0.16,0.05,0.21,0.16,0.21
José Arnaiz,es ESP,MF,Leganés,24,1995,12,2,337,03.juil,0,0,0,0,0,0,2,0,0.7,0.7,0.5,01.janv,14,9,24,0.00,0.00,0.00,0.00,0.00,0.18,0.13,0.30,0.18,0.30
Sergio Asenjo,es ESP,GK,Villarreal,30,1989,34,34,3 06,34.0,0,0,0,0,0,0,2,0,0.0,0.0,0.0,0.0,0,0,0,0.00,0.00,0.00,0.00,0.00,0.00,0.00,0.00,0.00,0.00
Marco Asensio,es ESP,FW,Real Madrid,23,1996,9,3,336,03.juil,3,1,4,3,0,0,0,0,01.janv,01.janv,01.avr,02.juin,8,13,31,0.80,0.27,01.juil,0.80,01.juil,0.31,0.38,0.68,0.31,0.68
Iago Aspas,es ESP,FW,Celta Vigo,31,1987,37,37,3 262,36.2,14,3,17,9,5,7,9,0,14.juin,9.0,04.avr,13.avr,106,125,256,0.39,0.08,0.47,0.25,0.33,0.40,0.12,0.52,0.25,0.37
Roger Assalé,ci CIV,FW MF,Leganés,25,1993,14,2,531,05.sept,2,1,3,2,0,0,1,0,01.juil,01.juil,01.janv,02.juil,15,13,51,0.34,0.17,0.51,0.34,0.51,0.28,0.18,0.46,0.28,0.46
Miguel Atienza,es ESP,MF,Eibar,20,1999,3,0,30,0.3,0,0,0,0,0,0,0,0,0.1,0.1,0.0,0.1,0,1,0,0.00,0.00,0.00,0.00,0.00,0.36,0.00,0.36,0.36,0.36
Ezequiel Ávila,ar ARG,FW,Osasuna,25,1994,20,18,1 591,17.juil,9,2,11,9,0,0,6,0,07.juil,07.juil,03.juin,11.mars,33,40,113,0.51,0.11,0.62,0.51,0.62,0.43,0.20,0.64,0.43,0.64
Javier Avilés,es ESP,MF FW,Leganés,21,1997,9,1,184,2.0,1,1,2,1,0,0,1,0,0.6,0.6,0.8,01.avr,10,4,26,0.49,0.49,0.98,0.49,0.98,0.28,0.39,0.68,0.28,0.68
Chidozie Awaziem,ng NGA,DF,Leganés,22,1997,26,21,1 997,22.févr,0,0,0,0,0,0,10,0,0.8,0.8,0.3,01.févr,12,59,8,0.00,0.00,0.00,0.00,0.00,0.04,0.01,0.05,0.04,0.05
Ramon Azeez,ng NGA,MF,Granada,26,1992,25,14,1 361,15.janv,2,0,2,2,0,0,3,0,02.avr,02.avr,0.3,02.juil,16,43,25,0.13,0.00,0.13,0.13,0.13,0.16,0.02,0.18,0.16,0.18
Iddrisu Baba,gh GHA,MF,Mallorca,23,1996,36,35,2 903,32.3,0,0,0,0,0,0,6,0,1.0,1.0,0.2,01.janv,16,127,8,0.00,0.00,0.00,0.00,0.00,0.03,0.00,0.04,0.03,0.04
Carlos Bacca,co COL,FW,Villarreal,32,1986,19,7,688,07.juin,2,1,3,2,0,0,1,0,03.avr,03.avr,0.9,04.mars,8,6,36,0.26,0.13,0.39,0.26,0.39,0.45,0.12,0.57,0.45,0.57
Alex Baena,es ESP,MF,Villarreal,18,2001,1,0,15,0.2,0,0,0,0,0,0,0,0,0.0,0.0,0.0,0.0,0,0,0,0.00,0.00,0.00,0.00,0.00,0.00,0.00,0.00,0.00,0.00
Gareth Bale,wls WAL,FW MF,Real Madrid,30,1989,16,12,1 089,12.janv,2,2,4,2,0,0,4,1,4.0,4.0,01.juil,05.juil,48,35,118,0.17,0.17,0.33,0.17,0.33,0.33,0.14,0.47,0.33,0.47
Mikel Balenziaga,es ESP,DF,Athletic Club,31,1988,9,6,563,06.mars,0,0,0,0,0,0,1,0,0.1,0.1,0.0,0.1,5,15,9,0.00,0.00,0.00,0.00,0.00,0.01,0.00,0.01,0.01,0.01
Éver Banega,ar ARG,MF,Sevilla,31,1988,33,28,2 475,27.mai,3,7,10,1,2,2,10,0,03.févr,01.juin,06.janv,07.juil,66,363,77,0.11,0.25,0.36,0.04,0.29,0.11,0.22,0.34,0.06,0.28
Federico Barba,it ITA,DF,Valladolid,25,1993,5,5,450,5.0,0,0,0,0,0,0,3,0,0.0,0.0,0.0,0.1,3,15,15,0.00,0.00,0.00,0.00,0.00,0.01,0.01,0.02,0.01,0.02
Enis Bardhi,mk MKD,MF,Levante,24,1995,30,23,2 114,23.mai,7,2,9,7,0,0,5,0,05.janv,05.janv,03.mai,08.juil,58,111,117,0.30,0.09,0.38,0.30,0.38,0.22,0.15,0.37,0.22,0.37
Kike Barja,es ESP,MF FW,Osasuna,22,1997,8,4,313,03.mai,0,1,1,0,0,0,0,0,0.7,0.7,01.janv,01.août,14,12,33,0.00,0.29,0.29,0.00,0.29,0.20,0.32,0.52,0.20,0.52
Antonio Barragán,es ESP,DF,Betis,32,1987,12,7,641,07.janv,0,1,1,0,0,0,3,0,0.1,0.1,0.6,0.7,15,49,56,0.00,0.14,0.14,0.00,0.14,0.02,0.08,0.09,0.02,0.09
Player,Nation,Pos,Squad,Age,Born,MP,Starts,Min,90s,Gls,Ast,G+A,G-PK,PK,PKatt,CrdY,CrdR,xG,npxG,xAG,npxG+xAG,PrgC,PrgP,PrgR,Gls,Ast,G+A,G-PK,G+A-PK,xG,xAG,xG+xAG,npxG,npxG+xAG
Ander Barrenetxea,es ESP,FW MF,Real Sociedad,17,2001,17,3,442,04.sept,1,0,1,1,0,0,1,0,0.9,0.9,0.5,01.avr,28,20,65,0.20,0.00,0.20,0.20,0.20,0.18,0.10,0.29,0.18,0.29
Marc Bartra,es ESP,DF MF,Betis,28,1991,30,29,2 524,28.0,3,1,4,3,0,0,8,0,02.mai,02.mai,2.0,04.mai,11,90,11,0.11,0.04,0.14,0.11,0.14,0.09,0.07,0.16,0.09,0.16
Gil Bastião Dias,pt POR,MF DF,Granada,22,1996,12,3,356,4.0,0,1,1,0,0,0,1,0,0.3,0.3,0.3,0.6,12,17,12,0.00,0.25,0.25,0.00,0.25,0.07,0.09,0.16,0.07,0.16
Fran Beltrán,es ESP,MF,Celta Vigo,20,1999,28,22,1 83,20.mars,1,0,1,1,0,0,2,1,01.mai,01.mai,0.6,02.janv,16,67,44,0.05,0.00,0.05,0.05,0.05,0.07,0.03,0.10,0.07,0.10
Hatem Ben Arfa,fr FRA,MF FW,Valladolid,32,1987,5,2,159,01.août,0,0,0,0,0,0,1,0,0.1,0.1,0.0,0.1,4,6,2,0.00,0.00,0.00,0.00,0.00,0.04,0.02,0.06,0.04,0.06
Karim Benzema,fr FRA,FW,Real Madrid,31,1987,37,36,3 141,34.9,21,8,29,16,5,5,0,0,20.mars,16.mars,07.juin,23.sept,110,173,270,0.60,0.23,0.83,0.46,0.69,0.58,0.22,0.80,0.47,0.69
Yuri Berchiche,es ESP,DF,Athletic Club,29,1990,33,32,2 85,31.juil,2,1,3,2,0,0,7,0,01.mai,01.mai,02.août,04.mars,83,153,141,0.06,0.03,0.09,0.06,0.09,0.05,0.09,0.14,0.05,0.14
Markel Bergara,es ESP,MF,Getafe,33,1986,2,0,72,0.8,0,0,0,0,0,0,2,0,0.1,0.1,0.0,0.1,1,1,3,0.00,0.00,0.00,0.00,0.00,0.14,0.00,0.14,0.14,0.14
Sergio Bermejo,es ESP,MF FW,Celta Vigo,21,1997,1,0,5,0.1,0,0,0,0,0,0,0,0,0.0,0.0,0.0,0.0,0,1,0,0.00,0.00,0.00,0.00,0.00,0.00,0.00,0.00,0.00,0.00
Pedro Bigas,es ESP,DF,Eibar,28,1990,23,21,1 777,19.juil,3,0,3,3,0,0,2,0,01.févr,01.févr,0.1,01.mars,9,58,6,0.15,0.00,0.15,0.15,0.15,0.06,0.00,0.07,0.06,0.07
Rubén Blanco,es ESP,GK,Celta Vigo,24,1995,33,33,2 96,32.9,0,0,0,0,0,0,4,0,0.0,0.0,0.0,0.0,0,0,0,0.00,0.00,0.00,0.00,0.00,0.00,0.00,0.00,0.00,0.00
Pablo de Blasis,ar ARG,DF MF,Eibar,31,1988,30,15,1 604,17.août,2,3,5,1,1,1,1,0,02.août,2.0,02.août,04.sept,28,91,89,0.11,0.17,0.28,0.06,0.22,0.16,0.16,0.32,0.11,0.27
Alejandro Blesa,es ESP,MF,Levante,17,2002,1,0,2,0.0,0,0,0,0,0,0,0,0,0.0,0.0,0.0,0.0,0,0,0,0.00,0.00,0.00,0.00,0.00,0.00,0.00,0.00,0.00,0.00
Yassine Bounou,ma MAR,GK,Sevilla,28,1991,6,5,495,05.mai,0,1,1,0,0,0,1,0,0.0,0.0,0.2,0.2,0,0,0,0.00,0.18,0.18,0.00,0.18,0.00,0.04,0.04,0.00,0.04
Filip Bradarić,hr CRO,MF,Celta Vigo,27,1992,14,7,706,07.août,0,0,0,0,0,0,2,1,0.3,0.3,0.1,0.4,7,31,5,0.00,0.00,0.00,0.00,0.00,0.04,0.01,0.05,0.04,0.05
Martin Braithwaite,dk DEN,FW MF,Barcelona,28,1991,11,4,407,04.mai,1,0,1,1,0,0,1,0,02.juil,02.juil,0.6,03.févr,12,3,30,0.22,0.00,0.22,0.22,0.22,0.59,0.12,0.71,0.59,0.71
Martin Braithwaite,dk DEN,FW MF,Leganés,28,1991,24,21,1 934,21.mai,6,1,7,6,0,1,3,0,07.janv,06.mars,02.févr,08.mai,28,47,80,0.28,0.05,0.33,0.28,0.33,0.33,0.10,0.43,0.29,0.39
Brandon,es ESP,FW,Osasuna,24,1995,8,5,406,04.mai,0,1,1,0,0,0,4,0,01.mars,01.mars,0.5,01.août,11,5,36,0.00,0.22,0.22,0.00,0.22,0.28,0.11,0.39,0.28,0.39
Darko Brašanac,rs SRB,MF,Osasuna,27,1992,31,27,2 245,24.sept,0,1,1,0,0,0,8,0,01.juil,01.juil,01.juil,03.mai,35,90,84,0.00,0.04,0.04,0.00,0.04,0.07,0.07,0.14,0.07,0.14
Yan Brice Eteki,cm CMR,MF,Granada,21,1997,28,18,1 499,16.juil,0,0,0,0,0,0,4,0,0.4,0.4,0.1,0.5,12,44,8,0.00,0.00,0.00,0.00,0.00,0.02,0.01,0.03,0.02,0.03
Ante Budimir,hr CRO,FW,Mallorca,28,1991,35,33,2 765,30.juil,13,2,15,11,2,2,12,0,11.janv,09.mai,1.0,10.mai,34,33,132,0.42,0.07,0.49,0.36,0.42,0.36,0.03,0.39,0.31,0.34
Esteban Burgos,ar ARG,DF,Eibar,27,1992,15,11,1 119,12.avr,1,0,1,1,0,0,3,0,0.6,0.6,0.1,0.7,1,30,1,0.08,0.00,0.08,0.08,0.08,0.05,0.01,0.06,0.05,0.06
Burgui,es ESP,MF,Alavés,25,1993,2,0,22,0.2,0,0,0,0,0,0,0,0,0.0,0.0,0.0,0.0,0,0,0,0.00,0.00,0.00,0.00,0.00,0.00,0.00,0.00,0.00,0.00
Oliver Burke,sct SCO,MF FW,Alavés,22,1997,31,14,1 429,15.sept,1,2,3,1,0,0,2,0,02.sept,02.sept,01.juin,04.mai,49,16,92,0.06,0.13,0.19,0.06,0.19,0.18,0.10,0.28,0.18,0.28
Sergio Busquets,es ESP,MF,Barcelona,31,1988,33,29,2 483,27.juin,2,2,4,2,0,0,9,0,01.mars,01.mars,02.août,04.janv,12,220,17,0.07,0.07,0.14,0.07,0.14,0.05,0.10,0.15,0.05,0.15
Player,Nation,Pos,Squad,Age,Born,MP,Starts,Min,90s,Gls,Ast,G+A,G-PK,PK,PKatt,CrdY,CrdR,xG,npxG,xAG,npxG+xAG,PrgC,PrgP,PrgR,Gls,Ast,G+A,G-PK,G+A-PK,xG,xAG,xG+xAG,npxG,npxG+xAG
Unai Bustinza,es ESP,DF,Leganés,27,1992,33,31,2 684,29.août,0,1,1,0,0,0,8,0,0.5,0.5,01.août,02.mars,22,109,33,0.00,0.03,0.03,0.00,0.03,0.02,0.06,0.08,0.02,0.08
Erick Cabaco,uy URU,DF,Getafe,24,1995,4,3,267,3.0,0,0,0,0,0,0,0,0,0.3,0.3,0.0,0.3,1,13,0,0.00,0.00,0.00,0.00,0.00,0.09,0.00,0.09,0.09,0.09
Erick Cabaco,uy URU,DF,Levante,24,1995,11,9,809,9.0,0,0,0,0,0,0,4,0,0.3,0.3,0.1,0.4,2,24,0,0.00,0.00,0.00,0.00,0.00,0.04,0.01,0.05,0.04,0.05
Ariday Cabrera,es ESP,MF,Mallorca,30,1988,2,0,37,0.4,0,0,0,0,0,0,0,0,0.1,0.1,0.0,0.1,0,0,3,0.00,0.00,0.00,0.00,0.00,0.13,0.00,0.13,0.13,0.13
Leandro Cabrera,uy URU,DF,Getafe,28,1991,18,18,1 53,17.0,2,0,2,2,0,0,3,0,1.0,1.0,0.4,01.avr,6,64,5,0.12,0.00,0.12,0.12,0.12,0.06,0.02,0.08,0.06,0.08
Leandro Cabrera,uy URU,DF,Espanyol,28,1991,17,17,1 53,17.0,0,1,1,0,0,0,2,0,0.0,0.0,0.9,0.9,9,53,6,0.00,0.06,0.06,0.00,0.06,0.00,0.05,0.05,0.00,0.05
Fernando Calero,es ESP,DF,Espanyol,23,1995,15,12,1 043,11.juin,0,0,0,0,0,0,4,1,0.0,0.0,0.0,0.0,9,32,1,0.00,0.00,0.00,0.00,0.00,0.00,0.00,0.00,0.00,0.00
Jonathan Calleri,ar ARG,FW,Espanyol,25,1993,27,20,1 811,20.janv,1,3,4,1,0,0,6,1,04.mai,04.mai,02.juin,07.janv,32,28,111,0.05,0.15,0.20,0.05,0.20,0.22,0.13,0.35,0.22,0.35
Víctor Camarasa,es ESP,MF,Alavés,25,1994,17,15,1 293,14.avr,0,1,1,0,0,0,1,0,0.3,0.3,02.févr,02.mai,9,55,34,0.00,0.07,0.07,0.00,0.07,0.02,0.15,0.17,0.02,0.17
Sergio Camello,es ESP,FW,Atlético Madrid,18,2001,2,0,25,0.3,0,0,0,0,0,0,0,0,0.0,0.0,0.0,0.0,0,1,2,0.00,0.00,0.00,0.00,0.00,0.00,0.00,0.00,0.00,0.00
José Campaña,es ESP,MF,Levante,26,1993,37,35,3 156,35.1,2,7,9,2,0,0,4,1,02.avr,02.avr,05.févr,07.juin,137,258,158,0.06,0.20,0.26,0.06,0.26,0.07,0.15,0.22,0.07,0.22
Xisco Campos,es ESP,DF,Mallorca,37,1982,9,4,473,05.mars,0,1,1,0,0,0,2,0,0.3,0.3,0.4,0.6,2,5,1,0.00,0.19,0.19,0.00,0.19,0.05,0.07,0.12,0.05,0.12
Víctor Campuzano,es ESP,FW,Espanyol,22,1997,20,9,870,09.juil,0,0,0,0,0,0,2,0,01.juil,01.juil,0.1,01.août,21,8,47,0.00,0.00,0.00,0.00,0.00,0.17,0.01,0.19,0.17,0.19
Sergio Canales,es ESP,MF FW,Betis,28,1991,36,36,3 163,35.1,6,6,12,3,3,4,5,0,07.mai,04.mars,7.0,11.mars,150,229,153,0.17,0.17,0.34,0.09,0.26,0.21,0.20,0.41,0.12,0.32
Ander Capa,es ESP,DF,Athletic Club,27,1992,35,32,2 872,31.9,3,4,7,3,0,0,10,0,01.févr,01.févr,02.sept,04.janv,92,107,180,0.09,0.13,0.22,0.09,0.22,0.04,0.09,0.13,0.04,0.13
Marc Cardona,es ESP,FW,Osasuna,24,1995,19,9,705,07.août,1,2,3,1,0,0,1,0,01.août,01.août,01.janv,02.sept,19,14,56,0.13,0.26,0.38,0.13,0.38,0.23,0.14,0.37,0.23,0.37
Diego Carlos,br BRA,DF,Sevilla,26,1993,35,35,3 134,34.8,2,0,2,2,0,0,7,0,02.mars,02.mars,0.6,3.0,6,76,2,0.06,0.00,0.06,0.06,0.06,0.07,0.02,0.09,0.07,0.09
Yannick Carrasco,be BEL,MF FW,Atlético Madrid,25,1993,15,6,631,7.0,1,2,3,1,0,0,2,0,01.févr,01.févr,1.0,02.févr,23,21,41,0.14,0.29,0.43,0.14,0.43,0.17,0.14,0.31,0.17,0.31
Daniel Carriço,pt POR,DF,Sevilla,30,1988,11,10,847,09.avr,0,0,0,0,0,0,3,0,0.6,0.6,0.0,0.6,5,28,0,0.00,0.00,0.00,0.00,0.00,0.07,0.00,0.07,0.07,0.07
Guido Carrillo,ar ARG,FW,Leganés,28,1991,24,13,1 213,13.mai,1,2,3,1,0,0,2,0,05.févr,05.janv,0.7,05.sept,8,29,57,0.07,0.15,0.22,0.07,0.22,0.39,0.05,0.44,0.38,0.44
Dani Carvajal,es ESP,DF,Real Madrid,27,1992,31,31,2 738,30.avr,1,5,6,1,0,0,11,0,02.juin,02.juin,04.sept,07.mai,91,182,195,0.03,0.16,0.20,0.03,0.20,0.09,0.16,0.25,0.09,0.25
William Carvalho,pt POR,MF,Betis,27,1992,13,11,892,09.sept,0,0,0,0,0,0,6,1,0.6,0.6,0.8,01.avr,9,68,15,0.00,0.00,0.00,0.00,0.00,0.06,0.08,0.14,0.06,0.14
Casemiro,br BRA,MF,Real Madrid,27,1992,35,35,3 088,34.3,4,3,7,4,0,0,12,0,04.févr,04.févr,01.mai,05.juil,16,201,26,0.12,0.09,0.20,0.12,0.20,0.12,0.04,0.17,0.12,0.17
Santi Cazorla,es ESP,MF,Villarreal,34,1984,35,29,2 45,27.févr,11,9,20,3,8,8,3,0,08.juil,02.avr,07.avr,09.août,55,232,98,0.40,0.33,0.73,0.11,0.44,0.32,0.27,0.59,0.09,0.36
Sofian Chakla,ma MAR,DF,Villarreal,25,1993,2,2,180,2.0,0,0,0,0,0,0,1,0,0.1,0.1,0.0,0.1,0,3,1,0.00,0.00,0.00,0.00,0.00,0.04,0.00,0.04,0.04,0.04
Player,Nation,Pos,Squad,Age,Born,MP,Starts,Min,90s,Gls,Ast,G+A,G-PK,PK,PKatt,CrdY,CrdR,xG,npxG,xAG,npxG+xAG,PrgC,PrgP,PrgR,Gls,Ast,G+A,G-PK,G+A-PK,xG,xAG,xG+xAG,npxG,npxG+xAG
Charles,br BRA,FW,Eibar,35,1984,30,13,1 301,14.mai,6,0,6,5,1,2,8,0,04.juin,3.0,0.9,4.0,7,20,58,0.42,0.00,0.42,0.35,0.35,0.32,0.06,0.38,0.21,0.27
Pablo Chavarría,ar ARG,FW MF,Mallorca,31,1988,13,1,209,02.mars,0,0,0,0,0,0,1,0,0.8,0.8,0.1,0.9,6,3,22,0.00,0.00,0.00,0.00,0.00,0.33,0.06,0.39,0.33,0.39
Pape Cheikh Diop,sn SEN,MF,Celta Vigo,21,1997,16,6,599,06.juil,0,1,1,0,0,0,5,1,0.1,0.1,0.5,0.6,9,23,14,0.00,0.15,0.15,0.00,0.15,0.02,0.07,0.09,0.02,0.09
Chema,es ESP,DF,Getafe,27,1992,4,3,309,03.avr,0,0,0,0,0,0,4,0,0.2,0.2,0.0,0.2,0,4,0,0.00,0.00,0.00,0.00,0.00,0.06,0.00,0.06,0.06,0.06
Denis Cheryshev,ru RUS,MF FW,Valencia,28,1990,24,9,926,10.mars,1,2,3,1,0,0,5,0,03.avr,03.avr,01.mai,04.sept,29,33,85,0.10,0.19,0.29,0.10,0.29,0.33,0.15,0.48,0.33,0.48
Samuel Chukwueze,ng NGA,FW MF,Villarreal,20,1999,37,20,2 048,22.août,3,2,5,3,0,0,2,0,03.avr,03.avr,04.avr,07.août,119,85,213,0.13,0.09,0.22,0.13,0.22,0.15,0.19,0.34,0.15,0.34
Churripi,es ESP,GK,Valladolid,25,1994,3,3,244,02.juil,0,0,0,0,0,0,0,0,0.0,0.0,0.0,0.0,0,0,0,0.00,0.00,0.00,0.00,0.00,0.00,0.00,0.00,0.00,0.00
Jasper Cillessen,nl NED,GK,Valencia,30,1989,24,24,2 096,23.mars,0,1,1,0,0,0,1,0,0.0,0.0,0.0,0.0,0,0,0,0.00,0.04,0.04,0.00,0.04,0.00,0.00,0.00,0.00,0.00
Óscar Clemente,es ESP,MF,Atlético Madrid,20,1999,1,0,4,0.0,0,0,0,0,0,0,0,0,0.0,0.0,0.0,0.0,0,0,0,0.00,0.00,0.00,0.00,0.00,0.00,0.00,0.00,0.00,0.00
Carlos Clerc,es ESP,DF,Levante,27,1992,23,20,1 848,20.mai,0,2,2,0,0,0,4,0,0.4,0.4,2.0,02.mai,60,68,78,0.00,0.10,0.10,0.00,0.10,0.02,0.10,0.12,0.02,0.12
Coke,es ESP,DF,Levante,32,1987,17,11,989,11.0,1,0,1,1,0,0,3,0,0.9,0.9,0.3,01.févr,27,48,41,0.09,0.00,0.09,0.09,0.09,0.08,0.03,0.11,0.08,0.11
Álex Collado,es ESP,FW,Barcelona,20,1999,1,0,6,0.1,0,0,0,0,0,0,0,0,0.0,0.0,0.0,0.0,0,1,3,0.00,0.00,0.00,0.00,0.00,0.00,0.00,0.00,0.00,0.00
Francis Coquelin,fr FRA,MF,Valencia,28,1991,26,21,1 905,21.févr,0,0,0,0,0,0,8,1,0.4,0.4,0.2,0.6,14,85,18,0.00,0.00,0.00,0.00,0.00,0.02,0.01,0.03,0.02,0.03
Sébastien Corchia,fr FRA,DF,Espanyol,28,1990,3,3,269,3.0,0,0,0,0,0,0,1,0,0.1,0.1,1.0,01.janv,6,10,34,0.00,0.00,0.00,0.00,0.00,0.04,0.33,0.37,0.04,0.37
Iñigo Córdoba,es ESP,FW,Athletic Club,22,1997,24,21,1 442,16.0,1,4,5,1,0,0,4,0,01.août,01.août,01.mars,03.janv,17,38,94,0.06,0.25,0.31,0.06,0.31,0.11,0.08,0.19,0.11,0.19
Ángel Correa,ar ARG,MF FW,Atlético Madrid,24,1995,33,22,2 061,22.sept,5,6,11,5,0,0,5,0,06.avr,06.avr,04.juin,11.janv,54,53,141,0.22,0.26,0.48,0.22,0.48,0.28,0.20,0.48,0.28,0.48
Rober Correa,es ESP,DF,Eibar,26,1992,12,11,929,10.mars,0,0,0,0,0,0,3,0,0.2,0.2,0.2,0.4,16,41,23,0.00,0.00,0.00,0.00,0.00,0.02,0.02,0.04,0.02,0.04
Thierry Correia,pt POR,DF,Valencia,20,1999,4,3,259,02.sept,0,0,0,0,0,0,0,0,0.0,0.0,0.1,0.1,3,8,8,0.00,0.00,0.00,0.00,0.00,0.01,0.04,0.05,0.01,0.05
Antonio Cortés,es ESP,FW MF,Granada,19,2000,8,2,181,2.0,1,0,1,1,0,0,2,0,0.9,0.9,0.2,01.janv,4,2,10,0.50,0.00,0.50,0.50,0.50,0.47,0.08,0.54,0.47,0.54
Diego Costa,es ESP,FW,Atlético Madrid,30,1988,23,14,1 35,15.0,5,4,9,3,2,3,5,0,06.juil,04.mars,02.août,07.janv,9,34,86,0.33,0.27,0.60,0.20,0.47,0.44,0.19,0.63,0.29,0.47
Jaume Costa,es ESP,DF,Valencia,31,1988,19,15,1 389,15.avr,0,1,1,0,0,0,2,1,0.1,0.1,0.5,0.6,36,54,82,0.00,0.06,0.06,0.00,0.06,0.01,0.03,0.04,0.01,0.04
David Costas,es ESP,DF,Celta Vigo,24,1995,6,3,338,03.août,0,0,0,0,0,0,1,0,0.1,0.1,0.0,0.1,1,16,0,0.00,0.00,0.00,0.00,0.00,0.02,0.00,0.02,0.02,0.02
Thibaut Courtois,be BEL,GK,Real Madrid,27,1992,34,34,3 06,34.0,0,0,0,0,0,0,1,0,0.1,0.1,0.0,0.1,0,0,0,0.00,0.00,0.00,0.00,0.00,0.00,0.00,0.00,0.00,0.00
Sebastián Cristóforo,uy URU,MF,Eibar,25,1993,18,9,877,09.juil,0,0,0,0,0,0,1,0,0.3,0.3,0.3,0.6,2,28,26,0.00,0.00,0.00,0.00,0.00,0.03,0.04,0.06,0.03,0.06
Cucho,co COL,FW MF,Mallorca,20,1999,22,17,1 487,16.mai,5,1,6,5,0,0,5,1,03.août,03.août,01.août,05.juin,53,28,100,0.30,0.06,0.36,0.30,0.36,0.23,0.11,0.34,0.23,0.34
Player,Nation,Pos,Squad,Age,Born,MP,Starts,Min,90s,Gls,Ast,G+A,G-PK,PK,PKatt,CrdY,CrdR,xG,npxG,xAG,npxG+xAG,PrgC,PrgP,PrgR,Gls,Ast,G+A,G-PK,G+A-PK,xG,xAG,xG+xAG,npxG,npxG+xAG
Marc Cucurella,es ESP,MF DF,Getafe,21,1998,37,37,3 237,36.0,1,5,6,1,0,0,9,0,02.févr,02.févr,04.avr,06.juin,62,153,202,0.03,0.14,0.17,0.03,0.17,0.06,0.12,0.18,0.06,0.18
Iván Cuéllar,es ESP,GK,Leganés,35,1984,27,27,2 429,27.0,0,0,0,0,0,0,4,1,0.0,0.0,0.0,0.0,0,2,0,0.00,0.00,0.00,0.00,0.00,0.00,0.00,0.00,0.00,0.00
Moanes Dabbur,il ISR,FW,Sevilla,27,1992,2,0,26,0.3,0,0,0,0,0,0,0,0,0.1,0.1,0.0,0.1,0,5,4,0.00,0.00,0.00,0.00,0.00,0.48,0.00,0.48,0.48,0.48
Sergi Darder,es ESP,MF,Espanyol,25,1993,36,29,2 658,29.mai,2,1,3,2,0,0,4,0,03.avr,03.avr,02.juil,06.févr,34,125,118,0.07,0.03,0.10,0.07,0.10,0.12,0.09,0.21,0.12,0.21
Ousmane Dembélé,fr FRA,FW,Barcelona,22,1997,5,3,357,4.0,1,0,1,1,0,0,1,1,01.mars,01.mars,0.4,01.juil,24,19,45,0.25,0.00,0.25,0.25,0.25,0.34,0.10,0.43,0.34,0.43
Deyverson,br BRA,FW,Getafe,28,1991,5,3,204,02.mars,0,1,1,0,0,0,2,0,0.6,0.6,0.4,1.0,2,10,7,0.00,0.44,0.44,0.00,0.44,0.25,0.17,0.42,0.25,0.42
Mouctar Diakhaby,gn GUI,DF,Valencia,22,1996,21,15,1 444,16.0,0,0,0,0,0,0,5,0,0.1,0.1,0.1,0.2,16,43,1,0.00,0.00,0.00,0.00,0.00,0.00,0.01,0.01,0.00,0.01
Brahim Díaz,ma MAR,FW,Real Madrid,19,1999,6,0,65,0.7,0,0,0,0,0,0,1,0,0.2,0.2,0.0,0.2,6,2,9,0.00,0.00,0.00,0.00,0.00,0.32,0.00,0.32,0.32,0.32
Víctor Díaz,es ESP,DF,Granada,31,1988,36,33,2 884,32.0,1,5,6,1,0,0,4,0,0.9,0.9,04.mars,05.févr,32,124,59,0.03,0.16,0.19,0.03,0.19,0.03,0.13,0.16,0.03,0.16
Papakouli Diop,sn SEN,MF,Eibar,33,1986,30,25,2 253,25.0,1,0,1,1,0,0,7,0,01.févr,01.févr,0.5,01.juil,6,94,13,0.04,0.00,0.04,0.04,0.04,0.05,0.02,0.07,0.05,0.07
Djené,tg TOG,DF,Getafe,27,1991,34,34,3 06,34.0,0,0,0,0,0,0,5,0,0.3,0.3,0.2,0.5,20,98,7,0.00,0.00,0.00,0.00,0.00,0.01,0.01,0.02,0.01,0.02
Naïs Djouahra,fr FRA,FW,Real Sociedad,19,1999,2,0,29,0.3,0,1,1,0,0,0,0,0,0.1,0.1,0.2,0.2,4,2,3,0.00,03.oct,03.oct,0.00,03.oct,0.19,0.47,0.66,0.19,0.66
Marko Dmitrović,rs SRB,GK,Eibar,27,1992,35,35,3 15,35.0,0,0,0,0,0,0,3,0,0.5,0.5,0.0,0.5,0,0,0,0.00,0.00,0.00,0.00,0.00,0.01,0.00,0.01,0.01,0.01
Jaume Doménech,es ESP,GK,Valencia,28,1990,15,14,1 324,14.juil,0,0,0,0,0,0,1,0,0.0,0.0,0.0,0.0,0,0,0,0.00,0.00,0.00,0.00,0.00,0.00,0.00,0.00,0.00,0.00
Domingos Duarte,pt POR,DF,Granada,24,1995,36,34,3 087,34.3,3,1,4,3,0,0,7,0,01.juin,01.juin,0.1,01.juin,16,90,3,0.09,0.03,0.12,0.09,0.12,0.05,0.00,0.05,0.05,0.05
Óscar Duarte,cr CRC,DF,Levante,30,1989,8,5,485,05.avr,0,0,0,0,0,0,0,0,0.6,0.6,0.0,0.6,3,9,0,0.00,0.00,0.00,0.00,0.00,0.12,0.00,0.12,0.12,0.12
Rubén Duarte,es ESP,DF,Alavés,23,1995,31,30,2 663,29.juin,0,1,1,0,0,0,11,0,01.janv,01.janv,01.avr,02.mai,29,107,49,0.00,0.03,0.03,0.00,0.03,0.04,0.05,0.08,0.04,0.08
Hugo Duro,es ESP,FW MF,Getafe,19,1999,12,4,378,04.févr,1,1,2,1,0,0,3,0,0.5,0.5,0.2,0.7,7,5,22,0.24,0.24,0.48,0.24,0.48,0.11,0.05,0.16,0.11,0.16
Aritz Elustondo,es ESP,DF,Real Sociedad,25,1994,22,17,1 51,16.août,0,1,1,0,0,0,4,0,0.8,0.8,0.9,01.juin,11,68,12,0.00,0.06,0.06,0.00,0.06,0.05,0.05,0.10,0.05,0.10
Rodrigo Ely,br BRA,DF,Alavés,25,1993,25,24,2 121,23.juin,2,0,2,2,0,0,9,1,1.0,1.0,0.2,01.févr,2,40,2,0.08,0.00,0.08,0.08,0.08,0.04,0.01,0.05,0.04,0.05
Adri Embarba,es ESP,MF FW,Espanyol,27,1992,18,17,1 371,15.févr,2,4,6,1,1,1,4,0,03.févr,02.avr,03.avr,05.août,59,31,95,0.13,0.26,0.39,0.07,0.33,0.21,0.22,0.43,0.16,0.38
Emerson,br BRA,DF,Betis,20,1999,33,32,2 839,31.mai,3,6,9,3,0,0,11,0,01.août,01.août,5.0,06.août,90,108,215,0.10,0.19,0.29,0.10,0.29,0.06,0.16,0.22,0.06,0.22
Youssef En-Nesyri,ma MAR,FW,Leganés,22,1997,18,15,1 385,15.avr,4,2,6,4,0,0,2,0,5.0,5.0,0.6,05.juin,26,16,86,0.26,0.13,0.39,0.26,0.39,0.32,0.04,0.36,0.32,0.36
Youssef En-Nesyri,ma MAR,FW,Sevilla,22,1997,18,7,796,08.août,4,0,4,4,0,0,1,0,03.juin,03.juin,0.1,03.août,11,6,50,0.45,0.00,0.45,0.45,0.45,0.41,0.02,0.43,0.41,0.43
Sergi Enrich,es ESP,FW,Eibar,29,1990,30,21,1 865,20.juil,1,4,5,1,0,0,6,0,3.0,3.0,01.août,04.août,4,30,107,0.05,0.19,0.24,0.05,0.24,0.15,0.09,0.23,0.15,0.23
Player,Nation,Pos,Squad,Age,Born,MP,Starts,Min,90s,Gls,Ast,G+A,G-PK,PK,PKatt,CrdY,CrdR,xG,npxG,xAG,npxG+xAG,PrgC,PrgP,PrgR,Gls,Ast,G+A,G-PK,G+A-PK,xG,xAG,xG+xAG,npxG,npxG+xAG
Javier Eraso,es ESP,MF,Leganés,29,1990,20,11,815,09.janv,0,0,0,0,0,0,3,0,0.5,0.5,0.7,01.févr,9,19,38,0.00,0.00,0.00,0.00,0.00,0.06,0.07,0.13,0.06,0.13
Gonzalo Escalante,ar ARG,MF,Eibar,26,1993,23,18,1 674,18.juin,0,1,1,0,0,0,9,1,01.juil,01.juil,01.janv,02.août,13,68,36,0.00,0.05,0.05,0.00,0.05,0.09,0.06,0.15,0.09,0.15
Aarón Escandell,es ESP,GK,Granada,23,1995,3,3,270,3.0,0,0,0,0,0,0,0,0,0.0,0.0,0.0,0.0,0,0,0,0.00,0.00,0.00,0.00,0.00,0.00,0.00,0.00,0.00,0.00
Sergio Escudero,es ESP,DF,Sevilla,29,1989,11,8,773,08.juin,1,0,1,1,0,0,2,0,0.3,0.3,0.7,1.0,15,38,59,0.12,0.00,0.12,0.12,0.12,0.04,0.08,0.12,0.04,0.12
Bernardo Espinosa,co COL,DF,Espanyol,30,1989,26,26,2 259,25.janv,3,0,3,3,0,0,5,1,02.mars,02.mars,0.5,02.août,6,56,9,0.12,0.00,0.12,0.12,0.12,0.09,0.02,0.11,0.09,0.11
Vicente Esquerdo,es ESP,MF FW,Valencia,20,1999,3,0,15,0.2,0,0,0,0,0,0,0,0,0.0,0.0,0.0,0.0,0,1,1,0.00,0.00,0.00,0.00,0.00,0.00,0.00,0.00,0.00,0.00
Pervis Estupiñán,ec ECU,DF,Osasuna,21,1998,36,32,2 979,33.1,1,5,6,1,0,0,8,0,01.juin,01.juin,03.juin,05.févr,114,132,184,0.03,0.15,0.18,0.03,0.18,0.05,0.11,0.16,0.05,0.16
Oghenekaro Etebo,ng NGA,MF,Getafe,23,1995,10,6,572,06.avr,1,0,1,1,0,0,4,0,0.7,0.7,0.6,01.avr,10,20,24,0.16,0.00,0.16,0.16,0.16,0.11,0.10,0.21,0.11,0.21
Beñat Etxebarria,es ESP,MF,Athletic Club,32,1987,11,3,394,04.avr,0,0,0,0,0,0,0,0,0.1,0.1,0.7,0.9,2,18,3,0.00,0.00,0.00,0.00,0.00,0.03,0.17,0.20,0.03,0.20
Xabier Etxeita,es ESP,DF,Getafe,31,1987,17,16,1 446,16.janv,0,0,0,0,0,0,7,0,0.4,0.4,0.1,0.5,3,39,1,0.00,0.00,0.00,0.00,0.00,0.02,0.00,0.03,0.02,0.03
Edu Expósito,es ESP,MF,Eibar,22,1996,35,24,2 316,25.juil,4,1,5,3,1,2,3,0,02.juil,1.0,0.9,01.sept,24,104,58,0.16,0.04,0.19,0.12,0.16,0.10,0.03,0.14,0.04,0.07
Fabricio,es ESP,GK,Mallorca,31,1987,1,1,90,1.0,0,0,0,0,0,0,1,0,0.0,0.0,0.0,0.0,0,0,0,0.00,0.00,0.00,0.00,0.00,0.00,0.00,0.00,0.00,0.00
Fayçal Fajr,ma MAR,MF,Getafe,30,1988,10,5,403,04.mai,0,0,0,0,0,0,2,0,0.4,0.4,0.6,1.0,0,23,8,0.00,0.00,0.00,0.00,0.00,0.09,0.14,0.23,0.09,0.23
Eliseo Falcon,es ESP,DF,Levante,22,1997,1,1,73,0.8,0,0,0,0,0,0,2,1,0.0,0.0,0.0,0.0,0,1,0,0.00,0.00,0.00,0.00,0.00,0.00,0.00,0.00,0.00,0.00
Ansu Fati,es ESP,FW,Barcelona,16,2002,24,11,1 027,11.avr,7,1,8,7,0,0,2,1,03.août,03.août,02.janv,05.sept,77,29,187,0.61,0.09,0.70,0.61,0.70,0.33,0.18,0.52,0.33,0.52
Aleix Febas,es ESP,MF FW,Mallorca,23,1996,29,22,1 69,18.août,0,3,3,0,0,0,4,0,0.4,0.4,01.juin,2.0,28,74,65,0.00,0.16,0.16,0.00,0.16,0.02,0.08,0.11,0.02,0.11
Zouhair Feddal,ma MAR,DF,Betis,30,1989,17,16,1 431,15.sept,1,2,3,1,0,0,10,2,1.0,1.0,0.8,01.août,15,61,2,0.06,0.13,0.19,0.06,0.19,0.06,0.05,0.11,0.06,0.11
Ljubomir Fejsa,rs SRB,MF,Alavés,30,1988,13,11,786,08.juil,0,0,0,0,0,0,2,0,0.0,0.0,0.0,0.0,1,18,0,0.00,0.00,0.00,0.00,0.00,0.00,0.00,0.00,0.00,0.00
Nabil Fekir,fr FRA,MF FW,Betis,26,1993,32,31,2 638,29.mars,7,4,11,6,1,1,10,2,06.sept,06.janv,02.avr,08.mai,105,136,180,0.24,0.14,0.38,0.20,0.34,0.23,0.08,0.32,0.21,0.29
Felipe,br BRA,DF,Atlético Madrid,30,1989,25,23,2 102,23.avr,1,0,1,1,0,0,7,0,01.sept,01.sept,0.2,02.janv,4,35,1,0.04,0.00,0.04,0.04,0.04,0.08,0.01,0.09,0.08,0.09
João Félix,pt POR,FW MF,Atlético Madrid,19,1999,27,21,1 745,19.avr,6,1,7,6,0,0,6,0,07.juin,07.juin,02.févr,09.août,43,51,116,0.31,0.05,0.36,0.31,0.36,0.39,0.12,0.51,0.39,0.51
Matheus Fernandes,br BRA,MF FW,Valladolid,21,1998,3,2,166,01.août,0,0,0,0,0,0,0,0,0.5,0.5,0.0,0.5,0,5,2,0.00,0.00,0.00,0.00,0.00,0.26,0.02,0.27,0.26,0.27
Aitor Fernández,es ESP,GK,Levante,28,1991,36,36,3 24,36.0,0,0,0,0,0,0,2,0,0.0,0.0,0.1,0.1,0,0,0,0.00,0.00,0.00,0.00,0.00,0.00,0.00,0.00,0.00,0.00
Andrés Fernández,es ESP,GK,Villarreal,32,1986,4,4,360,4.0,0,1,1,0,0,0,1,0,0.0,0.0,0.5,0.5,0,0,0,0.00,0.25,0.25,0.00,0.25,0.00,0.12,0.12,0.00,0.12
Carlos Fernández,es ESP,FW MF,Granada,23,1996,34,21,2 201,24.mai,10,3,13,9,1,1,8,0,09.août,9.0,3.0,12.0,31,57,106,0.41,0.12,0.53,0.37,0.49,0.40,0.12,0.52,0.37,0.49
Player,Nation,Pos,Squad,Age,Born,MP,Starts,Min,90s,Gls,Ast,G+A,G-PK,PK,PKatt,CrdY,CrdR,xG,npxG,xAG,npxG+xAG,PrgC,PrgP,PrgR,Gls,Ast,G+A,G-PK,G+A-PK,xG,xAG,xG+xAG,npxG,npxG+xAG
Gabriel Fernández,uy URU,FW MF,Celta Vigo,25,1994,20,5,561,06.févr,1,1,2,1,0,0,5,1,0.7,0.7,0.2,0.9,12,7,30,0.16,0.16,0.32,0.16,0.32,0.10,0.04,0.14,0.10,0.14
Joaquín Fernández,es ESP,MF DF,Valladolid,23,1996,20,19,1 659,18.avr,2,0,2,2,0,0,9,0,0.7,0.7,0.1,0.8,4,59,6,0.11,0.00,0.11,0.11,0.11,0.04,0.01,0.04,0.04,0.04
Fernando,br BRA,MF,Sevilla,32,1987,34,30,2 659,29.mai,2,3,5,2,0,0,13,0,02.juin,02.juin,0.4,3.0,16,101,29,0.07,0.10,0.17,0.07,0.17,0.09,0.02,0.10,0.09,0.10
Facundo Ferreyra,ar ARG,FW MF,Espanyol,28,1991,16,5,574,06.avr,1,0,1,1,0,0,2,0,01.mars,01.mars,0.4,01.juil,5,12,35,0.16,0.00,0.16,0.16,0.16,0.20,0.06,0.26,0.20,0.26
Junior Firpo,do DOM,DF,Barcelona,22,1996,17,11,1 014,11.mars,1,1,2,1,0,0,5,0,0.7,0.7,0.5,01.févr,39,57,80,0.09,0.09,0.18,0.09,0.18,0.06,0.04,0.10,0.06,0.10
Alessandro Florenzi,it ITA,DF,Valencia,28,1991,12,9,752,08.avr,0,0,0,0,0,0,1,1,0.6,0.6,0.8,01.avr,18,29,41,0.00,0.00,0.00,0.00,0.00,0.07,0.10,0.17,0.07,0.17
Hernâni Fortes,pt POR,MF FW,Levante,27,1991,20,5,654,07.mars,2,0,2,2,0,0,3,1,01.mai,01.mai,02.mars,03.août,39,8,61,0.28,0.00,0.28,0.28,0.28,0.21,0.32,0.53,0.21,0.53
Dimitri Foulquier,fr FRA,DF MF,Granada,26,1993,17,12,1 119,12.avr,1,0,1,1,0,0,4,0,0.3,0.3,0.4,0.8,27,30,20,0.08,0.00,0.08,0.08,0.08,0.02,0.04,0.06,0.02,0.06
Jorge de Frutos,es ESP,MF DF,Valladolid,22,1997,3,0,59,0.7,0,0,0,0,0,0,0,0,0.0,0.0,0.1,0.1,1,2,4,0.00,0.00,0.00,0.00,0.00,0.07,0.14,0.21,0.07,0.21
Ramiro Funes Mori,ar ARG,DF,Villarreal,28,1991,7,5,453,5.0,0,0,0,0,0,0,1,0,0.1,0.1,0.1,0.2,5,14,2,0.00,0.00,0.00,0.00,0.00,0.03,0.02,0.04,0.03,0.04
Enric Gallego,es ESP,FW,Osasuna,32,1986,14,9,880,09.août,3,0,3,3,0,0,5,1,02.sept,02.sept,0.9,03.août,5,16,46,0.31,0.00,0.31,0.31,0.31,0.30,0.09,0.39,0.30,0.39
Enric Gallego,es ESP,FW,Getafe,32,1986,5,2,164,01.août,0,0,0,0,0,0,0,0,0.2,0.2,0.0,0.2,0,3,17,0.00,0.00,0.00,0.00,0.00,0.13,0.00,0.13,0.13,0.13
Kévin Gameiro,fr FRA,FW,Valencia,32,1987,29,17,1 581,17.juin,6,2,8,6,0,1,0,0,05.mars,04.mai,02.sept,07.avr,44,26,121,0.34,0.11,0.46,0.34,0.46,0.30,0.16,0.47,0.26,0.42
Fran Gámez,es ESP,DF,Mallorca,28,1991,23,18,1 768,19.juin,0,1,1,0,0,0,5,0,0.6,0.6,01.janv,01.juil,37,68,79,0.00,0.05,0.05,0.00,0.05,0.03,0.06,0.09,0.03,0.09
Ezequiel Garay,ar ARG,DF,Valencia,32,1986,17,17,1 437,16.0,0,0,0,0,0,0,2,0,0.6,0.6,0.1,0.7,17,46,3,0.00,0.00,0.00,0.00,0.00,0.04,0.01,0.04,0.04,0.04
Dani García,es ESP,MF,Athletic Club,29,1990,36,33,3 029,33.7,0,1,1,0,0,0,11,0,0.6,0.6,01.févr,01.août,6,128,15,0.00,0.03,0.03,0.00,0.03,0.02,0.04,0.05,0.02,0.05
David García,es ESP,DF,Osasuna,25,1994,32,31,2 793,31.0,0,0,0,0,0,0,7,0,01.juil,01.juil,0.3,2.0,6,91,5,0.00,0.00,0.00,0.00,0.00,0.06,0.01,0.07,0.06,0.07
Javi García,es ESP,MF,Betis,32,1987,8,4,377,04.févr,0,0,0,0,0,0,2,0,0.2,0.2,0.0,0.2,1,12,1,0.00,0.00,0.00,0.00,0.00,0.04,0.00,0.04,0.04,0.04
Manu García,es ESP,MF,Alavés,33,1986,30,22,1 967,21.sept,0,0,0,0,0,0,11,1,2.0,2.0,0.2,02.févr,7,62,25,0.00,0.00,0.00,0.00,0.00,0.09,0.01,0.10,0.09,0.10
Raúl García,es ESP,DF MF,Valladolid,30,1989,12,12,1 012,11.févr,0,1,1,0,0,0,2,0,0.2,0.2,0.4,0.6,18,27,32,0.00,0.09,0.09,0.00,0.09,0.02,0.04,0.06,0.02,0.06
Raúl García,es ESP,MF FW,Athletic Club,33,1986,35,33,2 869,31.9,15,1,16,8,7,7,11,0,11.0,05.avr,01.juin,7.0,39,114,140,0.47,0.03,0.50,0.25,0.28,0.34,0.05,0.39,0.17,0.22
Raúl García,es ESP,DF,Getafe,30,1989,4,3,243,02.juil,0,0,0,0,0,0,0,0,0.0,0.0,0.2,0.2,6,6,13,0.00,0.00,0.00,0.00,0.00,0.00,0.07,0.07,0.00,0.07
Rubén García,es ESP,MF FW,Osasuna,26,1993,30,25,2 188,24.mars,8,2,10,7,1,1,6,0,07.févr,06.avr,04.août,11.févr,48,119,151,0.33,0.08,0.41,0.29,0.37,0.29,0.20,0.49,0.26,0.46
Unai García,es ESP,DF,Osasuna,27,1992,8,6,536,6.0,1,0,1,1,0,0,0,0,0.3,0.3,0.1,0.4,6,16,0,0.17,0.00,0.17,0.17,0.17,0.05,0.02,0.07,0.05,0.07
Víctor García,es ESP,FW MF,Valladolid,21,1997,2,1,88,1.0,1,0,1,1,0,0,0,0,0.1,0.1,0.1,0.3,0,3,4,01.févr,0.00,01.févr,01.févr,01.févr,0.12,0.14,0.26,0.12,0.26
Player,Nation,Pos,Squad,Age,Born,MP,Starts,Min,90s,Gls,Ast,G+A,G-PK,PK,PKatt,CrdY,CrdR,xG,npxG,xAG,npxG+xAG,PrgC,PrgP,PrgR,Gls,Ast,G+A,G-PK,G+A-PK,xG,xAG,xG+xAG,npxG,npxG+xAG
Manuel Garrido,es ESP,FW,Leganés,18,2000,4,2,115,01.mars,0,0,0,0,0,0,1,0,0.5,0.5,0.0,0.5,0,1,4,0.00,0.00,0.00,0.00,0.00,0.36,0.00,0.36,0.36,0.36
Mario Gaspar,es ESP,DF,Villarreal,28,1990,25,22,1 962,21.août,0,2,2,0,0,0,2,0,01.févr,01.févr,01.févr,02.avr,25,61,80,0.00,0.09,0.09,0.00,0.09,0.06,0.05,0.11,0.06,0.11
Bryan Gil,es ESP,MF FW,Leganés,18,2001,12,4,558,06.févr,1,0,1,1,0,0,2,0,1.0,1.0,0.7,01.juin,30,11,54,0.16,0.00,0.16,0.16,0.16,0.15,0.10,0.26,0.15,0.26
Bryan Gil,es ESP,FW,Sevilla,18,2001,2,0,65,0.7,0,0,0,0,0,0,2,0,0.0,0.0,0.0,0.0,2,1,8,0.00,0.00,0.00,0.00,0.00,0.00,0.00,0.00,0.00,0.00
Ibai Gómez,es ESP,FW,Athletic Club,29,1989,17,6,695,07.juil,0,0,0,0,0,0,0,0,01.févr,01.févr,01.sept,03.janv,14,16,53,0.00,0.00,0.00,0.00,0.00,0.15,0.25,0.40,0.15,0.40
Maxi Gómez,uy URU,FW,Valencia,22,1996,33,25,2 143,23.août,10,2,12,10,0,1,5,0,06.févr,05.avr,02.juin,07.sept,22,39,80,0.42,0.08,0.50,0.42,0.50,0.26,0.11,0.37,0.23,0.33
Moi Gómez,es ESP,FW MF,Villarreal,25,1994,37,26,2 319,25.août,5,4,9,5,0,0,1,0,03.févr,03.févr,04.avr,07.juin,66,93,165,0.19,0.16,0.35,0.19,0.35,0.12,0.17,0.30,0.12,0.30
Sergi Gómez,es ESP,DF,Sevilla,27,1992,13,8,717,8.0,0,0,0,0,0,0,4,0,0.2,0.2,0.0,0.3,0,19,1,0.00,0.00,0.00,0.00,0.00,0.03,0.00,0.03,0.03,0.03
Victor Gomez,es ESP,DF FW,Espanyol,19,2000,18,14,1 27,14.janv,0,0,0,0,0,0,2,0,0.2,0.2,0.6,0.7,41,38,89,0.00,0.00,0.00,0.00,0.00,0.01,0.04,0.05,0.01,0.05
Maxime Gonalons,fr FRA,MF,Granada,30,1989,19,17,1 506,16.juil,0,0,0,0,0,0,7,0,0.3,0.3,01.mars,01.mai,8,60,3,0.00,0.00,0.00,0.00,0.00,0.02,0.08,0.09,0.02,0.09
Bruno González,es ESP,DF,Getafe,29,1990,2,2,180,2.0,0,0,0,0,0,0,1,0,0.0,0.0,0.0,0.0,3,8,1,0.00,0.00,0.00,0.00,0.00,0.00,0.00,0.00,0.00,0.00
Bruno González,es ESP,DF,Levante,29,1990,6,5,456,05.janv,0,0,0,0,0,0,0,0,0.0,0.0,0.0,0.0,1,8,0,0.00,0.00,0.00,0.00,0.00,0.01,0.00,0.01,0.01,0.01
Édgar González,es ESP,MF,Betis,22,1997,10,9,681,07.juin,0,0,0,0,0,0,3,0,01.mars,01.mars,0.0,01.mars,9,18,3,0.00,0.00,0.00,0.00,0.00,0.17,0.00,0.17,0.17,0.17
Gonzalo,es ESP,DF,Levante,22,1997,1,0,13,0.1,0,0,0,0,0,0,0,0,0.0,0.0,0.0,0.0,0,0,0,0.00,0.00,0.00,0.00,0.00,0.00,0.00,0.00,0.00,0.00
Andoni Gorosabel,es ESP,DF,Real Sociedad,22,1996,14,8,714,07.sept,0,0,0,0,0,0,2,0,0.0,0.0,0.3,0.4,22,29,52,0.00,0.00,0.00,0.00,0.00,0.00,0.04,0.05,0.00,0.05
Esteban Granero,es ESP,MF,Espanyol,32,1987,11,5,473,05.mars,1,0,1,1,0,0,5,0,01.juil,01.juil,0.4,02.févr,5,18,17,0.19,0.00,0.19,0.19,0.19,0.33,0.08,0.41,0.33,0.41
Antoine Griezmann,fr FRA,FW,Barcelona,28,1991,35,31,2 549,28.mars,9,4,13,9,0,0,2,0,07.févr,07.févr,04.mai,11.juil,40,83,229,0.32,0.14,0.46,0.32,0.46,0.26,0.16,0.41,0.26,0.41
Andrés Guardado,mx MEX,MF,Betis,32,1986,28,25,2 046,22.juil,0,3,3,0,0,0,9,0,1.0,1.0,02.avr,03.mars,29,113,46,0.00,0.13,0.13,0.00,0.13,0.04,0.10,0.15,0.04,0.15
Sergi Guardiola,es ESP,FW,Valladolid,28,1991,35,31,2 655,29.mai,8,2,10,8,0,1,6,0,06.mars,05.avr,02.avr,07.août,53,49,164,0.27,0.07,0.34,0.27,0.34,0.21,0.08,0.30,0.18,0.27
Nemanja Gudelj,rs SRB,MF DF,Sevilla,27,1991,24,9,1 216,13.mai,0,0,0,0,0,0,6,0,0.3,0.3,0.1,0.4,7,34,0,0.00,0.00,0.00,0.00,0.00,0.02,0.01,0.03,0.02,0.03
Gonçalo Guedes,pt POR,MF FW,Valencia,22,1996,21,14,1 266,14.janv,2,2,4,2,0,0,3,0,1.0,1.0,01.févr,02.févr,51,60,117,0.14,0.14,0.28,0.14,0.28,0.07,0.09,0.16,0.07,0.16
Adrián Guerrero,es ESP,DF,Valencia,21,1998,2,1,126,01.avr,0,0,0,0,0,0,1,0,0.0,0.0,0.0,0.0,2,3,7,0.00,0.00,0.00,0.00,0.00,0.00,0.00,0.00,0.00,0.00
Ander Guevara,es ESP,MF,Real Sociedad,22,1997,14,11,939,10.avr,0,0,0,0,0,0,4,0,0.1,0.1,0.3,0.3,12,52,9,0.00,0.00,0.00,0.00,0.00,0.01,0.03,0.03,0.01,0.03
John Guidetti,se SWE,FW MF,Alavés,27,1992,5,1,96,01.janv,0,0,0,0,0,0,0,0,0.1,0.1,0.1,0.2,1,5,9,0.00,0.00,0.00,0.00,0.00,0.13,0.05,0.18,0.13,0.18
Hugo Guillamón,es ESP,DF,Valencia,19,2000,6,5,495,05.mai,0,0,0,0,0,0,3,0,0.0,0.0,0.0,0.0,4,20,2,0.00,0.00,0.00,0.00,0.00,0.00,0.00,0.00,0.00,0.00
Player,Nation,Pos,Squad,Age,Born,MP,Starts,Min,90s,Gls,Ast,G+A,G-PK,PK,PKatt,CrdY,CrdR,xG,npxG,xAG,npxG+xAG,PrgC,PrgP,PrgR,Gls,Ast,G+A,G-PK,G+A-PK,xG,xAG,xG+xAG,npxG,npxG+xAG
Munir El Haddadi,ma MAR,FW,Sevilla,23,1995,21,14,1 25,13.sept,5,2,7,5,0,0,1,0,3.0,3.0,01.août,04.août,37,36,102,0.36,0.14,0.50,0.36,0.50,0.22,0.13,0.34,0.22,0.34
Eden Hazard,be BEL,FW MF,Real Madrid,28,1991,16,14,1 077,12.0,1,3,4,1,0,0,0,0,02.janv,02.janv,3.0,5.0,86,59,162,0.08,0.25,0.33,0.08,0.33,0.17,0.25,0.42,0.17,0.42
Mario Hermoso,es ESP,DF,Atlético Madrid,24,1995,17,15,1 217,13.mai,0,0,0,0,0,0,3,1,0.3,0.3,0.1,0.4,6,42,2,0.00,0.00,0.00,0.00,0.00,0.02,0.01,0.03,0.02,0.03
Aridane Hernández,es ESP,DF,Osasuna,30,1989,29,29,2 61,29.0,3,0,3,3,0,0,8,0,02.févr,02.févr,0.2,02.avr,4,60,1,0.10,0.00,0.10,0.10,0.10,0.08,0.01,0.08,0.08,0.08
Javier Hernández,mx MEX,FW,Sevilla,31,1988,9,4,448,5.0,1,0,1,1,0,0,0,0,3.0,3.0,0.2,03.févr,7,6,29,0.20,0.00,0.20,0.20,0.20,0.61,0.03,0.64,0.61,0.64
Juan Hernández,es ESP,FW MF,Celta Vigo,24,1994,5,1,87,1.0,0,0,0,0,0,0,0,0,0.0,0.0,0.2,0.2,3,2,9,0.00,0.00,0.00,0.00,0.00,0.04,0.16,0.19,0.04,0.19
Héctor Herrera,mx MEX,MF,Atlético Madrid,29,1990,21,12,1 123,12.mai,0,2,2,0,0,0,1,0,0.8,0.8,02.janv,02.sept,20,92,22,0.00,0.16,0.16,0.00,0.16,0.06,0.17,0.23,0.06,0.23
Sergio Herrera,es ESP,GK,Osasuna,26,1993,19,18,1 655,18.avr,0,0,0,0,0,0,2,1,0.0,0.0,0.0,0.0,0,0,0,0.00,0.00,0.00,0.00,0.00,0.00,0.00,0.00,0.00,0.00
Yangel Herrera,ve VEN,MF,Granada,21,1998,30,28,2 368,26.mars,2,3,5,2,0,0,14,0,02.juil,02.juil,01.sept,04.juil,13,107,25,0.08,0.11,0.19,0.08,0.19,0.10,0.07,0.18,0.10,0.18
Iago Herrerín,es ESP,GK,Athletic Club,31,1988,5,4,425,04.juil,0,0,0,0,0,0,0,0,0.0,0.0,0.0,0.0,0,0,0,0.00,0.00,0.00,0.00,0.00,0.00,0.00,0.00,0.00,0.00
Pablo Hervías,es ESP,MF FW,Valladolid,26,1993,25,9,1 017,11.mars,1,0,1,1,0,0,1,0,0.7,0.7,01.janv,01.sept,50,13,71,0.09,0.00,0.09,0.09,0.09,0.07,0.10,0.16,0.07,0.16
Robert Ibáñez,es ESP,MF FW,Osasuna,26,1993,14,5,537,6.0,1,0,1,1,0,0,3,0,01.mars,01.mars,0.3,01.juin,18,18,48,0.17,0.00,0.17,0.17,0.17,0.21,0.05,0.26,0.21,0.26
Vicente Iborra,es ESP,MF,Villarreal,31,1988,34,33,2 648,29.avr,1,2,3,1,0,0,10,1,03.août,03.août,1.0,04.août,5,115,26,0.03,0.07,0.10,0.03,0.10,0.13,0.03,0.16,0.13,0.16
Borja Iglesias,es ESP,FW,Betis,26,1993,35,21,1 922,21.avr,3,2,5,3,0,0,3,1,03.août,03.août,02.mars,06.janv,17,19,79,0.14,0.09,0.23,0.14,0.23,0.18,0.11,0.28,0.18,0.28
Asier Illarramendi,es ESP,MF,Real Sociedad,29,1990,3,3,216,02.avr,0,0,0,0,0,0,0,0,0.0,0.0,0.1,0.1,10,19,2,0.00,0.00,0.00,0.00,0.00,0.01,0.03,0.04,0.01,0.04
Takashi Inui,jp JPN,MF FW,Eibar,31,1988,29,23,1 96,21.août,2,3,5,2,0,0,2,0,03.mai,03.mai,01.juil,05.févr,54,45,145,0.09,0.14,0.23,0.09,0.23,0.16,0.08,0.24,0.16,0.24
Alexander Isak,se SWE,FW,Real Sociedad,19,1999,37,14,1 507,16.juil,9,1,10,9,0,0,3,0,07.mars,07.mars,02.mars,09.mai,46,36,98,0.54,0.06,0.60,0.54,0.60,0.43,0.14,0.57,0.43,0.57
Isco,es ESP,FW MF,Real Madrid,27,1992,23,15,1 181,13.janv,1,2,3,1,0,0,2,0,02.janv,02.janv,01.sept,03.sept,48,96,75,0.08,0.15,0.23,0.08,0.23,0.16,0.14,0.30,0.16,0.30
Ismael,es ESP,MF,Betis,18,2000,3,1,83,0.9,0,0,0,0,0,0,1,0,0.0,0.0,0.0,0.0,0,0,1,0.00,0.00,0.00,0.00,0.00,0.00,0.00,0.00,0.00,0.00
Ander Iturraspe,es ESP,MF,Espanyol,30,1989,8,3,242,02.juil,0,0,0,0,0,0,1,0,0.0,0.0,0.0,0.0,3,8,3,0.00,0.00,0.00,0.00,0.00,0.00,0.00,0.00,0.00,0.00
Jacobo,es ESP,DF MF,Celta Vigo,22,1997,2,1,83,0.9,0,0,0,0,0,0,1,0,0.0,0.0,0.0,0.0,1,2,2,0.00,0.00,0.00,0.00,0.00,0.00,0.00,0.00,0.00,0.00
Adnan Januzaj,be BEL,FW MF,Real Sociedad,24,1995,24,13,1 167,13.0,3,3,6,3,0,0,3,0,01.sept,01.sept,3.0,5.0,62,57,133,0.23,0.23,0.46,0.23,0.46,0.15,0.23,0.38,0.15,0.38
Jason,es ESP,MF,Getafe,25,1994,20,14,1 175,13.janv,1,4,5,1,0,0,5,0,01.mai,01.mai,2.0,03.avr,23,28,74,0.08,0.31,0.38,0.08,0.38,0.11,0.15,0.26,0.11,0.26
Joaquín,es ESP,MF FW,Betis,38,1981,34,25,2 06,22.sept,8,3,11,6,2,3,4,0,6.0,03.juil,05.juin,09.févr,90,140,178,0.35,0.13,0.48,0.26,0.39,0.26,0.24,0.51,0.16,0.40
Frenkie de Jong,nl NED,MF,Barcelona,22,1997,29,24,2 115,23.mai,2,2,4,2,0,0,3,1,01.mars,01.mars,02.avr,03.juil,77,146,82,0.09,0.09,0.17,0.09,0.17,0.06,0.10,0.16,0.06,0.16
Player,Nation,Pos,Squad,Age,Born,MP,Starts,Min,90s,Gls,Ast,G+A,G-PK,PK,PKatt,CrdY,CrdR,xG,npxG,xAG,npxG+xAG,PrgC,PrgP,PrgR,Gls,Ast,G+A,G-PK,G+A-PK,xG,xAG,xG+xAG,npxG,npxG+xAG
Luuk de Jong,nl NED,FW,Sevilla,28,1990,35,24,2 059,22.sept,6,1,7,6,0,0,2,0,09.mai,09.mai,03.mars,12.août,15,42,109,0.26,0.04,0.31,0.26,0.31,0.42,0.14,0.56,0.42,0.56
Joan Jordán,es ESP,MF,Sevilla,25,1994,34,27,2 254,25.0,2,2,4,2,0,0,7,0,01.sept,01.sept,03.avr,05.mars,40,184,82,0.08,0.08,0.16,0.08,0.16,0.08,0.13,0.21,0.08,0.21
Willian José,br BRA,FW,Real Sociedad,27,1991,37,24,2 011,22.mars,11,1,12,11,0,0,4,0,10.juil,10.juil,01.sept,12.juin,16,41,127,0.49,0.04,0.54,0.49,0.54,0.48,0.08,0.56,0.48,0.56
Joselu,es ESP,FW,Alavés,29,1990,36,31,2 782,30.sept,11,2,13,10,1,1,6,0,11.juil,11.0,2.0,13.0,13,79,117,0.36,0.06,0.42,0.32,0.39,0.38,0.06,0.44,0.36,0.42
Luka Jović,rs SRB,FW,Real Madrid,21,1997,17,4,430,04.août,2,1,3,2,0,0,2,0,02.avr,02.avr,01.avr,03.août,4,13,27,0.42,0.21,0.63,0.42,0.63,0.51,0.29,0.80,0.51,0.80
Juanmi,es ESP,FW MF,Betis,26,1993,8,2,264,02.sept,1,0,1,1,0,0,2,1,01.mai,01.mai,0.1,01.juin,3,2,13,0.34,0.00,0.34,0.34,0.34,0.52,0.02,0.54,0.52,0.54
David Juncà,es ESP,DF,Celta Vigo,25,1993,3,3,258,02.sept,0,0,0,0,0,0,1,0,0.0,0.0,0.0,0.0,7,12,8,0.00,0.00,0.00,0.00,0.00,0.00,0.00,0.00,0.00,0.00
Lago Junior,ci CIV,MF FW,Mallorca,28,1990,35,24,2 188,24.mars,4,0,4,1,3,3,3,0,06.févr,03.août,01.mars,05.janv,103,48,193,0.16,0.00,0.16,0.04,0.04,0.25,0.05,0.31,0.16,0.21
Vinicius Júnior,br BRA,FW MF,Real Madrid,19,2000,29,12,1 364,15.févr,3,1,4,3,0,0,4,0,04.mars,04.mars,03.avr,07.juil,110,31,224,0.20,0.07,0.26,0.20,0.26,0.28,0.22,0.51,0.28,0.51
Lee Kang-in,kr KOR,MF FW,Valencia,18,2001,17,3,454,5.0,2,0,2,2,0,0,1,2,0.9,0.9,0.4,01.mars,11,21,28,0.40,0.00,0.40,0.40,0.40,0.18,0.07,0.25,0.18,0.25
Wilfrid Kaptoum,cm CMR,MF,Betis,23,1996,5,2,194,02.févr,0,0,0,0,0,0,1,0,0.1,0.1,0.0,0.1,5,8,3,0.00,0.00,0.00,0.00,0.00,0.03,0.01,0.05,0.03,0.05
Kenedy,br BRA,MF,Getafe,23,1996,19,3,586,06.mai,1,3,4,1,0,0,2,0,0.9,0.9,01.août,02.juil,20,13,59,0.15,0.46,0.61,0.15,0.61,0.14,0.27,0.41,0.14,0.41
Kiké,es ESP,FW,Eibar,29,1989,27,20,1 767,19.juin,5,1,6,5,0,0,2,0,6.0,6.0,1.0,7.0,20,30,124,0.25,0.05,0.31,0.25,0.31,0.30,0.05,0.35,0.30,0.35
Giorgi Kochorashvili,ge GEO,MF,Levante,20,1999,1,0,2,0.0,0,0,0,0,0,0,0,0,0.0,0.0,0.0,0.0,0,0,0,0.00,0.00,0.00,0.00,0.00,0.00,0.00,0.00,0.00,0.00
Kenan Kodro,ba BIH,FW MF,Athletic Club,25,1993,12,4,364,4.0,1,0,1,1,0,0,0,0,0.5,0.5,0.0,0.6,1,0,13,0.25,0.00,0.25,0.25,0.25,0.14,0.01,0.14,0.14,0.14
Koke,es ESP,MF,Atlético Madrid,27,1992,32,30,2 698,30.0,4,5,9,4,0,0,5,0,02.juin,02.juin,05.août,08.avr,26,146,83,0.13,0.17,0.30,0.13,0.30,0.09,0.19,0.28,0.09,0.28
Geoffrey Kondogbia,cf CTA,MF,Valencia,26,1993,27,21,1 807,20.janv,1,1,2,1,0,0,5,0,01.janv,01.janv,0.2,01.févr,21,98,11,0.05,0.05,0.10,0.05,0.10,0.05,0.01,0.06,0.05,0.06
Jules Koundé,fr FRA,DF,Sevilla,20,1998,29,25,2 309,25.juil,1,1,2,1,0,0,6,0,02.févr,02.févr,1.0,03.févr,27,82,31,0.04,0.04,0.08,0.04,0.08,0.09,0.04,0.13,0.09,0.13
Leonardo Koutris,gr GRE,DF,Mallorca,24,1995,2,1,93,1.0,0,0,0,0,0,0,0,0,0.0,0.0,0.1,0.1,0,3,1,0.00,0.00,0.00,0.00,0.00,0.00,0.09,0.09,0.00,0.09
İsmail Köybaşı,tr TUR,DF FW,Granada,30,1989,4,3,231,02.juin,0,0,0,0,0,0,1,0,0.0,0.0,0.0,0.0,4,8,10,0.00,0.00,0.00,0.00,0.00,0.02,0.00,0.02,0.02,0.02
Toni Kroos,de GER,MF,Real Madrid,29,1990,35,31,2 652,29.mai,4,5,9,4,0,0,2,0,03.mars,03.mars,05.janv,08.avr,61,298,73,0.14,0.17,0.31,0.14,0.31,0.11,0.17,0.29,0.11,0.29
Takefusa Kubo,jp JPN,MF FW,Mallorca,18,2001,35,23,2 312,25.juil,4,4,8,4,0,0,4,0,3.0,3.0,02.juil,05.juil,102,94,153,0.16,0.16,0.31,0.16,0.31,0.12,0.11,0.22,0.12,0.22
Víctor Laguardia,es ESP,DF,Alavés,29,1989,31,31,2 654,29.mai,1,2,3,1,0,0,9,1,01.mars,01.mars,0.9,02.févr,6,56,4,0.03,0.07,0.10,0.03,0.10,0.04,0.03,0.08,0.04,0.08
Diego Lainez,mx MEX,MF FW,Betis,19,2000,15,2,348,03.sept,0,0,0,0,0,0,0,0,0.2,0.2,0.2,0.4,19,12,39,0.00,0.00,0.00,0.00,0.00,0.04,0.06,0.11,0.04,0.11
Larra,es ESP,FW MF,Athletic Club,21,1997,10,2,250,02.août,0,0,0,0,0,0,0,0,0.1,0.1,0.1,0.2,7,1,20,0.00,0.00,0.00,0.00,0.00,0.03,0.04,0.07,0.03,0.07
Player,Nation,Pos,Squad,Age,Born,MP,Starts,Min,90s,Gls,Ast,G+A,G-PK,PK,PKatt,CrdY,CrdR,xG,npxG,xAG,npxG+xAG,PrgC,PrgP,PrgR,Gls,Ast,G+A,G-PK,G+A-PK,xG,xAG,xG+xAG,npxG,npxG+xAG
Toni Lato,es ESP,DF MF,Osasuna,21,1997,8,6,470,05.févr,1,0,1,1,0,0,3,0,0.4,0.4,0.3,0.7,6,11,15,0.19,0.00,0.19,0.19,0.19,0.09,0.05,0.13,0.09,0.13
Robin Le Normand,es ESP,DF,Real Sociedad,22,1996,31,25,2 394,26.juin,1,0,1,1,0,0,6,0,01.mai,01.mai,0.3,01.août,15,99,2,0.04,0.00,0.04,0.04,0.04,0.05,0.01,0.07,0.05,0.07
Wu Lei,cn CHN,FW MF,Espanyol,27,1991,33,21,1 719,19.janv,4,0,4,4,0,0,3,0,06.août,06.août,01.sept,08.juil,26,21,99,0.21,0.00,0.21,0.21,0.21,0.36,0.10,0.46,0.36,0.46
Iñigo Lekue,es ESP,FW DF,Athletic Club,26,1993,14,6,623,06.sept,0,1,1,0,0,0,0,0,0.1,0.1,0.8,0.9,24,10,41,0.00,0.14,0.14,0.00,0.14,0.02,0.11,0.13,0.02,0.13
Thomas Lemar,fr FRA,MF,Atlético Madrid,23,1995,22,10,925,10.mars,0,0,0,0,0,0,2,0,0.5,0.5,0.5,0.9,21,49,34,0.00,0.00,0.00,0.00,0.00,0.05,0.05,0.09,0.05,0.09
Clément Lenglet,fr FRA,DF,Barcelona,24,1995,28,28,2 424,26.sept,2,1,3,2,0,0,11,2,0.8,0.8,0.5,01.févr,25,125,0,0.07,0.04,0.11,0.07,0.11,0.03,0.02,0.05,0.03,0.05
Pedro León,es ESP,MF FW,Eibar,32,1986,31,23,1 896,21.janv,1,2,3,1,0,0,4,0,02.sept,02.sept,03.juil,06.mai,30,36,179,0.05,0.09,0.14,0.05,0.14,0.14,0.17,0.31,0.14,0.31
Sergio León,es ESP,FW,Levante,30,1989,22,6,672,07.mai,1,0,1,1,0,0,2,0,3.0,3.0,0.1,3.0,7,9,38,0.13,0.00,0.13,0.13,0.13,0.40,0.01,0.40,0.40,0.40
Lillo,es ESP,DF,Osasuna,30,1989,4,2,195,02.févr,0,0,0,0,0,0,2,0,0.0,0.0,0.3,0.3,8,11,5,0.00,0.00,0.00,0.00,0.00,0.02,0.12,0.13,0.02,0.13
Diego Llorente,es ESP,DF,Real Sociedad,25,1993,29,27,2 327,25.sept,1,1,2,1,0,0,7,1,01.janv,01.janv,0.2,01.mars,30,90,3,0.04,0.04,0.08,0.04,0.08,0.04,0.01,0.05,0.04,0.05
Marcos Llorente,es ESP,MF FW,Atlético Madrid,24,1995,29,16,1 368,15.févr,3,3,6,3,0,0,4,0,01.mai,01.mai,02.mars,03.juil,39,46,75,0.20,0.20,0.39,0.20,0.39,0.10,0.15,0.24,0.10,0.24
Stanislav Lobotka,sk SVK,MF,Celta Vigo,24,1994,17,17,1 383,15.avr,0,0,0,0,0,0,1,0,0.6,0.6,0.3,0.9,27,84,22,0.00,0.00,0.00,0.00,0.00,0.04,0.02,0.06,0.04,0.06
Renan Lodi,br BRA,DF,Atlético Madrid,21,1998,32,28,2 396,26.juin,1,2,3,1,0,0,6,1,01.juin,01.juin,01.mai,03.janv,70,61,162,0.04,0.08,0.11,0.04,0.11,0.06,0.06,0.12,0.06,0.12
Rony Lopes,pt POR,FW,Sevilla,23,1995,5,2,134,01.mai,0,0,0,0,0,0,0,0,0.1,0.1,0.0,0.1,2,2,13,0.00,0.00,0.00,0.00,0.00,0.09,0.00,0.09,0.09,0.09
Adrián López,es ESP,FW,Osasuna,31,1988,26,17,1 443,16.0,2,0,2,1,1,1,0,0,03.janv,02.mars,3.0,05.mars,58,50,110,0.12,0.00,0.12,0.06,0.06,0.19,0.19,0.38,0.14,0.33
David López,es ESP,DF MF,Espanyol,29,1989,32,29,2 455,27.mars,4,2,6,4,0,0,5,1,01.mars,01.mars,01.janv,02.mai,18,108,18,0.15,0.07,0.22,0.15,0.22,0.05,0.04,0.09,0.05,0.09
Diego López,es ESP,GK,Espanyol,37,1981,36,36,3 232,35.9,0,0,0,0,0,0,5,1,0.0,0.0,0.0,0.0,0,0,0,0.00,0.00,0.00,0.00,0.00,0.00,0.00,0.00,0.00,0.00
Javi López,es ESP,DF,Alavés,17,2002,1,1,90,1.0,0,0,0,0,0,0,0,0,0.0,0.0,0.0,0.0,1,2,3,0.00,0.00,0.00,0.00,0.00,0.00,0.00,0.00,0.00,0.00
Javi López,es ESP,DF,Espanyol,33,1986,17,16,1 384,15.avr,0,0,0,0,0,0,5,1,0.1,0.1,1.0,01.janv,20,43,62,0.00,0.00,0.00,0.00,0.00,0.01,0.07,0.07,0.01,0.07
Lluis López,es ESP,DF,Espanyol,22,1997,4,3,300,03.mars,0,0,0,0,0,0,1,0,0.1,0.1,0.0,0.1,3,10,0,0.00,0.00,0.00,0.00,0.00,0.04,0.00,0.04,0.04,0.04
Roberto López,es ESP,FW MF,Real Sociedad,19,2000,3,0,51,0.6,0,1,1,0,0,0,0,0,0.0,0.0,0.1,0.1,0,5,6,0.00,janv.76,janv.76,0.00,janv.76,0.00,0.09,0.09,0.00,0.09
Unai López,es ESP,MF,Athletic Club,23,1995,26,24,1 787,19.sept,1,4,5,1,0,0,6,0,0.9,0.9,03.janv,04.janv,25,112,25,0.05,0.20,0.25,0.05,0.25,0.05,0.16,0.20,0.05,0.20
Iker Losada,es ESP,MF FW,Celta Vigo,17,2001,2,0,13,0.1,1,0,1,1,0,0,0,0,0.3,0.3,0.0,0.3,1,0,7,juin.92,0.00,juin.92,juin.92,juin.92,févr.15,0.00,févr.15,févr.15,févr.15
Pol Lozano,es ESP,MF,Espanyol,19,1999,5,2,173,01.sept,0,0,0,0,0,0,0,1,0.0,0.0,0.0,0.0,3,8,2,0.00,0.00,0.00,0.00,0.00,0.00,0.02,0.02,0.00,0.02
José Luis Gayà,es ESP,DF,Valencia,24,1995,24,23,1 988,22.janv,0,1,1,0,0,0,5,0,0.4,0.4,01.juin,2.0,56,69,119,0.00,0.05,0.05,0.00,0.05,0.02,0.07,0.09,0.02,0.09
Player,Nation,Pos,Squad,Age,Born,MP,Starts,Min,90s,Gls,Ast,G+A,G-PK,PK,PKatt,CrdY,CrdR,xG,npxG,xAG,npxG+xAG,PrgC,PrgP,PrgR,Gls,Ast,G+A,G-PK,G+A-PK,xG,xAG,xG+xAG,npxG,npxG+xAG
José Luis Morales,es ESP,FW MF,Levante,32,1987,38,29,2 519,28.0,4,2,6,4,0,0,3,0,04.juin,04.juin,04.juin,09.févr,90,75,207,0.14,0.07,0.21,0.14,0.21,0.16,0.16,0.33,0.16,0.33
José Luis Rodríguez,pa PAN,FW,Alavés,21,1998,1,0,22,0.2,0,0,0,0,0,0,0,0,0.0,0.0,0.0,0.0,1,0,0,0.00,0.00,0.00,0.00,0.00,0.18,0.00,0.18,0.18,0.18
Darwin Machís,ve VEN,FW MF,Granada,26,1993,36,20,2 129,23.juil,7,5,12,6,1,1,5,0,06.juil,05.sept,04.mai,10.avr,93,47,173,0.30,0.21,0.51,0.25,0.47,0.28,0.19,0.47,0.25,0.44
Lisandro Magallán,ar ARG,DF,Alavés,25,1993,17,13,1 197,13.mars,1,1,2,1,0,0,4,0,0.8,0.8,0.3,01.janv,1,28,0,0.08,0.08,0.15,0.08,0.15,0.06,0.02,0.08,0.06,0.08
Abdallahi Mahmoud,mr MTN,MF,Alavés,19,2000,3,1,152,01.juil,0,0,0,0,0,0,1,0,0.0,0.0,0.0,0.0,2,3,3,0.00,0.00,0.00,0.00,0.00,0.00,0.00,0.00,0.00,0.00
Nemanja Maksimović,rs SRB,MF,Getafe,24,1995,35,33,2 895,32.2,2,0,2,2,0,0,5,0,3.0,3.0,0.8,03.juil,19,68,33,0.06,0.00,0.06,0.06,0.06,0.09,0.02,0.12,0.09,0.12
Hugo Mallo,es ESP,DF,Celta Vigo,28,1991,27,22,1 965,21.août,0,1,1,0,0,0,7,0,0.5,0.5,0.8,01.mars,40,87,110,0.00,0.05,0.05,0.00,0.05,0.02,0.04,0.06,0.02,0.06
Aïssa Mandi,dz ALG,DF,Betis,27,1991,29,29,2 576,28.juin,0,0,0,0,0,0,9,0,01.mai,01.mai,01.janv,02.juin,10,93,8,0.00,0.00,0.00,0.00,0.00,0.05,0.04,0.09,0.05,0.09
Eliaquim Mangala,fr FRA,DF,Valencia,28,1991,8,8,673,07.mai,0,0,0,0,0,0,3,1,0.1,0.1,0.0,0.1,0,15,1,0.00,0.00,0.00,0.00,0.00,0.02,0.00,0.02,0.02,0.02
Marcelo,br BRA,DF,Real Madrid,31,1988,15,15,1 296,14.avr,1,2,3,1,0,0,2,0,0.5,0.5,01.sept,02.mai,45,112,123,0.07,0.14,0.21,0.07,0.21,0.04,0.13,0.17,0.04,0.17
Óscar de Marcos,es ESP,DF FW,Athletic Club,30,1989,13,6,541,6.0,0,1,1,0,0,0,1,0,0.0,0.0,0.9,1.0,14,20,28,0.00,0.17,0.17,0.00,0.17,0.01,0.16,0.16,0.01,0.16
Miguel Marí,es ESP,MF,Eibar,22,1997,1,0,6,0.1,0,0,0,0,0,0,0,0,0.0,0.0,0.0,0.0,0,0,0,0.00,0.00,0.00,0.00,0.00,0.00,0.00,0.00,0.00,0.00
José María Giménez,uy URU,DF,Atlético Madrid,24,1995,21,19,1 755,19.mai,0,0,0,0,0,0,2,0,0.9,0.9,0.0,0.9,1,39,2,0.00,0.00,0.00,0.00,0.00,0.05,0.00,0.05,0.05,0.05
Mariano,do DOM,FW MF,Real Madrid,25,1993,5,0,45,0.5,1,0,1,1,0,0,1,0,0.9,0.9,0.0,0.9,2,1,2,2.00,0.00,2.00,2.00,2.00,janv.77,0.05,janv.82,janv.77,janv.82
Adrián Marín,es ESP,DF,Alavés,22,1997,12,9,852,09.mai,0,0,0,0,0,0,1,0,0.7,0.7,0.2,0.9,13,28,17,0.00,0.00,0.00,0.00,0.00,0.07,0.02,0.10,0.07,0.10
Guillermo Maripán,cl CHI,DF,Alavés,25,1994,1,1,90,1.0,0,0,0,0,0,0,0,0,0.0,0.0,0.0,0.0,0,0,0,0.00,0.00,0.00,0.00,0.00,0.00,0.00,0.00,0.00,0.00
Roger Martí,es ESP,FW,Levante,28,1991,36,26,2 267,25.févr,11,1,12,7,4,4,6,1,10.mai,07.avr,3.0,10.avr,29,56,132,0.44,0.04,0.48,0.28,0.32,0.42,0.12,0.54,0.29,0.41
Daniel Martín,es ESP,GK,Betis,21,1998,6,5,531,05.sept,0,0,0,0,0,0,0,0,0.0,0.0,0.0,0.0,0,0,0,0.00,0.00,0.00,0.00,0.00,0.00,0.00,0.00,0.00,0.00
Álex Martínez,es ESP,DF,Granada,28,1990,1,0,15,0.2,0,0,0,0,0,0,1,0,0.1,0.1,0.0,0.1,1,1,0,0.00,0.00,0.00,0.00,0.00,0.41,0.00,0.41,0.41,0.41
Iñigo Martínez,es ESP,DF,Athletic Club,28,1991,33,33,2 97,33.0,1,1,2,1,0,0,10,0,02.mars,02.mars,1.0,03.mars,36,132,21,0.03,0.03,0.06,0.03,0.06,0.07,0.03,0.10,0.07,0.10
Javi Martínez,es ESP,MF,Osasuna,19,1999,1,0,10,0.1,0,0,0,0,0,0,0,0,0.0,0.0,0.0,0.0,0,0,2,0.00,0.00,0.00,0.00,0.00,0.00,0.00,0.00,0.00,0.00
José Martínez,es ESP,DF,Granada,26,1993,20,13,1 191,13.févr,0,1,1,0,0,0,0,0,0.1,0.1,0.1,0.2,10,33,2,0.00,0.08,0.08,0.00,0.08,0.01,0.00,0.01,0.01,0.01
Pablo Martínez,es ESP,MF,Levante,21,1998,5,0,33,0.4,0,0,0,0,0,0,0,0,0.1,0.1,0.0,0.1,0,0,0,0.00,0.00,0.00,0.00,0.00,0.19,0.00,0.19,0.19,0.19
Jordi Masip,es ESP,GK,Valladolid,30,1989,35,35,3 15,35.0,0,0,0,0,0,0,2,0,0.0,0.0,0.0,0.0,0,0,0,0.00,0.00,0.00,0.00,0.00,0.00,0.00,0.00,0.00,0.00
Jaime Mata,es ESP,FW,Getafe,30,1988,34,33,2 747,30.mai,11,3,14,8,3,4,14,0,11.0,07.sept,02.sept,10.août,25,45,224,0.36,0.10,0.46,0.26,0.36,0.36,0.09,0.46,0.26,0.35
Player,Nation,Pos,Squad,Age,Born,MP,Starts,Min,90s,Gls,Ast,G+A,G-PK,PK,PKatt,CrdY,CrdR,xG,npxG,xAG,npxG+xAG,PrgC,PrgP,PrgR,Gls,Ast,G+A,G-PK,G+A-PK,xG,xAG,xG+xAG,npxG,npxG+xAG
Borja Mayoral,es ESP,FW,Levante,22,1997,34,24,2 14,23.août,8,2,10,8,0,0,2,0,10.janv,10.janv,02.juil,12.juil,38,52,148,0.34,0.08,0.42,0.34,0.42,0.42,0.11,0.54,0.42,0.54
Óscar Melendo,es ESP,MF FW,Espanyol,21,1997,24,12,1 115,12.avr,0,0,0,0,0,0,0,0,0.1,0.1,0.5,0.6,18,41,46,0.00,0.00,0.00,0.00,0.00,0.01,0.04,0.05,0.01,0.05
Gonzalo Melero,es ESP,MF,Levante,25,1994,25,14,1 236,13.juil,2,1,3,1,1,1,4,0,03.janv,02.mars,01.sept,04.mars,11,51,21,0.15,0.07,0.22,0.07,0.15,0.23,0.14,0.37,0.17,0.31
Arthur Melo,br BRA,MF,Barcelona,22,1996,21,14,1 182,13.janv,3,3,6,3,0,0,1,0,01.mars,01.mars,01.juil,3.0,30,88,48,0.23,0.23,0.46,0.23,0.46,0.10,0.13,0.23,0.10,0.23
Brais Méndez,es ESP,MF FW,Celta Vigo,22,1997,31,15,1 477,16.avr,0,2,2,0,0,0,4,0,02.janv,02.janv,1.0,03.janv,35,69,113,0.00,0.12,0.12,0.00,0.12,0.13,0.06,0.19,0.13,0.19
Édgar Méndez,es ESP,MF FW,Alavés,29,1990,16,10,864,09.juin,1,0,1,1,0,0,3,0,0.5,0.5,0.6,01.janv,22,10,49,0.10,0.00,0.10,0.10,0.10,0.05,0.07,0.12,0.05,0.12
Ferland Mendy,fr FRA,DF,Real Madrid,24,1995,25,19,1 809,20.janv,1,3,4,1,0,0,8,1,0.6,0.6,02.avr,3.0,69,64,131,0.05,0.15,0.20,0.05,0.20,0.03,0.12,0.15,0.03,0.15
Fran Mérida,es ESP,MF,Osasuna,29,1990,23,12,1 161,12.sept,0,1,1,0,0,0,9,1,0.4,0.4,0.7,1.0,13,112,22,0.00,0.08,0.08,0.00,0.08,0.03,0.05,0.08,0.03,0.08
Mikel Merino,es ESP,MF,Real Sociedad,23,1996,36,35,3 139,34.9,5,1,6,5,0,0,9,0,03.janv,03.janv,02.janv,05.févr,47,262,95,0.14,0.03,0.17,0.14,0.17,0.09,0.06,0.15,0.09,0.15
Sabin Merino,es ESP,FW,Leganés,27,1992,2,1,78,0.9,0,0,0,0,0,0,0,0,0.0,0.0,0.1,0.1,2,0,7,0.00,0.00,0.00,0.00,0.00,0.00,0.07,0.07,0.00,0.07
Roque Mesa,es ESP,MF,Leganés,30,1989,29,22,2 012,22.avr,1,3,4,1,0,0,11,0,01.avr,01.avr,02.juin,4.0,43,129,55,0.04,0.13,0.18,0.04,0.18,0.06,0.12,0.18,0.06,0.18
Lionel Messi,ar ARG,FW,Barcelona,32,1987,33,32,2 88,32.0,25,21,46,20,5,5,4,0,19.avr,15.avr,15.avr,30.août,220,323,252,0.78,0.66,janv.44,0.62,janv.28,0.61,0.48,01.sept,0.48,0.96
Míchel,es ESP,MF,Valladolid,31,1988,29,27,2 178,24.févr,1,2,3,0,1,1,6,0,01.mars,0.5,02.avr,02.sept,12,121,33,0.04,0.08,0.12,0.00,0.08,0.05,0.10,0.15,0.02,0.12
Miguel,es ESP,FW,Valladolid,19,1999,7,2,232,02.juin,0,0,0,0,0,0,1,0,0.1,0.1,0.0,0.1,3,1,11,0.00,0.00,0.00,0.00,0.00,0.03,0.01,0.04,0.03,0.04
Éder Militão,br BRA,DF,Real Madrid,21,1998,15,10,1 022,11.avr,0,0,0,0,0,0,3,0,0.1,0.1,0.1,0.2,3,26,2,0.00,0.00,0.00,0.00,0.00,0.01,0.01,0.02,0.01,0.02
Santi Mina,es ESP,FW MF,Celta Vigo,23,1995,34,21,1 944,21.juin,6,3,9,6,0,0,4,0,06.janv,06.janv,03.avr,09.mai,35,61,180,0.28,0.14,0.42,0.28,0.42,0.28,0.16,0.44,0.28,0.44
Jorge Miramón,es ESP,DF,Levante,30,1989,32,27,2 432,27.0,0,3,3,0,0,0,4,1,0.7,0.7,02.avr,03.janv,62,73,111,0.00,0.11,0.11,0.00,0.11,0.02,0.09,0.11,0.02,0.11
Luka Modrić,hr CRO,MF,Real Madrid,33,1985,31,22,1 996,22.févr,3,7,10,3,0,0,7,1,01.mai,01.mai,03.mars,04.sept,64,183,83,0.14,0.32,0.45,0.14,0.45,0.07,0.15,0.22,0.07,0.22
Jorge Molina,es ESP,FW,Getafe,37,1982,34,23,1 886,21.0,5,3,8,3,2,2,6,1,06.mars,04.juil,03.mars,08.janv,27,59,154,0.24,0.14,0.38,0.14,0.29,0.30,0.16,0.46,0.22,0.38
Jon Moncayola,es ESP,MF DF,Osasuna,21,1998,27,15,1 496,16.juin,1,0,1,1,0,0,4,0,0.5,0.5,0.6,01.janv,8,44,27,0.06,0.00,0.06,0.06,0.06,0.03,0.04,0.07,0.03,0.07
Nacho Monreal,es ESP,DF,Real Sociedad,33,1986,29,27,2 39,26.juin,2,0,2,2,0,0,3,0,03.janv,03.janv,01.août,04.sept,40,85,129,0.08,0.00,0.08,0.08,0.08,0.12,0.07,0.18,0.12,0.18
Joan Monterde,es ESP,MF,Levante,21,1997,1,0,9,0.1,0,0,0,0,0,0,0,0,0.0,0.0,0.0,0.0,1,0,1,0.00,0.00,0.00,0.00,0.00,0.00,0.00,0.00,0.00,0.00
Ángel Montoro,es ESP,MF,Granada,31,1988,15,11,973,10.août,2,5,7,2,0,0,6,0,0.9,0.9,01.avr,02.avr,14,72,12,0.18,0.46,0.65,0.18,0.65,0.09,0.13,0.22,0.09,0.22
Álvaro Morata,es ESP,FW,Atlético Madrid,26,1992,34,25,2 098,23.mars,12,2,14,10,2,3,6,1,16.0,13.juin,04.sept,18.mai,49,27,139,0.51,0.09,0.60,0.43,0.51,0.69,0.21,0.89,0.59,0.79
Alberto Moreno,es ESP,DF,Villarreal,27,1992,18,17,1 471,16.mars,0,0,0,0,0,0,6,0,0.9,0.9,0.4,01.févr,51,63,70,0.00,0.00,0.00,0.00,0.00,0.05,0.02,0.08,0.05,0.08
Player,Nation,Pos,Squad,Age,Born,MP,Starts,Min,90s,Gls,Ast,G+A,G-PK,PK,PKatt,CrdY,CrdR,xG,npxG,xAG,npxG+xAG,PrgC,PrgP,PrgR,Gls,Ast,G+A,G-PK,G+A-PK,xG,xAG,xG+xAG,npxG,npxG+xAG
Álex Moreno,es ESP,DF,Betis,26,1993,31,25,2 265,25.févr,0,4,4,0,0,0,5,0,02.juil,02.juil,02.juin,05.mars,122,83,178,0.00,0.16,0.16,0.00,0.16,0.11,0.10,0.21,0.11,0.21
Gerard Moreno,es ESP,FW MF,Villarreal,27,1992,35,33,2 744,30.mai,18,5,23,17,1,2,5,0,15.mars,13.juil,06.août,20.mai,55,105,261,0.59,0.16,0.75,0.56,0.72,0.50,0.22,0.73,0.45,0.67
Manu Morlanes,es ESP,MF,Villarreal,20,1999,9,3,253,02.août,0,1,1,0,0,0,0,0,0.0,0.0,0.6,0.6,3,23,0,0.00,0.36,0.36,0.00,0.36,0.00,0.20,0.20,0.00,0.20
Loren Morón,es ESP,FW,Betis,25,1993,36,21,2 031,22.juin,10,3,13,10,0,0,2,1,8.0,8.0,03.avr,11.avr,25,24,70,0.44,0.13,0.58,0.44,0.58,0.36,0.15,0.51,0.36,0.51
Toni Moya,es ESP,MF,Atlético Madrid,21,1998,1,0,4,0.0,0,0,0,0,0,0,0,0,0.0,0.0,0.0,0.0,0,0,0,0.00,0.00,0.00,0.00,0.00,0.00,0.00,0.00,0.00,0.00
Javi Moyano,es ESP,DF,Valladolid,33,1986,26,26,2 227,24.juil,0,0,0,0,0,0,4,0,0.5,0.5,1.0,01.mai,25,61,75,0.00,0.00,0.00,0.00,0.00,0.02,0.04,0.06,0.02,0.06
Iker Muniain,es ESP,FW MF,Athletic Club,26,1992,31,26,2 382,26.mai,5,2,7,5,0,0,4,1,03.juil,03.juil,02.mai,06.mars,80,117,124,0.19,0.08,0.26,0.19,0.26,0.14,0.10,0.24,0.14,0.24
Aihen Muñoz,es ESP,DF,Real Sociedad,21,1997,15,11,981,10.sept,0,0,0,0,0,0,1,0,0.0,0.0,0.1,0.1,19,24,55,0.00,0.00,0.00,0.00,0.00,0.00,0.01,0.01,0.00,0.01
Javier Muñoz,es ESP,FW MF,Alavés,24,1995,1,1,52,0.6,0,0,0,0,0,0,0,0,0.0,0.0,0.0,0.0,0,0,1,0.00,0.00,0.00,0.00,0.00,0.00,0.00,0.00,0.00,0.00
Jeison Murillo,co COL,DF,Celta Vigo,27,1992,18,17,1 529,17.0,1,0,1,1,0,0,5,0,0.5,0.5,0.1,0.6,1,33,3,0.06,0.00,0.06,0.06,0.06,0.03,0.00,0.04,0.03,0.04
Nacho,es ESP,DF,Valladolid,30,1989,23,21,1 893,21.0,0,2,2,0,0,0,2,0,0.3,0.3,02.sept,03.janv,38,110,96,0.00,0.10,0.10,0.00,0.10,0.01,0.14,0.15,0.01,0.15
Nacho,es ESP,DF,Real Madrid,29,1990,6,4,439,04.sept,1,0,1,1,0,0,3,0,0.4,0.4,0.4,0.8,6,20,23,0.21,0.00,0.21,0.21,0.21,0.07,0.08,0.15,0.07,0.15
Naldo,br BRA,DF,Espanyol,30,1988,18,15,1 332,14.août,0,1,1,0,0,0,8,1,0.6,0.6,0.2,0.8,3,40,0,0.00,0.07,0.07,0.00,0.07,0.04,0.01,0.05,0.04,0.05
Marc Navarro,es ESP,FW DF,Leganés,24,1995,4,3,219,02.avr,0,0,0,0,0,0,1,0,0.2,0.2,0.0,0.2,3,5,9,0.00,0.00,0.00,0.00,0.00,0.09,0.01,0.09,0.09,0.09
Ximo Navarro,es ESP,DF,Alavés,29,1990,23,22,1 903,21.janv,0,0,0,0,0,0,8,0,0.4,0.4,0.2,0.5,18,45,18,0.00,0.00,0.00,0.00,0.00,0.02,0.01,0.03,0.02,0.03
Jesús Navas,es ESP,DF,Sevilla,33,1985,38,37,3 369,37.4,0,7,7,0,0,0,4,0,0.3,0.3,07.juil,8.0,203,244,349,0.00,0.19,0.19,0.00,0.19,0.01,0.21,0.21,0.01,0.21
Raúl Navas,es ESP,DF,Osasuna,31,1988,9,8,711,07.sept,0,0,0,0,0,0,2,0,0.0,0.0,0.1,0.1,6,22,0,0.00,0.00,0.00,0.00,0.00,0.00,0.01,0.01,0.00,0.01
Neto,br BRA,GK,Barcelona,30,1989,2,2,180,2.0,0,0,0,0,0,0,0,0,0.0,0.0,0.0,0.0,0,0,0,0.00,0.00,0.00,0.00,0.00,0.00,0.00,0.00,0.00,0.00
Carlos Neva,es ESP,DF,Granada,23,1996,26,25,2 205,24.mai,0,1,1,0,0,0,2,0,0.9,0.9,1.0,01.sept,44,60,87,0.00,0.04,0.04,0.00,0.04,0.04,0.04,0.08,0.04,0.08
Saúl Ñíguez,es ESP,MF DF,Atlético Madrid,24,1994,35,35,3 072,34.1,6,0,6,4,2,2,10,0,04.juil,03.janv,01.janv,04.janv,41,165,74,0.18,0.00,0.18,0.12,0.12,0.14,0.03,0.17,0.09,0.12
Fernando Niño,es ESP,FW,Villarreal,18,2000,5,1,83,0.9,1,0,1,1,0,0,1,0,0.1,0.1,0.0,0.1,3,0,10,01.août,0.00,01.août,01.août,01.août,0.08,0.00,0.08,0.08,0.08
Nolito,es ESP,FW,Sevilla,32,1986,15,12,898,10.0,3,0,3,3,0,0,0,0,02.févr,02.févr,0.6,02.août,22,47,98,0.30,0.00,0.30,0.30,0.30,0.22,0.06,0.28,0.22,0.28
Nolito,es ESP,MF FW,Celta Vigo,32,1986,7,1,324,03.juin,2,1,3,1,1,1,3,1,01.juin,0.9,0.6,01.avr,9,16,29,0.56,0.28,0.83,0.28,0.56,0.46,0.16,0.61,0.24,0.39
Unai Núñez,es ESP,DF,Athletic Club,22,1997,20,16,1 572,17.mai,0,0,0,0,0,0,7,0,0.7,0.7,0.1,0.7,4,53,4,0.00,0.00,0.00,0.00,0.00,0.04,0.00,0.04,0.04,0.04
Allan Nyom,cm CMR,DF MF,Getafe,31,1988,34,31,2 422,26.sept,2,0,2,2,0,0,13,2,0.9,0.9,0.8,01.juil,49,64,68,0.07,0.00,0.07,0.07,0.07,0.04,0.03,0.06,0.04,0.06
Player,Nation,Pos,Squad,Age,Born,MP,Starts,Min,90s,Gls,Ast,G+A,G-PK,PK,PKatt,CrdY,CrdR,xG,npxG,xAG,npxG+xAG,PrgC,PrgP,PrgR,Gls,Ast,G+A,G-PK,G+A-PK,xG,xAG,xG+xAG,npxG,npxG+xAG
Jan Oblak,si SVN,GK,Atlético Madrid,26,1993,38,38,3 395,37.7,0,0,0,0,0,0,0,0,0.0,0.0,0.0,0.0,0,1,0,0.00,0.00,0.00,0.00,0.00,0.00,0.00,0.00,0.00,0.00
Rafel Obrador,es ESP,DF,Mallorca,15,2004,1,0,4,0.0,0,0,0,0,0,0,0,0,0.0,0.0,0.0,0.0,1,1,2,0.00,0.00,0.00,0.00,0.00,0.00,0.00,0.00,0.00,0.00
Lucas Ocampos,ar ARG,FW MF,Sevilla,25,1994,33,31,2 745,30.mai,14,3,17,9,5,5,10,1,12.juil,08.août,03.févr,11.sept,131,93,312,0.46,0.10,0.56,0.30,0.39,0.42,0.10,0.52,0.29,0.39
Álvaro Odriozola,es ESP,DF,Real Madrid,23,1995,4,4,343,03.août,0,1,1,0,0,0,3,1,0.4,0.4,1.0,01.avr,12,8,14,0.00,0.26,0.26,0.00,0.26,0.10,0.25,0.36,0.10,0.36
Lucas Olaza,uy URU,DF,Celta Vigo,25,1994,35,35,3 144,34.9,1,3,4,1,0,0,5,0,0.8,0.8,03.mai,04.mars,61,128,126,0.03,0.09,0.11,0.03,0.11,0.02,0.10,0.12,0.02,0.12
Oier Olazábal,es ESP,GK,Espanyol,29,1989,2,2,180,2.0,0,0,0,0,0,0,0,0,0.0,0.0,0.0,0.0,0,0,0,0.00,0.00,0.00,0.00,0.00,0.00,0.00,0.00,0.00,0.00
Kiko Olivas,es ESP,DF,Valladolid,30,1988,35,33,2 943,32.7,2,0,2,2,0,0,2,0,01.juil,01.juin,0.1,01.juil,21,69,2,0.06,0.00,0.06,0.06,0.06,0.05,0.00,0.06,0.05,0.05
Paulo Oliveira,pt POR,DF,Eibar,27,1992,26,23,2 09,23.févr,1,0,1,1,0,0,7,1,1.0,1.0,0.3,01.mars,8,71,0,0.04,0.00,0.04,0.04,0.04,0.04,0.01,0.05,0.04,0.05
Mathías Olivera,uy URU,DF,Getafe,21,1997,24,21,1 87,20.août,0,1,1,0,0,0,7,1,0.6,0.6,0.8,01.avr,36,84,30,0.00,0.05,0.05,0.00,0.05,0.03,0.04,0.07,0.03,0.07
Kenneth Omeruo,ng NGA,DF,Leganés,25,1993,23,22,1 874,20.août,1,0,1,1,0,0,5,0,0.3,0.3,0.5,0.8,0,43,2,0.05,0.00,0.05,0.05,0.05,0.01,0.03,0.04,0.01,0.04
Javier Ontiveros,es ESP,FW MF,Villarreal,21,1997,30,7,889,09.sept,2,1,3,2,0,0,2,0,2.0,2.0,01.févr,03.févr,64,30,88,0.20,0.10,0.30,0.20,0.30,0.20,0.12,0.32,0.20,0.32
Fabián Orellana,cl CHI,MF FW,Eibar,33,1986,29,28,2 39,26.juin,8,7,15,4,4,5,9,1,8.0,4.0,05.juil,09.août,82,106,209,0.30,0.26,0.56,0.15,0.41,0.30,0.22,0.52,0.15,0.37
Aimar Oroz,es ESP,FW,Osasuna,17,2001,1,0,11,0.1,0,0,0,0,0,0,0,0,0.0,0.0,0.0,0.0,0,0,1,0.00,0.00,0.00,0.00,0.00,0.00,0.00,0.00,0.00,0.00
Mikel Oyarzabal,es ESP,FW MF,Real Sociedad,22,1997,37,36,3 051,33.9,10,11,21,6,4,4,4,0,08.avr,05.mars,07.avr,12.juil,86,115,256,0.29,0.32,0.62,0.18,0.50,0.25,0.22,0.47,0.16,0.37
Fernando Pacheco,es ESP,GK,Alavés,27,1992,27,27,2 358,26.févr,0,0,0,0,0,0,0,1,0.0,0.0,0.1,0.1,0,0,0,0.00,0.00,0.00,0.00,0.00,0.00,0.00,0.00,0.00,0.00
Jon Pacheco,es ESP,DF,Real Sociedad,18,2001,1,1,77,0.9,0,0,0,0,0,0,0,0,0.0,0.0,0.0,0.0,4,3,0,0.00,0.00,0.00,0.00,0.00,0.00,0.00,0.00,0.00,0.00
Daniel Parejo,es ESP,MF,Valencia,30,1989,35,35,3 024,33.6,8,3,11,3,5,6,6,1,06.mai,01.août,04.févr,6.0,50,295,44,0.24,0.09,0.33,0.09,0.18,0.19,0.12,0.32,0.05,0.18
Miquel Parera,es ESP,GK,Mallorca,23,1996,1,1,90,1.0,0,0,0,0,0,0,0,0,0.0,0.0,0.0,0.0,0,0,0,0.00,0.00,0.00,0.00,0.00,0.00,0.00,0.00,0.00,0.00
Thomas Partey,gh GHA,MF,Atlético Madrid,26,1993,35,29,2 549,28.mars,3,0,3,3,0,0,13,0,01.juin,01.juin,01.janv,02.juil,35,181,15,0.11,0.00,0.11,0.11,0.11,0.06,0.04,0.10,0.06,0.10
Paulino,es ESP,FW MF,Alavés,22,1997,3,0,75,0.8,0,0,0,0,0,0,0,0,0.0,0.0,0.0,0.0,3,2,5,0.00,0.00,0.00,0.00,0.00,0.00,0.00,0.00,0.00,0.00
Gabriel Paulista,br BRA,DF,Valencia,28,1990,33,31,2 801,31.janv,1,1,2,1,0,0,5,0,0.9,0.9,0.0,0.9,14,73,1,0.03,0.03,0.06,0.03,0.06,0.03,0.00,0.03,0.03,0.03
Alfonso Pedraza,es ESP,DF,Betis,23,1996,21,15,1 349,15.0,1,0,1,1,0,0,3,0,01.janv,01.janv,0.7,01.août,43,52,94,0.07,0.00,0.07,0.07,0.07,0.08,0.05,0.12,0.08,0.12
Marc Pedraza,es ESP,MF,Mallorca,32,1987,3,2,130,01.avr,0,0,0,0,0,0,0,0,0.0,0.0,0.0,0.0,0,2,0,0.00,0.00,0.00,0.00,0.00,0.00,0.00,0.00,0.00,0.00
Adrià Pedrosa,es ESP,DF MF,Espanyol,21,1998,20,11,1 087,12.janv,1,0,1,1,0,0,3,0,01.févr,01.févr,0.2,01.avr,32,25,53,0.08,0.00,0.08,0.08,0.08,0.10,0.02,0.11,0.10,0.11
Rubén Peña,es ESP,DF,Villarreal,28,1991,26,21,1 909,21.févr,2,2,4,2,0,0,5,0,01.janv,01.janv,02.janv,03.févr,55,90,115,0.09,0.09,0.19,0.09,0.19,0.05,0.10,0.15,0.05,0.15
Player,Nation,Pos,Squad,Age,Born,MP,Starts,Min,90s,Gls,Ast,G+A,G-PK,PK,PKatt,CrdY,CrdR,xG,npxG,xAG,npxG+xAG,PrgC,PrgP,PrgR,Gls,Ast,G+A,G-PK,G+A-PK,xG,xAG,xG+xAG,npxG,npxG+xAG
Luis Perea,es ESP,FW,Osasuna,21,1997,2,0,21,0.2,0,0,0,0,0,0,0,0,0.0,0.0,0.0,0.0,1,1,2,0.00,0.00,0.00,0.00,0.00,0.00,0.00,0.00,0.00,0.00
Carles Pérez,es ESP,FW,Barcelona,21,1998,10,5,476,05.mars,1,2,3,1,0,0,0,0,1.0,1.0,0.3,01.mars,21,16,81,0.19,0.38,0.57,0.19,0.57,0.19,0.05,0.25,0.19,0.25
Iñigo Pérez,es ESP,MF,Osasuna,31,1988,22,11,1 082,12.0,2,1,3,2,0,0,4,0,1.0,1.0,0.9,01.août,10,68,30,0.17,0.08,0.25,0.17,0.25,0.08,0.07,0.15,0.08,0.15
Juan Pérez,es ESP,GK,Osasuna,23,1996,2,2,180,2.0,0,0,0,0,0,0,0,0,0.0,0.0,0.0,0.0,0,0,0,0.00,0.00,0.00,0.00,0.00,0.00,0.00,0.00,0.00,0.00
Kike Pérez,es ESP,MF FW,Valladolid,22,1997,6,2,218,02.avr,0,0,0,0,0,0,1,0,0.6,0.6,0.1,0.7,4,14,2,0.00,0.00,0.00,0.00,0.00,0.24,0.05,0.30,0.24,0.30
Lucas Pérez,es ESP,FW,Alavés,30,1988,34,29,2 496,27.juil,11,5,16,6,5,5,4,0,10.août,06.août,06.août,13.juin,47,73,177,0.40,0.18,0.58,0.22,0.40,0.39,0.24,0.63,0.25,0.49
Rubén Pérez,es ESP,MF,Leganés,30,1989,26,25,2 194,24.avr,1,1,2,0,1,1,9,0,01.mars,0.5,0.4,1.0,8,119,7,0.04,0.04,0.08,0.00,0.04,0.05,0.02,0.07,0.02,0.04
Samu Pérez,es ESP,GK,Valladolid,22,1997,1,0,26,0.3,0,0,0,0,0,0,0,0,0.0,0.0,0.0,0.0,0,0,0,0.00,0.00,0.00,0.00,0.00,0.00,0.00,0.00,0.00,0.00
Pablo Piatti,ar ARG,DF MF,Espanyol,30,1989,3,0,56,0.6,0,0,0,0,0,0,0,0,0.1,0.1,0.0,0.1,3,2,8,0.00,0.00,0.00,0.00,0.00,0.21,0.00,0.21,0.21,0.21
Cristiano Piccini,it ITA,DF,Valencia,26,1992,2,1,75,0.8,0,0,0,0,0,0,0,0,0.1,0.1,0.0,0.1,5,2,1,0.00,0.00,0.00,0.00,0.00,0.15,0.00,0.15,0.15,0.15
Tomás Pina Isla,es ESP,MF,Alavés,31,1987,20,17,1 344,14.sept,1,0,1,1,0,0,6,1,1.0,1.0,0.8,01.août,4,51,2,0.07,0.00,0.07,0.07,0.07,0.06,0.05,0.12,0.06,0.12
Pipa,es ESP,DF FW,Espanyol,21,1998,7,5,473,05.mars,0,0,0,0,0,0,3,0,0.4,0.4,0.2,0.6,22,9,33,0.00,0.00,0.00,0.00,0.00,0.07,0.04,0.12,0.07,0.12
Gerard Piqué,es ESP,DF,Barcelona,32,1987,35,35,3 092,34.4,1,0,1,1,0,0,15,0,02.avr,02.avr,0.3,02.juil,29,169,4,0.03,0.00,0.03,0.03,0.03,0.07,0.01,0.08,0.07,0.08
Óscar Plano,es ESP,MF,Valladolid,28,1991,36,28,2 505,27.août,4,2,6,4,0,0,6,0,04.févr,04.févr,02.juil,06.sept,38,83,104,0.14,0.07,0.22,0.14,0.22,0.15,0.10,0.25,0.15,0.25
Pere Pons,es ESP,MF,Alavés,26,1993,30,7,1 088,12.janv,1,1,2,1,0,0,3,0,0.2,0.2,01.janv,01.mars,7,23,17,0.08,0.08,0.17,0.08,0.17,0.02,0.09,0.11,0.02,0.11
Pedro Porro,es ESP,DF MF,Valladolid,19,1999,13,7,739,08.févr,0,0,0,0,0,0,1,0,0.0,0.0,0.2,0.2,17,25,32,0.00,0.00,0.00,0.00,0.00,0.01,0.02,0.03,0.01,0.03
Francisco Portillo,es ESP,MF,Getafe,29,1990,16,3,376,04.févr,0,2,2,0,0,0,3,0,0.2,0.2,01.janv,01.mars,2,25,12,0.00,0.48,0.48,0.00,0.48,0.04,0.26,0.30,0.04,0.30
Portu,es ESP,FW MF,Real Sociedad,27,1992,35,25,2 393,26.juin,7,7,14,7,0,1,5,0,6.0,05.mars,05.avr,10.juin,67,56,226,0.26,0.26,0.53,0.26,0.53,0.23,0.20,0.43,0.20,0.40
Sergio Postigo,es ESP,DF,Levante,30,1988,28,27,2 374,26.avr,1,1,2,1,0,0,6,0,0.6,0.6,0.8,01.avr,19,78,5,0.04,0.04,0.08,0.04,0.08,0.02,0.03,0.05,0.02,0.05
Florent Poulolo,mq MTQ,DF,Getafe,22,1997,1,0,1,0.0,0,0,0,0,0,0,0,0,0.0,0.0,0.0,0.0,0,0,0,0.00,0.00,0.00,0.00,0.00,0.00,0.00,0.00,0.00,0.00
Darío Poveda,es ESP,MF,Atlético Madrid,22,1997,1,0,8,0.1,0,0,0,0,0,0,0,0,0.1,0.1,0.3,0.4,0,0,0,0.00,0.00,0.00,0.00,0.00,0.94,mars.39,avr.33,0.94,avr.33
Alejandro Pozo Pozo,es ESP,DF,Mallorca,20,1999,19,16,1 498,16.juin,1,2,3,1,0,0,0,0,0.3,0.3,01.mai,01.août,58,44,90,0.06,0.12,0.18,0.06,0.18,0.02,0.09,0.11,0.02,0.11
Alejandro Pozo Pozo,es ESP,MF FW,Sevilla,20,1999,3,0,37,0.4,0,0,0,0,0,0,0,0,0.0,0.0,0.0,0.0,2,3,6,0.00,0.00,0.00,0.00,0.00,0.00,0.00,0.00,0.00,0.00
Abdón Prats,es ESP,FW,Mallorca,26,1992,20,0,279,03.janv,0,0,0,0,0,1,1,0,01.mai,0.7,0.0,0.8,1,5,16,0.00,0.00,0.00,0.00,0.00,0.49,0.01,0.50,0.24,0.25
Antonio Puertas,es ESP,FW MF,Granada,27,1992,36,27,2 563,28.mai,7,3,10,7,0,0,7,0,06.mai,06.mai,03.juin,10.janv,69,45,157,0.25,0.11,0.35,0.25,0.35,0.23,0.13,0.35,0.23,0.35
Player,Nation,Pos,Squad,Age,Born,MP,Starts,Min,90s,Gls,Ast,G+A,G-PK,PK,PKatt,CrdY,CrdR,xG,npxG,xAG,npxG+xAG,PrgC,PrgP,PrgR,Gls,Ast,G+A,G-PK,G+A-PK,xG,xAG,xG+xAG,npxG,npxG+xAG
Riqui Puig,es ESP,MF,Barcelona,19,1999,11,5,510,05.juil,0,2,2,0,0,0,1,0,0.7,0.7,01.août,02.avr,14,30,28,0.00,0.35,0.35,0.00,0.35,0.12,0.31,0.43,0.12,0.43
Quini,es ESP,DF,Granada,29,1989,10,8,718,8.0,0,0,0,0,0,0,2,0,0.3,0.3,0.2,0.5,14,15,22,0.00,0.00,0.00,0.00,0.00,0.03,0.02,0.06,0.03,0.06
Xavi Quintillà,es ESP,DF,Villarreal,22,1996,19,17,1 573,17.mai,0,2,2,0,0,0,6,0,0.2,0.2,02.avr,02.juin,24,50,84,0.00,0.11,0.11,0.00,0.11,0.01,0.14,0.15,0.01,0.15
Quique,es ESP,FW MF,Eibar,29,1990,15,4,490,05.avr,0,1,1,0,0,0,0,0,0.6,0.6,0.2,0.8,8,11,29,0.00,0.18,0.18,0.00,0.18,0.10,0.04,0.14,0.10,0.14
Nemanja Radoja,rs SRB,MF,Levante,26,1993,26,22,1 993,22.janv,1,0,1,1,0,0,3,0,0.1,0.1,0.6,0.6,17,96,30,0.05,0.00,0.05,0.05,0.05,0.00,0.03,0.03,0.00,0.03
Rafinha,br BRA,FW MF,Barcelona,26,1993,3,2,186,02.janv,0,0,0,0,0,0,0,0,0.7,0.7,0.4,1.0,10,9,25,0.00,0.00,0.00,0.00,0.00,0.34,0.17,0.51,0.34,0.51
Rafinha,br BRA,MF,Celta Vigo,26,1993,29,25,2 111,23.mai,4,1,5,4,0,0,5,0,01.mai,01.mai,01.sept,03.mai,70,140,63,0.17,0.04,0.21,0.17,0.21,0.07,0.08,0.15,0.07,0.15
Baba Rahman,gh GHA,DF,Mallorca,25,1994,2,2,108,01.févr,0,0,0,0,0,0,1,0,0.1,0.1,0.0,0.1,4,5,3,0.00,0.00,0.00,0.00,0.00,0.05,0.00,0.05,0.05,0.05
Antonio Raillo,es ESP,DF,Mallorca,27,1991,32,32,2 775,30.août,1,0,1,1,0,0,9,1,2.0,2.0,0.3,02.avr,10,57,1,0.03,0.00,0.03,0.03,0.03,0.07,0.01,0.08,0.07,0.08
Ivan Rakitić,hr CRO,MF,Barcelona,31,1988,31,16,1 589,17.juil,1,3,4,1,0,0,5,0,02.janv,02.janv,01.avr,03.mai,27,114,51,0.06,0.17,0.23,0.06,0.23,0.12,0.08,0.20,0.12,0.20
Sandro Ramírez,es ESP,FW MF,Valladolid,24,1995,24,15,1 306,14.mai,3,1,4,3,0,1,2,0,04.juil,03.sept,01.août,05.août,19,37,94,0.21,0.07,0.28,0.21,0.28,0.32,0.13,0.45,0.27,0.40
Iván Ramis,es ESP,DF,Eibar,34,1984,7,6,457,05.janv,1,0,1,1,0,0,1,0,0.3,0.3,0.2,0.5,2,14,0,0.20,0.00,0.20,0.20,0.20,0.07,0.03,0.10,0.07,0.10
Adrián Ramos,co COL,FW MF,Granada,33,1986,7,2,226,02.mai,0,0,0,0,0,0,0,0,0.4,0.4,0.7,01.janv,1,12,19,0.00,0.00,0.00,0.00,0.00,0.17,0.26,0.43,0.17,0.43
Sergio Ramos,es ESP,DF,Real Madrid,33,1986,35,35,3 013,33.5,11,0,11,5,6,6,10,0,10.févr,05.avr,0.6,6.0,21,166,7,0.33,0.00,0.33,0.15,0.15,0.30,0.02,0.32,0.16,0.18
Raúl,es ESP,FW MF,Betis,18,2000,3,0,19,0.2,0,0,0,0,0,0,0,0,0.0,0.0,0.0,0.0,0,1,0,0.00,0.00,0.00,0.00,0.00,0.00,0.00,0.00,0.00,0.00
Recio,es ESP,MF,Leganés,28,1991,25,18,1 57,17.avr,0,0,0,0,0,0,11,0,01.janv,01.janv,0.4,01.mai,21,92,26,0.00,0.00,0.00,0.00,0.00,0.07,0.02,0.09,0.07,0.09
Sergio Reguilón,es ESP,DF,Sevilla,22,1996,31,29,2 509,27.sept,2,4,6,2,0,0,8,0,02.mars,02.mars,4.0,06.mars,121,128,237,0.07,0.14,0.22,0.07,0.22,0.08,0.14,0.23,0.08,0.23
Manolo Reina,es ESP,GK,Mallorca,34,1985,36,36,3 24,36.0,0,0,0,0,0,0,4,0,0.0,0.0,0.0,0.0,0,0,0,0.00,0.00,0.00,0.00,0.00,0.00,0.00,0.00,0.00,0.00
Álex Remiro,es ESP,GK,Real Sociedad,24,1995,25,25,2 25,25.0,0,0,0,0,0,0,0,0,0.1,0.1,0.0,0.2,0,0,0,0.00,0.00,0.00,0.00,0.00,0.01,0.00,0.01,0.01,0.01
Nico Ribaudo,es ESP,FW MF,Espanyol,18,2001,6,2,182,2.0,0,0,0,0,0,0,1,0,0.1,0.1,1.0,01.janv,7,11,16,0.00,0.00,0.00,0.00,0.00,0.06,0.50,0.56,0.06,0.56
Luis Rioja,es ESP,MF,Alavés,25,1993,28,19,1 634,18.févr,0,0,0,0,0,0,3,0,0.4,0.4,02.févr,02.juil,51,42,98,0.00,0.00,0.00,0.00,0.00,0.02,0.12,0.15,0.02,0.15
Rodrigo Riquelme,es ESP,FW MF,Atlético Madrid,19,2000,1,0,13,0.1,0,0,0,0,0,0,0,0,0.0,0.0,0.0,0.0,0,1,3,0.00,0.00,0.00,0.00,0.00,0.30,0.00,0.30,0.30,0.30
Cristian Rivera,es ESP,MF,Leganés,22,1997,5,3,311,03.mai,0,0,0,0,0,0,3,0,0.0,0.0,0.1,0.1,0,9,0,0.00,0.00,0.00,0.00,0.00,0.01,0.02,0.03,0.01,0.03
Rober,es ESP,DF,Levante,24,1995,4,2,191,02.janv,0,0,0,0,0,0,0,0,0.0,0.0,0.0,0.0,3,5,0,0.00,0.00,0.00,0.00,0.00,0.00,0.00,0.00,0.00,0.00
Roberto,es ESP,GK,Alavés,33,1986,9,8,790,08.août,0,0,0,0,0,0,1,0,0.0,0.0,0.0,0.0,0,0,0,0.00,0.00,0.00,0.00,0.00,0.00,0.00,0.00,0.00,0.00
Player,Nation,Pos,Squad,Age,Born,MP,Starts,Min,90s,Gls,Ast,G+A,G-PK,PK,PKatt,CrdY,CrdR,xG,npxG,xAG,npxG+xAG,PrgC,PrgP,PrgR,Gls,Ast,G+A,G-PK,G+A-PK,xG,xAG,xG+xAG,npxG,npxG+xAG
Sergi Roberto,es ESP,DF MF,Barcelona,27,1992,30,27,2 339,26.0,1,2,3,1,0,0,8,0,0.6,0.6,02.mai,3.0,78,151,174,0.04,0.08,0.12,0.04,0.12,0.02,0.09,0.12,0.02,0.12
Joel Robles,es ESP,GK,Betis,29,1990,33,33,2 887,32.1,0,0,0,0,0,0,3,1,0.0,0.0,0.0,0.0,0,0,0,0.00,0.00,0.00,0.00,0.00,0.00,0.00,0.00,0.00,0.00
Marc Roca,es ESP,MF,Espanyol,22,1996,35,35,3 008,33.4,2,1,3,0,2,2,8,0,02.juin,1.0,03.janv,04.janv,24,261,14,0.06,0.03,0.09,0.00,0.03,0.08,0.09,0.17,0.03,0.12
Rubén Rochina,es ESP,MF,Levante,28,1991,28,22,1 875,20.août,4,3,7,4,0,0,5,0,03.mars,03.mars,03.juil,07.janv,28,129,88,0.19,0.14,0.34,0.19,0.34,0.16,0.18,0.34,0.16,0.34
Rodrigo,es ESP,FW,Valencia,28,1991,27,23,1 88,20.sept,4,7,11,4,0,0,2,1,06.juil,06.juil,05.juil,12.avr,60,77,143,0.19,0.34,0.53,0.19,0.53,0.32,0.27,0.60,0.32,0.60
Kévin Rodrigues,pt POR,DF MF,Leganés,25,1994,26,22,1 931,21.mai,1,2,3,1,0,0,6,1,01.févr,01.févr,02.août,03.sept,27,50,106,0.05,0.09,0.14,0.05,0.14,0.05,0.13,0.18,0.05,0.18
Kévin Rodrigues,pt POR,DF,Real Sociedad,25,1994,1,0,6,0.1,0,0,0,0,0,0,0,0,0.1,0.1,0.0,0.1,0,0,3,0.00,0.00,0.00,0.00,0.00,janv.38,0.00,janv.38,janv.38,janv.38
Ángel Rodríguez,es ESP,FW,Getafe,32,1987,32,9,1 407,15.juin,10,3,13,9,1,1,6,0,07.mai,06.juin,02.mai,09.janv,31,22,106,0.64,0.19,0.83,0.58,0.77,0.48,0.16,0.64,0.42,0.58
Óscar Rodríguez Arnaiz,es ESP,MF FW,Leganés,21,1998,30,22,1 914,21.mars,9,2,11,7,2,2,6,1,04.août,03.févr,02.sept,06.févr,65,97,111,0.42,0.09,0.52,0.33,0.42,0.23,0.14,0.36,0.15,0.29
Dani Rodríguez,es ESP,MF FW,Mallorca,31,1988,37,36,3 039,33.8,5,2,7,4,1,1,7,0,05.mars,04.mai,02.mai,7.0,85,151,107,0.15,0.06,0.21,0.12,0.18,0.16,0.08,0.23,0.13,0.21
Guido Rodríguez,ar ARG,MF,Betis,25,1994,14,11,936,10.avr,1,0,1,1,0,0,5,0,0.7,0.7,0.1,0.7,4,42,10,0.10,0.00,0.10,0.10,0.10,0.06,0.01,0.07,0.06,0.07
James Rodríguez,co COL,MF FW,Real Madrid,28,1991,8,5,419,04.juil,1,1,2,1,0,0,1,0,01.janv,01.janv,02.févr,03.mars,10,34,27,0.21,0.21,0.43,0.21,0.43,0.23,0.48,0.71,0.23,0.71
Mario Rodriguez,es ESP,MF,Granada,22,1997,1,0,2,0.0,0,0,0,0,0,0,0,0,0.0,0.0,0.0,0.0,0,0,1,0.00,0.00,0.00,0.00,0.00,0.00,0.00,0.00,0.00,0.00
Rodrygo,br BRA,FW,Real Madrid,18,2001,19,12,1 019,11.mars,2,0,2,2,0,0,0,0,02.mars,02.mars,01.janv,03.avr,55,36,132,0.18,0.00,0.18,0.18,0.18,0.20,0.10,0.30,0.20,0.30
Luka Romero,ar ARG,FW,Mallorca,14,2004,1,0,8,0.1,0,0,0,0,0,0,0,0,0.0,0.0,0.0,0.0,0,0,0,0.00,0.00,0.00,0.00,0.00,0.00,0.00,0.00,0.00,0.00
Facundo Roncaglia,ar ARG,DF,Osasuna,32,1987,16,15,1 277,14.févr,1,0,1,1,0,0,4,2,0.1,0.1,0.4,0.4,14,50,13,0.07,0.00,0.07,0.07,0.07,0.00,0.02,0.03,0.00,0.03
Roberto Rosales,ve VEN,DF,Leganés,30,1988,25,21,1 871,20.août,0,1,1,0,0,0,7,0,0.4,0.4,03.juil,04.janv,29,60,101,0.00,0.05,0.05,0.00,0.05,0.02,0.18,0.20,0.02,0.20
Rubén,es ESP,GK,Osasuna,35,1984,19,18,1 583,17.juin,0,0,0,0,0,0,0,0,0.0,0.0,0.0,0.0,0,0,0,0.00,0.00,0.00,0.00,0.00,0.00,0.00,0.00,0.00,0.00
Waldo Rubio,es ESP,MF FW,Valladolid,23,1995,21,9,878,09.août,0,2,2,0,0,0,6,0,0.6,0.6,1.0,01.juin,39,20,56,0.00,0.21,0.21,0.00,0.21,0.06,0.10,0.16,0.06,0.16
Aitor Ruibal,es ESP,DF MF,Leganés,23,1996,25,13,1 22,13.juin,0,0,0,0,0,0,4,0,0.7,0.7,01.août,02.mai,40,36,74,0.00,0.00,0.00,0.00,0.00,0.05,0.13,0.18,0.05,0.18
Jorge Sáenz,es ESP,DF,Celta Vigo,22,1996,7,5,371,04.janv,0,0,0,0,0,0,3,1,0.0,0.0,0.0,0.0,1,4,0,0.00,0.00,0.00,0.00,0.00,0.00,0.00,0.00,0.00,0.00
Borja Sainz,es ESP,MF FW,Alavés,18,2001,19,5,573,06.avr,1,0,1,1,0,0,1,0,01.avr,01.avr,0.3,01.juil,17,10,30,0.16,0.00,0.16,0.16,0.16,0.23,0.05,0.27,0.23,0.27
Yannis Salibur,fr FRA,MF FW,Mallorca,28,1991,4,0,82,0.9,0,0,0,0,0,0,0,0,0.0,0.0,0.1,0.1,7,4,11,0.00,0.00,0.00,0.00,0.00,0.04,0.11,0.15,0.04,0.15
Mohammed Salisu,gh GHA,DF,Valladolid,20,1999,31,30,2 725,30.mars,1,1,2,1,0,0,4,0,01.avr,01.avr,0.5,01.sept,2,62,2,0.03,0.03,0.07,0.03,0.07,0.05,0.02,0.06,0.05,0.06
Fede San Emeterio,es ESP,MF,Valladolid,22,1997,25,20,1 751,19.mai,0,0,0,0,0,0,4,0,0.1,0.0,0.4,0.5,0,51,6,0.00,0.00,0.00,0.00,0.00,0.00,0.02,0.03,0.00,0.03
Player,Nation,Pos,Squad,Age,Born,MP,Starts,Min,90s,Gls,Ast,G+A,G-PK,PK,PKatt,CrdY,CrdR,xG,npxG,xAG,npxG+xAG,PrgC,PrgP,PrgR,Gls,Ast,G+A,G-PK,G+A-PK,xG,xAG,xG+xAG,npxG,npxG+xAG
Mikel San José,es ESP,MF,Athletic Club,30,1989,9,3,359,4.0,0,0,0,0,0,0,3,0,0.7,0.7,0.0,0.8,0,11,1,0.00,0.00,0.00,0.00,0.00,0.18,0.01,0.19,0.18,0.19
Oihan Sancet,es ESP,MF FW,Athletic Club,19,2000,17,9,741,08.févr,1,1,2,1,0,0,1,0,1.0,1.0,0.7,01.juil,11,19,39,0.12,0.12,0.24,0.12,0.24,0.13,0.08,0.21,0.13,0.21
Germán Sánchez,es ESP,DF,Granada,32,1986,28,26,2 293,25.mai,2,0,2,2,0,0,12,1,01.août,01.août,0.5,02.mars,3,34,4,0.08,0.00,0.08,0.08,0.08,0.07,0.02,0.09,0.07,0.09
Javi Sánchez,es ESP,DF,Valladolid,22,1997,8,6,497,05.mai,0,1,1,0,0,0,1,0,0.5,0.5,0.1,0.6,2,7,0,0.00,0.18,0.18,0.00,0.18,0.09,0.01,0.10,0.09,0.10
Manu Sánchez,es ESP,DF,Atlético Madrid,18,2000,5,4,325,03.juin,0,0,0,0,0,0,1,0,0.0,0.0,0.2,0.2,11,7,22,0.00,0.00,0.00,0.00,0.00,0.00,0.06,0.06,0.00,0.06
Víctor Sánchez,es ESP,MF,Espanyol,31,1987,25,20,1 688,18.août,0,1,1,0,0,0,11,1,0.4,0.4,01.mai,01.août,24,86,44,0.00,0.05,0.05,0.00,0.05,0.02,0.08,0.10,0.02,0.10
Luca Sangalli,es ESP,MF,Real Sociedad,24,1995,11,5,372,04.janv,0,1,1,0,0,0,0,0,0.5,0.5,0.5,1.0,13,27,16,0.00,0.24,0.24,0.00,0.24,0.12,0.11,0.23,0.12,0.23
Oier Sanjurjo,es ESP,MF,Osasuna,33,1986,29,27,2 32,25.août,2,1,3,2,0,0,15,1,02.avr,02.avr,01.janv,03.mai,13,132,28,0.08,0.04,0.12,0.08,0.12,0.09,0.04,0.14,0.09,0.14
Ivan Šaponjić,rs SRB,DF FW,Atlético Madrid,21,1997,2,0,6,0.1,0,0,0,0,0,0,0,0,0.3,0.3,0.0,0.3,0,0,0,0.00,0.00,0.00,0.00,0.00,04.juil,0.00,04.juil,04.juil,04.juil
Joan Sastre Vanrell,es ESP,DF,Mallorca,22,1997,19,16,1 36,15.janv,0,2,2,0,0,0,4,0,0.5,0.5,02.janv,02.mai,42,54,83,0.00,0.13,0.13,0.00,0.13,0.03,0.14,0.17,0.03,0.17
Stefan Savić,me MNE,DF,Atlético Madrid,28,1991,22,22,1 98,22.0,0,0,0,0,0,0,6,0,0.2,0.1,0.0,0.1,5,57,0,0.00,0.00,0.00,0.00,0.00,0.01,0.00,0.01,0.00,0.01
Aleksandar Sedlar,rs SRB,DF,Mallorca,27,1991,12,9,814,9.0,0,0,0,0,0,0,3,1,0.1,0.1,0.0,0.1,4,27,3,0.00,0.00,0.00,0.00,0.00,0.01,0.00,0.01,0.01,0.01
Nélson Semedo,pt POR,DF,Barcelona,25,1993,32,24,2 097,23.mars,1,2,3,1,0,0,2,0,0.6,0.6,02.janv,02.juin,71,99,154,0.04,0.09,0.13,0.04,0.13,0.02,0.09,0.11,0.02,0.11
Josep Señé,es ESP,MF,Mallorca,27,1991,6,1,150,01.juil,0,0,0,0,0,0,0,0,0.1,0.1,0.1,0.1,3,9,1,0.00,0.00,0.00,0.00,0.00,0.04,0.05,0.09,0.04,0.09
Salva Sevilla,es ESP,MF,Mallorca,35,1984,35,31,2 568,28.mai,5,3,8,3,2,3,10,1,03.août,01.mai,05.janv,06.juin,42,210,23,0.18,0.11,0.28,0.11,0.21,0.13,0.18,0.31,0.05,0.23
Sidnei,br BRA,DF,Betis,29,1989,14,14,1 175,13.janv,1,0,1,1,0,0,1,0,0.3,0.3,0.0,0.3,15,30,0,0.08,0.00,0.08,0.08,0.08,0.02,0.00,0.03,0.02,0.03
Jonathan Silva,ar ARG,DF,Leganés,25,1994,33,32,2 785,30.sept,1,2,3,1,0,0,13,1,01.mars,01.mars,02.juil,4.0,50,100,133,0.03,0.06,0.10,0.03,0.10,0.04,0.09,0.13,0.04,0.13
Rui Silva,pt POR,GK,Granada,25,1994,35,35,3 15,35.0,0,0,0,0,0,0,3,0,0.0,0.0,0.0,0.0,0,0,0,0.00,0.00,0.00,0.00,0.00,0.00,0.00,0.00,0.00,0.00
Unai Simón,es ESP,GK,Athletic Club,22,1997,34,34,2 991,33.2,0,0,0,0,0,0,2,1,0.0,0.0,0.0,0.0,0,0,0,0.00,0.00,0.00,0.00,0.00,0.00,0.00,0.00,0.00,0.00
Dimitris Siovas,gr GRE,DF,Leganés,30,1988,24,23,1 918,21.mars,0,0,0,0,0,0,7,0,01.janv,01.janv,0.1,01.févr,12,59,6,0.00,0.00,0.00,0.00,0.00,0.05,0.01,0.06,0.05,0.06
Pione Sisto,dk DEN,FW MF,Celta Vigo,24,1995,21,8,891,09.sept,2,0,2,2,0,0,2,0,2.0,2.0,0.6,02.mai,36,36,98,0.20,0.00,0.20,0.20,0.20,0.20,0.06,0.25,0.20,0.25
Antonio Sivera,es ESP,GK,Alavés,22,1996,3,3,270,3.0,0,0,0,0,0,0,1,0,0.0,0.0,0.0,0.0,0,0,0,0.00,0.00,0.00,0.00,0.00,0.00,0.00,0.00,0.00,0.00
Fyodor Smolov,ru RUS,FW,Celta Vigo,29,1990,14,10,743,08.mars,2,0,2,2,0,0,4,0,2.0,2.0,0.1,02.févr,22,7,50,0.24,0.00,0.24,0.24,0.24,0.25,0.02,0.26,0.25,0.26
Rafa Soares,pt POR,DF,Eibar,24,1995,6,6,435,04.août,0,0,0,0,0,0,1,0,0.0,0.0,0.4,0.4,6,18,13,0.00,0.00,0.00,0.00,0.00,0.00,0.08,0.08,0.00,0.08
Rubén Sobrino,es ESP,FW MF,Valencia,27,1992,13,1,170,01.sept,1,0,1,1,0,0,0,0,0.6,0.6,0.3,0.8,11,3,11,0.53,0.00,0.53,0.53,0.53,0.30,0.13,0.44,0.30,0.44
Player,Nation,Pos,Squad,Age,Born,MP,Starts,Min,90s,Gls,Ast,G+A,G-PK,PK,PKatt,CrdY,CrdR,xG,npxG,xAG,npxG+xAG,PrgC,PrgP,PrgR,Gls,Ast,G+A,G-PK,G+A-PK,xG,xAG,xG+xAG,npxG,npxG+xAG
Roberto Soldado,es ESP,FW,Granada,34,1985,33,30,2 347,26.janv,7,4,11,6,1,1,14,0,05.janv,04.mars,03.juil,8.0,17,36,123,0.27,0.15,0.42,0.23,0.38,0.20,0.14,0.34,0.17,0.31
Carlos Soler,es ESP,MF,Valencia,22,1997,28,24,2 066,23.0,2,0,2,2,0,0,4,0,01.juil,01.juil,01.avr,03.janv,29,86,87,0.09,0.00,0.09,0.09,0.09,0.07,0.06,0.13,0.07,0.13
Kévin Soni,cm CMR,FW,Espanyol,21,1998,1,0,4,0.0,0,0,0,0,0,0,0,0,0.0,0.0,0.0,0.0,0,1,1,0.00,0.00,0.00,0.00,0.00,0.00,0.00,0.00,0.00,0.00
David Soria,es ESP,GK,Getafe,26,1993,38,38,3 42,38.0,0,0,0,0,0,0,2,0,0.0,0.0,0.0,0.0,0,0,0,0.00,0.00,0.00,0.00,0.00,0.00,0.00,0.00,0.00,0.00
Bruno Soriano,es ESP,MF FW,Villarreal,35,1984,7,1,263,02.sept,0,0,0,0,0,0,1,0,0.3,0.3,0.0,0.3,2,16,1,0.00,0.00,0.00,0.00,0.00,0.12,0.00,0.12,0.12,0.12
Juan Soriano,es ESP,GK,Leganés,21,1997,11,11,990,11.0,0,0,0,0,0,0,2,0,0.4,0.4,0.0,0.4,0,0,0,0.00,0.00,0.00,0.00,0.00,0.03,0.00,0.03,0.03,0.03
Damián Suárez,uy URU,DF,Getafe,31,1988,30,30,2 592,28.août,1,4,5,1,0,0,15,0,0.9,0.9,3.0,03.sept,29,176,59,0.03,0.14,0.17,0.03,0.17,0.03,0.10,0.14,0.03,0.14
Denis Suárez,es ESP,MF FW,Celta Vigo,25,1994,26,20,1 63,18.janv,1,5,6,1,0,1,2,0,2.0,01.févr,5.0,06.févr,93,117,115,0.06,0.28,0.33,0.06,0.33,0.11,0.27,0.38,0.07,0.34
Luis Suárez,uy URU,FW,Barcelona,32,1987,28,22,1 998,22.févr,16,8,24,15,1,1,4,0,12.juil,12.0,02.mai,14.mai,30,43,171,0.72,0.36,01.août,0.68,01.avr,0.57,0.11,0.68,0.54,0.65
Ki Sung-yueng,kr KOR,MF,Mallorca,30,1989,1,0,9,0.1,0,0,0,0,0,0,0,0,0.0,0.0,0.0,0.0,0,0,0,0.00,0.00,0.00,0.00,0.00,0.00,0.00,0.00,0.00,0.00
Suso,es ESP,FW MF,Sevilla,25,1993,17,8,785,08.juil,1,1,2,1,0,0,0,0,0.8,0.8,01.août,02.juin,18,59,52,0.11,0.11,0.23,0.11,0.23,0.09,0.20,0.30,0.09,0.30
Tachi,es ESP,DF,Alavés,21,1997,6,2,238,02.juin,0,0,0,0,0,0,1,0,0.0,0.0,0.0,0.0,0,1,0,0.00,0.00,0.00,0.00,0.00,0.00,0.00,0.00,0.00,0.00
Rodrigo Tarín,es ESP,DF,Leganés,23,1996,14,12,951,10.juin,0,0,0,0,0,0,1,0,0.2,0.2,0.0,0.2,5,10,0,0.00,0.00,0.00,0.00,0.00,0.02,0.00,0.02,0.02,0.02
Álvaro Tejero,es ESP,DF,Eibar,23,1996,18,16,1 447,16.janv,0,0,0,0,0,0,4,0,0.2,0.2,1.0,01.févr,27,71,45,0.00,0.00,0.00,0.00,0.00,0.01,0.06,0.07,0.01,0.07
Cristian Tello,es ESP,MF FW,Betis,27,1991,27,5,787,08.juil,2,0,2,2,0,0,1,0,01.sept,01.sept,0.3,02.févr,32,35,83,0.23,0.00,0.23,0.23,0.23,0.22,0.03,0.25,0.22,0.25
Marc-André ter Stegen,de GER,GK,Barcelona,27,1992,36,36,3 24,36.0,0,2,2,0,0,0,1,0,0.0,0.0,0.7,0.7,0,1,0,0.00,0.06,0.06,0.00,0.06,0.00,0.02,0.02,0.00,0.02
David Timor,es ESP,MF DF,Getafe,29,1989,22,10,943,10.mai,3,0,3,3,0,0,4,0,0.6,0.6,0.2,0.8,4,49,5,0.29,0.00,0.29,0.29,0.29,0.06,0.02,0.08,0.06,0.08
Jean-Clair Todibo,fr FRA,DF,Barcelona,19,1999,2,1,77,0.9,0,0,0,0,0,0,0,0,0.0,0.0,0.0,0.0,0,1,0,0.00,0.00,0.00,0.00,0.00,0.00,0.00,0.00,0.00,0.00
Karl Toko Ekambi,cm CMR,FW,Villarreal,26,1992,18,11,993,11.0,6,2,8,6,0,0,0,0,8.0,8.0,01.mai,09.juin,29,10,92,0.54,0.18,0.73,0.54,0.73,0.73,0.14,0.87,0.73,0.87
Raúl de Tomás,es ESP,FW,Espanyol,24,1994,14,11,1 075,11.sept,4,0,4,3,1,1,5,0,5.0,04.févr,0.6,04.août,15,26,71,0.33,0.00,0.33,0.25,0.25,0.42,0.05,0.47,0.35,0.40
Toño,es ESP,DF,Levante,29,1989,20,18,1 589,17.juil,0,2,2,0,0,0,2,0,0.1,0.1,2.0,02.janv,56,66,102,0.00,0.11,0.11,0.00,0.11,0.00,0.12,0.12,0.00,0.12
Ferrán Torres,es ESP,MF FW,Valencia,19,2000,34,26,2 251,25.0,4,5,9,4,0,0,5,0,4.0,4.0,04.sept,08.sept,87,76,194,0.16,0.20,0.36,0.16,0.36,0.16,0.20,0.36,0.16,0.36
Óliver Torres,es ESP,MF FW,Sevilla,24,1994,28,21,1 596,17.juil,3,3,6,3,0,0,5,0,01.mai,01.mai,02.sept,04.avr,37,138,81,0.17,0.17,0.34,0.17,0.34,0.08,0.16,0.25,0.08,0.25
Pau Torres,es ESP,DF,Villarreal,22,1997,34,33,2 971,33.0,2,1,3,2,0,0,6,0,01.juil,01.juil,02.mars,4.0,27,104,3,0.06,0.03,0.09,0.06,0.09,0.05,0.07,0.12,0.05,0.12
Roberto Torres,es ESP,MF FW,Osasuna,30,1989,36,31,2 717,30.2,7,8,15,2,5,5,1,0,08.févr,04.mars,06.juil,11.0,45,125,185,0.23,0.26,0.50,0.07,0.33,0.27,0.22,0.50,0.14,0.37
Player,Nation,Pos,Squad,Age,Born,MP,Starts,Min,90s,Gls,Ast,G+A,G-PK,PK,PKatt,CrdY,CrdR,xG,npxG,xAG,npxG+xAG,PrgC,PrgP,PrgR,Gls,Ast,G+A,G-PK,G+A-PK,xG,xAG,xG+xAG,npxG,npxG+xAG
Aleksandar Trajkovski,mk MKD,MF FW,Mallorca,26,1992,14,1,330,03.juil,0,0,0,0,0,0,0,0,0.5,0.5,01.févr,01.juin,16,16,26,0.00,0.00,0.00,0.00,0.00,0.13,0.32,0.45,0.13,0.45
Manu Trigueros,es ESP,MF,Villarreal,27,1991,29,17,1 547,17.févr,2,4,6,1,1,1,6,0,02.sept,02.janv,04.janv,06.févr,20,116,27,0.12,0.23,0.35,0.06,0.29,0.17,0.24,0.41,0.12,0.36
Kieran Trippier,eng ENG,DF,Atlético Madrid,28,1990,25,23,1 979,22.0,0,4,4,0,0,0,2,0,0.1,0.1,04.mai,04.juin,49,115,124,0.00,0.18,0.18,0.00,0.18,0.01,0.20,0.21,0.01,0.21
Samuel Umtiti,fr FRA,DF,Barcelona,25,1993,13,10,949,10.mai,0,0,0,0,0,0,6,0,0.0,0.0,0.0,0.0,13,53,1,0.00,0.00,0.00,0.00,0.00,0.00,0.00,0.00,0.00,0.00
Enes Ünal,tr TUR,FW,Valladolid,22,1997,35,23,2 344,26.0,6,2,8,4,2,3,4,0,09.juil,07.avr,02.juin,10.0,45,65,130,0.23,0.08,0.31,0.15,0.23,0.37,0.10,0.47,0.28,0.38
Tomáš Vaclík,cz CZE,GK,Sevilla,30,1989,33,33,2 925,32.5,0,0,0,0,0,0,0,0,0.0,0.0,0.0,0.0,0,0,0,0.00,0.00,0.00,0.00,0.00,0.00,0.00,0.00,0.00,0.00
Álvaro Vadillo,es ESP,FW MF,Granada,24,1994,22,15,1 218,13.mai,3,1,4,2,1,1,0,0,01.août,1.0,02.janv,03.févr,50,33,79,0.22,0.07,0.30,0.15,0.22,0.13,0.16,0.29,0.08,0.23
Germán Valera,es ESP,FW,Atlético Madrid,17,2002,1,0,4,0.0,0,0,0,0,0,0,0,0,0.0,0.0,0.1,0.1,0,0,0,0.00,0.00,0.00,0.00,0.00,0.00,janv.77,janv.77,0.00,janv.77
Martin Valjent,sk SVK,DF,Mallorca,23,1995,36,36,3 182,35.4,0,0,0,0,0,0,6,0,0.7,0.7,0.8,01.juin,25,70,6,0.00,0.00,0.00,0.00,0.00,0.02,0.02,0.04,0.02,0.04
Jesús Vallejo,es ESP,DF,Granada,22,1997,11,7,629,7.0,0,0,0,0,0,0,1,0,0.2,0.2,0.0,0.2,0,11,0,0.00,0.00,0.00,0.00,0.00,0.02,0.00,0.02,0.02,0.02
Manu Vallejo,es ESP,MF FW,Valencia,22,1997,11,3,418,04.juin,2,0,2,2,0,0,0,0,02.janv,02.janv,0.5,02.juin,10,9,23,0.43,0.00,0.43,0.43,0.43,0.46,0.11,0.57,0.46,0.57
Federico Valverde,uy URU,MF,Real Madrid,21,1998,33,21,1 907,21.févr,2,5,7,2,0,0,1,0,2.0,2.0,03.mars,05.mars,41,112,69,0.09,0.24,0.33,0.09,0.33,0.09,0.16,0.25,0.09,0.25
Raphaël Varane,fr FRA,DF,Real Madrid,26,1993,32,32,2 822,31.4,2,1,3,2,0,0,2,0,1.0,1.0,0.5,01.mai,7,68,3,0.06,0.03,0.10,0.06,0.10,0.03,0.02,0.05,0.03,0.05
Matías Vargas,ar ARG,FW MF,Espanyol,22,1997,21,10,1 024,11.avr,0,3,3,0,0,0,1,0,01.févr,01.févr,02.mai,03.juil,36,44,91,0.00,0.26,0.26,0.00,0.26,0.11,0.22,0.33,0.11,0.33
Franco Vázquez,ar ARG,MF FW,Sevilla,30,1989,31,11,1 098,12.févr,3,0,3,3,0,0,5,0,01.juin,01.juin,0.5,2.0,13,88,73,0.25,0.00,0.25,0.25,0.25,0.13,0.04,0.17,0.13,0.17
Kevin Vázquez,es ESP,DF,Celta Vigo,26,1993,17,16,1 325,14.juil,0,0,0,0,0,0,6,0,0.0,0.0,0.3,0.4,22,50,45,0.00,0.00,0.00,0.00,0.00,0.00,0.02,0.02,0.00,0.02
Lucas Vázquez,es ESP,MF FW,Real Madrid,28,1991,18,8,848,09.avr,2,1,3,2,0,0,1,0,01.avr,01.avr,01.juin,3.0,28,39,125,0.21,0.11,0.32,0.21,0.32,0.14,0.17,0.32,0.14,0.32
Koke Vegas,es ESP,GK,Levante,23,1995,2,2,180,2.0,0,0,0,0,0,0,0,0,0.0,0.0,0.0,0.0,0,0,0,0.00,0.00,0.00,0.00,0.00,0.00,0.00,0.00,0.00,0.00
Unai Vencedor Paris,es ESP,MF,Athletic Club,18,2000,1,1,73,0.8,0,0,0,0,0,0,1,0,0.1,0.1,0.1,0.1,0,3,0,0.00,0.00,0.00,0.00,0.00,0.06,0.07,0.14,0.06,0.14
Mikel Vesga,es ESP,MF,Athletic Club,26,1993,20,13,1 269,14.janv,0,1,1,0,0,0,3,0,0.9,0.9,0.7,01.juin,18,38,11,0.00,0.07,0.07,0.00,0.07,0.06,0.05,0.11,0.06,0.11
Rúben Vezo,pt POR,DF,Levante,25,1994,29,29,2 61,29.0,1,0,1,1,0,0,4,0,01.avr,01.avr,0.5,01.sept,11,74,2,0.03,0.00,0.03,0.03,0.03,0.05,0.02,0.07,0.05,0.07
Fede Vico,es ESP,MF FW,Granada,25,1994,18,11,876,09.juil,2,1,3,1,1,1,1,0,01.juil,0.9,01.juil,02.juil,20,28,34,0.21,0.10,0.31,0.10,0.21,0.18,0.18,0.35,0.10,0.27
Aleix Vidal,es ESP,MF,Alavés,29,1989,29,26,2 165,24.janv,2,4,6,2,0,0,6,0,02.août,02.août,04.juil,07.mai,59,84,119,0.08,0.17,0.25,0.08,0.25,0.12,0.19,0.31,0.12,0.31
Arturo Vidal,cl CHI,MF,Barcelona,32,1987,33,16,1 671,18.juin,8,2,10,8,0,0,4,0,05.févr,05.févr,02.sept,08.janv,21,82,116,0.43,0.11,0.54,0.43,0.54,0.28,0.16,0.44,0.28,0.44
Nacho Vidal,es ESP,DF,Osasuna,24,1995,30,26,2 332,25.sept,0,0,0,0,0,0,5,0,0.9,0.9,2.0,02.sept,48,94,69,0.00,0.00,0.00,0.00,0.00,0.03,0.08,0.11,0.03,0.11
Player,Nation,Pos,Squad,Age,Born,MP,Starts,Min,90s,Gls,Ast,G+A,G-PK,PK,PKatt,CrdY,CrdR,xG,npxG,xAG,npxG+xAG,PrgC,PrgP,PrgR,Gls,Ast,G+A,G-PK,G+A-PK,xG,xAG,xG+xAG,npxG,npxG+xAG
Dídac Vilà,es ESP,DF,Espanyol,30,1989,30,28,2 492,27.juil,0,0,0,0,0,0,9,0,1.0,1.0,0.9,01.sept,77,85,99,0.00,0.00,0.00,0.00,0.00,0.04,0.03,0.07,0.04,0.07
Toni Villa,es ESP,MF,Valladolid,24,1995,23,18,1 354,15.0,0,1,1,0,0,0,4,0,01.janv,01.janv,01.juil,02.juil,60,61,85,0.00,0.07,0.07,0.00,0.07,0.07,0.11,0.18,0.07,0.18
Asier Villalibre,es ESP,FW,Athletic Club,21,1997,19,5,531,05.sept,3,0,3,3,0,0,0,0,03.mars,03.mars,0.0,03.avr,8,11,38,0.51,0.00,0.51,0.51,0.51,0.56,0.01,0.57,0.56,0.57
Iván Villar,es ESP,GK,Celta Vigo,22,1997,4,3,280,03.janv,0,0,0,0,0,0,0,0,0.0,0.0,0.0,0.0,0,0,0,0.00,0.00,0.00,0.00,0.00,0.00,0.00,0.00,0.00,0.00
Juan Villar,es ESP,FW,Osasuna,31,1988,10,2,240,02.juil,1,0,1,0,1,1,1,0,01.févr,0.4,0.1,0.5,2,8,20,0.37,0.00,0.37,0.00,0.00,0.45,0.05,0.49,0.15,0.20
Vitolo,es ESP,FW MF,Atlético Madrid,29,1989,28,11,1 227,13.juin,3,2,5,3,0,0,3,0,02.août,02.août,01.août,04.mai,58,54,89,0.22,0.15,0.37,0.22,0.37,0.20,0.13,0.33,0.20,0.33
Šime Vrsaljko,hr CRO,DF,Atlético Madrid,27,1992,5,4,362,4.0,0,1,1,0,0,0,3,0,0.0,0.0,0.7,0.7,7,10,14,0.00,0.25,0.25,0.00,0.25,0.00,0.18,0.18,0.00,0.18
Nikola Vukčević,me MNE,MF,Levante,27,1991,30,20,1 569,17.avr,0,2,2,0,0,0,11,0,0.2,0.2,0.4,0.6,12,59,10,0.00,0.11,0.11,0.00,0.11,0.01,0.02,0.03,0.01,0.03
Moussa Wagué,sn SEN,DF,Barcelona,20,1998,1,1,90,1.0,0,0,0,0,0,0,0,0,0.0,0.0,0.0,0.0,6,9,12,0.00,0.00,0.00,0.00,0.00,0.00,0.00,0.00,0.00,0.00
Wakaso,gh GHA,MF,Alavés,29,1990,16,15,1 283,14.mars,0,0,0,0,0,0,12,1,0.4,0.4,0.4,0.8,14,48,16,0.00,0.00,0.00,0.00,0.00,0.03,0.03,0.06,0.03,0.06
Daniel Wass,dk DEN,DF MF,Valencia,30,1989,35,30,2 733,30.avr,1,6,7,1,0,0,7,0,01.févr,01.févr,02.sept,04.janv,61,107,138,0.03,0.20,0.23,0.03,0.23,0.04,0.10,0.13,0.04,0.13
Iñaki Williams,gh GHA,FW,Athletic Club,25,1994,38,34,2 939,32.7,6,1,7,5,1,2,3,0,07.mars,05.juil,02.août,08.mai,87,59,254,0.18,0.03,0.21,0.15,0.18,0.22,0.08,0.31,0.18,0.26
Yoel,es ESP,GK,Eibar,30,1988,3,3,270,3.0,0,0,0,0,0,0,1,0,0.0,0.0,0.0,0.0,0,0,0,0.00,0.00,0.00,0.00,0.00,0.00,0.00,0.00,0.00,0.00
Okay Yokuşlu,tr TUR,MF,Celta Vigo,25,1994,26,24,1 973,21.sept,0,2,2,0,0,0,6,0,0.6,0.6,01.mai,02.janv,17,74,23,0.00,0.09,0.09,0.00,0.09,0.03,0.07,0.10,0.03,0.10
Joseba Zaldúa,es ESP,DF,Real Sociedad,27,1992,30,29,2 545,28.mars,0,2,2,0,0,0,8,1,0.2,0.2,01.avr,01.juil,56,99,141,0.00,0.07,0.07,0.00,0.07,0.01,0.05,0.06,0.01,0.06
Andre-Frank Zambo Anguissa,cm CMR,MF,Villarreal,23,1995,36,28,2 583,28.juil,2,0,2,2,0,0,6,0,02.août,02.août,0.7,03.avr,54,134,46,0.07,0.00,0.07,0.07,0.07,0.10,0.02,0.12,0.10,0.12
Igor Zubeldia,es ESP,MF DF,Real Sociedad,22,1997,33,29,2 64,29.mars,0,1,1,0,0,0,9,0,0.4,0.4,0.3,0.7,22,127,7,0.00,0.03,0.03,0.00,0.03,0.01,0.01,0.02,0.01,0.02
Martín Zubimendi,es ESP,MF,Real Sociedad,20,1999,9,6,524,05.août,0,0,0,0,0,0,3,0,0.1,0.1,0.2,0.3,13,49,6,0.00,0.00,0.00,0.00,0.00,0.01,0.03,0.05,0.01,0.05
David Zurutuza,es ESP,MF,Real Sociedad,33,1986,5,2,157,01.juil,0,0,0,0,0,0,0,0,0.0,0.0,0.0,0.0,2,4,6,0.00,0.00,0.00,0.00,0.00,0.00,0.00,0.00,0.00,0.00
Martin Ødegaard,no NOR,MF,Real Sociedad,20,1998,31,29,2 527,28.janv,4,6,10,4,0,0,3,0,3.0,3.0,06.mai,09.mai,112,219,121,0.14,0.21,0.36,0.14,0.36,0.11,0.23,0.34,0.11,0.34
