Player,Nation,Pos,Squad,Age,Born,MP,Starts,Min,90s,Gls,Ast,G+A,G-PK,PK,PKatt,CrdY,CrdR,xG,npxG,xAG,npxG+xAG,PrgC,PrgP,PrgR,Gls,Ast,G+A,G-PK,G+A-PK,xG,xAG,xG+xAG,npxG,npxG+xAG
Antonio Adán,es ESP,GK,Atlético Madrid,31,1987,1,1,90,1.0,0,0,0,0,0,0,1,0,0.0,0.0,0.0,0.0,0,0,0,0.00,0.00,0.00,0.00,0.00,0.00,0.00,0.00,0.00,0.00
Aday,es ESP,DF MF,Girona,30,1987,10,8,645,07.févr,0,2,2,0,0,0,2,0,0.3,0.3,01.mai,01.août,35,11,40,0.00,0.28,0.28,0.00,0.28,0.04,0.21,0.25,0.04,0.25
Aritz Aduriz,es ESP,FW,Athletic Club,37,1981,20,10,943,10.mai,2,0,2,0,2,2,5,0,03.mars,01.août,0.7,02.mai,8,15,57,0.19,0.00,0.19,0.00,0.00,0.32,0.07,0.38,0.17,0.23
Luis Advíncula,pe PER,DF,Rayo Vallecano,28,1990,28,27,2 389,26.mai,1,3,4,1,0,0,6,2,01.janv,01.janv,02.avr,03.mai,51,90,136,0.04,0.11,0.15,0.04,0.15,0.04,0.09,0.13,0.04,0.13
Martin Agirregabiria,es ESP,DF,Alavés,22,1996,27,23,2 032,22.juin,0,0,0,0,0,0,4,0,0.0,0.0,0.5,0.5,36,89,56,0.00,0.00,0.00,0.00,0.00,0.00,0.02,0.02,0.00,0.02
Juan Aguilera,es ESP,MF,Huesca,32,1985,6,4,344,03.août,0,0,0,0,0,0,1,0,0.5,0.5,0.0,0.5,8,21,2,0.00,0.00,0.00,0.00,0.00,0.14,0.00,0.14,0.14,0.14
Carlos Akapo,gq EQG,DF,Huesca,25,1993,13,12,1 023,11.avr,0,0,0,0,0,0,2,0,0.2,0.2,0.2,0.4,33,34,28,0.00,0.00,0.00,0.00,0.00,0.02,0.02,0.04,0.02,0.04
Sergio Akieme,es ESP,DF,Rayo Vallecano,20,1997,2,2,180,2.0,0,1,1,0,0,0,0,0,0.0,0.0,0.1,0.1,5,7,9,0.00,0.50,0.50,0.00,0.50,0.00,0.03,0.03,0.00,0.03
Jordi Alba,es ESP,DF,Barcelona,29,1989,36,32,2 991,33.2,2,8,10,2,0,0,6,0,01.août,01.août,06.juil,08.mai,63,207,372,0.06,0.24,0.30,0.06,0.30,0.05,0.20,0.25,0.05,0.25
Pedro Alcalá,es ESP,DF,Girona,29,1989,25,20,1 868,20.août,1,1,2,1,0,0,9,0,1.0,1.0,0.6,01.juin,13,47,3,0.05,0.05,0.10,0.05,0.10,0.05,0.03,0.08,0.05,0.08
Rubén Alcaraz,es ESP,MF,Valladolid,27,1991,34,34,2 976,33.1,3,2,5,3,0,1,13,0,03.mai,02.juil,0.9,03.juin,45,181,21,0.09,0.06,0.15,0.09,0.15,0.10,0.03,0.13,0.08,0.11
Álex Alegría,es ESP,FW MF,Rayo Vallecano,25,1992,9,0,140,01.juin,0,0,0,0,0,0,0,0,0.2,0.2,0.4,0.6,4,5,7,0.00,0.00,0.00,0.00,0.00,0.16,0.24,0.40,0.16,0.40
Iván Alejo,es ESP,MF,Getafe,23,1995,4,2,146,01.juin,0,0,0,0,0,0,2,1,0.0,0.0,0.6,0.6,7,3,10,0.00,0.00,0.00,0.00,0.00,0.02,0.35,0.36,0.02,0.36
Carles Aleñá,es ESP,MF,Barcelona,20,1998,17,6,637,07.janv,2,0,2,2,0,0,2,0,01.mars,01.mars,0.7,2.0,18,65,38,0.28,0.00,0.28,0.28,0.28,0.18,0.10,0.28,0.18,0.28
Alexander,ar ARG,FW,Leganés,29,1988,1,0,10,0.1,0,0,0,0,0,0,0,0,0.0,0.0,0.0,0.0,0,0,3,0.00,0.00,0.00,0.00,0.00,0.00,0.00,0.00,0.00,0.00
Júnior Alonso,py PAR,DF MF,Celta Vigo,25,1993,9,6,536,6.0,0,0,0,0,0,0,2,0,0.4,0.4,0.2,0.5,6,21,19,0.00,0.00,0.00,0.00,0.00,0.06,0.03,0.09,0.06,0.09
Sergio Álvarez,es ESP,DF MF,Eibar,26,1992,19,12,1 069,11.sept,0,0,0,0,0,0,1,0,0.2,0.2,0.1,0.3,7,29,3,0.00,0.00,0.00,0.00,0.00,0.02,0.01,0.03,0.02,0.03
Sergio Álvarez,es ESP,GK,Celta Vigo,31,1986,13,13,1 17,13.0,0,0,0,0,0,0,1,0,0.0,0.0,0.0,0.0,0,0,0,0.00,0.00,0.00,0.00,0.00,0.00,0.00,0.00,0.00,0.00
Yeray Álvarez,es ESP,DF,Athletic Club,23,1995,30,30,2 613,29.0,0,0,0,0,0,0,10,0,01.mars,1.0,0.1,01.janv,18,93,2,0.00,0.00,0.00,0.00,0.00,0.04,0.00,0.05,0.03,0.04
Ibrahim Amadou,fr FRA,MF DF,Sevilla,25,1993,17,7,762,08.mai,0,0,0,0,0,0,2,0,0.4,0.4,0.1,0.5,3,25,13,0.00,0.00,0.00,0.00,0.00,0.05,0.01,0.06,0.05,0.06
Jordi Amat,id IDN,DF,Rayo Vallecano,26,1992,31,31,2 763,30.juil,0,0,0,0,0,0,9,0,0.5,0.5,0.4,0.9,22,95,3,0.00,0.00,0.00,0.00,0.00,0.02,0.01,0.03,0.02,0.03
Amath,sn SEN,MF,Getafe,22,1996,15,13,1 002,11.janv,1,2,3,1,0,0,4,0,01.févr,01.févr,01.mai,02.juil,30,30,72,0.09,0.18,0.27,0.09,0.27,0.11,0.14,0.25,0.11,0.25
José Ángel,es ESP,DF,Eibar,28,1989,35,34,3 028,33.6,1,1,2,1,0,0,10,0,0.7,0.7,05.juil,06.avr,78,195,75,0.03,0.03,0.06,0.03,0.06,0.02,0.17,0.19,0.02,0.19
Miguel Ángel Moyá,es ESP,GK,Real Sociedad,34,1984,11,11,990,11.0,0,0,0,0,0,0,1,0,0.0,0.0,0.0,0.0,0,0,0,0.00,0.00,0.00,0.00,0.00,0.00,0.00,0.00,0.00,0.00
Antoñito,es ESP,DF MF,Valladolid,30,1987,30,18,1 863,20.juil,2,1,3,2,0,0,5,0,1.0,1.0,01.sept,02.sept,56,71,136,0.10,0.05,0.14,0.10,0.14,0.05,0.09,0.14,0.05,0.14
Player,Nation,Pos,Squad,Age,Born,MP,Starts,Min,90s,Gls,Ast,G+A,G-PK,PK,PKatt,CrdY,CrdR,xG,npxG,xAG,npxG+xAG,PrgC,PrgP,PrgR,Gls,Ast,G+A,G-PK,G+A-PK,xG,xAG,xG+xAG,npxG,npxG+xAG
Vitorino Antunes,pt POR,DF MF,Getafe,31,1987,28,25,2 181,24.févr,1,3,4,1,0,0,5,0,1.0,1.0,03.janv,04.janv,45,99,54,0.04,0.12,0.17,0.04,0.17,0.04,0.13,0.17,0.04,0.17
Anuar,ma MAR,MF FW,Valladolid,23,1995,19,12,1 081,12.0,1,0,1,1,0,0,6,0,02.juil,02.juil,0.1,02.juil,15,35,15,0.08,0.00,0.08,0.08,0.08,0.22,0.01,0.23,0.22,0.23
Emmanuel Apeh,ng NGA,FW MF,Celta Vigo,21,1996,2,0,14,0.2,0,0,0,0,0,0,0,0,0.0,0.0,0.0,0.0,0,0,3,0.00,0.00,0.00,0.00,0.00,0.00,0.26,0.26,0.00,0.26
Mauro Arambarri,uy URU,MF,Getafe,22,1995,33,32,2 676,29.juil,1,2,3,1,0,0,8,0,01.mars,01.mars,01.mai,02.août,16,96,24,0.03,0.07,0.10,0.03,0.10,0.05,0.05,0.10,0.05,0.10
Guilherme Arana,br BRA,DF,Sevilla,21,1997,9,8,629,7.0,0,0,0,0,0,0,3,0,0.9,0.9,0.0,1.0,15,13,27,0.00,0.00,0.00,0.00,0.00,0.14,0.00,0.14,0.14,0.14
Néstor Araujo,mx MEX,DF,Celta Vigo,26,1991,32,30,2 682,29.août,3,0,3,3,0,0,3,1,01.mars,01.mars,0.3,01.juin,4,61,5,0.10,0.00,0.10,0.10,0.10,0.04,0.01,0.05,0.04,0.05
Anaitz Arbilla,es ESP,DF,Eibar,31,1987,25,22,1 95,21.juil,1,2,3,1,0,0,6,1,0.9,0.9,01.janv,01.sept,26,109,7,0.05,0.09,0.14,0.05,0.14,0.04,0.05,0.09,0.04,0.09
Santiago Arias,co COL,DF,Atlético Madrid,26,1992,25,20,1 772,19.juil,1,1,2,1,0,0,4,0,0.4,0.4,01.mars,01.août,39,84,113,0.05,0.05,0.10,0.05,0.10,0.02,0.07,0.09,0.02,0.09
José Arnaiz,es ESP,MF FW,Leganés,23,1995,6,0,113,01.mars,0,0,0,0,0,0,0,0,0.1,0.1,0.1,0.1,4,2,13,0.00,0.00,0.00,0.00,0.00,0.05,0.05,0.10,0.05,0.10
Sergio Asenjo,es ESP,GK,Villarreal,29,1989,32,32,2 88,32.0,0,0,0,0,0,0,0,0,0.0,0.0,0.0,0.0,0,1,0,0.00,0.00,0.00,0.00,0.00,0.00,0.00,0.00,0.00,0.00
Marco Asensio,es ESP,FW,Real Madrid,22,1996,30,19,1 779,19.août,1,4,5,1,0,0,3,0,04.janv,04.janv,5.0,09.janv,116,95,228,0.05,0.20,0.25,0.05,0.25,0.21,0.25,0.46,0.21,0.46
Iago Aspas,es ESP,FW MF,Celta Vigo,30,1987,27,26,2 251,25.0,20,6,26,15,5,5,5,0,11.sept,07.sept,06.juil,14.juin,81,89,201,0.80,0.24,01.avr,0.60,0.84,0.48,0.27,0.74,0.32,0.58
Ezequiel Ávila,ar ARG,FW MF,Huesca,24,1994,34,20,1 997,22.févr,10,2,12,9,1,1,12,1,06.août,06.janv,03.juin,09.juil,55,78,131,0.45,0.09,0.54,0.41,0.50,0.31,0.16,0.47,0.27,0.44
Abdoulaye Ba,sn SEN,DF,Rayo Vallecano,27,1991,26,25,2 11,23.avr,1,0,1,1,0,0,4,2,01.mars,01.mars,0.1,01.avr,5,44,3,0.04,0.00,0.04,0.04,0.04,0.05,0.00,0.06,0.05,0.06
Carlos Bacca,co COL,FW,Villarreal,31,1986,33,12,1 27,14.janv,6,1,7,5,1,1,3,0,04.juin,03.août,01.juin,05.mai,21,24,89,0.43,0.07,0.50,0.35,0.43,0.33,0.12,0.44,0.27,0.39
Gareth Bale,wls WAL,FW,Real Madrid,29,1989,29,21,1 786,19.août,8,3,11,7,1,1,4,0,09.janv,08.mars,02.sept,11.mars,73,62,205,0.40,0.15,0.55,0.35,0.50,0.46,0.15,0.61,0.42,0.57
Mikel Balenziaga,es ESP,DF,Athletic Club,30,1988,11,6,523,05.août,0,0,0,0,0,0,0,0,0.0,0.0,0.7,0.7,7,11,9,0.00,0.00,0.00,0.00,0.00,0.00,0.12,0.13,0.00,0.13
Éver Banega,ar ARG,MF,Sevilla,30,1988,32,32,2 667,29.juin,3,5,8,1,2,2,17,2,02.août,01.févr,4.0,05.févr,50,318,58,0.10,0.17,0.27,0.03,0.20,0.09,0.13,0.23,0.04,0.17
Léo Baptistão,br BRA,FW MF,Espanyol,25,1992,20,14,1 233,13.juil,2,2,4,1,1,1,3,0,5.0,04.mars,01.avr,05.juin,36,30,97,0.15,0.15,0.29,0.07,0.22,0.37,0.10,0.47,0.31,0.41
Enis Bardhi,mk MKD,MF,Levante,23,1995,36,31,2 836,31.mai,3,4,7,3,0,0,6,0,03.juin,03.juin,03.août,07.avr,68,150,128,0.10,0.13,0.22,0.10,0.22,0.12,0.12,0.24,0.12,0.24
Antonio Barragán,es ESP,DF FW,Betis,31,1987,14,12,934,10.avr,0,0,0,0,0,0,4,0,0.1,0.1,0.5,0.6,21,44,99,0.00,0.00,0.00,0.00,0.00,0.01,0.05,0.06,0.01,0.06
Ander Barrenetxea,es ESP,FW MF,Real Sociedad,16,2001,9,5,399,04.avr,1,0,1,1,0,0,0,0,0.5,0.5,0.3,0.8,14,9,30,0.23,0.00,0.23,0.23,0.23,0.11,0.07,0.18,0.11,0.18
Marc Bartra,es ESP,DF,Betis,27,1991,33,33,2 928,32.5,1,0,1,1,0,0,4,0,0.7,0.7,0.1,0.8,32,109,10,0.03,0.00,0.03,0.03,0.03,0.02,0.00,0.02,0.02,0.02
Borja Bastón,es ESP,FW,Alavés,25,1992,27,18,1 439,16.0,5,1,6,5,0,0,4,0,06.févr,06.févr,01.mars,07.mai,10,16,75,0.31,0.06,0.38,0.31,0.38,0.39,0.08,0.47,0.39,0.47
Michy Batshuayi,be BEL,FW,Valencia,24,1993,15,4,527,05.sept,1,0,1,1,0,0,3,0,01.avr,01.avr,0.8,02.févr,9,8,36,0.17,0.00,0.17,0.17,0.17,0.23,0.14,0.37,0.23,0.37
Player,Nation,Pos,Squad,Age,Born,MP,Starts,Min,90s,Gls,Ast,G+A,G-PK,PK,PKatt,CrdY,CrdR,xG,npxG,xAG,npxG+xAG,PrgC,PrgP,PrgR,Gls,Ast,G+A,G-PK,G+A-PK,xG,xAG,xG+xAG,npxG,npxG+xAG
Jon Bautista,es ESP,FW,Real Sociedad,23,1995,18,4,597,06.juin,1,0,1,1,0,0,1,0,02.juil,02.juil,0.9,03.juin,4,6,27,0.15,0.00,0.15,0.15,0.15,0.41,0.13,0.55,0.41,0.55
Bebé,cv CPV,FW MF,Rayo Vallecano,28,1990,27,13,1 302,14.mai,1,1,2,1,0,0,6,0,02.févr,02.févr,03.avr,05.juin,78,34,105,0.07,0.07,0.14,0.07,0.14,0.15,0.24,0.38,0.15,0.38
Bebé,cv CPV,MF,Eibar,28,1990,2,1,62,0.7,0,0,0,0,0,0,0,0,0.1,0.1,0.1,0.2,4,1,11,0.00,0.00,0.00,0.00,0.00,0.17,0.09,0.25,0.17,0.25
Fran Beltrán,es ESP,MF,Celta Vigo,19,1999,30,16,1 517,16.sept,1,0,1,1,0,0,3,0,01.févr,01.févr,0.8,2.0,15,67,29,0.06,0.00,0.06,0.06,0.06,0.07,0.05,0.12,0.07,0.12
Wissam Ben Yedder,fr FRA,FW,Sevilla,27,1990,35,31,2 812,31.2,18,9,27,16,2,2,3,0,18.0,16.avr,07.avr,23.sept,72,100,249,0.58,0.29,0.86,0.51,0.80,0.58,0.24,0.81,0.53,0.76
Karim Benzema,fr FRA,FW,Real Madrid,30,1987,36,35,2 953,32.8,21,6,27,18,3,3,1,0,17.juil,15.mars,6.0,21.mars,110,135,273,0.64,0.18,0.82,0.55,0.73,0.54,0.18,0.72,0.47,0.65
Yuri Berchiche,es ESP,DF FW,Athletic Club,28,1990,35,35,3 12,34.7,2,2,4,2,0,0,8,0,01.févr,01.févr,2.0,03.févr,90,137,138,0.06,0.06,0.12,0.06,0.12,0.03,0.06,0.09,0.03,0.09
Markel Bergara,es ESP,MF,Getafe,32,1986,3,0,53,0.6,0,0,0,0,0,0,0,0,0.0,0.0,0.0,0.0,1,2,2,0.00,0.00,0.00,0.00,0.00,0.00,0.00,0.00,0.00,0.00
Pedro Bigas,es ESP,DF,Eibar,27,1990,10,7,585,06.mai,0,1,1,0,0,0,1,0,0.2,0.2,0.3,0.5,6,34,0,0.00,0.15,0.15,0.00,0.15,0.03,0.05,0.08,0.03,0.08
Alejandro Blanco,es ESP,FW MF,Alavés,19,1998,2,0,16,0.2,0,0,0,0,0,0,0,0,0.0,0.0,0.0,0.0,0,0,2,0.00,0.00,0.00,0.00,0.00,0.00,0.00,0.00,0.00,0.00
Rubén Blanco,es ESP,GK,Celta Vigo,23,1995,25,25,2 25,25.0,0,0,0,0,0,0,2,0,0.0,0.0,0.1,0.1,0,0,0,0.00,0.00,0.00,0.00,0.00,0.00,0.01,0.01,0.00,0.01
Pablo de Blasis,ar ARG,DF MF,Eibar,30,1988,24,16,1 52,16.sept,2,0,2,2,0,0,2,1,0.9,0.9,02.avr,03.mars,36,79,86,0.12,0.00,0.12,0.12,0.12,0.05,0.14,0.20,0.05,0.20
Emmanuel Boateng,gh GHA,FW,Levante,22,1996,16,7,699,07.août,1,0,1,1,0,0,2,0,01.févr,01.févr,0.1,01.févr,9,3,38,0.13,0.00,0.13,0.13,0.13,0.15,0.01,0.16,0.15,0.16
Kevin-Prince Boateng,gh GHA,FW,Barcelona,31,1987,3,3,239,02.juil,0,0,0,0,0,0,1,0,0.2,0.2,0.1,0.2,0,2,17,0.00,0.00,0.00,0.00,0.00,0.06,0.02,0.08,0.06,0.08
Daniele Bonera,it ITA,DF,Villarreal,37,1981,5,4,230,02.juin,0,0,0,0,0,0,1,0,0.0,0.0,0.0,0.0,1,3,0,0.00,0.00,0.00,0.00,0.00,0.00,0.00,0.00,0.00,0.00
Ryad Boudebouz,dz ALG,MF FW,Celta Vigo,28,1990,11,8,717,8.0,1,2,3,1,0,0,2,1,01.mai,01.mai,02.mai,4.0,18,40,56,0.13,0.25,0.38,0.13,0.38,0.19,0.31,0.51,0.19,0.51
Ryad Boudebouz,dz ALG,MF FW,Betis,28,1990,9,6,539,6.0,0,0,0,0,0,0,1,0,0.5,0.5,1.0,01.mai,13,43,46,0.00,0.00,0.00,0.00,0.00,0.08,0.17,0.24,0.08,0.24
Sofiane Boufal,ma MAR,MF FW,Celta Vigo,24,1993,35,25,2 085,23.févr,3,3,6,3,0,0,6,0,03.avr,03.avr,03.juin,06.sept,154,95,126,0.13,0.13,0.26,0.13,0.26,0.14,0.15,0.30,0.14,0.30
Yassine Bounou,ma MAR,GK,Girona,27,1991,32,32,2 861,31.août,0,0,0,0,0,0,2,0,0.1,0.1,0.0,0.1,0,0,0,0.00,0.00,0.00,0.00,0.00,0.00,0.00,0.00,0.00,0.00
Martin Braithwaite,dk DEN,FW,Leganés,27,1991,19,16,1 402,15.juin,4,5,9,4,0,0,5,0,05.janv,05.janv,01.avr,06.juin,24,23,75,0.26,0.32,0.58,0.26,0.58,0.33,0.09,0.42,0.33,0.42
Darko Brašanac,rs SRB,MF,Alavés,26,1992,24,17,1 58,17.juin,0,1,1,0,0,0,5,0,0.6,0.6,0.4,1.0,24,67,28,0.00,0.06,0.06,0.00,0.06,0.03,0.03,0.06,0.03,0.06
Rajko Brežančić,rs SRB,DF,Huesca,28,1989,1,0,67,0.7,0,0,0,0,0,0,0,0,0.0,0.0,0.0,0.0,0,4,3,0.00,0.00,0.00,0.00,0.00,0.00,0.00,0.00,0.00,0.00
Burgui,es ESP,MF FW,Alavés,24,1993,16,5,555,06.févr,1,0,1,1,0,0,1,0,0.8,0.8,0.5,01.mars,13,28,39,0.16,0.00,0.16,0.16,0.16,0.13,0.09,0.21,0.13,0.21
Sergio Busquets,es ESP,MF,Barcelona,30,1988,35,30,2 715,30.2,0,1,1,0,0,0,10,0,0.4,0.4,01.mai,01.sept,12,198,13,0.00,0.03,0.03,0.00,0.03,0.01,0.05,0.06,0.01,0.06
Unai Bustinza,es ESP,DF,Leganés,26,1992,25,24,2 023,22.mai,0,1,1,0,0,0,11,1,0.3,0.3,0.7,1.0,26,89,15,0.00,0.04,0.04,0.00,0.04,0.01,0.03,0.04,0.01,0.04
Player,Nation,Pos,Squad,Age,Born,MP,Starts,Min,90s,Gls,Ast,G+A,G-PK,PK,PKatt,CrdY,CrdR,xG,npxG,xAG,npxG+xAG,PrgC,PrgP,PrgR,Gls,Ast,G+A,G-PK,G+A-PK,xG,xAG,xG+xAG,npxG,npxG+xAG
Erick Cabaco,uy URU,DF,Levante,23,1995,21,20,1 632,18.janv,2,0,2,2,0,0,11,2,01.mai,01.mai,0.1,01.juin,20,65,2,0.11,0.00,0.11,0.11,0.11,0.08,0.01,0.09,0.08,0.09
Gustavo Cabral,ar ARG,DF,Celta Vigo,32,1985,24,21,1 897,21.janv,0,0,0,0,0,0,6,2,01.juin,01.juin,0.3,2.0,4,44,3,0.00,0.00,0.00,0.00,0.00,0.08,0.02,0.09,0.08,0.09
Leandro Cabrera,uy URU,DF,Getafe,27,1991,32,31,2 794,31.0,2,0,2,2,0,0,11,1,02.mars,02.mars,0.8,03.janv,19,96,13,0.06,0.00,0.06,0.06,0.06,0.07,0.03,0.10,0.07,0.10
Jordi Calavera,es ESP,DF,Eibar,22,1995,1,0,1,0.0,0,0,0,0,0,0,0,0,0.0,0.0,0.0,0.0,0,0,0,0.00,0.00,0.00,0.00,0.00,0.00,0.00,0.00,0.00,0.00
Fernando Calero,es ESP,DF,Valladolid,22,1995,36,35,3 13,34.8,1,0,1,1,0,0,7,0,0.8,0.8,0.3,01.janv,19,102,7,0.03,0.00,0.03,0.03,0.03,0.02,0.01,0.03,0.02,0.03
Jonathan Calleri,ar ARG,FW,Alavés,24,1993,34,33,2 869,31.9,9,2,11,7,2,2,6,0,08.mai,06.sept,03.juin,10.mai,63,76,189,0.28,0.06,0.35,0.22,0.28,0.27,0.11,0.38,0.22,0.33
Juanjo Camacho,es ESP,MF DF,Huesca,37,1980,3,0,37,0.4,0,0,0,0,0,0,0,0,0.1,0.1,0.2,0.3,0,2,3,0.00,0.00,0.00,0.00,0.00,0.31,0.38,0.68,0.31,0.68
Sergio Camello,es ESP,FW,Atlético Madrid,17,2001,1,0,45,0.5,1,0,1,1,0,0,0,0,0.8,0.8,0.0,0.8,1,0,4,2.00,0.00,2.00,2.00,2.00,janv.57,0.10,janv.67,janv.57,janv.67
José Campaña,es ESP,MF,Levante,25,1993,36,36,3 21,35.7,4,9,13,4,0,0,11,0,01.août,01.août,05.janv,7.0,87,215,84,0.11,0.25,0.36,0.11,0.36,0.05,0.14,0.20,0.05,0.20
Sergio Canales,es ESP,MF,Betis,27,1991,32,30,2 655,29.mai,7,2,9,5,2,2,5,0,7.0,05.avr,04.août,10.févr,113,181,182,0.24,0.07,0.31,0.17,0.24,0.24,0.16,0.40,0.18,0.34
Ander Capa,es ESP,DF FW,Athletic Club,26,1992,25,17,1 642,18.févr,0,0,0,0,0,0,9,0,0.5,0.5,1.0,01.mai,70,70,107,0.00,0.00,0.00,0.00,0.00,0.03,0.06,0.08,0.03,0.08
Marc Cardona,es ESP,FW MF,Eibar,23,1995,17,6,604,06.juil,3,1,4,3,0,0,1,0,03.avr,03.avr,0.7,04.janv,13,9,66,0.45,0.15,0.60,0.45,0.60,0.50,0.11,0.61,0.50,0.61
Daniel Carriço,pt POR,DF,Sevilla,29,1988,24,24,2 13,23.juil,1,1,2,1,0,0,10,0,0.5,0.5,0.3,0.8,14,65,2,0.04,0.04,0.08,0.04,0.08,0.02,0.01,0.04,0.02,0.04
Guido Carrillo,ar ARG,FW,Leganés,27,1991,32,23,1 992,22.janv,6,1,7,5,1,3,5,0,09.janv,06.juil,01.avr,08.janv,6,55,76,0.27,0.05,0.32,0.23,0.27,0.41,0.06,0.47,0.30,0.37
Dani Carvajal,es ESP,DF,Real Madrid,26,1992,24,23,2 107,23.avr,1,2,3,1,0,0,10,0,0.4,0.4,03.juin,03.sept,72,121,152,0.04,0.09,0.13,0.04,0.13,0.02,0.15,0.17,0.02,0.17
William Carvalho,pt POR,MF,Betis,26,1992,30,26,2 385,26.mai,0,5,5,0,0,0,7,0,0.5,0.5,01.août,02.avr,47,199,31,0.00,0.19,0.19,0.00,0.19,0.02,0.07,0.09,0.02,0.09
Casemiro,br BRA,MF,Real Madrid,26,1992,29,27,2 312,25.juil,3,0,3,3,0,0,7,1,02.juin,02.juin,0.9,03.mai,15,111,23,0.12,0.00,0.12,0.12,0.12,0.10,0.03,0.14,0.10,0.14
Santiago Cáseres,ar ARG,MF,Villarreal,21,1997,23,17,1 588,17.juin,0,1,1,0,0,0,10,0,0.5,0.5,01.janv,01.juin,11,101,11,0.00,0.06,0.06,0.00,0.06,0.03,0.06,0.09,0.03,0.09
Catena,es ESP,DF,Rayo Vallecano,23,1994,2,2,176,2.0,0,0,0,0,0,0,1,0,0.2,0.2,0.0,0.2,2,9,2,0.00,0.00,0.00,0.00,0.00,0.12,0.00,0.12,0.12,0.12
Santi Cazorla,es ESP,MF FW,Villarreal,33,1984,35,30,2 647,29.avr,4,10,14,2,2,3,2,0,04.avr,02.janv,06.août,08.août,69,255,117,0.14,0.34,0.48,0.07,0.41,0.15,0.23,0.38,0.07,0.30
Dani Ceballos,es ESP,MF FW,Real Madrid,21,1996,23,13,1 248,13.sept,3,0,3,3,0,0,3,0,02.mars,02.mars,01.févr,03.mai,38,140,70,0.22,0.00,0.22,0.22,0.22,0.16,0.09,0.25,0.16,0.25
Charles,br BRA,FW,Eibar,34,1984,34,17,1 739,19.mars,14,1,15,8,6,7,4,0,12.févr,06.juil,01.avr,08.janv,10,55,122,0.72,0.05,0.78,0.41,0.47,0.63,0.07,0.70,0.35,0.42
Chechu,es ESP,DF,Rayo Vallecano,36,1982,1,1,90,1.0,0,0,0,0,0,0,0,0,0.0,0.0,0.0,0.0,1,7,0,0.00,0.00,0.00,0.00,0.00,0.00,0.00,0.00,0.00,0.00
Chema,es ESP,DF,Levante,26,1992,19,13,1 254,13.sept,2,0,2,2,0,0,7,0,0.6,0.6,0.7,01.mars,3,31,0,0.14,0.00,0.14,0.14,0.14,0.05,0.05,0.10,0.05,0.10
Denis Cheryshev,ru RUS,MF,Valencia,27,1990,27,19,1 706,19.0,2,2,4,2,0,0,2,0,03.juil,03.juil,07.juin,11.avr,55,64,178,0.11,0.11,0.21,0.11,0.21,0.20,0.40,0.60,0.20,0.60
Player,Nation,Pos,Squad,Age,Born,MP,Starts,Min,90s,Gls,Ast,G+A,G-PK,PK,PKatt,CrdY,CrdR,xG,npxG,xAG,npxG+xAG,PrgC,PrgP,PrgR,Gls,Ast,G+A,G-PK,G+A-PK,xG,xAG,xG+xAG,npxG,npxG+xAG
Leandro Chichizola,ar ARG,GK,Getafe,28,1990,1,1,90,1.0,0,0,0,0,0,0,0,0,0.0,0.0,0.0,0.0,0,0,0,0.00,0.00,0.00,0.00,0.00,0.00,0.00,0.00,0.00,0.00
Samuel Chukwueze,ng NGA,MF FW,Villarreal,19,1999,26,19,1 706,19.0,5,2,7,5,0,0,2,0,05.févr,05.févr,01.mai,06.juil,102,55,170,0.26,0.11,0.37,0.26,0.37,0.27,0.08,0.35,0.27,0.35
Jasper Cillessen,nl NED,GK,Barcelona,29,1989,3,3,270,3.0,0,0,0,0,0,0,0,0,0.0,0.0,0.0,0.0,0,0,0,0.00,0.00,0.00,0.00,0.00,0.00,0.00,0.00,0.00,0.00
Coke,es ESP,DF,Levante,31,1987,27,19,1 817,20.févr,4,0,4,4,0,0,5,1,01.sept,01.sept,01.mars,03.janv,28,65,86,0.20,0.00,0.20,0.20,0.20,0.09,0.06,0.16,0.09,0.16
Álex Collado,es ESP,FW,Barcelona,19,1999,1,0,85,0.9,0,0,0,0,0,0,0,0,0.1,0.1,0.0,0.1,3,1,2,0.00,0.00,0.00,0.00,0.00,0.11,0.00,0.11,0.11,0.11
Santi Comesaña,es ESP,MF,Rayo Vallecano,21,1996,25,23,2 032,22.juin,1,1,2,1,0,0,6,0,0.7,0.7,0.4,1.0,13,99,13,0.04,0.04,0.09,0.04,0.09,0.03,0.02,0.05,0.03,0.05
Duje Čop,hr CRO,FW,Valladolid,28,1990,18,6,687,07.juin,0,0,0,0,0,0,2,0,02.févr,02.févr,01.avr,03.juin,16,9,57,0.00,0.00,0.00,0.00,0.00,0.29,0.18,0.47,0.29,0.47
Francis Coquelin,fr FRA,MF,Valencia,27,1991,26,20,1 761,19.juin,0,1,1,0,0,0,5,0,0.4,0.4,01.mars,01.juin,18,106,19,0.00,0.05,0.05,0.00,0.05,0.02,0.06,0.08,0.02,0.08
Iñigo Córdoba,es ESP,FW MF,Athletic Club,21,1997,23,15,1 321,14.juil,0,4,4,0,0,0,3,0,01.mars,01.mars,02.févr,03.avr,41,40,116,0.00,0.27,0.27,0.00,0.27,0.09,0.15,0.23,0.09,0.23
Ángel Correa,ar ARG,MF FW,Atlético Madrid,23,1995,36,20,1 919,21.mars,3,2,5,3,0,0,7,1,02.févr,02.févr,04.juin,06.août,71,77,151,0.14,0.09,0.23,0.14,0.23,0.10,0.22,0.32,0.10,0.32
Diego Costa,es ESP,FW,Atlético Madrid,29,1988,16,14,1 112,12.avr,2,2,4,2,0,0,4,1,01.juil,01.juil,0.9,02.juin,18,12,93,0.16,0.16,0.32,0.16,0.32,0.14,0.07,0.21,0.14,0.21
Jaume Costa,es ESP,DF,Villarreal,30,1988,21,18,1 495,16.juin,1,0,1,1,0,0,6,0,0.5,0.5,0.8,01.mars,38,95,94,0.06,0.00,0.06,0.06,0.06,0.03,0.05,0.08,0.03,0.08
David Costas,es ESP,DF,Celta Vigo,23,1995,15,13,1 173,13.0,0,0,0,0,0,0,4,0,0.2,0.2,0.0,0.2,5,34,2,0.00,0.00,0.00,0.00,0.00,0.01,0.00,0.01,0.01,0.01
Thibaut Courtois,be BEL,GK,Real Madrid,26,1992,27,27,2 43,27.0,0,0,0,0,0,0,2,0,0.1,0.1,0.0,0.1,0,0,0,0.00,0.00,0.00,0.00,0.00,0.00,0.00,0.00,0.00,0.00
Philippe Coutinho,br BRA,FW MF,Barcelona,26,1992,34,22,2 018,22.avr,5,2,7,5,0,0,2,0,07.avr,07.avr,03.juil,11.janv,101,158,229,0.22,0.09,0.31,0.22,0.31,0.33,0.17,0.50,0.33,0.50
Sebastián Cristóforo,uy URU,MF,Getafe,24,1993,15,4,450,5.0,0,2,2,0,0,0,3,0,0.0,0.0,0.5,0.5,4,25,11,0.00,0.40,0.40,0.00,0.40,0.01,0.09,0.10,0.01,0.10
Cucho,co COL,FW,Huesca,19,1999,34,25,2 15,23.sept,4,3,7,2,2,2,6,0,10.août,09.févr,04.avr,13.juin,63,47,166,0.17,0.13,0.29,0.08,0.21,0.45,0.19,0.64,0.38,0.57
Marc Cucurella,es ESP,MF FW,Eibar,20,1998,31,26,2 354,26.févr,1,2,3,1,0,0,6,0,2.0,2.0,03.févr,05.févr,40,78,200,0.04,0.08,0.11,0.04,0.11,0.08,0.12,0.20,0.08,0.20
Iván Cuéllar,es ESP,GK,Leganés,34,1984,34,34,3 055,33.9,0,0,0,0,0,0,5,0,0.0,0.0,0.0,0.0,0,0,0,0.00,0.00,0.00,0.00,0.00,0.00,0.00,0.00,0.00,0.00
Sergi Darder,es ESP,MF,Espanyol,24,1993,34,32,2 709,30.janv,4,2,6,4,0,0,8,1,02.sept,02.sept,03.août,06.août,53,169,96,0.13,0.07,0.20,0.13,0.20,0.10,0.13,0.23,0.10,0.23
Moisés Delgado,es ESP,DF,Valladolid,24,1994,3,3,270,3.0,0,0,0,0,0,0,1,0,0.0,0.0,0.1,0.2,5,7,10,0.00,0.00,0.00,0.00,0.00,0.02,0.04,0.05,0.02,0.05
Ousmane Dembélé,fr FRA,FW MF,Barcelona,21,1997,29,20,1 661,18.mai,8,5,13,8,0,0,1,0,03.août,03.août,04.sept,08.juil,113,80,232,0.43,0.27,0.70,0.43,0.70,0.20,0.27,0.47,0.20,0.47
Franco Di Santo,ar ARG,FW,Rayo Vallecano,29,1989,6,1,172,01.sept,0,0,0,0,0,0,1,1,0.0,0.0,0.0,0.0,1,0,9,0.00,0.00,0.00,0.00,0.00,0.00,0.00,0.00,0.00,0.00
Mouctar Diakhaby,gn GUI,DF,Valencia,21,1996,22,16,1 58,17.juin,2,0,2,2,0,0,9,0,01.mars,01.mars,0.0,01.mars,7,48,0,0.11,0.00,0.11,0.11,0.11,0.07,0.00,0.07,0.07,0.07
Brahim Díaz,ma MAR,FW,Real Madrid,18,1999,9,5,376,04.févr,1,1,2,1,0,0,0,0,01.févr,01.févr,01.mai,02.juil,17,12,49,0.24,0.24,0.48,0.24,0.48,0.29,0.36,0.64,0.29,0.64
Player,Nation,Pos,Squad,Age,Born,MP,Starts,Min,90s,Gls,Ast,G+A,G-PK,PK,PKatt,CrdY,CrdR,xG,npxG,xAG,npxG+xAG,PrgC,PrgP,PrgR,Gls,Ast,G+A,G-PK,G+A-PK,xG,xAG,xG+xAG,npxG,npxG+xAG
Javier Díaz,es ESP,GK,Sevilla,21,1997,1,1,90,1.0,0,0,0,0,0,0,0,0,0.0,0.0,0.0,0.0,0,0,0,0.00,0.00,0.00,0.00,0.00,0.00,0.00,0.00,0.00,0.00
Adrián Diéguez,es ESP,DF,Huesca,22,1996,9,8,749,08.mars,0,0,0,0,0,0,3,0,0.1,0.1,0.0,0.2,2,8,0,0.00,0.00,0.00,0.00,0.00,0.02,0.00,0.02,0.02,0.02
Stole Dimitrievski,mk MKD,GK,Rayo Vallecano,24,1993,21,21,1 89,21.0,0,0,0,0,0,0,3,0,0.0,0.0,0.0,0.0,0,0,0,0.00,0.00,0.00,0.00,0.00,0.00,0.00,0.00,0.00,0.00
Papakouli Diop,sn SEN,MF,Eibar,32,1986,28,27,2 352,26.janv,1,1,2,1,0,0,11,0,02.mai,02.mai,0.7,03.janv,13,157,22,0.04,0.04,0.08,0.04,0.08,0.09,0.03,0.12,0.09,0.12
Djené,tg TOG,DF,Getafe,26,1991,34,34,2 976,33.1,0,0,0,0,0,0,13,2,0.7,0.7,0.2,0.9,17,81,11,0.00,0.00,0.00,0.00,0.00,0.02,0.01,0.03,0.02,0.03
Marko Dmitrović,rs SRB,GK,Eibar,26,1992,24,24,2 16,24.0,0,0,0,0,0,0,3,0,0.0,0.0,0.0,0.0,0,0,0,0.00,0.00,0.00,0.00,0.00,0.00,0.00,0.00,0.00,0.00
Jaume Doménech,es ESP,GK,Valencia,27,1990,4,4,360,4.0,0,0,0,0,0,0,0,0,0.0,0.0,0.0,0.0,0,0,0,0.00,0.00,0.00,0.00,0.00,0.00,0.00,0.00,0.00,0.00
Cheick Doukouré,ci CIV,MF,Levante,25,1992,9,3,318,03.mai,0,0,0,0,0,0,1,0,0.1,0.1,0.0,0.1,0,14,5,0.00,0.00,0.00,0.00,0.00,0.02,0.00,0.02,0.02,0.02
Seydou Doumbia,ci CIV,FW,Girona,30,1987,17,5,541,6.0,2,0,2,2,0,0,2,0,02.juil,02.juil,0.0,02.juil,9,5,27,0.33,0.00,0.33,0.33,0.33,0.45,0.00,0.45,0.45,0.45
Óscar Duarte,cr CRC,DF MF,Espanyol,29,1989,11,7,660,07.mars,0,0,0,0,0,0,0,0,0.1,0.1,0.1,0.2,2,16,2,0.00,0.00,0.00,0.00,0.00,0.01,0.02,0.03,0.01,0.03
Rubén Duarte,es ESP,DF,Alavés,22,1995,33,33,2 772,30.août,0,0,0,0,0,0,10,1,0.7,0.7,01.juil,02.mars,34,105,81,0.00,0.00,0.00,0.00,0.00,0.02,0.05,0.08,0.02,0.08
Hugo Duro,es ESP,MF FW,Getafe,18,1999,11,5,417,04.juin,0,0,0,0,0,0,0,0,0.4,0.4,0.6,1.0,3,5,18,0.00,0.00,0.00,0.00,0.00,0.09,0.13,0.22,0.09,0.22
Raphael Dwamena,gh GHA,FW,Levante,22,1995,12,1,222,02.mai,0,1,1,0,0,0,0,0,0.7,0.7,0.5,01.févr,7,3,17,0.00,0.41,0.41,0.00,0.41,0.28,0.19,0.47,0.28,0.47
Dennis Eckert,de GER,FW,Celta Vigo,21,1997,9,1,216,02.avr,0,0,0,0,0,0,0,0,0.7,0.7,0.1,0.8,2,4,17,0.00,0.00,0.00,0.00,0.00,0.30,0.04,0.34,0.30,0.34
Aritz Elustondo,es ESP,DF,Real Sociedad,24,1994,27,24,2 254,25.0,1,0,1,1,0,0,5,0,01.mai,01.mai,0.6,02.janv,25,71,24,0.04,0.00,0.04,0.04,0.04,0.06,0.02,0.08,0.06,0.08
Gorka Elustondo,es ESP,MF DF,Rayo Vallecano,31,1987,5,3,285,03.févr,0,0,0,0,0,0,1,0,0.0,0.0,0.4,0.4,4,15,1,0.00,0.00,0.00,0.00,0.00,0.01,0.12,0.13,0.01,0.13
Rodrigo Ely,br BRA,DF,Alavés,24,1993,5,5,430,04.août,0,0,0,0,0,0,1,0,0.1,0.1,0.1,0.2,0,6,2,0.00,0.00,0.00,0.00,0.00,0.02,0.03,0.04,0.02,0.04
Adri Embarba,es ESP,MF FW,Rayo Vallecano,26,1992,36,27,2 282,25.avr,5,6,11,2,3,3,5,1,06.juil,04.mars,07.avr,11.juil,93,53,164,0.20,0.24,0.43,0.08,0.32,0.26,0.29,0.56,0.17,0.46
Emerson,br BRA,FW DF,Betis,19,1999,6,4,317,03.mai,0,0,0,0,0,0,1,0,0.2,0.2,0.3,0.4,7,13,26,0.00,0.00,0.00,0.00,0.00,0.05,0.07,0.12,0.05,0.12
Youssef En-Nesyri,ma MAR,FW,Leganés,21,1997,31,22,2 106,23.avr,9,2,11,9,0,0,7,0,07.janv,07.janv,02.mars,09.avr,38,28,143,0.38,0.09,0.47,0.38,0.47,0.30,0.10,0.40,0.30,0.40
Sergi Enrich,es ESP,FW,Eibar,28,1990,35,30,2 582,28.juil,7,4,11,7,0,0,4,0,10.sept,10.sept,02.juil,13.juin,14,58,210,0.24,0.14,0.38,0.24,0.38,0.38,0.09,0.48,0.38,0.48
Javier Eraso,es ESP,MF FW,Leganés,28,1990,13,9,631,7.0,0,0,0,0,0,0,2,0,0.1,0.1,1.0,01.janv,8,16,43,0.00,0.00,0.00,0.00,0.00,0.02,0.14,0.16,0.02,0.16
Gonzalo Escalante,ar ARG,MF,Eibar,25,1993,32,18,1 789,19.sept,4,1,5,4,0,0,6,0,02.sept,02.sept,1.0,03.sept,14,79,35,0.20,0.05,0.25,0.20,0.25,0.15,0.05,0.20,0.15,0.20
Sergio Escudero,es ESP,DF FW,Sevilla,28,1989,21,18,1 545,17.févr,0,1,1,0,0,0,8,1,01.avr,01.avr,01.févr,02.juil,40,107,90,0.00,0.06,0.06,0.00,0.06,0.08,0.07,0.15,0.08,0.15
Bernardo Espinosa,co COL,DF,Girona,29,1989,31,31,2 727,30.mars,1,1,2,1,0,0,6,2,02.janv,02.janv,01.févr,03.mars,0,49,6,0.03,0.03,0.07,0.03,0.07,0.07,0.04,0.11,0.07,0.11
Player,Nation,Pos,Squad,Age,Born,MP,Starts,Min,90s,Gls,Ast,G+A,G-PK,PK,PKatt,CrdY,CrdR,xG,npxG,xAG,npxG+xAG,PrgC,PrgP,PrgR,Gls,Ast,G+A,G-PK,G+A-PK,xG,xAG,xG+xAG,npxG,npxG+xAG
Beñat Etxebarria,es ESP,MF,Athletic Club,31,1987,27,25,2 031,22.juin,1,2,3,1,0,0,8,0,0.5,0.5,02.juin,03.janv,14,138,22,0.04,0.09,0.13,0.04,0.13,0.02,0.12,0.14,0.02,0.14
Xabier Etxeita,es ESP,DF,Huesca,30,1987,31,30,2 677,29.juil,4,0,4,4,0,0,10,0,02.juil,02.juil,0.3,3.0,18,62,9,0.13,0.00,0.13,0.13,0.13,0.09,0.01,0.10,0.09,0.10
Zouhair Feddal,ma MAR,DF,Betis,29,1989,21,19,1 702,18.sept,1,1,2,1,0,0,7,0,01.juin,01.juin,1.0,02.juil,11,87,5,0.05,0.05,0.11,0.05,0.11,0.09,0.06,0.14,0.09,0.14
Aitor Fernández,es ESP,GK,Levante,27,1991,16,16,1 44,16.0,0,0,0,0,0,0,0,0,0.0,0.0,0.3,0.3,0,0,0,0.00,0.00,0.00,0.00,0.00,0.00,0.02,0.02,0.00,0.02
Andrés Fernández,es ESP,GK,Villarreal,31,1986,6,6,540,6.0,0,0,0,0,0,0,2,0,0.0,0.0,0.0,0.0,0,1,0,0.00,0.00,0.00,0.00,0.00,0.00,0.00,0.00,0.00,0.00
Borja Fernández,es ESP,MF DF,Valladolid,37,1981,19,10,841,09.mars,0,0,0,0,0,0,4,0,0.2,0.2,0.0,0.2,1,31,4,0.00,0.00,0.00,0.00,0.00,0.02,0.00,0.02,0.02,0.02
Joaquín Fernández,es ESP,DF MF,Valladolid,22,1996,13,9,839,09.mars,1,0,1,1,0,0,2,0,0.7,0.7,0.0,0.7,1,17,1,0.11,0.00,0.11,0.11,0.11,0.07,0.00,0.07,0.07,0.07
Valery Fernández,es ESP,DF FW,Girona,18,1999,17,10,888,09.sept,0,1,1,0,0,0,2,0,0.1,0.1,0.7,0.8,29,17,46,0.00,0.10,0.10,0.00,0.10,0.01,0.08,0.09,0.01,0.09
David Ferreiro,es ESP,MF FW,Huesca,30,1988,35,23,2 28,25.mars,1,3,4,1,0,0,5,0,02.août,02.août,05.avr,08.févr,114,72,225,0.04,0.12,0.16,0.04,0.16,0.11,0.21,0.32,0.11,0.32
Facundo Ferreyra,ar ARG,FW,Espanyol,27,1991,9,1,211,02.mars,1,0,1,1,0,0,2,0,0.5,0.5,0.0,0.5,1,2,15,0.43,0.00,0.43,0.43,0.43,0.21,0.00,0.21,0.21,0.21
Junior Firpo,do DOM,DF FW,Betis,21,1996,24,22,1 937,21.mai,3,4,7,3,0,0,7,0,02.févr,02.févr,02.févr,04.mars,73,83,171,0.14,0.19,0.33,0.14,0.33,0.10,0.10,0.20,0.10,0.20
Mathieu Flamini,fr FRA,MF,Getafe,34,1984,10,4,453,5.0,0,0,0,0,0,0,5,0,0.0,0.0,0.0,0.0,0,19,1,0.00,0.00,0.00,0.00,0.00,0.00,0.01,0.01,0.00,0.01
Pablo Fornals,es ESP,MF FW,Villarreal,22,1996,35,28,2 479,27.mai,2,3,5,2,0,0,4,0,03.juil,03.juil,05.sept,09.juin,55,174,172,0.07,0.11,0.18,0.07,0.18,0.13,0.21,0.35,0.13,0.35
Dimitri Foulquier,fr FRA,MF DF,Getafe,25,1993,25,23,1 799,20.0,3,2,5,3,0,0,7,0,01.janv,01.janv,01.juil,02.août,30,39,55,0.15,0.10,0.25,0.15,0.25,0.05,0.09,0.14,0.05,0.14
Javi Fuego,es ESP,MF,Villarreal,34,1984,5,3,233,02.juin,0,0,0,0,0,0,1,0,0.0,0.0,0.0,0.0,1,9,1,0.00,0.00,0.00,0.00,0.00,0.00,0.00,0.00,0.00,0.00
Ramiro Funes Mori,ar ARG,DF MF,Villarreal,27,1991,31,29,2 627,29.2,2,1,3,2,0,0,15,0,02.avr,02.avr,0.5,02.sept,13,65,7,0.07,0.03,0.10,0.07,0.10,0.08,0.02,0.10,0.08,0.10
Javi Galán,es ESP,DF FW,Huesca,23,1994,16,16,1 44,16.0,0,2,2,0,0,0,7,0,0.1,0.1,02.avr,02.avr,52,31,62,0.00,0.12,0.12,0.00,0.12,0.00,0.15,0.15,0.00,0.15
Álex Gallar,es ESP,MF FW,Huesca,26,1992,25,10,1 009,11.févr,4,1,5,3,1,1,2,0,03.juin,02.août,02.août,05.juin,30,47,87,0.36,0.09,0.45,0.27,0.36,0.32,0.25,0.57,0.25,0.50
Enric Gallego,es ESP,FW,Huesca,31,1986,19,17,1 539,17.janv,5,1,6,5,0,0,4,0,04.juil,04.juil,02.janv,06.sept,15,26,74,0.29,0.06,0.35,0.29,0.35,0.28,0.12,0.40,0.28,0.40
Álex Gálvez,es ESP,DF,Rayo Vallecano,29,1989,17,17,1 412,15.juil,1,0,1,1,0,0,6,0,02.janv,02.janv,0.5,02.juin,5,37,1,0.06,0.00,0.06,0.06,0.06,0.14,0.03,0.17,0.14,0.17
Kévin Gameiro,fr FRA,FW,Valencia,31,1987,33,16,1 612,17.sept,6,1,7,6,0,0,1,0,08.août,08.août,03.juil,12.mai,53,36,141,0.33,0.06,0.39,0.33,0.39,0.49,0.21,0.70,0.49,0.70
Cristian Ganea,ro ROU,DF,Athletic Club,26,1992,1,1,49,0.5,0,0,0,0,0,0,0,0,0.0,0.0,0.0,0.0,1,3,1,0.00,0.00,0.00,0.00,0.00,0.00,0.00,0.00,0.00,0.00
Ezequiel Garay,ar ARG,DF,Valencia,31,1986,24,24,2 136,23.juil,2,0,2,2,0,0,4,0,01.juin,01.juin,0.5,02.janv,16,82,2,0.08,0.00,0.08,0.08,0.08,0.07,0.02,0.09,0.07,0.09
Borja Garcés,es ESP,FW,Atlético Madrid,18,1999,1,0,20,0.2,1,0,1,1,0,0,0,0,0.5,0.5,0.0,0.5,1,0,3,avr.50,0.00,avr.50,avr.50,avr.50,02.mars,0.00,02.mars,02.mars,02.mars
Alberto García,es ESP,GK,Rayo Vallecano,33,1985,17,17,1 53,17.0,0,0,0,0,0,0,1,0,0.0,0.0,0.0,0.0,0,0,0,0.00,0.00,0.00,0.00,0.00,0.00,0.00,0.00,0.00,0.00
Player,Nation,Pos,Squad,Age,Born,MP,Starts,Min,90s,Gls,Ast,G+A,G-PK,PK,PKatt,CrdY,CrdR,xG,npxG,xAG,npxG+xAG,PrgC,PrgP,PrgR,Gls,Ast,G+A,G-PK,G+A-PK,xG,xAG,xG+xAG,npxG,npxG+xAG
Aleix García,es ESP,MF,Girona,21,1997,31,20,1 663,18.mai,2,1,3,2,0,0,1,0,01.mai,01.mai,02.janv,03.juin,28,132,65,0.11,0.05,0.16,0.11,0.16,0.08,0.12,0.20,0.08,0.20
Álvaro García,es ESP,FW MF,Rayo Vallecano,25,1992,35,17,1 766,19.juin,4,2,6,4,0,0,3,0,04.févr,04.févr,02.sept,07.janv,67,37,160,0.20,0.10,0.31,0.20,0.31,0.22,0.15,0.36,0.22,0.36
Borja García,es ESP,MF FW,Girona,27,1990,33,30,2 629,29.2,1,3,4,1,0,0,0,1,2.0,2.0,04.août,06.août,59,148,169,0.03,0.10,0.14,0.03,0.14,0.07,0.16,0.23,0.07,0.23
Dani García,es ESP,MF,Athletic Club,28,1990,29,29,2 476,27.mai,0,1,1,0,0,0,13,0,0.0,0.0,0.1,0.2,11,105,10,0.00,0.04,0.04,0.00,0.04,0.00,0.00,0.01,0.00,0.01
Javi García,es ESP,DF MF,Betis,31,1987,13,6,524,05.août,0,0,0,0,0,0,0,1,0.0,0.0,0.0,0.0,1,28,2,0.00,0.00,0.00,0.00,0.00,0.00,0.00,0.00,0.00,0.00
Manu García,es ESP,MF,Alavés,32,1986,34,25,2 33,25.sept,1,1,2,1,0,0,6,0,02.sept,02.sept,0.7,03.juin,19,97,35,0.04,0.04,0.08,0.04,0.08,0.11,0.03,0.14,0.11,0.14
Raúl García,es ESP,MF FW,Athletic Club,32,1986,33,27,2 369,26.mars,9,3,12,7,2,4,12,0,08.juil,05.avr,3.0,08.avr,27,116,135,0.34,0.11,0.46,0.27,0.38,0.33,0.11,0.44,0.20,0.32
Raúl García,es ESP,DF,Leganés,29,1989,5,4,381,04.févr,0,0,0,0,0,0,1,0,0.0,0.0,0.0,0.0,2,9,1,0.00,0.00,0.00,0.00,0.00,0.01,0.00,0.01,0.01,0.01
Raúl García,es ESP,DF,Girona,29,1989,10,10,850,09.avr,0,1,1,0,0,0,1,0,0.4,0.4,0.3,0.8,27,28,41,0.00,0.11,0.11,0.00,0.11,0.04,0.04,0.08,0.04,0.08
Sergio García,es ESP,FW MF,Espanyol,35,1983,29,17,1 486,16.mai,2,1,3,2,0,0,3,0,03.mars,03.mars,02.mars,05.juin,47,65,152,0.12,0.06,0.18,0.12,0.18,0.20,0.14,0.34,0.20,0.34
Mario Gaspar,es ESP,DF,Villarreal,27,1990,31,30,2 599,28.sept,1,2,3,1,0,0,17,1,01.sept,01.sept,02.juin,04.mai,56,106,128,0.03,0.07,0.10,0.03,0.10,0.07,0.09,0.15,0.07,0.15
Bryan Gil,es ESP,MF FW,Sevilla,17,2001,11,0,167,01.sept,1,1,2,1,0,0,0,0,0.8,0.8,0.4,01.mars,10,7,28,0.54,0.54,01.août,0.54,01.août,0.45,0.24,0.69,0.45,0.69
Joris Gnagnon,fr FRA,DF MF,Sevilla,21,1997,7,4,446,5.0,0,0,0,0,0,0,2,0,0.1,0.1,0.1,0.3,10,25,7,0.00,0.00,0.00,0.00,0.00,0.03,0.02,0.05,0.03,0.05
Diego Godín,uy URU,DF,Atlético Madrid,32,1986,30,28,2 509,27.sept,3,1,4,3,0,0,6,0,02.juin,02.juin,0.3,02.sept,12,60,3,0.11,0.04,0.14,0.11,0.14,0.09,0.01,0.10,0.09,0.10
Ibai Gómez,es ESP,FW,Athletic Club,28,1989,14,6,580,06.avr,0,2,2,0,0,0,0,0,0.4,0.4,01.avr,01.août,7,23,60,0.00,0.31,0.31,0.00,0.31,0.07,0.21,0.28,0.07,0.28
Ibai Gómez,es ESP,MF FW,Alavés,28,1989,18,17,1 449,16.janv,3,2,5,3,0,1,0,0,03.mars,02.mai,02.janv,04.juin,19,41,73,0.19,0.12,0.31,0.19,0.31,0.21,0.13,0.34,0.16,0.29
Maxi Gómez,uy URU,FW,Celta Vigo,21,1996,35,33,2 96,32.9,13,5,18,12,1,1,6,1,12.mai,11.juil,3.0,14.juin,33,64,150,0.40,0.15,0.55,0.36,0.52,0.38,0.09,0.47,0.35,0.45
Moi Gómez,es ESP,MF,Huesca,24,1994,36,35,3 055,33.9,2,7,9,2,0,0,3,0,02.janv,02.janv,04.août,06.sept,52,180,61,0.06,0.21,0.27,0.06,0.27,0.06,0.14,0.20,0.06,0.20
Sergi Gómez,es ESP,DF,Sevilla,26,1992,32,31,2 765,30.juil,0,0,0,0,0,0,1,0,0.8,0.8,0.4,01.févr,12,94,3,0.00,0.00,0.00,0.00,0.00,0.03,0.01,0.04,0.03,0.04
Maxime Gonalons,fr FRA,MF,Sevilla,29,1989,10,5,540,6.0,0,0,0,0,0,0,0,0,0.2,0.2,0.1,0.3,6,39,2,0.00,0.00,0.00,0.00,0.00,0.04,0.02,0.06,0.04,0.06
Álvaro González,es ESP,DF,Villarreal,28,1990,33,33,2 964,32.9,1,2,3,1,0,0,17,2,01.févr,01.févr,01.févr,02.avr,30,144,6,0.03,0.06,0.09,0.03,0.09,0.04,0.04,0.07,0.04,0.07
Bruno González,es ESP,DF,Getafe,28,1990,23,18,1 701,18.sept,0,1,1,0,0,0,7,1,0.7,0.7,0.3,1.0,4,29,1,0.00,0.05,0.05,0.00,0.05,0.04,0.01,0.05,0.04,0.05
Cristo González,es ESP,FW,Real Madrid,20,1997,1,0,45,0.5,0,0,0,0,0,0,0,0,0.0,0.0,0.0,0.1,1,1,0,0.00,0.00,0.00,0.00,0.00,0.06,0.07,0.14,0.06,0.14
Andoni Gorosabel,es ESP,DF,Real Sociedad,21,1996,7,6,455,05.janv,0,0,0,0,0,0,0,0,0.1,0.1,0.5,0.6,6,18,25,0.00,0.00,0.00,0.00,0.00,0.02,0.10,0.12,0.02,0.12
Álex Granell,es ESP,MF DF,Girona,29,1988,32,26,2 391,26.juin,0,4,4,0,0,0,5,0,01.févr,01.févr,6.0,07.févr,46,182,80,0.00,0.15,0.15,0.00,0.15,0.05,0.22,0.27,0.05,0.27
Player,Nation,Pos,Squad,Age,Born,MP,Starts,Min,90s,Gls,Ast,G+A,G-PK,PK,PKatt,CrdY,CrdR,xG,npxG,xAG,npxG+xAG,PrgC,PrgP,PrgR,Gls,Ast,G+A,G-PK,G+A-PK,xG,xAG,xG+xAG,npxG,npxG+xAG
Esteban Granero,es ESP,MF,Espanyol,31,1987,28,24,2 013,22.avr,3,1,4,3,0,0,11,0,01.août,01.août,01.mai,03.mars,39,113,36,0.13,0.04,0.18,0.13,0.18,0.08,0.07,0.15,0.08,0.15
Antoine Griezmann,fr FRA,FW MF,Atlético Madrid,27,1991,37,37,3 198,35.5,15,8,23,12,3,3,5,0,13.sept,11.juin,07.juil,19.mars,87,136,241,0.42,0.23,0.65,0.34,0.56,0.39,0.22,0.61,0.33,0.54
Andrés Guardado,mx MEX,MF DF,Betis,31,1986,31,27,2 335,25.sept,0,4,4,0,0,0,8,0,01.avr,01.avr,03.juin,05.janv,57,151,85,0.00,0.15,0.15,0.00,0.15,0.06,0.14,0.20,0.06,0.20
Sergi Guardiola,es ESP,FW,Valladolid,27,1991,17,17,1 514,16.août,3,1,4,3,0,1,0,0,05.avr,04.juin,02.févr,06.août,36,28,108,0.18,0.06,0.24,0.18,0.24,0.32,0.13,0.45,0.27,0.40
Sergi Guardiola,es ESP,MF FW,Getafe,27,1991,3,0,30,0.3,0,0,0,0,0,0,0,0,0.1,0.1,0.0,0.1,7,0,4,0.00,0.00,0.00,0.00,0.00,0.22,0.00,0.22,0.22,0.22
Gonçalo Guedes,pt POR,MF FW,Valencia,21,1996,25,18,1 465,16.mars,5,3,8,5,0,0,2,0,02.janv,02.janv,02.juil,04.août,91,97,147,0.31,0.18,0.49,0.31,0.49,0.13,0.17,0.29,0.13,0.29
Javi Guerra,es ESP,FW MF,Rayo Vallecano,36,1982,8,1,236,02.juin,0,1,1,0,0,0,0,0,0.8,0.8,0.6,01.avr,2,5,12,0.00,0.38,0.38,0.00,0.38,0.30,0.21,0.52,0.30,0.52
Francis Guerrero,es ESP,DF FW,Betis,22,1996,22,22,1 778,19.août,0,1,1,0,0,0,2,0,0.4,0.4,01.avr,01.août,59,44,153,0.00,0.05,0.05,0.00,0.05,0.02,0.07,0.09,0.02,0.09
Ander Guevara,es ESP,MF,Real Sociedad,21,1997,1,1,90,1.0,0,0,0,0,0,0,0,0,0.1,0.1,0.0,0.1,1,1,0,0.00,0.00,0.00,0.00,0.00,0.07,0.02,0.09,0.07,0.09
John Guidetti,se SWE,FW,Alavés,26,1992,22,6,631,7.0,2,1,3,2,0,0,2,0,01.avr,01.avr,1.0,02.mars,8,12,57,0.29,0.14,0.43,0.29,0.43,0.20,0.14,0.34,0.20,0.34
Gerard Gumbau,es ESP,MF,Leganés,23,1994,16,13,1 199,13.mars,1,1,2,0,1,1,6,1,2.0,01.févr,0.4,01.juin,11,41,23,0.08,0.08,0.15,0.00,0.08,0.15,0.03,0.18,0.09,0.12
Serdar Gürler,tr TUR,MF FW,Huesca,26,1991,13,5,482,05.avr,0,1,1,0,0,0,2,0,0.7,0.7,0.2,1.0,23,14,59,0.00,0.19,0.19,0.00,0.19,0.14,0.04,0.18,0.14,0.18
Gorka Guruzeta,es ESP,MF FW,Athletic Club,21,1996,6,0,50,0.6,0,0,0,0,0,0,0,0,0.1,0.1,0.1,0.1,0,1,3,0.00,0.00,0.00,0.00,0.00,0.15,0.12,0.27,0.15,0.27
Hacen,mr MTN,MF,Valladolid,20,1997,1,0,3,0.0,0,0,0,0,0,0,0,0,0.0,0.0,0.0,0.0,0,0,0,0.00,0.00,0.00,0.00,0.00,0.00,0.00,0.00,0.00,0.00
Munir El Haddadi,ma MAR,FW,Barcelona,22,1995,7,1,152,01.juil,1,1,2,1,0,0,0,0,0.9,0.9,0.6,01.mai,1,1,15,0.59,0.59,janv.18,0.59,janv.18,0.51,0.35,0.87,0.51,0.87
Munir El Haddadi,ma MAR,FW MF,Sevilla,22,1995,16,12,1 042,11.juin,5,1,6,5,0,0,2,0,05.janv,05.janv,0.9,6.0,20,25,103,0.43,0.09,0.52,0.43,0.52,0.44,0.08,0.52,0.44,0.52
Uche Henry Agbo,ng NGA,MF,Rayo Vallecano,22,1995,6,5,372,04.janv,0,0,0,0,0,0,2,0,0.0,0.0,0.0,0.0,4,18,1,0.00,0.00,0.00,0.00,0.00,0.00,0.00,0.01,0.00,0.01
Mario Hermoso,es ESP,DF,Espanyol,23,1995,32,31,2 806,31.2,3,0,3,3,0,0,7,0,02.juin,02.juin,0.4,3.0,21,84,11,0.10,0.00,0.10,0.10,0.10,0.08,0.01,0.10,0.08,0.10
Lucas Hernández,fr FRA,DF,Atlético Madrid,22,1996,14,13,1 117,12.avr,1,0,1,1,0,0,5,0,0.8,0.8,0.8,01.juin,19,36,38,0.08,0.00,0.08,0.08,0.08,0.06,0.07,0.13,0.06,0.13
Theo Hernández,fr FRA,DF,Real Sociedad,20,1997,24,22,1 976,22.0,1,2,3,1,0,0,5,1,01.avr,01.avr,01.août,03.janv,87,72,117,0.05,0.09,0.14,0.05,0.14,0.06,0.08,0.14,0.06,0.14
Yangel Herrera,ve VEN,MF DF,Huesca,20,1998,16,14,1 154,12.août,0,0,0,0,0,0,5,0,0.5,0.5,0.2,0.7,5,46,25,0.00,0.00,0.00,0.00,0.00,0.04,0.01,0.05,0.04,0.05
Iago Herrerín,es ESP,GK,Athletic Club,30,1988,31,31,2 79,31.0,0,1,1,0,0,0,1,0,0.0,0.0,0.5,0.5,0,0,0,0.00,0.03,0.03,0.00,0.03,0.00,0.02,0.02,0.00,0.02
Pablo Hervías,es ESP,MF,Valladolid,25,1993,3,2,160,01.août,0,0,0,0,0,0,1,0,0.1,0.1,0.3,0.5,2,3,12,0.00,0.00,0.00,0.00,0.00,0.06,0.19,0.26,0.06,0.26
Pablo Hervías,es ESP,MF,Eibar,25,1993,3,2,180,2.0,0,1,1,0,0,0,0,0,0.1,0.1,0.3,0.4,6,1,9,0.00,0.50,0.50,0.00,0.50,0.04,0.16,0.20,0.04,0.20
Andrew Hjulsager,dk DEN,MF FW,Celta Vigo,23,1995,15,2,359,4.0,0,3,3,0,0,0,1,0,0.1,0.1,01.juil,01.août,9,13,29,0.00,0.75,0.75,0.00,0.75,0.02,0.43,0.45,0.02,0.45
Player,Nation,Pos,Squad,Age,Born,MP,Starts,Min,90s,Gls,Ast,G+A,G-PK,PK,PKatt,CrdY,CrdR,xG,npxG,xAG,npxG+xAG,PrgC,PrgP,PrgR,Gls,Ast,G+A,G-PK,G+A-PK,xG,xAG,xG+xAG,npxG,npxG+xAG
Wesley Hoedt,nl NED,DF,Celta Vigo,24,1994,10,9,893,09.sept,0,0,0,0,0,0,3,1,0.3,0.3,0.4,0.7,4,32,2,0.00,0.00,0.00,0.00,0.00,0.03,0.04,0.07,0.03,0.07
Robert Ibáñez,es ESP,MF,Getafe,25,1993,7,0,76,0.8,0,0,0,0,0,0,1,0,0.2,0.2,0.0,0.2,3,0,9,0.00,0.00,0.00,0.00,0.00,0.20,0.00,0.20,0.20,0.20
Vicente Iborra,es ESP,MF,Villarreal,30,1988,19,19,1 665,18.mai,3,1,4,3,0,0,7,0,02.mars,02.mars,0.9,03.mars,7,69,48,0.16,0.05,0.22,0.16,0.22,0.13,0.05,0.18,0.13,0.18
Borja Iglesias,es ESP,FW,Espanyol,25,1993,37,35,3 075,34.2,17,3,20,14,3,3,5,0,16.0,13.juin,04.janv,17.juil,52,31,251,0.50,0.09,0.59,0.41,0.50,0.47,0.12,0.59,0.40,0.52
Asier Illarramendi,es ESP,MF,Real Sociedad,28,1990,23,20,1 821,20.févr,1,1,2,1,0,0,8,0,0.5,0.5,01.avr,01.sept,24,144,6,0.05,0.05,0.10,0.05,0.10,0.02,0.07,0.10,0.02,0.10
Giannelli Imbula,cd COD,MF,Rayo Vallecano,25,1992,22,21,1 732,19.févr,1,1,2,1,0,0,7,0,0.9,0.9,0.9,01.août,51,114,19,0.05,0.05,0.10,0.05,0.10,0.04,0.05,0.09,0.04,0.09
Pablo Insua,es ESP,DF,Huesca,24,1993,10,10,776,08.juin,0,0,0,0,0,0,4,0,0.1,0.1,0.1,0.2,3,15,0,0.00,0.00,0.00,0.00,0.00,0.01,0.01,0.03,0.01,0.03
Takashi Inui,jp JPN,MF FW,Alavés,30,1988,12,10,828,09.févr,2,0,2,2,0,0,0,0,02.févr,02.févr,0.6,02.août,21,20,53,0.22,0.00,0.22,0.22,0.22,0.24,0.07,0.31,0.24,0.31
Takashi Inui,jp JPN,MF,Betis,30,1988,8,5,377,04.févr,0,0,0,0,0,0,0,0,1.0,1.0,0.1,01.janv,11,10,26,0.00,0.00,0.00,0.00,0.00,0.23,0.03,0.26,0.23,0.26
Gorka Iraizoz,es ESP,GK,Girona,37,1981,7,6,559,06.févr,0,0,0,0,0,0,0,0,0.0,0.0,0.0,0.0,0,0,0,0.00,0.00,0.00,0.00,0.00,0.00,0.00,0.00,0.00,0.00
Carlos Isaac,es ESP,DF,Atlético Madrid,20,1998,1,1,90,1.0,0,0,0,0,0,0,0,0,0.1,0.1,0.0,0.1,2,1,6,0.00,0.00,0.00,0.00,0.00,0.07,0.04,0.11,0.07,0.11
Isco,es ESP,MF FW,Real Madrid,26,1992,27,11,1 192,13.févr,3,2,5,3,0,0,3,0,05.janv,05.janv,02.août,07.sept,46,119,91,0.23,0.15,0.38,0.23,0.38,0.38,0.21,0.59,0.38,0.59
Manuel Iturra,cl CHI,MF,Villarreal,34,1984,3,1,74,0.8,0,0,0,0,0,0,1,0,0.0,0.0,0.0,0.0,0,8,1,0.00,0.00,0.00,0.00,0.00,0.00,0.00,0.00,0.00,0.00
Ander Iturraspe,es ESP,MF,Athletic Club,29,1989,3,1,98,01.janv,0,0,0,0,0,0,1,0,0.0,0.0,0.0,0.0,0,5,2,0.00,0.00,0.00,0.00,0.00,0.00,0.00,0.00,0.00,0.00
Ivi,es ESP,MF FW,Valladolid,24,1994,3,0,20,0.2,0,0,0,0,0,0,0,0,0.1,0.1,0.0,0.1,2,0,2,0.00,0.00,0.00,0.00,0.00,0.26,0.00,0.26,0.26,0.26
Adnan Januzaj,be BEL,FW MF,Real Sociedad,23,1995,20,13,1 254,13.sept,1,3,4,1,0,0,1,0,02.avr,02.avr,3.0,05.avr,72,54,173,0.07,0.22,0.29,0.07,0.29,0.17,0.21,0.39,0.17,0.39
Jason,es ESP,DF FW,Levante,24,1994,30,26,2 33,25.sept,2,5,7,2,0,0,10,0,03.févr,03.févr,04.août,8.0,71,75,124,0.08,0.19,0.27,0.08,0.27,0.12,0.19,0.31,0.12,0.31
Mathias Jensen,dk DEN,MF FW,Celta Vigo,22,1996,6,3,235,02.juin,0,0,0,0,0,0,0,0,0.1,0.1,0.1,0.2,1,7,10,0.00,0.00,0.00,0.00,0.00,0.06,0.03,0.08,0.06,0.08
Jesé,es ESP,FW MF,Betis,25,1993,14,9,779,08.juil,2,0,2,2,0,0,2,0,03.mars,03.mars,0.7,4.0,22,15,55,0.23,0.00,0.23,0.23,0.23,0.38,0.08,0.46,0.38,0.46
Joaquín,es ESP,FW MF,Betis,37,1981,30,17,1 696,18.août,6,0,6,6,0,0,5,0,03.févr,03.févr,03.mai,06.août,85,85,170,0.32,0.00,0.32,0.32,0.32,0.17,0.19,0.36,0.17,0.36
Jony,es ESP,MF FW,Alavés,27,1991,36,34,2 971,33.0,5,11,16,5,0,0,3,0,04.juin,04.juin,09.juin,14.févr,119,76,220,0.15,0.33,0.48,0.15,0.48,0.14,0.29,0.43,0.14,0.43
Joan Jordán,es ESP,MF,Eibar,24,1994,36,32,2 875,31.9,4,4,8,4,0,0,10,0,02.juin,02.juin,5.0,07.juin,44,184,92,0.13,0.13,0.25,0.13,0.25,0.08,0.16,0.24,0.08,0.24
Willian José,br BRA,FW,Real Sociedad,26,1991,31,28,2 367,26.mars,11,5,16,6,5,7,5,1,11.juil,06.mai,03.juil,10.févr,18,60,190,0.42,0.19,0.61,0.23,0.42,0.44,0.14,0.58,0.25,0.39
Aleksandar Jovanović,rs SRB,GK,Huesca,25,1992,12,12,1 08,12.0,0,0,0,0,0,0,1,0,0.0,0.0,0.0,0.0,0,0,0,0.00,0.00,0.00,0.00,0.00,0.00,0.00,0.00,0.00,0.00
Jozabed,es ESP,MF,Celta Vigo,27,1991,20,14,1 155,12.août,0,0,0,0,0,0,1,0,0.4,0.4,0.8,01.févr,7,71,17,0.00,0.00,0.00,0.00,0.00,0.04,0.06,0.10,0.04,0.10
Player,Nation,Pos,Squad,Age,Born,MP,Starts,Min,90s,Gls,Ast,G+A,G-PK,PK,PKatt,CrdY,CrdR,xG,npxG,xAG,npxG+xAG,PrgC,PrgP,PrgR,Gls,Ast,G+A,G-PK,G+A-PK,xG,xAG,xG+xAG,npxG,npxG+xAG
Miguel Juan Llambrich,es ESP,DF FW,Villarreal,22,1996,8,5,544,6.0,0,0,0,0,0,0,1,0,0.1,0.1,0.2,0.3,15,15,28,0.00,0.00,0.00,0.00,0.00,0.01,0.03,0.05,0.01,0.05
Juanfran,es ESP,DF FW,Leganés,29,1988,23,17,1 459,16.févr,1,1,2,1,0,0,0,0,0.4,0.4,01.sept,02.avr,39,56,103,0.06,0.06,0.12,0.06,0.12,0.03,0.12,0.15,0.03,0.15
Juanfran,es ESP,DF,Atlético Madrid,33,1985,22,18,1 609,17.sept,0,2,2,0,0,0,7,0,0.0,0.0,03.mai,03.mai,53,57,86,0.00,0.11,0.11,0.00,0.11,0.00,0.19,0.19,0.00,0.19
Juanmi,es ESP,FW MF,Real Sociedad,25,1993,30,16,1 523,16.sept,5,2,7,5,0,0,5,1,06.juin,06.juin,01.mai,08.janv,27,21,86,0.30,0.12,0.41,0.30,0.41,0.39,0.09,0.48,0.39,0.48
Juanpe,es ESP,DF,Girona,27,1991,33,31,2 767,30.juil,0,0,0,0,0,0,8,0,01.juil,01.juil,0.2,01.sept,18,91,3,0.00,0.00,0.00,0.00,0.00,0.05,0.01,0.06,0.05,0.06
Juanpi,ve VEN,MF FW,Huesca,24,1994,14,8,670,07.avr,2,2,4,1,1,1,2,0,2.0,01.févr,0.5,01.juil,21,20,23,0.27,0.27,0.54,0.13,0.40,0.27,0.06,0.33,0.16,0.22
David Juncà,es ESP,DF,Celta Vigo,24,1993,21,21,1 754,19.mai,0,3,3,0,0,0,6,0,0.5,0.5,0.9,01.avr,47,64,79,0.00,0.15,0.15,0.00,0.15,0.02,0.05,0.07,0.02,0.07
Vinicius Júnior,br BRA,FW MF,Real Madrid,18,2000,18,9,869,09.juil,2,0,2,2,0,0,0,0,03.juin,03.juin,01.mai,05.janv,76,17,141,0.21,0.00,0.21,0.21,0.21,0.37,0.16,0.53,0.37,0.53
Gaël Kakuta,cd COD,MF FW,Rayo Vallecano,27,1991,12,9,717,8.0,1,0,1,0,1,1,1,0,01.janv,0.3,0.2,0.6,27,28,64,0.13,0.00,0.13,0.00,0.00,0.14,0.03,0.17,0.04,0.07
Nikola Kalinić,hr CRO,FW,Atlético Madrid,30,1988,17,7,642,07.janv,2,0,2,2,0,0,3,0,01.août,01.août,0.2,2.0,5,4,43,0.28,0.00,0.28,0.28,0.28,0.25,0.02,0.27,0.25,0.27
Lee Kang-in,kr KOR,MF FW,Valencia,17,2001,3,0,24,0.3,0,0,0,0,0,0,1,0,0.0,0.0,0.0,0.1,2,2,2,0.00,0.00,0.00,0.00,0.00,0.09,0.17,0.26,0.09,0.26
Wilfrid Kaptoum,cm CMR,MF,Betis,22,1996,10,9,773,08.juin,0,0,0,0,0,0,2,0,0.1,0.1,0.1,0.2,16,22,17,0.00,0.00,0.00,0.00,0.00,0.02,0.01,0.02,0.02,0.02
Keko,es ESP,MF FW,Valladolid,26,1991,26,20,1 533,17.0,2,1,3,2,0,0,2,0,03.avr,03.avr,01.juin,05.janv,64,33,125,0.12,0.06,0.18,0.12,0.18,0.20,0.09,0.30,0.20,0.30
Kiké,es ESP,FW,Eibar,28,1989,30,15,1 298,14.avr,3,0,3,3,0,0,0,0,05.juin,05.juin,01.août,07.avr,13,27,128,0.21,0.00,0.21,0.21,0.21,0.39,0.13,0.51,0.39,0.51
Simon Kjær,dk DEN,DF,Sevilla,29,1989,26,25,2 008,22.mars,0,0,0,0,0,0,5,0,0.9,0.9,0.5,01.avr,2,51,2,0.00,0.00,0.00,0.00,0.00,0.04,0.02,0.06,0.04,0.06
Kenan Kodro,ba BIH,FW MF,Athletic Club,24,1993,11,0,161,01.août,1,0,1,1,0,0,0,0,0.2,0.2,0.1,0.3,1,0,16,0.56,0.00,0.56,0.56,0.56,0.11,0.05,0.16,0.11,0.16
Koke,es ESP,MF,Atlético Madrid,26,1992,30,29,2 586,28.juil,3,5,8,3,0,0,10,1,01.mai,01.mai,04.août,06.févr,24,174,72,0.10,0.17,0.28,0.10,0.28,0.05,0.17,0.22,0.05,0.22
Geoffrey Kondogbia,cf CTA,MF,Valencia,25,1993,19,14,1 245,13.août,1,1,2,1,0,0,1,0,02.févr,02.févr,0.9,03.janv,14,87,10,0.07,0.07,0.14,0.07,0.14,0.16,0.07,0.22,0.16,0.22
Vasyl Kravets,ua UKR,DF FW,Leganés,20,1997,6,6,481,05.mars,0,0,0,0,0,0,2,0,0.1,0.1,0.9,01.janv,8,17,41,0.00,0.00,0.00,0.00,0.00,0.02,0.18,0.20,0.02,0.20
Toni Kroos,de GER,MF,Real Madrid,28,1990,28,26,2 221,24.juil,0,4,4,0,0,0,2,0,01.avr,01.avr,05.mars,06.juil,56,269,39,0.00,0.16,0.16,0.00,0.16,0.06,0.21,0.27,0.06,0.27
Víctor Laguardia,es ESP,DF,Alavés,28,1989,36,36,3 24,36.0,1,2,3,1,0,0,13,0,01.juil,01.juil,1.0,02.juil,11,92,11,0.03,0.06,0.08,0.03,0.08,0.05,0.03,0.08,0.05,0.08
Diego Lainez,mx MEX,FW MF,Betis,18,2000,12,3,353,03.sept,0,1,1,0,0,0,2,0,0.3,0.3,0.4,0.7,17,8,43,0.00,0.25,0.25,0.00,0.25,0.09,0.09,0.18,0.09,0.18
Toni Lato,es ESP,DF,Valencia,20,1997,4,3,270,3.0,0,0,0,0,0,0,1,0,0.1,0.1,0.0,0.2,2,14,10,0.00,0.00,0.00,0.00,0.00,0.04,0.02,0.06,0.04,0.06
Miguel Layún,mx MEX,MF DF,Villarreal,30,1988,8,5,506,05.juin,0,1,1,0,0,0,1,0,0.5,0.4,0.9,01.mars,10,18,45,0.00,0.18,0.18,0.00,0.18,0.08,0.16,0.25,0.07,0.23
Robin Le Normand,es ESP,DF,Real Sociedad,21,1996,4,3,284,03.févr,0,1,1,0,0,0,1,0,0.2,0.2,0.9,01.janv,0,12,0,0.00,0.32,0.32,0.00,0.32,0.06,0.28,0.34,0.06,0.34
Player,Nation,Pos,Squad,Age,Born,MP,Starts,Min,90s,Gls,Ast,G+A,G-PK,PK,PKatt,CrdY,CrdR,xG,npxG,xAG,npxG+xAG,PrgC,PrgP,PrgR,Gls,Ast,G+A,G-PK,G+A-PK,xG,xAG,xG+xAG,npxG,npxG+xAG
Wu Lei,cn CHN,FW MF,Espanyol,26,1991,16,12,1 061,11.août,3,1,4,3,0,0,1,0,05.janv,05.janv,01.mai,06.mai,29,23,81,0.25,0.08,0.34,0.25,0.34,0.43,0.12,0.56,0.43,0.56
Iñigo Lekue,es ESP,DF,Athletic Club,25,1993,4,2,211,02.mars,0,0,0,0,0,0,1,0,0.0,0.0,0.1,0.1,7,5,9,0.00,0.00,0.00,0.00,0.00,0.00,0.05,0.05,0.00,0.05
Thomas Lemar,fr FRA,MF,Atlético Madrid,22,1995,31,22,1 817,20.févr,3,3,6,3,0,0,4,0,3.0,3.0,03.mars,06.mars,64,84,125,0.15,0.15,0.30,0.15,0.30,0.15,0.17,0.31,0.15,0.31
Clément Lenglet,fr FRA,DF,Barcelona,23,1995,23,22,1 933,21.mai,1,0,1,1,0,0,8,1,0.9,0.9,0.0,0.9,6,49,2,0.05,0.00,0.05,0.05,0.05,0.04,0.00,0.04,0.04,0.04
Pedro León,es ESP,MF FW,Eibar,31,1986,9,5,425,04.juil,1,0,1,1,0,0,0,0,1.0,1.0,0.3,01.févr,12,11,45,0.21,0.00,0.21,0.21,0.21,0.21,0.05,0.26,0.21,0.26
Sergio León,es ESP,FW MF,Betis,29,1989,16,6,638,07.janv,0,1,1,0,0,0,1,0,0.6,0.6,0.6,01.févr,6,3,39,0.00,0.14,0.14,0.00,0.14,0.08,0.09,0.17,0.08,0.17
Diego Llorente,es ESP,DF,Real Sociedad,24,1993,21,20,1 752,19.mai,0,0,0,0,0,0,5,0,0.5,0.5,0.1,0.6,21,58,7,0.00,0.00,0.00,0.00,0.00,0.03,0.00,0.03,0.03,0.03
Marcos Llorente,es ESP,MF,Real Madrid,23,1995,7,6,540,6.0,0,0,0,0,0,0,1,0,0.1,0.1,0.2,0.3,10,18,6,0.00,0.00,0.00,0.00,0.00,0.01,0.03,0.04,0.01,0.04
Giovani Lo Celso,ar ARG,MF FW,Betis,22,1996,32,27,2 397,26.juin,9,4,13,7,2,4,5,0,08.févr,5.0,4.0,9.0,127,175,125,0.34,0.15,0.49,0.26,0.41,0.31,0.15,0.46,0.19,0.34
Stanislav Lobotka,sk SVK,MF,Celta Vigo,23,1994,31,27,2 489,27.juil,0,1,1,0,0,0,1,0,0.9,0.9,0.9,01.août,46,118,34,0.00,0.04,0.04,0.00,0.04,0.03,0.03,0.06,0.03,0.06
Samuele Longo,it ITA,FW,Huesca,26,1992,15,6,556,06.févr,1,2,3,1,0,0,4,0,01.août,01.août,01.juil,03.mai,4,7,25,0.16,0.32,0.49,0.16,0.49,0.29,0.27,0.56,0.29,0.56
Álex López,es ESP,MF,Espanyol,21,1997,4,1,112,01.févr,0,0,0,0,0,0,1,0,0.0,0.0,0.0,0.0,2,9,3,0.00,0.00,0.00,0.00,0.00,0.02,0.00,0.02,0.02,0.02
David López,es ESP,DF,Espanyol,28,1989,21,21,1 819,20.févr,0,0,0,0,0,0,4,0,1.0,1.0,0.3,01.mars,23,81,9,0.00,0.00,0.00,0.00,0.00,0.05,0.02,0.06,0.05,0.06
Diego López,es ESP,GK,Espanyol,36,1981,38,38,3 42,38.0,0,0,0,0,0,0,2,0,0.0,0.0,0.0,0.0,0,1,0,0.00,0.00,0.00,0.00,0.00,0.00,0.00,0.00,0.00,0.00
Javi López,es ESP,DF,Espanyol,32,1986,23,21,1 948,21.juin,0,1,1,0,0,0,5,1,0.7,0.7,0.9,01.juil,43,86,79,0.00,0.05,0.05,0.00,0.05,0.03,0.04,0.08,0.03,0.08
Lluis López,es ESP,DF,Espanyol,21,1997,6,5,521,05.août,0,0,0,0,0,0,0,0,0.2,0.2,0.0,0.2,3,18,0,0.00,0.00,0.00,0.00,0.00,0.04,0.00,0.04,0.04,0.04
Pedro López Muñoz,es ESP,DF,Levante,34,1983,8,4,465,05.févr,0,1,1,0,0,0,1,0,0.1,0.1,0.5,0.6,15,22,19,0.00,0.19,0.19,0.00,0.19,0.02,0.10,0.11,0.02,0.11
Pau López,es ESP,GK,Betis,23,1994,33,33,2 97,33.0,0,0,0,0,0,0,3,0,0.0,0.0,0.0,0.0,0,1,0,0.00,0.00,0.00,0.00,0.00,0.00,0.00,0.00,0.00,0.00
Roberto López,es ESP,MF,Real Sociedad,18,2000,1,0,29,0.3,0,0,0,0,0,0,0,0,0.0,0.0,0.0,0.0,0,0,0,0.00,0.00,0.00,0.00,0.00,0.00,0.00,0.00,0.00,0.00
Unai López,es ESP,MF,Athletic Club,22,1995,7,3,328,03.juin,0,0,0,0,0,0,1,0,0.2,0.2,0.4,0.6,13,31,14,0.00,0.00,0.00,0.00,0.00,0.06,0.11,0.17,0.06,0.17
Anthony Lozano,hn HON,FW MF,Girona,25,1993,20,7,730,08.janv,0,0,0,0,0,0,4,1,02.mars,02.mars,0.4,02.juil,21,11,50,0.00,0.00,0.00,0.00,0.00,0.29,0.05,0.33,0.29,0.33
Filipe Luís,br BRA,DF,Atlético Madrid,32,1985,27,24,2 03,22.juin,2,2,4,2,0,0,4,0,0.8,0.8,01.janv,01.sept,71,110,67,0.09,0.09,0.18,0.09,0.18,0.04,0.05,0.09,0.04,0.09
José Luis Gayà,es ESP,DF,Valencia,23,1995,35,35,3 137,34.9,1,1,2,1,0,0,10,0,1.0,1.0,02.mars,03.mars,96,158,159,0.03,0.03,0.06,0.03,0.06,0.03,0.07,0.09,0.03,0.09
José Luis Morales,es ESP,FW MF,Levante,31,1987,37,35,3 195,35.5,12,5,17,9,3,5,7,0,13.juin,09.juil,6.0,15.juil,120,87,265,0.34,0.14,0.48,0.25,0.39,0.38,0.17,0.55,0.27,0.44
Luisinho,pt POR,DF,Huesca,33,1985,7,6,507,05.juin,0,0,0,0,0,0,4,0,0.1,0.1,0.7,0.7,15,16,8,0.00,0.00,0.00,0.00,0.00,0.01,0.12,0.13,0.01,0.13
Player,Nation,Pos,Squad,Age,Born,MP,Starts,Min,90s,Gls,Ast,G+A,G-PK,PK,PKatt,CrdY,CrdR,xG,npxG,xAG,npxG+xAG,PrgC,PrgP,PrgR,Gls,Ast,G+A,G-PK,G+A-PK,xG,xAG,xG+xAG,npxG,npxG+xAG
Douglas Luiz,br BRA,MF,Girona,20,1998,23,16,1 49,16.juin,0,0,0,0,0,0,7,0,01.juin,01.juin,0.5,02.janv,29,90,16,0.00,0.00,0.00,0.00,0.00,0.10,0.03,0.13,0.10,0.13
Antonio Luna,es ESP,DF FW,Levante,27,1991,16,14,1 258,14.0,0,2,2,0,0,0,4,0,0.2,0.2,01.août,01.sept,29,48,70,0.00,0.14,0.14,0.00,0.14,0.01,0.13,0.14,0.01,0.14
Andriy Lunin,ua UKR,GK,Leganés,19,1999,5,4,365,04.janv,0,0,0,0,0,0,0,0,0.0,0.0,0.0,0.0,0,0,0,0.00,0.00,0.00,0.00,0.00,0.00,0.00,0.00,0.00,0.00
Nemanja Maksimović,rs SRB,MF,Getafe,23,1995,36,36,3 209,35.7,1,0,1,1,0,0,4,0,02.juin,02.juin,0.5,03.janv,22,83,28,0.03,0.00,0.03,0.03,0.03,0.07,0.01,0.09,0.07,0.09
Malcom,br BRA,FW MF,Barcelona,21,1997,15,6,614,06.août,1,2,3,1,0,0,0,0,01.avr,01.avr,01.juil,03.janv,26,18,98,0.15,0.29,0.44,0.15,0.44,0.20,0.25,0.45,0.20,0.45
Hugo Mallo,es ESP,DF,Celta Vigo,27,1991,35,35,3 092,34.4,1,4,5,1,0,0,11,0,01.août,01.août,04.juil,06.mai,79,136,201,0.03,0.12,0.15,0.03,0.15,0.05,0.14,0.19,0.05,0.19
Aïssa Mandi,dz ALG,DF,Betis,26,1991,35,34,3 059,34.0,1,1,2,1,0,0,10,0,0.6,0.6,01.mai,02.févr,23,172,17,0.03,0.03,0.06,0.03,0.06,0.02,0.04,0.06,0.02,0.06
Martín Mantovani,ar ARG,DF,Huesca,34,1984,9,6,701,07.août,2,0,2,2,0,0,2,0,0.5,0.5,0.0,0.5,0,10,0,0.26,0.00,0.26,0.26,0.26,0.06,0.00,0.06,0.06,0.06
Fran Manzanara,es ESP,DF MF,Levante,21,1996,4,1,157,01.juil,0,0,0,0,0,0,0,0,0.6,0.6,0.0,0.6,0,3,0,0.00,0.00,0.00,0.00,0.00,0.36,0.00,0.36,0.36,0.36
Marcelo,br BRA,DF,Real Madrid,30,1988,23,21,1 853,20.juin,2,2,4,2,0,0,6,0,01.sept,01.sept,03.janv,5.0,60,183,151,0.10,0.10,0.19,0.10,0.19,0.10,0.15,0.24,0.10,0.24
Óscar de Marcos,es ESP,DF FW,Athletic Club,29,1989,30,28,2 421,26.sept,1,2,3,1,0,0,7,2,01.mars,01.mars,03.mars,04.juin,58,107,200,0.04,0.07,0.11,0.04,0.11,0.05,0.12,0.17,0.05,0.17
Miguel Marí,es ESP,MF,Eibar,21,1997,2,0,69,0.8,0,0,0,0,0,0,0,0,0.0,0.0,0.0,0.0,0,3,1,0.00,0.00,0.00,0.00,0.00,0.03,0.00,0.03,0.03,0.03
José María Giménez,uy URU,DF,Atlético Madrid,23,1995,21,19,1 772,19.juil,0,0,0,0,0,0,5,0,01.févr,01.févr,0.5,01.juil,4,29,1,0.00,0.00,0.00,0.00,0.00,0.06,0.03,0.09,0.06,0.09
Mariano,do DOM,FW,Real Madrid,24,1993,13,3,447,5.0,3,0,3,3,0,0,2,0,02.juin,02.juin,1.0,03.juin,4,9,36,0.60,0.00,0.60,0.60,0.60,0.53,0.20,0.73,0.53,0.73
Adrián Marín,es ESP,DF MF,Alavés,21,1997,6,2,290,03.févr,0,0,0,0,0,0,2,0,0.3,0.3,0.0,0.3,4,8,7,0.00,0.00,0.00,0.00,0.00,0.08,0.00,0.08,0.08,0.08
Guillermo Maripán,cl CHI,DF,Alavés,24,1994,23,22,2 008,22.mars,2,2,4,2,0,0,5,0,02.mai,02.mai,1.0,03.mai,10,48,1,0.09,0.09,0.18,0.09,0.18,0.11,0.04,0.16,0.11,0.16
Roger Martí,es ESP,FW,Levante,27,1991,31,23,1 887,21.0,13,0,13,11,2,2,5,0,12.août,11.mars,1.0,12.févr,27,30,104,0.62,0.00,0.62,0.52,0.52,0.61,0.05,0.66,0.54,0.58
Iñigo Martínez,es ESP,DF,Athletic Club,27,1991,33,33,2 902,32.2,0,0,0,0,0,0,12,0,02.janv,02.janv,0.6,02.juil,37,116,18,0.00,0.00,0.00,0.00,0.00,0.07,0.02,0.09,0.07,0.09
Gelson Martins,pt POR,FW MF,Atlético Madrid,23,1995,8,1,229,02.mai,0,0,0,0,0,0,0,0,0.3,0.3,0.1,0.3,14,4,28,0.00,0.00,0.00,0.00,0.00,0.11,0.02,0.13,0.11,0.13
Jordi Masip,es ESP,GK,Valladolid,29,1989,35,35,3 15,35.0,0,0,0,0,0,0,1,0,0.0,0.0,0.0,0.0,0,0,0,0.00,0.00,0.00,0.00,0.00,0.00,0.00,0.00,0.00,0.00
Jaime Mata,es ESP,FW MF,Getafe,29,1988,34,27,2 432,27.0,14,6,20,10,4,4,10,0,12.avr,09.mars,02.mai,11.août,36,47,214,0.52,0.22,0.74,0.37,0.59,0.46,0.09,0.55,0.34,0.44
Borja Mayoral,es ESP,FW,Levante,21,1997,29,16,1 621,18.0,3,2,5,3,0,0,1,0,04.juil,04.juil,03.janv,07.août,31,38,95,0.17,0.11,0.28,0.17,0.28,0.26,0.17,0.43,0.26,0.43
Róbert Mazáň,sk SVK,DF,Celta Vigo,24,1994,1,1,90,1.0,0,0,0,0,0,0,0,0,0.0,0.0,0.1,0.1,0,2,3,0.00,0.00,0.00,0.00,0.00,0.02,0.09,0.12,0.02,0.12
Álvaro Medrán,es ESP,MF,Rayo Vallecano,24,1994,21,12,1 149,12.août,3,0,3,3,0,0,8,1,02.mars,02.mars,01.juin,03.sept,18,81,18,0.23,0.00,0.23,0.23,0.23,0.18,0.13,0.31,0.18,0.31
Óscar Melendo,es ESP,MF FW,Espanyol,20,1997,32,22,1 997,22.févr,0,5,5,0,0,0,3,0,0.4,0.4,4.0,04.avr,46,126,104,0.00,0.23,0.23,0.00,0.23,0.02,0.18,0.20,0.02,0.20
Player,Nation,Pos,Squad,Age,Born,MP,Starts,Min,90s,Gls,Ast,G+A,G-PK,PK,PKatt,CrdY,CrdR,xG,npxG,xAG,npxG+xAG,PrgC,PrgP,PrgR,Gls,Ast,G+A,G-PK,G+A-PK,xG,xAG,xG+xAG,npxG,npxG+xAG
Gonzalo Melero,es ESP,MF,Huesca,24,1994,22,14,1 345,14.sept,2,1,3,1,1,2,3,0,05.janv,03.mai,01.sept,05.avr,24,95,29,0.13,0.07,0.20,0.07,0.13,0.34,0.13,0.47,0.23,0.36
Arthur Melo,br BRA,MF,Barcelona,21,1996,27,19,1 43,15.sept,0,1,1,0,0,0,2,0,0.3,0.3,01.janv,01.avr,16,120,21,0.00,0.06,0.06,0.00,0.06,0.02,0.07,0.09,0.02,0.09
Brais Méndez,es ESP,MF FW,Celta Vigo,21,1997,31,27,2 349,26.janv,6,7,13,5,1,1,5,0,05.mai,04.juil,04.janv,08.juil,60,112,158,0.23,0.27,0.50,0.19,0.46,0.21,0.16,0.36,0.18,0.33
Gabriel Mercado,ar ARG,DF,Sevilla,31,1987,23,19,1 738,19.mars,2,1,3,2,0,0,10,0,01.août,01.août,0.4,02.févr,5,52,5,0.10,0.05,0.16,0.10,0.16,0.09,0.02,0.11,0.09,0.11
Mikel Merino,es ESP,MF,Real Sociedad,22,1996,29,24,2 055,22.août,3,3,6,3,0,0,10,1,02.sept,02.sept,02.avr,05.mars,31,142,62,0.13,0.13,0.26,0.13,0.26,0.13,0.11,0.23,0.13,0.23
Sabin Merino,es ESP,FW MF,Leganés,26,1992,12,2,295,03.mars,0,0,0,0,0,0,0,0,01.mai,01.mai,0.1,01.mai,3,6,32,0.00,0.00,0.00,0.00,0.00,0.45,0.02,0.47,0.45,0.47
Martín Merquelanz,es ESP,MF,Real Sociedad,23,1995,1,0,6,0.1,0,0,0,0,0,0,0,0,0.0,0.0,0.0,0.0,0,0,0,0.00,0.00,0.00,0.00,0.00,0.00,0.00,0.00,0.00,0.00
Roque Mesa,es ESP,MF,Sevilla,29,1989,31,20,1 746,19.avr,2,2,4,2,0,0,11,1,01.févr,01.févr,01.juil,02.sept,45,98,56,0.10,0.10,0.21,0.10,0.21,0.06,0.09,0.15,0.06,0.15
Lionel Messi,ar ARG,FW,Barcelona,31,1987,34,29,2 713,30.janv,36,13,49,32,4,5,3,0,23.août,19.sept,14.avr,34.2,153,328,206,janv.19,0.43,janv.63,01.juin,janv.49,0.79,0.48,janv.27,0.66,janv.14
Míchel,es ESP,MF,Valladolid,30,1988,35,27,2 553,28.avr,1,2,3,1,0,1,9,0,01.mai,0.7,04.févr,04.sept,34,214,39,0.04,0.07,0.11,0.04,0.11,0.05,0.15,0.20,0.02,0.17
Miguel,es ESP,FW,Valladolid,18,1999,2,0,12,0.1,0,0,0,0,0,0,0,0,0.1,0.1,0.0,0.1,0,0,2,0.00,0.00,0.00,0.00,0.00,0.91,0.00,0.91,0.91,0.91
Pere Milla,es ESP,MF FW,Eibar,25,1992,5,5,341,03.août,0,0,0,0,0,0,0,0,0.2,0.2,0.2,0.4,4,7,29,0.00,0.00,0.00,0.00,0.00,0.05,0.05,0.10,0.05,0.10
Santi Mina,es ESP,FW,Valencia,22,1995,30,23,1 852,20.juin,7,5,12,7,0,0,4,0,08.janv,07.sept,03.sept,11.août,23,34,133,0.34,0.24,0.58,0.34,0.58,0.39,0.19,0.58,0.38,0.58
Ignasi Miquel,es ESP,DF,Getafe,25,1992,7,4,316,03.mai,0,0,0,0,0,0,1,0,0.0,0.0,0.0,0.0,1,6,0,0.00,0.00,0.00,0.00,0.00,0.00,0.00,0.00,0.00,0.00
Jorge Miramón,es ESP,DF,Huesca,29,1989,30,30,2 492,27.juil,1,0,1,1,0,0,5,0,0.8,0.8,01.sept,02.juil,66,118,86,0.04,0.00,0.04,0.04,0.04,0.03,0.07,0.10,0.03,0.10
Luka Modrić,hr CRO,MF,Real Madrid,32,1985,34,31,2 608,29.0,3,6,9,3,0,0,6,0,02.juil,02.juil,03.août,06.avr,68,295,108,0.10,0.21,0.31,0.10,0.31,0.09,0.13,0.22,0.09,0.22
Johan Mojica,co COL,FW MF,Girona,25,1992,1,0,20,0.2,0,0,0,0,0,0,0,0,0.0,0.0,0.0,0.0,1,1,2,0.00,0.00,0.00,0.00,0.00,0.00,0.00,0.00,0.00,0.00
Jorge Molina,es ESP,FW,Getafe,36,1982,38,28,2 648,29.avr,14,5,19,12,2,2,2,0,11.mai,09.sept,06.juin,16.mai,35,84,193,0.48,0.17,0.65,0.41,0.58,0.39,0.23,0.61,0.34,0.56
Victor Mollejo,es ESP,FW DF,Atlético Madrid,17,2001,4,0,65,0.7,0,0,0,0,0,0,0,0,0.1,0.1,0.0,0.1,1,0,5,0.00,0.00,0.00,0.00,0.00,0.11,0.03,0.14,0.11,0.14
Javi Montero,es ESP,DF,Atlético Madrid,19,1999,9,4,404,04.mai,0,0,0,0,0,0,2,0,0.0,0.0,0.0,0.0,0,6,0,0.00,0.00,0.00,0.00,0.00,0.00,0.00,0.00,0.00,0.00
Emre Mor,tr TUR,FW MF,Celta Vigo,21,1997,10,4,369,04.janv,0,0,0,0,0,0,1,0,0.7,0.7,0.1,0.8,11,13,10,0.00,0.00,0.00,0.00,0.00,0.16,0.03,0.19,0.16,0.19
Álvaro Morata,es ESP,FW,Atlético Madrid,25,1992,15,13,1 083,12.0,6,1,7,6,0,0,5,0,06.mars,06.mars,0.7,7.0,31,12,79,0.50,0.08,0.58,0.50,0.58,0.52,0.05,0.58,0.52,0.58
Álex Moreno,es ESP,DF,Rayo Vallecano,25,1993,36,36,3 136,34.8,1,1,2,1,0,0,5,0,01.janv,01.janv,02.juin,03.juil,176,117,236,0.03,0.03,0.06,0.03,0.06,0.03,0.08,0.11,0.03,0.11
Gerard Moreno,es ESP,FW,Villarreal,26,1992,35,25,2 315,25.juil,8,1,9,8,0,1,3,0,12.0,11.févr,03.sept,15.janv,44,88,201,0.31,0.04,0.35,0.31,0.35,0.47,0.15,0.62,0.44,0.59
Héctor Moreno,mx MEX,DF,Real Sociedad,30,1988,25,21,1 933,21.mai,1,0,1,1,0,0,2,0,0.6,0.6,0.5,01.janv,27,94,6,0.05,0.00,0.05,0.05,0.05,0.03,0.03,0.05,0.03,0.05
Player,Nation,Pos,Squad,Age,Born,MP,Starts,Min,90s,Gls,Ast,G+A,G-PK,PK,PKatt,CrdY,CrdR,xG,npxG,xAG,npxG+xAG,PrgC,PrgP,PrgR,Gls,Ast,G+A,G-PK,G+A-PK,xG,xAG,xG+xAG,npxG,npxG+xAG
Sergio Moreno,es ESP,FW,Rayo Vallecano,19,1999,1,0,14,0.2,0,0,0,0,0,0,0,0,0.3,0.3,0.0,0.3,0,0,0,0.00,0.00,0.00,0.00,0.00,févr.21,0.00,févr.21,févr.21,févr.21
Manu Morlanes,es ESP,MF,Villarreal,19,1999,10,7,610,06.août,0,3,3,0,0,0,2,0,0.1,0.1,01.juil,01.août,8,52,7,0.00,0.44,0.44,0.00,0.44,0.01,0.25,0.26,0.01,0.26
Loren Morón,es ESP,FW,Betis,24,1993,33,22,1 957,21.juil,6,0,6,6,0,0,4,0,08.sept,08.juin,01.févr,09.août,15,26,115,0.28,0.00,0.28,0.28,0.28,0.41,0.05,0.46,0.40,0.45
Toni Moya,es ESP,DF,Atlético Madrid,20,1998,1,1,90,1.0,0,0,0,0,0,0,0,0,0.0,0.0,0.0,0.0,0,3,0,0.00,0.00,0.00,0.00,0.00,0.00,0.00,0.00,0.00,0.00
Javi Moyano,es ESP,DF,Valladolid,32,1986,27,25,2 098,23.mars,0,0,0,0,0,0,3,0,0.3,0.3,0.3,0.6,19,69,59,0.00,0.00,0.00,0.00,0.00,0.01,0.01,0.03,0.01,0.03
Iker Muniain,es ESP,MF FW,Athletic Club,25,1992,34,27,2 383,26.mai,7,3,10,6,1,1,7,0,07.janv,06.mars,03.mars,09.juin,64,179,108,0.26,0.11,0.38,0.23,0.34,0.27,0.13,0.39,0.24,0.36
Marc Muniesa,es ESP,DF MF,Girona,26,1992,19,15,1 406,15.juin,0,0,0,0,0,0,6,0,0.5,0.5,0.5,0.9,11,62,25,0.00,0.00,0.00,0.00,0.00,0.03,0.03,0.06,0.03,0.06
Aihen Muñoz,es ESP,DF,Real Sociedad,20,1997,11,11,951,10.juin,0,0,0,0,0,0,0,0,0.1,0.1,0.3,0.4,28,24,43,0.00,0.00,0.00,0.00,0.00,0.01,0.03,0.03,0.01,0.03
Ezequiel Muñoz,ar ARG,DF,Leganés,27,1990,3,2,211,02.mars,0,0,0,0,0,0,0,0,0.2,0.2,0.0,0.2,1,4,0,0.00,0.00,0.00,0.00,0.00,0.09,0.00,0.09,0.09,0.09
Joaquín Muñoz,es ESP,FW,Atlético Madrid,19,1999,1,0,1,0.0,0,0,0,0,0,0,0,0,0.0,0.0,0.0,0.0,0,0,0,0.00,0.00,0.00,0.00,0.00,0.00,0.00,0.00,0.00,0.00
Luis Muriel,co COL,MF FW,Sevilla,27,1991,6,1,123,01.avr,1,1,2,1,0,0,0,0,0.2,0.2,0.1,0.4,4,4,11,0.73,0.73,janv.46,0.73,janv.46,0.18,0.08,0.26,0.18,0.26
Jeison Murillo,co COL,DF,Barcelona,26,1992,2,1,113,01.mars,0,0,0,0,0,0,0,0,0.0,0.0,0.0,0.0,2,13,0,0.00,0.00,0.00,0.00,0.00,0.04,0.00,0.04,0.04,0.04
Jeison Murillo,co COL,DF,Valencia,26,1992,1,1,90,1.0,0,0,0,0,0,0,0,0,0.0,0.0,0.0,0.0,1,1,0,0.00,0.00,0.00,0.00,0.00,0.00,0.00,0.00,0.00,0.00
Damián Musto,ar ARG,MF DF,Huesca,31,1987,24,20,1 686,18.juil,0,0,0,0,0,0,11,0,01.févr,01.févr,0.3,01.mai,5,73,10,0.00,0.00,0.00,0.00,0.00,0.06,0.02,0.08,0.06,0.08
Nacho,es ESP,DF,Valladolid,29,1989,35,35,3 15,35.0,1,3,4,1,0,0,10,0,0.6,0.6,03.juil,04.févr,81,151,179,0.03,0.09,0.11,0.03,0.11,0.02,0.10,0.12,0.02,0.12
Nacho,es ESP,DF,Real Madrid,28,1990,20,19,1 698,18.sept,0,1,1,0,0,0,8,1,0.3,0.3,0.8,01.févr,15,53,52,0.00,0.05,0.05,0.00,0.05,0.02,0.04,0.06,0.02,0.06
Naldo,br BRA,DF,Espanyol,29,1988,16,16,1 362,15.janv,1,1,2,1,0,0,3,0,01.janv,01.janv,0.3,01.mars,3,21,1,0.07,0.07,0.13,0.07,0.13,0.07,0.02,0.09,0.07,0.09
Ximo Navarro,es ESP,DF,Alavés,28,1990,31,28,2 533,28.janv,2,2,4,2,0,0,7,0,0.7,0.7,01.mai,02.févr,35,68,38,0.07,0.07,0.14,0.07,0.14,0.02,0.05,0.08,0.02,0.08
Jesús Navas,es ESP,DF FW,Sevilla,32,1985,32,31,2 712,30.janv,1,5,6,1,0,0,8,0,01.mai,01.mai,06.févr,07.juil,170,184,288,0.03,0.17,0.20,0.03,0.20,0.05,0.21,0.26,0.05,0.26
Keylor Navas,cr CRC,GK,Real Madrid,31,1986,10,10,900,10.0,0,0,0,0,0,0,1,0,0.0,0.0,0.0,0.0,0,0,0,0.00,0.00,0.00,0.00,0.00,0.00,0.00,0.00,0.00,0.00
Raúl Navas,es ESP,DF,Real Sociedad,30,1988,16,15,1 31,14.juin,0,0,0,0,0,0,4,0,0.3,0.3,0.3,0.6,13,45,1,0.00,0.00,0.00,0.00,0.00,0.02,0.02,0.04,0.02,0.04
Neto,br BRA,GK,Valencia,29,1989,34,34,3 06,34.0,0,0,0,0,0,0,2,0,0.0,0.0,0.1,0.1,0,1,0,0.00,0.00,0.00,0.00,0.00,0.00,0.00,0.00,0.00,0.00
Saúl Ñíguez,es ESP,MF DF,Atlético Madrid,23,1994,33,32,2 925,32.5,4,1,5,4,0,1,10,0,5.0,04.janv,01.mars,05.avr,56,120,109,0.12,0.03,0.15,0.12,0.15,0.15,0.04,0.19,0.13,0.17
Peru Nolaskoain,es ESP,DF,Athletic Club,19,1998,8,4,464,05.févr,2,0,2,2,0,0,2,1,0.4,0.4,0.1,0.5,2,24,1,0.39,0.00,0.39,0.39,0.39,0.08,0.01,0.10,0.08,0.10
Nolito,es ESP,FW DF,Sevilla,31,1986,4,1,76,0.8,0,0,0,0,0,0,0,0,0.5,0.5,0.0,0.5,4,2,12,0.00,0.00,0.00,0.00,0.00,0.61,0.00,0.61,0.61,0.61
Player,Nation,Pos,Squad,Age,Born,MP,Starts,Min,90s,Gls,Ast,G+A,G-PK,PK,PKatt,CrdY,CrdR,xG,npxG,xAG,npxG+xAG,PrgC,PrgP,PrgR,Gls,Ast,G+A,G-PK,G+A-PK,xG,xAG,xG+xAG,npxG,npxG+xAG
Unai Núñez,es ESP,DF,Athletic Club,21,1997,12,11,1 064,11.août,0,0,0,0,0,0,4,0,01.janv,01.janv,0.5,01.mai,0,39,2,0.00,0.00,0.00,0.00,0.00,0.09,0.04,0.13,0.09,0.13
Allan Nyom,cm CMR,DF FW,Leganés,30,1988,23,20,1 708,19.0,1,1,2,1,0,0,7,1,0.3,0.3,02.févr,02.mai,22,46,79,0.05,0.05,0.11,0.05,0.11,0.01,0.12,0.13,0.01,0.13
Jan Oblak,si SVN,GK,Atlético Madrid,25,1993,37,37,3 33,37.0,0,0,0,0,0,0,1,0,0.0,0.0,0.0,0.0,0,0,0,0.00,0.00,0.00,0.00,0.00,0.00,0.00,0.00,0.00,0.00
Álvaro Odriozola,es ESP,DF,Real Madrid,22,1995,14,14,1 178,13.janv,0,2,2,0,0,0,2,0,0.5,0.5,03.févr,03.juin,52,38,136,0.00,0.15,0.15,0.00,0.15,0.03,0.24,0.28,0.03,0.28
Dani Ojeda,es ESP,MF DF,Leganés,23,1994,5,2,193,02.janv,0,0,0,0,0,0,1,0,0.4,0.4,0.1,0.5,1,3,12,0.00,0.00,0.00,0.00,0.00,0.17,0.05,0.23,0.17,0.23
Lucas Olaza,uy URU,DF,Celta Vigo,24,1994,10,10,897,10.0,0,2,2,0,0,0,2,0,0.0,0.0,0.6,0.6,16,18,30,0.00,0.20,0.20,0.00,0.20,0.00,0.06,0.06,0.00,0.06
Oier Olazábal,es ESP,GK,Levante,28,1989,21,21,1 89,21.0,0,0,0,0,0,0,1,0,0.0,0.0,0.1,0.1,0,0,0,0.00,0.00,0.00,0.00,0.00,0.00,0.00,0.00,0.00,0.00
Kiko Olivas,es ESP,DF,Valladolid,29,1988,35,35,3 1,34.4,0,0,0,0,0,0,6,0,01.mars,01.mars,0.2,01.mai,28,75,3,0.00,0.00,0.00,0.00,0.00,0.04,0.01,0.04,0.04,0.04
Paulo Oliveira,pt POR,DF,Eibar,26,1992,28,24,2 245,24.sept,0,0,0,0,0,0,4,0,0.7,0.7,0.1,0.7,9,83,0,0.00,0.00,0.00,0.00,0.00,0.03,0.00,0.03,0.03,0.03
Mathías Olivera,uy URU,DF MF,Getafe,20,1997,14,12,1 007,11.févr,0,1,1,0,0,0,6,1,0.4,0.4,0.9,01.mars,27,36,41,0.00,0.09,0.09,0.00,0.09,0.04,0.08,0.12,0.04,0.12
Kenneth Omeruo,ng NGA,DF,Leganés,24,1993,28,27,2 433,27.0,0,0,0,0,0,0,7,0,0.2,0.2,0.1,0.2,4,56,0,0.00,0.00,0.00,0.00,0.00,0.01,0.00,0.01,0.01,0.01
Fabián Orellana,cl CHI,MF FW,Eibar,32,1986,33,31,2 733,30.avr,3,5,8,2,1,1,4,0,07.févr,06.avr,05.avr,11.août,92,134,304,0.10,0.16,0.26,0.07,0.23,0.24,0.18,0.42,0.21,0.39
Mikel Oyarzabal,es ESP,FW MF,Real Sociedad,21,1997,37,36,3 153,35.0,13,2,15,10,3,3,2,0,11.janv,08.août,5.0,13.août,97,109,213,0.37,0.06,0.43,0.29,0.34,0.32,0.14,0.46,0.25,0.39
Fernando Pacheco,es ESP,GK,Alavés,26,1992,35,35,3 15,35.0,0,0,0,0,0,0,3,0,0.0,0.0,0.1,0.1,0,0,0,0.00,0.00,0.00,0.00,0.00,0.00,0.00,0.00,0.00,0.00
Rubén Pardo,es ESP,MF FW,Real Sociedad,25,1992,24,16,1 368,15.févr,1,2,3,1,0,0,3,0,1.0,1.0,03.févr,04.févr,23,96,41,0.07,0.13,0.20,0.07,0.20,0.06,0.21,0.28,0.06,0.28
Daniel Parejo,es ESP,MF,Valencia,29,1989,36,35,3 061,34.0,9,7,16,4,5,6,5,1,08.janv,03.avr,07.août,11.févr,49,292,48,0.26,0.21,0.47,0.12,0.32,0.24,0.23,0.47,0.10,0.33
Thomas Partey,gh GHA,MF,Atlético Madrid,25,1993,32,22,2 07,23.0,3,4,7,3,0,0,9,1,01.mai,01.mai,01.mars,02.août,36,147,27,0.13,0.17,0.30,0.13,0.30,0.06,0.06,0.12,0.06,0.12
Gabriel Paulista,br BRA,DF,Valencia,27,1990,30,30,2 623,29.janv,0,1,1,0,0,0,6,0,01.janv,1.0,0.2,01.févr,6,56,0,0.00,0.03,0.03,0.00,0.03,0.04,0.01,0.04,0.03,0.04
Alfonso Pedraza,es ESP,DF FW,Villarreal,22,1996,34,22,2 095,23.mars,3,3,6,3,0,0,3,0,03.juil,03.juil,03.sept,07.mai,88,74,216,0.13,0.13,0.26,0.13,0.26,0.16,0.17,0.32,0.16,0.32
Adrià Pedrosa,es ESP,DF,Espanyol,20,1998,12,8,763,08.mai,1,0,1,1,0,0,1,0,0.5,0.5,1.0,01.mai,21,19,37,0.12,0.00,0.12,0.12,0.12,0.06,0.12,0.17,0.06,0.17
Rubén Peña,es ESP,DF,Eibar,27,1991,31,30,2 674,29.juil,1,2,3,1,0,0,4,0,0.8,0.8,04.avr,05.févr,114,211,150,0.03,0.07,0.10,0.03,0.10,0.03,0.15,0.17,0.03,0.17
Carles Pérez,es ESP,FW,Barcelona,20,1998,1,0,18,0.2,0,0,0,0,0,0,0,0,0.1,0.1,0.0,0.1,1,1,1,0.00,0.00,0.00,0.00,0.00,0.36,0.00,0.36,0.36,0.36
Hernán Pérez,py PAR,FW MF,Espanyol,29,1989,19,10,795,08.août,1,2,3,1,0,0,1,0,01.févr,01.févr,2.0,03.févr,39,28,86,0.11,0.23,0.34,0.11,0.34,0.14,0.23,0.37,0.14,0.37
Rubén Pérez,es ESP,MF,Leganés,29,1989,31,27,2 474,27.mai,0,0,0,0,0,0,7,1,0.3,0.3,01.févr,01.juin,10,140,10,0.00,0.00,0.00,0.00,0.00,0.01,0.05,0.06,0.01,0.06
Pablo Piatti,ar ARG,FW MF,Espanyol,29,1989,20,6,743,08.mars,1,0,1,1,0,0,0,0,01.avr,01.avr,01.avr,02.août,25,28,64,0.12,0.00,0.12,0.12,0.12,0.17,0.17,0.34,0.17,0.34
Player,Nation,Pos,Squad,Age,Born,MP,Starts,Min,90s,Gls,Ast,G+A,G-PK,PK,PKatt,CrdY,CrdR,xG,npxG,xAG,npxG+xAG,PrgC,PrgP,PrgR,Gls,Ast,G+A,G-PK,G+A-PK,xG,xAG,xG+xAG,npxG,npxG+xAG
Cristiano Piccini,it ITA,DF,Valencia,25,1992,23,21,1 868,20.août,1,0,1,1,0,0,3,0,0.5,0.5,0.2,0.7,66,75,71,0.05,0.00,0.05,0.05,0.05,0.02,0.01,0.03,0.02,0.03
Tomás Pina Isla,es ESP,MF,Alavés,30,1987,28,27,2 34,26.0,2,0,2,2,0,0,13,0,01.avr,01.avr,01.févr,02.juil,12,132,14,0.08,0.00,0.08,0.08,0.08,0.05,0.05,0.10,0.05,0.10
Gerard Piqué,es ESP,DF,Barcelona,31,1987,35,35,3 15,35.0,4,2,6,4,0,0,6,0,03.mars,03.mars,01.avr,04.juin,32,127,13,0.11,0.06,0.17,0.11,0.17,0.09,0.04,0.13,0.09,0.13
Carles Planas,es ESP,DF,Girona,27,1991,7,4,419,04.juil,0,1,1,0,0,0,3,0,0.1,0.1,0.3,0.4,7,13,31,0.00,0.21,0.21,0.00,0.21,0.02,0.07,0.09,0.02,0.09
Óscar Plano,es ESP,MF FW,Valladolid,27,1991,33,30,2 693,29.sept,3,4,7,3,0,0,8,0,04.févr,04.févr,03.août,07.sept,70,96,131,0.10,0.13,0.23,0.10,0.23,0.14,0.13,0.27,0.14,0.27
Stiven Plaza,ec ECU,FW MF,Valladolid,19,1999,2,0,38,0.4,0,0,0,0,0,0,0,0,0.0,0.0,0.0,0.0,1,0,0,0.00,0.00,0.00,0.00,0.00,0.00,0.00,0.00,0.00,0.00
Pere Pons,es ESP,MF,Girona,25,1993,34,32,2 792,31.0,1,2,3,1,0,0,4,0,01.juin,01.juin,2.0,03.juin,46,117,57,0.03,0.06,0.10,0.03,0.10,0.05,0.06,0.12,0.05,0.12
Pedro Porro,es ESP,DF,Girona,18,1999,32,25,2 211,24.juin,0,4,4,0,0,0,4,0,01.juin,01.juin,02.sept,04.mai,82,109,145,0.00,0.16,0.16,0.00,0.16,0.07,0.12,0.18,0.07,0.18
Francisco Portillo,es ESP,MF,Getafe,28,1990,32,19,1 994,22.févr,1,4,5,1,0,0,3,1,01.sept,01.sept,02.mai,04.avr,34,134,97,0.05,0.18,0.23,0.05,0.23,0.08,0.11,0.20,0.08,0.20
Portu,es ESP,FW MF,Girona,26,1992,34,33,2 821,31.mars,9,2,11,8,1,1,3,0,07.sept,07.janv,04.févr,11.avr,98,85,269,0.29,0.06,0.35,0.26,0.32,0.25,0.14,0.39,0.23,0.36
Sergio Postigo,es ESP,DF,Levante,29,1988,21,17,1 449,16.janv,1,1,2,1,0,0,4,1,0.9,0.9,0.7,01.juin,9,44,3,0.06,0.06,0.12,0.06,0.12,0.06,0.04,0.10,0.06,0.10
José Pozo,es ESP,MF,Rayo Vallecano,22,1996,29,16,1 617,18.0,3,0,3,3,0,0,4,0,02.juin,02.juin,01.sept,04.mai,68,119,95,0.17,0.00,0.17,0.17,0.17,0.15,0.11,0.25,0.15,0.25
Sanjin Prcić,ba BIH,MF,Levante,24,1993,10,6,532,05.sept,0,0,0,0,0,0,3,0,0.2,0.2,0.0,0.2,5,37,3,0.00,0.00,0.00,0.00,0.00,0.04,0.00,0.04,0.04,0.04
Quincy Promes,nl NED,FW DF,Sevilla,26,1992,33,15,1 583,17.juin,2,3,5,2,0,1,2,0,02.sept,2.0,04.mai,06.mai,82,80,143,0.11,0.17,0.28,0.11,0.28,0.16,0.25,0.42,0.11,0.37
Javi Puado,es ESP,FW MF,Espanyol,20,1998,15,2,359,4.0,0,0,0,0,0,0,0,0,0.9,0.9,0.5,01.avr,15,5,35,0.00,0.00,0.00,0.00,0.00,0.21,0.13,0.34,0.21,0.34
Riqui Puig,es ESP,MF,Barcelona,18,1999,2,2,156,01.juil,0,0,0,0,0,0,0,0,0.0,0.0,0.7,0.7,5,16,8,0.00,0.00,0.00,0.00,0.00,0.00,0.41,0.41,0.00,0.41
Jorge Pulido,es ESP,DF,Huesca,27,1991,32,32,2 785,30.sept,3,3,6,3,0,0,9,2,02.mai,02.mai,0.7,03.janv,19,74,47,0.10,0.10,0.19,0.10,0.19,0.08,0.02,0.10,0.08,0.10
Xavi Quintillà,es ESP,DF,Villarreal,21,1996,7,7,627,7.0,0,0,0,0,0,0,1,0,0.1,0.1,0.3,0.5,12,24,18,0.00,0.00,0.00,0.00,0.00,0.02,0.05,0.07,0.02,0.07
Dani Raba,es ESP,MF FW,Villarreal,22,1995,8,2,191,02.janv,0,1,1,0,0,0,0,0,0.1,0.1,0.8,0.9,4,7,15,0.00,0.47,0.47,0.00,0.47,0.04,0.39,0.43,0.04,0.43
Rafinha,br BRA,FW MF,Barcelona,25,1993,5,3,223,02.mai,0,0,0,0,0,0,1,0,0.4,0.4,0.1,0.4,5,5,13,0.00,0.00,0.00,0.00,0.00,0.16,0.02,0.18,0.16,0.18
Ivan Rakitić,hr CRO,MF,Barcelona,30,1988,34,29,2 643,29.avr,3,5,8,3,0,0,7,1,02.juin,02.juin,2.0,04.juin,56,263,71,0.10,0.17,0.27,0.10,0.27,0.09,0.07,0.16,0.09,0.16
Jonás Ramalho,es ESP,DF,Girona,25,1993,22,18,1 619,18.0,1,0,1,1,0,0,4,0,0.8,0.8,0.1,0.9,30,50,36,0.06,0.00,0.06,0.06,0.06,0.04,0.01,0.05,0.04,0.05
Sandro Ramírez,es ESP,FW MF,Real Sociedad,23,1995,24,10,1 055,11.juil,0,0,0,0,0,0,4,0,02.mai,02.mai,01.févr,03.août,30,40,89,0.00,0.00,0.00,0.00,0.00,0.22,0.11,0.32,0.22,0.32
Iván Ramis,es ESP,DF,Eibar,33,1984,21,20,1 677,18.juin,0,0,0,0,0,0,4,0,01.mars,01.mars,0.1,01.avr,10,75,1,0.00,0.00,0.00,0.00,0.00,0.07,0.00,0.07,0.07,0.07
Chris Ramos,es ESP,FW,Valladolid,21,1997,1,1,63,0.7,0,0,0,0,0,0,0,0,0.0,0.0,0.0,0.0,0,1,1,0.00,0.00,0.00,0.00,0.00,0.00,0.00,0.00,0.00,0.00
Player,Nation,Pos,Squad,Age,Born,MP,Starts,Min,90s,Gls,Ast,G+A,G-PK,PK,PKatt,CrdY,CrdR,xG,npxG,xAG,npxG+xAG,PrgC,PrgP,PrgR,Gls,Ast,G+A,G-PK,G+A-PK,xG,xAG,xG+xAG,npxG,npxG+xAG
Sergio Ramos,es ESP,DF,Real Madrid,32,1986,28,28,2 474,27.mai,6,1,7,1,5,5,7,1,07.janv,03.févr,0.6,03.août,27,135,7,0.22,0.04,0.25,0.04,0.07,0.26,0.02,0.28,0.12,0.14
Recio,es ESP,MF,Leganés,27,1991,18,15,1 285,14.mars,0,0,0,0,0,0,9,0,0.3,0.3,0.3,0.6,21,65,19,0.00,0.00,0.00,0.00,0.00,0.02,0.02,0.04,0.02,0.04
Sergio Reguilón,es ESP,DF,Real Madrid,21,1996,14,13,1 119,12.avr,0,2,2,0,0,0,3,0,0.2,0.2,01.août,2.0,48,77,86,0.00,0.16,0.16,0.00,0.16,0.02,0.14,0.16,0.02,0.16
Diego Reyes,mx MEX,DF,Leganés,25,1992,6,4,320,03.juin,0,0,0,0,0,0,1,0,0.0,0.0,0.1,0.1,3,17,0,0.00,0.00,0.00,0.00,0.00,0.00,0.03,0.03,0.00,0.03
Mikel Rico,es ESP,MF,Athletic Club,33,1984,4,3,242,02.juil,0,0,0,0,0,0,0,0,0.3,0.3,0.0,0.3,0,9,12,0.00,0.00,0.00,0.00,0.00,0.10,0.02,0.12,0.10,0.12
Asier Riesgo,es ESP,GK,Eibar,34,1983,14,14,1 26,14.0,0,0,0,0,0,0,1,0,0.0,0.0,0.0,0.0,0,0,0,0.00,0.00,0.00,0.00,0.00,0.00,0.00,0.00,0.00,0.00
Cristian Rivera,es ESP,MF,Huesca,21,1997,22,19,1 692,18.août,2,0,2,2,0,0,2,0,01.juil,01.juil,0.6,02.mars,25,72,36,0.11,0.00,0.11,0.11,0.11,0.09,0.03,0.12,0.09,0.12
Rober,es ESP,DF,Levante,23,1995,33,32,2 854,31.juil,1,0,1,1,0,0,6,0,0.9,0.9,0.7,01.juin,19,86,5,0.03,0.00,0.03,0.03,0.03,0.03,0.02,0.05,0.03,0.05
Sergi Roberto,es ESP,DF MF,Barcelona,26,1992,29,23,2 088,23.févr,0,7,7,0,0,0,3,0,0.5,0.5,03.juin,04.janv,66,104,222,0.00,0.30,0.30,0.00,0.30,0.02,0.15,0.18,0.02,0.18
Patrick Roberts,eng ENG,MF FW,Girona,21,1997,19,6,601,06.juil,0,0,0,0,0,0,0,0,0.8,0.8,0.3,01.févr,30,26,52,0.00,0.00,0.00,0.00,0.00,0.12,0.05,0.17,0.12,0.17
Joel Robles,es ESP,GK,Betis,28,1990,5,5,450,5.0,0,0,0,0,0,0,0,0,0.0,0.0,0.0,0.0,0,0,0,0.00,0.00,0.00,0.00,0.00,0.00,0.00,0.00,0.00,0.00
Marc Roca,es ESP,MF,Espanyol,21,1996,35,35,3 112,34.6,1,2,3,1,0,0,9,0,01.juil,01.juil,03.juin,05.févr,29,259,23,0.03,0.06,0.09,0.03,0.09,0.05,0.10,0.15,0.05,0.15
Rubén Rochina,es ESP,MF,Levante,27,1991,27,23,1 8,20.0,4,5,9,4,0,0,13,2,02.avr,02.avr,05.févr,07.juin,53,128,68,0.20,0.25,0.45,0.20,0.45,0.12,0.25,0.37,0.12,0.37
Rodri,es ESP,MF,Atlético Madrid,22,1996,34,32,2 735,30.avr,3,1,4,3,0,0,5,0,02.juil,02.juil,01.avr,04.janv,26,152,13,0.10,0.03,0.13,0.10,0.13,0.09,0.04,0.13,0.09,0.13
Rodrigo,es ESP,FW,Valencia,27,1991,33,29,2 528,28.janv,8,6,14,8,0,1,5,1,13.août,13.0,04.mars,17.mars,91,111,218,0.28,0.21,0.50,0.28,0.50,0.49,0.15,0.64,0.46,0.62
Kévin Rodrigues,pt POR,DF,Real Sociedad,24,1994,7,5,484,05.avr,0,0,0,0,0,0,1,0,0.1,0.1,0.3,0.3,10,18,30,0.00,0.00,0.00,0.00,0.00,0.01,0.05,0.06,0.01,0.06
Ángel Rodríguez,es ESP,FW,Getafe,31,1987,37,20,1 819,20.févr,8,3,11,8,0,0,4,0,08.janv,08.janv,03.août,12.0,42,37,140,0.40,0.15,0.54,0.40,0.54,0.40,0.19,0.59,0.40,0.59
Óscar Rodríguez Arnaiz,es ESP,MF,Leganés,20,1998,31,29,2 504,27.août,4,3,7,4,0,0,6,0,4.0,4.0,04.juil,08.juin,58,114,131,0.14,0.11,0.25,0.14,0.25,0.14,0.17,0.31,0.14,0.31
Marko Rog,hr CRO,MF,Sevilla,23,1995,10,4,357,4.0,0,0,0,0,0,0,5,0,0.1,0.1,0.1,0.2,10,21,4,0.00,0.00,0.00,0.00,0.00,0.02,0.03,0.04,0.02,0.04
Diego Rolán,uy URU,MF FW,Leganés,25,1993,6,2,215,02.avr,0,0,0,0,0,0,0,0,0.1,0.1,0.3,0.3,9,4,22,0.00,0.00,0.00,0.00,0.00,0.03,0.11,0.13,0.03,0.13
Diego Rolán,uy URU,MF FW,Alavés,25,1993,9,3,298,03.mars,0,0,0,0,0,0,1,0,0.9,0.9,0.2,01.févr,16,9,18,0.00,0.00,0.00,0.00,0.00,0.28,0.07,0.35,0.28,0.35
Facundo Roncaglia,ar ARG,DF,Valencia,31,1987,7,7,601,06.juil,0,0,0,0,0,0,5,1,0.4,0.4,0.0,0.4,3,11,0,0.00,0.00,0.00,0.00,0.00,0.06,0.00,0.06,0.06,0.06
Facundo Roncaglia,ar ARG,DF,Celta Vigo,31,1987,12,12,1 07,11.sept,0,0,0,0,0,0,3,0,0.0,0.0,0.1,0.1,5,26,13,0.00,0.00,0.00,0.00,0.00,0.00,0.01,0.01,0.00,0.01
Roberto Rosales,ve VEN,DF,Espanyol,29,1988,21,20,1 749,19.avr,3,1,4,3,0,0,2,0,01.janv,01.janv,01.févr,02.févr,23,100,97,0.15,0.05,0.21,0.15,0.21,0.05,0.06,0.12,0.05,0.12
Waldo Rubio,es ESP,MF,Valladolid,22,1995,8,5,492,05.mai,1,0,1,1,0,0,1,0,1.0,1.0,0.3,01.févr,20,15,39,0.18,0.00,0.18,0.18,0.18,0.18,0.05,0.23,0.18,0.23
Player,Nation,Pos,Squad,Age,Born,MP,Starts,Min,90s,Gls,Ast,G+A,G-PK,PK,PKatt,CrdY,CrdR,xG,npxG,xAG,npxG+xAG,PrgC,PrgP,PrgR,Gls,Ast,G+A,G-PK,G+A-PK,xG,xAG,xG+xAG,npxG,npxG+xAG
Abel Ruiz,es ESP,FW,Barcelona,18,2000,1,0,22,0.2,0,0,0,0,0,0,0,0,0.4,0.4,0.1,0.4,4,2,3,0.00,0.00,0.00,0.00,0.00,janv.47,0.32,janv.80,janv.47,janv.80
Víctor Ruiz,es ESP,DF,Villarreal,29,1989,22,22,1 975,21.sept,0,0,0,0,0,0,10,0,0.5,0.5,0.4,0.9,21,101,8,0.00,0.00,0.00,0.00,0.00,0.02,0.02,0.04,0.02,0.04
Gerónimo Rulli,ar ARG,GK,Real Sociedad,26,1992,27,27,2 43,27.0,0,0,0,0,0,0,3,0,0.0,0.0,0.0,0.0,0,1,0,0.00,0.00,0.00,0.00,0.00,0.00,0.00,0.00,0.00,0.00
Samuel Sáiz,es ESP,MF,Getafe,27,1991,10,2,305,03.avr,1,0,1,1,0,0,2,0,0.3,0.3,0.1,0.4,13,13,25,0.30,0.00,0.30,0.30,0.30,0.09,0.04,0.13,0.09,0.13
Mikel San José,es ESP,MF,Athletic Club,29,1989,33,16,1 733,19.mars,0,0,0,0,0,0,7,0,1.0,1.0,01.juil,02.juil,11,98,33,0.00,0.00,0.00,0.00,0.00,0.05,0.09,0.14,0.05,0.14
Antonio Sanabria,py PAR,FW,Betis,22,1996,15,8,811,9.0,2,0,2,1,1,1,2,0,03.mars,02.mai,0.0,02.mai,12,9,27,0.22,0.00,0.22,0.11,0.11,0.37,0.00,0.37,0.28,0.28
Javi Sánchez,es ESP,DF,Real Madrid,21,1997,1,0,46,0.5,0,0,0,0,0,0,1,0,0.0,0.0,0.0,0.0,0,0,0,0.00,0.00,0.00,0.00,0.00,0.00,0.00,0.00,0.00,0.00
Víctor Sánchez,es ESP,MF,Espanyol,30,1987,24,13,1 265,14.janv,0,2,2,0,0,0,9,0,0.5,0.5,0.8,01.mars,11,59,34,0.00,0.14,0.14,0.00,0.14,0.03,0.06,0.09,0.03,0.09
Luca Sangalli,es ESP,MF FW,Real Sociedad,23,1995,18,12,999,11.janv,1,3,4,1,0,0,0,0,01.mai,01.mai,01.mars,02.août,20,36,34,0.09,0.27,0.36,0.09,0.36,0.14,0.11,0.25,0.14,0.25
Nicola Sansone,it ITA,FW MF,Villarreal,26,1991,3,0,37,0.4,1,1,2,1,0,0,1,0,0.0,0.0,0.0,0.1,1,3,8,févr.43,févr.43,avr.86,févr.43,avr.86,0.06,0.11,0.17,0.06,0.17
Roberto Santamaría,es ESP,GK,Huesca,33,1985,20,20,1 8,20.0,0,0,0,0,0,0,1,0,0.0,0.0,0.0,0.0,0,0,0,0.00,0.00,0.00,0.00,0.00,0.00,0.00,0.00,0.00,0.00
Michael Santos,uy URU,FW MF,Leganés,25,1993,16,5,557,06.févr,1,3,4,1,0,0,4,0,02.janv,02.janv,0.6,02.juil,13,10,46,0.16,0.48,0.65,0.16,0.65,0.34,0.10,0.44,0.34,0.44
Pablo Sarabia,es ESP,MF FW,Sevilla,26,1992,33,30,2 724,30.mars,12,13,25,11,1,1,9,0,12.0,11.mars,11.janv,22.avr,100,191,327,0.40,0.43,0.83,0.36,0.79,0.40,0.37,0.77,0.37,0.74
Lluís Sastre,es ESP,MF,Huesca,32,1986,4,1,120,01.mars,0,0,0,0,0,0,0,0,0.0,0.0,0.0,0.0,0,12,1,0.00,0.00,0.00,0.00,0.00,0.00,0.02,0.02,0.00,0.02
Stefan Savić,me MNE,DF,Atlético Madrid,27,1991,18,17,1 398,15.mai,0,2,2,0,0,0,5,1,0.7,0.7,0.7,01.avr,3,40,3,0.00,0.13,0.13,0.00,0.13,0.04,0.04,0.09,0.04,0.09
Alfa Semedo,gw GNB,MF,Espanyol,20,1997,3,0,45,0.5,0,0,0,0,0,0,1,0,0.0,0.0,0.0,0.1,3,3,1,0.00,0.00,0.00,0.00,0.00,0.09,0.04,0.14,0.09,0.14
Nélson Semedo,pt POR,DF,Barcelona,24,1993,26,20,1 6,17.août,1,0,1,1,0,0,4,0,0.3,0.3,0.3,0.6,54,44,119,0.06,0.00,0.06,0.06,0.06,0.02,0.02,0.03,0.02,0.03
Rúben Semedo,pt POR,DF,Huesca,24,1994,11,9,850,09.avr,0,0,0,0,0,0,4,0,0.6,0.6,0.2,0.8,1,25,1,0.00,0.00,0.00,0.00,0.00,0.06,0.02,0.08,0.06,0.08
Paik Seung-ho,kr KOR,FW MF,Girona,21,1997,3,0,60,0.7,0,0,0,0,0,0,0,0,0.1,0.1,0.0,0.1,0,2,2,0.00,0.00,0.00,0.00,0.00,0.08,0.00,0.08,0.08,0.08
Gaku Shibasaki,jp JPN,MF FW,Getafe,26,1992,7,5,389,04.mars,0,0,0,0,0,0,0,0,0.2,0.2,0.2,0.4,7,14,24,0.00,0.00,0.00,0.00,0.00,0.04,0.04,0.08,0.04,0.08
Sidnei,br BRA,DF,Betis,28,1989,24,20,1 742,19.avr,1,0,1,1,0,0,4,0,01.janv,01.janv,0.1,01.févr,34,67,16,0.05,0.00,0.05,0.05,0.05,0.06,0.00,0.06,0.06,0.06
André Silva,pt POR,FW,Sevilla,22,1995,27,25,2 159,24.0,9,0,9,9,0,0,4,0,10.mars,10.mars,04.mars,14.juin,50,74,191,0.38,0.00,0.38,0.38,0.38,0.43,0.18,0.61,0.43,0.61
Jonathan Silva,ar ARG,DF FW,Leganés,24,1994,30,30,2 7,30.0,3,6,9,3,0,0,9,0,01.juin,01.juin,05.mars,7.0,48,98,122,0.10,0.20,0.30,0.10,0.30,0.05,0.18,0.23,0.05,0.23
Moses Simon,ng NGA,DF MF,Levante,23,1995,19,8,785,08.juil,1,1,2,1,0,0,1,0,01.mars,01.mars,0.7,2.0,39,20,67,0.11,0.11,0.23,0.11,0.23,0.15,0.08,0.23,0.15,0.23
Unai Simón,es ESP,GK,Athletic Club,21,1997,7,7,630,7.0,0,0,0,0,0,0,2,0,0.0,0.0,0.0,0.0,0,0,0,0.00,0.00,0.00,0.00,0.00,0.00,0.00,0.00,0.00,0.00
Player,Nation,Pos,Squad,Age,Born,MP,Starts,Min,90s,Gls,Ast,G+A,G-PK,PK,PKatt,CrdY,CrdR,xG,npxG,xAG,npxG+xAG,PrgC,PrgP,PrgR,Gls,Ast,G+A,G-PK,G+A-PK,xG,xAG,xG+xAG,npxG,npxG+xAG
Dimitris Siovas,gr GRE,DF,Leganés,29,1988,34,34,2 962,32.9,1,0,1,1,0,0,5,0,01.sept,01.sept,01.janv,3.0,22,112,10,0.03,0.00,0.03,0.03,0.03,0.06,0.03,0.09,0.06,0.09
Pione Sisto,dk DEN,FW MF,Celta Vigo,23,1995,25,8,844,09.avr,2,1,3,2,0,0,0,0,0.9,0.9,01.janv,2.0,30,40,56,0.21,0.11,0.32,0.21,0.32,0.10,0.11,0.21,0.10,0.21
Antonio Sivera,es ESP,GK,Alavés,21,1996,3,3,270,3.0,0,0,0,0,0,0,0,0,0.0,0.0,0.1,0.1,0,0,0,0.00,0.00,0.00,0.00,0.00,0.00,0.03,0.03,0.00,0.03
Rubén Sobrino,es ESP,FW MF,Alavés,26,1992,20,10,965,10.juil,3,1,4,3,0,0,2,0,01.sept,01.sept,01.févr,03.janv,28,19,44,0.28,0.09,0.37,0.28,0.37,0.17,0.11,0.29,0.17,0.29
Rubén Sobrino,es ESP,FW MF,Valencia,26,1992,4,2,193,02.janv,0,0,0,0,0,0,1,0,0.5,0.5,0.0,0.6,2,5,13,0.00,0.00,0.00,0.00,0.00,0.25,0.02,0.27,0.25,0.27
Alex Sola,es ESP,DF,Real Sociedad,19,1999,1,1,90,1.0,0,0,0,0,0,0,0,0,0.1,0.1,0.1,0.1,2,3,4,0.00,0.00,0.00,0.00,0.00,0.09,0.06,0.15,0.09,0.15
Andrés Solano,co COL,DF,Atlético Madrid,20,1998,1,1,45,0.5,0,0,0,0,0,0,0,0,0.0,0.0,0.0,0.0,0,1,3,0.00,0.00,0.00,0.00,0.00,0.00,0.00,0.00,0.00,0.00
Carlos Soler,es ESP,MF,Valencia,21,1997,31,27,2 46,27.mars,2,6,8,2,0,0,9,0,04.janv,04.janv,04.janv,08.févr,48,123,147,0.07,0.22,0.29,0.07,0.29,0.15,0.15,0.30,0.15,0.30
Kévin Soni,cm CMR,FW DF,Girona,20,1998,5,1,82,0.9,0,0,0,0,0,0,1,0,0.2,0.2,0.1,0.4,3,0,7,0.00,0.00,0.00,0.00,0.00,0.24,0.16,0.40,0.24,0.40
David Soria,es ESP,GK,Getafe,25,1993,37,37,3 33,37.0,0,0,0,0,0,0,0,0,0.0,0.0,0.1,0.1,0,0,0,0.00,0.00,0.00,0.00,0.00,0.00,0.00,0.00,0.00,0.00
Juan Soriano,es ESP,GK,Sevilla,20,1997,4,4,359,4.0,0,0,0,0,0,0,2,1,0.0,0.0,0.0,0.0,0,0,0,0.00,0.00,0.00,0.00,0.00,0.00,0.00,0.00,0.00,0.00
Cristhian Stuani,uy URU,FW,Girona,31,1986,32,30,2 729,30.mars,19,0,19,14,5,5,9,0,14.janv,10.avr,1.0,11.avr,12,30,129,0.63,0.00,0.63,0.46,0.46,0.47,0.03,0.50,0.34,0.38
Damián Suárez,uy URU,DF,Getafe,30,1988,36,36,3 24,36.0,0,3,3,0,0,0,13,0,0.5,0.5,04.sept,05.avr,45,153,74,0.00,0.08,0.08,0.00,0.08,0.01,0.14,0.15,0.01,0.15
Denis Suárez,es ESP,MF DF,Barcelona,24,1994,2,0,19,0.2,0,0,0,0,0,0,0,0,0.4,0.4,0.1,0.4,2,1,3,0.00,0.00,0.00,0.00,0.00,janv.80,0.31,02.nov,janv.80,02.nov
Leonardo Suárez,ar ARG,FW MF,Valladolid,22,1996,12,7,517,05.juil,2,0,2,2,0,0,0,0,01.mars,01.mars,0.3,01.juin,8,23,21,0.35,0.00,0.35,0.35,0.35,0.23,0.05,0.28,0.23,0.28
Luis Suárez,uy URU,FW,Barcelona,31,1987,33,31,2 827,31.4,21,6,27,17,4,4,5,0,23.janv,20.0,06.sept,26.sept,73,97,294,0.67,0.19,0.86,0.54,0.73,0.74,0.22,0.96,0.64,0.86
Mario Suárez,es ESP,MF,Rayo Vallecano,31,1987,14,11,1 026,11.avr,2,0,2,2,0,0,5,0,01.janv,01.janv,0.7,01.août,10,56,7,0.18,0.00,0.18,0.18,0.18,0.09,0.06,0.15,0.09,0.15
Markel Susaeta,es ESP,FW MF,Athletic Club,30,1987,22,15,1 379,15.mars,1,2,3,1,0,0,4,1,0.7,0.7,03.févr,03.sept,41,48,108,0.07,0.13,0.20,0.07,0.20,0.05,0.21,0.26,0.05,0.26
Rodrigo Tarín,es ESP,DF,Leganés,22,1996,18,15,1 429,15.sept,0,0,0,0,0,0,3,0,0.3,0.3,0.1,0.4,5,27,10,0.00,0.00,0.00,0.00,0.00,0.02,0.00,0.02,0.02,0.02
Cristian Tello,es ESP,DF FW,Betis,26,1991,29,13,1 573,17.mai,4,6,10,4,0,0,3,0,02.sept,02.sept,4.0,7.0,85,56,162,0.23,0.34,0.57,0.23,0.57,0.17,0.23,0.40,0.17,0.40
Marc-André ter Stegen,de GER,GK,Barcelona,26,1992,35,35,3 15,35.0,0,0,0,0,0,0,0,0,0.0,0.0,0.0,0.0,0,0,0,0.00,0.00,0.00,0.00,0.00,0.00,0.00,0.00,0.00,0.00
David Timor,es ESP,MF,Girona,28,1989,2,2,163,01.août,0,0,0,0,0,0,0,0,0.0,0.0,0.0,0.0,0,10,2,0.00,0.00,0.00,0.00,0.00,0.02,0.00,0.02,0.02,0.02
Tito,es ESP,DF,Rayo Vallecano,33,1985,15,12,1 098,12.févr,0,0,0,0,0,0,2,0,0.0,0.0,0.2,0.2,23,54,37,0.00,0.00,0.00,0.00,0.00,0.00,0.01,0.02,0.00,0.02
Jean-Clair Todibo,fr FRA,DF,Barcelona,18,1999,2,2,157,01.juil,0,0,0,0,0,0,2,0,0.0,0.0,0.0,0.0,0,5,0,0.00,0.00,0.00,0.00,0.00,0.00,0.00,0.00,0.00,0.00
Karl Toko Ekambi,cm CMR,FW MF,Villarreal,25,1992,34,24,2 144,23.août,10,1,11,10,0,1,5,0,10.juin,10.0,02.janv,12.janv,92,28,222,0.42,0.04,0.46,0.42,0.46,0.44,0.09,0.53,0.42,0.51
Player,Nation,Pos,Squad,Age,Born,MP,Starts,Min,90s,Gls,Ast,G+A,G-PK,PK,PKatt,CrdY,CrdR,xG,npxG,xAG,npxG+xAG,PrgC,PrgP,PrgR,Gls,Ast,G+A,G-PK,G+A-PK,xG,xAG,xG+xAG,npxG,npxG+xAG
Raúl de Tomás,es ESP,FW,Rayo Vallecano,23,1994,33,32,2 813,31.mars,14,1,15,14,0,0,5,0,15.juin,15.juin,01.mai,17.févr,51,40,135,0.45,0.03,0.48,0.45,0.48,0.50,0.05,0.55,0.50,0.55
Toño,es ESP,DF FW,Levante,28,1989,21,21,1 763,19.juin,1,2,3,1,0,0,4,0,01.mars,01.mars,01.févr,02.mai,57,67,97,0.05,0.10,0.15,0.05,0.15,0.07,0.06,0.13,0.07,0.13
Daniel Torres,co COL,MF,Alavés,28,1989,2,1,71,0.8,0,0,0,0,0,0,1,0,0.0,0.0,0.0,0.0,0,0,0,0.00,0.00,0.00,0.00,0.00,0.00,0.00,0.00,0.00,0.00
Ferrán Torres,es ESP,MF,Valencia,18,2000,24,8,850,09.avr,2,1,3,2,0,0,5,0,01.mai,01.mai,01.juil,03.févr,35,27,70,0.21,0.11,0.32,0.21,0.32,0.16,0.18,0.34,0.16,0.34
Óscar Trejo,ar ARG,MF FW,Rayo Vallecano,30,1988,26,22,1 764,19.juin,1,4,5,0,1,1,7,1,03.mars,02.mai,03.sept,06.avr,45,120,77,0.05,0.20,0.26,0.00,0.20,0.17,0.20,0.37,0.13,0.33
Manu Trigueros,es ESP,MF,Villarreal,26,1991,24,18,1 547,17.févr,0,0,0,0,0,0,3,0,1.0,1.0,02.janv,03.janv,16,128,31,0.00,0.00,0.00,0.00,0.00,0.06,0.12,0.18,0.06,0.18
Patrick Twumasi,gh GHA,MF FW,Alavés,24,1994,11,0,170,01.sept,0,0,0,0,0,0,2,0,0.1,0.1,0.1,0.3,6,7,15,0.00,0.00,0.00,0.00,0.00,0.08,0.08,0.16,0.08,0.16
Samuel Umtiti,fr FRA,DF,Barcelona,24,1993,14,13,1 189,13.févr,0,1,1,0,0,0,4,0,0.2,0.2,0.7,0.8,11,69,2,0.00,0.08,0.08,0.00,0.08,0.01,0.05,0.06,0.01,0.06
Enes Ünal,tr TUR,FW,Valladolid,21,1997,33,24,2 148,23.sept,6,3,9,3,3,3,7,0,07.sept,05.juin,01.mai,07.janv,35,46,121,0.25,0.13,0.38,0.13,0.25,0.33,0.06,0.40,0.23,0.30
Tomáš Vaclík,cz CZE,GK,Sevilla,29,1989,33,33,2 97,33.0,0,0,0,0,0,0,1,0,0.0,0.0,0.0,0.0,0,2,0,0.00,0.00,0.00,0.00,0.00,0.00,0.00,0.00,0.00,0.00
Jesús Vallejo,es ESP,DF,Real Madrid,21,1997,5,4,311,03.mai,1,0,1,1,0,0,1,1,0.7,0.7,0.0,0.7,1,5,0,0.29,0.00,0.29,0.29,0.29,0.20,0.00,0.20,0.20,0.20
Federico Valverde,uy URU,MF,Real Madrid,20,1998,16,6,656,07.mars,0,0,0,0,0,0,4,0,0.3,0.3,0.3,0.6,17,58,15,0.00,0.00,0.00,0.00,0.00,0.04,0.04,0.08,0.04,0.08
Raphaël Varane,fr FRA,DF,Real Madrid,25,1993,32,31,2 754,30.juin,2,0,2,2,0,0,0,1,02.janv,02.janv,0.3,02.avr,15,72,3,0.07,0.00,0.07,0.07,0.07,0.07,0.01,0.08,0.07,0.08
Franco Vázquez,ar ARG,MF,Sevilla,29,1989,34,26,2 28,25.mars,3,4,7,3,0,0,8,1,04.janv,04.janv,03.sept,08.janv,79,171,99,0.12,0.16,0.28,0.12,0.28,0.16,0.15,0.32,0.16,0.32
Kevin Vázquez,es ESP,DF,Celta Vigo,25,1993,4,2,220,02.avr,0,0,0,0,0,0,0,0,0.0,0.0,0.0,0.0,1,4,11,0.00,0.00,0.00,0.00,0.00,0.00,0.01,0.01,0.00,0.01
Lucas Vázquez,es ESP,FW MF,Real Madrid,27,1991,31,15,1 51,16.août,1,3,4,1,0,0,6,1,02.juin,02.juin,04.juil,07.mars,72,69,210,0.06,0.18,0.24,0.06,0.24,0.15,0.28,0.43,0.15,0.43
Koke Vegas,es ESP,GK,Levante,22,1995,1,1,90,1.0,0,0,0,0,0,0,0,0,0.0,0.0,0.0,0.0,0,0,0,0.00,0.00,0.00,0.00,0.00,0.00,0.00,0.00,0.00,0.00
Emiliano Velázquez,uy URU,DF,Rayo Vallecano,24,1994,18,14,1 277,14.févr,0,2,2,0,0,0,8,0,1.0,1.0,0.8,01.août,5,42,2,0.00,0.14,0.14,0.00,0.14,0.07,0.05,0.12,0.07,0.12
Daniele Verde,it ITA,MF FW,Valladolid,22,1996,22,4,657,07.mars,2,0,2,1,1,1,1,0,01.juin,0.8,01.avr,02.févr,28,23,69,0.27,0.00,0.27,0.14,0.14,0.22,0.20,0.41,0.11,0.31
Thomas Vermaelen,be BEL,DF,Barcelona,32,1985,9,7,587,06.mai,0,0,0,0,0,0,2,0,0.1,0.1,0.0,0.1,4,22,2,0.00,0.00,0.00,0.00,0.00,0.02,0.00,0.02,0.02,0.02
Mikel Vesga,es ESP,MF,Leganés,25,1993,26,23,2 07,23.0,1,1,2,1,0,0,3,0,0.8,0.8,01.janv,2.0,29,70,62,0.04,0.04,0.09,0.04,0.09,0.04,0.05,0.09,0.04,0.09
Rúben Vezo,pt POR,DF,Levante,24,1994,15,15,1 339,14.sept,2,1,3,2,0,0,4,0,0.7,0.7,01.janv,01.août,4,42,4,0.13,0.07,0.20,0.13,0.20,0.05,0.07,0.12,0.05,0.12
Rúben Vezo,pt POR,DF,Valencia,24,1994,4,2,196,02.févr,0,0,0,0,0,0,2,0,0.1,0.1,0.1,0.2,4,5,6,0.00,0.00,0.00,0.00,0.00,0.04,0.04,0.08,0.04,0.08
Aleix Vidal,es ESP,DF MF,Sevilla,28,1989,11,5,528,05.sept,0,0,0,0,0,0,3,0,0.4,0.4,1.0,01.avr,15,32,56,0.00,0.00,0.00,0.00,0.00,0.08,0.17,0.24,0.08,0.24
Arturo Vidal,cl CHI,MF,Barcelona,31,1987,33,22,1 929,21.avr,3,7,10,3,0,0,7,0,03.avr,03.avr,04.août,08.févr,17,104,74,0.14,0.33,0.47,0.14,0.47,0.16,0.22,0.38,0.16,0.38
Player,Nation,Pos,Squad,Age,Born,MP,Starts,Min,90s,Gls,Ast,G+A,G-PK,PK,PKatt,CrdY,CrdR,xG,npxG,xAG,npxG+xAG,PrgC,PrgP,PrgR,Gls,Ast,G+A,G-PK,G+A-PK,xG,xAG,xG+xAG,npxG,npxG+xAG
Carlos Vigaray,es ESP,DF,Alavés,23,1994,8,7,647,07.févr,0,0,0,0,0,0,1,0,0.0,0.0,0.2,0.3,5,17,10,0.00,0.00,0.00,0.00,0.00,0.00,0.03,0.04,0.00,0.04
Dídac Vilà,es ESP,DF,Espanyol,29,1989,27,27,2 354,26.févr,0,2,2,0,0,0,11,0,01.sept,01.sept,3.0,04.sept,76,119,168,0.00,0.08,0.08,0.00,0.08,0.07,0.12,0.19,0.07,0.19
Toni Villa,es ESP,MF FW,Valladolid,23,1995,26,21,1 762,19.juin,2,2,4,2,0,0,3,0,01.sept,01.sept,02.févr,04.janv,76,69,132,0.10,0.10,0.20,0.10,0.20,0.10,0.11,0.21,0.10,0.21
Vitolo,es ESP,MF FW,Atlético Madrid,28,1989,20,5,753,08.avr,0,1,1,0,0,0,1,0,0.9,0.9,1.0,01.sept,39,37,56,0.00,0.12,0.12,0.00,0.12,0.11,0.12,0.23,0.11,0.23
Nikola Vukčević,me MNE,MF,Levante,26,1991,16,9,670,07.avr,0,0,0,0,0,0,5,1,0.0,0.0,0.1,0.1,8,22,0,0.00,0.00,0.00,0.00,0.00,0.00,0.01,0.01,0.00,0.01
Moussa Wagué,sn SEN,DF FW,Barcelona,19,1998,3,2,225,02.mai,0,0,0,0,0,0,1,0,0.1,0.1,0.3,0.4,7,10,25,0.00,0.00,0.00,0.00,0.00,0.05,0.13,0.18,0.05,0.18
Wakaso,gh GHA,MF,Alavés,28,1990,29,18,1 669,18.mai,1,1,2,1,0,0,9,0,01.févr,01.févr,0.4,01.juin,18,80,34,0.05,0.05,0.11,0.05,0.11,0.06,0.02,0.09,0.06,0.09
Daniel Wass,dk DEN,DF MF,Valencia,29,1989,32,26,2 354,26.févr,1,3,4,1,0,0,4,0,01.avr,01.avr,04.mars,05.juil,60,118,137,0.04,0.11,0.15,0.04,0.15,0.05,0.17,0.22,0.05,0.22
Axel Werner,ar ARG,GK,Huesca,22,1996,6,6,540,6.0,0,0,0,0,0,0,0,0,0.0,0.0,0.0,0.0,0,0,0,0.00,0.00,0.00,0.00,0.00,0.00,0.00,0.00,0.00,0.00
Iñaki Williams,gh GHA,FW,Athletic Club,24,1994,38,36,3 025,33.6,13,4,17,13,0,0,3,0,13.janv,13.janv,03.mars,16.avr,98,39,251,0.39,0.12,0.51,0.39,0.51,0.39,0.10,0.49,0.39,0.49
Maximilian Wöber,at AUT,DF,Sevilla,20,1998,7,6,536,6.0,0,0,0,0,0,0,2,0,0.2,0.2,0.6,0.9,10,24,16,0.00,0.00,0.00,0.00,0.00,0.04,0.11,0.14,0.04,0.14
Yoel,es ESP,GK,Valladolid,29,1988,3,3,270,3.0,0,0,0,0,0,0,0,0,0.0,0.0,0.0,0.0,0,0,0,0.00,0.00,0.00,0.00,0.00,0.00,0.00,0.00,0.00,0.00
Okay Yokuşlu,tr TUR,MF,Celta Vigo,24,1994,30,26,2 198,24.avr,2,0,2,2,0,0,10,0,01.juil,01.juil,0.7,02.avr,35,113,14,0.08,0.00,0.08,0.08,0.08,0.07,0.03,0.10,0.07,0.10
Joseba Zaldúa,es ESP,DF,Real Sociedad,26,1992,26,25,2 139,23.août,1,2,3,1,0,0,7,0,0.1,0.1,01.sept,2.0,70,94,110,0.04,0.08,0.13,0.04,0.13,0.01,0.08,0.09,0.01,0.09
Nabil El Zhar,ma MAR,MF FW,Leganés,31,1986,27,9,966,10.juil,4,0,4,3,1,1,0,0,02.sept,02.janv,0.9,3.0,32,45,50,0.37,0.00,0.37,0.28,0.28,0.27,0.08,0.35,0.20,0.28
Luca Zidane,dz ALG,GK,Real Madrid,20,1998,1,1,90,1.0,0,0,0,0,0,0,0,0,0.0,0.0,0.0,0.0,0,0,0,0.00,0.00,0.00,0.00,0.00,0.00,0.00,0.00,0.00,0.00
Igor Zubeldia,es ESP,MF,Real Sociedad,21,1997,33,29,2 549,28.mars,0,1,1,0,0,0,7,0,0.5,0.5,1.0,01.juin,22,89,12,0.00,0.04,0.04,0.00,0.04,0.02,0.04,0.05,0.02,0.05
Martín Zubimendi,es ESP,MF,Real Sociedad,19,1999,1,0,7,0.1,0,0,0,0,0,0,0,0,0.0,0.0,0.4,0.4,0,1,0,0.00,0.00,0.00,0.00,0.00,0.00,mai.61,mai.61,0.00,mai.61
David Zurutuza,es ESP,MF,Real Sociedad,32,1986,21,13,1 222,13.juin,2,0,2,2,0,0,2,0,01.juin,01.juin,0.6,02.févr,23,63,37,0.15,0.00,0.15,0.15,0.15,0.12,0.04,0.16,0.12,0.16
