Player,Nation,Pos,Squad,Age,Born,MP,Starts,Min,90s,Gls,Ast,G+A,G-PK,PK,PKatt,CrdY,CrdR,xG,npxG,xAG,npxG+xAG,PrgC,PrgP,PrgR,Gls,Ast,G+A,G-PK,G+A-PK,xG,xAG,xG+xAG,npxG,npxG+xAG
Ismael Aaneba,fr FRA,DF,Strasbourg,19,1999,3,3,204,02.mars,0,0,0,0,0,0,3,0,0.0,0.0,0.4,0.4,3,8,8,0.00,0.00,0.00,0.00,0.00,0.00,0.17,0.17,0.00,0.17
Yunis Abdelhamid,ma MAR,DF,Reims,30,1987,38,38,3 42,38.0,0,0,0,0,0,0,2,0,01.juin,01.juin,0.1,01.août,16,71,1,0.00,0.00,0.00,0.00,0.00,0.04,0.00,0.05,0.04,0.05
Mehdi Abeid,dz ALG,MF,Dijon,25,1992,26,23,2 023,22.mai,3,0,3,2,1,1,6,0,02.sept,02.janv,01.juin,03.août,43,97,50,0.13,0.00,0.13,0.09,0.09,0.13,0.07,0.20,0.10,0.17
Charles Abi,fr FRA,DF FW,Saint-Étienne,18,2000,3,0,32,0.4,0,0,0,0,0,0,0,0,0.1,0.1,0.0,0.1,2,1,0,0.00,0.00,0.00,0.00,0.00,0.17,0.12,0.29,0.17,0.29
Khaled Adénon,bj BEN,DF,Amiens,33,1985,23,22,1 994,22.févr,0,0,0,0,0,0,7,1,0.7,0.7,0.1,0.9,13,63,1,0.00,0.00,0.00,0.00,0.00,0.03,0.01,0.04,0.03,0.04
Yacine Adli,fr FRA,MF,Bordeaux,18,2000,7,2,216,02.avr,0,0,0,0,0,0,1,0,0.0,0.0,0.8,0.8,13,17,17,0.00,0.00,0.00,0.00,0.00,0.01,0.34,0.34,0.01,0.34
Nayef Aguerd,ma MAR,DF,Dijon,22,1996,13,12,1 05,11.juil,3,0,3,3,0,0,4,1,01.mai,01.mai,0.1,01.juin,11,32,3,0.26,0.00,0.26,0.26,0.26,0.13,0.01,0.14,0.13,0.14
Ruben Aguilar,fr FRA,DF,Montpellier,25,1993,29,29,2 528,28.janv,1,4,5,1,0,0,8,0,0.9,0.9,02.mai,03.avr,85,128,155,0.04,0.14,0.18,0.04,0.18,0.03,0.09,0.12,0.03,0.12
Jean-Eudes Aholou,ci CIV,MF,Monaco,24,1994,17,12,1 075,11.sept,0,1,1,0,0,0,2,0,0.8,0.8,0.6,01.mai,36,64,27,0.00,0.08,0.08,0.00,0.08,0.07,0.05,0.12,0.07,0.12
Youssef Aït Bennasser,ma MAR,MF,Saint-Étienne,22,1996,13,11,936,10.avr,0,0,0,0,0,0,0,0,0.3,0.3,0.4,0.7,6,67,12,0.00,0.00,0.00,0.00,0.00,0.02,0.04,0.07,0.02,0.07
Youssef Aït Bennasser,ma MAR,MF,Monaco,22,1996,13,12,1 073,11.sept,0,2,2,0,0,0,2,0,0.3,0.3,0.8,01.janv,21,86,13,0.00,0.17,0.17,0.00,0.17,0.02,0.07,0.09,0.02,0.09
Rayan Aït-Nouri,dz ALG,DF MF,Angers,17,2001,3,0,57,0.6,0,0,0,0,0,0,1,0,0.0,0.0,0.0,0.0,3,3,2,0.00,0.00,0.00,0.00,0.00,0.00,0.00,0.00,0.00,0.00
Ludovic Ajorque,fr FRA,FW,Strasbourg,24,1994,25,18,1 531,17.0,9,1,10,9,0,0,5,0,05.juil,05.juil,1.0,06.juil,11,25,126,0.53,0.06,0.59,0.53,0.59,0.34,0.06,0.40,0.34,0.40
Sofiane Alakouch,ma MAR,DF,Nîmes,20,1998,25,23,1 895,21.janv,1,0,1,1,0,0,4,0,0.5,0.5,01.mai,2.0,43,79,64,0.05,0.00,0.05,0.05,0.05,0.02,0.07,0.10,0.02,0.10
Alexis Alegue,fr FRA,FW,Nantes,21,1996,1,0,5,0.1,0,0,0,0,0,0,0,0,0.0,0.0,0.0,0.0,0,0,0,0.00,0.00,0.00,0.00,0.00,0.00,0.00,0.00,0.00,0.00
Rúnar Alex Rúnarsson,is ISL,GK,Dijon,23,1995,25,25,2 25,25.0,0,0,0,0,0,0,0,0,0.0,0.0,0.0,0.0,0,0,0,0.00,0.00,0.00,0.00,0.00,0.00,0.00,0.00,0.00,0.00
Rachid Alioui,ma MAR,FW,Nîmes,26,1992,27,11,1 252,13.sept,5,0,5,5,0,0,1,0,05.avr,05.avr,01.févr,06.juin,24,22,79,0.36,0.00,0.36,0.36,0.36,0.39,0.08,0.48,0.39,0.48
Bobby Allain,fr FRA,GK,Dijon,26,1991,13,13,1 17,13.0,0,0,0,0,0,0,1,0,0.0,0.0,0.0,0.0,0,0,0,0.00,0.00,0.00,0.00,0.00,0.00,0.00,0.00,0.00,0.00
Mickaël Alphonse,gp GLP,DF,Dijon,29,1989,11,6,571,06.mars,1,0,1,1,0,0,0,0,0.3,0.3,0.4,0.7,21,18,38,0.16,0.00,0.16,0.16,0.16,0.05,0.07,0.11,0.05,0.11
Dani Alves,br BRA,MF DF,Paris S-G,35,1983,23,19,1 622,18.0,1,7,8,1,0,0,4,0,01.août,01.août,06.avr,08.févr,41,163,131,0.06,0.39,0.44,0.06,0.44,0.10,0.36,0.46,0.10,0.46
Romain Amalfitano,fr FRA,MF FW,Dijon,28,1989,32,30,2 522,28.0,0,0,0,0,0,0,3,1,0.7,0.7,0.9,01.juin,44,134,62,0.00,0.00,0.00,0.00,0.00,0.02,0.03,0.06,0.02,0.06
Jordan Amavi,fr FRA,DF,Marseille,24,1994,28,24,2 177,24.févr,0,2,2,0,0,0,7,2,0.8,0.8,2.0,02.août,74,82,98,0.00,0.08,0.08,0.00,0.08,0.03,0.08,0.11,0.03,0.11
Kelvin Amian,fr FRA,DF,Toulouse,20,1998,32,32,2 88,32.0,0,1,1,0,0,0,6,0,0.6,0.6,0.8,01.avr,46,106,59,0.00,0.03,0.03,0.00,0.03,0.02,0.02,0.04,0.02,0.04
Yanis Ammour,fr FRA,MF,Montpellier,19,1999,1,0,2,0.0,0,0,0,0,0,0,0,0,0.0,0.0,0.0,0.0,0,0,0,0.00,0.00,0.00,0.00,0.00,0.00,0.00,0.00,0.00,0.00
Benjamin André,fr FRA,MF,Rennes,27,1990,30,28,2 495,27.juil,3,1,4,3,0,0,8,1,3.0,3.0,0.8,03.sept,52,185,86,0.11,0.04,0.14,0.11,0.14,0.11,0.03,0.14,0.11,0.14
Player,Nation,Pos,Squad,Age,Born,MP,Starts,Min,90s,Gls,Ast,G+A,G-PK,PK,PKatt,CrdY,CrdR,xG,npxG,xAG,npxG+xAG,PrgC,PrgP,PrgR,Gls,Ast,G+A,G-PK,G+A-PK,xG,xAG,xG+xAG,npxG,npxG+xAG
Yoann Andreu,fr FRA,DF,Angers,29,1989,1,0,4,0.0,0,0,0,0,0,0,0,0,0.0,0.0,0.0,0.0,0,0,0,0.00,0.00,0.00,0.00,0.00,0.00,0.00,0.00,0.00,0.00
Houssem Aouar,dz ALG,MF,Lyon,20,1998,37,35,3 061,34.0,7,7,14,7,0,0,2,0,06.août,06.août,04.juil,11.mai,96,274,163,0.21,0.21,0.41,0.21,0.41,0.20,0.14,0.34,0.20,0.34
Luiz Araújo,br BRA,FW MF,Lille,22,1996,25,6,781,08.juil,3,2,5,3,0,0,2,1,02.janv,02.janv,0.9,3.0,30,43,45,0.35,0.23,0.58,0.35,0.58,0.24,0.10,0.35,0.24,0.35
Alphonse Areola,fr FRA,GK,Paris S-G,25,1993,21,21,1 89,21.0,0,0,0,0,0,0,1,0,0.0,0.0,0.0,0.0,0,0,0,0.00,0.00,0.00,0.00,0.00,0.00,0.00,0.00,0.00,0.00
Yoël Armougom,fr FRA,DF,Caen,20,1998,29,20,1 853,20.juin,0,1,1,0,0,0,5,1,0.3,0.3,01.juil,2.0,45,67,49,0.00,0.05,0.05,0.00,0.05,0.01,0.08,0.10,0.01,0.10
Youcef Atal,dz ALG,DF FW,Nice,22,1996,29,25,2 263,25.janv,6,0,6,6,0,1,8,0,04.juin,03.sept,02.juin,06.mai,137,86,275,0.24,0.00,0.24,0.24,0.24,0.18,0.10,0.29,0.15,0.26
Ludovic Baal,gf GUF,DF,Rennes,32,1986,2,1,126,01.avr,0,0,0,0,0,0,0,0,0.0,0.0,0.0,0.0,2,5,2,0.00,0.00,0.00,0.00,0.00,0.00,0.00,0.00,0.00,0.00
Benoît Badiashile,fr FRA,DF,Monaco,17,2001,20,20,1 762,19.juin,1,0,1,1,0,0,4,0,0.8,0.8,0.1,0.9,18,93,2,0.05,0.00,0.05,0.05,0.05,0.04,0.00,0.04,0.04,0.04
Stéphane Bahoken,cm CMR,FW,Angers,26,1992,32,31,2 469,27.avr,11,1,12,9,2,3,3,0,09.mai,07.janv,02.juil,09.août,31,32,173,0.40,0.04,0.44,0.33,0.36,0.35,0.10,0.44,0.26,0.36
Fodé Ballo-Touré,sn SEN,DF,Lille,21,1997,18,18,1 593,17.juil,0,1,1,0,0,0,3,0,0.4,0.4,1.0,01.avr,36,65,63,0.00,0.06,0.06,0.00,0.06,0.02,0.06,0.08,0.02,0.08
Fodé Ballo-Touré,sn SEN,DF,Monaco,21,1997,18,18,1 594,17.juil,0,3,3,0,0,0,4,0,0.2,0.2,02.avr,02.juin,63,72,82,0.00,0.17,0.17,0.00,0.17,0.01,0.13,0.15,0.01,0.15
Florent Balmont,fr FRA,MF,Dijon,38,1980,20,15,1 076,12.0,0,1,1,0,0,0,3,0,0.1,0.1,01.févr,01.mars,15,75,13,0.00,0.08,0.08,0.00,0.08,0.01,0.10,0.11,0.01,0.11
Mario Balotelli,it ITA,FW,Nice,27,1990,10,9,752,08.avr,0,1,1,0,0,0,5,0,03.janv,03.janv,01.mai,04.juin,10,25,60,0.00,0.12,0.12,0.00,0.12,0.37,0.18,0.56,0.37,0.56
Mario Balotelli,it ITA,FW,Marseille,27,1990,15,12,933,10.avr,8,0,8,8,0,0,5,1,05.mai,05.mai,0.7,06.févr,17,18,38,0.77,0.00,0.77,0.77,0.77,0.53,0.06,0.60,0.53,0.60
Abdoulaye Bamba,ci CIV,DF,Angers,28,1990,30,29,2 573,28.juin,0,4,4,0,0,0,6,0,0.2,0.2,01.sept,02.janv,60,90,79,0.00,0.14,0.14,0.00,0.14,0.01,0.07,0.07,0.01,0.07
Jonathan Bamba,ci CIV,FW MF,Lille,22,1996,38,35,3 004,33.4,13,3,16,12,1,1,4,0,08.avr,07.juin,05.mars,13.0,112,125,265,0.39,0.09,0.48,0.36,0.45,0.25,0.16,0.41,0.23,0.39
Yacine Bammou,ma MAR,FW MF,Caen,26,1991,17,9,923,10.mars,2,0,2,1,1,1,2,0,01.avr,0.6,0.4,1.0,12,17,63,0.20,0.00,0.20,0.10,0.10,0.14,0.04,0.18,0.06,0.10
Danilo Barbosa,br BRA,MF,Nice,22,1996,22,18,1 548,17.févr,0,0,0,0,0,0,1,1,01.sept,01.sept,0.9,02.juil,27,62,63,0.00,0.00,0.00,0.00,0.00,0.11,0.05,0.16,0.11,0.16
Antonio Barreca,it ITA,DF,Monaco,23,1995,7,7,593,06.juin,0,1,1,0,0,0,0,0,0.2,0.2,0.3,0.5,15,18,29,0.00,0.15,0.15,0.00,0.15,0.02,0.05,0.08,0.02,0.08
Toma Bašić,hr CRO,MF,Bordeaux,21,1996,23,16,1 333,14.août,2,0,2,2,0,0,3,0,01.févr,01.févr,01.juil,3.0,20,64,58,0.14,0.00,0.14,0.14,0.14,0.08,0.12,0.20,0.08,0.20
Thomas Basila,fr FRA,DF,Nantes,19,1999,2,1,92,1.0,0,0,0,0,0,0,0,0,0.0,0.0,0.0,0.0,0,2,0,0.00,0.00,0.00,0.00,0.00,0.00,0.00,0.00,0.00,0.00
Paul Baysse,fr FRA,DF,Bordeaux,30,1988,1,0,74,0.8,0,0,0,0,0,0,1,0,0.0,0.0,0.0,0.0,0,2,0,0.00,0.00,0.00,0.00,0.00,0.00,0.00,0.00,0.00,0.00
Paul Baysse,fr FRA,DF,Caen,30,1988,20,20,1 788,19.sept,0,0,0,0,0,0,3,1,0.8,0.8,0.5,01.mars,5,34,4,0.00,0.00,0.00,0.00,0.00,0.04,0.02,0.07,0.04,0.07
Claudio Beauvue,gp GLP,FW MF,Caen,30,1988,25,16,1 499,16.juil,3,0,3,2,1,1,1,0,04.juil,03.sept,01.mars,05.févr,22,24,116,0.18,0.00,0.18,0.12,0.12,0.28,0.08,0.36,0.23,0.31
Hatem Ben Arfa,fr FRA,FW MF,Rennes,31,1987,26,23,2 033,22.juin,7,2,9,5,2,3,1,0,7.0,04.juin,04.juil,09.mars,121,112,114,0.31,0.09,0.40,0.22,0.31,0.31,0.21,0.51,0.20,0.41
Player,Nation,Pos,Squad,Age,Born,MP,Starts,Min,90s,Gls,Ast,G+A,G-PK,PK,PKatt,CrdY,CrdR,xG,npxG,xAG,npxG+xAG,PrgC,PrgP,PrgR,Gls,Ast,G+A,G-PK,G+A-PK,xG,xAG,xG+xAG,npxG,npxG+xAG
Diego Benaglio,ch SUI,GK,Monaco,34,1983,23,22,2 058,22.sept,0,0,0,0,0,0,2,0,0.0,0.0,0.0,0.0,0,0,0,0.00,0.00,0.00,0.00,0.00,0.00,0.00,0.00,0.00,0.00
Nicolas Benezet,fr FRA,MF FW,Guingamp,27,1991,25,18,1 666,18.mai,3,1,4,3,0,0,1,0,03.janv,03.janv,04.avr,07.mai,66,91,163,0.16,0.05,0.22,0.16,0.22,0.17,0.24,0.41,0.17,0.41
Walter Benítez,ar ARG,GK,Nice,25,1993,35,35,3 15,35.0,0,0,0,0,0,0,1,0,0.0,0.0,0.0,0.0,0,0,0,0.00,0.00,0.00,0.00,0.00,0.00,0.00,0.00,0.00,0.00
Yassine Benrahou,fr FRA,MF FW,Bordeaux,19,1999,4,1,177,2.0,0,0,0,0,0,0,0,0,0.3,0.3,0.2,0.5,6,3,19,0.00,0.00,0.00,0.00,0.00,0.14,0.12,0.26,0.14,0.26
Ramy Bensebaini,dz ALG,DF,Rennes,23,1995,25,24,2 152,23.sept,1,0,1,1,0,0,9,0,01.févr,01.févr,01.janv,02.mars,61,92,93,0.04,0.00,0.04,0.04,0.04,0.05,0.04,0.10,0.05,0.10
Yassine Benzia,dz ALG,MF,Lille,23,1994,2,2,160,01.août,0,1,1,0,0,0,0,0,0.2,0.2,0.6,0.8,5,18,6,0.00,0.56,0.56,0.00,0.56,0.12,0.33,0.45,0.12,0.45
Robert Berić,si SVN,FW,Saint-Étienne,27,1991,23,12,1 175,13.janv,9,1,10,9,0,0,0,0,07.mai,07.mai,01.juil,09.févr,6,16,52,0.69,0.08,0.77,0.69,0.77,0.58,0.13,0.70,0.58,0.70
Paul Bernardoni,fr FRA,GK,Nîmes,21,1997,38,38,3 42,38.0,0,0,0,0,0,0,0,0,0.0,0.0,0.0,0.0,0,0,0,0.00,0.00,0.00,0.00,0.00,0.00,0.00,0.00,0.00,0.00
Juan Bernat,es ESP,DF MF,Paris S-G,25,1993,25,21,1 836,20.avr,1,2,3,1,0,0,6,1,0.8,0.8,02.juil,03.mai,50,73,152,0.05,0.10,0.15,0.05,0.15,0.04,0.13,0.17,0.04,0.17
Antoine Bernede,fr FRA,MF,Paris S-G,19,1999,2,2,169,01.sept,0,0,0,0,0,0,0,0,0.0,0.0,0.0,0.1,0,22,4,0.00,0.00,0.00,0.00,0.00,0.01,0.02,0.03,0.01,0.03
Dimitry Bertaud,cd COD,GK,Montpellier,20,1998,1,1,90,1.0,0,0,0,0,0,0,0,0,0.0,0.0,0.0,0.0,0,0,0,0.00,0.00,0.00,0.00,0.00,0.00,0.00,0.00,0.00,0.00
Giulian Biancone,fr FRA,DF,Monaco,18,2000,1,1,90,1.0,0,0,0,0,0,0,0,0,0.0,0.0,0.0,0.0,0,6,4,0.00,0.00,0.00,0.00,0.00,0.03,0.00,0.03,0.03,0.03
Ludovic Blas,fr FRA,MF FW,Guingamp,20,1997,34,27,2 372,26.avr,1,6,7,0,1,1,5,0,03.mars,02.mai,03.févr,05.juil,58,140,81,0.04,0.23,0.27,0.00,0.23,0.13,0.12,0.25,0.10,0.22
Alexis Blin,fr FRA,MF,Amiens,21,1996,27,25,1 99,22.janv,1,1,2,1,0,0,4,0,0.4,0.4,0.3,0.7,8,93,20,0.05,0.05,0.09,0.05,0.09,0.02,0.01,0.03,0.02,0.03
Antonin Bobichon,fr FRA,MF,Nîmes,22,1995,30,24,2 153,23.sept,7,2,9,7,0,0,2,0,01.sept,01.sept,02.avr,04.mars,41,94,45,0.29,0.08,0.38,0.29,0.38,0.08,0.10,0.18,0.08,0.18
Yann Bodiger,fr FRA,MF,Toulouse,23,1995,1,0,13,0.1,0,0,0,0,0,0,0,0,0.0,0.0,0.0,0.0,0,2,0,0.00,0.00,0.00,0.00,0.00,0.00,0.00,0.00,0.00,0.00
Mathieu Bodmer,fr FRA,MF FW,Amiens,35,1982,26,10,1 073,11.sept,1,0,1,1,0,0,1,0,0.9,0.9,1.0,01.sept,7,76,50,0.08,0.00,0.08,0.08,0.08,0.08,0.09,0.16,0.08,0.16
Sacha Boey,fr FRA,DF,Rennes,17,2000,1,0,14,0.2,0,0,0,0,0,0,0,0,0.0,0.0,0.0,0.0,0,0,0,0.00,0.00,0.00,0.00,0.00,0.00,0.00,0.00,0.00,0.00
Olivier Boscagli,fr FRA,DF,Nice,20,1997,14,10,863,09.juin,0,1,1,0,0,0,1,0,0.3,0.3,0.9,01.févr,15,55,35,0.00,0.10,0.10,0.00,0.10,0.03,0.10,0.12,0.03,0.12
Gabriel Boschilia,br BRA,FW MF,Nantes,22,1996,29,14,1 319,14.juil,4,4,8,4,0,0,1,0,04.avr,04.avr,01.juin,6.0,39,44,82,0.27,0.27,0.55,0.27,0.55,0.30,0.11,0.41,0.30,0.41
John Bostock,tt TRI,MF,Toulouse,26,1992,16,10,984,10.sept,0,0,0,0,0,0,1,0,0.2,0.2,0.8,1.0,5,58,12,0.00,0.00,0.00,0.00,0.00,0.02,0.07,0.09,0.02,0.09
Denis Bouanga,ga GAB,MF FW,Nîmes,23,1994,35,29,2 633,29.mars,8,2,10,8,0,0,5,0,07.août,07.août,03.févr,11.0,102,47,195,0.27,0.07,0.34,0.27,0.34,0.27,0.11,0.38,0.27,0.38
Zacharie Boucher,fr FRA,GK,Angers,26,1992,2,2,180,2.0,0,0,0,0,0,0,0,0,0.0,0.0,0.0,0.0,0,0,0,0.00,0.00,0.00,0.00,0.00,0.00,0.00,0.00,0.00,0.00
Arnold Bouka Moutou,cg CGO,DF FW,Dijon,29,1988,3,0,66,0.7,0,0,0,0,0,0,0,0,0.0,0.0,0.0,0.0,2,3,1,0.00,0.00,0.00,0.00,0.00,0.03,0.00,0.03,0.03,0.03
Benjamin Bourigeaud,fr FRA,MF FW,Rennes,24,1994,34,28,2 425,26.sept,6,5,11,4,2,3,5,0,06.mai,04.févr,02.avr,06.juin,53,123,167,0.22,0.19,0.41,0.15,0.33,0.24,0.09,0.33,0.16,0.24
Player,Nation,Pos,Squad,Age,Born,MP,Starts,Min,90s,Gls,Ast,G+A,G-PK,PK,PKatt,CrdY,CrdR,xG,npxG,xAG,npxG+xAG,PrgC,PrgP,PrgR,Gls,Ast,G+A,G-PK,G+A-PK,xG,xAG,xG+xAG,npxG,npxG+xAG
Bilal Boutobba,fr FRA,FW MF,Montpellier,19,1998,2,0,32,0.4,0,0,0,0,0,0,0,0,0.1,0.1,0.1,0.2,7,3,2,0.00,0.00,0.00,0.00,0.00,0.31,0.15,0.46,0.31,0.46
Umut Bozok,tr TUR,FW,Nîmes,21,1996,25,14,1 235,13.juil,2,3,5,2,0,2,1,0,04.mars,02.juil,2.0,04.juil,14,15,74,0.15,0.22,0.36,0.15,0.36,0.31,0.15,0.46,0.20,0.35
Pedro Brazão,pt POR,MF FW,Nice,15,2002,1,0,14,0.2,0,0,0,0,0,0,0,0,0.0,0.0,0.0,0.0,1,0,1,0.00,0.00,0.00,0.00,0.00,0.00,0.28,0.28,0.00,0.28
Anthony Briançon,fr FRA,DF,Nîmes,23,1994,33,33,2 924,32.5,2,2,4,2,0,0,9,1,03.janv,03.janv,0.4,03.mai,14,75,1,0.06,0.06,0.12,0.06,0.12,0.09,0.01,0.11,0.09,0.11
Jimmy Briand,fr FRA,FW,Bordeaux,32,1985,35,28,2 495,27.juil,7,3,10,6,1,1,1,0,7.0,06.févr,02.sept,09.janv,26,72,155,0.25,0.11,0.36,0.22,0.32,0.25,0.11,0.36,0.22,0.33
Gianluigi Buffon,it ITA,GK,Paris S-G,40,1978,17,17,1 53,17.0,0,0,0,0,0,0,0,0,0.0,0.0,0.0,0.0,0,1,0,0.00,0.00,0.00,0.00,0.00,0.00,0.00,0.00,0.00,0.00
Patrick Burner,mq MTQ,DF,Nice,22,1996,17,15,1 352,15.0,0,0,0,0,0,0,3,0,0.2,0.2,01.mai,01.août,20,45,49,0.00,0.00,0.00,0.00,0.00,0.02,0.10,0.12,0.02,0.12
Ludovic Butelle,fr FRA,GK,Angers,35,1983,36,36,3 239,36.0,0,0,0,0,0,0,1,1,0.0,0.0,0.0,0.0,0,0,0,0.00,0.00,0.00,0.00,0.00,0.00,0.00,0.00,0.00,0.00
Rémy Cabella,fr FRA,MF FW,Saint-Étienne,28,1990,34,34,2 997,33.3,8,4,12,7,1,1,5,1,09.sept,09.janv,05.avr,14.mai,224,279,270,0.24,0.12,0.36,0.21,0.33,0.30,0.16,0.46,0.27,0.44
Anthony Caci,fr FRA,DF,Strasbourg,21,1997,29,26,2 298,25.mai,0,1,1,0,0,0,1,0,0.2,0.2,0.7,0.8,32,94,51,0.00,0.04,0.04,0.00,0.04,0.01,0.03,0.03,0.01,0.03
Mathieu Cafaro,fr FRA,FW MF,Reims,21,1997,34,24,2 095,23.mars,7,3,10,7,0,0,5,0,03.juin,03.juin,02.sept,06.mai,62,79,133,0.30,0.13,0.43,0.30,0.43,0.15,0.13,0.28,0.15,0.28
Yannick Cahuzac,fr FRA,MF DF,Toulouse,33,1985,23,15,1 431,15.sept,1,0,1,1,0,0,8,1,0.3,0.3,0.5,0.8,5,38,7,0.06,0.00,0.06,0.06,0.06,0.02,0.03,0.05,0.02,0.05
Marc-Aurèle Caillard,fr FRA,GK,Guingamp,24,1994,21,21,1 89,21.0,0,0,0,0,0,0,0,0,0.0,0.0,0.0,0.0,0,0,0,0.00,0.00,0.00,0.00,0.00,0.00,0.00,0.00,0.00,0.00
Duje Ćaleta-Car,hr CRO,DF,Marseille,21,1996,20,17,1 547,17.févr,0,0,0,0,0,0,1,2,0.8,0.8,0.0,0.8,13,40,2,0.00,0.00,0.00,0.00,0.00,0.05,0.00,0.05,0.05,0.05
Mahdi Camara,fr FRA,FW,Saint-Étienne,20,1998,1,0,10,0.1,0,0,0,0,0,0,0,0,0.0,0.0,0.0,0.0,0,0,0,0.00,0.00,0.00,0.00,0.00,0.00,0.00,0.00,0.00,0.00
Souleymane Camara,sn SEN,FW MF,Montpellier,35,1982,12,0,137,01.mai,3,0,3,3,0,0,0,0,0.9,0.9,0.2,01.janv,4,5,21,janv.97,0.00,janv.97,janv.97,janv.97,0.59,0.14,0.73,0.59,0.73
Eduardo Camavinga,fr FRA,MF,Rennes,15,2002,7,4,364,4.0,0,0,0,0,0,0,1,0,0.1,0.1,0.3,0.4,9,18,6,0.00,0.00,0.00,0.00,0.00,0.02,0.07,0.09,0.02,0.09
Pierrick Capelle,fr FRA,DF MF,Angers,31,1987,26,21,1 842,20.mai,3,3,6,3,0,0,2,0,02.juil,02.juil,03.mars,06.janv,45,74,74,0.15,0.15,0.29,0.15,0.29,0.13,0.16,0.30,0.13,0.30
Yoan Cardinale,fr FRA,GK,Nice,24,1994,3,3,270,3.0,0,0,0,0,0,0,0,0,0.0,0.0,0.0,0.0,0,0,0,0.00,0.00,0.00,0.00,0.00,0.00,0.00,0.00,0.00,0.00
Diego Carlos,br BRA,DF,Nantes,25,1993,35,35,3 148,35.0,1,0,1,1,0,0,8,0,2.0,2.0,0.5,02.avr,20,138,9,0.03,0.00,0.03,0.03,0.03,0.06,0.01,0.07,0.06,0.07
Louis Carnot,fr FRA,MF,Guingamp,17,2001,1,0,8,0.1,0,0,0,0,0,0,0,0,0.0,0.0,0.4,0.4,0,0,2,0.00,0.00,0.00,0.00,0.00,0.00,avr.89,avr.89,0.00,avr.89
Lionel Carole,fr FRA,DF FW,Strasbourg,27,1991,23,20,1 727,19.févr,0,3,3,0,0,0,2,0,0.5,0.5,01.juin,02.janv,53,97,99,0.00,0.16,0.16,0.00,0.16,0.02,0.08,0.11,0.02,0.11
Moreto Cassamã,gw GNB,MF,Reims,20,1998,1,1,59,0.7,0,0,0,0,0,0,0,0,0.0,0.0,0.0,0.0,0,4,2,0.00,0.00,0.00,0.00,0.00,0.00,0.00,0.00,0.00,0.00
Edinson Cavani,uy URU,FW,Paris S-G,31,1987,21,20,1 671,18.juin,18,5,23,14,4,5,1,0,14.mai,10.juin,03.juin,14.janv,16,16,122,0.97,0.27,janv.24,0.75,01.févr,0.78,0.19,0.97,0.57,0.76
Zeki Çelik,tr TUR,DF,Lille,21,1997,34,34,2 971,33.0,1,5,6,1,0,0,5,1,01.janv,01.janv,02.juil,03.sept,58,117,181,0.03,0.15,0.18,0.03,0.18,0.03,0.08,0.12,0.03,0.12
Player,Nation,Pos,Squad,Age,Born,MP,Starts,Min,90s,Gls,Ast,G+A,G-PK,PK,PKatt,CrdY,CrdR,xG,npxG,xAG,npxG+xAG,PrgC,PrgP,PrgR,Gls,Ast,G+A,G-PK,G+A-PK,xG,xAG,xG+xAG,npxG,npxG+xAG
Nacer Chadli,be BEL,MF DF,Monaco,28,1989,16,9,691,07.juil,0,0,0,0,0,0,1,0,0.1,0.1,0.6,0.7,21,26,51,0.00,0.00,0.00,0.00,0.00,0.01,0.08,0.09,0.01,0.09
Fouad Chafik,ma MAR,DF,Dijon,31,1986,21,21,1 847,20.mai,0,2,2,0,0,0,2,0,0.3,0.3,01.sept,02.févr,48,75,68,0.00,0.10,0.10,0.00,0.10,0.01,0.09,0.11,0.01,0.11
Kwon Chang-hoon,kr KOR,FW MF,Dijon,24,1994,19,10,938,10.avr,2,0,2,2,0,0,1,0,01.juil,01.juil,0.8,02.mai,20,37,83,0.19,0.00,0.19,0.19,0.19,0.16,0.08,0.24,0.16,0.24
Xavier Chavalerin,fr FRA,MF,Reims,27,1991,36,36,3 24,36.0,2,2,4,2,0,0,8,0,1.0,1.0,03.juin,04.juin,25,148,49,0.06,0.06,0.11,0.06,0.11,0.03,0.10,0.13,0.03,0.13
Pablo Chavarría,ar ARG,FW,Reims,30,1988,30,23,1 973,21.sept,5,3,8,5,0,0,3,0,05.août,05.août,01.juin,07.mars,28,27,141,0.23,0.14,0.36,0.23,0.36,0.26,0.07,0.33,0.26,0.33
Pape Cheikh Diop,sn SEN,MF,Lyon,20,1997,12,5,454,5.0,0,0,0,0,0,0,3,0,0.4,0.4,0.1,0.5,4,14,15,0.00,0.00,0.00,0.00,0.00,0.08,0.02,0.09,0.08,0.09
Laurent Ciman,be BEL,DF,Dijon,32,1985,9,7,717,8.0,0,0,0,0,0,0,3,0,0.4,0.4,0.4,0.8,1,39,0,0.00,0.00,0.00,0.00,0.00,0.05,0.05,0.10,0.05,0.10
Till Cissokho,fr FRA,DF,Bordeaux,18,2000,1,1,78,0.9,0,0,0,0,0,0,0,0,0.0,0.0,0.1,0.1,1,0,0,0.00,0.00,0.00,0.00,0.00,0.00,0.06,0.06,0.00,0.06
Marcus Coco,fr FRA,FW MF,Guingamp,22,1996,33,21,1 84,20.avr,1,2,3,1,0,0,3,1,02.août,02.août,01.mars,04.janv,63,43,186,0.05,0.10,0.15,0.05,0.15,0.14,0.06,0.20,0.14,0.20
Racine Coly,sn SEN,DF MF,Nice,22,1995,9,6,503,05.juin,0,1,1,0,0,0,2,0,0.2,0.2,0.3,0.5,13,20,27,0.00,0.18,0.18,0.00,0.18,0.03,0.05,0.08,0.03,0.08
Daniel Congré,fr FRA,DF,Montpellier,33,1985,37,37,3 292,36.6,2,2,4,2,0,0,5,1,02.mars,02.mars,0.8,03.janv,22,169,20,0.05,0.05,0.11,0.05,0.11,0.06,0.02,0.09,0.06,0.09
Benjamin Corgnet,fr FRA,MF FW,Strasbourg,31,1987,17,6,671,07.mai,1,2,3,1,0,0,0,0,01.juin,01.juin,1.0,02.juin,9,24,45,0.13,0.27,0.40,0.13,0.40,0.22,0.13,0.35,0.22,0.35
Andreas Cornelius,dk DEN,FW,Bordeaux,25,1993,20,6,792,08.août,3,1,4,3,0,0,4,0,02.mars,02.mars,0.5,02.août,6,10,58,0.34,0.11,0.45,0.34,0.45,0.26,0.06,0.32,0.26,0.32
Maxwel Cornet,ci CIV,FW,Lyon,21,1996,27,12,1 281,14.févr,7,5,12,7,0,0,2,0,07.avr,07.avr,04.janv,11.mai,62,22,198,0.49,0.35,0.84,0.49,0.84,0.52,0.29,0.81,0.52,0.81
Quentin Cornette,fr FRA,FW MF,Amiens,24,1994,5,3,209,02.mars,0,0,0,0,0,0,0,0,0.2,0.2,0.0,0.2,9,5,11,0.00,0.00,0.00,0.00,0.00,0.09,0.00,0.09,0.09,0.09
Nuno da Costa,cv CPV,FW,Strasbourg,27,1991,34,22,2 052,22.août,8,5,13,7,1,1,3,0,05.avr,04.juil,3.0,07.juil,32,41,180,0.35,0.22,0.57,0.31,0.53,0.24,0.13,0.37,0.20,0.34
Benoît Costil,fr FRA,GK,Bordeaux,31,1987,37,37,3 33,37.0,0,0,0,0,0,0,0,0,0.0,0.0,0.1,0.1,0,0,0,0.00,0.00,0.00,0.00,0.00,0.00,0.00,0.00,0.00,0.00
Kalifa Coulibaly,ml MLI,FW,Nantes,26,1991,32,19,1 751,19.mai,8,2,10,7,1,1,6,1,09.mai,08.juil,01.mai,10.mars,32,31,132,0.41,0.10,0.51,0.36,0.46,0.49,0.08,0.57,0.45,0.53
Senou Coulibaly,ml MLI,DF,Dijon,23,1994,9,6,411,04.juin,1,0,1,1,0,0,1,1,0.2,0.2,0.3,0.5,1,9,0,0.22,0.00,0.22,0.22,0.22,0.05,0.07,0.12,0.05,0.12
Nicolas Cozza,fr FRA,DF,Montpellier,19,1999,12,11,984,10.sept,0,1,1,0,0,0,0,0,0.0,0.0,0.5,0.5,12,35,14,0.00,0.09,0.09,0.00,0.09,0.00,0.05,0.05,0.00,0.05
Enzo Crivelli,fr FRA,FW,Caen,23,1995,33,28,2 26,25.janv,6,1,7,6,0,0,7,0,05.janv,05.janv,0.9,6.0,17,29,123,0.24,0.04,0.28,0.24,0.28,0.20,0.04,0.24,0.20,0.24
Wylan Cyprien,fr FRA,MF,Nice,23,1995,29,27,2 36,26.févr,4,1,5,3,1,2,2,1,05.févr,03.juin,05.févr,08.août,29,197,44,0.15,0.04,0.19,0.11,0.15,0.20,0.20,0.39,0.14,0.33
Damien Da Silva,fr FRA,DF,Rennes,30,1988,33,32,2 874,31.9,2,1,3,2,0,0,4,0,02.janv,02.janv,0.2,02.mars,21,74,5,0.06,0.03,0.09,0.06,0.09,0.07,0.01,0.07,0.07,0.07
Kouadio-Yves Dabila,ci CIV,DF,Lille,21,1997,12,8,782,08.juil,0,0,0,0,0,0,2,0,0.1,0.1,0.0,0.1,1,9,0,0.00,0.00,0.00,0.00,0.00,0.01,0.00,0.01,0.01,0.01
Abdoulaye Dabo,fr FRA,FW,Nantes,17,2001,2,2,116,01.mars,0,0,0,0,0,0,0,0,0.0,0.0,0.3,0.3,2,6,5,0.00,0.00,0.00,0.00,0.00,0.00,0.26,0.26,0.00,0.26
Player,Nation,Pos,Squad,Age,Born,MP,Starts,Min,90s,Gls,Ast,G+A,G-PK,PK,PKatt,CrdY,CrdR,xG,npxG,xAG,npxG+xAG,PrgC,PrgP,PrgR,Gls,Ast,G+A,G-PK,G+A-PK,xG,xAG,xG+xAG,npxG,npxG+xAG
Colin Dagba,fr FRA,DF MF,Paris S-G,19,1998,17,9,918,10.févr,0,2,2,0,0,0,2,0,0.1,0.1,01.sept,2.0,22,25,80,0.00,0.20,0.20,0.00,0.20,0.01,0.19,0.20,0.01,0.20
Dante,br BRA,DF,Nice,34,1983,36,36,3 226,35.8,1,1,2,1,0,0,11,0,01.août,01.août,0.3,2.0,10,81,2,0.03,0.03,0.06,0.03,0.06,0.05,0.01,0.06,0.05,0.06
Lucas Deaux,fr FRA,MF,Guingamp,29,1988,18,17,1 188,13.févr,3,1,4,3,0,0,4,0,01.sept,01.sept,01.mai,03.avr,19,58,39,0.23,0.08,0.30,0.23,0.30,0.14,0.11,0.26,0.14,0.26
Mathieu Debuchy,fr FRA,DF,Saint-Étienne,33,1985,24,23,1 941,21.juin,4,3,7,4,0,0,5,1,02.mars,02.mars,02.mars,04.juin,31,79,105,0.19,0.14,0.32,0.19,0.32,0.10,0.11,0.21,0.10,0.21
Romain Del Castillo,fr FRA,MF FW,Rennes,22,1996,29,15,1 343,14.sept,0,3,3,0,0,0,1,0,0.8,0.8,3.0,03.août,69,49,151,0.00,0.20,0.20,0.00,0.20,0.05,0.20,0.26,0.05,0.26
Andy Delort,dz ALG,FW,Montpellier,26,1991,36,36,3 115,34.6,14,7,21,11,3,3,4,0,15.févr,12.août,08.mars,21.janv,79,102,345,0.40,0.20,0.61,0.32,0.52,0.44,0.24,0.68,0.37,0.61
Moussa Dembélé,fr FRA,FW,Lyon,22,1996,33,21,2 016,22.avr,15,4,19,14,1,2,1,0,17.janv,15.mai,02.juil,18.févr,44,24,164,0.67,0.18,0.85,0.62,0.80,0.76,0.12,0.88,0.69,0.81
Jessy Deminguet,fr FRA,MF,Caen,20,1998,20,15,1 269,14.janv,0,0,0,0,0,0,2,0,0.2,0.2,0.2,0.4,30,38,17,0.00,0.00,0.00,0.00,0.00,0.02,0.01,0.03,0.02,0.03
Jason Denayer,be BEL,DF,Lyon,23,1995,31,31,2 754,30.juin,2,0,2,2,0,0,2,0,01.juil,01.juil,0.4,02.janv,38,136,3,0.07,0.00,0.07,0.07,0.07,0.06,0.01,0.07,0.06,0.07
Clément Depres,fr FRA,FW,Nîmes,23,1994,17,4,441,04.sept,4,0,4,4,0,0,1,0,02.mars,02.mars,0.2,02.avr,9,13,31,0.82,0.00,0.82,0.82,0.82,0.46,0.03,0.50,0.46,0.50
Ángel Di María,ar ARG,FW MF,Paris S-G,30,1988,30,28,2 324,25.août,12,11,23,12,0,0,2,0,08.juil,08.juil,07.août,16.mai,98,151,277,0.46,0.43,0.89,0.46,0.89,0.34,0.30,0.64,0.34,0.64
Boulaye Dia,sn SEN,FW,Reims,21,1996,18,8,747,08.mars,3,0,3,3,0,0,2,0,03.juil,03.juil,0.8,04.mai,20,12,63,0.36,0.00,0.36,0.36,0.36,0.44,0.09,0.54,0.44,0.54
Moussa Diaby,fr FRA,MF DF,Paris S-G,19,1999,25,10,1 141,12.juil,2,6,8,2,0,0,1,0,02.févr,02.févr,03.sept,06.févr,60,37,148,0.16,0.47,0.63,0.16,0.63,0.18,0.31,0.49,0.18,0.49
Bafodé Diakité,fr FRA,DF,Toulouse,17,2001,9,7,633,7.0,1,0,1,1,0,0,2,0,0.1,0.1,0.1,0.1,8,24,24,0.14,0.00,0.14,0.14,0.14,0.01,0.01,0.02,0.01,0.02
Abdoulaye Diallo,sn SEN,GK,Rennes,26,1992,6,6,495,05.mai,0,0,0,0,0,0,0,0,0.0,0.0,0.0,0.0,0,0,0,0.00,0.00,0.00,0.00,0.00,0.00,0.00,0.00,0.00,0.00
Mustapha Diallo,sn SEN,MF,Nîmes,32,1986,7,6,455,05.janv,0,1,1,0,0,0,5,0,0.4,0.4,0.1,0.4,0,14,2,0.00,0.20,0.20,0.00,0.20,0.07,0.02,0.09,0.07,0.09
Lassana Diarra,fr FRA,MF,Paris S-G,33,1985,3,2,159,01.août,0,0,0,0,0,0,0,0,0.0,0.0,0.0,0.0,0,11,0,0.00,0.00,0.00,0.00,0.00,0.00,0.02,0.02,0.00,0.02
Bakaye Dibassy,ml MLI,DF,Amiens,28,1989,34,32,2 942,32.7,1,1,2,1,0,0,5,1,01.mars,01.mars,0.5,01.août,37,94,68,0.03,0.03,0.06,0.03,0.06,0.04,0.01,0.05,0.04,0.05
Étienne Didot,fr FRA,MF,Guingamp,35,1983,31,23,2 105,23.avr,1,1,2,1,0,0,4,0,0.8,0.8,01.sept,02.juil,15,150,35,0.04,0.04,0.09,0.04,0.09,0.03,0.08,0.12,0.03,0.12
Tristan Dingomé,cm CMR,MF,Reims,27,1991,20,17,1 344,14.sept,1,3,4,1,0,0,5,0,0.4,0.4,02.févr,02.juin,7,93,78,0.07,0.20,0.27,0.07,0.27,0.03,0.15,0.18,0.03,0.18
Ismaël Diomandé,ci CIV,MF DF,Caen,25,1992,18,14,1 293,14.avr,0,1,1,0,0,0,5,1,0.2,0.2,0.3,0.5,6,50,4,0.00,0.07,0.07,0.00,0.07,0.02,0.02,0.04,0.02,0.04
Lois Diony,fr FRA,FW,Saint-Étienne,25,1992,30,19,1 591,17.juil,5,1,6,5,0,0,3,0,08.janv,08.janv,01.août,10.0,34,18,157,0.28,0.06,0.34,0.28,0.34,0.46,0.10,0.56,0.46,0.56
Sofiane Diop,fr FRA,MF FW,Monaco,18,2000,13,9,741,08.févr,0,0,0,0,0,0,1,0,0.6,0.6,1.0,01.juin,24,18,64,0.00,0.00,0.00,0.00,0.00,0.07,0.12,0.19,0.07,0.19
Assane Dioussé,sn SEN,MF,Saint-Étienne,20,1997,7,2,217,02.avr,0,0,0,0,0,0,0,0,0.0,0.0,0.6,0.6,4,15,6,0.00,0.00,0.00,0.00,0.00,0.02,0.25,0.27,0.02,0.27
Axel Disasi,fr FRA,DF,Reims,20,1998,4,1,159,01.août,0,0,0,0,0,0,0,0,0.0,0.0,0.1,0.1,0,2,3,0.00,0.00,0.00,0.00,0.00,0.00,0.03,0.03,0.00,0.03
Player,Nation,Pos,Squad,Age,Born,MP,Starts,Min,90s,Gls,Ast,G+A,G-PK,PK,PKatt,CrdY,CrdR,xG,npxG,xAG,npxG+xAG,PrgC,PrgP,PrgR,Gls,Ast,G+A,G-PK,G+A-PK,xG,xAG,xG+xAG,npxG,npxG+xAG
Koffi Djidji,ci CIV,DF,Nantes,25,1992,1,1,90,1.0,0,0,0,0,0,0,0,0,0.0,0.0,0.0,0.0,0,5,0,0.00,0.00,0.00,0.00,0.00,0.00,0.00,0.00,0.00,0.00
Alexander Djiku,gh GHA,DF,Caen,23,1994,31,31,2 754,30.juin,1,0,1,1,0,0,9,1,01.févr,01.févr,0.3,01.avr,7,68,3,0.03,0.00,0.03,0.03,0.03,0.04,0.01,0.05,0.04,0.05
Papy Djilobodji,sn SEN,DF,Guingamp,29,1988,4,2,175,01.sept,0,0,0,0,0,0,1,1,0.1,0.1,0.1,0.2,0,10,1,0.00,0.00,0.00,0.00,0.00,0.06,0.03,0.09,0.06,0.09
Keagan Dolly,za RSA,FW,Montpellier,25,1993,3,2,88,1.0,0,0,0,0,0,0,0,0,0.0,0.0,0.1,0.1,2,7,5,0.00,0.00,0.00,0.00,0.00,0.04,0.07,0.11,0.04,0.11
Mathieu Dossevi,tg TOG,FW MF,Toulouse,30,1988,35,30,2 469,27.avr,4,2,6,4,0,0,0,0,02.mai,02.mai,04.sept,07.avr,119,53,256,0.15,0.07,0.22,0.15,0.22,0.09,0.18,0.27,0.09,0.27
Moussa Doumbia,ml MLI,FW MF,Reims,23,1994,28,18,1 6,17.août,3,1,4,3,0,0,5,0,01.avr,01.avr,2.0,03.mai,75,73,128,0.17,0.06,0.23,0.17,0.23,0.08,0.11,0.19,0.08,0.19
Souleyman Doumbia,ci CIV,DF,Rennes,21,1996,7,7,605,06.juil,0,0,0,0,0,0,0,0,0.0,0.0,0.0,0.0,13,26,22,0.00,0.00,0.00,0.00,0.00,0.00,0.00,0.00,0.00,0.00
Julian Draxler,de GER,MF FW,Paris S-G,24,1993,31,22,2 046,22.juil,3,7,10,3,0,0,6,0,04.janv,04.janv,5.0,09.janv,93,193,169,0.13,0.31,0.44,0.13,0.44,0.18,0.22,0.40,0.18,0.40
Leo Dubois,fr FRA,DF,Lyon,23,1994,25,21,2 044,22.juil,1,6,7,1,0,0,2,0,0.9,0.9,04.mai,05.avr,86,129,157,0.04,0.26,0.31,0.04,0.31,0.04,0.20,0.24,0.04,0.24
Maxime Dupé,fr FRA,GK,Nantes,25,1993,11,10,940,10.avr,0,0,0,0,0,0,1,0,0.0,0.0,0.0,0.0,0,0,0,0.00,0.00,0.00,0.00,0.00,0.00,0.00,0.00,0.00,0.00
Jimmy Durmaz,se SWE,MF FW,Toulouse,29,1989,36,21,1 899,21.janv,4,1,5,2,2,2,5,0,04.avr,02.août,02.sept,05.juil,60,144,110,0.19,0.05,0.24,0.09,0.14,0.21,0.14,0.35,0.13,0.27
Félix Eboa Eboa,cm CMR,DF,Guingamp,21,1997,27,27,2 426,27.0,3,0,3,3,0,0,5,0,01.juil,01.juil,0.3,2.0,9,74,3,0.11,0.00,0.11,0.11,0.11,0.06,0.01,0.08,0.06,0.08
Björn Engels,be BEL,DF,Reims,23,1994,33,33,2 97,33.0,1,1,2,1,0,0,4,0,01.janv,01.janv,01.mars,02.mai,20,104,4,0.03,0.03,0.06,0.03,0.06,0.03,0.04,0.07,0.03,0.07
Lucas Evangelista,br BRA,FW MF,Nantes,23,1995,14,9,720,8.0,1,0,1,1,0,0,0,0,0.8,0.8,0.1,0.9,14,34,61,0.12,0.00,0.12,0.12,0.12,0.10,0.02,0.12,0.10,0.12
Valentin Eysseric,fr FRA,MF FW,Nantes,26,1992,5,3,209,02.mars,1,0,1,0,1,2,1,0,01.sept,0.4,0.3,0.7,6,6,13,0.43,0.00,0.43,0.00,0.00,0.83,0.14,0.98,0.15,0.30
Fábio,br BRA,DF FW,Nantes,28,1990,20,15,1 276,14.févr,0,2,2,0,0,0,4,1,0.1,0.1,1.0,1.0,44,47,55,0.00,0.14,0.14,0.00,0.14,0.01,0.07,0.07,0.01,0.07
Cesc Fàbregas,es ESP,MF,Monaco,31,1987,13,12,966,10.juil,1,0,1,1,0,0,2,0,01.mai,01.mai,1.0,02.mai,12,113,31,0.09,0.00,0.09,0.09,0.09,0.14,0.09,0.23,0.14,0.23
Romain Faivre,fr FRA,MF,Monaco,20,1998,1,1,90,1.0,0,0,0,0,0,0,1,0,0.1,0.1,0.0,0.1,5,7,9,0.00,0.00,0.00,0.00,0.00,0.12,0.03,0.15,0.12,0.15
Fayçal Fajr,ma MAR,MF,Caen,29,1988,36,36,3 24,36.0,5,4,9,4,1,1,6,0,03.févr,02.avr,05.juil,08.févr,39,225,59,0.14,0.11,0.25,0.11,0.22,0.09,0.16,0.25,0.07,0.23
Radamel Falcao,co COL,FW,Monaco,32,1986,33,29,2 557,28.avr,15,2,17,12,3,4,10,0,15.févr,12.0,2.0,14.0,22,47,166,0.53,0.07,0.60,0.42,0.49,0.53,0.07,0.60,0.42,0.49
Nabil Fekir,fr FRA,MF,Lyon,25,1993,29,24,1 988,22.janv,9,7,16,5,4,6,5,0,10.févr,05.mai,05.avr,10.sept,62,134,175,0.41,0.32,0.72,0.23,0.54,0.46,0.24,0.71,0.25,0.49
Yassin Fekir,fr FRA,FW,Lyon,21,1997,1,0,12,0.1,0,0,0,0,0,0,0,0,0.0,0.0,0.1,0.1,1,0,2,0.00,0.00,0.00,0.00,0.00,0.19,0.42,0.61,0.19,0.61
Juan Ferney Otero,co COL,FW MF,Amiens,23,1995,33,24,2 175,24.févr,2,2,4,2,0,0,1,0,3.0,3.0,02.mars,05.mars,82,83,193,0.08,0.08,0.17,0.08,0.17,0.12,0.10,0.22,0.12,0.22
Jordan Ferri,fr FRA,MF,Nîmes,26,1992,24,21,1 874,20.août,2,1,3,2,0,0,5,0,0.7,0.7,02.sept,03.mai,55,170,57,0.10,0.05,0.14,0.10,0.14,0.03,0.14,0.17,0.03,0.17
Jordan Ferri,fr FRA,MF,Lyon,26,1992,4,1,116,01.mars,0,0,0,0,0,0,0,0,0.0,0.0,0.0,0.0,4,12,7,0.00,0.00,0.00,0.00,0.00,0.00,0.00,0.00,0.00,0.00
Player,Nation,Pos,Squad,Age,Born,MP,Starts,Min,90s,Gls,Ast,G+A,G-PK,PK,PKatt,CrdY,CrdR,xG,npxG,xAG,npxG+xAG,PrgC,PrgP,PrgR,Gls,Ast,G+A,G-PK,G+A-PK,xG,xAG,xG+xAG,npxG,npxG+xAG
Guessouma Fofana,mr MTN,MF,Amiens,25,1992,3,2,186,02.janv,0,0,0,0,0,0,1,0,0.0,0.0,0.0,0.0,1,5,5,0.00,0.00,0.00,0.00,0.00,0.00,0.00,0.00,0.00,0.00
Guessouma Fofana,mr MTN,MF,Guingamp,25,1992,10,4,479,05.mars,0,0,0,0,0,0,2,0,0.8,0.8,0.0,0.8,3,19,4,0.00,0.00,0.00,0.00,0.00,0.14,0.01,0.15,0.14,0.15
Wesley Fofana,fr FRA,DF,Saint-Étienne,17,2000,2,1,161,01.août,0,0,0,0,0,0,0,0,0.0,0.0,0.0,0.0,0,2,1,0.00,0.00,0.00,0.00,0.00,0.00,0.00,0.00,0.00,0.00
Youssouf Fofana,fr FRA,MF,Strasbourg,19,1999,17,10,912,10.janv,2,1,3,2,0,0,0,0,01.févr,01.févr,0.6,01.août,21,27,21,0.20,0.10,0.30,0.20,0.30,0.12,0.06,0.17,0.12,0.17
Thomas Foket,be BEL,DF,Reims,23,1994,32,32,2 88,32.0,0,0,0,0,0,0,7,0,0.1,0.1,0.9,1.0,43,104,110,0.00,0.00,0.00,0.00,0.00,0.00,0.03,0.03,0.00,0.03
Thomas Fontaine,mg MAD,DF MF,Reims,27,1991,7,4,420,04.juil,0,1,1,0,0,0,1,0,0.0,0.0,0.4,0.4,2,8,0,0.00,0.21,0.21,0.00,0.21,0.00,0.08,0.08,0.00,0.08
José Fonte,pt POR,DF,Lille,34,1983,36,36,3 11,34.6,3,1,4,3,0,0,5,1,04.juin,04.juin,0.4,5.0,39,159,12,0.09,0.03,0.12,0.09,0.12,0.13,0.01,0.15,0.13,0.15
Rui Fonte,pt POR,FW MF,Lille,28,1990,18,5,627,7.0,1,0,1,1,0,0,1,0,0.6,0.6,0.3,1.0,6,17,40,0.14,0.00,0.14,0.14,0.14,0.09,0.04,0.14,0.09,0.14
Steven Fortes,cv CPV,DF,Toulouse,26,1992,3,1,136,01.mai,0,0,0,0,0,0,0,0,0.0,0.0,0.0,0.0,1,5,0,0.00,0.00,0.00,0.00,0.00,0.00,0.00,0.00,0.00,0.00
Angelo Fulgini,fr FRA,MF FW,Angers,21,1996,31,18,1 635,18.févr,4,1,5,4,0,0,1,0,03.janv,03.janv,03.juin,06.juil,43,87,127,0.22,0.06,0.28,0.22,0.28,0.17,0.20,0.37,0.17,0.37
Milan Gajić,rs SRB,DF,Bordeaux,22,1996,1,1,90,1.0,0,0,0,0,0,0,0,0,0.0,0.0,0.0,0.0,0,2,2,0.00,0.00,0.00,0.00,0.00,0.00,0.00,0.00,0.00,0.00
Ignatius Ganago,cm CMR,FW,Nice,19,1999,20,9,1 036,11.mai,2,0,2,2,0,0,1,0,02.sept,02.sept,1.0,03.sept,21,14,74,0.17,0.00,0.17,0.17,0.17,0.25,0.09,0.34,0.25,0.34
Ganso,br BRA,MF FW,Amiens,28,1989,12,5,520,05.août,0,2,2,0,0,0,0,0,0.4,0.4,01.janv,01.mai,7,43,26,0.00,0.35,0.35,0.00,0.35,0.06,0.19,0.25,0.06,0.25
Manu García,es ESP,MF,Toulouse,20,1998,31,21,1 843,20.mai,0,4,4,0,0,0,2,1,0.8,0.8,01.août,02.juin,36,139,65,0.00,0.20,0.20,0.00,0.20,0.04,0.09,0.12,0.04,0.12
Jérémy Gélin,fr FRA,DF MF,Rennes,21,1997,22,12,1 278,14.févr,0,0,0,0,0,0,3,1,0.9,0.9,0.1,1.0,5,79,1,0.00,0.00,0.00,0.00,0.00,0.06,0.01,0.07,0.06,0.07
Romain Genevois,ht HAI,DF,Caen,30,1987,6,5,357,4.0,0,0,0,0,0,0,0,0,0.0,0.0,0.0,0.0,2,11,3,0.00,0.00,0.00,0.00,0.00,0.00,0.00,0.00,0.00,0.00
Valère Germain,fr FRA,FW,Marseille,28,1990,36,23,2 17,24.janv,8,2,10,8,0,0,1,0,04.août,04.août,03.févr,07.sept,9,29,111,0.33,0.08,0.41,0.33,0.41,0.20,0.13,0.33,0.20,0.33
Willem Geubbels,fr FRA,MF,Monaco,16,2001,1,0,8,0.1,0,0,0,0,0,0,0,0,0.0,0.0,0.0,0.0,0,0,1,0.00,0.00,0.00,0.00,0.00,0.00,0.00,0.00,0.00,0.00
Lamine Ghezali,fr FRA,FW MF,Saint-Étienne,19,1999,6,0,44,0.5,1,0,1,1,0,0,1,0,0.3,0.3,0.0,0.3,6,3,11,02.mai,0.00,02.mai,02.mai,02.mai,0.71,0.00,0.71,0.71,0.71
Saman Ghoddos,ir IRN,FW MF,Amiens,24,1993,27,20,1 827,20.mars,4,4,8,4,0,0,4,0,02.juin,02.juin,02.juin,05.févr,40,44,124,0.20,0.20,0.39,0.20,0.39,0.13,0.13,0.26,0.13,0.26
Andrei Girotto,br BRA,MF,Nantes,26,1992,20,18,1 475,16.avr,2,0,2,2,0,0,6,3,01.janv,01.janv,0.4,01.mai,17,81,10,0.12,0.00,0.12,0.12,0.12,0.07,0.03,0.09,0.07,0.09
Kamil Glik,pl POL,DF,Monaco,30,1988,33,33,2 97,33.0,1,0,1,1,0,0,10,0,01.avr,01.avr,0.1,01.mai,30,107,2,0.03,0.00,0.03,0.03,0.03,0.04,0.00,0.04,0.04,0.04
Eddy Gnahoré,fr FRA,MF,Amiens,24,1993,34,24,2 243,24.sept,4,2,6,4,0,0,4,2,04.mars,04.mars,02.mai,06.août,45,88,63,0.16,0.08,0.24,0.16,0.24,0.17,0.10,0.27,0.17,0.27
Mauro Goicoechea,uy URU,GK,Toulouse,30,1988,8,7,713,07.sept,0,0,0,0,0,0,0,0,0.0,0.0,0.0,0.0,0,0,0,0.00,0.00,0.00,0.00,0.00,0.00,0.00,0.00,0.00,0.00
Aleksandr Golovin,ru RUS,MF FW,Monaco,22,1996,30,27,2 29,25.avr,3,3,6,3,0,0,7,1,04.mars,04.mars,2.0,06.mars,80,120,151,0.12,0.12,0.24,0.12,0.24,0.17,0.08,0.25,0.17,0.25
Player,Nation,Pos,Squad,Age,Born,MP,Starts,Min,90s,Gls,Ast,G+A,G-PK,PK,PKatt,CrdY,CrdR,xG,npxG,xAG,npxG+xAG,PrgC,PrgP,PrgR,Gls,Ast,G+A,G-PK,G+A-PK,xG,xAG,xG+xAG,npxG,npxG+xAG
Anthony Gonçalves,fr FRA,MF FW,Strasbourg,32,1986,18,12,1 058,11.août,5,2,7,5,0,0,3,0,01.mai,01.mai,01.mars,02.juil,50,45,77,0.43,0.17,0.60,0.43,0.60,0.12,0.11,0.23,0.12,0.23
Mathieu Gorgelin,fr FRA,GK,Lyon,27,1990,4,4,360,4.0,0,0,0,0,0,0,0,0,0.0,0.0,0.0,0.0,0,0,0,0.00,0.00,0.00,0.00,0.00,0.00,0.00,0.00,0.00,0.00
Prince-Désir Gouano,fr FRA,DF,Amiens,24,1993,30,30,2 62,29.janv,1,0,1,1,0,0,2,0,0.5,0.5,0.2,0.8,5,52,1,0.03,0.00,0.03,0.03,0.03,0.02,0.01,0.03,0.02,0.03
Yoann Gourcuff,fr FRA,MF FW,Dijon,32,1986,8,0,134,01.mai,0,0,0,0,0,0,0,0,0.4,0.4,0.1,0.5,9,9,11,0.00,0.00,0.00,0.00,0.00,0.26,0.09,0.35,0.26,0.35
Max Gradel,ci CIV,FW MF,Toulouse,30,1987,36,36,3 24,36.0,11,5,16,7,4,8,6,0,14.août,08.mai,07.janv,15.juin,174,127,349,0.31,0.14,0.44,0.19,0.33,0.41,0.20,0.61,0.24,0.43
Jonathan Gradit,fr FRA,DF,Caen,25,1992,24,23,2 01,22.mars,0,0,0,0,0,0,1,0,0.1,0.1,0.8,0.9,42,66,24,0.00,0.00,0.00,0.00,0.00,0.00,0.04,0.04,0.00,0.04
Samuel Grandsir,fr FRA,MF FW,Strasbourg,21,1996,8,2,237,02.juin,0,0,0,0,0,0,0,1,0.0,0.0,0.4,0.4,9,6,21,0.00,0.00,0.00,0.00,0.00,0.01,0.14,0.15,0.01,0.15
Samuel Grandsir,fr FRA,FW MF,Monaco,21,1996,12,4,469,05.févr,0,1,1,0,0,0,1,1,0.2,0.2,02.janv,02.mars,16,9,74,0.00,0.19,0.19,0.00,0.19,0.04,0.41,0.44,0.04,0.44
Clément Grenier,fr FRA,MF,Rennes,27,1991,33,29,2 668,29.juin,2,5,7,2,0,1,6,0,03.août,02.sept,05.mars,08.févr,41,225,62,0.07,0.17,0.24,0.07,0.24,0.13,0.18,0.31,0.10,0.28
Jérémy Grimm,fr FRA,MF,Strasbourg,31,1987,5,2,168,01.sept,0,0,0,0,0,0,2,0,0.0,0.0,0.0,0.1,1,6,3,0.00,0.00,0.00,0.00,0.00,0.02,0.02,0.05,0.02,0.05
Metehan Güçlü,tr TUR,MF,Paris S-G,19,1999,1,0,17,0.2,1,0,1,1,0,0,0,0,0.2,0.2,0.1,0.3,0,1,3,mai.29,0.00,mai.29,mai.29,mai.29,0.92,0.74,janv.67,0.92,janv.67
Makhtar Gueye,sn SEN,FW MF,Saint-Étienne,20,1997,5,0,50,0.6,1,1,2,1,0,0,0,0,0.2,0.2,0.4,0.6,1,1,8,janv.80,janv.80,mars.60,janv.80,mars.60,0.33,0.80,janv.14,0.33,janv.14
Frederic Guilbert,fr FRA,DF,Caen,23,1994,34,33,2 916,32.4,1,2,3,1,0,0,10,1,0.3,0.3,02.juil,03.janv,57,87,86,0.03,0.06,0.09,0.03,0.09,0.01,0.08,0.09,0.01,0.09
Baptiste Guillaume,be BEL,FW,Nîmes,23,1995,24,15,1 183,13.janv,2,1,3,2,0,0,4,0,03.mars,03.mars,0.8,04.janv,9,26,61,0.15,0.08,0.23,0.15,0.23,0.25,0.06,0.31,0.25,0.31
Serhou Guirassy,gn GUI,FW,Amiens,22,1996,13,13,1 111,12.mars,3,1,4,3,0,0,0,1,04.janv,04.janv,01.avr,05.mai,16,31,93,0.24,0.08,0.32,0.24,0.32,0.34,0.11,0.45,0.34,0.45
Régis Gurtner,fr FRA,GK,Amiens,31,1986,38,38,3 42,38.0,0,0,0,0,0,0,4,0,0.0,0.0,0.1,0.1,0,0,0,0.00,0.00,0.00,0.00,0.00,0.00,0.00,0.00,0.00,0.00
Luiz Gustavo,br BRA,MF DF,Marseille,31,1987,30,26,2 436,27.janv,2,0,2,2,0,0,8,0,02.févr,02.févr,0.5,02.juil,32,108,14,0.07,0.00,0.07,0.07,0.07,0.08,0.02,0.10,0.08,0.10
Oussama Haddadi,tn TUN,DF,Dijon,26,1992,32,30,2 674,29.juil,2,2,4,2,0,0,6,1,0.6,0.6,02.juil,03.avr,95,102,183,0.07,0.07,0.13,0.07,0.13,0.02,0.09,0.11,0.02,0.11
Oualid El Hajjam,ma MAR,DF MF,Amiens,27,1991,11,6,544,6.0,0,0,0,0,0,0,1,0,0.1,0.1,0.1,0.1,10,25,18,0.00,0.00,0.00,0.00,0.00,0.01,0.01,0.02,0.01,0.02
Romain Hamouma,fr FRA,FW MF,Saint-Étienne,31,1987,27,19,1 586,17.juin,4,4,8,4,0,0,3,1,03.févr,03.févr,04.avr,07.juin,59,51,152,0.23,0.23,0.45,0.23,0.45,0.18,0.25,0.43,0.18,0.43
Féthi Harek,dz ALG,DF,Nîmes,35,1982,3,2,177,2.0,0,0,0,0,0,0,1,0,0.0,0.0,0.0,0.0,0,3,0,0.00,0.00,0.00,0.00,0.00,0.00,0.00,0.00,0.00,0.00
Benjamin Henrichs,de GER,DF MF,Monaco,21,1997,22,21,1 824,20.mars,1,2,3,1,0,0,3,0,0.4,0.4,02.avr,02.sept,52,102,135,0.05,0.10,0.15,0.05,0.15,0.02,0.12,0.14,0.02,0.14
Christophe Hérelle,mq MTQ,DF,Nice,25,1992,33,33,2 937,32.6,0,0,0,0,0,0,9,1,02.févr,02.févr,0.3,02.mai,16,140,4,0.00,0.00,0.00,0.00,0.00,0.07,0.01,0.08,0.07,0.08
Vitorino Hilton,br BRA,DF,Montpellier,40,1977,36,36,3 232,35.9,0,2,2,0,0,0,5,1,02.févr,02.févr,0.8,3.0,12,114,5,0.00,0.06,0.06,0.00,0.06,0.06,0.02,0.08,0.06,0.08
Tomáš Hubočan,sk SVK,DF,Marseille,32,1985,2,0,69,0.8,0,0,0,0,0,0,1,0,0.0,0.0,0.0,0.0,0,2,0,0.00,0.00,0.00,0.00,0.00,0.02,0.00,0.02,0.02,0.02
Player,Nation,Pos,Squad,Age,Born,MP,Starts,Min,90s,Gls,Ast,G+A,G-PK,PK,PKatt,CrdY,CrdR,xG,npxG,xAG,npxG+xAG,PrgC,PrgP,PrgR,Gls,Ast,G+A,G-PK,G+A-PK,xG,xAG,xG+xAG,npxG,npxG+xAG
Adrien Hunou,fr FRA,FW MF,Rennes,24,1994,19,14,1 24,13.août,7,1,8,7,0,0,1,0,07.juil,07.juin,0.5,08.janv,18,16,78,0.51,0.07,0.58,0.51,0.58,0.56,0.04,0.60,0.55,0.59
Suk Hyun-jun,kr KOR,FW,Reims,27,1991,22,7,793,08.août,3,0,3,3,0,0,3,0,03.mars,03.mars,0.5,03.août,11,15,46,0.34,0.00,0.34,0.34,0.34,0.38,0.06,0.43,0.38,0.43
Didier Ibrahim Ndong,ga GAB,MF,Guingamp,24,1994,11,8,744,08.mars,0,0,0,0,0,0,3,0,0.1,0.1,0.1,0.2,13,33,12,0.00,0.00,0.00,0.00,0.00,0.01,0.01,0.03,0.01,0.03
Edgar Ié,gw GNB,DF,Lille,24,1994,7,1,239,02.juil,0,0,0,0,0,0,1,0,0.0,0.0,0.0,0.0,4,7,3,0.00,0.00,0.00,0.00,0.00,0.00,0.01,0.01,0.00,0.01
Edgar Ié,gw GNB,DF,Nantes,24,1994,9,9,776,08.juin,0,0,0,0,0,0,2,0,0.2,0.2,0.0,0.2,7,21,9,0.00,0.00,0.00,0.00,0.00,0.03,0.00,0.03,0.03,0.03
Jordan Ikoko,cd COD,DF,Guingamp,24,1994,20,19,1 707,19.0,0,0,0,0,0,0,3,0,0.2,0.2,1.0,01.févr,49,63,73,0.00,0.00,0.00,0.00,0.00,0.01,0.05,0.06,0.01,0.06
Jonathan Ikone,fr FRA,MF FW,Lille,20,1998,38,34,2 796,31.janv,3,9,12,3,0,0,3,0,05.janv,05.janv,06.févr,11.févr,112,96,199,0.10,0.29,0.39,0.10,0.39,0.16,0.20,0.36,0.16,0.36
Emmanuel Imorou,bj BEN,DF,Caen,29,1988,16,12,1 119,12.avr,0,1,1,0,0,0,2,0,0.1,0.1,0.2,0.3,21,23,30,0.00,0.08,0.08,0.00,0.08,0.01,0.01,0.02,0.01,0.02
Wilson Isidor,fr FRA,FW,Monaco,17,2000,1,0,42,0.5,0,0,0,0,0,0,0,0,0.1,0.1,0.0,0.1,1,0,4,0.00,0.00,0.00,0.00,0.00,0.14,0.00,0.14,0.14,0.14
Christophe Jallet,fr FRA,DF,Nice,34,1983,14,11,885,09.août,1,0,1,1,0,0,3,0,0.5,0.5,0.2,0.7,10,83,46,0.10,0.00,0.10,0.10,0.10,0.05,0.02,0.07,0.05,0.07
Nicolas Janvier,fr FRA,MF,Rennes,19,1998,1,0,3,0.0,0,0,0,0,0,0,0,0,0.0,0.0,0.0,0.0,0,1,0,0.00,0.00,0.00,0.00,0.00,0.00,0.00,0.00,0.00,0.00
Assil Jaziri,tn TUN,FW,Nice,18,1999,3,0,37,0.4,0,0,0,0,0,0,0,0,0.3,0.3,0.1,0.4,3,4,6,0.00,0.00,0.00,0.00,0.00,0.82,0.14,0.96,0.82,0.96
Corentin Jean,fr FRA,FW MF,Toulouse,23,1995,19,6,629,7.0,0,0,0,0,0,0,1,0,01.mai,01.mai,01.mai,02.sept,17,12,54,0.00,0.00,0.00,0.00,0.00,0.21,0.21,0.42,0.21,0.42
Benjamin Jeannot,fr FRA,FW MF,Dijon,26,1992,21,19,1 436,16.0,2,0,2,2,0,0,3,0,03.mai,03.mai,0.5,4.0,6,45,87,0.13,0.00,0.13,0.13,0.13,0.22,0.03,0.25,0.22,0.25
Jemerson,br BRA,DF MF,Monaco,25,1992,25,25,2 224,24.juil,0,1,1,0,0,0,9,1,0.4,0.4,0.3,0.7,10,62,1,0.00,0.04,0.04,0.00,0.04,0.02,0.01,0.03,0.02,0.03
Jakob Johansson,se SWE,MF,Rennes,28,1990,16,7,712,07.sept,1,0,1,1,0,0,0,0,0.6,0.6,0.5,1.0,10,38,3,0.13,0.00,0.13,0.13,0.13,0.07,0.06,0.13,0.07,0.13
Karl-Johan Johnsson,se SWE,GK,Guingamp,28,1990,17,17,1 53,17.0,0,0,0,0,0,0,0,0,0.0,0.0,0.0,0.0,0,0,0,0.00,0.00,0.00,0.00,0.00,0.00,0.00,0.00,0.00,0.00
Evens Joseph,fr FRA,MF FW,Caen,19,1999,13,2,340,03.août,0,0,0,0,0,0,0,0,0.2,0.2,0.1,0.3,11,4,38,0.00,0.00,0.00,0.00,0.00,0.05,0.03,0.08,0.05,0.08
Vukašin Jovanović,rs SRB,DF,Bordeaux,22,1996,16,15,1 377,15.mars,0,0,0,0,0,0,7,1,0.2,0.2,0.0,0.3,11,72,0,0.00,0.00,0.00,0.00,0.00,0.02,0.00,0.02,0.02,0.02
Stevan Jovetić,me MNE,MF FW,Monaco,28,1989,8,4,399,04.avr,2,0,2,2,0,0,1,0,02.févr,02.févr,0.5,02.août,7,14,17,0.45,0.00,0.45,0.45,0.45,0.51,0.12,0.63,0.51,0.63
Nathaël Julan,fr FRA,FW MF,Guingamp,22,1996,10,3,434,04.août,0,0,0,0,0,0,1,0,01.sept,01.sept,0.5,02.avr,5,11,31,0.00,0.00,0.00,0.00,0.00,0.39,0.11,0.49,0.39,0.49
Christopher Jullien,fr FRA,DF,Toulouse,25,1993,34,34,3 015,33.5,1,0,1,1,0,0,8,0,03.janv,03.janv,01.févr,04.mars,10,124,11,0.03,0.00,0.03,0.03,0.03,0.09,0.04,0.13,0.09,0.13
Sory Kaba,gn GUI,FW MF,Dijon,23,1995,9,2,232,02.juin,0,0,0,0,0,0,0,0,0.0,0.0,0.4,0.4,2,6,28,0.00,0.00,0.00,0.00,0.00,0.00,0.16,0.16,0.00,0.16
Samuel Kalu,ng NGA,FW,Bordeaux,20,1997,21,14,1 281,14.févr,3,2,5,3,0,1,3,1,03.avr,02.juin,04.août,07.avr,62,49,134,0.21,0.14,0.35,0.21,0.35,0.24,0.34,0.58,0.18,0.52
François Kamano,gn GUI,FW MF,Bordeaux,22,1996,37,29,2 561,28.mai,10,1,11,6,4,4,6,0,09.août,06.mai,03.janv,09.juin,109,75,221,0.35,0.04,0.39,0.21,0.25,0.34,0.11,0.45,0.23,0.34
Player,Nation,Pos,Squad,Age,Born,MP,Starts,Min,90s,Gls,Ast,G+A,G-PK,PK,PKatt,CrdY,CrdR,xG,npxG,xAG,npxG+xAG,PrgC,PrgP,PrgR,Gls,Ast,G+A,G-PK,G+A-PK,xG,xAG,xG+xAG,npxG,npxG+xAG
Boubacar Kamara,fr FRA,DF,Marseille,18,1999,31,27,2 411,26.août,1,0,1,1,0,0,6,0,1.0,1.0,0.5,01.avr,19,88,7,0.04,0.00,0.04,0.04,0.04,0.04,0.02,0.05,0.04,0.05
Hassane Kamara,ci CIV,DF FW,Reims,24,1994,16,9,926,10.mars,0,0,0,0,0,0,1,0,0.9,0.9,0.5,01.avr,24,31,17,0.00,0.00,0.00,0.00,0.00,0.09,0.05,0.13,0.09,0.13
Wilfried Kanga,ci CIV,FW,Angers,20,1998,18,4,493,05.mai,2,0,2,2,0,0,3,0,02.févr,02.févr,0.2,02.mai,7,4,46,0.37,0.00,0.37,0.37,0.37,0.41,0.04,0.45,0.41,0.45
Yann Karamoh,fr FRA,FW,Bordeaux,20,1998,22,13,1 224,13.juin,3,1,4,3,0,0,2,0,04.mars,04.mars,02.mars,06.juin,59,46,102,0.22,0.07,0.29,0.22,0.29,0.32,0.17,0.49,0.32,0.49
Eiji Kawashima,jp JPN,GK,Strasbourg,35,1983,1,1,90,1.0,0,0,0,0,0,0,0,0,0.0,0.0,0.0,0.0,0,0,0,0.00,0.00,0.00,0.00,0.00,0.00,0.00,0.00,0.00,0.00
Thilo Kehrer,de GER,DF,Paris S-G,21,1996,27,19,1 902,21.janv,1,2,3,1,0,0,4,0,02.févr,02.févr,0.5,02.août,31,91,44,0.05,0.09,0.14,0.05,0.14,0.11,0.02,0.13,0.11,0.13
Jules Keita,gn GUI,FW MF,Dijon,20,1998,17,2,456,05.janv,2,1,3,2,0,0,3,0,02.janv,02.janv,0.7,02.août,25,17,63,0.39,0.20,0.59,0.39,0.59,0.42,0.13,0.55,0.42,0.55
Christophe Kerbrat,fr FRA,DF,Guingamp,31,1986,25,25,2 095,23.mars,0,0,0,0,0,0,3,1,0.1,0.1,0.2,0.3,10,75,3,0.00,0.00,0.00,0.00,0.00,0.01,0.01,0.01,0.01,0.01
Saîf-Eddine Khaoui,tn TUN,MF FW,Caen,23,1995,25,17,1 353,15.0,3,1,4,3,0,0,0,0,01.juil,01.juil,0.6,02.avr,21,56,60,0.20,0.07,0.27,0.20,0.27,0.11,0.04,0.16,0.11,0.16
Wahbi Khazri,tn TUN,FW MF,Saint-Étienne,27,1991,32,32,2 817,31.mars,13,6,19,9,4,4,10,1,12.avr,09.févr,06.sept,16.janv,80,120,235,0.42,0.19,0.61,0.29,0.48,0.40,0.22,0.62,0.29,0.52
Presnel Kimpembe,fr FRA,DF,Paris S-G,22,1995,24,23,2 005,22.mars,0,1,1,0,0,0,4,1,0.4,0.4,0.6,01.janv,23,92,6,0.00,0.04,0.04,0.00,0.04,0.02,0.03,0.05,0.02,0.05
Djégui Koita,fr FRA,DF,Guingamp,18,1999,2,1,173,01.sept,0,0,0,0,0,0,0,0,0.0,0.0,0.0,0.0,0,6,0,0.00,0.00,0.00,0.00,0.00,0.00,0.00,0.00,0.00,0.00
Randal Kolo Muani,fr FRA,FW,Nantes,19,1998,6,1,122,01.avr,0,0,0,0,0,0,1,0,0.5,0.5,0.0,0.5,3,4,15,0.00,0.00,0.00,0.00,0.00,0.36,0.00,0.36,0.36,0.36
Timothée Kolodziejczak,fr FRA,DF,Saint-Étienne,26,1991,36,35,3 184,35.4,3,3,6,3,0,0,7,0,02.mai,02.mai,0.9,03.avr,43,148,56,0.08,0.08,0.17,0.08,0.17,0.07,0.03,0.10,0.07,0.10
Ghislain Konan,ci CIV,DF,Reims,22,1995,20,20,1 8,20.0,0,1,1,0,0,0,0,0,0.0,0.0,01.avr,01.mai,88,87,57,0.00,0.05,0.05,0.00,0.05,0.00,0.07,0.07,0.00,0.07
Moussa Konaté,sn SEN,FW,Amiens,25,1993,27,21,1 876,20.août,7,2,9,5,2,3,2,0,08.mars,6.0,02.mars,08.févr,25,34,133,0.34,0.10,0.43,0.24,0.34,0.40,0.11,0.51,0.29,0.40
Lamine Koné,ci CIV,DF,Strasbourg,29,1989,27,23,2 152,23.sept,1,1,2,1,0,0,2,0,0.7,0.7,0.7,01.avr,33,91,6,0.04,0.04,0.08,0.04,0.08,0.03,0.03,0.06,0.03,0.06
Manu Koné,fr FRA,MF,Toulouse,17,2001,1,1,68,0.8,0,0,0,0,0,0,0,0,0.0,0.0,0.0,0.0,0,5,3,0.00,0.00,0.00,0.00,0.00,0.00,0.04,0.04,0.00,0.04
Youssouf Koné,ml MLI,DF,Lille,23,1995,20,19,1 709,19.0,0,1,1,0,0,0,3,0,0.1,0.1,0.9,1.0,49,95,76,0.00,0.05,0.05,0.00,0.05,0.01,0.05,0.05,0.01,0.05
Tomáš Koubek,cz CZE,GK,Rennes,25,1992,33,32,2 925,32.5,0,0,0,0,0,0,1,0,0.0,0.0,0.0,0.0,0,0,0,0.00,0.00,0.00,0.00,0.00,0.00,0.00,0.00,0.00,0.00
Jules Koundé,fr FRA,DF,Bordeaux,19,1998,37,37,3 33,37.0,0,1,1,0,0,0,4,0,1.0,1.0,0.8,01.août,32,149,3,0.00,0.03,0.03,0.00,0.03,0.03,0.02,0.05,0.03,0.05
Emil Krafth,se SWE,DF,Amiens,23,1994,35,33,2 974,33.0,1,1,2,1,0,0,2,0,0.7,0.7,03.févr,03.août,53,102,74,0.03,0.03,0.06,0.03,0.06,0.02,0.10,0.12,0.02,0.12
Rene Krhin,si SVN,MF,Nantes,28,1990,16,12,1 057,11.juil,0,0,0,0,0,0,2,0,0.4,0.4,0.0,0.4,7,42,0,0.00,0.00,0.00,0.00,0.00,0.03,0.00,0.04,0.03,0.04
Layvin Kurzawa,fr FRA,DF MF,Paris S-G,25,1992,19,11,1 01,11.févr,1,2,3,1,0,0,4,0,1.0,1.0,03.janv,04.févr,18,38,110,0.09,0.18,0.27,0.09,0.27,0.09,0.28,0.37,0.09,0.37
Rafał Kurzawa,pl POL,FW,Amiens,25,1993,11,2,239,02.juil,1,0,1,1,0,0,0,0,0.4,0.4,0.2,0.6,2,6,20,0.38,0.00,0.38,0.38,0.38,0.16,0.08,0.24,0.16,0.24
Player,Nation,Pos,Squad,Age,Born,MP,Starts,Min,90s,Gls,Ast,G+A,G-PK,PK,PKatt,CrdY,CrdR,xG,npxG,xAG,npxG+xAG,PrgC,PrgP,PrgR,Gls,Ast,G+A,G-PK,G+A-PK,xG,xAG,xG+xAG,npxG,npxG+xAG
Enock Kwateng,fr FRA,DF,Nantes,21,1997,30,22,2 04,22.juil,0,1,1,0,0,0,4,0,0.5,0.5,01.juin,2.0,37,114,108,0.00,0.04,0.04,0.00,0.04,0.02,0.07,0.09,0.02,0.09
Grejohn Kyei,fr FRA,FW,Reims,22,1995,1,0,2,0.0,0,0,0,0,0,0,0,0,0.0,0.0,0.0,0.0,0,0,0,0.00,0.00,0.00,0.00,0.00,0.00,0.00,0.00,0.00,0.00
Gaëtan Laborde,fr FRA,FW,Bordeaux,24,1994,1,1,90,1.0,0,0,0,0,0,0,0,0,0.0,0.0,0.0,0.0,2,0,1,0.00,0.00,0.00,0.00,0.00,0.00,0.03,0.03,0.00,0.03
Gaëtan Laborde,fr FRA,FW MF,Montpellier,24,1994,36,35,2 895,32.2,11,4,15,11,0,0,1,1,09.août,09.août,05.août,15.juin,100,95,246,0.34,0.12,0.47,0.34,0.47,0.30,0.18,0.49,0.30,0.49
Kenny Lala,mg MAD,DF FW,Strasbourg,26,1991,34,34,3 06,34.0,5,9,14,4,1,2,4,0,03.janv,01.mars,04.août,06.févr,132,189,169,0.15,0.26,0.41,0.12,0.38,0.09,0.14,0.23,0.04,0.18
Mohamed Lamine Diaby,fr FRA,FW,Nice,17,2001,6,2,162,01.août,0,0,0,0,0,0,0,0,0.2,0.2,0.0,0.2,1,2,12,0.00,0.00,0.00,0.00,0.00,0.11,0.02,0.13,0.11,0.13
Loïck Landre,fr FRA,DF,Nîmes,26,1992,22,19,1 591,17.juil,3,0,3,3,0,0,6,1,01.juin,01.juin,0.0,01.juin,6,26,2,0.17,0.00,0.17,0.17,0.17,0.09,0.00,0.09,0.09,0.09
Johan Larsson,se SWE,DF,Guingamp,28,1990,1,1,90,1.0,0,0,0,0,0,0,0,0,0.0,0.0,0.1,0.1,6,5,2,0.00,0.00,0.00,0.00,0.00,0.00,0.05,0.05,0.00,0.05
Paul Lasne,fr FRA,MF DF,Montpellier,29,1989,35,18,1 789,19.sept,2,0,2,2,0,0,5,0,01.avr,01.avr,01.juil,03.janv,28,103,72,0.10,0.00,0.10,0.10,0.10,0.07,0.09,0.16,0.07,0.16
Alexandre Lauray,fr FRA,DF,Bordeaux,21,1997,3,3,257,02.sept,0,0,0,0,0,0,1,0,0.0,0.0,0.0,0.0,3,12,1,0.00,0.00,0.00,0.00,0.00,0.00,0.00,0.00,0.00,0.00
Armand Lauriente,fr FRA,MF,Rennes,19,1998,1,0,4,0.0,0,0,0,0,0,0,0,0,0.0,0.0,0.0,0.0,2,1,2,0.00,0.00,0.00,0.00,0.00,0.00,0.00,0.00,0.00,0.00
Wesley Lautoa,nc NCL,DF MF,Dijon,30,1987,34,34,3 024,33.6,0,0,0,0,0,0,12,1,0.8,0.8,0.2,1.0,46,118,8,0.00,0.00,0.00,0.00,0.00,0.03,0.01,0.03,0.03,0.03
Mickaël Le Bihan,fr FRA,FW,Nice,28,1990,5,2,204,02.mars,1,0,1,0,1,1,2,0,01.mars,0.5,0.1,0.6,1,2,12,0.44,0.00,0.44,0.00,0.00,0.57,0.03,0.60,0.22,0.25
Damien Le Tallec,fr FRA,MF,Montpellier,28,1990,36,31,2 805,31.2,3,0,3,3,0,0,3,0,04.janv,04.janv,01.janv,05.janv,9,125,28,0.10,0.00,0.10,0.10,0.10,0.13,0.03,0.16,0.13,0.16
James Lea Siliki,cm CMR,MF FW,Rennes,22,1996,24,14,1 22,13.juin,0,3,3,0,0,0,2,0,01.mai,01.mai,03.mai,5.0,37,58,75,0.00,0.22,0.22,0.00,0.22,0.11,0.25,0.37,0.11,0.37
Rafael Leão,pt POR,FW,Lille,19,1999,24,16,1 287,14.mars,8,3,11,8,0,0,3,0,04.mars,04.mars,01.juil,6.0,17,17,76,0.56,0.21,0.77,0.56,0.77,0.30,0.12,0.42,0.30,0.42
Benjamin Lecomte,fr FRA,GK,Montpellier,27,1991,37,37,3 33,37.0,0,0,0,0,0,0,1,0,0.0,0.0,0.0,0.0,0,0,0,0.00,0.00,0.00,0.00,0.00,0.00,0.00,0.00,0.00,0.00
Pierre Lees-Melou,fr FRA,MF,Nice,25,1993,30,26,2 394,26.juin,2,1,3,2,0,0,5,1,03.mars,03.mars,02.mars,05.juin,35,143,81,0.08,0.04,0.11,0.08,0.11,0.12,0.09,0.21,0.12,0.21
Jordan Lefort,fr FRA,DF,Amiens,24,1993,23,21,1 802,20.0,0,1,1,0,0,0,4,1,0.4,0.4,0.2,0.7,17,56,40,0.00,0.05,0.05,0.00,0.05,0.02,0.01,0.03,0.02,0.03
Lukas Lerager,dk DEN,MF,Bordeaux,25,1993,18,15,1 298,14.avr,0,1,1,0,0,0,4,0,0.5,0.5,0.5,0.9,18,74,22,0.00,0.07,0.07,0.00,0.07,0.03,0.03,0.06,0.03,0.06
Igor Lewczuk,pl POL,DF,Bordeaux,33,1985,6,3,449,5.0,0,0,0,0,0,0,0,0,0.0,0.0,0.0,0.0,4,9,2,0.00,0.00,0.00,0.00,0.00,0.00,0.00,0.00,0.00,0.00
Aaron Leya Iseka,be BEL,FW,Toulouse,20,1997,28,15,1 444,16.0,4,0,4,4,0,0,2,1,03.sept,03.sept,0.5,04.avr,15,20,95,0.25,0.00,0.25,0.25,0.25,0.24,0.03,0.27,0.24,0.27
Dimitri Liénard,fr FRA,MF DF,Strasbourg,30,1988,22,15,1 291,14.mars,0,2,2,0,0,0,1,0,1.0,1.0,0.9,01.sept,35,58,68,0.00,0.14,0.14,0.00,0.14,0.07,0.06,0.13,0.07,0.13
Lucas Lima,br BRA,DF FW,Nantes,26,1991,31,28,2 496,27.juil,0,4,4,0,0,0,6,0,1.0,1.0,5.0,05.sept,83,154,177,0.00,0.14,0.14,0.00,0.14,0.03,0.18,0.21,0.03,0.21
Anthony Limbombe,be BEL,FW,Nantes,24,1994,29,12,1 237,13.juil,1,1,2,1,0,0,2,0,02.mai,02.mai,03.mars,05.août,53,32,125,0.07,0.07,0.15,0.07,0.15,0.18,0.24,0.42,0.18,0.42
Player,Nation,Pos,Squad,Age,Born,MP,Starts,Min,90s,Gls,Ast,G+A,G-PK,PK,PKatt,CrdY,CrdR,xG,npxG,xAG,npxG+xAG,PrgC,PrgP,PrgR,Gls,Ast,G+A,G-PK,G+A-PK,xG,xAG,xG+xAG,npxG,npxG+xAG
Giovani Lo Celso,ar ARG,MF,Paris S-G,22,1996,1,0,11,0.1,0,0,0,0,0,0,0,0,0.0,0.0,0.0,0.0,0,1,0,0.00,0.00,0.00,0.00,0.00,0.00,0.00,0.00,0.00,0.00
Enzo Loiodice,fr FRA,MF,Dijon,17,2000,12,10,850,09.avr,0,1,1,0,0,0,4,1,0.2,0.2,0.2,0.4,9,40,5,0.00,0.11,0.11,0.00,0.11,0.02,0.03,0.04,0.02,0.04
Anthony Lopes,pt POR,GK,Lyon,27,1990,34,34,3 06,34.0,0,0,0,0,0,0,0,0,0.0,0.0,0.0,0.0,0,1,0,0.00,0.00,0.00,0.00,0.00,0.00,0.00,0.00,0.00,0.00
Rony Lopes,pt POR,FW MF,Monaco,22,1995,24,22,1 849,20.mai,2,2,4,2,0,0,1,0,4.0,4.0,04.juil,08.juin,74,66,168,0.10,0.10,0.19,0.10,0.19,0.19,0.23,0.42,0.19,0.42
Cristian López,es ESP,FW,Angers,29,1989,19,2,372,04.janv,2,0,2,2,0,1,2,0,02.janv,01.mars,0.6,01.sept,2,6,24,0.48,0.00,0.48,0.48,0.48,0.51,0.15,0.66,0.32,0.47
Maxime Lopez,fr FRA,MF,Marseille,20,1997,32,25,2 18,24.févr,1,3,4,1,0,0,4,0,0.5,0.5,03.mars,03.août,61,268,44,0.04,0.12,0.17,0.04,0.17,0.02,0.14,0.15,0.02,0.15
Albert Lottin,fr FRA,MF FW,Bordeaux,16,2001,2,0,22,0.2,0,0,0,0,0,0,0,0,0.0,0.0,0.0,0.0,0,3,1,0.00,0.00,0.00,0.00,0.00,0.00,0.00,0.00,0.00,0.00
Imran Louza,ma MAR,MF,Nantes,19,1999,1,1,88,1.0,0,0,0,0,0,0,1,0,0.0,0.0,0.0,0.0,3,4,0,0.00,0.00,0.00,0.00,0.00,0.03,0.00,0.03,0.03,0.03
Hervé Lybohy,ne NIG,DF,Nîmes,35,1983,17,15,1 48,16.avr,2,0,2,2,0,0,3,0,0.5,0.5,0.0,0.5,8,18,1,0.12,0.00,0.12,0.12,0.12,0.03,0.00,0.03,0.03,0.03
Yann M'Vila,fr FRA,MF,Saint-Étienne,28,1990,37,37,3 258,36.2,0,1,1,0,0,0,5,1,0.4,0.4,1.0,01.mai,9,227,8,0.00,0.03,0.03,0.00,0.03,0.01,0.03,0.04,0.01,0.04
Gabriel Magalhães,br BRA,DF,Lille,20,1997,14,11,1 066,11.août,1,0,1,1,0,0,1,0,0.8,0.8,0.1,0.9,5,40,0,0.08,0.00,0.08,0.08,0.08,0.06,0.01,0.07,0.06,0.07
Thiago Maia,br BRA,MF,Lille,21,1997,24,10,1 021,11.mars,0,1,1,0,0,0,4,0,0.7,0.5,0.5,1.0,7,71,8,0.00,0.09,0.09,0.00,0.09,0.06,0.04,0.10,0.05,0.09
Mike Maignan,fr FRA,GK,Lille,23,1995,38,38,3 42,38.0,0,0,0,0,0,0,1,0,0.0,0.0,0.0,0.0,0,0,0,0.00,0.00,0.00,0.00,0.00,0.00,0.00,0.00,0.00,0.00
Josh Maja,ng NGA,FW,Bordeaux,19,1998,7,3,198,02.févr,1,0,1,1,0,0,1,0,0.8,0.8,0.1,0.8,1,5,17,0.45,0.00,0.45,0.45,0.45,0.35,0.03,0.38,0.35,0.38
Abdul Majeed Waris,gh GHA,FW MF,Nantes,26,1991,33,25,2 246,25.0,5,3,8,4,1,1,3,0,05.juil,04.sept,02.juin,07.mai,70,54,239,0.20,0.12,0.32,0.16,0.28,0.23,0.10,0.33,0.20,0.30
Jean-Victor Makengo,fr FRA,MF FW,Nice,20,1998,25,11,1 029,11.avr,1,0,1,1,0,0,3,0,01.avr,01.avr,1.0,02.mai,34,43,55,0.09,0.00,0.09,0.09,0.09,0.13,0.09,0.22,0.13,0.22
Antonio Mance,hr CRO,FW,Nantes,22,1995,5,0,50,0.6,0,0,0,0,0,0,1,0,0.0,0.0,0.0,0.0,1,0,6,0.00,0.00,0.00,0.00,0.00,0.00,0.00,0.00,0.00,0.00
Vincent Manceau,fr FRA,DF,Angers,29,1989,31,31,2 79,31.0,1,1,2,1,0,0,2,0,0.8,0.8,01.févr,2.0,45,130,98,0.03,0.03,0.06,0.03,0.06,0.03,0.04,0.07,0.03,0.07
Steve Mandanda,fr FRA,GK,Marseille,33,1985,31,31,2 735,30.avr,0,0,0,0,0,0,1,1,0.0,0.0,0.0,0.0,0,1,0,0.00,0.00,0.00,0.00,0.00,0.00,0.00,0.00,0.00,0.00
Reinildo Mandava,mz MOZ,DF,Lille,24,1994,3,1,97,01.janv,0,0,0,0,0,0,0,0,0.0,0.0,0.3,0.3,2,4,8,0.00,0.00,0.00,0.00,0.00,0.00,0.25,0.25,0.00,0.25
Thomas Mangani,fr FRA,MF,Angers,31,1987,29,18,1 598,17.août,3,0,3,0,3,4,2,1,03.sept,0.8,03.janv,03.août,16,125,42,0.17,0.00,0.17,0.00,0.00,0.22,0.17,0.39,0.04,0.22
Harrison Manzala,cd COD,MF FW,Angers,24,1994,8,0,74,0.8,0,0,0,0,0,0,0,0,0.6,0.6,0.0,0.6,2,2,11,0.00,0.00,0.00,0.00,0.00,0.78,0.00,0.78,0.78,0.78
Myziane Maolida,km COM,FW,Nice,19,1999,14,10,952,10.juin,0,3,3,0,0,0,2,0,02.mai,02.mai,01.août,04.mars,35,46,113,0.00,0.28,0.28,0.00,0.28,0.23,0.17,0.40,0.23,0.40
Faitout Maouassa,fr FRA,DF,Nîmes,20,1998,27,25,2 137,23.juil,0,1,1,0,0,0,2,1,0.7,0.7,0.7,01.avr,75,76,67,0.00,0.04,0.04,0.00,0.04,0.03,0.03,0.06,0.03,0.06
Fernando Marçal,br BRA,DF,Lyon,29,1989,12,12,878,09.août,0,0,0,0,0,0,2,0,0.2,0.2,0.2,0.4,25,89,39,0.00,0.00,0.00,0.00,0.00,0.02,0.02,0.04,0.02,0.04
Player,Nation,Pos,Squad,Age,Born,MP,Starts,Min,90s,Gls,Ast,G+A,G-PK,PK,PKatt,CrdY,CrdR,xG,npxG,xAG,npxG+xAG,PrgC,PrgP,PrgR,Gls,Ast,G+A,G-PK,G+A-PK,xG,xAG,xG+xAG,npxG,npxG+xAG
Marcelo,br BRA,DF,Lyon,31,1987,33,33,2 878,32.0,0,1,1,0,0,0,6,0,02.mars,02.mars,01.avr,03.juil,22,190,4,0.00,0.03,0.03,0.00,0.03,0.07,0.04,0.11,0.07,0.11
Mariano,do DOM,FW,Lyon,24,1993,3,2,143,01.juin,0,0,0,0,0,0,0,0,0.2,0.2,0.1,0.3,4,0,8,0.00,0.00,0.00,0.00,0.00,0.15,0.05,0.20,0.15,0.20
Jordan Marié,fr FRA,MF,Dijon,26,1991,26,20,1 803,20.0,1,1,2,1,0,0,4,0,01.janv,01.janv,0.6,01.juil,17,101,44,0.05,0.05,0.10,0.05,0.10,0.05,0.03,0.08,0.05,0.08
Marquinhos,br BRA,DF MF,Paris S-G,24,1994,30,30,2 693,29.sept,3,2,5,3,0,0,2,1,2.0,2.0,01.mars,03.avr,19,179,13,0.10,0.07,0.17,0.10,0.17,0.07,0.04,0.11,0.07,0.11
Jonas Martin,fr FRA,MF,Strasbourg,28,1990,23,23,2 059,22.sept,3,1,4,1,2,3,9,0,03.sept,01.mai,01.juil,03.févr,46,153,46,0.13,0.04,0.17,0.04,0.09,0.17,0.07,0.24,0.07,0.14
Marvin Martin,fr FRA,MF,Reims,30,1988,13,8,623,06.sept,0,1,1,0,0,0,1,0,0.3,0.3,01.janv,01.avr,6,36,30,0.00,0.14,0.14,0.00,0.14,0.04,0.15,0.20,0.04,0.20
Pablo Martinez,fr FRA,DF,Strasbourg,29,1989,32,32,2 815,31.mars,3,1,4,3,0,0,7,0,01.mars,01.mars,0.6,01.sept,28,148,7,0.10,0.03,0.13,0.10,0.13,0.04,0.02,0.06,0.04,0.06
Gelson Martins,pt POR,FW MF,Monaco,23,1995,16,16,1 389,15.avr,4,2,6,4,0,0,1,0,03.mars,03.mars,02.mars,05.juin,69,54,152,0.26,0.13,0.39,0.26,0.39,0.22,0.15,0.36,0.22,0.36
Han-Noah Massengo,fr FRA,MF,Monaco,17,2001,3,0,61,0.7,0,0,0,0,0,0,0,0,0.0,0.0,0.0,0.0,4,5,2,0.00,0.00,0.00,0.00,0.00,0.00,0.00,0.00,0.00,0.00
Eric Maxim Choupo-Moting,cm CMR,FW,Paris S-G,29,1989,22,8,802,08.sept,3,0,3,3,0,0,0,0,04.févr,04.févr,0.3,04.avr,22,20,81,0.34,0.00,0.34,0.34,0.34,0.47,0.03,0.50,0.47,0.50
Kylian Mbappé,fr FRA,FW,Paris S-G,19,1998,29,24,2 343,26.0,33,7,40,32,1,2,5,1,28.0,26.avr,05.avr,31.août,114,97,311,janv.27,0.27,janv.54,janv.23,janv.50,01.août,0.21,janv.28,01.janv,janv.22
Loïc Mbe Soh,fr FRA,DF,Paris S-G,17,2001,2,2,180,2.0,0,0,0,0,0,0,0,0,0.2,0.2,0.0,0.2,0,4,1,0.00,0.00,0.00,0.00,0.00,0.10,0.00,0.10,0.10,0.10
Nolan Mbemba,cg CGO,MF DF,Reims,23,1995,8,4,357,4.0,0,0,0,0,0,0,0,0,0.1,0.1,0.0,0.1,6,26,7,0.00,0.00,0.00,0.00,0.00,0.03,0.01,0.03,0.03,0.03
Adama Mbengue,sn SEN,DF,Caen,24,1993,11,8,739,08.févr,0,0,0,0,0,0,3,0,0.2,0.2,0.1,0.3,17,21,20,0.00,0.00,0.00,0.00,0.00,0.02,0.02,0.04,0.02,0.04
Stéphane Mbia,cm CMR,DF MF,Toulouse,32,1986,5,5,446,5.0,0,0,0,0,0,0,1,0,0.0,0.0,0.0,0.1,1,8,1,0.00,0.00,0.00,0.00,0.00,0.01,0.01,0.01,0.01,0.01
Kara Mbodji,sn SEN,DF,Nantes,28,1989,6,6,506,05.juin,0,0,0,0,0,0,0,0,0.2,0.2,0.1,0.3,5,17,1,0.00,0.00,0.00,0.00,0.00,0.04,0.02,0.06,0.04,0.06
Jordi Mboula,es ESP,FW MF,Monaco,19,1999,7,3,276,03.janv,0,0,0,0,0,0,1,0,01.févr,01.févr,0.1,01.mars,15,3,37,0.00,0.00,0.00,0.00,0.00,0.39,0.02,0.42,0.39,0.42
Farid El Melali,dz ALG,MF FW,Angers,21,1997,18,0,328,03.juin,0,1,1,0,0,0,1,0,0.4,0.4,0.2,0.6,13,12,34,0.00,0.27,0.27,0.00,0.27,0.10,0.06,0.15,0.10,0.15
Memphis,nl NED,FW MF,Lyon,24,1994,36,29,2 737,30.avr,10,10,20,10,0,2,5,0,14.mars,12.juil,10.juil,23.avr,108,176,281,0.33,0.33,0.66,0.33,0.66,0.47,0.35,0.82,0.42,0.77
Pedro Mendes,pt POR,DF,Montpellier,27,1990,31,31,2 667,29.juin,1,0,1,1,0,0,7,0,0.9,0.9,0.4,01.févr,23,93,5,0.03,0.00,0.03,0.03,0.03,0.03,0.01,0.04,0.03,0.04
Thiago Mendes,br BRA,MF,Lille,26,1992,35,35,3 074,34.2,0,5,5,0,0,0,10,0,01.mai,01.mai,04.août,06.mars,39,231,44,0.00,0.15,0.15,0.00,0.15,0.04,0.14,0.18,0.04,0.18
Stiven Mendoza,co COL,FW MF,Amiens,26,1992,25,22,1 877,20.sept,2,2,4,2,0,0,4,0,02.sept,02.sept,01.mars,04.févr,62,80,140,0.10,0.10,0.19,0.10,0.19,0.14,0.06,0.20,0.14,0.20
Alexandre Mendy,gw GNB,FW,Guingamp,24,1994,16,8,767,08.mai,3,0,3,3,0,0,2,0,3.0,3.0,1.0,03.sept,5,7,37,0.35,0.00,0.35,0.35,0.35,0.35,0.11,0.46,0.35,0.46
Edouard Mendy,sn SEN,GK,Reims,26,1992,38,38,3 42,38.0,0,0,0,0,0,0,3,0,0.0,0.0,0.1,0.1,0,2,0,0.00,0.00,0.00,0.00,0.00,0.00,0.00,0.00,0.00,0.00
Ferland Mendy,fr FRA,DF,Lyon,23,1995,30,27,2 531,28.janv,2,1,3,2,0,0,2,0,0.9,0.9,03.févr,04.janv,111,163,212,0.07,0.04,0.11,0.07,0.11,0.03,0.11,0.14,0.03,0.14
Player,Nation,Pos,Squad,Age,Born,MP,Starts,Min,90s,Gls,Ast,G+A,G-PK,PK,PKatt,CrdY,CrdR,xG,npxG,xAG,npxG+xAG,PrgC,PrgP,PrgR,Gls,Ast,G+A,G-PK,G+A-PK,xG,xAG,xG+xAG,npxG,npxG+xAG
Mehdi Merghem,dz ALG,FW MF,Guingamp,21,1997,9,9,721,8.0,0,1,1,0,0,0,3,0,01.juin,01.juin,0.1,01.juil,20,31,49,0.00,0.12,0.12,0.00,0.12,0.20,0.02,0.21,0.20,0.21
Romain Métanire,mg MAD,DF,Reims,28,1990,5,4,313,03.mai,0,0,0,0,0,0,1,1,0.5,0.5,0.0,0.5,6,10,4,0.00,0.00,0.00,0.00,0.00,0.13,0.01,0.14,0.13,0.14
Thomas Meunier,be BEL,DF,Paris S-G,26,1991,22,19,1 61,17.sept,3,3,6,3,0,0,2,0,02.mai,02.mai,03.mars,05.août,62,81,151,0.17,0.17,0.34,0.17,0.34,0.14,0.18,0.32,0.14,0.32
Mexer,mz MOZ,DF,Rennes,29,1988,29,29,2 469,27.avr,0,0,0,0,0,0,3,0,0.6,0.6,0.2,0.8,4,41,2,0.00,0.00,0.00,0.00,0.00,0.02,0.01,0.03,0.02,0.03
Matt Miazga,us USA,DF,Nantes,23,1995,8,8,720,8.0,0,0,0,0,0,0,5,0,0.3,0.3,0.3,0.6,1,32,0,0.00,0.00,0.00,0.00,0.00,0.04,0.04,0.08,0.04,0.08
Clément Michelin,fr FRA,DF,Toulouse,21,1997,1,1,90,1.0,0,0,0,0,0,0,0,0,0.0,0.0,0.0,0.0,1,4,2,0.00,0.00,0.00,0.00,0.00,0.00,0.00,0.00,0.00,0.00
Florian Miguel,fr FRA,DF,Nîmes,21,1996,13,12,1 117,12.avr,0,1,1,0,0,0,2,1,01.févr,01.févr,01.janv,02.mars,13,16,19,0.00,0.08,0.08,0.00,0.08,0.09,0.09,0.18,0.09,0.18
Kostas Mitroglou,gr GRE,FW,Marseille,30,1988,14,7,580,06.avr,3,0,3,3,0,0,0,0,04.avr,04.avr,0.2,04.juin,3,5,22,0.47,0.00,0.47,0.47,0.47,0.69,0.03,0.72,0.69,0.72
Stefan Mitrović,rs SRB,DF,Strasbourg,28,1990,34,34,3 026,33.6,0,0,0,0,0,0,8,2,01.mars,01.mars,0.3,01.juil,6,50,0,0.00,0.00,0.00,0.00,0.00,0.04,0.01,0.05,0.04,0.05
Hakim El Mokeddem,,FW MF,Toulouse,19,1999,2,0,25,0.3,0,0,0,0,0,0,0,0,0.0,0.0,0.3,0.3,0,1,3,0.00,0.00,0.00,0.00,0.00,0.00,01.sept,01.sept,0.00,01.sept
Florent Mollet,fr FRA,MF,Montpellier,26,1991,32,31,2 564,28.mai,6,4,10,6,0,0,6,1,03.sept,03.sept,07.janv,11.janv,67,168,228,0.21,0.14,0.35,0.21,0.35,0.14,0.25,0.39,0.14,0.39
Thomas Monconduit,fr FRA,MF,Amiens,27,1991,33,32,2 818,31.mars,0,1,1,0,0,0,6,0,0.6,0.6,02.janv,02.juin,25,199,31,0.00,0.03,0.03,0.00,0.03,0.02,0.07,0.08,0.02,0.08
Kévin Monnet-Paquet,fr FRA,DF MF,Saint-Étienne,29,1988,23,16,1 482,16.mai,1,1,2,1,0,0,4,0,01.août,01.août,1.0,02.août,51,56,97,0.06,0.06,0.12,0.06,0.12,0.11,0.06,0.17,0.11,0.17
Steven Moreira,cv CPV,DF MF,Toulouse,23,1994,10,10,863,09.juin,0,0,0,0,0,0,2,0,0.5,0.5,0.2,0.7,19,29,38,0.00,0.00,0.00,0.00,0.00,0.05,0.02,0.07,0.05,0.07
Jérémy Morel,mg MAD,DF,Lyon,34,1984,12,12,1 064,11.août,0,0,0,0,0,0,4,0,0.1,0.1,0.1,0.2,8,67,0,0.00,0.00,0.00,0.00,0.00,0.01,0.01,0.02,0.01,0.02
Lebo Mothiba,za RSA,FW,Strasbourg,22,1996,32,18,1 771,19.juil,9,2,11,8,1,1,3,0,7.0,06.févr,01.avr,07.juin,28,22,164,0.46,0.10,0.56,0.41,0.51,0.36,0.07,0.43,0.32,0.39
Lebo Mothiba,za RSA,FW,Lille,22,1996,3,3,253,02.août,1,0,1,1,0,0,0,0,0.1,0.1,0.1,0.2,2,2,9,0.36,0.00,0.36,0.36,0.36,0.03,0.05,0.08,0.03,0.08
François Moubandje,ch SUI,DF,Toulouse,28,1990,22,21,1 935,21.mai,0,0,0,0,0,0,3,0,0.4,0.4,1.0,01.avr,35,75,79,0.00,0.00,0.00,0.00,0.00,0.02,0.05,0.06,0.02,0.06
Jessy Moulin,fr FRA,GK,Saint-Étienne,32,1986,1,1,90,1.0,0,0,0,0,0,0,0,0,0.0,0.0,0.0,0.0,0,0,0,0.00,0.00,0.00,0.00,0.00,0.00,0.00,0.00,0.00,0.00
Herman Moussaki,fr FRA,MF FW,Caen,19,1999,6,2,204,02.mars,0,1,1,0,0,0,1,0,0.2,0.2,0.2,0.4,5,1,14,0.00,0.44,0.44,0.00,0.44,0.11,0.07,0.18,0.11,0.18
Samuel Moutoussamy,cd COD,MF FW,Nantes,21,1996,28,19,1 648,18.mars,2,3,5,2,0,0,0,0,02.mars,02.mars,01.sept,04.févr,38,61,93,0.11,0.16,0.27,0.11,0.27,0.13,0.10,0.23,0.13,0.23
Ndombe Mubele,cd COD,FW,Toulouse,24,1994,15,4,465,05.févr,1,0,1,1,0,0,0,0,0.9,0.9,0.3,01.mars,12,5,39,0.19,0.00,0.19,0.19,0.19,0.18,0.06,0.24,0.18,0.24
Kévin N'Doram,fr FRA,DF MF,Monaco,22,1996,4,2,195,02.févr,0,0,0,0,0,0,2,0,0.2,0.2,0.0,0.2,5,15,0,0.00,0.00,0.00,0.00,0.00,0.09,0.00,0.09,0.09,0.09
Abdallah N'dour,sn SEN,DF,Strasbourg,24,1993,4,4,292,03.févr,0,0,0,0,0,0,0,0,0.0,0.0,0.1,0.1,7,5,10,0.00,0.00,0.00,0.00,0.00,0.01,0.03,0.04,0.01,0.04
Cheikh N'Doye,sn SEN,MF,Angers,32,1986,27,26,2 334,25.sept,0,3,3,0,0,0,4,0,02.août,02.mars,01.juil,03.sept,23,94,91,0.00,0.12,0.12,0.00,0.12,0.11,0.06,0.17,0.09,0.15
Player,Nation,Pos,Squad,Age,Born,MP,Starts,Min,90s,Gls,Ast,G+A,G-PK,PK,PKatt,CrdY,CrdR,xG,npxG,xAG,npxG+xAG,PrgC,PrgP,PrgR,Gls,Ast,G+A,G-PK,G+A-PK,xG,xAG,xG+xAG,npxG,npxG+xAG
Nathan N'Goumou,cm CMR,FW,Toulouse,18,2000,1,1,70,0.8,0,0,0,0,0,0,0,0,0.0,0.0,0.0,0.0,0,0,3,0.00,0.00,0.00,0.00,0.00,0.04,0.00,0.04,0.04,0.04
Clinton N'Jie,cm CMR,FW,Marseille,24,1993,17,3,364,4.0,3,2,5,3,0,0,0,0,1.0,1.0,0.9,01.sept,15,5,36,0.74,0.49,janv.24,0.74,janv.24,0.24,0.23,0.47,0.24,0.47
Georges-Kévin N'Koudou,cm CMR,FW,Monaco,23,1995,3,0,23,0.3,0,0,0,0,0,0,0,0,0.1,0.1,0.0,0.1,2,1,5,0.00,0.00,0.00,0.00,0.00,0.36,0.00,0.36,0.36,0.36
Stanley N'Soki,fr FRA,DF,Paris S-G,19,1999,12,8,698,07.août,0,0,0,0,0,0,2,0,0.0,0.0,0.1,0.1,19,32,43,0.00,0.00,0.00,0.00,0.00,0.00,0.02,0.02,0.00,0.02
Naldo,br BRA,DF,Monaco,35,1982,7,5,301,03.mars,0,0,0,0,0,0,0,2,0.6,0.6,0.0,0.6,2,7,0,0.00,0.00,0.00,0.00,0.00,0.16,0.01,0.17,0.16,0.17
Aly Ndom,fr FRA,MF,Caen,22,1996,1,1,45,0.5,0,0,0,0,0,0,1,0,0.0,0.0,0.0,0.0,0,0,0,0.00,0.00,0.00,0.00,0.00,0.00,0.00,0.00,0.00,0.00
Aly Ndom,fr FRA,MF,Reims,22,1996,11,3,363,4.0,0,0,0,0,0,0,1,0,0.1,0.1,0.0,0.1,11,27,3,0.00,0.00,0.00,0.00,0.00,0.03,0.01,0.03,0.03,0.03
Tanguy Ndombele,fr FRA,MF,Lyon,21,1996,34,31,2 69,29.sept,1,7,8,1,0,0,3,0,01.sept,01.sept,03.juin,05.mai,81,266,61,0.03,0.23,0.27,0.03,0.27,0.06,0.12,0.18,0.06,0.18
Neymar,br BRA,MF FW,Paris S-G,26,1992,17,16,1 439,16.0,15,7,22,10,5,5,2,0,11.0,07.janv,06.sept,14.0,125,177,138,0.94,0.44,janv.38,0.63,01.juin,0.69,0.43,01.déc,0.44,0.87
Yeni Ngbakoto,cd COD,MF FW,Guingamp,26,1992,15,4,566,06.mars,1,0,1,1,0,0,0,0,01.juin,01.juin,0.8,02.avr,8,13,36,0.16,0.00,0.16,0.16,0.16,0.25,0.14,0.39,0.25,0.39
M'Baye Niang,sn SEN,FW MF,Rennes,23,1994,29,19,1 793,19.sept,11,4,15,9,2,2,5,0,07.août,06.mars,01.juil,8.0,63,44,115,0.55,0.20,0.75,0.45,0.65,0.39,0.09,0.48,0.31,0.40
Casimir Ninga,td CHA,FW MF,Caen,25,1993,33,28,2 468,27.avr,6,3,9,5,1,1,9,0,05.juin,04.août,02.mai,07.mars,95,27,185,0.22,0.11,0.33,0.18,0.29,0.20,0.09,0.30,0.18,0.27
Christopher Nkunku,fr FRA,MF FW,Paris S-G,20,1997,22,13,1 156,12.août,3,2,5,3,0,0,0,0,02.juin,02.juin,03.janv,05.juil,52,61,130,0.23,0.16,0.39,0.23,0.39,0.21,0.24,0.44,0.21,0.44
Arnaud Nordin,fr FRA,FW MF,Saint-Étienne,20,1998,25,11,1 05,11.juil,3,1,4,3,0,0,2,0,03.juil,03.juil,02.janv,05.août,53,30,95,0.26,0.09,0.34,0.26,0.34,0.32,0.18,0.49,0.32,0.49
Gerzino Nyamsi,fr FRA,DF,Rennes,21,1997,8,6,539,6.0,0,0,0,0,0,0,1,1,0.0,0.0,0.0,0.0,6,13,1,0.00,0.00,0.00,0.00,0.00,0.00,0.00,0.00,0.00,0.00
Lucas Ocampos,ar ARG,FW MF,Marseille,24,1994,34,31,2 708,30.janv,4,8,12,4,0,0,11,0,05.juil,05.juil,03.avr,09.janv,85,54,210,0.13,0.27,0.40,0.13,0.40,0.19,0.11,0.30,0.19,0.30
Sheyi Ojo,eng ENG,FW MF,Reims,21,1997,15,3,468,05.févr,0,0,0,0,0,0,0,0,01.mars,01.mars,0.2,01.avr,14,7,47,0.00,0.00,0.00,0.00,0.00,0.24,0.03,0.28,0.24,0.28
Alexandre Olliero,fr FRA,GK,Nantes,22,1996,1,1,90,1.0,0,0,0,0,0,0,0,0,0.0,0.0,0.0,0.0,0,0,0,0.00,0.00,0.00,0.00,0.00,0.00,0.00,0.00,0.00,0.00
Prince Oniangué,cg CGO,MF,Caen,29,1988,31,26,2 343,26.0,2,0,2,2,0,0,3,0,03.juin,03.juin,0.6,04.févr,15,100,20,0.08,0.00,0.08,0.08,0.08,0.14,0.02,0.16,0.14,0.16
Otávio,br BRA,MF,Bordeaux,24,1994,33,33,2 875,31.9,0,2,2,0,0,0,4,0,0.8,0.8,0.4,01.févr,20,151,20,0.00,0.06,0.06,0.00,0.06,0.02,0.01,0.04,0.02,0.04
Remi Oudin,fr FRA,FW MF,Reims,21,1996,37,32,2 612,29.0,10,4,14,10,0,0,4,0,08.mai,08.mai,3.0,11.mai,42,58,202,0.34,0.14,0.48,0.34,0.48,0.29,0.10,0.40,0.29,0.40
Ambroise Oyongo,cm CMR,DF,Montpellier,27,1991,26,25,2 136,23.juil,2,0,2,2,0,0,5,0,01.janv,01.janv,01.févr,02.mars,52,87,109,0.08,0.00,0.08,0.08,0.08,0.05,0.05,0.10,0.05,0.10
Pablo,br BRA,DF,Bordeaux,27,1991,25,25,1 936,21.mai,1,1,2,1,0,0,2,3,01.févr,01.févr,0.3,01.mai,5,25,1,0.05,0.05,0.09,0.05,0.09,0.06,0.01,0.07,0.06,0.07
Vincent Pajot,fr FRA,MF,Angers,27,1990,13,10,713,07.sept,0,0,0,0,0,0,2,0,0.9,0.9,0.7,01.mai,6,30,17,0.00,0.00,0.00,0.00,0.00,0.11,0.09,0.19,0.11,0.19
Sergi Palencia,es ESP,DF,Bordeaux,22,1996,25,22,1 986,22.janv,0,3,3,0,0,0,6,0,0.2,0.2,01.juil,01.août,49,84,82,0.00,0.14,0.14,0.00,0.14,0.01,0.07,0.08,0.01,0.08
Player,Nation,Pos,Squad,Age,Born,MP,Starts,Min,90s,Gls,Ast,G+A,G-PK,PK,PKatt,CrdY,CrdR,xG,npxG,xAG,npxG+xAG,PrgC,PrgP,PrgR,Gls,Ast,G+A,G-PK,G+A-PK,xG,xAG,xG+xAG,npxG,npxG+xAG
Nicolas Pallois,fr FRA,DF,Nantes,30,1987,24,24,2 16,24.0,2,0,2,2,0,0,8,0,01.mars,01.mars,0.1,01.avr,22,90,7,0.08,0.00,0.08,0.08,0.08,0.05,0.01,0.06,0.05,0.06
Mickaël Panos,fr FRA,DF,Saint-Étienne,21,1997,1,0,25,0.3,0,0,0,0,0,0,0,0,0.0,0.0,0.0,0.0,0,0,1,0.00,0.00,0.00,0.00,0.00,0.00,0.00,0.00,0.00,0.00
Elhadji Pape Diaw,sn SEN,DF,Angers,23,1994,1,0,15,0.2,0,0,0,0,0,0,0,0,0.0,0.0,0.0,0.0,0,1,0,0.00,0.00,0.00,0.00,0.00,0.00,0.00,0.00,0.00,0.00
Gaëtan Paquiez,fr FRA,DF,Nîmes,24,1994,20,14,1 329,14.août,0,0,0,0,0,0,5,0,0.1,0.1,0.3,0.4,10,40,30,0.00,0.00,0.00,0.00,0.00,0.01,0.02,0.03,0.01,0.03
Leandro Paredes,ar ARG,MF,Paris S-G,24,1994,16,14,1 249,13.sept,0,2,2,0,0,0,1,0,0.6,0.6,02.juil,03.mars,10,112,6,0.00,0.14,0.14,0.00,0.14,0.04,0.20,0.24,0.04,0.24
Mateo Pavlović,ba BIH,DF,Angers,28,1990,30,28,2 49,27.juil,2,1,3,2,0,0,7,1,03.juin,03.juin,0.2,03.août,1,31,4,0.07,0.04,0.11,0.07,0.11,0.13,0.01,0.14,0.13,0.14
Dimitri Payet,fr FRA,MF FW,Marseille,31,1987,31,23,1 904,21.févr,4,6,10,2,2,3,3,0,05.juin,03.févr,06.juil,09.sept,55,119,149,0.19,0.28,0.47,0.09,0.38,0.26,0.32,0.58,0.15,0.47
Stef Peeters,be BEL,MF,Caen,26,1992,7,5,407,04.mai,0,0,0,0,0,0,0,0,0.2,0.2,0.3,0.5,6,22,7,0.00,0.00,0.00,0.00,0.00,0.05,0.06,0.11,0.05,0.11
Jordan Pefok,us USA,FW,Rennes,22,1996,15,7,608,06.août,3,1,4,3,0,0,0,0,04.févr,04.févr,0.2,04.mars,3,4,36,0.44,0.15,0.59,0.44,0.59,0.62,0.02,0.64,0.62,0.64
Pelé,gw GNB,MF,Monaco,26,1991,8,4,469,05.févr,0,0,0,0,0,0,1,0,0.1,0.1,0.1,0.2,6,33,7,0.00,0.00,0.00,0.00,0.00,0.02,0.01,0.04,0.02,0.04
Yohann Pelé,fr FRA,GK,Marseille,35,1982,9,7,682,07.juin,0,0,0,0,0,0,0,0,0.0,0.0,0.0,0.0,0,0,0,0.00,0.00,0.00,0.00,0.00,0.00,0.00,0.00,0.00,0.00
Maxime Pélican,fr FRA,FW MF,Nice,20,1998,2,1,91,1.0,0,0,0,0,0,0,0,0,0.0,0.0,0.0,0.0,1,0,1,0.00,0.00,0.00,0.00,0.00,0.00,0.00,0.00,0.00,0.00
Pietro Pellegri,it ITA,FW MF,Monaco,17,2001,3,0,82,0.9,1,0,1,1,0,0,1,0,0.1,0.1,0.1,0.1,2,1,4,01.oct,0.00,01.oct,01.oct,01.oct,0.06,0.06,0.12,0.06,0.12
Théo Pellenard,fr FRA,DF,Angers,24,1994,6,6,495,05.mai,0,0,0,0,0,0,0,0,0.0,0.0,0.3,0.3,20,28,30,0.00,0.00,0.00,0.00,0.00,0.01,0.05,0.06,0.01,0.06
Andy Pelmard,mg MAD,DF,Nice,18,2000,4,4,275,03.janv,0,0,0,0,0,0,0,0,0.0,0.0,0.0,0.0,4,10,0,0.00,0.00,0.00,0.00,0.00,0.00,0.01,0.01,0.00,0.01
Nicolas Pépé,ci CIV,FW MF,Lille,23,1995,38,37,3 324,36.9,22,11,33,13,9,10,1,0,21.janv,13.mars,09.juin,22.août,139,116,293,0.60,0.30,0.89,0.35,0.65,0.57,0.26,0.83,0.36,0.62
Loïc Perrin,fr FRA,DF,Saint-Étienne,32,1985,31,31,2 7,30.0,1,1,2,1,0,0,2,0,01.avr,01.avr,0.8,02.févr,15,102,3,0.03,0.03,0.07,0.03,0.07,0.05,0.03,0.07,0.05,0.07
Matthias Phaeton,gp GLP,FW MF,Guingamp,18,2000,4,0,56,0.6,0,0,0,0,0,0,0,0,0.0,0.0,0.2,0.2,2,1,4,0.00,0.00,0.00,0.00,0.00,0.00,0.35,0.35,0.00,0.35
Lebogang Phiri,za RSA,MF,Guingamp,23,1994,24,23,1 928,21.avr,0,0,0,0,0,0,3,0,0.5,0.5,0.6,01.janv,19,126,16,0.00,0.00,0.00,0.00,0.00,0.03,0.03,0.05,0.03,0.05
Jérémy Pied,fr FRA,DF,Lille,29,1989,11,4,469,05.févr,0,2,2,0,0,0,0,0,0.0,0.0,01.janv,01.janv,14,21,30,0.00,0.38,0.38,0.00,0.38,0.00,0.20,0.20,0.00,0.20
Ronaël Pierre-Gabriel,fr FRA,DF,Monaco,20,1998,4,4,355,03.sept,0,0,0,0,0,0,1,0,0.0,0.0,0.0,0.0,5,14,2,0.00,0.00,0.00,0.00,0.00,0.00,0.01,0.01,0.00,0.01
Erik Pieters,nl NED,DF,Amiens,29,1988,15,14,1 261,14.0,1,1,2,1,0,0,2,0,01.janv,01.janv,0.7,01.août,20,60,23,0.07,0.07,0.14,0.07,0.14,0.08,0.05,0.13,0.08,0.13
Virgile Pinson,fr FRA,MF,Reims,22,1996,1,0,5,0.1,0,0,0,0,0,0,0,0,0.0,0.0,0.0,0.0,0,0,1,0.00,0.00,0.00,0.00,0.00,0.00,0.00,0.00,0.00,0.00
Lenny Pintor,fr FRA,FW,Lyon,17,2000,1,0,1,0.0,0,0,0,0,0,0,0,0,0.0,0.0,0.0,0.0,0,0,1,0.00,0.00,0.00,0.00,0.00,0.00,0.00,0.00,0.00,0.00
Facundo Píriz,uy URU,MF FW,Montpellier,28,1990,6,0,116,01.mars,0,0,0,0,0,0,0,0,0.0,0.0,0.0,0.0,0,7,0,0.00,0.00,0.00,0.00,0.00,0.00,0.00,0.00,0.00,0.00
Player,Nation,Pos,Squad,Age,Born,MP,Starts,Min,90s,Gls,Ast,G+A,G-PK,PK,PKatt,CrdY,CrdR,xG,npxG,xAG,npxG+xAG,PrgC,PrgP,PrgR,Gls,Ast,G+A,G-PK,G+A-PK,xG,xAG,xG+xAG,npxG,npxG+xAG
Jaroslav Plašil,cz CZE,MF,Bordeaux,36,1982,23,16,1 443,16.0,0,1,1,0,0,0,2,0,01.mars,01.mars,0.6,01.sept,25,89,31,0.00,0.06,0.06,0.00,0.06,0.08,0.04,0.12,0.08,0.12
Morgan Poaty,cg CGO,MF,Montpellier,21,1997,1,1,90,1.0,0,0,0,0,0,0,0,0,0.0,0.0,0.0,0.1,4,3,5,0.00,0.00,0.00,0.00,0.00,0.05,0.05,0.09,0.05,0.09
Denis-Will Poha,fr FRA,MF,Rennes,21,1997,2,0,29,0.3,0,0,0,0,0,0,0,0,0.0,0.0,0.0,0.0,1,2,2,0.00,0.00,0.00,0.00,0.00,0.00,0.00,0.00,0.00,0.00
Pierre-Yves Polomat,fr FRA,DF,Saint-Étienne,24,1993,18,11,950,10.juin,0,2,2,0,0,0,2,0,0.2,0.2,01.août,2.0,27,51,65,0.00,0.19,0.19,0.00,0.19,0.02,0.17,0.19,0.02,0.19
Maxime Poundjé,fr FRA,DF,Bordeaux,25,1992,30,28,2 537,28.févr,0,2,2,0,0,0,4,0,0.4,0.4,01.juin,2.0,93,125,107,0.00,0.07,0.07,0.00,0.07,0.01,0.06,0.07,0.01,0.07
Gaëtan Poussin,fr FRA,GK,Bordeaux,19,1999,1,1,90,1.0,0,0,0,0,0,0,0,0,0.0,0.0,0.0,0.0,0,0,0,0.00,0.00,0.00,0.00,0.00,0.00,0.00,0.00,0.00,0.00
Sanjin Prcić,ba BIH,MF,Strasbourg,24,1993,13,12,1 053,11.juil,2,1,3,2,0,0,1,0,0.5,0.5,01.mars,01.août,19,104,11,0.17,0.09,0.26,0.17,0.26,0.04,0.11,0.16,0.04,0.16
Nicolas de Préville,fr FRA,FW MF,Bordeaux,27,1991,23,14,1 271,14.janv,3,3,6,3,0,0,5,0,02.mars,02.mars,03.août,06.janv,58,46,115,0.21,0.21,0.42,0.21,0.42,0.16,0.27,0.43,0.16,0.43
Adrien Rabiot,fr FRA,MF,Paris S-G,23,1995,14,12,1 063,11.août,2,1,3,2,0,0,3,0,01.mai,01.mai,0.3,01.août,47,122,24,0.17,0.08,0.25,0.17,0.25,0.13,0.03,0.15,0.13,0.15
Nemanja Radonjić,rs SRB,FW MF,Marseille,22,1996,17,7,681,07.juin,0,0,0,0,0,0,2,0,01.janv,01.janv,0.2,01.mars,28,15,65,0.00,0.00,0.00,0.00,0.00,0.15,0.02,0.17,0.15,0.17
Rafael,br BRA,DF,Lyon,28,1990,18,11,1 023,11.avr,0,1,1,0,0,0,4,1,0.1,0.1,0.7,0.8,48,63,63,0.00,0.09,0.09,0.00,0.09,0.01,0.06,0.07,0.01,0.07
Andrea Raggi,it ITA,DF,Monaco,34,1984,6,6,494,05.mai,0,0,0,0,0,0,1,1,0.1,0.1,0.2,0.3,4,19,14,0.00,0.00,0.00,0.00,0.00,0.02,0.04,0.06,0.02,0.06
Baba Rahman,gh GHA,DF,Reims,24,1994,11,11,964,10.juil,1,1,2,1,0,0,3,0,0.2,0.2,0.7,0.9,23,46,21,0.09,0.09,0.19,0.09,0.19,0.02,0.06,0.08,0.02,0.08
Adil Rami,fr FRA,DF,Marseille,32,1985,16,16,1 412,15.juil,1,1,2,1,0,0,2,0,01.juin,01.juin,01.juin,03.mars,11,44,6,0.06,0.06,0.13,0.06,0.13,0.10,0.10,0.21,0.10,0.21
Pedro Rebocho,pt POR,DF,Guingamp,23,1995,36,36,3 24,36.0,0,8,8,0,0,0,4,0,0.8,0.8,06.mars,07.janv,74,165,129,0.00,0.22,0.22,0.00,0.22,0.02,0.17,0.20,0.02,0.20
Jeff Reine-Adélaïde,fr FRA,FW MF,Angers,20,1998,35,29,2 556,28.avr,3,3,6,3,0,1,2,0,05.mai,04.juil,3.0,07.juil,135,136,145,0.11,0.11,0.21,0.11,0.21,0.19,0.10,0.30,0.17,0.27
Loïc Rémy,fr FRA,FW,Lille,31,1987,26,14,1 204,13.avr,7,2,9,6,1,2,3,0,06.avr,04.sept,0.7,05.juin,18,18,60,0.52,0.15,0.67,0.45,0.60,0.48,0.06,0.53,0.37,0.42
Baptiste Reynet,fr FRA,GK,Toulouse,27,1990,31,31,2 704,30.0,0,0,0,0,0,0,0,1,0.0,0.0,0.5,0.5,0,1,0,0.00,0.00,0.00,0.00,0.00,0.00,0.02,0.02,0.00,0.02
Kévin Rimane,gf GUF,MF,Paris S-G,27,1991,1,0,5,0.1,0,0,0,0,0,0,0,0,0.0,0.0,0.0,0.0,0,2,0,0.00,0.00,0.00,0.00,0.00,0.00,0.00,0.00,0.00,0.00
Renaud Ripart,fr FRA,FW DF,Nîmes,25,1993,38,34,3 006,33.4,8,4,12,8,0,0,2,0,06.août,06.août,03.juil,10.mai,63,85,187,0.24,0.12,0.36,0.24,0.36,0.20,0.11,0.31,0.20,0.31
Mihailo Ristić,rs SRB,DF MF,Montpellier,22,1995,10,3,326,03.juin,1,0,1,1,0,0,0,0,1.0,1.0,0.1,01.févr,10,8,30,0.28,0.00,0.28,0.28,0.28,0.29,0.03,0.32,0.29,0.32
Christopher Rocchia,fr FRA,DF,Marseille,20,1998,1,0,3,0.0,0,0,0,0,0,0,0,0,0.0,0.0,0.0,0.0,0,1,3,0.00,0.00,0.00,0.00,0.00,0.00,0.00,0.00,0.00,0.00
Kenny Rocha Santos,cv CPV,MF,Saint-Étienne,18,2000,1,0,1,0.0,0,0,0,0,0,0,0,0,0.0,0.0,0.0,0.0,0,0,0,0.00,0.00,0.00,0.00,0.00,0.00,0.00,0.00,0.00,0.00
Ronny Rodelin,fr FRA,MF FW,Guingamp,28,1989,17,8,788,08.août,0,0,0,0,0,0,0,0,01.juin,01.juin,0.4,2.0,10,45,48,0.00,0.00,0.00,0.00,0.00,0.18,0.05,0.23,0.18,0.23
Rolando,pt POR,DF,Marseille,32,1985,10,9,804,08.sept,0,0,0,0,0,0,2,0,01.janv,01.janv,0.0,01.janv,2,13,2,0.00,0.00,0.00,0.00,0.00,0.12,0.01,0.12,0.12,0.12
Player,Nation,Pos,Squad,Age,Born,MP,Starts,Min,90s,Gls,Ast,G+A,G-PK,PK,PKatt,CrdY,CrdR,xG,npxG,xAG,npxG+xAG,PrgC,PrgP,PrgR,Gls,Ast,G+A,G-PK,G+A-PK,xG,xAG,xG+xAG,npxG,npxG+xAG
Alaixys Romao,tg TOG,MF,Reims,34,1984,36,36,3 16,35.1,0,3,3,0,0,0,8,1,01.juil,01.juil,02.juin,04.avr,25,155,12,0.00,0.09,0.09,0.00,0.09,0.05,0.08,0.12,0.05,0.12
Valentin Rongier,fr FRA,MF,Nantes,23,1994,36,36,3 226,35.8,4,5,9,3,1,2,3,0,6.0,04.avr,05.juin,09.sept,72,232,126,0.11,0.14,0.25,0.08,0.22,0.17,0.16,0.32,0.12,0.28
Valentin Rosier,fr FRA,DF MF,Dijon,21,1996,18,16,1 46,16.févr,0,4,4,0,0,0,2,0,0.6,0.6,1.0,01.juin,41,53,79,0.00,0.25,0.25,0.00,0.25,0.04,0.06,0.10,0.04,0.10
Nolan Roux,fr FRA,FW,Guingamp,30,1988,26,17,1 536,17.janv,2,0,2,2,0,0,2,0,04.juin,04.juin,0.8,05.avr,10,30,103,0.12,0.00,0.12,0.12,0.12,0.27,0.05,0.31,0.27,0.31
Stéphane Ruffier,fr FRA,GK,Saint-Étienne,31,1986,37,37,3 33,37.0,0,0,0,0,0,0,1,0,0.0,0.0,0.0,0.0,0,0,0,0.00,0.00,0.00,0.00,0.00,0.00,0.00,0.00,0.00,0.00
Idriss Saadi,dz ALG,FW MF,Strasbourg,26,1992,1,0,10,0.1,0,0,0,0,0,0,0,0,0.0,0.0,0.0,0.0,0,0,0,0.00,0.00,0.00,0.00,0.00,0.00,0.00,0.00,0.00,0.00
Youssouf Sabaly,sn SEN,DF,Bordeaux,25,1993,23,21,1 908,21.févr,0,1,1,0,0,0,3,0,0.6,0.6,02.janv,02.juil,75,75,109,0.00,0.05,0.05,0.00,0.05,0.03,0.10,0.13,0.03,0.13
Ihsan Sacko,fr FRA,FW,Nice,21,1997,13,4,442,04.sept,0,1,1,0,0,0,0,1,0.8,0.7,0.8,01.mai,7,8,38,0.00,0.20,0.20,0.00,0.20,0.16,0.16,0.33,0.13,0.30
Wesley Saïd,fr FRA,FW MF,Dijon,23,1995,34,25,2 253,25.0,4,1,5,4,0,1,4,0,05.janv,04.mars,02.août,07.janv,68,78,160,0.16,0.04,0.20,0.16,0.20,0.20,0.11,0.32,0.17,0.28
Allan Saint-Maximin,fr FRA,FW,Nice,21,1997,34,34,2 9,32.2,6,3,9,5,1,2,2,0,07.août,06.mars,06.juin,12.août,202,93,309,0.19,0.09,0.28,0.16,0.25,0.24,0.20,0.45,0.19,0.40
Théo Sainte-Luce,fr FRA,MF,Nîmes,19,1998,1,0,1,0.0,0,0,0,0,0,0,0,0,0.0,0.0,0.0,0.0,0,1,0,0.00,0.00,0.00,0.00,0.00,0.00,0.00,0.00,0.00,0.00
Hiroki Sakai,jp JPN,DF,Marseille,28,1990,27,26,2 374,26.avr,1,4,5,1,0,0,3,0,0.4,0.4,02.sept,03.mars,37,100,111,0.04,0.15,0.19,0.04,0.19,0.01,0.11,0.12,0.01,0.12
Diafra Sakho,sn SEN,FW,Rennes,28,1989,2,2,144,01.juin,0,0,0,0,0,0,0,0,0.1,0.1,0.0,0.1,2,1,16,0.00,0.00,0.00,0.00,0.00,0.05,0.00,0.05,0.05,0.05
Emiliano Sala,ar ARG,FW,Nantes,27,1990,19,16,1 369,15.févr,12,2,14,10,2,2,0,0,06.mai,04.sept,01.juil,06.juin,15,26,99,0.79,0.13,0.92,0.66,0.79,0.43,0.11,0.54,0.32,0.43
William Saliba,fr FRA,DF,Saint-Étienne,17,2001,16,13,1 277,14.févr,0,0,0,0,0,0,1,0,0.3,0.3,0.0,0.3,7,21,4,0.00,0.00,0.00,0.00,0.00,0.02,0.00,0.02,0.02,0.02
Yannis Salibur,fr FRA,FW MF,Saint-Étienne,27,1991,21,9,885,09.août,1,3,4,1,0,0,2,1,02.janv,02.janv,02.juin,04.juil,57,39,88,0.10,0.31,0.41,0.10,0.41,0.21,0.26,0.47,0.21,0.47
Yannis Salibur,fr FRA,MF,Guingamp,27,1991,1,0,16,0.2,0,0,0,0,0,0,0,0,0.0,0.0,0.0,0.0,0,0,0,0.00,0.00,0.00,0.00,0.00,0.00,0.00,0.00,0.00,0.00
Brice Samba,fr FRA,GK,Caen,24,1994,38,38,3 42,38.0,0,0,0,0,0,0,1,0,0.0,0.0,0.0,0.0,0,0,0,0.00,0.00,0.00,0.00,0.00,0.00,0.00,0.00,0.00,0.00
Junior Sambia,fr FRA,MF FW,Montpellier,21,1996,30,7,926,10.mars,0,1,1,0,0,0,3,0,02.janv,02.janv,01.juin,03.juil,35,38,77,0.00,0.10,0.10,0.00,0.10,0.21,0.16,0.36,0.21,0.36
Frédéric Sammaritano,fr FRA,FW MF,Dijon,32,1986,14,6,538,6.0,0,0,0,0,0,0,3,1,0.6,0.6,0.6,01.févr,16,31,31,0.00,0.00,0.00,0.00,0.00,0.10,0.11,0.20,0.10,0.20
Ibrahim Sangaré,ci CIV,MF,Toulouse,20,1997,28,27,2 467,27.avr,1,3,4,1,0,0,7,0,02.mars,02.mars,01.juil,04.janv,37,227,36,0.04,0.11,0.15,0.04,0.15,0.09,0.06,0.15,0.09,0.15
Younousse Sankharé,sn SEN,MF,Bordeaux,28,1989,22,17,1 476,16.avr,1,3,4,1,0,0,6,0,2.0,2.0,1.0,03.janv,29,71,52,0.06,0.18,0.24,0.06,0.24,0.12,0.06,0.19,0.12,0.19
Baissama Sankoh,gn GUI,MF FW,Caen,26,1992,15,6,651,07.févr,0,0,0,0,0,0,2,1,0.3,0.3,0.1,0.3,10,15,21,0.00,0.00,0.00,0.00,0.00,0.04,0.01,0.04,0.04,0.04
Yaya Sanogo,fr FRA,FW,Toulouse,25,1993,21,13,1 243,13.août,3,0,3,2,1,1,3,0,07.sept,07.janv,0.8,07.août,8,14,90,0.22,0.00,0.22,0.14,0.14,0.57,0.05,0.62,0.51,0.57
Morgan Sanson,fr FRA,MF,Marseille,23,1994,33,27,2 403,26.juil,5,3,8,5,0,0,9,0,02.mars,02.mars,02.févr,04.mai,72,147,96,0.19,0.11,0.30,0.19,0.30,0.08,0.08,0.17,0.08,0.17
Player,Nation,Pos,Squad,Age,Born,MP,Starts,Min,90s,Gls,Ast,G+A,G-PK,PK,PKatt,CrdY,CrdR,xG,npxG,xAG,npxG+xAG,PrgC,PrgP,PrgR,Gls,Ast,G+A,G-PK,G+A-PK,xG,xAG,xG+xAG,npxG,npxG+xAG
Baptiste Santamaria,fr FRA,MF,Angers,23,1995,38,37,3 245,36.1,1,0,1,1,0,0,2,0,01.avr,01.avr,0.5,01.sept,37,140,20,0.03,0.00,0.03,0.03,0.03,0.04,0.02,0.05,0.04,0.05
Bouna Sarr,sn SEN,DF MF,Marseille,26,1992,29,25,2 242,24.sept,1,1,2,1,0,0,3,1,01.avr,01.avr,2.0,03.avr,111,99,115,0.04,0.04,0.08,0.04,0.08,0.05,0.08,0.13,0.05,0.13
Ismaila Sarr,sn SEN,FW MF,Rennes,20,1998,35,32,2 788,31.0,8,6,14,7,1,1,6,0,6.0,05.févr,06.janv,11.mars,163,93,272,0.26,0.19,0.45,0.23,0.42,0.19,0.20,0.39,0.17,0.36
Malang Sarr,fr FRA,DF,Nice,19,1999,35,34,2 994,33.3,1,1,2,1,0,0,1,0,1.0,1.0,0.5,01.mai,21,140,25,0.03,0.03,0.06,0.03,0.06,0.03,0.02,0.05,0.03,0.05
Téji Savanier,fr FRA,MF,Nîmes,26,1991,32,32,2 864,31.août,6,14,20,2,4,4,6,1,05.juin,02.avr,10.avr,12.août,61,244,41,0.19,0.44,0.63,0.06,0.50,0.17,0.33,0.50,0.08,0.40
Stanley Segarel,mf SMN,FW,Amiens,24,1994,3,0,15,0.2,0,0,0,0,0,0,0,0,0.0,0.0,0.0,0.0,0,0,1,0.00,0.00,0.00,0.00,0.00,0.00,0.00,0.00,0.00,0.00
Ole Selnæs,no NOR,MF,Saint-Étienne,24,1994,20,19,1 669,18.mai,0,5,5,0,0,0,6,0,0.4,0.4,02.mai,02.sept,17,104,19,0.00,0.27,0.27,0.00,0.27,0.02,0.14,0.16,0.02,0.16
Matz Sels,be BEL,GK,Strasbourg,26,1992,37,37,3 33,37.0,0,0,0,0,0,0,2,0,0.0,0.0,0.0,0.0,0,0,0,0.00,0.00,0.00,0.00,0.00,0.00,0.00,0.00,0.00,0.00
Julien Serrano,fr FRA,MF DF,Monaco,20,1998,3,1,119,01.mars,0,0,0,0,0,0,1,0,0.3,0.3,0.1,0.4,3,3,9,0.00,0.00,0.00,0.00,0.00,0.23,0.05,0.28,0.23,0.28
Grégory Sertic,fr FRA,MF,Marseille,28,1989,4,1,108,01.févr,0,0,0,0,0,0,1,0,0.1,0.1,0.0,0.1,0,1,0,0.00,0.00,0.00,0.00,0.00,0.07,0.00,0.07,0.07,0.07
Gen Shoji,jp JPN,DF,Toulouse,25,1992,18,18,1 62,18.0,0,0,0,0,0,0,2,0,0.1,0.1,01.févr,01.mars,3,71,1,0.00,0.00,0.00,0.00,0.00,0.00,0.07,0.07,0.00,0.07
Djibril Sidibé,fr FRA,DF MF,Monaco,26,1992,26,22,2 076,23.janv,0,2,2,0,0,0,5,0,01.mars,01.mars,3.0,04.mars,58,133,166,0.00,0.09,0.09,0.00,0.09,0.05,0.13,0.19,0.05,0.19
Kalidou Sidibé,ml MLI,MF,Toulouse,19,1999,20,18,1 259,14.0,1,0,1,1,0,0,8,0,0.3,0.3,0.2,0.5,6,52,4,0.07,0.00,0.07,0.07,0.07,0.02,0.02,0.03,0.02,0.03
Adrien Silva,pt POR,MF,Monaco,29,1989,15,13,1 184,13.févr,0,0,0,0,0,0,6,0,0.3,0.3,0.7,1.0,11,102,9,0.00,0.00,0.00,0.00,0.00,0.02,0.05,0.07,0.02,0.07
Gabriel Silva,br BRA,DF,Saint-Étienne,27,1991,19,16,1 429,15.sept,0,2,2,0,0,0,1,0,0.2,0.2,01.avr,01.juin,16,38,75,0.00,0.13,0.13,0.00,0.13,0.01,0.09,0.10,0.01,0.10
Thiago Silva,br BRA,DF,Paris S-G,33,1984,25,24,2 077,23.janv,0,1,1,0,0,0,4,0,1.0,1.0,0.7,01.juin,19,144,4,0.00,0.04,0.04,0.00,0.04,0.04,0.03,0.07,0.04,0.07
Giovanni Sio,ci CIV,FW,Montpellier,29,1989,1,1,63,0.7,0,0,0,0,0,0,0,0,0.0,0.0,0.0,0.0,1,2,7,0.00,0.00,0.00,0.00,0.00,0.00,0.07,0.07,0.00,0.07
Ibrahima Sissoko,ml MLI,MF,Strasbourg,20,1997,32,30,2 665,29.juin,3,2,5,3,0,0,9,0,01.mai,01.mai,02.mars,03.août,58,141,76,0.10,0.07,0.17,0.10,0.17,0.05,0.08,0.13,0.05,0.13
Ellyes Skhiri,tn TUN,MF,Montpellier,23,1995,37,35,3 09,34.3,3,2,5,3,0,0,5,0,01.févr,01.févr,01.févr,02.mars,38,175,52,0.09,0.06,0.15,0.09,0.15,0.03,0.03,0.07,0.03,0.07
Petar Škuletić,rs SRB,FW,Montpellier,28,1990,28,4,603,06.juil,1,1,2,1,0,0,0,0,03.août,03.août,01.juil,05.juin,5,13,38,0.15,0.15,0.30,0.15,0.30,0.58,0.26,0.83,0.58,0.83
Naïm Sliti,tn TUN,MF FW,Dijon,26,1992,35,25,2 286,25.avr,3,4,7,2,1,1,2,0,05.févr,04.avr,06.sept,11.mars,107,119,157,0.12,0.16,0.28,0.08,0.24,0.21,0.27,0.48,0.17,0.44
Oumar Solet,fr FRA,DF,Lyon,18,2000,1,1,59,0.7,0,0,0,0,0,0,1,0,0.0,0.0,0.0,0.0,1,7,1,0.00,0.00,0.00,0.00,0.00,0.00,0.00,0.00,0.00,0.00
Jérémy Sorbon,fr FRA,DF,Guingamp,34,1983,33,29,2 647,29.avr,1,0,1,1,0,0,2,0,0.9,0.9,0.2,01.janv,3,64,0,0.03,0.00,0.03,0.03,0.03,0.03,0.01,0.04,0.03,0.04
Adama Soumaoro,fr FRA,DF,Lille,26,1992,20,20,1 723,19.janv,0,1,1,0,0,0,6,1,0.5,0.5,0.3,0.8,9,25,1,0.00,0.05,0.05,0.00,0.05,0.03,0.01,0.04,0.03,0.04
Boubakary Soumaré,fr FRA,MF,Lille,19,1999,18,5,564,06.mars,1,1,2,1,0,0,2,0,0.4,0.4,0.6,1.0,13,51,10,0.16,0.16,0.32,0.16,0.32,0.07,0.09,0.16,0.07,0.16
Player,Nation,Pos,Squad,Age,Born,MP,Starts,Min,90s,Gls,Ast,G+A,G-PK,PK,PKatt,CrdY,CrdR,xG,npxG,xAG,npxG+xAG,PrgC,PrgP,PrgR,Gls,Ast,G+A,G-PK,G+A-PK,xG,xAG,xG+xAG,npxG,npxG+xAG
Bassem Srarfi,tn TUN,FW MF,Nice,21,1997,22,8,817,09.janv,1,0,1,1,0,0,2,0,01.juin,01.juin,01.janv,02.juil,32,26,85,0.11,0.00,0.11,0.11,0.11,0.18,0.12,0.29,0.18,0.29
Timo Stavitski,fi FIN,MF FW,Caen,19,1999,1,0,14,0.2,0,0,0,0,0,0,0,0,0.0,0.0,0.0,0.0,0,0,1,0.00,0.00,0.00,0.00,0.00,0.00,0.00,0.00,0.00,0.00
Kevin Strootman,nl NED,MF,Marseille,28,1990,28,21,1 942,21.juin,1,5,6,1,0,0,7,0,2.0,2.0,02.juin,04.juin,24,116,33,0.05,0.23,0.28,0.05,0.28,0.09,0.12,0.21,0.09,0.21
Mathías Suárez,uy URU,DF,Montpellier,22,1996,10,7,550,06.janv,0,0,0,0,0,0,2,0,0.0,0.0,0.2,0.2,6,17,21,0.00,0.00,0.00,0.00,0.00,0.00,0.02,0.02,0.00,0.02
Danijel Subašić,hr CRO,GK,Monaco,33,1984,14,14,1 136,12.juin,0,0,0,0,0,0,1,0,0.0,0.0,0.0,0.0,0,0,0,0.00,0.00,0.00,0.00,0.00,0.00,0.00,0.00,0.00,0.00
Neven Subotić,rs SRB,DF,Saint-Étienne,29,1988,26,26,2 149,23.sept,1,0,1,1,0,0,2,1,2.0,2.0,0.3,02.mars,1,47,2,0.04,0.00,0.04,0.04,0.04,0.08,0.01,0.10,0.08,0.10
Sanasi Sy,fr FRA,MF,Amiens,19,1999,1,0,1,0.0,0,0,0,0,0,0,0,0,0.0,0.0,0.0,0.0,0,0,0,0.00,0.00,0.00,0.00,0.00,0.00,0.00,0.00,0.00,0.00
Seydou Sy,sn SEN,GK,Monaco,22,1995,3,2,226,02.mai,0,0,0,0,0,0,0,0,0.0,0.0,0.0,0.0,0,0,0,0.00,0.00,0.00,0.00,0.00,0.00,0.00,0.00,0.00,0.00
Issiaga Sylla,gn GUI,DF MF,Toulouse,24,1994,24,23,1 994,22.févr,2,0,2,2,0,0,5,0,2.0,2.0,01.mai,03.avr,60,98,105,0.09,0.00,0.09,0.09,0.09,0.09,0.07,0.16,0.09,0.16
Moussa Sylla,ml MLI,FW MF,Monaco,18,1999,18,7,769,08.mai,0,0,0,0,0,0,1,0,02.févr,02.févr,0.5,02.juil,19,7,74,0.00,0.00,0.00,0.00,0.00,0.25,0.06,0.32,0.25,0.32
Eddy Sylvestre,fr FRA,FW MF,Nice,18,1999,5,3,266,3.0,0,1,1,0,0,0,0,0,0.6,0.6,0.1,0.7,5,10,23,0.00,0.34,0.34,0.00,0.34,0.20,0.04,0.24,0.20,0.24
Franck Tabanou,fr FRA,DF,Guingamp,29,1989,2,2,180,2.0,0,0,0,0,0,0,0,0,0.0,0.0,0.0,0.0,1,5,0,0.00,0.00,0.00,0.00,0.00,0.00,0.00,0.00,0.00,0.00
Flavien Tait,fr FRA,MF FW,Angers,25,1993,36,34,2 985,33.2,5,7,12,5,0,1,2,0,7.0,06.janv,09.mars,15.mai,184,159,279,0.15,0.21,0.36,0.15,0.36,0.21,0.28,0.49,0.19,0.47
Adrien Tameze,cm CMR,MF,Nice,24,1994,37,34,2 942,32.7,0,3,3,0,0,0,7,0,1.0,1.0,01.avr,02.avr,31,163,60,0.00,0.09,0.09,0.00,0.09,0.03,0.04,0.07,0.03,0.07
Ciprian Tătărușanu,ro ROU,GK,Nantes,32,1986,27,27,2 39,26.juin,0,0,0,0,0,0,0,0,0.0,0.0,0.0,0.0,0,0,0,0.00,0.00,0.00,0.00,0.00,0.00,0.00,0.00,0.00,0.00
Júlio Tavares,cv CPV,FW,Dijon,29,1988,36,31,2 805,31.2,5,4,9,4,1,1,4,0,09.mai,08.juil,03.juil,12.avr,17,40,150,0.16,0.13,0.29,0.13,0.26,0.30,0.12,0.42,0.28,0.40
Malik Tchokounté,fr FRA,FW MF,Caen,29,1988,29,16,1 473,16.avr,0,2,2,0,0,0,3,0,01.août,01.août,01.févr,3.0,14,28,61,0.00,0.12,0.12,0.00,0.12,0.11,0.07,0.18,0.11,0.18
Aurélien Tchouaméni,fr FRA,MF,Bordeaux,18,2000,10,8,704,07.août,0,0,0,0,0,0,3,0,0.3,0.3,0.1,0.4,5,25,7,0.00,0.00,0.00,0.00,0.00,0.04,0.01,0.05,0.04,0.05
Martin Terrier,fr FRA,FW,Lyon,21,1997,32,16,1 486,16.mai,9,0,9,9,0,0,2,0,04.janv,04.janv,02.juin,06.juin,32,55,116,0.55,0.00,0.55,0.55,0.55,0.25,0.15,0.40,0.25,0.40
Kenny Tete,nl NED,DF,Lyon,22,1995,13,12,1 048,11.juin,0,3,3,0,0,0,1,0,0.7,0.7,01.août,02.mai,35,64,99,0.00,0.26,0.26,0.00,0.26,0.06,0.15,0.21,0.06,0.21
Florian Thauvin,fr FRA,FW MF,Marseille,25,1993,33,30,2 613,29.0,16,8,24,14,2,2,5,1,11.mars,09.août,06.janv,15.août,141,119,299,0.55,0.28,0.83,0.48,0.76,0.39,0.21,0.60,0.34,0.55
Sada Thioub,sn SEN,MF FW,Nîmes,23,1995,38,27,2 476,27.mai,3,5,8,3,0,0,3,0,03.août,03.août,02.août,06.juin,149,89,225,0.11,0.18,0.29,0.11,0.29,0.14,0.10,0.24,0.14,0.24
Romain Thomas,fr FRA,DF,Angers,30,1988,28,27,2 394,26.juin,2,1,3,2,0,0,4,0,01.juil,01.juil,1.0,02.juin,9,70,3,0.08,0.04,0.11,0.08,0.11,0.06,0.04,0.10,0.06,0.10
Adrien Thomasson,fr FRA,MF FW,Strasbourg,24,1993,34,28,2 479,27.mai,5,8,13,5,0,0,5,1,04.mai,04.avr,03.juil,08.janv,47,104,193,0.18,0.29,0.47,0.18,0.47,0.16,0.14,0.30,0.16,0.29
Marcus Thuram,fr FRA,FW MF,Guingamp,20,1997,32,32,2 571,28.juin,9,1,10,5,4,5,4,2,10.0,6.0,3.0,9.0,133,76,221,0.32,0.04,0.35,0.18,0.21,0.35,0.10,0.45,0.21,0.32
Player,Nation,Pos,Squad,Age,Born,MP,Starts,Min,90s,Gls,Ast,G+A,G-PK,PK,PKatt,CrdY,CrdR,xG,npxG,xAG,npxG+xAG,PrgC,PrgP,PrgR,Gls,Ast,G+A,G-PK,G+A-PK,xG,xAG,xG+xAG,npxG,npxG+xAG
Youri Tielemans,be BEL,MF,Monaco,21,1997,20,20,1 68,18.juil,5,1,6,4,1,1,5,0,02.juin,01.août,02.févr,04.janv,37,146,41,0.27,0.05,0.32,0.21,0.27,0.14,0.12,0.26,0.10,0.22
Cheick Timite,ci CIV,FW MF,Amiens,20,1997,27,15,1 456,16.févr,1,1,2,1,0,0,2,0,02.juil,02.juil,01.mars,4.0,32,19,118,0.06,0.06,0.12,0.06,0.12,0.17,0.08,0.24,0.17,0.24
Jean-Clair Todibo,fr FRA,DF,Toulouse,18,1999,10,10,834,09.mars,1,0,1,1,0,0,3,1,0.2,0.2,0.1,0.3,6,23,0,0.11,0.00,0.11,0.11,0.11,0.02,0.01,0.03,0.02,0.03
Abdoulaye Touré,gn GUI,MF,Nantes,24,1994,34,30,2 749,30.mai,3,1,4,3,0,0,4,1,02.févr,02.févr,01.août,4.0,38,146,55,0.10,0.03,0.13,0.10,0.13,0.07,0.06,0.13,0.07,0.13
Almamy Touré,ml MLI,DF,Monaco,22,1996,4,4,346,03.août,0,0,0,0,0,0,0,0,0.1,0.1,0.1,0.2,10,28,14,0.00,0.00,0.00,0.00,0.00,0.03,0.03,0.06,0.03,0.06
Lucas Tousart,fr FRA,MF,Lyon,21,1997,30,20,1 727,19.févr,0,0,0,0,0,0,3,2,0.9,0.9,0.5,01.avr,9,94,16,0.00,0.00,0.00,0.00,0.00,0.05,0.02,0.07,0.05,0.07
Adama Traoré,ml MLI,MF,Monaco,23,1995,6,3,240,02.juil,0,1,1,0,0,0,0,0,0.3,0.3,0.3,0.6,5,7,13,0.00,0.37,0.37,0.00,0.37,0.12,0.10,0.22,0.12,0.22
Bertrand Traoré,bf BFA,FW,Lyon,22,1995,34,24,2 117,23.mai,7,2,9,7,0,0,5,0,6.0,6.0,02.juin,08.juin,96,113,288,0.30,0.09,0.38,0.30,0.38,0.25,0.11,0.36,0.25,0.36
Charles Traore,ml MLI,DF FW,Nantes,26,1992,13,13,1 163,12.sept,0,0,0,0,0,0,3,0,0.2,0.2,01.janv,01.mars,27,46,34,0.00,0.00,0.00,0.00,0.00,0.02,0.08,0.10,0.02,0.10
Cheick Traoré,ml MLI,DF,Guingamp,23,1995,20,16,1 508,16.août,0,0,0,0,0,0,3,0,0.4,0.4,01.mars,01.juil,44,57,99,0.00,0.00,0.00,0.00,0.00,0.03,0.08,0.10,0.03,0.10
Gaoussou Traoré,ml MLI,MF,Amiens,18,1999,3,1,107,01.févr,0,0,0,0,0,0,1,0,0.0,0.0,0.0,0.0,0,4,2,0.00,0.00,0.00,0.00,0.00,0.04,0.00,0.04,0.04,0.04
Hamari Traoré,ml MLI,DF,Rennes,26,1992,34,33,2 972,33.0,0,2,2,0,0,0,7,0,2.0,2.0,03.mars,05.mars,97,168,142,0.00,0.06,0.06,0.00,0.06,0.06,0.10,0.16,0.06,0.16
Ismaël Traoré,ci CIV,DF,Angers,31,1986,30,29,2 636,29.mars,3,1,4,3,0,0,2,1,03.juin,03.juin,0.1,03.août,18,66,5,0.10,0.03,0.14,0.10,0.14,0.12,0.01,0.13,0.12,0.13
Driss Trichard,fr FRA,DF,Bordeaux,23,1995,1,1,90,1.0,0,0,0,0,0,0,0,0,0.0,0.0,0.0,0.0,2,4,5,0.00,0.00,0.00,0.00,0.00,0.00,0.00,0.00,0.00,0.00
Valentín Vada,ar ARG,MF,Bordeaux,22,1996,2,0,36,0.4,0,0,0,0,0,0,0,0,0.0,0.0,0.0,0.0,0,3,3,0.00,0.00,0.00,0.00,0.00,0.00,0.06,0.06,0.00,0.06
Valentín Vada,ar ARG,MF,Saint-Étienne,22,1996,12,3,404,04.mai,1,1,2,1,0,0,1,0,0.3,0.3,0.9,01.févr,4,28,8,0.22,0.22,0.45,0.22,0.45,0.07,0.20,0.27,0.07,0.27
William Vainqueur,fr FRA,MF,Monaco,29,1988,3,1,80,0.9,0,0,0,0,0,0,0,0,0.0,0.0,0.0,0.0,1,7,1,0.00,0.00,0.00,0.00,0.00,0.00,0.00,0.00,0.00,0.00
Pierrick Valdivia,fr FRA,MF,Nîmes,30,1988,2,0,31,0.3,0,0,0,0,0,0,0,0,0.0,0.0,0.0,0.0,0,0,0,0.00,0.00,0.00,0.00,0.00,0.00,0.00,0.00,0.00,0.00
Theo Valls,fr FRA,MF,Nîmes,22,1995,31,20,1 77,19.juil,0,0,0,0,0,0,2,0,01.févr,01.févr,1.0,02.févr,21,76,35,0.00,0.00,0.00,0.00,0.00,0.06,0.05,0.11,0.06,0.11
Marco Verratti,it ITA,MF,Paris S-G,25,1992,26,23,1 879,20.sept,0,2,2,0,0,0,7,0,0.1,0.1,03.mai,03.juin,52,261,38,0.00,0.10,0.10,0.00,0.10,0.01,0.17,0.17,0.01,0.17
Carlos Vinícius,br BRA,FW MF,Monaco,23,1995,16,3,523,05.août,2,1,3,2,0,0,3,0,02.juil,02.juil,0.9,03.juin,8,9,31,0.34,0.17,0.52,0.34,0.52,0.47,0.15,0.63,0.47,0.63
Paul Wade,fr FRA,MF,Nice,18,2000,1,0,8,0.1,0,0,0,0,0,0,0,0,0.0,0.0,0.0,0.0,0,0,0,0.00,0.00,0.00,0.00,0.00,0.00,0.00,0.00,0.00,0.00
Anthony Walongwa,,DF,Nantes,24,1993,1,1,90,1.0,0,0,0,0,0,0,0,0,0.1,0.1,0.0,0.1,0,3,0,0.00,0.00,0.00,0.00,0.00,0.14,0.00,0.14,0.14,0.14
Rémi Walter,fr FRA,MF,Nice,23,1995,19,8,833,09.mars,2,0,2,0,2,3,1,0,02.juin,0.2,0.4,0.6,19,39,23,0.22,0.00,0.22,0.00,0.00,0.28,0.04,0.32,0.02,0.06
Timothy Weah,us USA,FW,Paris S-G,18,2000,2,1,54,0.6,1,0,1,1,0,0,1,0,1.0,1.0,0.1,01.janv,0,0,4,janv.67,0.00,janv.67,janv.67,janv.67,janv.62,0.14,janv.76,janv.62,janv.76
Player,Nation,Pos,Squad,Age,Born,MP,Starts,Min,90s,Gls,Ast,G+A,G-PK,PK,PKatt,CrdY,CrdR,xG,npxG,xAG,npxG+xAG,PrgC,PrgP,PrgR,Gls,Ast,G+A,G-PK,G+A-PK,xG,xAG,xG+xAG,npxG,npxG+xAG
Xeka,pt POR,MF,Lille,23,1994,27,26,2 26,25.janv,2,0,2,2,0,0,10,0,01.juil,01.juil,0.8,02.mai,40,113,19,0.08,0.00,0.08,0.08,0.08,0.07,0.03,0.10,0.07,0.10
Cédric Yamberé,cf CTA,DF,Dijon,27,1990,33,30,2 805,31.2,0,0,0,0,0,0,4,0,02.mars,02.mars,0.2,02.mai,13,56,4,0.00,0.00,0.00,0.00,0.00,0.07,0.01,0.08,0.07,0.08
Elie Youan,fr FRA,FW,Nantes,19,1999,1,0,19,0.2,0,0,0,0,0,0,0,0,0.0,0.0,0.0,0.0,0,0,3,0.00,0.00,0.00,0.00,0.00,0.00,0.00,0.00,0.00,0.00
Zaydou Youssouf,km COM,MF FW,Bordeaux,19,1999,11,7,422,04.juil,0,0,0,0,0,0,1,0,0.3,0.3,0.1,0.5,8,12,19,0.00,0.00,0.00,0.00,0.00,0.07,0.03,0.10,0.07,0.10
Younn Zahary,km COM,DF,Caen,19,1998,12,7,736,08.févr,0,0,0,0,0,0,3,0,0.0,0.0,0.1,0.1,1,6,0,0.00,0.00,0.00,0.00,0.00,0.00,0.01,0.01,0.00,0.01
Mehdi Zeffane,dz ALG,DF MF,Rennes,26,1992,20,14,1 214,13.mai,1,0,1,1,0,0,4,0,0.6,0.6,0.8,01.avr,31,54,61,0.07,0.00,0.07,0.07,0.07,0.04,0.06,0.10,0.04,0.10
Arton Zekaj,xk KVX,FW,Lille,18,2000,1,0,1,0.0,0,0,0,0,0,0,0,0,0.0,0.0,0.0,0.0,0,1,0,0.00,0.00,0.00,0.00,0.00,0.00,0.00,0.00,0.00,0.00
Mootaz Zemzemi,tn TUN,FW MF,Strasbourg,18,1999,2,0,3,0.0,0,0,0,0,0,0,0,0,0.0,0.0,0.0,0.0,0,0,0,0.00,0.00,0.00,0.00,0.00,0.00,0.00,0.00,0.00,0.00
Arber Zeneli,xk KVX,FW,Reims,23,1995,15,8,810,9.0,3,3,6,1,2,2,0,0,03.janv,01.juin,02.janv,03.juil,39,37,94,0.33,0.33,0.67,0.11,0.44,0.35,0.24,0.58,0.17,0.41
Kévin Zohi,ml MLI,FW MF,Strasbourg,21,1996,20,6,627,7.0,1,1,2,1,0,0,0,0,1.0,1.0,0.4,01.avr,23,22,68,0.14,0.14,0.29,0.14,0.29,0.14,0.05,0.20,0.14,0.20
Bongani Zungu,za RSA,MF,Amiens,25,1992,5,3,230,02.juin,0,0,0,0,0,0,2,0,0.1,0.1,0.1,0.1,2,12,1,0.00,0.00,0.00,0.00,0.00,0.04,0.02,0.06,0.04,0.06
