Player,Nation,Pos,Squad,Age,Born,MP,Starts,Min,90s,Gls,Ast,G+A,G-PK,PK,PKatt,CrdY,CrdR,xG,npxG,xAG,npxG+xAG,PrgC,PrgP,PrgR,Gls,Ast,G+A,G-PK,G+A-PK,xG,xAG,xG+xAG,npxG,npxG+xAG
Aymen Abdennour,tn TUN,DF,Marseille,27,1989,8,6,499,05.mai,0,0,0,0,0,0,3,0,0.1,0.1,0.0,0.1,2,12,0,0.00,0.00,0.00,0.00,0.00,0.02,0.00,0.02,0.02,0.02
Mehdi Abeid,dz ALG,MF,Dijon,24,1992,19,14,1 176,13.janv,0,1,1,0,0,0,2,0,1.0,1.0,0.3,01.mars,20,49,14,0.00,0.08,0.08,0.00,0.08,0.07,0.02,0.10,0.07,0.10
Khaled Adénon,bj BEN,DF,Amiens,32,1985,34,32,2 921,32.5,0,1,1,0,0,0,9,0,0.6,0.6,0.2,0.9,6,51,1,0.00,0.03,0.03,0.00,0.03,0.02,0.01,0.03,0.02,0.03
Yacine Adli,fr FRA,FW,Paris S-G,17,2000,1,0,8,0.1,0,0,0,0,0,0,0,0,0.0,0.0,0.0,0.0,0,3,0,0.00,0.00,0.00,0.00,0.00,0.00,0.00,0.00,0.00,0.00
Ruben Aguilar,fr FRA,DF,Montpellier,24,1993,31,27,2 459,27.mars,0,2,2,0,0,0,2,0,0.7,0.7,03.juil,04.avr,97,130,160,0.00,0.07,0.07,0.00,0.07,0.03,0.13,0.16,0.03,0.16
Jean-Eudes Aholou,ci CIV,MF,Strasbourg,23,1994,35,35,3 006,33.4,5,0,5,5,0,0,4,0,02.févr,02.févr,1.0,03.mars,32,131,22,0.15,0.00,0.15,0.15,0.15,0.07,0.03,0.10,0.07,0.10
Youssef Aït Bennasser,ma MAR,MF,Caen,21,1996,27,25,2 047,22.juil,0,0,0,0,0,0,4,0,0.7,0.7,0.7,01.mai,37,178,27,0.00,0.00,0.00,0.00,0.00,0.03,0.03,0.06,0.03,0.06
David Alcibiade,fr FRA,DF,Nantes,25,1991,3,2,208,02.mars,0,1,1,0,0,0,0,0,0.1,0.1,0.4,0.4,2,6,2,0.00,0.43,0.43,0.00,0.43,0.03,0.16,0.19,0.03,0.19
Júnior Alonso,py PAR,DF,Lille,24,1993,34,30,2 781,30.sept,2,1,3,2,0,0,3,0,01.janv,01.janv,0.5,01.juil,19,114,14,0.06,0.03,0.10,0.06,0.10,0.04,0.02,0.05,0.04,0.05
Dani Alves,br BRA,DF,Paris S-G,34,1983,25,23,2 063,22.sept,1,7,8,1,0,0,7,1,01.avr,01.avr,5.0,06.mars,76,168,144,0.04,0.31,0.35,0.04,0.35,0.06,0.22,0.28,0.06,0.28
Ibrahim Amadou,fr FRA,MF DF,Lille,24,1993,30,30,2 405,26.juil,0,0,0,0,0,0,3,1,0.9,0.9,0.4,01.mars,18,114,19,0.00,0.00,0.00,0.00,0.00,0.03,0.01,0.05,0.03,0.05
Morgan Amalfitano,fr FRA,MF FW,Rennes,32,1985,14,10,746,08.mars,0,0,0,0,0,0,2,2,1.0,1.0,0.5,01.mai,16,24,34,0.00,0.00,0.00,0.00,0.00,0.12,0.06,0.18,0.12,0.18
Romain Amalfitano,fr FRA,MF,Dijon,27,1989,33,31,2 703,30.0,0,3,3,0,0,0,5,0,0.3,0.3,01.août,02.févr,50,146,46,0.00,0.10,0.10,0.00,0.10,0.01,0.06,0.07,0.01,0.07
Jordan Amavi,fr FRA,DF,Marseille,23,1994,27,24,2 193,24.avr,0,5,5,0,0,0,7,0,0.6,0.6,2.0,02.juin,70,90,83,0.00,0.21,0.21,0.00,0.21,0.02,0.08,0.11,0.02,0.11
Kelvin Amian,fr FRA,DF,Toulouse,19,1998,36,35,3 154,35.0,1,1,2,1,0,0,3,1,01.avr,01.avr,01.janv,02.avr,41,107,83,0.03,0.03,0.06,0.03,0.06,0.04,0.03,0.07,0.04,0.07
Benjamin André,fr FRA,MF,Rennes,26,1990,34,34,3 011,33.5,3,3,6,3,0,0,11,1,04.mars,04.mars,01.sept,06.févr,48,234,117,0.09,0.09,0.18,0.09,0.18,0.13,0.06,0.19,0.13,0.19
Yoann Andreu,fr FRA,DF,Angers,28,1989,23,23,2 07,23.0,1,2,3,1,0,0,4,0,0.1,0.1,01.sept,2.0,37,87,74,0.04,0.09,0.13,0.04,0.13,0.01,0.08,0.09,0.01,0.09
Houssem Aouar,dz ALG,MF FW,Lyon,19,1998,32,27,2 433,27.0,6,5,11,6,0,0,1,0,05.mars,05.mars,04.mai,09.août,87,195,131,0.22,0.18,0.41,0.22,0.41,0.20,0.17,0.36,0.20,0.36
Luiz Araújo,br BRA,FW MF,Lille,21,1996,34,24,2 018,22.avr,5,3,8,5,0,0,5,0,05.févr,05.févr,01.mai,06.juin,94,75,152,0.22,0.13,0.36,0.22,0.36,0.23,0.07,0.29,0.23,0.29
Alphonse Areola,fr FRA,GK,Paris S-G,24,1993,34,34,3 06,34.0,0,0,0,0,0,0,0,0,0.0,0.0,0.0,0.0,0,0,0,0.00,0.00,0.00,0.00,0.00,0.00,0.00,0.00,0.00,0.00
Yoël Armougom,fr FRA,DF MF,Caen,19,1998,4,1,139,01.mai,0,0,0,0,0,0,0,0,0.0,0.0,0.1,0.1,5,6,10,0.00,0.00,0.00,0.00,0.00,0.00,0.04,0.04,0.00,0.04
Benoît Assou-Ekotto,cm CMR,DF,Metz,33,1984,13,13,1 051,11.juil,0,0,0,0,0,0,2,2,0.1,0.1,0.5,0.5,8,50,17,0.00,0.00,0.00,0.00,0.00,0.00,0.04,0.05,0.00,0.05
Danilo Avelar,br BRA,DF,Amiens,28,1989,21,20,1 727,19.févr,1,0,1,1,0,0,2,0,0.5,0.5,0.9,01.avr,22,76,66,0.05,0.00,0.05,0.05,0.05,0.03,0.05,0.07,0.03,0.07
Durel Avounou,cg CGO,DF MF,Caen,19,1997,9,8,651,07.févr,0,0,0,0,0,0,1,0,0.3,0.3,0.2,0.5,5,13,23,0.00,0.00,0.00,0.00,0.00,0.04,0.02,0.06,0.04,0.06
Chidozie Awaziem,ng NGA,DF,Nantes,20,1997,22,16,1 512,16.août,1,1,2,1,0,0,2,1,0.9,0.9,0.1,01.janv,10,46,5,0.06,0.06,0.12,0.06,0.12,0.06,0.01,0.06,0.06,0.06
Player,Nation,Pos,Squad,Age,Born,MP,Starts,Min,90s,Gls,Ast,G+A,G-PK,PK,PKatt,CrdY,CrdR,xG,npxG,xAG,npxG+xAG,PrgC,PrgP,PrgR,Gls,Ast,G+A,G-PK,G+A-PK,xG,xAG,xG+xAG,npxG,npxG+xAG
Karim Azamoum,fr FRA,MF,Troyes,27,1990,30,26,2 251,25.0,1,0,1,1,0,0,5,1,01.févr,01.févr,01.août,3.0,26,80,76,0.04,0.00,0.04,0.04,0.04,0.05,0.07,0.12,0.05,0.12
Ludovic Baal,gf GUF,DF,Rennes,31,1986,17,14,1 159,12.sept,0,0,0,0,0,0,0,0,0.0,0.0,1.0,1.0,29,85,35,0.00,0.00,0.00,0.00,0.00,0.00,0.08,0.08,0.00,0.08
Dylan Bahamboula,cg CGO,FW MF,Dijon,22,1995,4,0,30,0.3,0,0,0,0,0,0,0,0,0.0,0.0,0.0,0.0,1,2,2,0.00,0.00,0.00,0.00,0.00,0.10,0.00,0.10,0.10,0.10
Farès Bahlouli,fr FRA,MF FW,Lille,22,1995,11,2,307,03.avr,1,0,1,1,0,0,2,0,0.2,0.2,0.7,0.9,11,9,34,0.29,0.00,0.29,0.29,0.29,0.07,0.21,0.28,0.07,0.28
Stéphane Bahoken,cm CMR,FW,Strasbourg,25,1992,26,19,1 662,18.mai,7,1,8,7,0,0,5,0,06.juil,06.juil,01.juil,08.avr,31,22,124,0.38,0.05,0.43,0.38,0.43,0.36,0.09,0.45,0.36,0.45
Keita Baldé,sn SEN,FW MF,Monaco,22,1995,23,19,1 473,16.avr,8,5,13,8,0,0,3,1,05.avr,05.avr,02.mars,07.août,57,32,139,0.49,0.31,0.79,0.49,0.79,0.33,0.14,0.47,0.33,0.47
Iván Balliu,al ALB,DF,Metz,25,1992,25,22,1 951,21.juil,0,1,1,0,0,0,6,0,0.2,0.2,1.0,01.janv,34,137,92,0.00,0.05,0.05,0.00,0.05,0.01,0.04,0.05,0.01,0.05
Fodé Ballo-Touré,sn SEN,DF,Lille,20,1997,27,25,2 055,22.août,0,0,0,0,0,0,5,1,0.1,0.1,0.7,0.8,43,72,98,0.00,0.00,0.00,0.00,0.00,0.01,0.03,0.04,0.01,0.04
Florent Balmont,fr FRA,MF,Dijon,37,1980,21,9,860,09.juin,1,3,4,1,0,0,3,0,0.3,0.3,01.juil,2.0,10,75,21,0.10,0.31,0.42,0.10,0.42,0.03,0.18,0.21,0.03,0.21
Mario Balotelli,it ITA,FW,Nice,26,1990,28,26,2 269,25.févr,18,1,19,12,6,7,10,1,15.mars,09.août,03.janv,12.sept,46,86,173,0.71,0.04,0.75,0.48,0.52,0.61,0.12,0.73,0.39,0.51
Abdoulaye Bamba,ci CIV,DF,Angers,27,1990,18,17,1 533,17.0,0,0,0,0,0,0,2,0,0.1,0.1,0.5,0.6,32,70,55,0.00,0.00,0.00,0.00,0.00,0.01,0.03,0.04,0.01,0.04
Jonathan Bamba,ci CIV,FW,Saint-Étienne,21,1996,34,27,2 572,28.juin,7,8,15,3,4,4,1,0,9.0,05.août,08.juil,14.mai,116,109,247,0.24,0.28,0.52,0.10,0.38,0.31,0.30,0.62,0.20,0.51
Yacine Bammou,ma MAR,MF FW,Nantes,25,1991,16,10,725,08.janv,3,0,3,3,0,0,2,1,1.0,1.0,0.2,01.févr,15,18,59,0.37,0.00,0.37,0.37,0.37,0.13,0.03,0.15,0.13,0.15
Sekou Baradji,fr FRA,MF,Amiens,33,1984,1,0,7,0.1,0,0,0,0,0,0,0,0,0.0,0.0,0.0,0.0,0,0,0,0.00,0.00,0.00,0.00,0.00,0.00,0.00,0.00,0.00,0.00
Nicolas Basin,fr FRA,DF,Metz,19,1998,5,3,313,03.mai,1,0,1,1,0,0,1,0,0.1,0.1,0.1,0.2,4,11,9,0.29,0.00,0.29,0.29,0.29,0.03,0.03,0.07,0.03,0.07
Gil Bastião Dias,pt POR,MF,Monaco,20,1996,1,0,8,0.1,0,0,0,0,0,0,0,0,0.0,0.0,0.0,0.0,0,0,2,0.00,0.00,0.00,0.00,0.00,0.35,0.00,0.35,0.35,0.35
Paul Baysse,fr FRA,DF,Bordeaux,29,1988,8,6,566,06.mars,0,0,0,0,0,0,0,1,0.6,0.6,0.0,0.6,7,35,1,0.00,0.00,0.00,0.00,0.00,0.09,0.00,0.09,0.09,0.09
Hervé Bazile,ht HAI,MF FW,Caen,27,1990,19,10,876,09.juil,0,1,1,0,0,0,1,0,01.mars,01.mars,01.janv,02.avr,28,18,110,0.00,0.10,0.10,0.00,0.10,0.14,0.11,0.25,0.14,0.25
Henri Bedimo,cm CMR,DF FW,Marseille,33,1984,3,0,42,0.5,0,0,0,0,0,0,0,0,0.0,0.0,0.0,0.0,2,2,4,0.00,0.00,0.00,0.00,0.00,0.00,0.00,0.00,0.00,0.00
François Bellugou,fr FRA,MF,Troyes,30,1987,30,27,2 177,24.févr,0,0,0,0,0,0,6,1,0.1,0.1,0.2,0.3,10,84,13,0.00,0.00,0.00,0.00,0.00,0.00,0.01,0.01,0.00,0.01
Chaouki Ben Saada,tn TUN,FW MF,Troyes,33,1984,16,2,342,03.août,0,0,0,0,0,0,3,0,0.3,0.3,1.0,01.févr,13,26,29,0.00,0.00,0.00,0.00,0.00,0.07,0.25,0.32,0.07,0.32
Diego Benaglio,ch SUI,GK,Monaco,33,1983,3,2,225,02.mai,0,0,0,0,0,0,0,0,0.0,0.0,0.0,0.0,0,0,0,0.00,0.00,0.00,0.00,0.00,0.00,0.00,0.00,0.00,0.00
Nicolas Benezet,fr FRA,FW MF,Guingamp,26,1991,29,18,1 648,18.mars,3,3,6,3,0,0,2,0,02.mai,02.mai,03.mars,05.août,92,109,174,0.16,0.16,0.33,0.16,0.33,0.14,0.18,0.32,0.14,0.32
Walter Benítez,ar ARG,GK,Nice,24,1993,28,28,2 52,28.0,0,0,0,0,0,0,3,0,0.0,0.0,0.0,0.0,0,0,0,0.00,0.00,0.00,0.00,0.00,0.00,0.00,0.00,0.00,0.00
Ramy Bensebaini,dz ALG,DF,Rennes,22,1995,29,26,2 342,26.0,0,1,1,0,0,0,6,0,01.mars,01.mars,02.janv,03.avr,45,107,77,0.00,0.04,0.04,0.00,0.04,0.05,0.08,0.13,0.05,0.13
Player,Nation,Pos,Squad,Age,Born,MP,Starts,Min,90s,Gls,Ast,G+A,G-PK,PK,PKatt,CrdY,CrdR,xG,npxG,xAG,npxG+xAG,PrgC,PrgP,PrgR,Gls,Ast,G+A,G-PK,G+A-PK,xG,xAG,xG+xAG,npxG,npxG+xAG
Yassine Benzia,dz ALG,MF FW,Lille,22,1994,31,30,2 288,25.avr,1,5,6,1,0,0,7,0,01.mai,01.mai,05.mai,06.sept,60,201,137,0.04,0.20,0.24,0.04,0.24,0.06,0.22,0.27,0.06,0.27
Yuri Berchiche,es ESP,DF,Paris S-G,27,1990,22,19,1 716,19.janv,2,4,6,2,0,0,4,0,0.4,0.4,02.janv,02.mai,41,74,145,0.10,0.21,0.31,0.10,0.31,0.02,0.11,0.13,0.02,0.13
Robert Berić,si SVN,FW,Saint-Étienne,26,1991,15,12,1 042,11.juin,7,1,8,6,1,2,0,0,06.avr,5.0,0.7,05.juil,14,7,47,0.60,0.09,0.69,0.52,0.60,0.55,0.06,0.62,0.43,0.49
Kévin Bérigaud,fr FRA,FW MF,Montpellier,29,1988,5,4,271,3.0,0,2,2,0,0,0,0,0,1.0,1.0,01.janv,02.janv,3,11,26,0.00,0.66,0.66,0.00,0.66,0.32,0.37,0.70,0.32,0.70
Vincent Bessat,fr FRA,DF MF,Caen,31,1985,24,18,1 57,17.avr,0,1,1,0,0,0,2,0,0.6,0.6,01.avr,2.0,31,85,129,0.00,0.06,0.06,0.00,0.06,0.03,0.08,0.11,0.03,0.11
Quentin Beunardeau,fr FRA,GK,Metz,23,1994,1,0,39,0.4,0,0,0,0,0,0,0,0,0.0,0.0,0.0,0.0,0,0,0,0.00,0.00,0.00,0.00,0.00,0.00,0.00,0.00,0.00,0.00
Milan Biševac,rs SRB,DF,Metz,33,1983,10,10,710,07.sept,0,0,0,0,0,0,1,0,0.4,0.4,0.1,0.5,6,26,3,0.00,0.00,0.00,0.00,0.00,0.05,0.01,0.06,0.05,0.06
Yves Bissouma,ml MLI,MF DF,Lille,20,1996,24,15,1 561,17.mars,2,1,3,2,0,0,3,0,02.janv,02.janv,0.7,02.août,64,113,51,0.12,0.06,0.17,0.12,0.17,0.12,0.04,0.16,0.12,0.16
Ludovic Blas,fr FRA,MF,Guingamp,19,1997,31,17,1 793,19.sept,3,2,5,3,0,0,3,1,03.juin,03.juin,01.mai,5.0,50,128,59,0.15,0.10,0.25,0.15,0.25,0.18,0.07,0.25,0.18,0.25
Jérémy Blayac,fr FRA,FW,Strasbourg,34,1983,25,7,917,10.févr,3,1,4,3,0,0,2,0,04.juil,04.juil,01.juil,06.mai,8,25,129,0.29,0.10,0.39,0.29,0.39,0.46,0.17,0.64,0.46,0.64
Alexis Blin,fr FRA,MF,Toulouse,20,1996,26,20,1 886,21.0,1,3,4,1,0,0,5,0,0.8,0.8,01.avr,02.janv,8,98,28,0.05,0.14,0.19,0.05,0.19,0.04,0.07,0.10,0.04,0.10
Yann Bodiger,fr FRA,MF,Toulouse,22,1995,7,2,227,02.mai,0,0,0,0,0,0,0,0,0.0,0.0,0.1,0.1,3,10,6,0.00,0.00,0.00,0.00,0.00,0.00,0.03,0.03,0.00,0.03
Mathieu Bodmer,fr FRA,DF MF,Amiens,34,1982,13,3,396,04.avr,1,0,1,1,0,0,2,0,0.7,0.7,0.3,1.0,3,30,3,0.23,0.00,0.23,0.23,0.23,0.16,0.07,0.23,0.16,0.23
Quentin Boisgard,fr FRA,MF,Toulouse,20,1997,6,1,179,2.0,0,0,0,0,0,0,1,0,0.1,0.1,0.1,0.2,2,11,6,0.00,0.00,0.00,0.00,0.00,0.05,0.04,0.09,0.05,0.09
Landry Bonnefoi,fr FRA,GK,Strasbourg,33,1983,4,3,272,3.0,0,0,0,0,0,0,0,0,0.0,0.0,0.0,0.0,0,0,0,0.00,0.00,0.00,0.00,0.00,0.00,0.00,0.00,0.00,0.00
Gabriel Boschilia,br BRA,FW MF,Monaco,21,1996,5,1,82,0.9,0,0,0,0,0,0,0,0,0.2,0.2,0.1,0.3,1,3,9,0.00,0.00,0.00,0.00,0.00,0.24,0.06,0.30,0.24,0.30
Jean-Christophe Bouet,fr FRA,GK,Amiens,34,1983,1,1,90,1.0,0,0,0,0,0,0,0,0,0.0,0.0,0.0,0.0,0,0,0,0.00,0.00,0.00,0.00,0.00,0.00,0.00,0.00,0.00,0.00
Arnold Bouka Moutou,cg CGO,DF,Dijon,28,1988,6,3,336,03.juil,0,0,0,0,0,0,1,0,0.0,0.0,0.2,0.2,15,17,17,0.00,0.00,0.00,0.00,0.00,0.01,0.05,0.06,0.01,0.06
Farid Boulaya,dz ALG,MF FW,Metz,24,1993,7,0,179,2.0,0,1,1,0,0,0,0,0,0.1,0.1,0.1,0.2,9,7,11,0.00,0.50,0.50,0.00,0.50,0.04,0.06,0.10,0.04,0.10
Emmanuel Bourgaud,fr FRA,FW MF,Amiens,29,1987,17,4,542,6.0,0,1,1,0,0,0,0,0,0.6,0.6,01.août,02.avr,13,33,22,0.00,0.17,0.17,0.00,0.17,0.11,0.30,0.41,0.11,0.41
Benjamin Bourigeaud,fr FRA,MF FW,Rennes,23,1994,37,35,3 102,34.5,10,7,17,7,3,3,3,0,08.août,06.mai,08.juil,15.janv,63,170,195,0.29,0.20,0.49,0.20,0.41,0.26,0.25,0.51,0.19,0.44
Martin Braithwaite,dk DEN,FW,Bordeaux,26,1991,14,11,914,10.févr,4,3,7,4,0,0,3,0,4.0,4.0,02.mars,06.mars,11,13,56,0.39,0.30,0.69,0.39,0.69,0.39,0.23,0.62,0.39,0.62
Brandon,es ESP,FW MF,Rennes,22,1995,11,3,357,4.0,1,0,1,1,0,0,0,0,0.6,0.6,0.6,01.févr,10,6,34,0.25,0.00,0.25,0.25,0.25,0.15,0.16,0.31,0.15,0.31
Jimmy Briand,fr FRA,FW,Guingamp,31,1985,37,36,3 209,35.7,11,2,13,8,3,4,4,0,10.mai,07.mars,02.avr,09.juil,64,84,226,0.31,0.06,0.36,0.22,0.28,0.29,0.07,0.36,0.21,0.27
Patrick Burner,mq MTQ,DF,Nice,21,1996,13,10,897,10.0,0,0,0,0,0,0,2,0,0.1,0.1,0.5,0.6,35,44,30,0.00,0.00,0.00,0.00,0.00,0.01,0.05,0.06,0.01,0.06
Player,Nation,Pos,Squad,Age,Born,MP,Starts,Min,90s,Gls,Ast,G+A,G-PK,PK,PKatt,CrdY,CrdR,xG,npxG,xAG,npxG+xAG,PrgC,PrgP,PrgR,Gls,Ast,G+A,G-PK,G+A-PK,xG,xAG,xG+xAG,npxG,npxG+xAG
Ludovic Butelle,fr FRA,GK,Angers,34,1983,19,19,1 652,18.avr,0,0,0,0,0,0,0,0,0.0,0.0,0.0,0.0,0,0,0,0.00,0.00,0.00,0.00,0.00,0.00,0.00,0.00,0.00,0.00
Rémy Cabella,fr FRA,FW MF,Marseille,27,1990,3,0,64,0.7,1,0,1,1,0,0,0,0,0.7,0.7,0.0,0.7,9,5,2,janv.41,0.00,janv.41,janv.41,janv.41,0.99,0.00,0.99,0.99,0.99
Rémy Cabella,fr FRA,MF FW,Saint-Étienne,27,1990,26,25,2 259,25.janv,7,6,13,6,1,3,3,0,08.avr,6.0,6.0,11.sept,146,208,193,0.28,0.24,0.52,0.24,0.48,0.33,0.24,0.57,0.24,0.48
Cafú,pt POR,MF,Metz,24,1993,10,8,680,07.juin,0,0,0,0,0,0,2,0,0.3,0.3,0.2,0.5,2,31,17,0.00,0.00,0.00,0.00,0.00,0.04,0.02,0.07,0.04,0.07
Jonathan Cafu,br BRA,FW MF,Bordeaux,26,1991,19,5,633,7.0,2,1,3,2,0,0,1,0,2.0,2.0,0.9,02.sept,36,16,75,0.28,0.14,0.43,0.28,0.43,0.29,0.12,0.41,0.29,0.41
Yannick Cahuzac,fr FRA,MF,Toulouse,32,1985,20,18,1 518,16.sept,0,0,0,0,0,0,5,0,0.3,0.3,0.4,0.8,9,47,11,0.00,0.00,0.00,0.00,0.00,0.02,0.03,0.05,0.02,0.05
Abdoul Camara,gn GUI,FW MF,Guingamp,27,1990,14,12,888,09.sept,2,1,3,2,0,0,0,0,01.juin,01.juin,0.8,02.mai,46,24,69,0.20,0.10,0.30,0.20,0.30,0.17,0.08,0.25,0.17,0.25
Souleymane Camara,sn SEN,FW,Montpellier,34,1982,24,8,934,10.avr,2,2,4,2,0,1,1,0,03.mars,02.mai,0.9,03.avr,12,21,87,0.19,0.19,0.39,0.19,0.39,0.32,0.09,0.40,0.24,0.33
Pierrick Capelle,fr FRA,MF,Angers,30,1987,28,23,1 884,20.sept,2,1,3,2,0,0,3,0,02.juin,02.juin,02.janv,04.juil,59,89,99,0.10,0.05,0.14,0.10,0.14,0.12,0.10,0.23,0.12,0.23
Yoan Cardinale,fr FRA,GK,Nice,23,1994,10,10,900,10.0,0,0,0,0,0,0,2,0,0.0,0.0,0.0,0.0,0,1,0,0.00,0.00,0.00,0.00,0.00,0.00,0.00,0.00,0.00,0.00
Diego Carlos,br BRA,DF,Nantes,24,1993,28,27,2 291,25.mai,1,0,1,1,0,0,7,1,01.juin,01.juin,0.5,02.janv,4,67,8,0.04,0.00,0.04,0.04,0.04,0.06,0.02,0.08,0.06,0.08
Guido Carrillo,ar ARG,FW,Monaco,26,1991,15,2,424,04.juil,4,0,4,4,0,0,0,0,02.janv,02.janv,0.1,02.févr,1,6,14,0.85,0.00,0.85,0.85,0.85,0.44,0.03,0.46,0.44,0.46
Thomas Carrique,fr FRA,DF,Bordeaux,18,1999,1,1,90,1.0,0,0,0,0,0,0,0,0,0.0,0.0,0.0,0.0,3,5,8,0.00,0.00,0.00,0.00,0.00,0.00,0.03,0.03,0.00,0.03
Edinson Cavani,uy URU,FW,Paris S-G,30,1987,32,30,2 581,28.juil,28,6,34,25,3,5,3,0,23.avr,19.août,6.0,25.août,30,43,168,0.98,0.21,janv.19,0.87,01.août,0.82,0.21,01.mars,0.69,0.90
Fouad Chafik,ma MAR,DF,Dijon,30,1986,23,19,1 613,17.sept,0,2,2,0,0,0,4,0,0.2,0.2,01.août,01.sept,32,59,79,0.00,0.11,0.11,0.00,0.11,0.01,0.10,0.11,0.01,0.11
Kwon Chang-hoon,kr KOR,FW MF,Dijon,23,1994,34,26,2 137,23.juil,11,3,14,11,0,0,3,0,06.juin,06.juin,02.mars,08.sept,66,40,175,0.46,0.13,0.59,0.46,0.59,0.28,0.10,0.38,0.28,0.38
Charly Charrier,fr FRA,MF FW,Amiens,31,1986,3,1,105,01.févr,0,0,0,0,0,0,0,0,0.4,0.4,0.0,0.5,1,7,16,0.00,0.00,0.00,0.00,0.00,0.37,0.03,0.40,0.37,0.40
Pape Cheikh Diop,sn SEN,MF,Lyon,19,1997,1,0,10,0.1,0,0,0,0,0,0,0,0,0.0,0.0,0.0,0.0,0,1,0,0.00,0.00,0.00,0.00,0.00,0.00,0.00,0.00,0.00,0.00
Saliou Ciss,sn SEN,DF MF,Angers,27,1989,3,2,144,01.juin,0,0,0,0,0,0,0,0,0.0,0.0,0.0,0.0,6,5,10,0.00,0.00,0.00,0.00,0.00,0.02,0.00,0.02,0.02,0.02
Issa Cissokho,sn SEN,DF,Amiens,32,1985,19,18,1 63,18.janv,0,0,0,0,0,0,3,0,0.1,0.1,0.4,0.6,25,49,26,0.00,0.00,0.00,0.00,0.00,0.01,0.02,0.03,0.01,0.03
Marcus Coco,fr FRA,FW MF,Guingamp,21,1996,29,17,1 587,17.juin,2,2,4,2,0,0,5,0,02.mars,02.mars,02.févr,04.mai,77,54,156,0.11,0.11,0.23,0.11,0.23,0.13,0.13,0.26,0.13,0.26
Renaud Cohade,fr FRA,MF,Metz,32,1984,38,38,3 298,36.6,1,3,4,1,0,0,6,0,01.mars,01.mars,03.mai,04.sept,70,312,140,0.03,0.08,0.11,0.03,0.11,0.04,0.10,0.13,0.04,0.13
Racine Coly,sn SEN,DF,Nice,21,1995,7,7,617,06.sept,0,0,0,0,0,0,3,0,0.1,0.1,0.1,0.1,27,40,34,0.00,0.00,0.00,0.00,0.00,0.01,0.01,0.02,0.01,0.02
Alois Confais,fr FRA,MF DF,Troyes,20,1996,15,4,611,06.août,0,0,0,0,0,0,1,0,0.1,0.1,0.0,0.2,3,27,12,0.00,0.00,0.00,0.00,0.00,0.02,0.01,0.03,0.02,0.03
Daniel Congré,fr FRA,DF,Montpellier,32,1985,32,29,2 635,29.mars,1,0,1,1,0,0,4,0,01.janv,01.janv,0.2,01.mars,14,121,14,0.03,0.00,0.03,0.03,0.03,0.04,0.01,0.04,0.04,0.04
Player,Nation,Pos,Squad,Age,Born,MP,Starts,Min,90s,Gls,Ast,G+A,G-PK,PK,PKatt,CrdY,CrdR,xG,npxG,xAG,npxG+xAG,PrgC,PrgP,PrgR,Gls,Ast,G+A,G-PK,G+A-PK,xG,xAG,xG+xAG,npxG,npxG+xAG
Diego Contento,de GER,DF MF,Bordeaux,27,1990,3,1,108,01.févr,0,1,1,0,0,0,0,0,0.0,0.0,0.4,0.4,0,1,0,0.00,0.83,0.83,0.00,0.83,0.00,0.34,0.34,0.00,0.34
Jérémy Cordoval,gp GLP,DF,Troyes,27,1990,11,10,919,10.févr,0,1,1,0,0,0,1,0,0.0,0.0,0.5,0.6,17,33,20,0.00,0.10,0.10,0.00,0.10,0.00,0.05,0.06,0.00,0.06
Benjamin Corgnet,fr FRA,MF FW,Strasbourg,30,1987,18,15,1 376,15.mars,0,2,2,0,0,0,2,0,01.août,01.août,01.août,03.juin,30,52,80,0.00,0.13,0.13,0.00,0.13,0.12,0.12,0.23,0.12,0.23
Maxwel Cornet,ci CIV,FW,Lyon,20,1996,30,13,1 272,14.janv,4,6,10,4,0,0,1,0,03.janv,3.0,02.avr,05.avr,62,35,143,0.28,0.42,0.71,0.28,0.71,0.22,0.17,0.39,0.21,0.39
Quentin Cornette,fr FRA,FW MF,Amiens,23,1994,12,6,448,5.0,1,2,3,1,0,0,1,0,0.6,0.6,0.9,01.juin,15,20,20,0.20,0.40,0.60,0.20,0.60,0.13,0.18,0.31,0.13,0.31
Nuno da Costa,cv CPV,FW MF,Strasbourg,26,1991,26,22,1 727,19.févr,5,2,7,5,0,0,4,1,04.févr,04.févr,0.6,04.août,47,30,134,0.26,0.10,0.36,0.26,0.36,0.22,0.03,0.25,0.22,0.25
Benoît Costil,fr FRA,GK,Bordeaux,30,1987,36,36,3 24,36.0,0,0,0,0,0,0,1,0,0.0,0.0,0.1,0.1,0,0,0,0.00,0.00,0.00,0.00,0.00,0.00,0.00,0.00,0.00,0.00
Kalifa Coulibaly,ml MLI,FW,Nantes,25,1991,8,3,341,03.août,1,0,1,1,0,0,0,0,0.3,0.3,0.7,1.0,8,11,32,0.26,0.00,0.26,0.26,0.26,0.08,0.17,0.25,0.08,0.25
Lassana Coulibaly,ml MLI,MF,Angers,21,1996,20,8,838,09.mars,1,2,3,1,0,0,1,0,1.0,1.0,01.févr,02.janv,24,38,46,0.11,0.21,0.32,0.11,0.32,0.11,0.12,0.23,0.11,0.23
Nicolas Cozza,fr FRA,DF MF,Montpellier,18,1999,9,7,578,06.avr,1,1,2,1,0,0,2,0,0.2,0.2,0.1,0.3,29,36,24,0.16,0.16,0.31,0.16,0.31,0.03,0.01,0.05,0.03,0.05
Enzo Crivelli,fr FRA,FW,Angers,22,1995,15,12,1 022,11.avr,1,1,2,1,0,0,6,1,02.janv,02.janv,0.7,02.août,6,19,56,0.09,0.09,0.18,0.09,0.18,0.19,0.06,0.25,0.19,0.25
Enzo Crivelli,fr FRA,FW,Caen,22,1995,11,9,725,08.janv,2,0,2,2,0,0,2,0,01.juin,01.juin,0.2,01.août,2,6,46,0.25,0.00,0.25,0.25,0.25,0.20,0.02,0.22,0.20,0.22
Wylan Cyprien,fr FRA,MF,Nice,22,1995,16,10,951,10.juin,2,2,4,2,0,0,2,0,01.févr,01.févr,01.juil,02.août,8,51,9,0.19,0.19,0.38,0.19,0.38,0.11,0.16,0.27,0.11,0.27
Damien Da Silva,fr FRA,DF,Caen,29,1988,32,32,2 836,31.mai,4,0,4,4,0,0,7,0,01.juil,01.juil,0.0,01.juil,12,85,2,0.13,0.00,0.13,0.13,0.13,0.05,0.00,0.05,0.05,0.05
Kouadio-Yves Dabila,ci CIV,DF,Lille,20,1997,12,10,944,10.mai,0,0,0,0,0,0,1,0,0.0,0.0,0.1,0.1,5,19,8,0.00,0.00,0.00,0.00,0.00,0.00,0.01,0.01,0.00,0.01
Bryan Dabo,bf BFA,MF FW,Saint-Étienne,25,1992,16,15,1 284,14.mars,2,0,2,1,1,2,10,0,02.juin,1.0,0.7,01.juil,34,65,49,0.14,0.00,0.14,0.07,0.07,0.19,0.05,0.23,0.07,0.12
Dante,br BRA,DF,Nice,33,1983,33,33,2 919,32.4,1,0,1,1,0,0,10,1,02.avr,02.avr,0.8,03.févr,8,93,3,0.03,0.00,0.03,0.03,0.03,0.07,0.03,0.10,0.07,0.10
Romain Danzé,fr FRA,DF,Rennes,31,1986,12,9,681,07.juin,0,0,0,0,0,0,2,0,0.0,0.0,0.1,0.1,5,33,30,0.00,0.00,0.00,0.00,0.00,0.00,0.02,0.02,0.00,0.02
Stéphane Darbion,fr FRA,FW MF,Troyes,33,1984,23,20,1 706,19.0,3,2,5,3,0,0,2,0,02.juin,02.juin,02.juil,05.mars,53,82,146,0.16,0.11,0.26,0.16,0.26,0.14,0.14,0.28,0.14,0.28
Sergi Darder,es ESP,MF,Lyon,23,1993,3,3,209,02.mars,0,0,0,0,0,0,2,1,0.1,0.1,0.1,0.2,0,15,3,0.00,0.00,0.00,0.00,0.00,0.02,0.04,0.07,0.02,0.07
Lucas Deaux,fr FRA,MF,Guingamp,28,1988,26,24,1 943,21.juin,2,1,3,2,0,0,7,1,02.févr,02.févr,01.juin,03.août,33,144,66,0.09,0.05,0.14,0.09,0.14,0.10,0.08,0.18,0.10,0.18
Mathieu Debuchy,fr FRA,DF,Saint-Étienne,32,1985,15,15,1 314,14.juin,4,0,4,4,0,0,1,0,02.juil,02.juil,01.févr,03.sept,23,59,88,0.27,0.00,0.27,0.27,0.27,0.18,0.08,0.27,0.18,0.27
Jonathan Delaplace,fr FRA,MF,Caen,31,1986,12,5,583,06.mai,0,1,1,0,0,0,3,0,0.4,0.4,0.6,0.9,6,28,12,0.00,0.15,0.15,0.00,0.15,0.06,0.09,0.15,0.06,0.15
Andy Delort,dz ALG,FW,Toulouse,25,1991,32,25,2 333,25.sept,5,5,10,4,1,2,5,0,9.0,07.avr,05.janv,12.mai,28,62,240,0.19,0.19,0.39,0.15,0.35,0.35,0.20,0.54,0.29,0.48
Jessy Deminguet,fr FRA,MF FW,Caen,19,1998,12,5,534,05.sept,1,1,2,1,0,0,2,0,0.3,0.3,0.9,01.févr,23,15,47,0.17,0.17,0.34,0.17,0.34,0.06,0.15,0.20,0.06,0.20
Player,Nation,Pos,Squad,Age,Born,MP,Starts,Min,90s,Gls,Ast,G+A,G-PK,PK,PKatt,CrdY,CrdR,xG,npxG,xAG,npxG+xAG,PrgC,PrgP,PrgR,Gls,Ast,G+A,G-PK,G+A-PK,xG,xAG,xG+xAG,npxG,npxG+xAG
Mathieu Deplagne,fr FRA,DF,Troyes,25,1991,28,28,2 41,26.août,0,2,2,0,0,0,5,1,0.2,0.2,01.avr,01.juin,49,115,83,0.00,0.07,0.07,0.00,0.07,0.01,0.05,0.06,0.01,0.06
Ángel Di María,ar ARG,FW,Paris S-G,29,1988,30,26,2 111,23.mai,11,6,17,11,0,0,1,0,12.janv,12.janv,07.août,19.sept,95,128,287,0.47,0.26,0.72,0.47,0.72,0.51,0.33,0.85,0.51,0.85
Fallou Diagne,sn SEN,DF MF,Metz,27,1989,29,26,2 238,24.sept,1,1,2,1,0,0,8,2,0.8,0.8,0.4,01.janv,7,62,12,0.04,0.04,0.08,0.04,0.08,0.03,0.01,0.05,0.03,0.05
Adama Diakhaby,fr FRA,FW,Monaco,21,1996,22,10,850,09.avr,2,3,5,2,0,0,2,1,02.févr,02.févr,0.6,02.sept,26,7,82,0.21,0.32,0.53,0.21,0.53,0.24,0.07,0.30,0.24,0.30
Mouctar Diakhaby,gn GUI,DF,Lyon,20,1996,12,8,728,08.janv,1,0,1,1,0,0,2,0,0.5,0.5,0.0,0.5,6,17,0,0.12,0.00,0.12,0.12,0.12,0.06,0.00,0.06,0.06,0.06
Abdoulaye Diallo,sn SEN,GK,Rennes,25,1992,3,3,270,3.0,0,0,0,0,0,0,0,0,0.0,0.0,0.0,0.0,0,0,0,0.00,0.00,0.00,0.00,0.00,0.00,0.00,0.00,0.00,0.00
Habib Diallo,sn SEN,FW MF,Metz,22,1995,1,0,15,0.2,0,0,0,0,0,0,0,0,0.0,0.0,0.0,0.0,0,1,0,0.00,0.00,0.00,0.00,0.00,0.00,0.00,0.00,0.00,0.00
Mustapha Diallo,sn SEN,MF,Guingamp,31,1986,26,16,1 384,15.avr,5,0,5,5,0,0,6,0,04.avr,04.avr,0.3,04.juil,8,52,20,0.33,0.00,0.33,0.33,0.33,0.28,0.02,0.31,0.28,0.31
Lassana Diarra,fr FRA,MF,Paris S-G,32,1985,10,8,606,06.juil,0,1,1,0,0,0,4,0,0.0,0.0,0.2,0.2,14,39,7,0.00,0.15,0.15,0.00,0.15,0.00,0.03,0.03,0.00,0.03
Bakaye Dibassy,ml MLI,DF,Amiens,27,1989,32,31,2 778,30.sept,1,1,2,1,0,0,4,0,01.févr,01.févr,0.7,01.sept,48,87,48,0.03,0.03,0.06,0.03,0.06,0.04,0.02,0.06,0.04,0.06
Thomas Didillon,fr FRA,GK,Metz,21,1995,9,9,810,9.0,0,0,0,0,0,0,0,0,0.0,0.0,0.0,0.0,0,1,0,0.00,0.00,0.00,0.00,0.00,0.00,0.00,0.00,0.00,0.00
Étienne Didot,fr FRA,MF,Guingamp,34,1983,23,21,1 621,18.0,2,1,3,2,0,0,4,0,0.7,0.7,01.févr,01.sept,14,98,26,0.11,0.06,0.17,0.11,0.17,0.04,0.07,0.11,0.04,0.11
Tristan Dingomé,cm CMR,MF,Troyes,26,1991,14,14,1 192,13.févr,0,0,0,0,0,0,4,0,0.2,0.2,01.mars,01.mai,12,68,32,0.00,0.00,0.00,0.00,0.00,0.01,0.10,0.11,0.01,0.11
Ismaël Diomandé,ci CIV,DF MF,Caen,24,1992,11,8,712,07.sept,0,1,1,0,0,0,1,1,0.1,0.1,0.5,0.6,9,27,0,0.00,0.13,0.13,0.00,0.13,0.01,0.06,0.07,0.01,0.07
Lois Diony,fr FRA,FW,Saint-Étienne,24,1992,16,11,931,10.mars,0,0,0,0,0,0,0,0,01.juin,01.juin,0.3,01.août,11,13,81,0.00,0.00,0.00,0.00,0.00,0.15,0.03,0.18,0.15,0.18
Issa Diop,fr FRA,DF,Toulouse,20,1997,34,34,3 06,34.0,3,0,3,3,0,0,8,0,2.0,2.0,0.6,02.juil,14,106,1,0.09,0.00,0.09,0.09,0.09,0.06,0.02,0.08,0.06,0.08
Assane Dioussé,sn SEN,MF,Saint-Étienne,19,1997,25,17,1 344,14.sept,1,0,1,1,0,0,4,0,0.8,0.8,0.6,01.avr,14,93,26,0.07,0.00,0.07,0.07,0.07,0.06,0.04,0.09,0.06,0.09
Koffi Djidji,ci CIV,DF,Nantes,24,1992,29,27,2 416,26.août,0,0,0,0,0,0,2,0,0.3,0.3,0.3,0.6,18,60,24,0.00,0.00,0.00,0.00,0.00,0.01,0.01,0.02,0.01,0.02
Alexander Djiku,gh GHA,DF,Caen,22,1994,28,28,2 52,28.0,0,0,0,0,0,0,10,0,01.juin,01.juin,0.1,01.juil,21,123,3,0.00,0.00,0.00,0.00,0.00,0.06,0.00,0.06,0.06,0.06
Papy Djilobodji,sn SEN,DF,Dijon,28,1988,30,30,2 699,30.0,0,1,1,0,0,0,4,1,01.avr,01.avr,0.5,01.sept,16,122,3,0.00,0.03,0.03,0.00,0.03,0.05,0.02,0.06,0.05,0.06
Keagan Dolly,za RSA,MF FW,Montpellier,24,1993,17,9,881,09.août,1,2,3,1,0,0,1,0,01.juil,01.juil,01.juin,03.mars,31,46,97,0.10,0.20,0.31,0.10,0.31,0.17,0.16,0.33,0.17,0.33
Jean-Luc Dompé,fr FRA,FW,Amiens,21,1995,1,0,29,0.3,0,0,0,0,0,0,0,0,0.1,0.1,0.1,0.1,4,0,2,0.00,0.00,0.00,0.00,0.00,0.16,0.27,0.43,0.16,0.43
Dória,br BRA,DF,Marseille,22,1994,3,1,77,0.9,0,0,0,0,0,0,0,0,0.0,0.0,0.0,0.0,2,3,2,0.00,0.00,0.00,0.00,0.00,0.00,0.00,0.00,0.00,0.00
Mathieu Dossevi,tg TOG,FW MF,Metz,29,1988,30,30,2 509,27.sept,1,11,12,1,0,0,2,0,02.mars,02.mars,11.janv,13.avr,136,131,253,0.04,0.39,0.43,0.04,0.43,0.08,0.40,0.48,0.08,0.48
Julian Draxler,de GER,MF FW,Paris S-G,23,1993,30,19,1 704,18.sept,4,5,9,4,0,0,1,0,03.juil,03.juil,04.mai,08.févr,65,117,117,0.21,0.26,0.48,0.21,0.48,0.20,0.24,0.44,0.20,0.44
Player,Nation,Pos,Squad,Age,Born,MP,Starts,Min,90s,Gls,Ast,G+A,G-PK,PK,PKatt,CrdY,CrdR,xG,npxG,xAG,npxG+xAG,PrgC,PrgP,PrgR,Gls,Ast,G+A,G-PK,G+A-PK,xG,xAG,xG+xAG,npxG,npxG+xAG
Leo Dubois,fr FRA,DF,Nantes,22,1994,34,34,3 021,33.6,3,4,7,3,0,0,5,0,02.janv,02.janv,06.juil,08.août,96,171,130,0.09,0.12,0.21,0.09,0.21,0.06,0.20,0.26,0.06,0.26
Maxime Dupé,fr FRA,GK,Nantes,24,1993,1,1,90,1.0,0,0,0,0,0,0,0,0,0.0,0.0,0.0,0.0,0,0,0,0.00,0.00,0.00,0.00,0.00,0.00,0.00,0.00,0.00,0.00
Jimmy Durmaz,se SWE,MF FW,Toulouse,28,1989,20,12,1 028,11.avr,3,3,6,0,3,4,5,0,03.juin,0.5,02.févr,02.juil,36,60,79,0.26,0.26,0.53,0.00,0.26,0.32,0.20,0.51,0.04,0.24
Félix Eboa Eboa,cm CMR,DF,Guingamp,20,1997,23,16,1 524,16.sept,1,0,1,1,0,0,2,0,0.9,0.9,0.5,01.avr,14,53,10,0.06,0.00,0.06,0.06,0.06,0.05,0.03,0.09,0.05,0.09
Patrice Evra,fr FRA,DF,Marseille,36,1981,4,4,349,03.sept,0,0,0,0,0,0,2,0,0.1,0.1,0.1,0.2,4,4,6,0.00,0.00,0.00,0.00,0.00,0.02,0.02,0.05,0.02,0.05
Valentin Eysseric,fr FRA,FW,Nice,25,1992,1,1,90,1.0,0,0,0,0,0,0,0,0,0.1,0.1,0.2,0.2,2,9,13,0.00,0.00,0.00,0.00,0.00,0.05,0.16,0.21,0.05,0.21
Fabinho,br BRA,MF,Monaco,23,1993,34,34,3 06,34.0,7,3,10,3,4,4,8,0,05.août,02.juin,04.févr,06.août,64,261,57,0.21,0.09,0.29,0.09,0.18,0.17,0.12,0.29,0.08,0.20
Radamel Falcao,co COL,FW,Monaco,31,1986,26,25,2 129,23.juil,18,4,22,15,3,4,1,0,13.sept,10.juil,01.sept,12.juin,30,37,164,0.76,0.17,0.93,0.63,0.80,0.59,0.08,0.67,0.45,0.53
Simon Falette,gn GUI,DF,Metz,25,1992,1,1,90,1.0,0,0,0,0,0,0,0,0,0.0,0.0,0.0,0.0,0,2,0,0.00,0.00,0.00,0.00,0.00,0.00,0.00,0.00,0.00,0.00
Imad Faraj,ma MAR,MF DF,Lille,18,1999,7,1,162,01.août,0,1,1,0,0,0,0,0,0.2,0.2,1.0,01.févr,8,6,20,0.00,0.56,0.56,0.00,0.56,0.12,0.55,0.68,0.12,0.68
Nabil Fekir,fr FRA,MF FW,Lyon,24,1993,30,28,2 477,27.mai,18,8,26,15,3,4,8,0,12.juin,09.mai,05.juil,15.févr,102,153,178,0.65,0.29,0.94,0.55,0.84,0.46,0.21,0.67,0.34,0.55
Julien Féret,fr FRA,MF,Caen,35,1982,37,36,3 06,34.0,0,1,1,0,0,0,3,0,0.9,0.9,04.sept,05.juil,57,272,96,0.00,0.03,0.03,0.00,0.03,0.03,0.14,0.17,0.03,0.17
Brian Fernández,ar ARG,FW,Metz,22,1994,7,0,128,01.avr,0,0,0,0,0,0,0,0,0.3,0.3,0.1,0.5,6,2,9,0.00,0.00,0.00,0.00,0.00,0.23,0.10,0.32,0.23,0.32
Jordan Ferri,fr FRA,MF,Lyon,25,1992,24,4,638,07.janv,0,1,1,0,0,0,4,0,0.4,0.4,0.8,01.févr,21,73,30,0.00,0.14,0.14,0.00,0.14,0.05,0.12,0.17,0.05,0.17
Afonso Figueiredo,pt POR,DF FW,Rennes,24,1993,5,1,223,02.mai,0,0,0,0,0,0,1,0,0.0,0.0,0.0,0.0,5,13,7,0.00,0.00,0.00,0.00,0.00,0.00,0.00,0.00,0.00,0.00
Guessouma Fofana,mr MTN,MF,Amiens,24,1992,16,7,743,08.mars,0,0,0,0,0,0,3,1,0.2,0.2,0.1,0.3,15,30,19,0.00,0.00,0.00,0.00,0.00,0.02,0.01,0.03,0.02,0.03
Steven Fortes,cv CPV,DF,Toulouse,25,1992,2,1,155,01.juil,0,0,0,0,0,0,1,0,0.0,0.0,0.0,0.0,2,12,0,0.00,0.00,0.00,0.00,0.00,0.00,0.00,0.00,0.00,0.00
Dimitri Foulquier,fr FRA,DF,Strasbourg,24,1993,16,13,1 239,13.août,0,2,2,0,0,0,2,0,0.1,0.1,01.juin,01.juil,44,52,30,0.00,0.15,0.15,0.00,0.15,0.01,0.12,0.12,0.01,0.12
Lilian Fournier,fr FRA,FW,Metz,19,1998,1,0,15,0.2,0,0,0,0,0,0,0,0,0.0,0.0,0.0,0.0,0,0,2,0.00,0.00,0.00,0.00,0.00,0.00,0.00,0.00,0.00,0.00
Angelo Fulgini,fr FRA,MF,Angers,20,1996,29,16,1 529,17.0,3,5,8,3,0,0,4,0,03.janv,03.janv,03.sept,7.0,39,74,116,0.18,0.29,0.47,0.18,0.47,0.18,0.23,0.41,0.18,0.41
Milan Gajić,rs SRB,DF,Bordeaux,21,1996,4,4,360,4.0,0,1,1,0,0,0,0,0,0.0,0.0,0.0,0.0,9,15,16,0.00,0.25,0.25,0.00,0.25,0.01,0.01,0.01,0.01,0.01
Serge Gakpé,tg TOG,FW MF,Amiens,30,1987,29,23,1 825,20.mars,3,3,6,3,0,0,1,0,03.juil,03.juil,01.janv,04.sept,46,58,122,0.15,0.15,0.30,0.15,0.30,0.18,0.06,0.24,0.18,0.24
Ignatius Ganago,cm CMR,FW MF,Nice,18,1999,6,0,69,0.8,1,0,1,1,0,0,1,0,0.9,0.6,0.0,0.7,2,0,9,janv.30,0.00,janv.30,janv.30,janv.30,janv.19,0.04,janv.23,0.84,0.88
Najib Gandi,fr FRA,FW MF,Nantes,23,1994,5,0,96,01.janv,0,0,0,0,0,0,1,0,0.1,0.1,0.0,0.1,3,8,5,0.00,0.00,0.00,0.00,0.00,0.06,0.00,0.06,0.06,0.06
Jérémy Gélin,fr FRA,DF MF,Rennes,20,1997,28,25,2 315,25.juil,0,2,2,0,0,0,2,0,0.3,0.3,0.6,0.8,12,139,7,0.00,0.08,0.08,0.00,0.08,0.01,0.02,0.03,0.01,0.03
Player,Nation,Pos,Squad,Age,Born,MP,Starts,Min,90s,Gls,Ast,G+A,G-PK,PK,PKatt,CrdY,CrdR,xG,npxG,xAG,npxG+xAG,PrgC,PrgP,PrgR,Gls,Ast,G+A,G-PK,G+A-PK,xG,xAG,xG+xAG,npxG,npxG+xAG
Romain Genevois,ht HAI,DF,Caen,29,1987,24,22,1 808,20.janv,0,1,1,0,0,0,4,1,0.5,0.5,0.3,0.8,17,50,29,0.00,0.05,0.05,0.00,0.05,0.02,0.02,0.04,0.02,0.04
Valère Germain,fr FRA,FW,Marseille,27,1990,35,24,2 167,24.janv,9,5,14,9,0,1,2,0,09.juil,9.0,04.sept,13.sept,19,36,148,0.37,0.21,0.58,0.37,0.58,0.40,0.20,0.61,0.37,0.58
Willem Geubbels,fr FRA,FW MF,Lyon,15,2001,2,0,33,0.4,0,0,0,0,0,0,0,0,0.0,0.0,0.0,0.0,1,0,3,0.00,0.00,0.00,0.00,0.00,0.00,0.00,0.00,0.00,0.00
Yassine El Ghanassy,be BEL,MF FW,Nantes,27,1990,20,5,644,07.févr,0,0,0,0,0,0,1,0,0.7,0.7,01.févr,01.sept,36,40,62,0.00,0.00,0.00,0.00,0.00,0.10,0.17,0.26,0.10,0.26
Anwar El Ghazi,nl NED,FW MF,Lille,22,1995,27,19,1 648,18.mars,4,4,8,4,0,0,2,0,03.sept,03.sept,03.janv,7.0,78,55,163,0.22,0.22,0.44,0.22,0.44,0.21,0.17,0.38,0.21,0.38
Rachid Ghezzal,dz ALG,FW MF,Monaco,25,1992,26,7,1 006,11.févr,2,3,5,2,0,0,2,1,02.juin,02.juin,02.juil,05.mars,39,57,127,0.18,0.27,0.45,0.18,0.45,0.24,0.24,0.48,0.24,0.48
Guillaume Gillet,be BEL,MF,Nantes,33,1984,1,0,16,0.2,0,0,0,0,0,0,1,0,0.0,0.0,0.0,0.0,0,1,0,0.00,0.00,0.00,0.00,0.00,0.00,0.00,0.00,0.00,0.00
Jimmy Giraudon,fr FRA,DF,Troyes,25,1992,25,24,2 092,23.févr,0,0,0,0,0,0,4,1,0.5,0.5,0.1,0.6,8,80,3,0.00,0.00,0.00,0.00,0.00,0.02,0.00,0.03,0.02,0.03
Thibault Giresse,fr FRA,FW MF,Guingamp,36,1981,3,0,23,0.3,0,0,0,0,0,0,0,0,0.1,0.1,0.0,0.1,2,0,0,0.00,0.00,0.00,0.00,0.00,0.27,0.00,0.27,0.27,0.27
Andrei Girotto,br BRA,MF,Nantes,25,1992,25,18,1 52,16.sept,1,1,2,1,0,0,8,0,01.avr,01.avr,0.6,01.sept,15,78,17,0.06,0.06,0.12,0.06,0.12,0.08,0.03,0.12,0.08,0.12
Kamil Glik,pl POL,DF,Monaco,29,1988,36,36,3 24,36.0,3,3,6,3,0,0,8,0,02.sept,02.sept,01.mai,04.avr,9,94,5,0.08,0.08,0.17,0.08,0.17,0.08,0.04,0.12,0.08,0.12
Joris Gnagnon,fr FRA,DF,Rennes,20,1997,36,32,2 919,32.4,2,2,4,2,0,0,3,0,02.juin,02.juin,0.2,02.juil,10,70,7,0.06,0.06,0.12,0.06,0.12,0.08,0.01,0.08,0.08,0.08
Anthony Gonçalves,fr FRA,MF FW,Strasbourg,31,1986,29,18,1 757,19.mai,0,1,1,0,0,0,5,0,01.avr,01.avr,02.janv,03.avr,59,80,139,0.00,0.05,0.05,0.00,0.05,0.07,0.11,0.18,0.07,0.18
Vagner Gonçalves,cv CPV,FW,Saint-Étienne,21,1996,4,1,108,01.févr,0,0,0,0,0,0,0,0,0.2,0.2,0.1,0.3,2,1,15,0.00,0.00,0.00,0.00,0.00,0.14,0.09,0.23,0.14,0.23
Georges Gope-Fenepej,nc NCL,FW,Amiens,28,1988,3,0,47,0.5,0,0,0,0,0,0,0,0,0.0,0.0,0.0,0.0,1,1,4,0.00,0.00,0.00,0.00,0.00,0.00,0.07,0.07,0.00,0.07
Mathieu Gorgelin,fr FRA,GK,Lyon,26,1990,4,4,360,4.0,0,0,0,0,0,0,0,0,0.0,0.0,0.0,0.0,0,0,0,0.00,0.00,0.00,0.00,0.00,0.00,0.00,0.00,0.00,0.00
Prince-Désir Gouano,fr FRA,DF,Amiens,23,1993,32,32,2 746,30.mai,0,0,0,0,0,0,4,3,0.8,0.8,0.1,1.0,0,46,0,0.00,0.00,0.00,0.00,0.00,0.03,0.00,0.03,0.03,0.03
Lemouya Goudiaby,sn SEN,DF,Metz,20,1997,2,1,85,0.9,0,0,0,0,0,0,0,0,0.0,0.0,0.0,0.0,0,4,4,0.00,0.00,0.00,0.00,0.00,0.00,0.00,0.00,0.00,0.00
Amine Gouiri,dz ALG,FW MF,Lyon,17,2000,7,0,83,0.9,0,0,0,0,0,0,0,0,0.1,0.1,0.1,0.2,5,2,8,0.00,0.00,0.00,0.00,0.00,0.14,0.11,0.25,0.14,0.25
Yoann Gourcuff,fr FRA,MF FW,Rennes,31,1986,10,5,426,04.juil,1,2,3,1,0,0,0,0,0.5,0.5,0.9,01.avr,6,23,24,0.21,0.42,0.63,0.21,0.63,0.10,0.20,0.30,0.10,0.30
Max Gradel,ci CIV,FW MF,Toulouse,29,1987,29,27,2 415,26.août,8,1,9,4,4,5,5,1,08.janv,04.janv,04.mai,08.juin,136,96,316,0.30,0.04,0.34,0.15,0.19,0.30,0.17,0.47,0.15,0.32
Samuel Grandsir,fr FRA,FW MF,Troyes,20,1996,36,29,2 603,28.sept,3,4,7,3,0,0,3,0,04.août,04.août,4.0,08.juil,127,108,233,0.10,0.14,0.24,0.10,0.24,0.16,0.14,0.30,0.16,0.30
Clément Grenier,fr FRA,MF,Guingamp,26,1991,15,14,1 208,13.avr,5,4,9,3,2,2,2,0,03.juil,02.janv,03.sept,6.0,22,108,67,0.37,0.30,0.67,0.22,0.52,0.28,0.29,0.57,0.16,0.45
Clément Grenier,fr FRA,FW,Lyon,26,1991,1,0,5,0.1,0,0,0,0,0,0,0,0,0.1,0.1,0.0,0.1,0,1,2,0.00,0.00,0.00,0.00,0.00,janv.41,0.00,janv.41,janv.41,janv.41
Jérémy Grimm,fr FRA,MF,Strasbourg,30,1987,23,7,808,9.0,1,0,1,1,0,0,3,0,0.6,0.6,0.2,0.8,3,36,14,0.11,0.00,0.11,0.11,0.11,0.06,0.03,0.09,0.06,0.09
Player,Nation,Pos,Squad,Age,Born,MP,Starts,Min,90s,Gls,Ast,G+A,G-PK,PK,PKatt,CrdY,CrdR,xG,npxG,xAG,npxG+xAG,PrgC,PrgP,PrgR,Gls,Ast,G+A,G-PK,G+A-PK,xG,xAG,xG+xAG,npxG,npxG+xAG
Gonçalo Guedes,pt POR,FW,Paris S-G,20,1996,1,0,5,0.1,0,0,0,0,0,0,0,0,0.0,0.0,0.0,0.0,2,0,0,0.00,0.00,0.00,0.00,0.00,0.00,0.00,0.00,0.00,0.00
Frederic Guilbert,fr FRA,DF,Caen,22,1994,36,36,3 24,36.0,1,2,3,1,0,0,12,0,01.avr,01.avr,01.juil,03.janv,71,124,144,0.03,0.06,0.08,0.03,0.08,0.04,0.05,0.09,0.04,0.09
Baptiste Guillaume,be BEL,FW MF,Angers,22,1995,16,3,458,05.janv,1,2,3,1,0,0,3,0,01.juil,01.juil,0.9,02.juin,9,9,36,0.20,0.39,0.59,0.20,0.59,0.33,0.17,0.51,0.33,0.51
Régis Gurtner,fr FRA,GK,Amiens,30,1986,37,37,3 33,37.0,0,0,0,0,0,0,2,0,0.0,0.0,0.0,0.0,0,0,0,0.00,0.00,0.00,0.00,0.00,0.00,0.00,0.00,0.00,0.00
Luiz Gustavo,br BRA,MF DF,Marseille,30,1987,34,34,3 019,33.5,5,1,6,5,0,0,10,1,4.0,03.avr,0.7,04.janv,52,201,21,0.15,0.03,0.18,0.15,0.18,0.12,0.02,0.14,0.10,0.12
Oussama Haddadi,tn TUN,DF,Dijon,25,1992,33,27,2 503,27.août,1,1,2,1,0,0,6,1,0.5,0.5,01.mai,02.janv,70,93,114,0.04,0.04,0.07,0.04,0.07,0.02,0.05,0.07,0.02,0.07
Oualid El Hajjam,ma MAR,DF,Amiens,26,1991,26,24,2 198,24.avr,1,1,2,1,0,0,6,0,0.6,0.6,0.6,01.févr,48,63,74,0.04,0.04,0.08,0.04,0.08,0.02,0.03,0.05,0.02,0.05
Romain Hamouma,fr FRA,FW,Saint-Étienne,30,1987,29,22,1 846,20.mai,5,3,8,5,0,0,4,0,06.juil,06.juil,04.août,11.mai,59,45,176,0.24,0.15,0.39,0.24,0.39,0.33,0.24,0.56,0.33,0.56
Gauthier Hein,fr FRA,FW,Metz,20,1996,3,1,82,0.9,0,0,0,0,0,0,0,0,0.0,0.0,0.0,0.1,3,4,9,0.00,0.00,0.00,0.00,0.00,0.04,0.03,0.07,0.04,0.07
Christophe Hérelle,mq MTQ,DF,Troyes,24,1992,34,34,2 957,32.9,0,0,0,0,0,0,7,1,01.juil,01.juil,0.2,01.sept,15,120,4,0.00,0.00,0.00,0.00,0.00,0.05,0.00,0.06,0.05,0.06
Hernani,br BRA,MF FW,Saint-Étienne,23,1994,14,5,544,6.0,3,0,3,3,0,0,2,2,1.0,1.0,01.sept,02.sept,11,36,22,0.50,0.00,0.50,0.50,0.50,0.16,0.31,0.47,0.16,0.47
Vitorino Hilton,br BRA,DF,Montpellier,39,1977,27,27,2 43,27.0,0,0,0,0,0,0,5,0,01.avr,01.avr,0.6,2.0,13,75,1,0.00,0.00,0.00,0.00,0.00,0.05,0.02,0.07,0.05,0.07
Tomáš Hubočan,sk SVK,DF,Marseille,31,1985,1,1,90,1.0,0,0,0,0,0,0,1,0,0.0,0.0,0.0,0.0,1,1,4,0.00,0.00,0.00,0.00,0.00,0.00,0.00,0.00,0.00,0.00
Adrien Hunou,fr FRA,FW MF,Rennes,23,1994,24,17,1 458,16.févr,5,1,6,5,0,0,1,0,03.sept,03.sept,0.4,04.avr,18,33,124,0.31,0.06,0.37,0.31,0.37,0.24,0.03,0.27,0.24,0.27
Suk Hyun-jun,kr KOR,FW,Troyes,26,1991,26,13,1 195,13.mars,6,0,6,6,0,0,5,0,05.mars,05.mars,0.9,06.janv,25,17,84,0.45,0.00,0.45,0.45,0.45,0.40,0.06,0.46,0.40,0.46
Edgar Ié,gw GNB,DF,Lille,23,1994,35,35,3 146,35.0,1,0,1,1,0,0,6,0,0.9,0.9,0.5,01.mars,55,131,53,0.03,0.00,0.03,0.03,0.03,0.02,0.01,0.04,0.02,0.04
Julien Ielsch,fr FRA,MF DF,Amiens,34,1983,11,7,616,06.août,0,0,0,0,0,0,4,0,0.2,0.2,0.5,0.7,5,27,13,0.00,0.00,0.00,0.00,0.00,0.03,0.07,0.10,0.03,0.10
Jordan Ikoko,cd COD,DF,Guingamp,23,1994,28,26,2 42,26.sept,0,2,2,0,0,0,6,0,1.0,1.0,01.juil,02.juin,76,105,105,0.00,0.07,0.07,0.00,0.07,0.04,0.06,0.10,0.04,0.10
Jonathan Ikone,fr FRA,MF FW,Montpellier,19,1998,18,12,998,11.janv,1,1,2,1,0,0,0,0,0.9,0.9,01.avr,02.mars,48,40,85,0.09,0.09,0.18,0.09,0.18,0.08,0.12,0.21,0.08,0.21
Jules Iloki,fr FRA,MF FW,Nantes,25,1992,26,14,1 421,15.août,0,0,0,0,0,0,1,0,01.juil,01.juil,02.avr,04.janv,41,45,147,0.00,0.00,0.00,0.00,0.00,0.11,0.15,0.26,0.11,0.26
Giannelli Imbula,cd COD,MF,Toulouse,24,1992,28,28,2 243,24.sept,1,1,2,1,0,0,4,0,01.juin,01.juin,02.janv,03.juil,74,159,40,0.04,0.04,0.08,0.04,0.08,0.06,0.08,0.15,0.06,0.15
Emmanuel Imorou,bj BEN,DF,Caen,28,1988,1,0,34,0.4,0,0,0,0,0,0,0,0,0.0,0.0,0.0,0.0,2,1,2,0.00,0.00,0.00,0.00,0.00,0.00,0.00,0.00,0.00,0.00
Christophe Jallet,fr FRA,DF,Nice,33,1983,15,13,1 174,13.0,0,0,0,0,0,0,4,0,0.2,0.2,0.7,0.9,32,78,91,0.00,0.00,0.00,0.00,0.00,0.02,0.05,0.07,0.02,0.07
Ablie Jallow,gm GAM,FW,Metz,18,1998,2,2,129,01.avr,0,0,0,0,0,0,0,0,0.1,0.1,0.9,1.0,2,2,10,0.00,0.00,0.00,0.00,0.00,0.04,0.63,0.67,0.04,0.67
Saidy Janko,gm GAM,DF,Saint-Étienne,21,1995,21,16,1 422,15.août,0,0,0,0,0,0,4,0,0.1,0.1,0.8,1.0,58,61,79,0.00,0.00,0.00,0.00,0.00,0.01,0.05,0.06,0.01,0.06
Player,Nation,Pos,Squad,Age,Born,MP,Starts,Min,90s,Gls,Ast,G+A,G-PK,PK,PKatt,CrdY,CrdR,xG,npxG,xAG,npxG+xAG,PrgC,PrgP,PrgR,Gls,Ast,G+A,G-PK,G+A-PK,xG,xAG,xG+xAG,npxG,npxG+xAG
Nicolas Janvier,fr FRA,MF,Rennes,18,1998,3,1,76,0.8,0,0,0,0,0,0,0,0,0.0,0.0,0.0,0.0,1,2,7,0.00,0.00,0.00,0.00,0.00,0.00,0.00,0.00,0.00,0.00
Corentin Jean,fr FRA,FW MF,Toulouse,22,1995,33,18,1 688,18.août,1,2,3,1,0,0,3,0,2.0,2.0,02.août,04.juil,53,41,150,0.05,0.11,0.16,0.05,0.16,0.11,0.15,0.25,0.11,0.25
Benjamin Jeannot,fr FRA,FW,Dijon,25,1992,24,14,1 407,15.juin,4,1,5,4,0,0,4,0,03.avr,03.avr,01.mai,04.sept,11,34,81,0.26,0.06,0.32,0.26,0.32,0.22,0.10,0.31,0.22,0.31
Jemerson,br BRA,DF,Monaco,24,1992,33,33,2 855,31.juil,2,0,2,2,0,0,7,1,01.sept,01.sept,0.2,02.janv,9,59,1,0.06,0.00,0.06,0.06,0.06,0.06,0.01,0.07,0.06,0.07
Karl-Johan Johnsson,se SWE,GK,Guingamp,27,1990,38,38,3 42,38.0,0,0,0,0,0,0,0,0,0.0,0.0,0.1,0.1,0,0,0,0.00,0.00,0.00,0.00,0.00,0.00,0.00,0.00,0.00,0.00
Jorge,br BRA,DF,Monaco,21,1996,22,22,1 92,21.mars,1,2,3,1,0,0,8,0,0.2,0.2,01.sept,02.janv,60,84,115,0.05,0.09,0.14,0.05,0.14,0.01,0.09,0.10,0.01,0.10
Yann Jouffre,fr FRA,FW MF,Metz,33,1984,4,3,275,03.janv,0,0,0,0,0,0,0,0,0.1,0.1,0.5,0.5,4,18,23,0.00,0.00,0.00,0.00,0.00,0.02,0.15,0.17,0.02,0.17
Vukašin Jovanović,rs SRB,DF,Bordeaux,21,1996,16,16,1 44,16.0,0,0,0,0,0,0,4,0,0.3,0.3,0.1,0.4,15,51,1,0.00,0.00,0.00,0.00,0.00,0.02,0.01,0.03,0.02,0.03
Stevan Jovetić,me MNE,FW,Monaco,27,1989,15,7,753,08.avr,8,1,9,8,0,0,1,0,05.avr,05.avr,0.4,05.août,19,32,62,0.96,0.12,01.août,0.96,01.août,0.65,0.05,0.70,0.65,0.70
Christopher Jullien,fr FRA,DF,Toulouse,24,1993,30,30,2 605,28.sept,1,2,3,1,0,0,7,0,3.0,3.0,0.7,03.juil,8,103,10,0.03,0.07,0.10,0.03,0.10,0.10,0.02,0.13,0.10,0.13
Alexander Kačaniklić,se SWE,MF FW,Nantes,25,1991,9,3,316,03.mai,0,1,1,0,0,0,0,0,0.2,0.2,0.2,0.4,16,7,27,0.00,0.28,0.28,0.00,0.28,0.05,0.07,0.11,0.05,0.11
Gaël Kakuta,cd COD,MF FW,Amiens,26,1991,36,36,3 083,34.3,6,6,12,6,0,1,3,0,04.févr,03.avr,06.janv,09.mai,77,151,194,0.18,0.18,0.35,0.18,0.35,0.12,0.18,0.30,0.10,0.28
François Kamano,gn GUI,FW,Bordeaux,21,1996,35,23,2 014,22.avr,8,4,12,7,1,1,4,0,08.févr,07.mars,02.juin,09.sept,122,52,213,0.36,0.18,0.54,0.31,0.49,0.37,0.12,0.48,0.33,0.44
Bingourou Kamara,sn SEN,GK,Strasbourg,20,1996,19,19,1 691,18.août,0,0,0,0,0,0,2,0,0.0,0.0,0.0,0.0,0,0,0,0.00,0.00,0.00,0.00,0.00,0.00,0.00,0.00,0.00,0.00
Boubacar Kamara,fr FRA,DF MF,Marseille,17,1999,6,5,455,05.janv,0,1,1,0,0,0,1,0,0.2,0.2,0.3,0.5,4,9,4,0.00,0.20,0.20,0.00,0.20,0.04,0.05,0.09,0.04,0.09
Wilfried Kanga,ci CIV,FW MF,Angers,19,1998,9,1,175,01.sept,0,0,0,0,0,0,0,0,0.1,0.1,0.0,0.1,0,2,16,0.00,0.00,0.00,0.00,0.00,0.05,0.00,0.05,0.05,0.05
Eiji Kawashima,jp JPN,GK,Metz,34,1983,29,29,2 569,28.mai,0,0,0,0,0,0,0,1,0.0,0.0,0.0,0.0,0,0,0,0.00,0.00,0.00,0.00,0.00,0.00,0.00,0.00,0.00,0.00
Joris Kayembe,cd COD,FW MF,Nantes,22,1994,3,1,89,1.0,0,0,0,0,0,0,0,0,0.0,0.0,0.1,0.1,3,1,7,0.00,0.00,0.00,0.00,0.00,0.03,0.07,0.10,0.03,0.10
Christophe Kerbrat,fr FRA,DF,Guingamp,30,1986,37,37,3 32,36.9,1,0,1,1,0,0,4,0,0.4,0.4,0.1,0.5,12,136,1,0.03,0.00,0.03,0.03,0.03,0.01,0.00,0.01,0.01,0.01
Billy Ketkeophomphone,la LAO,MF,Angers,27,1990,13,5,437,04.sept,0,0,0,0,0,0,0,0,0.3,0.3,0.4,0.7,13,18,31,0.00,0.00,0.00,0.00,0.00,0.06,0.09,0.15,0.06,0.15
Driss Khalid,ma MAR,FW,Toulouse,18,1999,1,0,29,0.3,0,0,0,0,0,0,0,0,0.1,0.1,0.0,0.1,1,0,1,0.00,0.00,0.00,0.00,0.00,0.23,0.00,0.23,0.23,0.23
Saîf-Eddine Khaoui,tn TUN,MF FW,Troyes,22,1995,32,21,1 956,21.juil,5,2,7,5,0,1,1,0,04.juil,03.sept,02.juin,06.mai,43,72,103,0.23,0.09,0.32,0.23,0.32,0.22,0.12,0.34,0.18,0.30
Wahbi Khazri,tn TUN,FW MF,Rennes,26,1991,24,23,1 918,21.mars,9,2,11,6,3,4,8,1,07.août,04.juin,03.août,08.avr,54,64,146,0.42,0.09,0.52,0.28,0.38,0.36,0.18,0.54,0.22,0.39
Presnel Kimpembe,fr FRA,DF,Paris S-G,21,1995,28,27,2 423,26.sept,0,0,0,0,0,0,8,2,01.avr,01.avr,0.2,01.juil,36,108,3,0.00,0.00,0.00,0.00,0.00,0.05,0.01,0.06,0.05,0.06
Hervé Koffi,bf BFA,GK,Lille,20,1996,4,4,360,4.0,0,0,0,0,0,0,0,0,0.0,0.0,0.0,0.0,0,0,0,0.00,0.00,0.00,0.00,0.00,0.00,0.00,0.00,0.00,0.00
Player,Nation,Pos,Squad,Age,Born,MP,Starts,Min,90s,Gls,Ast,G+A,G-PK,PK,PKatt,CrdY,CrdR,xG,npxG,xAG,npxG+xAG,PrgC,PrgP,PrgR,Gls,Ast,G+A,G-PK,G+A-PK,xG,xAG,xG+xAG,npxG,npxG+xAG
Seybou Koita,ne NIG,FW,Amiens,23,1994,6,2,212,02.avr,0,0,0,0,0,0,0,0,0.3,0.3,0.1,0.3,4,7,11,0.00,0.00,0.00,0.00,0.00,0.11,0.02,0.13,0.11,0.13
Moussa Konaté,sn SEN,FW,Amiens,24,1993,33,28,2 472,27.mai,13,1,14,11,2,2,8,0,10.févr,08.juin,01.mai,10.0,46,42,173,0.47,0.04,0.51,0.40,0.44,0.37,0.05,0.42,0.31,0.37
Bakary Koné,bf BFA,DF,Strasbourg,29,1988,28,27,2 462,27.avr,1,0,1,1,0,0,3,0,01.janv,01.janv,0.0,01.janv,4,51,1,0.04,0.00,0.04,0.04,0.04,0.04,0.00,0.04,0.04,0.04
Terence Kongolo,nl NED,DF,Monaco,23,1994,3,3,257,02.sept,0,0,0,0,0,0,0,0,0.2,0.2,0.3,0.4,4,7,16,0.00,0.00,0.00,0.00,0.00,0.06,0.10,0.16,0.06,0.16
Christian Kouakou,ci CIV,MF FW,Caen,26,1991,19,7,847,09.avr,1,1,2,1,0,0,0,0,03.févr,03.févr,0.4,03.juin,17,8,66,0.11,0.11,0.21,0.11,0.21,0.34,0.05,0.39,0.34,0.39
Rominigue Kouamé,ml MLI,DF MF,Lille,20,1996,6,1,201,02.févr,0,1,1,0,0,0,0,0,0.0,0.0,0.5,0.5,7,10,8,0.00,0.45,0.45,0.00,0.45,0.00,0.21,0.21,0.00,0.21
Tomáš Koubek,cz CZE,GK,Rennes,24,1992,34,34,3 06,34.0,0,0,0,0,0,0,0,0,0.0,0.0,0.0,0.0,0,0,0,0.00,0.00,0.00,0.00,0.00,0.00,0.00,0.00,0.00,0.00
Jules Koundé,fr FRA,DF,Bordeaux,18,1998,18,17,1 589,17.juil,2,0,2,2,0,0,1,0,01.mars,01.mars,0.1,01.avr,22,63,1,0.11,0.00,0.11,0.11,0.11,0.07,0.00,0.08,0.07,0.08
Vincent Koziello,fr FRA,MF,Nice,21,1995,15,10,807,9.0,0,0,0,0,0,0,3,0,0.2,0.2,0.3,0.5,12,44,4,0.00,0.00,0.00,0.00,0.00,0.02,0.03,0.06,0.02,0.06
Rene Krhin,si SVN,MF,Nantes,27,1990,18,16,1 312,14.juin,1,0,1,1,0,0,5,0,01.mars,01.mars,0.2,01.mai,9,36,4,0.07,0.00,0.07,0.07,0.07,0.09,0.01,0.10,0.09,0.10
Layvin Kurzawa,fr FRA,DF,Paris S-G,24,1992,20,19,1 704,18.sept,2,1,3,2,0,0,1,0,01.mars,01.mars,01.juin,02.sept,42,53,152,0.11,0.05,0.16,0.11,0.16,0.07,0.08,0.15,0.07,0.15
Enock Kwateng,fr FRA,DF,Nantes,20,1997,1,1,90,1.0,0,0,0,0,0,0,0,0,0.0,0.0,0.0,0.0,0,3,1,0.00,0.00,0.00,0.00,0.00,0.00,0.00,0.00,0.00,0.00
Brighton Labeau,mq MTQ,FW,Amiens,21,1996,2,0,23,0.3,0,0,0,0,0,0,1,0,0.0,0.0,0.0,0.0,1,0,1,0.00,0.00,0.00,0.00,0.00,0.00,0.00,0.00,0.00,0.00
Gaëtan Laborde,fr FRA,FW,Bordeaux,23,1994,20,10,957,10.juin,3,0,3,2,1,1,1,0,04.févr,03.avr,0.4,03.août,22,16,72,0.28,0.00,0.28,0.19,0.19,0.40,0.03,0.43,0.32,0.36
Léo Lacroix,ch SUI,DF,Saint-Étienne,25,1992,11,8,775,08.juin,0,0,0,0,0,0,3,1,0.8,0.8,0.1,1.0,4,21,1,0.00,0.00,0.00,0.00,0.00,0.10,0.01,0.11,0.10,0.11
Alban Lafont,ci CIV,GK,Toulouse,18,1999,38,38,3 42,38.0,0,0,0,0,0,0,3,0,0.1,0.1,0.0,0.1,0,3,0,0.00,0.00,0.00,0.00,0.00,0.00,0.00,0.00,0.00,0.00
Kenny Lala,mg MAD,DF,Strasbourg,25,1991,31,30,2 723,30.mars,3,4,7,0,3,3,5,1,02.août,0.5,2.0,02.mai,111,168,71,0.10,0.13,0.23,0.00,0.13,0.09,0.07,0.16,0.02,0.08
Ádám Lang,hu HUN,DF,Dijon,24,1993,3,3,232,02.juin,0,0,0,0,0,0,1,1,0.0,0.0,0.0,0.0,0,7,0,0.00,0.00,0.00,0.00,0.00,0.00,0.00,0.00,0.00,0.00
Paul Lasne,fr FRA,MF,Montpellier,28,1989,37,34,3 062,34.0,1,2,3,1,0,0,10,0,01.avr,01.avr,02.mai,03.sept,70,242,89,0.03,0.06,0.09,0.03,0.09,0.04,0.07,0.11,0.04,0.11
Wesley Lautoa,nc NCL,DF MF,Dijon,29,1987,10,8,622,06.sept,0,0,0,0,0,0,1,0,0.1,0.1,0.0,0.1,6,18,1,0.00,0.00,0.00,0.00,0.00,0.01,0.00,0.01,0.01,0.01
Mickaël Le Bihan,fr FRA,FW MF,Nice,27,1990,7,0,107,01.févr,0,0,0,0,0,0,0,0,0.1,0.1,0.2,0.2,3,2,20,0.00,0.00,0.00,0.00,0.00,0.05,0.15,0.20,0.05,0.20
Maxime Le Marchand,fr FRA,DF,Nice,27,1989,29,29,2 534,28.févr,0,3,3,0,0,0,4,0,0.7,0.7,0.6,01.mars,45,122,69,0.00,0.11,0.11,0.00,0.11,0.02,0.02,0.05,0.02,0.05
James Lea Siliki,cm CMR,MF,Rennes,21,1996,32,19,1 818,20.févr,3,2,5,3,0,0,6,1,02.juin,02.juin,3.0,05.juin,47,89,66,0.15,0.10,0.25,0.15,0.25,0.13,0.15,0.28,0.13,0.28
Benjamin Lecomte,fr FRA,GK,Montpellier,26,1991,38,38,3 42,38.0,0,0,0,0,0,0,1,0,0.0,0.0,0.2,0.2,0,2,0,0.00,0.00,0.00,0.00,0.00,0.00,0.00,0.00,0.00,0.00
Pierre Lees-Melou,fr FRA,MF FW,Nice,24,1993,34,33,2 89,32.1,5,6,11,4,1,1,6,1,04.avr,03.juin,05.avr,08.sept,76,163,193,0.16,0.19,0.34,0.12,0.31,0.14,0.17,0.30,0.11,0.28
Player,Nation,Pos,Squad,Age,Born,MP,Starts,Min,90s,Gls,Ast,G+A,G-PK,PK,PKatt,CrdY,CrdR,xG,npxG,xAG,npxG+xAG,PrgC,PrgP,PrgR,Gls,Ast,G+A,G-PK,G+A-PK,xG,xAG,xG+xAG,npxG,npxG+xAG
Thomas Lemar,fr FRA,MF FW,Monaco,21,1995,30,27,2 378,26.avr,2,8,10,2,0,0,1,0,03.juil,03.juil,06.sept,10.mai,93,182,163,0.08,0.30,0.38,0.08,0.38,0.14,0.26,0.40,0.14,0.40
Dylan Lempereur,fr FRA,DF,Metz,18,1998,3,1,142,01.juin,0,0,0,0,0,0,0,0,0.0,0.0,0.0,0.1,3,5,0,0.00,0.00,0.00,0.00,0.00,0.02,0.02,0.04,0.02,0.04
Lukas Lerager,dk DEN,MF,Bordeaux,24,1993,37,37,3 283,36.5,3,1,4,3,0,0,8,0,04.avr,04.avr,02.mai,7.0,35,180,97,0.08,0.03,0.11,0.08,0.11,0.12,0.07,0.19,0.12,0.19
Alexandre Letellier,fr FRA,GK,Angers,26,1990,13,13,1 17,13.0,0,0,0,0,0,0,0,0,0.0,0.0,0.0,0.0,0,0,0,0.00,0.00,0.00,0.00,0.00,0.00,0.00,0.00,0.00,0.00
Igor Lewczuk,pl POL,DF,Bordeaux,32,1985,7,4,437,04.sept,0,0,0,0,0,0,3,0,0.0,0.0,0.7,0.7,8,11,8,0.00,0.00,0.00,0.00,0.00,0.00,0.14,0.14,0.00,0.14
Dimitri Liénard,fr FRA,MF FW,Strasbourg,29,1988,33,29,2 602,28.sept,5,5,10,4,1,1,6,0,03.avr,02.juin,07.févr,09.sept,75,142,118,0.17,0.17,0.35,0.14,0.31,0.12,0.25,0.37,0.09,0.34
Lucas Lima,br BRA,DF FW,Nantes,25,1991,33,30,2 657,29.mai,2,3,5,2,0,0,3,0,01.avr,01.avr,5.0,06.avr,56,145,121,0.07,0.10,0.17,0.07,0.17,0.05,0.17,0.22,0.05,0.22
Giovani Lo Celso,ar ARG,MF,Paris S-G,21,1996,33,18,1 776,19.juil,4,3,7,4,0,0,2,0,02.août,02.août,01.sept,04.juin,65,147,56,0.20,0.15,0.35,0.20,0.35,0.14,0.09,0.24,0.14,0.24
Enzo Loiodice,fr FRA,MF,Dijon,16,2000,4,1,167,01.sept,0,0,0,0,0,0,0,0,0.0,0.0,0.1,0.1,5,11,9,0.00,0.00,0.00,0.00,0.00,0.00,0.03,0.03,0.00,0.03
Anthony Lopes,pt POR,GK,Lyon,26,1990,34,34,3 06,34.0,0,0,0,0,0,0,1,0,0.0,0.0,0.0,0.0,0,1,0,0.00,0.00,0.00,0.00,0.00,0.00,0.00,0.00,0.00,0.00
Rony Lopes,pt POR,FW MF,Monaco,21,1995,38,32,2 531,28.janv,15,5,20,15,0,0,2,0,10.janv,10.janv,05.mars,15.mai,111,89,282,0.53,0.18,0.71,0.53,0.71,0.36,0.19,0.55,0.36,0.55
Maxime Lopez,fr FRA,MF FW,Marseille,19,1997,24,14,1 378,15.mars,0,1,1,0,0,0,2,0,0.9,0.9,01.juil,02.juin,50,159,51,0.00,0.07,0.07,0.00,0.07,0.06,0.11,0.17,0.06,0.17
Arnaud Lusamba,cd COD,MF,Nice,20,1997,4,1,162,01.août,0,0,0,0,0,0,0,0,0.0,0.0,0.1,0.1,4,8,2,0.00,0.00,0.00,0.00,0.00,0.00,0.06,0.06,0.00,0.06
Cheikh M'Bengue,sn SEN,DF,Saint-Étienne,29,1988,7,6,489,05.avr,0,0,0,0,0,0,2,0,0.1,0.1,0.3,0.4,0,20,8,0.00,0.00,0.00,0.00,0.00,0.01,0.06,0.07,0.01,0.07
Raïs M'Bolhi,dz ALG,GK,Rennes,31,1986,1,1,90,1.0,0,0,0,0,0,0,0,0,0.0,0.0,0.0,0.0,0,0,0,0.00,0.00,0.00,0.00,0.00,0.00,0.00,0.00,0.00,0.00
Yann M'Vila,fr FRA,MF,Saint-Étienne,27,1990,17,17,1 479,16.avr,0,0,0,0,0,0,1,0,0.2,0.2,0.1,0.3,15,139,4,0.00,0.00,0.00,0.00,0.00,0.01,0.01,0.02,0.01,0.02
Zinédine Machach,fr FRA,FW MF,Toulouse,21,1996,4,2,193,02.janv,1,0,1,1,0,0,2,0,0.2,0.2,0.3,0.5,6,7,14,0.47,0.00,0.47,0.47,0.47,0.09,0.16,0.25,0.09,0.25
Gabriel Magalhães,br BRA,DF,Troyes,19,1997,1,0,84,0.9,0,0,0,0,0,0,1,0,0.0,0.0,0.0,0.0,0,5,0,0.00,0.00,0.00,0.00,0.00,0.00,0.00,0.00,0.00,0.00
Hicham Mahou,fr FRA,MF FW,Nice,18,1999,3,0,55,0.6,0,0,0,0,0,0,0,0,0.0,0.0,0.0,0.0,4,2,8,0.00,0.00,0.00,0.00,0.00,0.07,0.00,0.07,0.07,0.07
Thiago Maia,br BRA,MF DF,Lille,20,1997,34,28,2 463,27.avr,0,0,0,0,0,0,3,1,0.6,0.6,0.4,1.0,45,190,41,0.00,0.00,0.00,0.00,0.00,0.02,0.02,0.04,0.02,0.04
Habib Maïga,ci CIV,MF DF,Saint-Étienne,21,1996,13,7,708,07.sept,1,0,1,1,0,0,2,0,0.2,0.2,0.6,0.8,18,45,19,0.13,0.00,0.13,0.13,0.13,0.03,0.07,0.10,0.03,0.10
Mike Maignan,fr FRA,GK,Lille,22,1995,34,34,3 032,33.7,0,0,0,0,0,0,0,1,0.0,0.0,0.0,0.0,0,0,0,0.00,0.00,0.00,0.00,0.00,0.00,0.00,0.00,0.00,0.00
Jean-Victor Makengo,fr FRA,FW MF,Nice,19,1998,5,2,246,02.juil,0,0,0,0,0,0,1,0,0.1,0.1,0.0,0.1,10,11,26,0.00,0.00,0.00,0.00,0.00,0.02,0.00,0.02,0.02,0.02
Malcom,br BRA,FW,Bordeaux,20,1997,35,32,2 856,31.juil,12,7,19,10,2,3,2,0,08.avr,05.sept,08.juil,14.juin,153,169,272,0.38,0.22,0.60,0.32,0.54,0.27,0.27,0.54,0.19,0.46
Kévin Malcuit,ma MAR,DF,Lille,26,1991,23,21,1 817,20.févr,0,6,6,0,0,0,2,0,0.4,0.4,03.mai,03.août,104,110,114,0.00,0.30,0.30,0.00,0.30,0.02,0.17,0.19,0.02,0.19
Player,Nation,Pos,Squad,Age,Born,MP,Starts,Min,90s,Gls,Ast,G+A,G-PK,PK,PKatt,CrdY,CrdR,xG,npxG,xAG,npxG+xAG,PrgC,PrgP,PrgR,Gls,Ast,G+A,G-PK,G+A-PK,xG,xAG,xG+xAG,npxG,npxG+xAG
Vincent Manceau,fr FRA,DF,Angers,28,1989,33,33,2 97,33.0,0,0,0,0,0,0,0,0,0.6,0.6,02.janv,02.juil,64,130,104,0.00,0.00,0.00,0.00,0.00,0.02,0.06,0.08,0.02,0.08
Steve Mandanda,fr FRA,GK,Marseille,32,1985,31,31,2 704,30.0,0,0,0,0,0,0,0,0,0.0,0.0,0.0,0.0,0,0,0,0.00,0.00,0.00,0.00,0.00,0.00,0.00,0.00,0.00,0.00
Georges Mandjeck,cm CMR,MF DF,Metz,28,1988,14,11,968,10.août,0,1,1,0,0,0,5,0,0.4,0.4,0.2,0.7,6,58,10,0.00,0.09,0.09,0.00,0.09,0.04,0.02,0.06,0.04,0.06
Kader Mangane,sn SEN,DF,Strasbourg,34,1983,20,20,1 718,19.janv,1,1,2,1,0,0,4,0,01.sept,01.sept,0.6,02.juin,8,41,5,0.05,0.05,0.10,0.05,0.10,0.10,0.03,0.13,0.10,0.13
Thomas Mangani,fr FRA,MF,Angers,30,1987,35,34,3 025,33.6,2,6,8,1,1,1,7,0,03.juin,02.août,06.févr,9.0,27,272,68,0.06,0.18,0.24,0.03,0.21,0.11,0.18,0.29,0.08,0.27
Harrison Manzala,cd COD,FW MF,Amiens,23,1994,37,18,1 867,20.juil,4,3,7,3,1,1,3,0,02.juil,01.sept,01.juin,03.mai,76,36,137,0.19,0.14,0.34,0.14,0.29,0.13,0.08,0.21,0.09,0.17
Myziane Maolida,km COM,FW MF,Lyon,18,1999,13,2,331,03.juil,1,0,1,1,0,0,0,0,0.8,0.8,0.9,01.juil,14,10,46,0.27,0.00,0.27,0.27,0.27,0.20,0.25,0.45,0.20,0.45
Faitout Maouassa,fr FRA,MF FW,Rennes,19,1998,19,9,887,09.sept,0,2,2,0,0,0,1,0,0.5,0.5,01.mai,02.janv,37,23,78,0.00,0.20,0.20,0.00,0.20,0.06,0.15,0.21,0.06,0.21
Fernando Marçal,br BRA,DF,Lyon,28,1989,18,14,1 295,14.avr,0,3,3,0,0,0,1,0,0.1,0.1,01.avr,01.mai,37,69,63,0.00,0.21,0.21,0.00,0.21,0.01,0.10,0.10,0.01,0.10
Vincent Marcel,fr FRA,MF FW,Nice,20,1997,2,0,48,0.5,0,0,0,0,0,0,0,0,0.0,0.0,0.0,0.0,0,1,7,0.00,0.00,0.00,0.00,0.00,0.00,0.00,0.00,0.00,0.00
Marcelo,br BRA,DF,Lyon,30,1987,35,35,3 105,34.5,3,1,4,3,0,0,5,1,02.mai,02.mai,01.juin,04.janv,21,152,4,0.09,0.03,0.12,0.09,0.12,0.07,0.05,0.12,0.07,0.12
Mariano,do DOM,FW,Lyon,23,1993,34,30,2 507,27.sept,18,4,22,17,1,1,6,0,12.juin,11.août,02.sept,14.juil,51,34,127,0.65,0.14,0.79,0.61,0.75,0.45,0.10,0.56,0.42,0.53
Jordan Marié,fr FRA,MF,Dijon,25,1991,27,21,1 883,20.sept,1,1,2,1,0,0,5,0,01.mai,01.mai,0.4,01.sept,10,83,34,0.05,0.05,0.10,0.05,0.10,0.07,0.02,0.09,0.07,0.09
Marlon,br BRA,DF,Nice,21,1995,23,22,1 929,21.avr,0,0,0,0,0,0,5,1,0.7,0.7,0.2,1.0,9,74,3,0.00,0.00,0.00,0.00,0.00,0.03,0.01,0.05,0.03,0.05
Marquinhos,br BRA,DF,Paris S-G,23,1994,26,25,2 262,25.janv,0,2,2,0,0,0,1,0,01.mars,01.mars,0.7,2.0,14,74,6,0.00,0.08,0.08,0.00,0.08,0.05,0.03,0.08,0.05,0.08
Jonas Martin,fr FRA,MF,Strasbourg,27,1990,36,36,3 025,33.6,4,2,6,1,3,3,6,0,03.août,01.avr,02.sept,04.mars,41,163,98,0.12,0.06,0.18,0.03,0.09,0.11,0.09,0.20,0.04,0.13
Pablo Martinez,fr FRA,DF,Strasbourg,28,1989,24,24,2 115,23.mai,0,1,1,0,0,0,4,0,1.0,1.0,0.5,01.mai,18,63,24,0.00,0.04,0.04,0.00,0.04,0.04,0.02,0.06,0.04,0.06
Christopher Martins,lu LUX,MF,Lyon,20,1997,2,1,69,0.8,0,0,0,0,0,0,1,0,0.0,0.0,0.0,0.0,0,2,1,0.00,0.00,0.00,0.00,0.00,0.00,0.06,0.06,0.00,0.06
Jonathan Martins Pereira,fr FRA,DF,Guingamp,31,1986,14,14,1 135,12.juin,0,0,0,0,0,0,2,0,0.3,0.3,01.mars,01.juin,24,57,55,0.00,0.00,0.00,0.00,0.00,0.03,0.10,0.13,0.03,0.13
Eden Massouema,cg CGO,MF FW,Dijon,20,1997,6,2,189,02.janv,0,0,0,0,0,0,1,0,0.0,0.0,0.3,0.3,0,5,4,0.00,0.00,0.00,0.00,0.00,0.01,0.13,0.14,0.01,0.14
Blaise Matuidi,fr FRA,MF,Paris S-G,30,1987,2,0,28,0.3,0,0,0,0,0,0,0,0,0.0,0.0,0.0,0.0,0,0,0,0.00,0.00,0.00,0.00,0.00,0.00,0.00,0.00,0.00,0.00
Kylian Mbappé,fr FRA,FW,Paris S-G,18,1998,27,24,2 094,23.mars,13,8,21,13,0,0,2,0,14.0,14.0,08.janv,22.janv,98,60,282,0.56,0.34,0.90,0.56,0.90,0.60,0.35,0.95,0.60,0.95
Kylian Mbappé,fr FRA,FW MF,Monaco,18,1998,1,1,74,0.8,0,0,0,0,0,0,0,0,0.2,0.2,0.0,0.2,6,3,12,0.00,0.00,0.00,0.00,0.00,0.19,0.00,0.19,0.19,0.19
Adama Mbengue,sn SEN,DF,Caen,23,1993,19,18,1 595,17.juil,0,0,0,0,0,0,2,1,0.4,0.4,02.janv,02.juin,77,78,107,0.00,0.00,0.00,0.00,0.00,0.02,0.12,0.14,0.02,0.14
Isaac Mbenza,be BEL,FW MF,Montpellier,21,1996,38,22,2 096,23.mars,8,0,8,8,0,0,4,0,7.0,7.0,01.juin,08.juil,74,45,179,0.34,0.00,0.34,0.34,0.34,0.30,0.07,0.37,0.30,0.37
Player,Nation,Pos,Squad,Age,Born,MP,Starts,Min,90s,Gls,Ast,G+A,G-PK,PK,PKatt,CrdY,CrdR,xG,npxG,xAG,npxG+xAG,PrgC,PrgP,PrgR,Gls,Ast,G+A,G-PK,G+A-PK,xG,xAG,xG+xAG,npxG,npxG+xAG
Bryan Mbeumo,cm CMR,FW MF,Troyes,17,1999,4,0,64,0.7,0,0,0,0,0,0,0,0,0.1,0.1,0.0,0.1,5,2,3,0.00,0.00,0.00,0.00,0.00,0.12,0.00,0.12,0.12,0.12
Jordi Mboula,es ESP,MF,Monaco,18,1999,3,0,31,0.3,1,0,1,1,0,0,0,0,0.2,0.2,0.0,0.2,5,2,4,févr.90,0.00,févr.90,févr.90,févr.90,0.56,0.00,0.56,0.56,0.56
Soualiho Meïté,fr FRA,MF,Bordeaux,23,1994,18,15,1 335,14.août,1,2,3,1,0,0,0,0,01.avr,01.avr,01.févr,02.juil,36,60,46,0.07,0.13,0.20,0.07,0.20,0.10,0.08,0.18,0.10,0.18
Soualiho Meïté,fr FRA,MF,Monaco,23,1994,2,1,96,01.janv,0,0,0,0,0,0,0,0,0.0,0.0,0.0,0.0,0,1,0,0.00,0.00,0.00,0.00,0.00,0.00,0.03,0.03,0.00,0.03
Memphis,nl NED,FW,Lyon,23,1994,36,28,2 555,28.avr,19,13,32,17,2,2,2,0,12.0,10.août,8.0,18.août,121,133,266,0.67,0.46,janv.13,0.60,01.juin,0.42,0.28,0.70,0.38,0.66
Pedro Mendes,pt POR,DF,Montpellier,26,1990,34,32,2 855,31.juil,1,1,2,1,0,0,11,0,0.6,0.6,0.5,01.févr,11,83,14,0.03,0.03,0.06,0.03,0.06,0.02,0.02,0.04,0.02,0.04
Thiago Mendes,br BRA,MF,Lille,25,1992,31,27,2 294,25.mai,3,4,7,3,0,0,4,1,02.mai,02.mai,02.août,05.févr,57,164,126,0.12,0.16,0.27,0.12,0.27,0.10,0.11,0.21,0.10,0.21
Stiven Mendoza,co COL,FW MF,Amiens,25,1992,13,12,1 032,11.mai,2,0,2,2,0,0,0,0,02.mars,02.mars,0.7,3.0,22,23,81,0.17,0.00,0.17,0.17,0.17,0.20,0.06,0.26,0.20,0.26
Alexandre Mendy,gw GNB,FW,Bordeaux,23,1994,16,8,795,08.août,4,0,4,4,0,0,2,0,4.0,4.0,0.7,04.juil,9,13,64,0.45,0.00,0.45,0.45,0.45,0.45,0.08,0.54,0.45,0.54
Ferland Mendy,fr FRA,DF,Lyon,22,1995,27,24,2 122,23.juin,0,5,5,0,0,0,4,0,0.8,0.8,02.avr,03.févr,97,131,138,0.00,0.21,0.21,0.00,0.21,0.03,0.10,0.14,0.03,0.14
Nampalys Mendy,sn SEN,MF,Nice,25,1992,14,11,965,10.juil,0,1,1,0,0,0,2,0,0.0,0.0,0.1,0.1,10,64,6,0.00,0.09,0.09,0.00,0.09,0.00,0.01,0.01,0.00,0.01
Hamza Mendyl,ma MAR,DF MF,Lille,19,1997,12,9,851,09.mai,0,0,0,0,0,0,2,1,0.1,0.1,0.9,1.0,23,20,41,0.00,0.00,0.00,0.00,0.00,0.01,0.10,0.10,0.01,0.10
Thomas Meunier,be BEL,DF,Paris S-G,25,1991,24,16,1 578,17.mai,4,4,8,4,0,0,3,0,0.8,0.8,04.avr,05.févr,70,79,146,0.23,0.23,0.46,0.23,0.46,0.05,0.25,0.30,0.05,0.30
Mexer,mz MOZ,DF,Rennes,28,1988,17,13,1 201,13.mars,0,0,0,0,0,0,1,0,0.3,0.3,0.2,0.5,0,27,1,0.00,0.00,0.00,0.00,0.00,0.02,0.02,0.04,0.02,0.04
Mathieu Michel,fr FRA,GK,Angers,25,1991,7,6,598,06.juin,0,0,0,0,0,0,0,0,0.0,0.0,0.0,0.0,0,0,0,0.00,0.00,0.00,0.00,0.00,0.00,0.00,0.00,0.00,0.00
Clément Michelin,fr FRA,DF,Toulouse,20,1997,7,4,275,03.janv,0,0,0,0,0,0,2,0,0.0,0.0,0.3,0.3,7,17,6,0.00,0.00,0.00,0.00,0.00,0.00,0.08,0.09,0.00,0.09
Danijel Milićević,ba BIH,MF FW,Metz,31,1986,12,8,712,07.sept,0,3,3,0,0,0,0,0,0.6,0.6,01.sept,02.mai,25,41,69,0.00,0.38,0.38,0.00,0.38,0.08,0.24,0.32,0.08,0.32
Kostas Mitroglou,gr GRE,FW,Marseille,29,1988,19,9,876,09.juil,9,0,9,9,0,0,2,0,10.mars,10.mars,01.janv,11.mars,6,9,41,0.92,0.00,0.92,0.92,0.92,01.mai,0.11,janv.16,01.mai,janv.16
Florent Mollet,fr FRA,MF FW,Metz,25,1991,22,16,1 412,15.juil,7,1,8,6,1,1,5,0,04.mars,03.juin,01.mars,04.sept,35,65,97,0.45,0.06,0.51,0.38,0.45,0.28,0.08,0.36,0.23,0.31
Thomas Monconduit,fr FRA,MF,Amiens,26,1991,34,34,2 948,32.8,1,3,4,1,0,0,7,1,0.9,0.9,02.mars,03.janv,34,165,34,0.03,0.09,0.12,0.03,0.12,0.03,0.07,0.10,0.03,0.10
Kévin Monnet-Paquet,fr FRA,FW MF,Saint-Étienne,28,1988,30,21,1 763,19.juin,2,3,5,2,0,0,0,0,03.sept,03.sept,01.juil,05.juin,51,55,179,0.10,0.15,0.26,0.10,0.26,0.20,0.09,0.29,0.20,0.29
Jérémy Morel,mg MAD,DF,Lyon,33,1984,33,32,2 916,32.4,0,0,0,0,0,0,4,0,0.0,0.0,0.1,0.1,12,113,0,0.00,0.00,0.00,0.00,0.00,0.00,0.00,0.00,0.00,0.00
Lebo Mothiba,za RSA,FW,Lille,21,1996,14,14,1 184,13.févr,5,0,5,5,0,0,1,0,03.sept,03.sept,0.9,04.août,8,10,104,0.38,0.00,0.38,0.38,0.38,0.30,0.07,0.37,0.30,0.37
Thiago Motta,it ITA,MF,Paris S-G,34,1982,19,14,1 154,12.août,1,1,2,1,0,0,3,1,0.5,0.5,0.3,0.9,15,132,9,0.08,0.08,0.16,0.08,0.16,0.04,0.03,0.07,0.04,0.07
François Moubandje,ch SUI,DF,Toulouse,27,1990,21,20,1 699,18.sept,0,0,0,0,0,0,6,1,0.1,0.1,0.5,0.5,26,80,54,0.00,0.00,0.00,0.00,0.00,0.00,0.02,0.03,0.00,0.03
Player,Nation,Pos,Squad,Age,Born,MP,Starts,Min,90s,Gls,Ast,G+A,G-PK,PK,PKatt,CrdY,CrdR,xG,npxG,xAG,npxG+xAG,PrgC,PrgP,PrgR,Gls,Ast,G+A,G-PK,G+A-PK,xG,xAG,xG+xAG,npxG,npxG+xAG
Jessy Moulin,fr FRA,GK,Saint-Étienne,31,1986,4,3,305,03.avr,0,0,0,0,0,0,1,0,0.0,0.0,0.0,0.0,0,0,0,0.00,0.00,0.00,0.00,0.00,0.00,0.00,0.00,0.00,0.00
Lucas Moura,br BRA,FW,Paris S-G,24,1992,5,0,76,0.8,1,1,2,1,0,0,1,0,01.mars,01.mars,0.7,2.0,3,6,10,janv.18,janv.18,févr.37,janv.18,févr.37,janv.56,0.80,févr.37,janv.56,févr.37
João Moutinho,pt POR,MF,Monaco,30,1986,33,31,2 803,31.janv,1,6,7,1,0,0,6,0,01.janv,01.janv,05.août,06.août,54,310,76,0.03,0.19,0.22,0.03,0.22,0.03,0.18,0.22,0.03,0.22
Samuel Moutoussamy,cd COD,MF,Nantes,20,1996,7,4,431,04.août,0,0,0,0,0,0,0,0,0.2,0.2,0.2,0.4,10,26,16,0.00,0.00,0.00,0.00,0.00,0.04,0.05,0.09,0.04,0.09
Ndombe Mubele,cd COD,FW MF,Toulouse,23,1994,11,4,368,04.janv,1,1,2,1,0,0,0,0,01.janv,01.janv,0.4,01.mai,26,14,39,0.24,0.24,0.49,0.24,0.49,0.27,0.11,0.38,0.27,0.38
Ndombe Mubele,cd COD,FW MF,Rennes,23,1994,19,13,1 227,13.juin,5,1,6,5,0,1,1,0,04.août,4.0,01.août,05.août,41,16,107,0.37,0.07,0.44,0.37,0.44,0.35,0.14,0.48,0.29,0.43
Nordi Mukiele,fr FRA,DF,Montpellier,19,1997,33,31,2 791,31.0,0,1,1,0,0,0,5,0,01.févr,01.févr,02.juil,03.sept,82,200,80,0.00,0.03,0.03,0.00,0.03,0.04,0.09,0.13,0.04,0.13
Kévin N'Doram,fr FRA,MF DF,Monaco,21,1996,11,7,721,8.0,0,0,0,0,0,0,3,0,0.2,0.2,0.1,0.3,4,42,2,0.00,0.00,0.00,0.00,0.00,0.03,0.01,0.04,0.03,0.04
Abdallah N'dour,sn SEN,DF,Strasbourg,23,1993,5,3,253,02.août,0,0,0,0,0,0,2,1,0.0,0.0,0.2,0.2,8,9,17,0.00,0.00,0.00,0.00,0.00,0.00,0.06,0.06,0.00,0.06
Clinton N'Jie,cm CMR,FW,Marseille,23,1993,22,9,874,09.juil,7,3,10,7,0,0,2,0,05.avr,05.avr,03.janv,08.mai,27,17,74,0.72,0.31,01.mars,0.72,01.mars,0.55,0.32,0.87,0.55,0.87
Stanley N'Soki,fr FRA,DF,Paris S-G,18,1999,1,0,26,0.3,0,0,0,0,0,0,0,0,0.0,0.0,0.0,0.0,0,1,0,0.00,0.00,0.00,0.00,0.00,0.00,0.00,0.00,0.00,0.00
Préjuce Nakoulma,bf BFA,FW,Nantes,30,1987,18,13,1 148,12.août,3,0,3,3,0,0,4,0,03.avr,03.avr,0.9,04.févr,47,30,99,0.24,0.00,0.24,0.24,0.24,0.26,0.07,0.33,0.26,0.33
Nathan,br BRA,MF,Amiens,21,1996,1,0,10,0.1,0,0,0,0,0,0,0,0,0.0,0.0,0.0,0.0,0,0,0,0.00,0.00,0.00,0.00,0.00,0.00,0.00,0.00,0.00,0.00
Tanguy Ndombele,fr FRA,MF,Amiens,20,1996,3,3,236,02.juin,0,0,0,0,0,0,0,0,0.3,0.3,0.1,0.4,12,17,8,0.00,0.00,0.00,0.00,0.00,0.10,0.06,0.16,0.10,0.16
Tanguy Ndombele,fr FRA,MF,Lyon,20,1996,32,28,2 352,26.janv,0,6,6,0,0,0,5,0,01.avr,01.avr,04.mai,05.sept,69,178,55,0.00,0.23,0.23,0.00,0.23,0.05,0.17,0.23,0.05,0.23
Neymar,br BRA,FW,Paris S-G,25,1992,20,20,1 786,19.août,19,13,32,15,4,4,5,1,14.sept,11.juil,11.mars,23.0,152,204,226,0.96,0.66,janv.61,0.76,janv.41,0.75,0.57,janv.32,0.59,janv.16
Yeni Ngbakoto,cd COD,FW MF,Guingamp,25,1992,16,4,576,06.avr,3,0,3,2,1,1,1,0,2.0,01.févr,0.1,01.févr,15,12,43,0.47,0.00,0.47,0.31,0.31,0.31,0.01,0.32,0.18,0.20
Santy Ngom,sn SEN,FW MF,Nantes,24,1993,13,4,466,05.févr,1,0,1,1,0,0,1,0,01.mars,01.mars,0.6,01.sept,7,11,51,0.19,0.00,0.19,0.19,0.19,0.25,0.12,0.37,0.25,0.37
Guy Ngosso,cm CMR,MF,Amiens,32,1985,12,7,610,06.août,1,0,1,1,0,0,3,0,0.5,0.5,0.2,0.6,1,53,11,0.15,0.00,0.15,0.15,0.15,0.07,0.02,0.09,0.07,0.09
Opa Nguette,sn SEN,FW MF,Metz,23,1994,17,11,1 022,11.avr,0,0,0,0,0,0,3,0,03.sept,03.sept,01.févr,05.janv,46,35,87,0.00,0.00,0.00,0.00,0.00,0.34,0.11,0.45,0.34,0.45
Moussa Niakhate,sn SEN,DF,Metz,21,1996,35,34,3 105,34.5,0,1,1,0,0,0,8,0,01.mai,01.mai,0.2,01.juil,30,87,15,0.00,0.03,0.03,0.00,0.03,0.04,0.01,0.05,0.04,0.05
Adama Niane,ml MLI,FW,Troyes,24,1993,33,25,2 164,24.0,8,2,10,6,2,2,6,0,11.mars,09.août,01.mai,11.févr,23,27,133,0.33,0.08,0.42,0.25,0.33,0.47,0.06,0.53,0.41,0.47
Ibrahima Niane,sn SEN,FW MF,Metz,18,1999,30,6,849,09.avr,2,1,3,2,0,0,1,0,02.août,02.août,01.janv,03.sept,23,21,73,0.21,0.11,0.32,0.21,0.32,0.30,0.11,0.41,0.30,0.41
Casimir Ninga,td CHA,FW MF,Montpellier,24,1993,29,13,1 283,14.mars,1,1,2,1,0,0,1,0,02.juil,02.juil,01.févr,03.sept,38,16,100,0.07,0.07,0.14,0.07,0.14,0.19,0.09,0.28,0.19,0.28
Benjamin Nivet,fr FRA,MF FW,Troyes,40,1977,26,16,1 369,15.févr,2,2,4,2,0,0,0,0,01.août,01.août,02.févr,4.0,18,96,70,0.13,0.13,0.26,0.13,0.26,0.12,0.15,0.26,0.12,0.26
Player,Nation,Pos,Squad,Age,Born,MP,Starts,Min,90s,Gls,Ast,G+A,G-PK,PK,PKatt,CrdY,CrdR,xG,npxG,xAG,npxG+xAG,PrgC,PrgP,PrgR,Gls,Ast,G+A,G-PK,G+A-PK,xG,xAG,xG+xAG,npxG,npxG+xAG
Jordan Nkololo,cd COD,MF FW,Caen,24,1992,10,4,424,04.juil,0,0,0,0,0,0,0,0,01.août,01.août,0.9,02.juin,12,11,30,0.00,0.00,0.00,0.00,0.00,0.37,0.19,0.56,0.37,0.56
Christopher Nkunku,fr FRA,FW MF,Paris S-G,19,1997,20,6,631,7.0,4,0,4,4,0,0,0,0,02.avr,02.avr,0.7,03.janv,18,31,47,0.57,0.00,0.57,0.57,0.57,0.35,0.10,0.45,0.35,0.45
Vincent Nogueira,fr FRA,MF,Strasbourg,29,1988,3,1,64,0.7,0,0,0,0,0,0,0,0,0.0,0.0,0.0,0.0,1,5,2,0.00,0.00,0.00,0.00,0.00,0.00,0.00,0.00,0.00,0.00
Paul-Georges Ntep,cm CMR,FW MF,Saint-Étienne,25,1992,13,5,511,05.juil,1,0,1,1,0,0,2,0,0.4,0.4,0.3,0.7,19,23,58,0.18,0.00,0.18,0.18,0.18,0.07,0.05,0.12,0.07,0.12
Gerzino Nyamsi,fr FRA,DF,Rennes,20,1997,3,3,270,3.0,0,0,0,0,0,0,0,0,0.1,0.1,0.0,0.1,1,9,0,0.00,0.00,0.00,0.00,0.00,0.04,0.00,0.04,0.04,0.04
Johann Obiang,ga GAB,DF,Troyes,24,1993,8,5,470,05.févr,0,0,0,0,0,0,1,0,0.1,0.1,0.1,0.2,10,25,21,0.00,0.00,0.00,0.00,0.00,0.02,0.02,0.04,0.02,0.04
Lucas Ocampos,ar ARG,FW,Marseille,23,1994,31,23,2 038,22.juin,9,3,12,9,0,0,6,1,10.juin,10.juin,02.mai,13.0,62,54,146,0.40,0.13,0.53,0.40,0.53,0.47,0.11,0.58,0.47,0.58
Prince Oniangué,cg CGO,MF,Angers,28,1988,14,14,1 056,11.juil,1,0,1,1,0,0,1,1,02.août,02.août,0.4,03.févr,17,45,22,0.09,0.00,0.09,0.09,0.09,0.24,0.04,0.27,0.24,0.27
Otávio,br BRA,MF,Bordeaux,23,1994,21,19,1 484,16.mai,0,0,0,0,0,0,5,1,0.3,0.3,0.5,0.9,12,79,2,0.00,0.00,0.00,0.00,0.00,0.02,0.03,0.05,0.02,0.05
Alexandre Oukidja,dz ALG,GK,Strasbourg,29,1988,17,16,1 457,16.févr,0,0,0,0,0,0,1,0,0.0,0.0,0.0,0.0,0,0,0,0.00,0.00,0.00,0.00,0.00,0.00,0.00,0.00,0.00,0.00
Ambroise Oyongo,cm CMR,DF,Montpellier,26,1991,3,3,201,02.févr,0,0,0,0,0,0,0,0,0.0,0.0,0.1,0.1,9,7,12,0.00,0.00,0.00,0.00,0.00,0.02,0.04,0.05,0.02,0.05
Pablo,br BRA,DF,Bordeaux,26,1991,15,15,1 291,14.mars,0,3,3,0,0,0,3,0,0.6,0.6,02.mars,02.sept,4,22,0,0.00,0.21,0.21,0.00,0.21,0.04,0.16,0.20,0.04,0.20
Vincent Pajot,fr FRA,MF,Saint-Étienne,26,1990,20,15,1 29,14.mars,2,2,4,2,0,0,5,1,01.mai,01.mai,01.août,03.mars,13,58,24,0.14,0.14,0.28,0.14,0.28,0.10,0.13,0.23,0.10,0.23
Nicolas Pallois,fr FRA,DF,Nantes,29,1987,28,28,2 431,27.0,0,3,3,0,0,0,8,2,1.0,1.0,0.5,01.avr,13,60,4,0.00,0.11,0.11,0.00,0.11,0.04,0.02,0.05,0.04,0.05
Julian Palmieri,fr FRA,DF,Metz,30,1986,15,13,1 127,12.mai,0,0,0,0,0,0,4,1,0.2,0.2,0.6,0.8,15,56,41,0.00,0.00,0.00,0.00,0.00,0.01,0.05,0.06,0.01,0.06
Javier Pastore,ar ARG,MF FW,Paris S-G,28,1989,25,14,1 347,15.0,4,5,9,4,0,0,2,0,2.0,2.0,03.août,05.août,65,96,131,0.27,0.33,0.60,0.27,0.60,0.13,0.25,0.39,0.13,0.39
Mateo Pavlović,ba BIH,DF,Angers,27,1990,24,22,1 966,21.août,2,0,2,2,0,0,8,0,02.sept,02.sept,0.1,3.0,4,59,2,0.09,0.00,0.09,0.09,0.09,0.13,0.01,0.14,0.13,0.14
Dimitri Payet,fr FRA,MF FW,Marseille,30,1987,31,28,2 347,26.janv,6,14,20,4,2,3,6,0,8.0,05.juin,14.avr,20.0,119,209,203,0.23,0.54,0.77,0.15,0.69,0.31,0.55,0.86,0.22,0.77
Stef Peeters,be BEL,MF,Caen,25,1992,20,11,1 109,12.mars,0,2,2,0,0,1,4,0,02.mai,01.juil,02.sept,04.juil,20,73,43,0.00,0.16,0.16,0.00,0.16,0.21,0.24,0.44,0.14,0.38
Bryan Pelé,fr FRA,FW MF,Troyes,25,1992,31,19,1 615,17.sept,2,2,4,2,0,0,1,0,01.août,01.août,02.avr,04.janv,54,57,142,0.11,0.11,0.22,0.11,0.22,0.10,0.13,0.23,0.10,0.23
Yohann Pelé,fr FRA,GK,Marseille,34,1982,10,7,738,08.févr,0,0,0,0,0,0,1,0,0.0,0.0,0.0,0.0,0,0,0,0.00,0.00,0.00,0.00,0.00,0.00,0.00,0.00,0.00,0.00
Pietro Pellegri,it ITA,FW,Monaco,16,2001,3,0,24,0.3,0,0,0,0,0,0,0,0,0.0,0.0,0.0,0.0,3,0,3,0.00,0.00,0.00,0.00,0.00,0.00,0.00,0.00,0.00,0.00
Théo Pellenard,fr FRA,DF,Bordeaux,23,1994,19,16,1 428,15.sept,0,0,0,0,0,0,4,0,0.0,0.0,0.9,0.9,26,64,48,0.00,0.00,0.00,0.00,0.00,0.00,0.05,0.06,0.00,0.06
Nicolas Pépé,ci CIV,FW MF,Lille,22,1995,36,31,2 841,31.6,13,4,17,12,1,1,5,0,08.févr,07.avr,03.sept,11.mars,97,90,285,0.41,0.13,0.54,0.38,0.51,0.26,0.12,0.38,0.23,0.36
Romain Perraud,fr FRA,FW,Nice,19,1997,1,0,1,0.0,0,0,0,0,0,0,0,0,0.0,0.0,0.0,0.0,1,1,1,0.00,0.00,0.00,0.00,0.00,0.00,0.00,0.00,0.00,0.00
Player,Nation,Pos,Squad,Age,Born,MP,Starts,Min,90s,Gls,Ast,G+A,G-PK,PK,PKatt,CrdY,CrdR,xG,npxG,xAG,npxG+xAG,PrgC,PrgP,PrgR,Gls,Ast,G+A,G-PK,G+A-PK,xG,xAG,xG+xAG,npxG,npxG+xAG
Loïc Perrin,fr FRA,DF,Saint-Étienne,31,1985,28,28,2 464,27.avr,0,1,1,0,0,0,3,0,01.mai,01.mai,0.5,2.0,9,82,9,0.00,0.04,0.04,0.00,0.04,0.05,0.02,0.07,0.05,0.07
Chris Philipps,lu LUX,MF DF,Metz,23,1994,11,10,849,09.avr,0,0,0,0,0,0,4,0,0.2,0.2,0.4,0.5,4,40,14,0.00,0.00,0.00,0.00,0.00,0.02,0.04,0.06,0.02,0.06
Lebogang Phiri,za RSA,MF,Guingamp,22,1994,22,9,1 032,11.mai,0,1,1,0,0,0,1,0,0.2,0.2,0.4,0.5,9,60,4,0.00,0.09,0.09,0.00,0.09,0.02,0.03,0.05,0.02,0.05
Ronaël Pierre-Gabriel,fr FRA,DF,Saint-Étienne,19,1998,16,13,1 17,13.0,0,0,0,0,0,0,2,1,0.2,0.2,0.3,0.5,21,52,25,0.00,0.00,0.00,0.00,0.00,0.02,0.02,0.04,0.02,0.04
Facundo Píriz,uy URU,MF,Montpellier,27,1990,15,8,807,9.0,0,0,0,0,0,0,4,0,0.6,0.6,0.1,0.6,5,29,8,0.00,0.00,0.00,0.00,0.00,0.06,0.01,0.07,0.06,0.07
Jaroslav Plašil,cz CZE,MF,Bordeaux,35,1982,22,11,1 044,11.juin,0,1,1,0,0,0,2,0,0.2,0.2,01.mai,01.juil,14,77,21,0.00,0.09,0.09,0.00,0.09,0.02,0.13,0.14,0.02,0.14
Alassane Pléa,fr FRA,FW,Nice,24,1993,35,34,3 041,33.8,16,5,21,15,1,2,6,0,13.sept,12.mars,3.0,15.mars,93,117,294,0.47,0.15,0.62,0.44,0.59,0.41,0.09,0.50,0.36,0.45
Morgan Poaty,cg CGO,DF,Montpellier,20,1997,3,2,171,01.sept,0,0,0,0,0,0,1,0,0.0,0.0,0.1,0.1,10,6,5,0.00,0.00,0.00,0.00,0.00,0.00,0.04,0.04,0.00,0.04
Gerónimo Poblete,ar ARG,MF,Metz,24,1993,25,17,1 656,18.avr,0,0,0,0,0,0,1,0,0.5,0.5,0.3,0.9,18,89,20,0.00,0.00,0.00,0.00,0.00,0.03,0.02,0.05,0.03,0.05
Florentin Pogba,gn GUI,DF,Saint-Étienne,26,1990,5,4,321,03.juin,0,0,0,0,0,0,1,0,0.0,0.0,0.2,0.2,5,13,7,0.00,0.00,0.00,0.00,0.00,0.00,0.05,0.05,0.00,0.05
Ezequiel Ponce,ar ARG,FW,Lille,20,1997,28,8,1 097,12.févr,2,1,3,2,0,0,2,0,02.sept,02.sept,01.sept,04.août,8,17,65,0.16,0.08,0.25,0.16,0.25,0.24,0.15,0.39,0.24,0.39
Jérémie Porsan-Clémenté,mq MTQ,DF,Montpellier,19,1997,1,1,89,1.0,0,0,0,0,0,0,1,0,0.0,0.0,0.1,0.1,2,1,7,0.00,0.00,0.00,0.00,0.00,0.03,0.11,0.13,0.03,0.13
Maxime Poundjé,fr FRA,DF,Bordeaux,24,1992,19,19,1 703,18.sept,0,1,1,0,0,0,5,0,0.5,0.5,1.0,01.mai,63,70,69,0.00,0.05,0.05,0.00,0.05,0.03,0.05,0.08,0.03,0.08
Sanjin Prcić,ba BIH,MF,Rennes,23,1993,19,18,1 565,17.avr,1,2,3,1,0,0,3,0,0.5,0.5,0.4,0.9,16,118,17,0.06,0.12,0.17,0.06,0.17,0.03,0.02,0.05,0.03,0.05
Nicolas de Préville,fr FRA,FW,Bordeaux,26,1991,29,22,1 935,21.mai,4,4,8,4,0,1,6,0,04.avr,03.juin,03.avr,7.0,79,47,166,0.19,0.19,0.37,0.19,0.37,0.20,0.16,0.36,0.17,0.33
Nicolas de Préville,fr FRA,FW MF,Lille,26,1991,4,3,285,03.févr,2,0,2,1,1,1,0,0,01.août,1.0,0.2,01.févr,9,7,20,0.63,0.00,0.63,0.32,0.32,0.58,0.06,0.64,0.33,0.39
Jérôme Prior,fr FRA,GK,Bordeaux,21,1995,2,2,180,2.0,0,0,0,0,0,0,0,0,0.0,0.0,0.0,0.0,0,0,0,0.00,0.00,0.00,0.00,0.00,0.00,0.00,0.00,0.00,0.00
Sloan Privat,fr FRA,FW,Guingamp,28,1989,1,0,1,0.0,0,0,0,0,0,0,0,0,0.0,0.0,0.0,0.0,0,0,0,0.00,0.00,0.00,0.00,0.00,0.00,0.00,0.00,0.00,0.00
Loïc Puyo,fr FRA,MF,Angers,28,1988,8,0,170,01.sept,0,0,0,0,0,0,0,0,0.1,0.1,0.3,0.4,4,20,7,0.00,0.00,0.00,0.00,0.00,0.04,0.15,0.19,0.04,0.19
Adrien Rabiot,fr FRA,MF,Paris S-G,22,1995,33,27,2 362,26.févr,1,5,6,1,0,0,2,0,01.avr,01.avr,03.juil,05.janv,84,199,60,0.04,0.19,0.23,0.04,0.23,0.05,0.14,0.19,0.05,0.19
Rafael,br BRA,DF,Lyon,27,1990,24,22,1 812,20.janv,1,2,3,1,0,0,9,0,0.7,0.7,02.sept,03.mai,74,88,95,0.05,0.10,0.15,0.05,0.15,0.03,0.14,0.18,0.03,0.18
Andrea Raggi,it ITA,DF,Monaco,33,1984,20,18,1 607,17.sept,1,0,1,1,0,0,3,0,0.7,0.7,0.2,0.9,9,51,33,0.06,0.00,0.06,0.06,0.06,0.04,0.01,0.05,0.04,0.05
Adil Rami,fr FRA,DF,Marseille,31,1985,33,33,2 955,32.8,1,2,3,1,0,0,5,0,2.0,2.0,2.0,4.0,22,78,3,0.03,0.06,0.09,0.03,0.09,0.06,0.06,0.12,0.06,0.12
Pedro Rebocho,pt POR,DF,Guingamp,22,1995,21,19,1 721,19.janv,0,2,2,0,0,0,4,0,0.1,0.1,1.0,01.févr,39,79,76,0.00,0.10,0.10,0.00,0.10,0.01,0.05,0.06,0.01,0.06
Jeff Reine-Adélaïde,fr FRA,MF,Angers,19,1998,10,7,439,04.sept,0,0,0,0,0,0,0,0,0.2,0.2,0.4,0.6,22,29,17,0.00,0.00,0.00,0.00,0.00,0.04,0.08,0.11,0.04,0.11
Player,Nation,Pos,Squad,Age,Born,MP,Starts,Min,90s,Gls,Ast,G+A,G-PK,PK,PKatt,CrdY,CrdR,xG,npxG,xAG,npxG+xAG,PrgC,PrgP,PrgR,Gls,Ast,G+A,G-PK,G+A-PK,xG,xAG,xG+xAG,npxG,npxG+xAG
Jan Repas,si SVN,MF FW,Caen,20,1997,15,12,902,10.0,0,0,0,0,0,0,1,0,0.6,0.6,0.6,01.févr,21,25,91,0.00,0.00,0.00,0.00,0.00,0.06,0.06,0.12,0.06,0.12
Baptiste Reynet,fr FRA,GK,Dijon,26,1990,38,38,3 42,38.0,0,0,0,0,0,0,3,0,0.0,0.0,0.3,0.3,0,0,0,0.00,0.00,0.00,0.00,0.00,0.00,0.01,0.01,0.00,0.01
Kévin Rimane,gf GUF,DF,Paris S-G,26,1991,1,0,7,0.1,0,0,0,0,0,0,0,0,0.0,0.0,0.0,0.0,0,1,0,0.00,0.00,0.00,0.00,0.00,0.00,0.00,0.00,0.00,0.00
Emmanuel Rivière,fr FRA,FW,Metz,27,1990,28,23,2 009,22.mars,5,2,7,3,2,2,1,0,10.sept,09.avr,2.0,11.avr,19,28,180,0.22,0.09,0.31,0.13,0.22,0.49,0.09,0.58,0.42,0.51
Jonathan Rivierez,mq MTQ,DF,Metz,28,1989,26,24,2 064,22.sept,0,0,0,0,0,0,6,0,0.2,0.2,0.4,0.7,15,74,41,0.00,0.00,0.00,0.00,0.00,0.01,0.02,0.03,0.01,0.03
Ronny Rodelin,fr FRA,FW MF,Caen,27,1989,37,36,3 161,35.1,5,6,11,5,0,1,1,0,8.0,07.mars,07.avr,14.juin,87,220,251,0.14,0.17,0.31,0.14,0.31,0.23,0.21,0.44,0.21,0.42
Rolando,pt POR,DF,Marseille,31,1985,31,28,2 511,27.sept,1,0,1,1,0,0,5,0,02.mai,02.mai,0.2,02.juil,5,60,2,0.04,0.00,0.04,0.04,0.04,0.09,0.01,0.10,0.09,0.10
Valentin Rongier,fr FRA,MF,Nantes,22,1994,32,29,2 35,26.janv,1,2,3,1,0,0,1,0,01.sept,01.sept,02.janv,4.0,30,155,100,0.04,0.08,0.11,0.04,0.11,0.07,0.08,0.15,0.07,0.15
Valentin Rosier,fr FRA,DF,Dijon,20,1996,36,31,2 78,30.sept,0,3,3,0,0,0,5,0,1.0,1.0,02.mai,03.mai,78,102,121,0.00,0.10,0.10,0.00,0.10,0.03,0.08,0.11,0.03,0.11
Jérôme Roussillon,fr FRA,DF,Montpellier,24,1993,22,22,1 88,20.sept,3,3,6,3,0,0,2,0,01.juil,01.juil,03.août,05.mai,72,80,125,0.14,0.14,0.29,0.14,0.29,0.08,0.18,0.26,0.08,0.26
Nolan Roux,fr FRA,FW MF,Metz,29,1988,35,33,2 834,31.mai,15,1,16,15,0,1,8,0,9.0,08.févr,01.sept,10.janv,42,81,216,0.48,0.03,0.51,0.48,0.51,0.29,0.06,0.35,0.26,0.32
Stéphane Ruffier,fr FRA,GK,Saint-Étienne,30,1986,35,35,3 112,34.6,0,0,0,0,0,0,1,1,0.0,0.0,0.0,0.0,0,0,0,0.00,0.00,0.00,0.00,0.00,0.00,0.00,0.00,0.00,0.00
Vincent Rüfli,ch SUI,DF FW,Dijon,29,1988,3,0,25,0.3,0,0,0,0,0,0,0,0,0.0,0.0,0.0,0.0,1,1,1,0.00,0.00,0.00,0.00,0.00,0.00,0.00,0.00,0.00,0.00
Idriss Saadi,dz ALG,FW,Strasbourg,25,1992,26,10,941,10.mai,4,0,4,4,0,0,1,0,03.juil,03.juil,0.5,04.févr,12,15,65,0.38,0.00,0.38,0.38,0.38,0.35,0.05,0.40,0.35,0.40
Youssouf Sabaly,sn SEN,DF,Bordeaux,24,1993,35,35,3 093,34.4,0,5,5,0,0,0,3,0,0.6,0.6,03.juil,04.mars,105,170,145,0.00,0.15,0.15,0.00,0.15,0.02,0.11,0.12,0.02,0.12
Ihsan Sacko,fr FRA,FW MF,Nice,20,1997,8,3,257,02.sept,0,1,1,0,0,0,1,0,0.0,0.0,0.6,0.6,7,5,18,0.00,0.35,0.35,0.00,0.35,0.00,0.21,0.21,0.00,0.21
Ihsan Sacko,fr FRA,FW MF,Strasbourg,20,1997,17,8,709,07.sept,0,0,0,0,0,0,1,0,0.6,0.6,0.7,01.mars,16,13,41,0.00,0.00,0.00,0.00,0.00,0.08,0.09,0.17,0.08,0.17
Adrián Sahibeddine,fr FRA,FW MF,Dijon,22,1994,3,0,32,0.4,0,0,0,0,0,0,0,0,0.1,0.1,0.0,0.1,1,0,2,0.00,0.00,0.00,0.00,0.00,0.40,0.00,0.40,0.40,0.40
Wesley Saïd,fr FRA,FW MF,Dijon,22,1995,29,20,1 839,20.avr,9,2,11,9,0,0,4,0,04.mars,04.mars,02.janv,06.avr,34,46,124,0.44,0.10,0.54,0.44,0.54,0.21,0.10,0.31,0.21,0.31
Allan Saint-Maximin,fr FRA,FW MF,Nice,20,1997,30,26,2 246,25.0,3,7,10,3,0,0,1,0,03.sept,03.sept,04.sept,08.août,183,85,272,0.12,0.28,0.40,0.12,0.40,0.16,0.19,0.35,0.16,0.35
Allan Saint-Maximin,fr FRA,MF,Monaco,20,1997,1,0,16,0.2,0,0,0,0,0,0,0,0,0.0,0.0,0.3,0.3,1,0,1,0.00,0.00,0.00,0.00,0.00,0.00,janv.67,janv.67,0.00,janv.67
Hiroki Sakai,jp JPN,DF,Marseille,27,1990,33,30,2 52,28.0,0,3,3,0,0,0,1,0,0.1,0.1,01.avr,01.mai,50,112,117,0.00,0.11,0.11,0.00,0.11,0.00,0.05,0.05,0.00,0.05
Diafra Sakho,sn SEN,FW,Rennes,27,1989,13,7,778,08.juin,2,0,2,2,0,0,1,0,04.janv,04.janv,0.2,04.avr,4,7,43,0.23,0.00,0.23,0.23,0.23,0.48,0.02,0.50,0.48,0.50
Emiliano Sala,ar ARG,FW,Nantes,26,1990,36,34,3 031,33.7,12,4,16,8,4,5,4,1,16.févr,12.mars,02.juil,15.0,34,67,223,0.36,0.12,0.48,0.24,0.36,0.48,0.08,0.56,0.36,0.45
Yannis Salibur,fr FRA,FW MF,Guingamp,26,1991,22,19,1 521,16.sept,3,3,6,3,0,0,4,0,03.juil,03.juil,03.juil,07.avr,73,66,136,0.18,0.18,0.36,0.18,0.36,0.22,0.22,0.44,0.22,0.44
Player,Nation,Pos,Squad,Age,Born,MP,Starts,Min,90s,Gls,Ast,G+A,G-PK,PK,PKatt,CrdY,CrdR,xG,npxG,xAG,npxG+xAG,PrgC,PrgP,PrgR,Gls,Ast,G+A,G-PK,G+A-PK,xG,xAG,xG+xAG,npxG,npxG+xAG
Yoann Salmier,gf GUF,DF,Strasbourg,24,1992,14,12,1 107,12.mars,0,1,1,0,0,0,2,0,0.4,0.4,0.1,0.6,6,29,2,0.00,0.08,0.08,0.00,0.08,0.03,0.01,0.05,0.03,0.05
Mamadou Samassa,ml MLI,GK,Troyes,27,1990,21,21,1 89,21.0,0,0,0,0,0,0,1,0,0.0,0.0,0.0,0.0,0,1,0,0.00,0.00,0.00,0.00,0.00,0.00,0.00,0.00,0.00,0.00
Brice Samba,fr FRA,GK,Caen,23,1994,4,3,316,03.mai,0,0,0,0,0,0,0,0,0.0,0.0,0.0,0.0,0,0,0,0.00,0.00,0.00,0.00,0.00,0.00,0.00,0.00,0.00,0.00
Junior Sambia,fr FRA,MF,Montpellier,20,1996,28,16,1 543,17.janv,1,4,5,1,0,0,3,0,01.sept,01.sept,03.avr,05.mars,44,76,131,0.06,0.23,0.29,0.06,0.29,0.11,0.20,0.31,0.11,0.31
Frédéric Sammaritano,fr FRA,FW MF,Dijon,31,1986,26,16,1 429,15.sept,0,4,4,0,0,0,1,0,01.juil,01.juil,02.mars,4.0,45,76,109,0.00,0.25,0.25,0.00,0.25,0.11,0.14,0.25,0.11,0.25
Ibrahim Sangaré,ci CIV,MF,Toulouse,19,1997,20,18,1 588,17.juin,1,2,3,1,0,0,5,0,1.0,1.0,01.avr,02.avr,34,126,23,0.06,0.11,0.17,0.06,0.17,0.05,0.08,0.13,0.05,0.13
Younousse Sankharé,sn SEN,MF,Bordeaux,27,1989,29,20,1 881,20.sept,7,1,8,7,0,0,5,0,05.mai,05.mai,01.juin,07.janv,39,115,43,0.33,0.05,0.38,0.33,0.38,0.26,0.08,0.34,0.26,0.34
Baissama Sankoh,gn GUI,MF DF,Caen,25,1992,26,15,1 54,17.janv,0,0,0,0,0,0,3,0,0.1,0.1,01.févr,01.mars,16,52,19,0.00,0.00,0.00,0.00,0.00,0.01,0.07,0.08,0.01,0.08
Yaya Sanogo,fr FRA,FW,Toulouse,24,1993,27,17,1 513,16.août,6,0,6,6,0,0,6,0,07.juil,07.juil,0.4,08.févr,10,33,96,0.36,0.00,0.36,0.36,0.36,0.46,0.03,0.48,0.46,0.48
Morgan Sanson,fr FRA,MF,Marseille,22,1994,33,25,2 165,24.janv,9,2,11,9,0,0,8,0,05.juil,05.juil,03.juin,09.mars,93,94,195,0.37,0.08,0.46,0.37,0.46,0.24,0.15,0.39,0.24,0.39
Baptiste Santamaria,fr FRA,MF,Angers,22,1995,31,30,2 591,28.août,0,0,0,0,0,0,6,0,0.6,0.6,0.8,01.mars,29,134,15,0.00,0.00,0.00,0.00,0.00,0.02,0.03,0.05,0.02,0.05
Ivan Santini,hr CRO,FW,Caen,28,1989,32,31,2 777,30.sept,11,1,12,6,5,6,3,0,15.0,10.mars,01.avr,11.juil,10,45,203,0.36,0.03,0.39,0.19,0.23,0.49,0.04,0.53,0.33,0.38
Yusuf Sari,tr TUR,FW,Marseille,18,1998,1,0,1,0.0,0,0,0,0,0,0,0,0,0.0,0.0,0.0,0.0,0,0,0,0.00,0.00,0.00,0.00,0.00,0.00,0.00,0.00,0.00,0.00
Bouna Sarr,sn SEN,DF FW,Marseille,25,1992,29,18,1 789,19.sept,0,3,3,0,0,0,5,0,01.janv,01.janv,02.août,4.0,95,67,107,0.00,0.15,0.15,0.00,0.15,0.06,0.14,0.20,0.06,0.20
Ismaila Sarr,sn SEN,FW MF,Rennes,19,1998,24,22,1 858,20.juin,5,3,8,5,0,0,2,0,04.août,04.août,02.août,07.juin,80,34,205,0.24,0.15,0.39,0.24,0.39,0.23,0.13,0.37,0.23,0.37
Malang Sarr,fr FRA,DF,Nice,18,1999,21,13,1 322,14.juil,0,0,0,0,0,0,1,0,0.8,0.8,0.4,01.févr,28,72,17,0.00,0.00,0.00,0.00,0.00,0.05,0.03,0.08,0.05,0.08
Ernest Seka,gn GUI,DF,Strasbourg,30,1987,27,25,2 178,24.févr,1,0,1,1,0,0,4,1,0.8,0.8,1.0,01.août,58,126,53,0.04,0.00,0.04,0.04,0.04,0.03,0.04,0.07,0.03,0.07
Vahid Selimović,lu LUX,DF,Metz,20,1997,13,12,1 056,11.juil,0,0,0,0,0,0,4,1,0.1,0.1,0.0,0.1,5,31,3,0.00,0.00,0.00,0.00,0.00,0.01,0.00,0.01,0.01,0.01
Ole Selnæs,no NOR,MF,Saint-Étienne,23,1994,26,23,2 058,22.sept,0,2,2,0,0,0,9,0,0.5,0.5,01.mars,01.août,25,124,14,0.00,0.09,0.09,0.00,0.09,0.02,0.06,0.08,0.02,0.08
Jean Seri,ci CIV,MF,Nice,26,1991,31,30,2 615,29.janv,2,6,8,2,0,0,5,0,01.sept,01.sept,04.sept,06.août,51,200,53,0.07,0.21,0.28,0.07,0.28,0.06,0.17,0.23,0.06,0.23
Julien Serrano,fr FRA,DF,Monaco,19,1998,4,3,280,03.janv,0,0,0,0,0,0,1,0,0.0,0.0,0.2,0.3,7,10,25,0.00,0.00,0.00,0.00,0.00,0.01,0.08,0.08,0.01,0.08
Grégory Sertic,fr FRA,DF MF,Marseille,27,1989,7,3,350,03.sept,0,0,0,0,0,0,1,0,0.6,0.6,0.1,0.7,2,9,1,0.00,0.00,0.00,0.00,0.00,0.15,0.02,0.17,0.15,0.17
Stéphane Sessègnon,bj BEN,MF FW,Montpellier,33,1984,16,11,985,10.sept,1,2,3,1,0,0,1,0,01.janv,01.janv,1.0,02.janv,21,70,43,0.09,0.18,0.27,0.09,0.27,0.10,0.10,0.20,0.10,0.20
Djibril Sidibé,fr FRA,DF,Monaco,25,1992,27,25,2 153,23.sept,2,7,9,2,0,0,4,0,0.9,0.9,04.mars,05.févr,56,187,170,0.08,0.29,0.38,0.08,0.38,0.04,0.18,0.22,0.04,0.22
Kolbeinn Sigþórsson,is ISL,FW,Nantes,27,1990,2,0,25,0.3,0,0,0,0,0,0,0,0,0.1,0.1,0.0,0.1,2,0,2,0.00,0.00,0.00,0.00,0.00,0.20,0.00,0.20,0.20,0.20
Player,Nation,Pos,Squad,Age,Born,MP,Starts,Min,90s,Gls,Ast,G+A,G-PK,PK,PKatt,CrdY,CrdR,xG,npxG,xAG,npxG+xAG,PrgC,PrgP,PrgR,Gls,Ast,G+A,G-PK,G+A-PK,xG,xAG,xG+xAG,npxG,npxG+xAG
Gabriel Silva,br BRA,DF,Saint-Étienne,26,1991,25,23,2 077,23.janv,1,2,3,1,0,0,2,1,0.7,0.7,0.8,01.mai,39,95,104,0.04,0.09,0.13,0.04,0.13,0.03,0.03,0.06,0.03,0.06
Thiago Silva,br BRA,DF,Paris S-G,32,1984,25,24,2 115,23.mai,1,0,1,1,0,0,5,0,0.9,0.9,0.2,01.janv,16,112,1,0.04,0.00,0.04,0.04,0.04,0.04,0.01,0.05,0.04,0.05
Giovanni Sio,ci CIV,FW,Montpellier,28,1989,33,27,2 193,24.avr,10,3,13,10,0,1,5,1,12.avr,11.juin,02.sept,14.mai,36,57,222,0.41,0.12,0.53,0.41,0.53,0.51,0.12,0.63,0.48,0.60
Ellyes Skhiri,tn TUN,MF,Montpellier,22,1995,35,35,3 049,33.9,4,1,5,4,0,0,8,0,02.mars,02.mars,01.avr,03.juil,28,178,49,0.12,0.03,0.15,0.12,0.15,0.07,0.04,0.11,0.07,0.11
Naïm Sliti,tn TUN,FW MF,Dijon,25,1992,31,26,2 29,25.avr,7,6,13,5,2,2,2,0,05.août,04.févr,05.févr,09.mai,111,117,168,0.28,0.24,0.51,0.20,0.43,0.23,0.21,0.43,0.17,0.37
Wesley Sneijder,nl NED,MF FW,Nice,33,1984,5,4,399,04.avr,0,0,0,0,0,0,0,0,0.7,0.7,0.8,01.mai,3,35,26,0.00,0.00,0.00,0.00,0.00,0.15,0.19,0.34,0.15,0.34
Somália,br BRA,MF FW,Toulouse,28,1988,27,23,2 002,22.févr,1,0,1,1,0,0,2,0,01.juin,01.juin,01.août,03.avr,65,68,99,0.04,0.00,0.04,0.04,0.04,0.07,0.08,0.15,0.07,0.15
Jérémy Sorbon,fr FRA,DF,Guingamp,33,1983,29,29,2 61,29.0,0,0,0,0,0,0,1,0,0.5,0.5,0.6,01.janv,9,60,0,0.00,0.00,0.00,0.00,0.00,0.02,0.02,0.04,0.02,0.04
Rayan Souici,fr FRA,MF,Saint-Étienne,19,1998,1,0,12,0.1,0,0,0,0,0,0,0,0,0.0,0.0,0.0,0.0,0,0,0,0.00,0.00,0.00,0.00,0.00,0.00,0.00,0.00,0.00,0.00
Adama Soumaoro,fr FRA,DF,Lille,25,1992,14,14,1 192,13.févr,0,0,0,0,0,0,2,0,0.1,0.1,0.1,0.2,3,17,0,0.00,0.00,0.00,0.00,0.00,0.01,0.01,0.01,0.01,0.01
Boubakary Soumaré,fr FRA,MF,Lille,18,1999,14,3,511,05.juil,0,0,0,0,0,0,1,0,0.0,0.0,0.1,0.1,14,34,8,0.00,0.00,0.00,0.00,0.00,0.00,0.03,0.03,0.00,0.03
Arnaud Souquet,fr FRA,DF,Nice,25,1992,29,27,2 415,26.août,0,2,2,0,0,0,4,0,0.3,0.3,01.juil,2.0,70,100,123,0.00,0.07,0.07,0.00,0.07,0.01,0.06,0.07,0.01,0.07
Bassem Srarfi,tn TUN,FW MF,Nice,20,1997,26,10,870,09.juil,3,0,3,3,0,0,1,0,02.mars,02.mars,0.8,03.févr,41,23,77,0.31,0.00,0.31,0.31,0.31,0.24,0.09,0.33,0.24,0.33
Timo Stavitski,fi FIN,MF FW,Caen,18,1999,9,3,401,04.mai,0,0,0,0,0,0,1,0,0.0,0.0,0.3,0.4,12,5,31,0.00,0.00,0.00,0.00,0.00,0.01,0.07,0.08,0.01,0.08
Mariusz Stępiński,pl POL,FW,Nantes,22,1995,1,0,1,0.0,0,0,0,0,0,0,0,0,0.0,0.0,0.0,0.0,0,0,1,0.00,0.00,0.00,0.00,0.00,0.00,0.00,0.00,0.00,0.00
Danijel Subašić,hr CRO,GK,Monaco,32,1984,34,34,2 939,32.7,0,0,0,0,0,0,3,0,0.0,0.0,0.0,0.0,0,0,0,0.00,0.00,0.00,0.00,0.00,0.00,0.00,0.00,0.00,0.00
Neven Subotić,rs SRB,DF,Saint-Étienne,28,1988,16,16,1 44,16.0,2,1,3,2,0,0,1,0,0.8,0.8,0.9,01.juil,10,31,4,0.12,0.06,0.19,0.12,0.19,0.05,0.05,0.11,0.05,0.11
Gilles Sunu,tg TOG,MF FW,Angers,26,1991,20,5,655,07.mars,1,0,1,1,0,0,4,0,01.juin,01.juin,0.6,02.févr,33,30,73,0.14,0.00,0.14,0.14,0.14,0.22,0.08,0.30,0.22,0.30
Seydou Sy,sn SEN,GK,Monaco,21,1995,3,2,256,02.août,0,0,0,0,0,0,1,0,0.0,0.0,0.0,0.0,0,0,0,0.00,0.00,0.00,0.00,0.00,0.00,0.00,0.00,0.00,0.00
Issiaga Sylla,gn GUI,DF FW,Toulouse,23,1994,25,17,1 602,17.août,1,3,4,1,0,0,5,0,0.4,0.4,2.0,02.avr,49,105,87,0.06,0.17,0.22,0.06,0.22,0.02,0.11,0.14,0.02,0.14
Moussa Sylla,ml MLI,FW,Monaco,17,1999,5,3,304,03.avr,2,0,2,2,0,0,1,0,01.mai,01.mai,0.1,01.juin,4,7,14,0.59,0.00,0.59,0.59,0.59,0.44,0.04,0.48,0.44,0.48
Alexander Søderlund,no NOR,FW,Saint-Étienne,29,1987,12,2,363,4.0,0,1,1,0,0,0,0,1,0.6,0.6,0.2,0.8,1,9,30,0.00,0.25,0.25,0.00,0.25,0.15,0.05,0.20,0.15,0.20
Franck Tabanou,fr FRA,DF,Guingamp,28,1989,15,12,1 048,11.juin,0,2,2,0,0,0,5,0,0.1,0.1,01.févr,01.mars,17,43,41,0.00,0.17,0.17,0.00,0.17,0.01,0.11,0.11,0.01,0.11
Ervin Taha,fr FRA,FW,Bordeaux,18,1999,2,0,39,0.4,0,0,0,0,0,0,0,0,0.0,0.0,0.0,0.0,1,2,2,0.00,0.00,0.00,0.00,0.00,0.09,0.00,0.09,0.09,0.09
Mehdi Tahrat,dz ALG,MF,Angers,27,1990,7,6,443,04.sept,0,0,0,0,0,0,3,0,0.2,0.2,0.0,0.2,8,14,4,0.00,0.00,0.00,0.00,0.00,0.04,0.01,0.05,0.04,0.05
Player,Nation,Pos,Squad,Age,Born,MP,Starts,Min,90s,Gls,Ast,G+A,G-PK,PK,PKatt,CrdY,CrdR,xG,npxG,xAG,npxG+xAG,PrgC,PrgP,PrgR,Gls,Ast,G+A,G-PK,G+A-PK,xG,xAG,xG+xAG,npxG,npxG+xAG
Flavien Tait,fr FRA,MF,Angers,24,1993,31,26,2 235,24.août,4,3,7,4,0,0,4,1,4.0,4.0,05.mars,09.févr,111,103,182,0.16,0.12,0.28,0.16,0.28,0.16,0.21,0.37,0.16,0.37
Adrien Tameze,cm CMR,MF,Nice,23,1994,26,19,1 681,18.juil,0,1,1,0,0,0,3,0,0.3,0.3,0.9,01.févr,21,86,23,0.00,0.05,0.05,0.00,0.05,0.01,0.05,0.07,0.01,0.07
Oussama Tannane,ma MAR,FW,Saint-Étienne,23,1994,6,2,207,02.mars,0,1,1,0,0,0,1,0,01.janv,01.janv,0.6,01.juil,4,11,26,0.00,0.43,0.43,0.00,0.43,0.48,0.28,0.76,0.48,0.76
Ciprian Tătărușanu,ro ROU,GK,Nantes,31,1986,37,37,3 33,37.0,0,0,0,0,0,0,0,0,0.0,0.0,0.0,0.0,0,0,0,0.00,0.00,0.00,0.00,0.00,0.00,0.00,0.00,0.00,0.00
Júlio Tavares,cv CPV,FW,Dijon,28,1988,26,23,2 055,22.août,12,2,14,9,3,3,3,0,10.0,07.juil,01.sept,09.juin,19,32,139,0.53,0.09,0.61,0.39,0.48,0.44,0.08,0.52,0.34,0.42
Jordan Tell,gp GLP,FW MF,Rennes,20,1997,6,0,114,01.mars,1,0,1,1,0,0,0,0,1.0,1.0,0.1,01.janv,1,2,10,0.79,0.00,0.79,0.79,0.79,0.77,0.06,0.82,0.77,0.82
Martin Terrier,fr FRA,FW MF,Strasbourg,20,1997,25,19,1 672,18.juin,3,3,6,3,0,0,3,0,04.sept,04.sept,03.avr,08.mars,46,36,107,0.16,0.16,0.32,0.16,0.32,0.26,0.18,0.45,0.26,0.45
Kenny Tete,nl NED,DF,Lyon,21,1995,22,16,1 608,17.sept,1,4,5,1,0,0,3,0,0.7,0.7,02.juil,03.avr,45,74,86,0.06,0.22,0.28,0.06,0.28,0.04,0.15,0.19,0.04,0.19
Florian Thauvin,fr FRA,FW,Marseille,24,1993,35,35,2 95,32.8,22,11,33,19,3,4,7,0,16.juil,13.juin,12.févr,25.juil,192,210,325,0.67,0.34,01.janv,0.58,0.92,0.51,0.37,0.88,0.41,0.79
Kévin Théophile-Catherine,fr FRA,DF,Saint-Étienne,27,1989,25,24,2 165,24.janv,0,0,0,0,0,0,6,0,0.4,0.4,0.3,0.7,10,77,4,0.00,0.00,0.00,0.00,0.00,0.02,0.01,0.03,0.02,0.03
Vincent Thill,lu LUX,MF,Metz,17,2000,1,0,27,0.3,0,0,0,0,0,0,0,0,0.0,0.0,0.0,0.0,2,1,3,0.00,0.00,0.00,0.00,0.00,0.00,0.00,0.00,0.00,0.00
Romain Thomas,fr FRA,DF,Angers,29,1988,28,28,2 47,27.avr,2,0,2,2,0,0,5,0,01.août,01.août,1.0,02.août,5,60,5,0.07,0.00,0.07,0.07,0.07,0.07,0.04,0.10,0.07,0.10
Adrien Thomasson,fr FRA,MF FW,Nantes,23,1993,36,29,2 578,28.juin,5,3,8,5,0,0,4,0,04.févr,04.févr,03.févr,07.avr,60,128,206,0.17,0.10,0.28,0.17,0.28,0.15,0.11,0.26,0.15,0.26
Marcus Thuram,fr FRA,FW,Guingamp,19,1997,32,20,1 929,21.avr,3,1,4,3,0,0,2,0,05.juil,05.juil,02.avr,08.janv,67,47,173,0.14,0.05,0.19,0.14,0.19,0.26,0.11,0.38,0.26,0.38
Youri Tielemans,be BEL,MF,Monaco,20,1997,27,18,1 569,17.avr,0,1,1,0,0,0,1,0,01.mars,01.mars,01.janv,02.avr,30,109,60,0.00,0.06,0.06,0.00,0.06,0.07,0.06,0.14,0.07,0.14
Jonathan Tinhan,bj BEN,MF FW,Troyes,28,1989,5,0,73,0.8,0,0,0,0,0,0,1,0,0.3,0.3,0.0,0.4,1,1,11,0.00,0.00,0.00,0.00,0.00,0.39,0.05,0.45,0.39,0.45
Ola Toivonen,se SWE,FW MF,Toulouse,31,1986,23,8,800,08.sept,0,0,0,0,0,0,2,0,02.janv,02.janv,0.4,02.juin,10,41,38,0.00,0.00,0.00,0.00,0.00,0.24,0.05,0.29,0.24,0.29
Karl Toko Ekambi,cm CMR,FW MF,Angers,24,1992,37,33,3 04,33.8,17,6,23,14,3,3,4,0,17.janv,14.juil,05.août,20.juin,138,76,352,0.50,0.18,0.68,0.41,0.59,0.51,0.17,0.68,0.44,0.61
Jérémy Toulalan,fr FRA,DF,Bordeaux,33,1983,21,21,1 89,21.0,0,0,0,0,0,0,4,0,0.1,0.1,0.1,0.2,16,91,1,0.00,0.00,0.00,0.00,0.00,0.01,0.00,0.01,0.01,0.01
Abdoulaye Touré,gn GUI,MF,Nantes,23,1994,36,31,2 81,31.2,1,1,2,1,0,0,3,0,01.mai,01.mai,0.9,02.avr,24,184,34,0.03,0.03,0.06,0.03,0.06,0.05,0.03,0.08,0.05,0.08
Almamy Touré,ml MLI,DF,Monaco,21,1996,20,13,1 248,13.sept,1,5,6,1,0,0,3,0,0.4,0.4,02.juin,3.0,32,62,76,0.07,0.36,0.43,0.07,0.43,0.03,0.19,0.22,0.03,0.22
Thomas Touré,ci CIV,FW,Bordeaux,23,1993,1,0,8,0.1,0,0,0,0,0,0,0,0,0.0,0.0,0.0,0.0,0,1,0,0.00,0.00,0.00,0.00,0.00,0.00,0.00,0.00,0.00,0.00
Thomas Touré,ci CIV,MF,Angers,23,1993,7,0,128,01.avr,0,1,1,0,0,0,1,0,0.3,0.3,0.7,1.0,4,5,19,0.00,0.70,0.70,0.00,0.70,0.20,0.50,0.70,0.20,0.70
Lucas Tousart,fr FRA,MF,Lyon,20,1997,37,37,3 132,34.8,0,0,0,0,0,0,8,0,02.janv,02.janv,0.6,02.juin,16,105,10,0.00,0.00,0.00,0.00,0.00,0.06,0.02,0.07,0.06,0.07
Adama Traoré,ml MLI,MF FW,Monaco,22,1995,3,2,189,02.janv,3,0,3,3,0,0,1,0,0.9,0.9,0.0,0.9,1,8,9,janv.43,0.00,janv.43,janv.43,janv.43,0.41,0.01,0.42,0.41,0.42
Player,Nation,Pos,Squad,Age,Born,MP,Starts,Min,90s,Gls,Ast,G+A,G-PK,PK,PKatt,CrdY,CrdR,xG,npxG,xAG,npxG+xAG,PrgC,PrgP,PrgR,Gls,Ast,G+A,G-PK,G+A-PK,xG,xAG,xG+xAG,npxG,npxG+xAG
Bertrand Traoré,bf BFA,FW,Lyon,21,1995,31,27,2 284,25.avr,13,4,17,13,0,0,3,0,08.sept,08.sept,02.juil,11.juin,108,82,270,0.51,0.16,0.67,0.51,0.67,0.35,0.11,0.46,0.35,0.46
Charles Traore,ml MLI,DF,Troyes,25,1992,34,33,2 998,33.3,0,3,3,0,0,0,8,1,0.6,0.6,03.mai,4.0,39,129,101,0.00,0.09,0.09,0.00,0.09,0.02,0.10,0.12,0.02,0.12
Hamari Traoré,ml MLI,DF,Rennes,25,1992,30,30,2 637,29.mars,0,1,1,0,0,0,10,0,0.4,0.4,01.mars,01.août,55,134,90,0.00,0.03,0.03,0.00,0.03,0.02,0.05,0.06,0.02,0.06
Ismaël Traoré,ci CIV,DF,Angers,30,1986,32,32,2 855,31.juil,3,1,4,3,0,0,2,0,01.août,01.août,0.3,02.févr,8,42,6,0.09,0.03,0.13,0.09,0.13,0.06,0.01,0.07,0.06,0.07
Lacina Traoré,ci CIV,FW,Amiens,27,1990,18,8,779,08.juil,0,2,2,0,0,0,1,0,01.avr,01.avr,0.7,02.janv,2,16,65,0.00,0.23,0.23,0.00,0.23,0.16,0.08,0.24,0.16,0.24
Kevin Trapp,de GER,GK,Paris S-G,27,1990,4,4,360,4.0,0,0,0,0,0,0,0,0,0.0,0.0,0.0,0.0,0,0,0,0.00,0.00,0.00,0.00,0.00,0.00,0.00,0.00,0.00,0.00
Matthieu Udol,fr FRA,DF,Metz,21,1996,6,3,354,03.sept,0,0,0,0,0,0,0,0,0.0,0.0,0.0,0.0,10,5,22,0.00,0.00,0.00,0.00,0.00,0.01,0.00,0.01,0.01,0.01
Valentín Vada,ar ARG,MF,Bordeaux,21,1996,21,11,860,09.juin,2,1,3,2,0,0,4,0,0.8,0.8,0.4,01.mars,21,59,43,0.21,0.10,0.31,0.21,0.31,0.09,0.05,0.13,0.09,0.13
Cédric Varrault,fr FRA,DF,Dijon,37,1980,11,10,883,09.août,1,0,1,1,0,0,0,0,0.3,0.3,0.1,0.4,5,34,1,0.10,0.00,0.10,0.10,0.10,0.03,0.01,0.04,0.03,0.04
Rémy Vercoutre,fr FRA,GK,Caen,37,1980,35,35,3 103,34.5,0,0,0,0,0,0,1,1,0.0,0.0,0.0,0.0,0,0,0,0.00,0.00,0.00,0.00,0.00,0.00,0.00,0.00,0.00,0.00
Olivier Verdon,bj BEN,DF,Bordeaux,21,1995,1,0,11,0.1,0,0,0,0,0,0,0,0,0.0,0.0,0.0,0.0,0,0,0,0.00,0.00,0.00,0.00,0.00,0.00,0.00,0.00,0.00,0.00
Marco Verratti,it ITA,MF,Paris S-G,24,1992,22,20,1 718,19.janv,0,3,3,0,0,0,9,1,0.3,0.3,02.févr,02.mai,41,193,48,0.00,0.16,0.16,0.00,0.16,0.02,0.12,0.13,0.02,0.13
Oswaldo Vizcarrondo,ve VEN,DF,Troyes,33,1984,20,18,1 715,19.janv,0,0,0,0,0,0,7,1,0.6,0.6,0.1,0.7,3,42,1,0.00,0.00,0.00,0.00,0.00,0.03,0.01,0.04,0.03,0.04
Anthony Walongwa,,DF,Nantes,23,1993,1,1,90,1.0,0,0,0,0,0,0,0,0,0.0,0.0,0.0,0.0,0,1,0,0.00,0.00,0.00,0.00,0.00,0.00,0.00,0.00,0.00,0.00
Rémi Walter,fr FRA,MF FW,Nice,22,1995,8,6,491,05.mai,1,0,1,1,0,0,0,0,0.3,0.3,0.1,0.4,10,20,13,0.18,0.00,0.18,0.18,0.18,0.05,0.03,0.07,0.05,0.07
Rémi Walter,fr FRA,MF,Troyes,22,1995,12,12,997,11.janv,0,1,1,0,0,0,1,0,0.4,0.4,0.1,0.5,10,36,5,0.00,0.09,0.09,0.00,0.09,0.03,0.01,0.04,0.03,0.04
Timothy Weah,us USA,FW,Paris S-G,17,2000,3,1,122,01.avr,0,0,0,0,0,0,1,0,0.7,0.7,0.4,01.janv,2,0,8,0.00,0.00,0.00,0.00,0.00,0.53,0.31,0.85,0.53,0.85
Xeka,pt POR,MF,Dijon,22,1994,17,15,1 393,15.mai,2,3,5,2,0,0,4,0,02.avr,02.avr,02.févr,04.juin,18,61,41,0.13,0.19,0.32,0.13,0.32,0.15,0.14,0.29,0.15,0.29
Xeka,pt POR,MF,Lille,22,1994,1,0,15,0.2,0,0,0,0,0,0,0,0,0.0,0.0,0.0,0.0,1,3,1,0.00,0.00,0.00,0.00,0.00,0.00,0.00,0.00,0.00,0.00
Steeve Yago,bf BFA,DF,Toulouse,24,1992,21,16,1 577,17.mai,0,0,0,0,0,0,7,0,0.0,0.0,0.6,0.6,19,67,28,0.00,0.00,0.00,0.00,0.00,0.00,0.03,0.03,0.00,0.03
Cédric Yamberé,cf CTA,DF,Dijon,26,1990,32,31,2 829,31.4,3,0,3,3,0,0,7,2,01.févr,01.févr,0.3,01.mai,35,90,5,0.10,0.00,0.10,0.10,0.10,0.04,0.01,0.05,0.04,0.05
Mapou Yanga-Mbiwa,fr FRA,DF,Lyon,28,1989,2,1,128,01.avr,0,0,0,0,0,0,1,0,0.0,0.0,0.0,0.0,0,6,0,0.00,0.00,0.00,0.00,0.00,0.00,0.00,0.00,0.00,0.00
Zaydou Youssouf,km COM,FW,Bordeaux,18,1999,6,1,131,01.mai,0,0,0,0,0,0,2,0,0.1,0.1,0.0,0.2,7,4,9,0.00,0.00,0.00,0.00,0.00,0.08,0.03,0.11,0.08,0.11
Andre-Frank Zambo Anguissa,cm CMR,MF,Marseille,21,1995,37,26,2 439,27.janv,0,0,0,0,0,0,4,0,01.juin,01.juin,03.févr,04.août,59,145,37,0.00,0.00,0.00,0.00,0.00,0.06,0.12,0.18,0.06,0.18
Mehdi Zeffane,dz ALG,DF MF,Rennes,25,1992,15,11,989,11.0,0,1,1,0,0,0,0,0,0.5,0.5,0.8,01.mars,15,43,33,0.00,0.09,0.09,0.00,0.09,0.05,0.07,0.12,0.05,0.12
Player,Nation,Pos,Squad,Age,Born,MP,Starts,Min,90s,Gls,Ast,G+A,G-PK,PK,PKatt,CrdY,CrdR,xG,npxG,xAG,npxG+xAG,PrgC,PrgP,PrgR,Gls,Ast,G+A,G-PK,G+A-PK,xG,xAG,xG+xAG,npxG,npxG+xAG
Erwin Zelazny,fr FRA,GK,Troyes,25,1991,17,17,1 53,17.0,0,0,0,0,0,0,2,0,0.0,0.0,0.0,0.0,0,0,0,0.00,0.00,0.00,0.00,0.00,0.00,0.00,0.00,0.00,0.00
Kévin Zohi,ml MLI,MF,Strasbourg,20,1996,1,0,1,0.0,0,0,0,0,0,0,0,0,0.0,0.0,0.0,0.0,0,0,1,0.00,0.00,0.00,0.00,0.00,0.00,0.00,0.00,0.00,0.00
Bongani Zungu,za RSA,MF,Amiens,24,1992,26,24,2 084,23.févr,1,0,1,1,0,0,5,0,0.2,0.2,0.4,0.6,20,90,15,0.04,0.00,0.04,0.04,0.04,0.01,0.02,0.02,0.01,0.02
