Player,Nation,Pos,Squad,Age,Born,MP,Starts,Min,90s,Gls,Ast,G+A,G-PK,PK,PKatt,CrdY,CrdR,xG,npxG,xAG,npxG+xAG,PrgC,PrgP,PrgR,Gls,Ast,G+A,G-PK,G+A-PK,xG,xAG,xG+xAG,npxG,npxG+xAG
Patrick van Aanholt,nl NED,DF,Crystal Palace,28,1990,29,29,2 507,27.sept,3,2,5,2,1,1,0,0,02.janv,01.mars,03.juil,05.janv,60,143,89,0.11,0.07,0.18,0.07,0.14,0.08,0.13,0.21,0.05,0.18
Max Aarons,eng ENG,DF,Norwich City,19,2000,36,36,3 24,36.0,0,1,1,0,0,0,7,0,0.6,0.6,03.sept,04.mai,92,78,151,0.00,0.03,0.03,0.00,0.03,0.02,0.11,0.12,0.02,0.12
Tammy Abraham,eng ENG,FW,Chelsea,21,1997,34,25,2 215,24.juin,15,3,18,15,0,0,2,0,16.avr,16.avr,02.juil,19.0,31,34,134,0.61,0.12,0.73,0.61,0.73,0.67,0.11,0.77,0.67,0.77
Che Adams,sct SCO,FW,Southampton,23,1996,30,12,1 111,12.mars,4,2,6,4,0,0,0,0,05.mars,05.mars,01.juil,7.0,20,16,87,0.32,0.16,0.49,0.32,0.49,0.43,0.14,0.57,0.43,0.57
Adrián,es ESP,GK,Liverpool,32,1987,11,9,875,09.juil,0,0,0,0,0,0,1,0,0.0,0.0,0.0,0.0,0,0,0,0.00,0.00,0.00,0.00,0.00,0.00,0.00,0.00,0.00,0.00
Sergio Agüero,ar ARG,FW,Manchester City,31,1988,24,18,1 452,16.janv,16,3,19,14,2,3,1,0,14.mai,12.janv,02.mars,14.avr,35,34,105,0.99,0.19,janv.18,0.87,01.mai,0.90,0.14,01.avr,0.75,0.89
Albian Ajeti,ch SUI,FW,West Ham,22,1997,9,0,139,01.mai,0,0,0,0,0,0,0,0,0.2,0.2,0.1,0.2,0,0,10,0.00,0.00,0.00,0.00,0.00,0.11,0.05,0.16,0.11,0.16
Nathan Aké,nl NED,DF,Bournemouth,24,1995,29,29,2 503,27.août,2,2,4,2,0,0,2,0,3.0,3.0,02.févr,05.janv,12,81,7,0.07,0.07,0.14,0.07,0.14,0.11,0.08,0.18,0.11,0.18
Marc Albrighton,eng ENG,MF DF,Leicester City,29,1989,20,9,867,09.juin,0,3,3,0,0,0,2,0,0.4,0.4,02.févr,02.juin,20,45,94,0.00,0.31,0.31,0.00,0.31,0.04,0.22,0.27,0.04,0.27
Toby Alderweireld,be BEL,DF,Tottenham,30,1989,33,33,2 957,32.9,2,2,4,2,0,0,7,0,0.7,0.7,01.mars,02.janv,11,96,10,0.06,0.06,0.12,0.06,0.12,0.02,0.04,0.06,0.02,0.06
Trent Alexander-Arnold,eng ENG,DF,Liverpool,20,1998,38,35,3 175,35.3,4,13,17,4,0,0,5,0,02.août,02.août,10.sept,13.juil,98,247,226,0.11,0.37,0.48,0.11,0.48,0.08,0.31,0.39,0.08,0.39
Alisson,br BRA,GK,Liverpool,26,1992,29,29,2 543,28.mars,0,1,1,0,0,0,0,1,0.0,0.0,0.3,0.3,0,1,0,0.00,0.04,0.04,0.00,0.04,0.00,0.01,0.01,0.00,0.01
Dele Alli,eng ENG,MF FW,Tottenham,23,1996,25,21,1 847,20.mai,8,4,12,7,1,1,2,0,08.janv,07.mars,03.mai,10.août,56,69,152,0.39,0.19,0.58,0.34,0.54,0.40,0.17,0.56,0.36,0.53
Miguel Almirón,py PAR,MF FW,Newcastle Utd,25,1994,36,35,3 021,33.6,4,2,6,4,0,0,5,0,06.juil,06.juil,3.0,09.juil,120,77,160,0.12,0.06,0.18,0.12,0.18,0.20,0.09,0.29,0.20,0.29
Marcos Alonso,es ESP,DF,Chelsea,28,1990,18,15,1 43,15.sept,4,2,6,4,0,0,4,0,02.juin,02.juin,02.juin,05.févr,62,69,155,0.25,0.13,0.38,0.25,0.38,0.16,0.17,0.33,0.16,0.33
Steven Alzate,co COL,MF DF,Brighton,20,1998,19,12,1 188,13.févr,0,0,0,0,0,0,1,0,01.févr,01.févr,0.7,2.0,34,66,92,0.00,0.00,0.00,0.00,0.00,0.09,0.06,0.15,0.09,0.15
Ibrahim Amadou,fr FRA,DF MF,Norwich City,26,1993,11,8,759,08.avr,0,0,0,0,0,0,1,0,0.8,0.8,0.0,0.8,4,13,1,0.00,0.00,0.00,0.00,0.00,0.09,0.00,0.10,0.09,0.10
Felipe Anderson,br BRA,MF FW,West Ham,26,1993,25,20,1 497,16.juin,1,4,5,1,0,0,1,0,02.mai,02.mai,03.janv,05.juin,106,100,132,0.06,0.24,0.30,0.06,0.30,0.15,0.18,0.34,0.15,0.34
Florin Andone,ro ROU,FW,Brighton,26,1993,3,1,73,0.8,1,0,1,1,0,0,0,1,0.4,0.4,0.1,0.4,2,0,4,janv.23,0.00,janv.23,janv.23,janv.23,0.45,0.06,0.51,0.45,0.51
Angeliño,es ESP,DF,Manchester City,22,1997,6,4,423,04.juil,0,0,0,0,0,0,1,0,0.2,0.2,01.mai,01.juil,21,41,70,0.00,0.00,0.00,0.00,0.00,0.05,0.32,0.36,0.05,0.36
Faustino Anjorin,eng ENG,FW,Chelsea,17,2001,1,0,20,0.2,0,0,0,0,0,0,0,0,0.0,0.0,0.0,0.0,1,1,1,0.00,0.00,0.00,0.00,0.00,0.11,0.00,0.11,0.11,0.11
Michail Antonio,jm JAM,FW,West Ham,29,1990,24,19,1 768,19.juin,10,3,13,9,1,1,3,0,12.sept,12.janv,03.juil,15.sept,53,39,178,0.51,0.15,0.66,0.46,0.61,0.66,0.19,0.85,0.62,0.81
Stuart Armstrong,sct SCO,MF,Southampton,27,1992,30,19,1 715,19.janv,5,3,8,5,0,0,4,0,02.août,02.août,2.0,04.août,45,71,101,0.26,0.16,0.42,0.26,0.42,0.15,0.10,0.25,0.15,0.25
Kepa Arrizabalaga,es ESP,GK,Chelsea,24,1994,33,33,2 97,33.0,0,0,0,0,0,0,0,0,0.0,0.0,0.0,0.0,0,0,0,0.00,0.00,0.00,0.00,0.00,0.00,0.00,0.00,0.00,0.00
Christian Atsu,gh GHA,MF FW,Newcastle Utd,27,1992,19,6,749,08.mars,0,3,3,0,0,0,2,0,0.2,0.2,01.mars,01.mai,29,16,22,0.00,0.36,0.36,0.00,0.36,0.03,0.15,0.18,0.03,0.18
Player,Nation,Pos,Squad,Age,Born,MP,Starts,Min,90s,Gls,Ast,G+A,G-PK,PK,PKatt,CrdY,CrdR,xG,npxG,xAG,npxG+xAG,PrgC,PrgP,PrgR,Gls,Ast,G+A,G-PK,G+A-PK,xG,xAG,xG+xAG,npxG,npxG+xAG
Pierre-Emerick Aubameyang,ga GAB,FW,Arsenal,30,1989,36,35,3 136,34.8,22,3,25,20,2,2,3,1,14.juil,13.févr,03.mars,16.mai,98,81,288,0.63,0.09,0.72,0.57,0.66,0.42,0.09,0.52,0.38,0.47
Serge Aurier,ci CIV,DF,Tottenham,26,1992,33,31,2 7,30.0,1,5,6,1,0,0,4,1,0.5,0.5,03.avr,03.sept,66,93,205,0.03,0.17,0.20,0.03,0.20,0.02,0.11,0.13,0.02,0.13
Jordan Ayew,gh GHA,FW,Crystal Palace,27,1991,37,37,3 148,35.0,9,2,11,9,0,0,6,0,07.mai,07.mai,02.mai,10.0,77,60,184,0.26,0.06,0.31,0.26,0.31,0.21,0.07,0.29,0.21,0.29
César Azpilicueta,es ESP,DF,Chelsea,29,1989,36,36,3 229,35.9,2,6,8,2,0,0,1,0,02.avr,02.avr,6.0,08.mai,59,193,226,0.06,0.17,0.22,0.06,0.22,0.07,0.17,0.24,0.07,0.24
Eric Bailly,ci CIV,DF,Manchester Utd,25,1994,4,1,150,01.juil,0,0,0,0,0,0,0,0,0.0,0.0,0.0,0.0,1,4,1,0.00,0.00,0.00,0.00,0.00,0.00,0.00,0.00,0.00,0.00
Leighton Baines,eng ENG,DF,Everton,34,1984,8,4,404,04.mai,0,0,0,0,0,0,0,0,0.1,0.1,0.8,0.9,12,10,18,0.00,0.00,0.00,0.00,0.00,0.01,0.18,0.20,0.01,0.20
Fabián Balbuena,py PAR,DF,West Ham,27,1991,17,13,1 177,13.janv,1,0,1,1,0,0,2,0,01.mai,01.mai,0.5,2.0,8,35,2,0.08,0.00,0.08,0.08,0.08,0.12,0.03,0.15,0.12,0.15
George Baldock,gr GRE,DF,Sheffield Utd,26,1993,38,38,3 42,38.0,2,3,5,2,0,0,7,0,0.6,0.6,01.juil,02.avr,97,103,197,0.05,0.08,0.13,0.05,0.13,0.02,0.05,0.06,0.02,0.06
Phil Bardsley,sct SCO,DF,Burnley,34,1985,21,21,1 89,21.0,0,1,1,0,0,0,6,0,0.3,0.3,01.avr,01.juil,23,70,27,0.00,0.05,0.05,0.00,0.05,0.02,0.07,0.08,0.02,0.08
Ross Barkley,eng ENG,MF,Chelsea,25,1993,21,13,1 103,12.mars,1,4,5,1,0,0,0,0,02.juil,02.juil,02.mars,05.janv,46,64,63,0.08,0.33,0.41,0.08,0.41,0.22,0.19,0.41,0.22,0.41
Ashley Barnes,eng ENG,FW,Burnley,29,1989,19,17,1 352,15.0,6,0,6,5,1,1,4,0,06.févr,05.avr,0.3,05.juil,10,18,61,0.40,0.00,0.40,0.33,0.33,0.41,0.02,0.43,0.36,0.38
Harvey Barnes,eng ENG,MF FW,Leicester City,21,1997,36,24,2 083,23.janv,6,8,14,6,0,0,0,0,08.janv,08.janv,04.janv,12.févr,95,90,221,0.26,0.35,0.60,0.26,0.60,0.35,0.18,0.53,0.35,0.53
Chris Basham,eng ENG,DF,Sheffield Utd,31,1988,38,38,3 242,36.0,0,1,1,0,0,0,4,0,0.3,0.3,01.mars,01.juin,32,82,70,0.00,0.03,0.03,0.00,0.03,0.01,0.04,0.04,0.01,0.04
Borja Bastón,es ESP,MF FW,Aston Villa,26,1992,2,0,18,0.2,0,0,0,0,0,0,0,0,0.0,0.0,0.0,0.0,0,1,0,0.00,0.00,0.00,0.00,0.00,0.00,0.00,0.00,0.00,0.00
Michy Batshuayi,be BEL,FW,Chelsea,25,1993,16,1,239,02.juil,1,1,2,1,0,0,0,0,02.avr,02.avr,0.2,02.juin,8,1,22,0.38,0.38,0.75,0.38,0.75,0.92,0.06,0.98,0.92,0.98
Jan Bednarek,pl POL,DF,Southampton,23,1996,34,34,3 057,34.0,1,1,2,1,0,0,4,0,01.janv,01.janv,01.janv,02.févr,4,90,0,0.03,0.03,0.06,0.03,0.06,0.03,0.03,0.07,0.03,0.07
Héctor Bellerín,es ESP,DF MF,Arsenal,24,1995,15,13,1 158,12.sept,1,0,1,1,0,0,2,0,0.4,0.4,0.4,0.8,34,58,70,0.08,0.00,0.08,0.08,0.08,0.03,0.03,0.06,0.03,0.06
Ryan Bennett,eng ENG,DF,Wolves,29,1990,11,7,606,06.juil,0,0,0,0,0,0,2,0,0.1,0.1,0.1,0.1,3,17,0,0.00,0.00,0.00,0.00,0.00,0.01,0.01,0.02,0.01,0.02
Ryan Bennett,eng ENG,DF,Leicester City,29,1990,5,3,331,03.juil,0,0,0,0,0,0,0,0,0.0,0.0,0.0,0.0,3,13,1,0.00,0.00,0.00,0.00,0.00,0.00,0.00,0.00,0.00,0.00
Nabil Bentaleb,dz ALG,MF,Newcastle Utd,24,1994,12,8,751,08.mars,0,0,0,0,0,0,2,0,0.1,0.1,0.2,0.3,2,19,1,0.00,0.00,0.00,0.00,0.00,0.01,0.03,0.04,0.01,0.04
Christian Benteke,be BEL,FW,Crystal Palace,28,1990,24,13,1 261,14.0,2,1,3,2,0,0,4,1,05.janv,05.janv,02.juin,07.juil,22,28,79,0.14,0.07,0.21,0.14,0.21,0.36,0.19,0.55,0.36,0.55
Jóhann Berg Guðmundsson,is ISL,MF,Burnley,28,1990,12,6,621,06.sept,1,1,2,1,0,0,0,0,0.6,0.6,1.0,01.juin,18,6,31,0.14,0.14,0.29,0.14,0.29,0.09,0.14,0.23,0.09,0.23
Sander Berge,no NOR,MF,Sheffield Utd,21,1998,14,12,943,10.mai,1,1,2,1,0,0,0,0,0.6,0.6,0.6,01.mars,18,52,35,0.10,0.10,0.19,0.10,0.19,0.06,0.06,0.12,0.06,0.12
Steven Bergwijn,nl NED,FW MF,Tottenham,21,1997,14,8,704,07.août,3,1,4,3,0,0,2,0,1.0,1.0,0.9,01.sept,24,12,50,0.38,0.13,0.51,0.38,0.51,0.13,0.11,0.25,0.13,0.25
Bernard,br BRA,MF FW,Everton,26,1992,27,15,1 28,14.févr,3,2,5,3,0,0,2,0,01.août,01.août,02.avr,04.janv,40,76,106,0.21,0.14,0.35,0.21,0.35,0.13,0.17,0.29,0.13,0.29
Player,Nation,Pos,Squad,Age,Born,MP,Starts,Min,90s,Gls,Ast,G+A,G-PK,PK,PKatt,CrdY,CrdR,xG,npxG,xAG,npxG+xAG,PrgC,PrgP,PrgR,Gls,Ast,G+A,G-PK,G+A-PK,xG,xAG,xG+xAG,npxG,npxG+xAG
Bernardo,br BRA,DF MF,Brighton,24,1995,14,7,679,07.mai,0,0,0,0,0,0,1,0,0.5,0.5,01.janv,01.juin,22,56,41,0.00,0.00,0.00,0.00,0.00,0.06,0.15,0.21,0.06,0.21
Ryan Bertrand,eng ENG,DF,Southampton,29,1989,32,31,2 742,30.mai,1,1,2,1,0,0,3,1,01.juil,01.juil,03.mars,05.janv,78,130,134,0.03,0.03,0.07,0.03,0.07,0.06,0.11,0.17,0.06,0.17
Muhamed Bešić,ba BIH,MF,Sheffield Utd,26,1992,9,2,250,02.août,0,0,0,0,0,0,2,0,0.2,0.2,0.1,0.2,3,11,0,0.00,0.00,0.00,0.00,0.00,0.06,0.03,0.08,0.06,0.08
Philip Billing,dk DEN,MF,Bournemouth,23,1996,34,29,2 53,28.janv,1,1,2,1,0,0,8,0,2.0,2.0,01.juil,03.juin,29,100,59,0.04,0.04,0.07,0.04,0.07,0.07,0.06,0.13,0.07,0.13
Yves Bissouma,ml MLI,MF,Brighton,22,1996,22,15,1 259,14.0,1,0,1,1,0,0,4,0,0.4,0.4,0.2,0.6,25,63,16,0.07,0.00,0.07,0.07,0.07,0.03,0.01,0.04,0.03,0.04
Willy Boly,ci CIV,DF,Wolves,28,1991,22,22,1 979,22.0,0,1,1,0,0,0,3,1,0.4,0.4,01.janv,01.mai,4,48,5,0.00,0.05,0.05,0.00,0.05,0.02,0.05,0.07,0.02,0.07
Gaëtan Bong,cm CMR,DF MF,Brighton,31,1988,4,0,59,0.7,0,0,0,0,0,0,0,0,0.0,0.0,0.2,0.2,4,5,8,0.00,0.00,0.00,0.00,0.00,0.00,0.34,0.34,0.00,0.34
Sofiane Boufal,ma MAR,MF FW,Southampton,25,1993,20,8,764,08.mai,0,2,2,0,0,0,2,0,1.0,1.0,02.sept,03.sept,48,41,67,0.00,0.24,0.24,0.00,0.24,0.12,0.34,0.46,0.12,0.46
Jarrod Bowen,eng ENG,FW MF,West Ham,22,1996,13,11,917,10.févr,1,4,5,1,0,0,0,0,02.mars,02.mars,02.juil,5.0,34,19,80,0.10,0.39,0.49,0.10,0.49,0.22,0.27,0.49,0.22,0.49
Robbie Brady,ie IRL,MF,Burnley,27,1992,17,5,454,5.0,1,2,3,1,0,0,1,0,01.janv,01.janv,0.4,01.mai,5,20,23,0.20,0.40,0.59,0.20,0.59,0.22,0.07,0.29,0.22,0.29
Jarrad Branthwaite,eng ENG,DF,Everton,17,2002,4,2,300,03.mars,0,0,0,0,0,0,0,0,0.0,0.0,0.0,0.0,0,4,0,0.00,0.00,0.00,0.00,0.00,0.00,0.00,0.00,0.00,0.00
Claudio Bravo,cl CHI,GK,Manchester City,36,1983,4,3,347,03.sept,0,0,0,0,0,0,0,0,0.0,0.0,0.0,0.0,0,0,0,0.00,0.00,0.00,0.00,0.00,0.00,0.00,0.00,0.00,0.00
Armando Broja,al ALB,FW,Chelsea,17,2001,1,0,5,0.1,0,0,0,0,0,0,0,0,0.0,0.0,0.0,0.0,0,0,2,0.00,0.00,0.00,0.00,0.00,0.00,0.00,0.00,0.00,0.00
David Brooks,wls WAL,MF FW,Bournemouth,22,1997,9,8,506,05.juin,1,0,1,1,0,0,1,0,0.5,0.5,0.3,0.8,4,17,24,0.18,0.00,0.18,0.18,0.18,0.08,0.05,0.14,0.08,0.14
Josh Brownhill,eng ENG,MF,Burnley,23,1995,10,9,805,08.sept,0,0,0,0,0,0,2,0,0.5,0.5,0.1,0.7,2,20,15,0.00,0.00,0.00,0.00,0.00,0.06,0.02,0.08,0.06,0.08
Emi Buendía,ar ARG,FW MF,Norwich City,22,1996,36,28,2 464,27.avr,1,7,8,1,0,0,6,1,02.févr,02.févr,06.août,9.0,68,194,106,0.04,0.26,0.29,0.04,0.29,0.08,0.25,0.33,0.08,0.33
Dan Burn,eng ENG,DF,Brighton,27,1992,34,33,2 88,32.0,0,0,0,0,0,0,5,0,01.févr,01.févr,01.mars,02.mai,52,135,93,0.00,0.00,0.00,0.00,0.00,0.04,0.04,0.08,0.04,0.08
Sam Byram,eng ENG,DF,Norwich City,25,1993,17,15,1 293,14.avr,0,0,0,0,0,0,4,0,01.avr,01.avr,0.4,01.juil,21,41,58,0.00,0.00,0.00,0.00,0.00,0.10,0.03,0.12,0.10,0.12
Willy Caballero,ar ARG,GK,Chelsea,37,1981,5,5,450,5.0,0,0,0,0,0,0,0,0,0.0,0.0,0.0,0.0,0,0,0,0.00,0.00,0.00,0.00,0.00,0.00,0.00,0.00,0.00,0.00
Gary Cahill,eng ENG,DF,Crystal Palace,33,1985,25,25,2 167,24.janv,0,1,1,0,0,0,1,0,01.juin,01.juin,0.2,01.août,5,48,2,0.00,0.04,0.04,0.00,0.04,0.06,0.01,0.07,0.06,0.07
Dominic Calvert-Lewin,eng ENG,FW,Everton,22,1997,36,30,2 626,29.2,13,1,14,13,0,0,9,0,15.mars,15.mars,01.mai,16.août,40,50,156,0.45,0.03,0.48,0.45,0.48,0.52,0.05,0.57,0.52,0.57
Víctor Camarasa,es ESP,FW,Crystal Palace,25,1994,1,0,6,0.1,0,0,0,0,0,0,0,0,0.0,0.0,0.0,0.0,0,0,0,0.00,0.00,0.00,0.00,0.00,0.00,0.00,0.00,0.00,0.00
João Cancelo,pt POR,DF,Manchester City,25,1994,17,13,1 208,13.avr,0,0,0,0,0,0,4,0,0.6,0.6,02.août,03.mars,42,105,80,0.00,0.00,0.00,0.00,0.00,0.04,0.21,0.25,0.04,0.25
Todd Cantwell,eng ENG,FW MF,Norwich City,21,1998,37,30,2 489,27.juil,6,2,8,6,0,0,6,0,05.avr,05.avr,01.sept,07.mars,75,99,138,0.22,0.07,0.29,0.22,0.29,0.19,0.07,0.26,0.19,0.26
Étienne Capoue,fr FRA,MF,Watford,31,1988,30,30,2 627,29.2,0,3,3,0,0,0,8,0,0.8,0.8,03.mars,04.janv,16,132,23,0.00,0.10,0.10,0.00,0.10,0.03,0.11,0.14,0.03,0.14
Player,Nation,Pos,Squad,Age,Born,MP,Starts,Min,90s,Gls,Ast,G+A,G-PK,PK,PKatt,CrdY,CrdR,xG,npxG,xAG,npxG+xAG,PrgC,PrgP,PrgR,Gls,Ast,G+A,G-PK,G+A-PK,xG,xAG,xG+xAG,npxG,npxG+xAG
Andy Carroll,eng ENG,FW,Newcastle Utd,30,1989,19,4,632,7.0,0,4,4,0,0,0,1,0,01.févr,01.févr,01.avr,02.juin,4,17,34,0.00,0.57,0.57,0.00,0.57,0.17,0.20,0.37,0.17,0.37
Jonny Castro,es ESP,MF DF,Wolves,25,1994,35,33,2 887,32.1,2,2,4,2,0,0,4,0,01.juin,01.juin,01.mars,02.août,100,97,180,0.06,0.06,0.12,0.06,0.12,0.05,0.04,0.09,0.05,0.09
Craig Cathcart,nir NIR,DF,Watford,30,1989,29,28,2 488,27.juin,0,0,0,0,0,0,7,0,0.2,0.2,0.1,0.3,2,61,3,0.00,0.00,0.00,0.00,0.00,0.01,0.00,0.01,0.01,0.01
Dani Ceballos,es ESP,MF,Arsenal,22,1996,24,18,1 692,18.août,0,2,2,0,0,0,1,0,0.6,0.6,01.août,02.mars,60,174,38,0.00,0.11,0.11,0.00,0.11,0.03,0.09,0.12,0.03,0.12
Nathaniel Chalobah,eng ENG,MF,Watford,24,1994,22,10,930,10.mars,0,1,1,0,0,0,1,0,0.5,0.5,01.mars,01.juil,4,35,22,0.00,0.10,0.10,0.00,0.10,0.04,0.12,0.17,0.04,0.17
Calum Chambers,eng ENG,DF,Arsenal,24,1995,14,13,1 102,12.févr,1,1,2,1,0,0,5,0,0.8,0.8,01.juin,02.avr,16,45,67,0.08,0.08,0.16,0.08,0.16,0.06,0.13,0.20,0.06,0.20
Ben Chilwell,eng ENG,DF,Leicester City,22,1996,27,27,2 373,26.avr,3,3,6,3,0,0,3,0,1.0,1.0,03.sept,04.sept,109,126,180,0.11,0.11,0.23,0.11,0.23,0.04,0.15,0.19,0.04,0.19
Tahith Chong,cw CUW,FW DF,Manchester Utd,19,1999,3,0,37,0.4,0,0,0,0,0,0,0,0,0.1,0.1,0.0,0.1,2,0,5,0.00,0.00,0.00,0.00,0.00,0.13,0.00,0.13,0.13,0.13
Hamza Choudhury,bd BAN,MF,Leicester City,21,1997,20,10,893,09.sept,1,1,2,1,0,0,4,1,0.4,0.4,0.1,0.5,5,32,10,0.10,0.10,0.20,0.10,0.20,0.04,0.01,0.05,0.04,0.05
Andreas Christensen,dk DEN,DF,Chelsea,23,1996,21,21,1 751,19.mai,0,0,0,0,0,0,5,0,0.5,0.5,0.9,01.avr,17,75,1,0.00,0.00,0.00,0.00,0.00,0.03,0.05,0.07,0.03,0.07
Ciaran Clark,ie IRL,DF,Newcastle Utd,29,1989,14,14,1 186,13.févr,2,0,2,2,0,0,3,0,01.mars,01.mars,0.0,01.mars,2,16,2,0.15,0.00,0.15,0.15,0.15,0.10,0.00,0.10,0.10,0.10
Leon Clarke,eng ENG,FW MF,Sheffield Utd,34,1985,2,0,35,0.4,0,0,0,0,0,0,0,0,0.5,0.5,0.0,0.5,0,0,2,0.00,0.00,0.00,0.00,0.00,janv.19,0.00,janv.19,janv.19,janv.19
Tom Cleverley,eng ENG,MF,Watford,29,1989,18,11,971,10.août,1,0,1,1,0,0,2,0,02.janv,02.janv,0.7,02.août,13,49,43,0.09,0.00,0.09,0.09,0.09,0.19,0.07,0.26,0.19,0.26
Conor Coady,eng ENG,DF,Wolves,26,1993,38,38,3 42,38.0,0,0,0,0,0,0,5,0,0.0,0.0,0.5,0.5,3,64,0,0.00,0.00,0.00,0.00,0.00,0.00,0.01,0.01,0.00,0.01
Séamus Coleman,ie IRL,DF,Everton,30,1988,27,21,1 839,20.avr,0,1,1,0,0,0,5,1,0.9,0.9,01.juil,02.juil,49,77,93,0.00,0.05,0.05,0.00,0.05,0.05,0.08,0.13,0.05,0.13
Aaron Connolly,ie IRL,FW,Brighton,19,2000,24,14,1 258,14.0,3,1,4,3,0,0,0,0,4.0,4.0,0.5,04.mai,21,10,86,0.21,0.07,0.29,0.21,0.29,0.28,0.04,0.32,0.28,0.32
Lewis Cook,eng ENG,MF FW,Bournemouth,22,1997,27,14,1 352,15.0,0,0,0,0,0,0,5,0,0.3,0.3,0.5,0.8,18,80,31,0.00,0.00,0.00,0.00,0.00,0.02,0.03,0.05,0.02,0.05
Steve Cook,eng ENG,DF,Bournemouth,28,1991,29,28,2 428,27.0,1,0,1,1,0,0,6,1,0.7,0.7,0.5,01.févr,7,73,5,0.04,0.00,0.04,0.04,0.04,0.03,0.02,0.04,0.03,0.04
Jack Cork,eng ENG,MF,Burnley,30,1989,30,30,2 613,29.0,0,0,0,0,0,0,1,0,2.0,2.0,01.janv,03.janv,13,67,31,0.00,0.00,0.00,0.00,0.00,0.07,0.04,0.11,0.07,0.11
Aaron Cresswell,eng ENG,DF,West Ham,29,1989,31,31,2 727,30.mars,3,0,3,3,0,0,7,0,01.avr,01.avr,03.févr,04.mai,43,166,97,0.10,0.00,0.10,0.10,0.10,0.05,0.11,0.15,0.05,0.15
Patrick Cutrone,it ITA,FW,Wolves,21,1998,12,3,297,03.mars,2,0,2,2,0,0,0,0,02.févr,02.févr,0.3,02.mai,5,1,20,0.61,0.00,0.61,0.61,0.61,0.68,0.08,0.76,0.68,0.76
Diogo Dalot,pt POR,DF MF,Manchester Utd,20,1999,4,1,67,0.7,0,0,0,0,0,0,0,0,0.3,0.3,0.0,0.3,2,3,7,0.00,0.00,0.00,0.00,0.00,0.39,0.00,0.39,0.39,0.39
Charlie Daniels,eng ENG,DF,Bournemouth,32,1986,2,2,126,01.avr,0,0,0,0,0,0,0,0,0.0,0.0,0.1,0.1,1,2,3,0.00,0.00,0.00,0.00,0.00,0.00,0.06,0.06,0.00,0.06
Arnaut Danjuma,nl NED,MF,Bournemouth,22,1997,14,6,630,7.0,0,0,0,0,0,0,0,0,01.févr,01.févr,0.2,01.avr,31,21,60,0.00,0.00,0.00,0.00,0.00,0.17,0.03,0.20,0.17,0.20
Scott Dann,eng ENG,DF,Crystal Palace,32,1987,16,14,1 266,14.janv,0,1,1,0,0,0,0,0,0.8,0.8,0.4,01.févr,1,28,2,0.00,0.07,0.07,0.00,0.07,0.06,0.03,0.09,0.06,0.09
Player,Nation,Pos,Squad,Age,Born,MP,Starts,Min,90s,Gls,Ast,G+A,G-PK,PK,PKatt,CrdY,CrdR,xG,npxG,xAG,npxG+xAG,PrgC,PrgP,PrgR,Gls,Ast,G+A,G-PK,G+A-PK,xG,xAG,xG+xAG,npxG,npxG+xAG
Kevin Danso,at AUT,DF,Southampton,20,1998,6,3,277,03.janv,0,1,1,0,0,0,2,1,0.1,0.1,0.2,0.3,6,12,4,0.00,0.32,0.32,0.00,0.32,0.02,0.08,0.10,0.02,0.10
Ben Davies,wls WAL,DF,Tottenham,26,1993,18,16,1 431,15.sept,0,0,0,0,0,0,6,0,0.2,0.2,0.9,01.janv,32,53,54,0.00,0.00,0.00,0.00,0.00,0.01,0.05,0.07,0.01,0.07
Tom Davies,eng ENG,MF,Everton,21,1998,30,23,2 027,22.mai,1,0,1,1,0,0,8,0,01.juin,01.juin,0.5,02.janv,24,113,32,0.04,0.00,0.04,0.04,0.04,0.07,0.02,0.09,0.07,0.09
Keinan Davis,eng ENG,FW,Aston Villa,21,1998,18,4,548,06.janv,0,0,0,0,0,0,0,0,02.juil,02.juil,0.2,02.sept,19,9,50,0.00,0.00,0.00,0.00,0.00,0.44,0.03,0.47,0.44,0.47
Craig Dawson,eng ENG,DF,Watford,29,1990,29,26,2 361,26.févr,2,0,2,2,0,0,6,0,3.0,3.0,0.5,03.mai,4,63,7,0.08,0.00,0.08,0.08,0.08,0.11,0.02,0.13,0.11,0.13
Kevin De Bruyne,be BEL,MF,Manchester City,28,1991,35,32,2 791,31.0,13,20,33,11,2,2,3,0,07.mars,05.août,20.0,25.août,139,280,257,0.42,0.64,01.juin,0.35,1.00,0.24,0.65,0.88,0.19,0.83
Troy Deeney,eng ENG,FW,Watford,31,1988,27,26,2 225,24.juil,10,2,12,5,5,6,3,0,10.mai,05.août,03.mai,09.mars,12,81,104,0.40,0.08,0.49,0.20,0.28,0.42,0.14,0.57,0.23,0.38
Fabian Delph,eng ENG,MF,Everton,29,1989,16,13,1 19,13.févr,0,0,0,0,0,0,5,1,0.1,0.1,0.4,0.5,19,94,9,0.00,0.00,0.00,0.00,0.00,0.01,0.03,0.04,0.01,0.04
Leander Dendoncker,be BEL,MF DF,Wolves,24,1995,38,32,2 795,31.janv,4,0,4,4,0,0,5,0,01.août,01.août,0.7,02.mai,17,68,39,0.13,0.00,0.13,0.13,0.13,0.06,0.02,0.08,0.06,0.08
Gerard Deulofeu,es ESP,FW,Watford,25,1994,28,25,2 098,23.mars,4,5,9,3,1,1,3,0,06.mars,05.mai,04.janv,09.juin,123,63,170,0.17,0.21,0.39,0.13,0.34,0.27,0.17,0.45,0.24,0.41
Eric Dier,eng ENG,DF MF,Tottenham,25,1994,19,15,1 344,14.sept,0,2,2,0,0,0,5,0,0.9,0.9,0.4,01.mars,4,37,4,0.00,0.13,0.13,0.00,0.13,0.06,0.03,0.08,0.06,0.08
Lucas Digne,fr FRA,DF,Everton,26,1993,35,35,3 03,33.7,0,7,7,0,0,0,6,0,01.mai,01.mai,06.mars,07.juil,69,134,251,0.00,0.21,0.21,0.00,0.21,0.04,0.19,0.23,0.04,0.23
Issa Diop,fr FRA,DF,West Ham,22,1997,32,31,2 766,30.juil,3,1,4,3,0,0,8,0,01.mai,01.mai,01.févr,02.juin,7,44,2,0.10,0.03,0.13,0.10,0.13,0.05,0.04,0.09,0.05,0.09
Moussa Djenepo,ml MLI,MF DF,Southampton,21,1998,18,10,928,10.mars,2,2,4,2,0,0,4,1,02.avr,02.avr,01.sept,04.mars,39,27,72,0.19,0.19,0.39,0.19,0.39,0.23,0.19,0.41,0.23,0.41
Matt Doherty,ie IRL,MF DF,Wolves,27,1992,36,32,2 839,31.mai,4,3,7,4,0,0,1,0,06.sept,06.sept,02.févr,09.janv,75,158,155,0.13,0.10,0.22,0.13,0.22,0.22,0.07,0.29,0.22,0.29
Abdoulaye Doucouré,ml MLI,MF,Watford,26,1993,37,36,3 156,35.1,4,2,6,4,0,0,9,0,05.févr,05.févr,03.sept,9.0,69,161,96,0.11,0.06,0.17,0.11,0.17,0.15,0.11,0.26,0.15,0.26
Tommy Doyle,eng ENG,MF,Manchester City,17,2001,1,0,16,0.2,0,0,0,0,0,0,0,0,0.0,0.0,0.0,0.0,0,0,0,0.00,0.00,0.00,0.00,0.00,0.24,0.00,0.24,0.24,0.24
Danny Drinkwater,eng ENG,MF,Aston Villa,29,1990,4,4,259,02.sept,0,0,0,0,0,0,1,0,0.1,0.1,0.0,0.2,2,20,4,0.00,0.00,0.00,0.00,0.00,0.04,0.01,0.05,0.04,0.05
Danny Drinkwater,eng ENG,MF,Burnley,29,1990,1,1,58,0.6,0,0,0,0,0,0,0,0,0.0,0.0,0.0,0.0,0,0,1,0.00,0.00,0.00,0.00,0.00,0.00,0.00,0.00,0.00,0.00
Josip Drmić,ch SUI,FW,Norwich City,26,1992,21,5,647,07.févr,1,0,1,1,0,0,0,1,03.janv,03.janv,01.janv,04.janv,5,4,42,0.14,0.00,0.14,0.14,0.14,0.43,0.15,0.58,0.43,0.58
Martin Dúbravka,sk SVK,GK,Newcastle Utd,30,1989,38,38,3 42,38.0,0,0,0,0,0,0,0,0,0.0,0.0,0.0,0.0,0,0,0,0.00,0.00,0.00,0.00,0.00,0.00,0.00,0.00,0.00,0.00
Ondrej Duda,sk SVK,MF,Norwich City,24,1994,10,9,724,8.0,0,0,0,0,0,0,0,0,0.5,0.5,01.mai,2.0,8,25,17,0.00,0.00,0.00,0.00,0.00,0.06,0.19,0.25,0.06,0.25
Shane Duffy,ie IRL,DF,Brighton,27,1992,19,12,1 238,13.août,1,0,1,1,0,0,2,0,01.févr,01.févr,0.2,01.mars,4,29,2,0.07,0.00,0.07,0.07,0.07,0.09,0.01,0.10,0.09,0.10
Paul Dummett,wls WAL,DF,Newcastle Utd,27,1991,16,14,1 228,13.juin,0,0,0,0,0,0,2,0,0.1,0.1,0.2,0.3,7,31,16,0.00,0.00,0.00,0.00,0.00,0.00,0.02,0.02,0.00,0.02
Lewis Dunk,eng ENG,DF,Brighton,27,1991,36,36,3 23,35.9,3,3,6,3,0,0,9,0,04.mai,04.mai,01.mai,6.0,18,110,5,0.08,0.08,0.17,0.08,0.17,0.13,0.04,0.17,0.13,0.17
Player,Nation,Pos,Squad,Age,Born,MP,Starts,Min,90s,Gls,Ast,G+A,G-PK,PK,PKatt,CrdY,CrdR,xG,npxG,xAG,npxG+xAG,PrgC,PrgP,PrgR,Gls,Ast,G+A,G-PK,G+A-PK,xG,xAG,xG+xAG,npxG,npxG+xAG
Ederson,br BRA,GK,Manchester City,25,1993,35,35,3 071,34.1,0,0,0,0,0,0,3,1,0.0,0.0,0.1,0.1,0,0,0,0.00,0.00,0.00,0.00,0.00,0.00,0.00,0.00,0.00,0.00
John Egan,ie IRL,DF,Sheffield Utd,26,1992,36,36,3 187,35.4,2,0,2,2,0,0,5,1,02.juil,02.juil,0.4,03.févr,6,66,5,0.06,0.00,0.06,0.06,0.06,0.08,0.01,0.09,0.08,0.09
Harvey Elliott,eng ENG,DF,Liverpool,16,2003,2,0,8,0.1,0,0,0,0,0,0,0,0,0.0,0.0,0.0,0.0,0,2,1,0.00,0.00,0.00,0.00,0.00,0.00,0.00,0.00,0.00,0.00
Ahmed Elmohamady,eg EGY,DF,Aston Villa,31,1987,18,11,1 031,11.mai,1,1,2,1,0,0,1,0,0.2,0.2,02.août,3.0,39,47,37,0.09,0.09,0.17,0.09,0.17,0.02,0.24,0.26,0.02,0.26
Björn Engels,be BEL,DF,Aston Villa,24,1994,17,15,1 447,16.janv,1,0,1,1,0,0,1,0,1.0,0.9,0.3,01.févr,5,43,2,0.06,0.00,0.06,0.06,0.06,0.06,0.02,0.08,0.06,0.07
Christian Eriksen,dk DEN,MF FW,Tottenham,27,1992,20,10,1 097,12.févr,2,2,4,2,0,0,5,0,01.sept,01.sept,01.sept,03.août,28,74,32,0.16,0.16,0.33,0.16,0.33,0.15,0.16,0.31,0.15,0.31
Jonny Evans,nir NIR,DF,Leicester City,31,1988,38,38,3 383,37.6,1,1,2,1,0,0,8,1,03.juil,03.juil,0.7,04.avr,31,157,4,0.03,0.03,0.05,0.03,0.05,0.10,0.02,0.12,0.10,0.12
Łukasz Fabiański,pl POL,GK,West Ham,34,1985,25,25,2 117,23.mai,0,0,0,0,0,0,1,0,0.0,0.0,0.0,0.0,0,0,0,0.00,0.00,0.00,0.00,0.00,0.00,0.00,0.00,0.00,0.00
Fabinho,br BRA,MF,Liverpool,25,1993,28,22,2 079,23.janv,2,3,5,2,0,0,6,0,0.4,0.4,01.juin,02.janv,19,129,23,0.09,0.13,0.22,0.09,0.22,0.02,0.07,0.09,0.02,0.09
Ralf Fährmann,de GER,GK,Norwich City,30,1988,1,1,21,0.2,0,0,0,0,0,0,0,0,0.0,0.0,0.0,0.0,0,0,0,0.00,0.00,0.00,0.00,0.00,0.00,0.00,0.00,0.00,0.00
Akin Famewo,eng ENG,MF,Norwich City,20,1998,1,0,1,0.0,0,0,0,0,0,0,0,0,0.0,0.0,0.0,0.0,0,0,0,0.00,0.00,0.00,0.00,0.00,0.00,0.00,0.00,0.00,0.00
Kiko Femenía,es ESP,DF,Watford,28,1991,28,26,2 237,24.sept,0,0,0,0,0,0,5,0,0.1,0.1,01.avr,01.mai,49,85,81,0.00,0.00,0.00,0.00,0.00,0.01,0.06,0.06,0.01,0.06
Bruno Fernandes,pt POR,MF,Manchester Utd,24,1994,14,14,1 186,13.févr,8,7,15,4,4,4,2,0,06.févr,3.0,02.mai,05.mai,34,110,92,0.61,0.53,janv.14,0.30,0.83,0.47,0.19,0.66,0.23,0.42
Gedson Fernandes,pt POR,MF DF,Tottenham,20,1999,7,0,68,0.8,0,0,0,0,0,0,0,0,0.0,0.0,0.1,0.1,9,4,15,0.00,0.00,0.00,0.00,0.00,0.03,0.13,0.16,0.03,0.16
Federico Fernández,ar ARG,DF,Newcastle Utd,30,1989,32,29,2 62,29.janv,2,2,4,2,0,0,8,0,01.avr,01.avr,01.févr,02.juin,4,43,13,0.07,0.07,0.14,0.07,0.14,0.05,0.04,0.09,0.05,0.09
Fernandinho,br BRA,DF,Manchester City,34,1985,30,26,2 397,26.juin,0,1,1,0,0,0,9,2,1.0,1.0,0.4,01.avr,51,213,7,0.00,0.04,0.04,0.00,0.04,0.04,0.01,0.05,0.04,0.05
Roberto Firmino,br BRA,FW,Liverpool,27,1991,38,34,2 988,33.2,9,8,17,9,0,0,0,0,14.0,14.0,06.mai,20.mai,90,111,218,0.27,0.24,0.51,0.27,0.51,0.42,0.20,0.62,0.42,0.62
John Fleck,sct SCO,MF,Sheffield Utd,27,1991,30,28,2 516,28.0,5,2,7,5,0,0,8,0,03.janv,03.janv,03.avr,06.mai,48,139,90,0.18,0.07,0.25,0.18,0.25,0.11,0.12,0.23,0.11,0.23
Phil Foden,eng ENG,FW MF,Manchester City,19,2000,23,9,901,10.0,5,2,7,5,0,0,0,0,03.mars,03.mars,01.févr,04.mai,36,49,102,0.50,0.20,0.70,0.50,0.70,0.33,0.12,0.45,0.33,0.45
Pablo Fornals,es ESP,MF FW,West Ham,23,1996,36,24,2 172,24.janv,2,5,7,2,0,0,3,0,02.mars,02.mars,02.mai,04.août,45,91,156,0.08,0.21,0.29,0.08,0.29,0.10,0.10,0.20,0.10,0.20
Ben Foster,eng ENG,GK,Watford,36,1983,38,38,3 42,38.0,0,0,0,0,0,0,1,0,0.1,0.1,0.0,0.1,0,0,0,0.00,0.00,0.00,0.00,0.00,0.00,0.00,0.00,0.00,0.00
Timothy Fosu-Mensah,nl NED,DF,Manchester Utd,21,1998,3,2,136,01.mai,0,0,0,0,0,0,1,0,0.1,0.1,0.1,0.2,4,4,11,0.00,0.00,0.00,0.00,0.00,0.05,0.07,0.11,0.05,0.11
Dimitri Foulquier,fr FRA,DF MF,Watford,26,1993,3,1,59,0.7,0,0,0,0,0,0,0,0,0.0,0.0,0.0,0.0,3,3,1,0.00,0.00,0.00,0.00,0.00,0.00,0.00,0.00,0.00,0.00
Juan Foyth,ar ARG,DF,Tottenham,21,1998,4,1,68,0.8,0,0,0,0,0,0,1,0,0.0,0.0,0.0,0.0,0,4,0,0.00,0.00,0.00,0.00,0.00,0.00,0.04,0.04,0.00,0.04
Simon Francis,eng ENG,DF,Bournemouth,34,1985,15,10,969,10.août,0,0,0,0,0,0,5,1,0.1,0.1,0.2,0.4,5,26,16,0.00,0.00,0.00,0.00,0.00,0.01,0.02,0.03,0.01,0.03
Player,Nation,Pos,Squad,Age,Born,MP,Starts,Min,90s,Gls,Ast,G+A,G-PK,PK,PKatt,CrdY,CrdR,xG,npxG,xAG,npxG+xAG,PrgC,PrgP,PrgR,Gls,Ast,G+A,G-PK,G+A-PK,xG,xAG,xG+xAG,npxG,npxG+xAG
Ryan Fraser,sct SCO,MF FW,Bournemouth,25,1994,28,21,2 067,23.0,1,4,5,1,0,0,2,0,03.juil,03.juil,03.sept,07.juin,99,100,164,0.04,0.17,0.22,0.04,0.22,0.16,0.17,0.33,0.16,0.33
Fred,br BRA,MF,Manchester Utd,26,1993,29,23,2 163,24.0,0,0,0,0,0,0,8,0,01.juil,01.juil,02.janv,03.août,28,158,39,0.00,0.00,0.00,0.00,0.00,0.07,0.09,0.16,0.07,0.16
Ryan Fredericks,eng ENG,DF,West Ham,26,1992,27,25,2 237,24.sept,0,3,3,0,0,0,7,0,0.1,0.1,02.juin,02.juil,63,72,110,0.00,0.12,0.12,0.00,0.12,0.01,0.10,0.11,0.01,0.11
Kieron Freeman,wls WAL,FW,Sheffield Utd,27,1992,2,0,7,0.1,0,0,0,0,0,0,0,0,0.0,0.0,0.0,0.0,0,0,0,0.00,0.00,0.00,0.00,0.00,0.00,0.00,0.00,0.00,0.00
Luke Freeman,eng ENG,MF,Sheffield Utd,27,1992,11,3,366,04.janv,0,0,0,0,0,0,2,0,0.1,0.1,0.2,0.2,14,20,23,0.00,0.00,0.00,0.00,0.00,0.02,0.04,0.06,0.02,0.06
Christian Fuchs,at AUT,DF,Leicester City,33,1986,11,8,772,08.juin,0,0,0,0,0,0,0,0,0.2,0.2,0.1,0.3,8,46,18,0.00,0.00,0.00,0.00,0.00,0.03,0.01,0.04,0.03,0.04
Eric García,es ESP,DF,Manchester City,18,2001,13,8,793,08.août,0,0,0,0,0,0,1,0,0.5,0.5,0.2,0.7,7,53,0,0.00,0.00,0.00,0.00,0.00,0.06,0.02,0.08,0.06,0.08
James Garner,eng ENG,MF,Manchester Utd,18,2001,1,0,9,0.1,0,0,0,0,0,0,0,0,0.0,0.0,0.0,0.0,0,0,0,0.00,0.00,0.00,0.00,0.00,0.00,0.00,0.00,0.00,0.00
Dwight Gayle,eng ENG,FW,Newcastle Utd,28,1990,20,10,850,09.avr,4,2,6,4,0,0,2,0,04.mars,04.mars,0.8,05.janv,7,7,43,0.42,0.21,0.64,0.42,0.64,0.46,0.09,0.54,0.46,0.54
Paulo Gazzaniga,ar ARG,GK,Tottenham,27,1992,18,17,1 613,17.sept,0,0,0,0,0,0,1,0,0.0,0.0,0.3,0.3,0,0,0,0.00,0.00,0.00,0.00,0.00,0.00,0.02,0.02,0.00,0.02
Jean-Philippe Gbamin,ci CIV,MF,Everton,23,1995,2,1,136,01.mai,0,0,0,0,0,0,0,0,0.0,0.0,0.0,0.0,0,7,3,0.00,0.00,0.00,0.00,0.00,0.00,0.00,0.00,0.00,0.00
David de Gea,es ESP,GK,Manchester Utd,28,1990,38,38,3 42,38.0,0,0,0,0,0,0,2,0,0.0,0.0,0.0,0.0,0,0,0,0.00,0.00,0.00,0.00,0.00,0.00,0.00,0.00,0.00,0.00
Anwar El Ghazi,nl NED,FW MF,Aston Villa,24,1995,34,26,2 051,22.août,4,4,8,3,1,1,3,0,06.févr,05.avr,02.juil,08.févr,65,47,155,0.18,0.18,0.35,0.13,0.31,0.27,0.12,0.39,0.24,0.36
Morgan Gibbs-White,eng ENG,MF FW,Wolves,19,2000,7,1,129,01.avr,0,0,0,0,0,0,0,0,0.1,0.1,0.1,0.2,5,6,11,0.00,0.00,0.00,0.00,0.00,0.06,0.07,0.13,0.06,0.13
Billy Gilmour,sct SCO,MF,Chelsea,18,2001,6,2,194,02.févr,0,0,0,0,0,0,0,0,0.0,0.0,0.1,0.2,4,11,3,0.00,0.00,0.00,0.00,0.00,0.01,0.06,0.07,0.01,0.07
Olivier Giroud,fr FRA,FW,Chelsea,32,1986,18,12,993,11.0,8,0,8,8,0,0,1,0,07.mars,07.mars,0.9,08.févr,6,7,59,0.73,0.00,0.73,0.73,0.73,0.66,0.08,0.74,0.66,0.74
Ben Godfrey,eng ENG,DF,Norwich City,21,1998,30,30,2 644,29.avr,0,0,0,0,0,0,3,1,0.7,0.7,0.1,0.8,23,76,2,0.00,0.00,0.00,0.00,0.00,0.02,0.00,0.03,0.02,0.03
André Gomes,pt POR,MF,Everton,26,1993,19,17,1 458,16.févr,0,1,1,0,0,0,6,0,0.2,0.2,01.janv,01.févr,10,105,16,0.00,0.06,0.06,0.00,0.06,0.01,0.07,0.08,0.01,0.08
Angel Gomes,eng ENG,MF,Manchester Utd,18,2000,2,0,21,0.2,0,0,0,0,0,0,0,0,0.0,0.0,0.1,0.1,2,4,2,0.00,0.00,0.00,0.00,0.00,0.00,0.59,0.59,0.00,0.59
Joe Gomez,eng ENG,DF,Liverpool,22,1997,28,22,2 004,22.mars,0,0,0,0,0,0,7,0,0.0,0.0,0.2,0.2,17,115,11,0.00,0.00,0.00,0.00,0.00,0.00,0.01,0.01,0.00,0.01
Anthony Gordon,eng ENG,MF FW,Everton,18,2001,11,4,440,04.sept,0,1,1,0,0,0,0,0,0.3,0.3,0.4,0.7,13,9,26,0.00,0.20,0.20,0.00,0.20,0.06,0.08,0.14,0.06,0.14
Dan Gosling,eng ENG,MF,Bournemouth,29,1990,24,14,1 264,14.0,3,1,4,3,0,0,3,0,02.sept,02.sept,01.janv,4.0,10,55,36,0.21,0.07,0.28,0.21,0.28,0.21,0.08,0.28,0.21,0.28
Andre Gray,jm JAM,FW,Watford,28,1991,23,7,755,08.avr,2,0,2,2,0,0,1,0,02.avr,02.avr,01.août,04.févr,6,15,64,0.24,0.00,0.24,0.24,0.24,0.29,0.21,0.50,0.29,0.50
Demarai Gray,jm JAM,MF FW,Leicester City,23,1996,21,3,622,06.sept,2,3,5,2,0,1,1,0,02.août,2.0,02.janv,4.0,40,21,78,0.29,0.43,0.72,0.29,0.72,0.40,0.30,0.70,0.28,0.59
Jack Grealish,eng ENG,FW MF,Aston Villa,23,1995,36,36,3 233,35.9,8,6,14,8,0,1,8,0,06.août,6.0,07.avr,13.avr,212,197,209,0.22,0.17,0.39,0.22,0.39,0.19,0.21,0.40,0.17,0.37
Player,Nation,Pos,Squad,Age,Born,MP,Starts,Min,90s,Gls,Ast,G+A,G-PK,PK,PKatt,CrdY,CrdR,xG,npxG,xAG,npxG+xAG,PrgC,PrgP,PrgR,Gls,Ast,G+A,G-PK,G+A-PK,xG,xAG,xG+xAG,npxG,npxG+xAG
Mason Greenwood,eng ENG,FW,Manchester Utd,17,2001,31,12,1 32,14.juil,10,1,11,10,0,0,0,0,02.sept,02.sept,1.0,03.sept,32,37,116,0.68,0.07,0.75,0.68,0.75,0.20,0.07,0.27,0.20,0.27
Pascal Groß,de GER,MF FW,Brighton,28,1991,29,22,1 796,20.0,2,4,6,2,0,0,4,0,01.juin,01.juin,05.mars,06.sept,36,135,198,0.10,0.20,0.30,0.10,0.30,0.08,0.26,0.34,0.08,0.34
Vicente Guaita,es ESP,GK,Crystal Palace,32,1987,35,35,3 15,35.0,0,0,0,0,0,0,1,0,0.0,0.0,0.0,0.0,0,0,0,0.00,0.00,0.00,0.00,0.00,0.00,0.00,0.00,0.00,0.00
Mattéo Guendouzi,fr FRA,MF,Arsenal,20,1999,24,19,1 748,19.avr,0,1,1,0,0,0,6,0,0.8,0.8,01.janv,01.sept,50,160,27,0.00,0.05,0.05,0.00,0.05,0.04,0.06,0.10,0.04,0.10
Frederic Guilbert,fr FRA,DF MF,Aston Villa,24,1994,25,22,2 041,22.juil,0,2,2,0,0,0,7,0,0.3,0.3,01.mai,01.sept,56,81,96,0.00,0.09,0.09,0.00,0.09,0.02,0.07,0.08,0.02,0.08
İlkay Gündoğan,de GER,MF,Manchester City,28,1990,31,21,2 02,22.avr,2,1,3,1,1,2,7,0,4.0,02.avr,02.janv,04.mai,39,202,56,0.09,0.04,0.13,0.04,0.09,0.18,0.10,0.27,0.11,0.20
Angus Gunn,sct SCO,GK,Southampton,23,1996,10,10,900,10.0,0,0,0,0,0,0,0,0,0.0,0.0,0.0,0.0,0,0,0,0.00,0.00,0.00,0.00,0.00,0.00,0.00,0.00,0.00,0.00
Sébastien Haller,ci CIV,FW,West Ham,25,1994,32,24,2 266,25.févr,7,1,8,7,0,0,1,0,8.0,8.0,02.mai,10.mai,17,59,140,0.28,0.04,0.32,0.28,0.32,0.32,0.10,0.42,0.32,0.42
Grant Hanley,sct SCO,DF,Norwich City,27,1991,15,14,1 262,14.0,0,0,0,0,0,0,4,0,0.6,0.6,0.0,0.6,0,17,0,0.00,0.00,0.00,0.00,0.00,0.04,0.00,0.04,0.04,0.04
Kortney Hause,eng ENG,DF,Aston Villa,24,1995,18,17,1 545,17.févr,1,0,1,1,0,0,3,0,02.mai,02.mai,0.5,02.sept,8,46,4,0.06,0.00,0.06,0.06,0.06,0.14,0.03,0.17,0.14,0.17
Isaac Hayden,jm JAM,MF,Newcastle Utd,24,1995,29,26,2 223,24.juil,1,2,3,1,0,0,4,1,01.févr,01.févr,02.mars,03.mai,24,52,30,0.04,0.08,0.12,0.04,0.12,0.05,0.09,0.14,0.05,0.14
Tom Heaton,eng ENG,GK,Aston Villa,33,1986,20,20,1 794,19.sept,0,0,0,0,0,0,0,0,0.0,0.0,0.0,0.0,0,0,0,0.00,0.00,0.00,0.00,0.00,0.00,0.00,0.00,0.00,0.00
Dean Henderson,eng ENG,GK,Sheffield Utd,22,1997,36,36,3 24,36.0,0,0,0,0,0,0,2,0,0.1,0.1,0.0,0.1,0,0,0,0.00,0.00,0.00,0.00,0.00,0.00,0.00,0.00,0.00,0.00
Jordan Henderson,eng ENG,MF,Liverpool,29,1990,30,26,2 238,24.sept,4,5,9,4,0,0,2,0,01.janv,01.janv,03.janv,04.févr,51,197,77,0.16,0.20,0.36,0.16,0.36,0.04,0.13,0.17,0.04,0.17
Jeff Hendrick,ie IRL,MF,Burnley,27,1992,24,22,1 931,21.mai,2,2,4,2,0,0,8,0,01.juil,01.juil,01.juin,03.mars,24,40,61,0.09,0.09,0.19,0.09,0.19,0.08,0.07,0.16,0.08,0.16
Wayne Hennessey,wls WAL,GK,Crystal Palace,32,1987,3,3,270,3.0,0,0,0,0,0,0,0,0,0.0,0.0,0.0,0.0,0,0,0,0.00,0.00,0.00,0.00,0.00,0.00,0.00,0.00,0.00,0.00
Javier Hernández,mx MEX,FW,West Ham,31,1988,2,1,107,01.févr,1,0,1,1,0,0,0,0,1.0,1.0,0.0,1.0,0,3,4,0.84,0.00,0.84,0.84,0.84,0.82,0.00,0.82,0.82,0.82
Onel Hernández,cu CUB,FW MF,Norwich City,26,1993,26,14,1 384,15.avr,1,2,3,1,0,0,0,0,02.févr,02.févr,0.9,03.févr,72,22,124,0.07,0.13,0.20,0.07,0.20,0.15,0.06,0.21,0.15,0.21
Son Heung-min,kr KOR,FW,Tottenham,27,1992,30,28,2 476,27.mai,11,10,21,11,0,1,0,2,08.sept,8.0,06.avr,14.avr,90,71,215,0.40,0.36,0.76,0.40,0.76,0.32,0.23,0.56,0.29,0.53
George Hirst,sct SCO,MF DF,Leicester City,20,1999,2,0,11,0.1,0,0,0,0,0,0,0,0,0.1,0.1,0.0,0.1,0,0,1,0.00,0.00,0.00,0.00,0.00,janv.21,0.00,janv.21,janv.21,janv.21
Rob Holding,eng ENG,DF,Arsenal,23,1995,8,6,581,06.mai,0,0,0,0,0,0,1,0,0.2,0.2,0.0,0.2,3,16,1,0.00,0.00,0.00,0.00,0.00,0.03,0.00,0.03,0.03,0.03
José Holebas,gr GRE,DF,Watford,35,1984,14,11,1 025,11.avr,0,0,0,0,0,0,5,0,0.3,0.3,0.7,01.janv,23,51,27,0.00,0.00,0.00,0.00,0.00,0.03,0.06,0.09,0.03,0.09
Mason Holgate,jm JAM,DF,Everton,22,1996,27,24,2 054,22.août,0,3,3,0,0,0,5,0,01.juil,01.juil,0.7,02.avr,18,58,4,0.00,0.13,0.13,0.00,0.13,0.08,0.03,0.10,0.08,0.10
Nathan Holland,eng ENG,MF,West Ham,21,1998,2,0,33,0.4,0,0,0,0,0,0,0,0,0.0,0.0,0.0,0.0,1,1,6,0.00,0.00,0.00,0.00,0.00,0.06,0.00,0.06,0.06,0.06
Conor Hourihane,ie IRL,MF,Aston Villa,28,1991,27,18,1 534,17.0,3,5,8,3,0,0,4,0,01.juil,01.juil,6.0,07.juil,9,75,57,0.18,0.29,0.47,0.18,0.47,0.10,0.35,0.45,0.10,0.45
Player,Nation,Pos,Squad,Age,Born,MP,Starts,Min,90s,Gls,Ast,G+A,G-PK,PK,PKatt,CrdY,CrdR,xG,npxG,xAG,npxG+xAG,PrgC,PrgP,PrgR,Gls,Ast,G+A,G-PK,G+A-PK,xG,xAG,xG+xAG,npxG,npxG+xAG
Callum Hudson-Odoi,eng ENG,FW MF,Chelsea,18,2000,22,7,863,09.juin,1,5,6,1,0,0,1,0,01.sept,01.sept,2.0,4.0,63,43,116,0.10,0.52,0.63,0.10,0.63,0.20,0.21,0.41,0.20,0.41
Will Hughes,eng ENG,MF,Watford,24,1995,30,27,2 252,25.0,1,1,2,1,0,0,9,0,02.mars,02.mars,02.janv,04.avr,40,87,60,0.04,0.04,0.08,0.04,0.08,0.09,0.08,0.17,0.09,0.17
Pierre Højbjerg,dk DEN,MF,Southampton,23,1995,33,30,2 752,30.juin,0,1,1,0,0,0,5,0,03.févr,03.févr,01.août,5.0,33,219,55,0.00,0.03,0.03,0.00,0.03,0.11,0.06,0.16,0.11,0.16
Jordon Ibe,eng ENG,DF,Bournemouth,23,1995,2,0,50,0.6,0,0,0,0,0,0,0,0,0.0,0.0,0.0,0.0,4,2,4,0.00,0.00,0.00,0.00,0.00,0.00,0.00,0.00,0.00,0.00
Adam Idah,ie IRL,FW MF,Norwich City,18,2001,12,1,228,02.mai,0,0,0,0,0,0,0,0,1.0,1.0,0.0,01.janv,5,2,11,0.00,0.00,0.00,0.00,0.00,0.40,0.02,0.41,0.40,0.41
Odion Ighalo,ng NGA,FW,Manchester Utd,30,1989,11,0,101,01.janv,0,0,0,0,0,0,0,0,01.sept,01.sept,0.1,2.0,2,2,13,0.00,0.00,0.00,0.00,0.00,janv.68,0.07,janv.75,janv.68,janv.75
Kelechi Iheanacho,ng NGA,FW,Leicester City,22,1996,20,12,960,10.juil,5,3,8,5,0,0,1,0,6.0,6.0,02.juin,08.juin,22,29,88,0.47,0.28,0.75,0.47,0.75,0.56,0.24,0.80,0.56,0.80
Danny Ings,eng ENG,FW,Southampton,27,1992,38,32,2 804,31.2,22,2,24,21,1,2,3,0,16.févr,14.juil,02.juil,17.mars,50,75,194,0.71,0.06,0.77,0.67,0.74,0.52,0.09,0.61,0.47,0.56
Alex Iwobi,ng NGA,MF FW,Everton,23,1996,25,19,1 596,17.juil,1,0,1,1,0,0,0,0,02.mai,02.mai,01.sept,04.avr,60,106,84,0.06,0.00,0.06,0.06,0.06,0.14,0.11,0.25,0.14,0.25
Phil Jagielka,eng ENG,DF,Sheffield Utd,36,1982,6,2,244,02.juil,0,0,0,0,0,0,0,0,0.0,0.0,0.0,0.0,0,4,0,0.00,0.00,0.00,0.00,0.00,0.00,0.00,0.00,0.00,0.00
Alireza Jahanbakhsh,ir IRN,FW MF,Brighton,25,1993,10,3,311,03.mai,2,0,2,2,0,0,0,0,0.6,0.6,0.6,01.févr,8,12,51,0.58,0.00,0.58,0.58,0.58,0.17,0.18,0.35,0.17,0.35
Daniel James,wls WAL,FW,Manchester Utd,21,1997,33,26,2 287,25.avr,3,6,9,3,0,0,4,0,03.janv,03.janv,03.sept,7.0,140,60,263,0.12,0.24,0.35,0.12,0.35,0.12,0.15,0.28,0.12,0.28
Matty James,eng ENG,MF,Leicester City,28,1991,1,0,6,0.1,0,0,0,0,0,0,0,0,0.0,0.0,0.0,0.0,0,1,0,0.00,0.00,0.00,0.00,0.00,0.00,0.00,0.00,0.00,0.00
Reece James,eng ENG,DF,Chelsea,19,1999,24,16,1 515,16.août,0,2,2,0,0,0,1,0,0.8,0.8,02.juil,03.mai,43,98,115,0.00,0.12,0.12,0.00,0.12,0.04,0.16,0.21,0.04,0.21
Daryl Janmaat,nl NED,DF,Watford,30,1989,8,7,607,06.juil,0,1,1,0,0,0,1,0,0.3,0.3,0.5,0.8,15,29,30,0.00,0.15,0.15,0.00,0.15,0.04,0.07,0.11,0.04,0.11
Gabriel Jesus,br BRA,FW,Manchester City,22,1997,34,21,2 03,22.juin,14,7,21,14,0,1,3,0,18.févr,17.avr,03.févr,20.juin,55,37,203,0.62,0.31,0.93,0.62,0.93,0.81,0.14,0.95,0.77,0.91
Raúl Jiménez,mx MEX,FW,Wolves,28,1991,38,37,3 236,36.0,17,6,23,13,4,4,3,0,16.juin,13.avr,7.0,20.avr,89,102,223,0.47,0.17,0.64,0.36,0.53,0.46,0.19,0.65,0.37,0.57
João Pedro,br BRA,FW MF,Watford,17,2001,3,0,25,0.3,0,0,0,0,0,0,0,0,0.0,0.0,0.0,0.0,2,1,3,0.00,0.00,0.00,0.00,0.00,0.18,0.00,0.18,0.18,0.18
Joelinton,br BRA,FW,Newcastle Utd,22,1996,38,32,2 683,29.août,2,2,4,2,0,0,7,0,05.mai,05.mai,02.sept,08.mars,47,56,133,0.07,0.07,0.13,0.07,0.13,0.18,0.10,0.28,0.18,0.28
Ben Johnson,eng ENG,DF,West Ham,19,2000,3,3,270,3.0,0,0,0,0,0,0,0,0,0.0,0.0,0.1,0.1,7,19,8,0.00,0.00,0.00,0.00,0.00,0.00,0.02,0.02,0.00,0.02
Curtis Jones,eng ENG,MF,Liverpool,18,2001,6,1,126,01.avr,1,0,1,1,0,0,0,0,0.4,0.4,0.0,0.4,4,9,7,0.71,0.00,0.71,0.71,0.71,0.32,0.00,0.32,0.32,0.32
Phil Jones,eng ENG,DF,Manchester Utd,27,1992,2,2,135,01.mai,0,0,0,0,0,0,0,0,0.1,0.1,0.0,0.1,2,7,1,0.00,0.00,0.00,0.00,0.00,0.09,0.00,0.09,0.09,0.09
Bruno Jordão,pt POR,FW,Wolves,20,1998,1,0,7,0.1,0,0,0,0,0,0,0,0,0.0,0.0,0.1,0.1,0,1,0,0.00,0.00,0.00,0.00,0.00,0.00,0.82,0.82,0.00,0.82
Jorginho,it ITA,MF,Chelsea,27,1991,31,27,2 379,26.avr,4,2,6,1,3,3,10,0,03.févr,0.9,02.août,03.juil,24,218,29,0.15,0.08,0.23,0.04,0.11,0.12,0.11,0.23,0.03,0.14
Jota,es ESP,FW MF,Aston Villa,28,1991,10,4,335,03.juil,0,1,1,0,0,0,0,0,0.3,0.3,0.6,0.9,10,14,23,0.00,0.27,0.27,0.00,0.27,0.08,0.15,0.23,0.08,0.23
Player,Nation,Pos,Squad,Age,Born,MP,Starts,Min,90s,Gls,Ast,G+A,G-PK,PK,PKatt,CrdY,CrdR,xG,npxG,xAG,npxG+xAG,PrgC,PrgP,PrgR,Gls,Ast,G+A,G-PK,G+A-PK,xG,xAG,xG+xAG,npxG,npxG+xAG
Diogo Jota,pt POR,FW,Wolves,22,1996,34,27,2 284,25.avr,7,1,8,7,0,0,4,0,11.mai,11.mai,02.juil,14.févr,131,68,200,0.28,0.04,0.32,0.28,0.32,0.45,0.11,0.56,0.45,0.56
James Justin,eng ENG,DF MF,Leicester City,21,1998,13,11,1 012,11.févr,0,1,1,0,0,0,1,0,0.3,0.3,1.0,01.mars,30,56,59,0.00,0.09,0.09,0.00,0.09,0.03,0.09,0.11,0.03,0.11
Christian Kabasele,be BEL,DF,Watford,28,1991,27,26,2 25,25.0,0,2,2,0,0,0,3,2,0.9,0.9,0.9,01.août,1,36,0,0.00,0.08,0.08,0.00,0.08,0.04,0.03,0.07,0.04,0.07
Harry Kane,eng ENG,FW,Tottenham,26,1993,29,29,2 587,28.juil,18,2,20,16,2,2,4,0,12.mai,10.sept,03.mars,14.févr,46,76,174,0.63,0.07,0.70,0.56,0.63,0.43,0.11,0.55,0.38,0.49
N'Golo Kanté,fr FRA,MF,Chelsea,28,1991,22,20,1 732,19.févr,3,0,3,3,0,0,4,0,01.avr,01.avr,01.mai,02.sept,41,132,63,0.16,0.00,0.16,0.16,0.16,0.07,0.08,0.15,0.07,0.15
Moise Kean,it ITA,FW,Everton,19,2000,29,6,852,09.mai,2,2,4,2,0,0,1,0,4.0,4.0,2.0,6.0,26,12,60,0.21,0.21,0.42,0.21,0.42,0.42,0.21,0.63,0.42,0.63
Michael Keane,eng ENG,DF,Everton,26,1993,31,28,2 559,28.avr,2,0,2,2,0,0,3,0,01.sept,01.sept,0.7,02.mai,9,84,3,0.07,0.00,0.07,0.07,0.07,0.07,0.02,0.09,0.07,0.09
Naby Keïta,gn GUI,MF,Liverpool,24,1995,18,9,815,09.janv,2,3,5,2,0,0,1,0,01.juin,01.juin,02.juil,04.avr,35,69,36,0.22,0.33,0.55,0.22,0.55,0.18,0.30,0.48,0.18,0.48
Lloyd Kelly,eng ENG,DF,Bournemouth,20,1998,8,7,639,07.janv,0,0,0,0,0,0,2,0,0.0,0.0,0.3,0.3,6,9,9,0.00,0.00,0.00,0.00,0.00,0.00,0.04,0.05,0.00,0.05
Martin Kelly,eng ENG,DF,Crystal Palace,29,1990,19,17,1 549,17.févr,0,1,1,0,0,0,0,0,0.1,0.1,0.8,0.9,6,35,14,0.00,0.06,0.06,0.00,0.06,0.00,0.05,0.05,0.00,0.05
Max Kilman,eng ENG,DF,Wolves,22,1997,3,2,185,02.janv,0,0,0,0,0,0,0,0,0.0,0.0,0.0,0.0,0,10,0,0.00,0.00,0.00,0.00,0.00,0.00,0.00,0.00,0.00,0.00
Joshua King,no NOR,FW MF,Bournemouth,27,1992,26,24,2 011,22.mars,6,4,10,3,3,3,0,0,06.mai,04.janv,04.janv,08.févr,60,46,151,0.27,0.18,0.45,0.13,0.31,0.29,0.18,0.47,0.18,0.37
Timm Klose,ch SUI,DF,Norwich City,31,1988,7,7,585,06.mai,0,0,0,0,0,0,0,0,0.2,0.2,0.0,0.2,4,17,1,0.00,0.00,0.00,0.00,0.00,0.03,0.00,0.03,0.03,0.03
Jonathan Kodjia,ci CIV,FW,Aston Villa,29,1989,6,0,117,01.mars,0,0,0,0,0,0,1,0,0.1,0.1,0.1,0.2,4,1,10,0.00,0.00,0.00,0.00,0.00,0.09,0.05,0.14,0.09,0.14
Sead Kolašinac,ba BIH,DF,Arsenal,26,1993,26,19,1 701,18.sept,0,2,2,0,0,0,4,0,0.4,0.4,01.mars,01.juil,36,74,88,0.00,0.11,0.11,0.00,0.11,0.02,0.07,0.09,0.02,0.09
Ezri Konsa,eng ENG,DF,Aston Villa,21,1997,25,24,2 039,22.juil,1,2,3,1,0,0,3,0,01.mai,01.mai,1.0,02.avr,8,53,13,0.04,0.09,0.13,0.04,0.13,0.06,0.04,0.11,0.06,0.11
Cheikhou Kouyaté,sn SEN,MF DF,Crystal Palace,29,1989,35,29,2 528,28.janv,1,1,2,1,0,0,4,0,02.juil,02.juil,0.9,03.juin,12,64,55,0.04,0.04,0.07,0.04,0.07,0.10,0.03,0.13,0.10,0.13
Mateo Kovačić,hr CRO,MF,Chelsea,25,1994,31,23,2 073,23.0,1,3,4,1,0,0,8,0,0.9,0.9,01.août,02.juil,72,215,31,0.04,0.13,0.17,0.04,0.17,0.04,0.08,0.12,0.04,0.12
Emil Krafth,se SWE,DF,Newcastle Utd,24,1994,17,11,1 02,11.mars,0,1,1,0,0,0,0,0,0.3,0.3,0.6,1.0,11,19,20,0.00,0.09,0.09,0.00,0.09,0.03,0.06,0.08,0.03,0.08
Tim Krul,nl NED,GK,Norwich City,31,1988,36,36,3 24,36.0,0,0,0,0,0,0,4,0,0.0,0.0,0.0,0.0,0,1,0,0.00,0.00,0.00,0.00,0.00,0.00,0.00,0.00,0.00,0.00
Alexandre Lacazette,fr FRA,FW,Arsenal,28,1991,30,22,1 874,20.août,10,4,14,10,0,0,8,0,08.janv,08.janv,02.sept,11.janv,21,49,137,0.48,0.19,0.67,0.48,0.67,0.39,0.14,0.53,0.39,0.53
Adam Lallana,eng ENG,MF FW,Liverpool,31,1988,15,3,382,04.févr,1,1,2,1,0,0,1,0,0.8,0.8,0.6,01.mars,9,23,17,0.24,0.24,0.47,0.24,0.47,0.18,0.14,0.31,0.18,0.31
Érik Lamela,ar ARG,MF FW,Tottenham,27,1992,25,12,1 215,13.mai,2,1,3,2,0,0,3,0,02.sept,02.sept,01.janv,4.0,51,45,84,0.15,0.07,0.22,0.15,0.22,0.22,0.08,0.30,0.22,0.30
Tariq Lamptey,gh GHA,DF,Chelsea,18,2000,1,0,32,0.4,0,0,0,0,0,0,0,0,0.0,0.0,0.1,0.1,1,2,1,0.00,0.00,0.00,0.00,0.00,0.00,0.18,0.18,0.00,0.18
Tariq Lamptey,gh GHA,DF,Brighton,18,2000,8,7,588,06.mai,0,1,1,0,0,0,2,0,0.1,0.1,1.0,01.janv,17,15,32,0.00,0.15,0.15,0.00,0.15,0.01,0.15,0.16,0.01,0.16
Player,Nation,Pos,Squad,Age,Born,MP,Starts,Min,90s,Gls,Ast,G+A,G-PK,PK,PKatt,CrdY,CrdR,xG,npxG,xAG,npxG+xAG,PrgC,PrgP,PrgR,Gls,Ast,G+A,G-PK,G+A-PK,xG,xAG,xG+xAG,npxG,npxG+xAG
Henri Lansbury,eng ENG,MF,Aston Villa,28,1990,10,2,195,02.févr,0,0,0,0,0,0,0,0,0.1,0.1,0.1,0.2,0,7,2,0.00,0.00,0.00,0.00,0.00,0.04,0.03,0.07,0.04,0.07
Manuel Lanzini,ar ARG,MF FW,West Ham,26,1993,24,14,1 379,15.mars,0,2,2,0,0,0,1,0,02.févr,02.févr,02.févr,04.avr,46,77,59,0.00,0.13,0.13,0.00,0.13,0.14,0.15,0.29,0.14,0.29
Aymeric Laporte,es ESP,DF,Manchester City,25,1994,15,14,1 097,12.févr,1,0,1,1,0,0,1,0,0.5,0.5,0.1,0.7,23,112,3,0.08,0.00,0.08,0.08,0.08,0.04,0.01,0.05,0.04,0.05
Jamaal Lascelles,eng ENG,DF,Newcastle Utd,25,1993,24,24,2 076,23.janv,1,0,1,1,0,0,5,0,0.5,0.5,0.2,0.7,3,21,1,0.04,0.00,0.04,0.04,0.04,0.02,0.01,0.03,0.02,0.03
Valentino Lazaro,at AUT,DF MF,Newcastle Utd,23,1996,13,4,480,05.mars,1,0,1,1,0,0,0,1,0.4,0.4,0.2,0.6,7,7,14,0.19,0.00,0.19,0.19,0.19,0.07,0.04,0.11,0.07,0.11
Moritz Leitner,de GER,MF,Norwich City,26,1992,9,7,685,07.juin,0,0,0,0,0,0,1,0,0.3,0.3,0.3,0.6,17,62,23,0.00,0.00,0.00,0.00,0.00,0.04,0.04,0.08,0.04,0.08
Florian Lejeune,fr FRA,DF,Newcastle Utd,28,1991,6,4,442,04.sept,2,0,2,2,0,0,0,0,01.févr,01.févr,0.0,01.févr,1,7,0,0.41,0.00,0.41,0.41,0.41,0.24,0.01,0.25,0.24,0.25
Aaron Lennon,eng ENG,MF,Burnley,32,1987,16,4,496,05.mai,0,0,0,0,0,0,4,0,0.0,0.0,0.1,0.2,11,7,18,0.00,0.00,0.00,0.00,0.00,0.01,0.03,0.03,0.01,0.03
Bernd Leno,de GER,GK,Arsenal,27,1992,30,30,2 649,29.avr,0,0,0,0,0,0,2,0,0.0,0.0,0.0,0.0,0,0,0,0.00,0.00,0.00,0.00,0.00,0.00,0.00,0.00,0.00,0.00
Jefferson Lerma,co COL,MF,Bournemouth,24,1994,33,31,2 703,30.0,1,2,3,1,0,0,13,1,01.févr,01.févr,01.avr,02.juin,16,137,13,0.03,0.07,0.10,0.03,0.10,0.04,0.05,0.09,0.04,0.09
Jamal Lewis,nir NIR,DF,Norwich City,21,1998,28,25,2 304,25.juin,1,0,1,1,0,0,4,0,0.4,0.4,1.0,01.avr,100,74,106,0.04,0.00,0.04,0.04,0.04,0.01,0.04,0.05,0.01,0.05
Victor Lindelöf,se SWE,DF,Manchester Utd,25,1994,35,35,3 092,34.4,1,0,1,1,0,0,6,0,0.3,0.3,0.3,0.7,16,111,3,0.03,0.00,0.03,0.03,0.03,0.01,0.01,0.02,0.01,0.02
Jesse Lingard,eng ENG,MF FW,Manchester Utd,26,1992,22,9,935,10.avr,1,0,1,1,0,0,3,0,01.sept,01.sept,1.0,02.sept,28,45,73,0.10,0.00,0.10,0.10,0.10,0.18,0.09,0.28,0.18,0.28
Hugo Lloris,fr FRA,GK,Tottenham,32,1986,21,21,1 807,20.janv,0,0,0,0,0,0,0,0,0.0,0.0,0.0,0.0,0,0,0,0.00,0.00,0.00,0.00,0.00,0.00,0.00,0.00,0.00,0.00
Giovani Lo Celso,ar ARG,MF FW,Tottenham,23,1996,28,15,1 492,16.juin,0,2,2,0,0,0,6,0,01.mars,01.mars,01.juin,02.sept,62,112,50,0.00,0.12,0.12,0.00,0.12,0.08,0.10,0.18,0.08,0.18
Jürgen Locadia,cw CUW,FW MF,Brighton,25,1993,2,1,86,1.0,0,0,0,0,0,0,0,0,0.3,0.3,0.0,0.3,1,0,6,0.00,0.00,0.00,0.00,0.00,0.27,0.00,0.27,0.27,0.27
Ruben Loftus-Cheek,eng ENG,MF FW,Chelsea,23,1996,7,2,208,02.mars,0,1,1,0,0,0,0,0,0.5,0.5,0.4,0.9,4,15,11,0.00,0.43,0.43,0.00,0.43,0.21,0.18,0.39,0.21,0.39
Kevin Long,ie IRL,DF,Burnley,28,1990,8,6,564,06.mars,0,0,0,0,0,0,0,0,0.2,0.2,0.0,0.2,0,8,0,0.00,0.00,0.00,0.00,0.00,0.03,0.00,0.03,0.03,0.03
Shane Long,ie IRL,FW,Southampton,32,1987,26,15,1 395,15.mai,2,2,4,2,0,0,0,0,04.août,04.août,02.avr,07.févr,23,20,105,0.13,0.13,0.26,0.13,0.26,0.31,0.15,0.46,0.31,0.46
Matthew Longstaff,eng ENG,MF,Newcastle Utd,19,2000,9,6,575,06.avr,2,0,2,2,0,0,1,0,0.3,0.3,0.4,0.7,4,17,2,0.31,0.00,0.31,0.31,0.31,0.04,0.06,0.10,0.04,0.10
Sean Longstaff,eng ENG,MF,Newcastle Utd,21,1997,23,14,1 378,15.mars,1,1,2,1,0,0,2,1,01.avr,01.avr,01.févr,02.mai,8,33,12,0.07,0.07,0.13,0.07,0.13,0.09,0.08,0.17,0.09,0.17
Dejan Lovren,hr CRO,DF,Liverpool,30,1989,10,9,777,08.juin,0,1,1,0,0,0,1,0,0.4,0.4,0.3,0.7,8,46,3,0.00,0.12,0.12,0.00,0.12,0.05,0.04,0.08,0.05,0.08
Matthew Lowton,eng ENG,DF,Burnley,30,1989,17,17,1 53,17.0,0,1,1,0,0,0,2,0,0.0,0.0,01.févr,01.févr,17,64,42,0.00,0.06,0.06,0.00,0.06,0.00,0.07,0.07,0.00,0.07
David Luiz,br BRA,DF,Arsenal,32,1987,33,32,2 809,31.2,2,1,3,2,0,0,5,2,01.juin,01.juin,0.9,02.mai,21,106,4,0.06,0.03,0.10,0.06,0.10,0.05,0.03,0.08,0.05,0.08
Douglas Luiz,br BRA,MF,Aston Villa,21,1998,36,28,2 612,29.0,3,2,5,3,0,0,8,0,02.juin,02.juin,01.juil,04.févr,35,143,46,0.10,0.07,0.17,0.10,0.17,0.09,0.06,0.15,0.09,0.15
Player,Nation,Pos,Squad,Age,Born,MP,Starts,Min,90s,Gls,Ast,G+A,G-PK,PK,PKatt,CrdY,CrdR,xG,npxG,xAG,npxG+xAG,PrgC,PrgP,PrgR,Gls,Ast,G+A,G-PK,G+A-PK,xG,xAG,xG+xAG,npxG,npxG+xAG
John Lundstram,eng ENG,MF,Sheffield Utd,25,1994,34,26,2 458,27.mars,5,3,8,5,0,0,5,0,05.mars,05.mars,03.avr,08.juil,36,122,111,0.18,0.11,0.29,0.18,0.29,0.19,0.12,0.32,0.19,0.32
Alexis Mac Allister,ar ARG,MF FW,Brighton,20,1998,9,4,352,03.sept,0,0,0,0,0,0,0,0,0.5,0.5,0.3,0.7,2,6,13,0.00,0.00,0.00,0.00,0.00,0.12,0.07,0.19,0.12,0.19
James Maddison,eng ENG,MF,Leicester City,22,1996,31,29,2 624,29.2,6,3,9,6,0,0,4,0,05.mars,05.mars,06.avr,11.août,53,192,138,0.21,0.10,0.31,0.21,0.31,0.18,0.22,0.40,0.18,0.40
Harry Maguire,eng ENG,DF,Manchester Utd,26,1993,38,38,3 42,38.0,1,1,2,1,0,0,6,0,02.janv,02.janv,01.avr,03.avr,69,171,10,0.03,0.03,0.05,0.03,0.05,0.06,0.04,0.09,0.05,0.09
Riyad Mahrez,dz ALG,FW MF,Manchester City,28,1991,33,21,1 944,21.juin,11,9,20,10,1,1,0,0,07.août,7.0,10.0,17.0,118,120,246,0.51,0.42,0.93,0.46,0.88,0.36,0.46,0.83,0.33,0.79
Ainsley Maitland-Niles,eng ENG,DF,Arsenal,21,1997,20,15,1 386,15.avr,0,2,2,0,0,0,6,1,0.4,0.4,01.mai,2.0,38,61,34,0.00,0.13,0.13,0.00,0.13,0.03,0.10,0.13,0.03,0.13
Sadio Mané,sn SEN,FW,Liverpool,27,1992,35,31,2 747,30.mai,18,7,25,18,0,0,3,0,13.févr,13.févr,06.juin,19.août,159,128,286,0.59,0.23,0.82,0.59,0.82,0.43,0.22,0.65,0.43,0.65
Javier Manquillo,es ESP,DF,Newcastle Utd,25,1994,21,18,1 599,17.août,0,1,1,0,0,0,5,0,0.0,0.0,0.2,0.3,22,28,49,0.00,0.06,0.06,0.00,0.06,0.00,0.01,0.02,0.00,0.02
Solly March,eng ENG,FW MF,Brighton,25,1994,19,11,1 143,12.juil,0,1,1,0,0,0,2,0,01.avr,01.avr,0.9,02.mars,50,55,112,0.00,0.08,0.08,0.00,0.08,0.11,0.07,0.18,0.11,0.18
Pablo Marí,es ESP,DF,Arsenal,25,1993,2,2,113,01.mars,0,0,0,0,0,0,0,0,0.0,0.0,0.0,0.0,0,5,0,0.00,0.00,0.00,0.00,0.00,0.00,0.00,0.00,0.00,0.00
Adrian Mariappa,jm JAM,DF,Watford,32,1986,20,15,1 513,16.août,0,0,0,0,0,0,6,1,0.2,0.2,0.2,0.5,2,38,9,0.00,0.00,0.00,0.00,0.00,0.01,0.01,0.03,0.01,0.03
Anthony Martial,fr FRA,FW,Manchester Utd,23,1995,32,31,2 624,29.2,17,6,23,17,0,1,1,0,12.janv,11.mars,04.avr,15.juil,76,82,275,0.58,0.21,0.79,0.58,0.79,0.41,0.15,0.56,0.39,0.54
David Martin,eng ENG,GK,West Ham,33,1986,5,4,436,04.août,0,0,0,0,0,0,1,0,0.0,0.0,0.0,0.0,0,0,0,0.00,0.00,0.00,0.00,0.00,0.00,0.00,0.00,0.00,0.00
Josh Martin,eng ENG,FW MF,Norwich City,17,2001,5,0,37,0.4,0,0,0,0,0,0,0,0,0.1,0.1,0.0,0.1,1,0,3,0.00,0.00,0.00,0.00,0.00,0.19,0.00,0.19,0.19,0.19
Gabriel Martinelli,br BRA,FW,Arsenal,18,2001,14,6,663,07.avr,3,0,3,3,0,0,1,0,02.févr,02.févr,0.1,02.mars,31,12,65,0.41,0.00,0.41,0.41,0.41,0.29,0.01,0.31,0.29,0.31
Emiliano Martínez,ar ARG,GK,Arsenal,26,1992,9,8,771,08.juin,0,0,0,0,0,0,2,0,0.0,0.0,0.0,0.0,0,0,0,0.00,0.00,0.00,0.00,0.00,0.00,0.00,0.00,0.00,0.00
Adam Masina,ma MAR,DF,Watford,25,1994,26,20,1 821,20.févr,1,0,1,1,0,0,3,0,0.9,0.9,0.6,01.mai,18,73,32,0.05,0.00,0.05,0.05,0.05,0.05,0.03,0.07,0.05,0.07
Arthur Masuaku,cd COD,DF,West Ham,25,1993,17,10,937,10.avr,0,1,1,0,0,0,6,1,0.1,0.1,01.févr,01.mars,41,40,37,0.00,0.10,0.10,0.00,0.10,0.01,0.11,0.13,0.01,0.13
Juan Mata,es ESP,MF FW,Manchester Utd,31,1988,19,8,758,08.avr,0,2,2,0,0,0,1,0,01.janv,01.janv,02.janv,03.févr,17,64,65,0.00,0.24,0.24,0.00,0.24,0.13,0.25,0.38,0.13,0.38
Nemanja Matić,rs SRB,MF,Manchester Utd,30,1988,21,18,1 581,17.juin,0,2,2,0,0,0,3,0,0.2,0.2,0.7,1.0,39,121,8,0.00,0.11,0.11,0.00,0.11,0.01,0.04,0.05,0.01,0.05
Joël Matip,cm CMR,DF,Liverpool,27,1991,9,8,703,07.août,1,0,1,1,0,0,0,0,0.3,0.3,0.0,0.4,6,36,2,0.13,0.00,0.13,0.13,0.13,0.04,0.00,0.05,0.04,0.05
Neal Maupay,fr FRA,FW,Brighton,22,1996,37,30,2 766,30.juil,10,3,13,9,1,2,3,0,13.avr,11.août,02.janv,13.sept,63,66,255,0.33,0.10,0.42,0.29,0.39,0.44,0.07,0.50,0.38,0.45
James McArthur,sct SCO,MF,Crystal Palace,31,1987,37,37,3 09,34.3,0,3,3,0,0,0,6,0,2.0,2.0,02.avr,04.avr,54,174,123,0.00,0.09,0.09,0.00,0.09,0.06,0.07,0.13,0.06,0.13
Oliver McBurnie,sct SCO,FW,Sheffield Utd,23,1996,36,24,2 113,23.mai,6,0,6,6,0,0,4,0,07.juil,07.juil,01.janv,08.août,26,58,109,0.26,0.00,0.26,0.26,0.26,0.33,0.05,0.38,0.33,0.38
Alex McCarthy,eng ENG,GK,Southampton,29,1989,28,28,2 52,28.0,0,0,0,0,0,0,0,0,0.0,0.0,0.0,0.0,0,1,0,0.00,0.00,0.00,0.00,0.00,0.00,0.00,0.00,0.00,0.00
Player,Nation,Pos,Squad,Age,Born,MP,Starts,Min,90s,Gls,Ast,G+A,G-PK,PK,PKatt,CrdY,CrdR,xG,npxG,xAG,npxG+xAG,PrgC,PrgP,PrgR,Gls,Ast,G+A,G-PK,G+A-PK,xG,xAG,xG+xAG,npxG,npxG+xAG
James McCarthy,ie IRL,MF,Crystal Palace,28,1990,33,16,1 68,18.juil,0,0,0,0,0,0,9,0,0.5,0.5,01.mars,01.août,8,55,23,0.00,0.00,0.00,0.00,0.00,0.03,0.07,0.10,0.03,0.10
John McGinn,sct SCO,MF,Aston Villa,24,1994,28,27,2 312,25.juil,3,3,6,3,0,0,3,0,03.sept,03.sept,02.mai,06.avr,38,113,84,0.12,0.12,0.23,0.12,0.23,0.15,0.10,0.25,0.15,0.25
David McGoldrick,ie IRL,FW,Sheffield Utd,31,1987,28,22,1 815,20.févr,2,2,4,2,0,0,2,0,8.0,8.0,02.mars,10.mars,29,43,129,0.10,0.10,0.20,0.10,0.20,0.40,0.12,0.51,0.40,0.51
Michael McGovern,nir NIR,GK,Norwich City,35,1984,2,1,159,01.août,0,0,0,0,0,0,0,0,0.0,0.0,0.0,0.0,0,0,0,0.00,0.00,0.00,0.00,0.00,0.00,0.00,0.00,0.00,0.00
Kenny McLean,sct SCO,MF,Norwich City,27,1992,37,32,2 968,33.0,1,1,2,1,0,0,5,0,01.avr,01.avr,02.juin,4.0,46,173,73,0.03,0.03,0.06,0.03,0.06,0.04,0.08,0.12,0.04,0.12
Dwight McNeil,eng ENG,MF,Burnley,19,1999,38,38,3 338,37.1,2,6,8,2,0,0,5,0,02.mars,02.mars,07.juil,10.0,146,97,109,0.05,0.16,0.22,0.05,0.22,0.06,0.21,0.27,0.06,0.27
Scott McTominay,sct SCO,MF,Manchester Utd,22,1996,27,20,1 772,19.juil,4,1,5,4,0,0,2,0,02.févr,02.févr,1.0,03.févr,25,95,27,0.20,0.05,0.25,0.20,0.25,0.11,0.05,0.16,0.11,0.16
Ben Mee,eng ENG,DF,Burnley,29,1989,32,32,2 88,32.0,1,1,2,1,0,0,7,0,01.juil,01.juil,01.juin,03.févr,5,56,5,0.03,0.03,0.06,0.03,0.06,0.05,0.05,0.10,0.05,0.10
Benjamin Mendy,fr FRA,DF,Manchester City,25,1994,19,18,1 492,16.juin,0,2,2,0,0,0,3,0,0.4,0.4,01.avr,01.août,60,87,176,0.00,0.12,0.12,0.00,0.12,0.02,0.09,0.11,0.02,0.11
Nampalys Mendy,sn SEN,MF,Leicester City,27,1992,7,4,291,03.févr,0,0,0,0,0,0,0,0,0.0,0.0,0.1,0.1,1,13,6,0.00,0.00,0.00,0.00,0.00,0.01,0.03,0.04,0.01,0.04
Chris Mepham,wls WAL,DF,Bournemouth,21,1997,12,10,912,10.janv,1,0,1,1,0,0,1,0,0.9,0.9,0.1,1.0,4,28,3,0.10,0.00,0.10,0.10,0.10,0.09,0.01,0.10,0.09,0.10
Max Meyer,de GER,MF FW,Crystal Palace,23,1995,17,6,655,07.mars,0,0,0,0,0,0,1,0,0.5,0.5,0.2,0.7,9,16,32,0.00,0.00,0.00,0.00,0.00,0.07,0.03,0.10,0.07,0.10
Luka Milivojević,rs SRB,MF,Crystal Palace,28,1991,31,28,2 513,27.sept,3,1,4,1,2,2,12,0,02.juil,01.févr,02.janv,03.mars,7,127,11,0.11,0.04,0.14,0.04,0.07,0.10,0.08,0.17,0.04,0.12
James Milner,eng ENG,MF DF,Liverpool,33,1986,22,9,937,10.avr,2,2,4,0,2,2,4,0,02.févr,0.6,0.7,01.mars,18,71,42,0.19,0.19,0.38,0.00,0.19,0.21,0.07,0.28,0.06,0.13
Yerry Mina,co COL,DF,Everton,24,1994,29,25,2 284,25.avr,2,1,3,2,0,0,3,0,03.avr,03.avr,01.avr,04.août,11,83,4,0.08,0.04,0.12,0.08,0.12,0.13,0.05,0.19,0.13,0.19
Takumi Minamino,jp JPN,FW MF,Liverpool,24,1995,10,2,249,02.août,0,0,0,0,0,0,0,0,0.8,0.8,0.0,0.9,8,4,22,0.00,0.00,0.00,0.00,0.00,0.30,0.01,0.31,0.30,0.31
Tyrone Mings,eng ENG,DF,Aston Villa,26,1993,33,33,2 902,32.2,2,2,4,2,0,0,7,0,0.8,0.8,0.7,01.mai,12,60,11,0.06,0.06,0.12,0.06,0.12,0.02,0.02,0.05,0.02,0.05
Tyrick Mitchell,eng ENG,DF,Crystal Palace,19,1999,4,2,195,02.févr,0,0,0,0,0,0,1,0,0.0,0.0,0.2,0.2,5,12,8,0.00,0.00,0.00,0.00,0.00,0.00,0.08,0.08,0.00,0.08
Henrikh Mkhitaryan,am ARM,FW,Arsenal,30,1989,3,1,112,01.févr,0,0,0,0,0,0,1,0,0.3,0.3,0.3,0.6,3,8,19,0.00,0.00,0.00,0.00,0.00,0.26,0.21,0.47,0.26,0.47
Nacho Monreal,es ESP,DF,Arsenal,33,1986,3,3,270,3.0,0,0,0,0,0,0,0,0,0.0,0.0,0.3,0.4,4,12,14,0.00,0.00,0.00,0.00,0.00,0.01,0.11,0.13,0.01,0.13
Martín Montoya,es ESP,DF MF,Brighton,28,1991,27,23,1 896,21.janv,0,1,1,0,0,0,5,0,01.mai,01.mai,01.août,03.mars,57,91,117,0.00,0.05,0.05,0.00,0.05,0.07,0.09,0.16,0.07,0.16
Simon Moore,eng ENG,GK,Sheffield Utd,29,1990,2,2,180,2.0,0,0,0,0,0,0,0,0,0.0,0.0,0.0,0.0,0,0,0,0.00,0.00,0.00,0.00,0.00,0.00,0.00,0.00,0.00,0.00
Aaron Mooy,au AUS,MF FW,Brighton,28,1990,31,25,2 085,23.févr,2,2,4,2,0,0,3,1,02.mars,02.mars,04.mai,06.août,71,158,135,0.09,0.09,0.17,0.09,0.17,0.10,0.19,0.29,0.10,0.29
Wesley Moraes,br BRA,FW,Aston Villa,22,1996,21,21,1 782,19.août,5,1,6,5,0,1,3,0,06.avr,05.mai,1.0,06.mai,13,21,89,0.25,0.05,0.30,0.25,0.30,0.32,0.05,0.37,0.28,0.33
Wes Morgan,jm JAM,DF,Leicester City,35,1984,11,4,436,04.août,0,0,0,0,0,0,0,0,0.5,0.5,0.0,0.5,1,3,1,0.00,0.00,0.00,0.00,0.00,0.11,0.00,0.11,0.11,0.11
Player,Nation,Pos,Squad,Age,Born,MP,Starts,Min,90s,Gls,Ast,G+A,G-PK,PK,PKatt,CrdY,CrdR,xG,npxG,xAG,npxG+xAG,PrgC,PrgP,PrgR,Gls,Ast,G+A,G-PK,G+A-PK,xG,xAG,xG+xAG,npxG,npxG+xAG
Ravel Morrison,jm JAM,MF,Sheffield Utd,26,1993,1,0,13,0.1,0,0,0,0,0,0,0,0,0.0,0.0,0.0,0.0,1,1,0,0.00,0.00,0.00,0.00,0.00,0.34,0.00,0.34,0.34,0.34
Mason Mount,eng ENG,MF FW,Chelsea,20,1999,37,32,2 867,31.9,7,5,12,7,0,0,3,0,06.avr,06.avr,05.avr,11.août,101,138,221,0.22,0.16,0.38,0.22,0.38,0.20,0.17,0.37,0.20,0.37
Lucas Moura,br BRA,FW MF,Tottenham,26,1992,35,25,2 242,24.sept,4,4,8,4,0,0,3,0,05.juin,05.juin,03.févr,08.août,79,69,140,0.16,0.16,0.32,0.16,0.32,0.23,0.13,0.36,0.23,0.36
Lys Mousset,fr FRA,FW,Sheffield Utd,23,1996,30,11,1 24,13.août,6,4,10,6,0,0,1,0,05.mai,05.mai,03.févr,08.août,30,13,93,0.44,0.29,0.73,0.44,0.73,0.40,0.23,0.64,0.40,0.64
João Moutinho,pt POR,MF,Wolves,32,1986,38,34,3 108,34.5,1,6,7,1,0,0,7,0,0.9,0.9,07.sept,08.août,38,216,51,0.03,0.17,0.20,0.03,0.20,0.03,0.23,0.26,0.03,0.26
Glenn Murray,eng ENG,FW,Brighton,35,1983,23,7,797,08.sept,1,1,2,1,0,0,0,0,02.avr,02.avr,0.7,03.janv,6,15,66,0.11,0.11,0.23,0.11,0.23,0.27,0.08,0.35,0.27,0.35
Shkodran Mustafi,de GER,DF,Arsenal,27,1992,15,13,1 207,13.avr,0,1,1,0,0,0,2,0,0.9,0.9,0.4,01.mars,7,61,6,0.00,0.07,0.07,0.00,0.07,0.07,0.03,0.10,0.07,0.10
Yoshinori Mutō,jp JPN,MF FW,Newcastle Utd,27,1992,8,2,212,02.avr,0,0,0,0,0,0,0,0,0.1,0.1,0.0,0.1,4,5,10,0.00,0.00,0.00,0.00,0.00,0.03,0.01,0.04,0.03,0.04
Georges-Kévin N'Koudou,cm CMR,FW,Tottenham,24,1995,1,0,3,0.0,0,0,0,0,0,0,0,0,0.0,0.0,0.0,0.0,1,0,1,0.00,0.00,0.00,0.00,0.00,janv.15,0.00,janv.15,janv.15,janv.15
Marvelous Nakamba,zw ZIM,MF,Aston Villa,25,1994,29,19,1 836,20.avr,0,0,0,0,0,0,5,0,0.2,0.2,0.5,0.7,10,57,8,0.00,0.00,0.00,0.00,0.00,0.01,0.03,0.03,0.01,0.03
Wilfred Ndidi,ng NGA,MF,Leicester City,22,1996,32,29,2 674,29.juil,2,1,3,2,0,0,6,0,01.juin,01.juin,0.6,02.févr,13,109,19,0.07,0.03,0.10,0.07,0.10,0.06,0.02,0.08,0.06,0.08
Tanguy Ndombele,fr FRA,MF,Tottenham,22,1996,21,12,1 009,11.févr,2,2,4,2,0,0,3,0,0.4,0.4,0.7,01.janv,22,77,33,0.18,0.18,0.36,0.18,0.36,0.03,0.07,0.10,0.03,0.10
Reiss Nelson,eng ENG,FW,Arsenal,19,1999,17,7,631,7.0,1,0,1,1,0,0,1,0,0.9,0.9,0.4,01.mars,30,20,58,0.14,0.00,0.14,0.14,0.14,0.13,0.06,0.19,0.13,0.19
Pedro Neto,pt POR,FW MF,Wolves,19,2000,29,9,939,10.avr,3,3,6,3,0,0,3,0,02.févr,02.févr,02.juin,04.août,53,23,101,0.29,0.29,0.58,0.29,0.58,0.21,0.25,0.46,0.21,0.46
Rúben Neves,pt POR,MF,Wolves,22,1997,38,35,3 056,34.0,2,2,4,2,0,0,9,0,2.0,2.0,02.févr,04.févr,19,216,23,0.06,0.06,0.12,0.06,0.12,0.06,0.06,0.12,0.06,0.12
Jeremy Ngakia,,DF,West Ham,18,2000,5,5,440,04.sept,0,0,0,0,0,0,0,0,0.0,0.0,0.0,0.0,10,4,9,0.00,0.00,0.00,0.00,0.00,0.00,0.00,0.00,0.00,0.00
Oumar Niasse,sn SEN,FW,Everton,29,1990,3,0,22,0.2,0,0,0,0,0,0,0,0,0.0,0.0,0.0,0.0,0,0,2,0.00,0.00,0.00,0.00,0.00,0.00,0.00,0.00,0.00,0.00
Eddie Nketiah,eng ENG,FW,Arsenal,20,1999,13,7,633,7.0,2,0,2,2,0,0,0,1,03.janv,03.janv,0.6,03.juil,19,16,38,0.28,0.00,0.28,0.28,0.28,0.45,0.08,0.53,0.45,0.53
Mark Noble,eng ENG,MF,West Ham,32,1987,33,32,2 674,29.juil,4,3,7,1,3,3,5,0,02.sept,0.6,03.janv,03.juin,26,198,53,0.13,0.10,0.24,0.03,0.13,0.10,0.10,0.20,0.02,0.12
Oliver Norwood,nir NIR,MF,Sheffield Utd,28,1991,38,37,3 09,34.3,1,1,2,0,1,1,8,0,01.mai,0.7,04.mars,5.0,7,258,26,0.03,0.03,0.06,0.00,0.03,0.04,0.13,0.17,0.02,0.15
Ørjan Nyland,no NOR,GK,Aston Villa,28,1990,7,5,539,6.0,0,0,0,0,0,0,0,0,0.0,0.0,0.0,0.0,0,1,0,0.00,0.00,0.00,0.00,0.00,0.00,0.00,0.00,0.00,0.00
Jack O'Connell,eng ENG,DF,Sheffield Utd,25,1994,33,32,2 916,32.4,0,1,1,0,0,0,4,0,1.0,1.0,03.janv,04.févr,12,131,59,0.00,0.03,0.03,0.00,0.03,0.03,0.10,0.13,0.03,0.13
Michael Obafemi,ie IRL,FW,Southampton,19,2000,21,8,665,07.avr,3,2,5,3,0,0,1,0,01.août,01.août,01.janv,02.sept,8,7,52,0.41,0.27,0.68,0.41,0.68,0.24,0.15,0.39,0.24,0.39
Angelo Ogbonna,it ITA,DF,West Ham,31,1988,31,31,2 786,31.0,2,0,2,2,0,0,4,0,01.août,01.août,0.1,01.sept,5,50,5,0.06,0.00,0.06,0.06,0.06,0.06,0.00,0.06,0.06,0.06
Divock Origi,be BEL,FW,Liverpool,24,1995,28,7,717,8.0,4,1,5,4,0,0,1,0,01.août,01.août,0.8,02.juin,37,12,90,0.50,0.13,0.63,0.50,0.63,0.22,0.10,0.32,0.22,0.32
Player,Nation,Pos,Squad,Age,Born,MP,Starts,Min,90s,Gls,Ast,G+A,G-PK,PK,PKatt,CrdY,CrdR,xG,npxG,xAG,npxG+xAG,PrgC,PrgP,PrgR,Gls,Ast,G+A,G-PK,G+A-PK,xG,xAG,xG+xAG,npxG,npxG+xAG
Ben Osborn,eng ENG,MF DF,Sheffield Utd,24,1994,13,6,594,06.juin,0,0,0,0,0,0,0,0,0.3,0.3,0.9,01.janv,7,25,23,0.00,0.00,0.00,0.00,0.00,0.04,0.13,0.17,0.04,0.17
Nicolás Otamendi,ar ARG,DF,Manchester City,31,1988,24,18,1 715,19.janv,2,0,2,2,0,0,3,0,01.sept,01.sept,0.2,02.janv,14,78,4,0.10,0.00,0.10,0.10,0.10,0.10,0.01,0.11,0.10,0.11
Alex Oxlade-Chamberlain,eng ENG,MF FW,Liverpool,25,1993,30,17,1 485,16.mai,4,1,5,4,0,0,1,0,02.août,02.août,01.janv,03.sept,48,97,95,0.24,0.06,0.30,0.24,0.30,0.17,0.06,0.24,0.17,0.24
Mesut Özil,de GER,MF,Arsenal,30,1988,18,18,1 438,16.0,1,2,3,1,0,0,1,0,01.avr,01.avr,02.mars,03.août,48,114,136,0.06,0.13,0.19,0.06,0.19,0.09,0.15,0.24,0.09,0.24
Emerson Palmieri,it ITA,DF,Chelsea,24,1994,15,13,1 024,11.avr,0,0,0,0,0,0,3,0,01.janv,01.janv,01.mars,02.avr,39,37,87,0.00,0.00,0.00,0.00,0.00,0.10,0.12,0.21,0.10,0.21
Sokratis Papastathopoulos,gr GRE,DF,Arsenal,31,1988,19,19,1 696,18.août,2,0,2,2,0,0,6,0,01.janv,01.janv,0.3,01.mars,5,27,5,0.11,0.00,0.11,0.11,0.11,0.06,0.01,0.07,0.06,0.07
Troy Parrott,ie IRL,FW,Tottenham,17,2002,2,0,7,0.1,0,0,0,0,0,0,0,0,0.0,0.0,0.0,0.0,0,0,0,0.00,0.00,0.00,0.00,0.00,0.00,0.00,0.00,0.00,0.00
Rui Patrício,pt POR,GK,Wolves,31,1988,38,38,3 42,38.0,0,0,0,0,0,0,0,0,0.0,0.0,0.0,0.0,0,0,1,0.00,0.00,0.00,0.00,0.00,0.00,0.00,0.00,0.00,0.00
Pedro,es ESP,FW MF,Chelsea,32,1987,11,8,661,07.mars,1,1,2,1,0,0,1,0,2.0,2.0,0.9,02.sept,24,41,52,0.14,0.14,0.27,0.14,0.27,0.27,0.13,0.40,0.27,0.40
Nicolas Pépé,ci CIV,FW,Arsenal,24,1995,31,22,2 01,22.mars,5,6,11,4,1,1,4,0,04.sept,04.janv,04.août,08.sept,98,67,191,0.22,0.27,0.49,0.18,0.45,0.22,0.21,0.43,0.18,0.40
Andreas Pereira,br BRA,MF FW,Manchester Utd,23,1996,25,18,1 484,16.mai,1,3,4,1,0,0,3,0,02.mars,02.mars,4.0,06.févr,49,89,102,0.06,0.18,0.24,0.06,0.24,0.14,0.24,0.38,0.14,0.38
Ricardo Pereira,pt POR,DF,Leicester City,25,1993,28,28,2 52,28.0,3,2,5,3,0,0,1,0,01.févr,01.févr,03.août,04.sept,116,177,138,0.11,0.07,0.18,0.11,0.18,0.04,0.13,0.18,0.04,0.18
Roberto Pereyra,ar ARG,FW MF,Watford,28,1991,28,17,1 648,18.mars,3,0,3,2,1,1,4,0,03.janv,02.mars,01.mai,03.août,50,48,102,0.16,0.00,0.16,0.11,0.11,0.17,0.08,0.25,0.13,0.21
Ayoze Pérez,es ESP,MF FW,Leicester City,26,1993,33,26,2 004,22.mars,8,4,12,7,1,1,0,0,06.mai,05.juil,4.0,09.juil,47,62,159,0.36,0.18,0.54,0.31,0.49,0.29,0.18,0.47,0.26,0.44
Jordan Pickford,eng ENG,GK,Everton,25,1994,38,38,3 42,38.0,0,0,0,0,0,0,2,0,0.0,0.0,0.1,0.1,0,0,0,0.00,0.00,0.00,0.00,0.00,0.00,0.00,0.00,0.00,0.00
Brandon Pierrick,eng ENG,MF FW,Crystal Palace,17,2001,2,0,15,0.2,0,0,0,0,0,0,0,0,0.0,0.0,0.1,0.1,1,2,1,0.00,0.00,0.00,0.00,0.00,0.00,0.53,0.53,0.00,0.53
Erik Pieters,nl NED,DF MF,Burnley,30,1988,24,21,1 878,20.sept,0,4,4,0,0,0,2,0,0.5,0.5,02.mai,3.0,21,50,39,0.00,0.19,0.19,0.00,0.19,0.02,0.12,0.14,0.02,0.14
Daniel Podence,pt POR,FW MF,Wolves,23,1995,9,3,289,03.févr,1,0,1,1,0,0,0,0,01.févr,01.févr,0.7,01.sept,18,9,24,0.31,0.00,0.31,0.31,0.31,0.39,0.21,0.60,0.39,0.60
Paul Pogba,fr FRA,MF,Manchester Utd,26,1993,16,13,1 204,13.avr,1,3,4,1,0,1,1,0,02.avr,01.juin,02.mai,04.janv,27,111,30,0.07,0.22,0.30,0.07,0.30,0.18,0.19,0.37,0.12,0.31
Nick Pope,eng ENG,GK,Burnley,27,1992,38,38,3 42,38.0,0,0,0,0,0,0,1,0,0.0,0.0,0.4,0.4,0,0,0,0.00,0.00,0.00,0.00,0.00,0.00,0.01,0.01,0.00,0.01
Dennis Praet,be BEL,MF,Leicester City,25,1994,27,12,1 134,12.juin,1,2,3,1,0,0,2,0,0.9,0.9,01.mars,02.mars,10,42,42,0.08,0.16,0.24,0.08,0.24,0.07,0.11,0.18,0.07,0.18
Sebastian Prödl,at AUT,DF,Watford,32,1987,1,1,56,0.6,0,0,0,0,0,0,0,0,0.1,0.1,0.0,0.1,0,0,0,0.00,0.00,0.00,0.00,0.00,0.16,0.00,0.16,0.16,0.16
Davy Pröpper,nl NED,MF,Brighton,27,1991,35,32,2 829,31.4,1,2,3,1,0,0,4,0,01.juin,01.juin,02.mai,04.févr,55,265,43,0.03,0.06,0.10,0.03,0.10,0.05,0.08,0.13,0.05,0.13
Teemu Pukki,fi FIN,FW,Norwich City,29,1990,36,33,2 886,32.1,11,3,14,9,2,2,3,0,11.févr,09.juil,03.août,13.mai,46,22,194,0.34,0.09,0.44,0.28,0.37,0.35,0.12,0.47,0.30,0.42
Christian Pulisic,us USA,FW,Chelsea,20,1998,25,19,1 722,19.janv,9,4,13,9,0,0,0,0,9.0,9.0,03.juin,12.juin,107,73,188,0.47,0.21,0.68,0.47,0.68,0.47,0.19,0.66,0.47,0.66
Player,Nation,Pos,Squad,Age,Born,MP,Starts,Min,90s,Gls,Ast,G+A,G-PK,PK,PKatt,CrdY,CrdR,xG,npxG,xAG,npxG+xAG,PrgC,PrgP,PrgR,Gls,Ast,G+A,G-PK,G+A-PK,xG,xAG,xG+xAG,npxG,npxG+xAG
Ignacio Pussetto,ar ARG,FW MF,Watford,23,1995,7,0,74,0.8,0,0,0,0,0,0,1,0,0.0,0.0,0.0,0.0,1,3,0,0.00,0.00,0.00,0.00,0.00,0.00,0.00,0.00,0.00,0.00
Domingos Quina,pt POR,MF FW,Watford,19,1999,4,0,22,0.2,0,0,0,0,0,0,0,0,0.0,0.0,0.0,0.0,1,1,0,0.00,0.00,0.00,0.00,0.00,0.11,0.00,0.11,0.11,0.11
Aaron Ramsdale,eng ENG,GK,Bournemouth,21,1998,37,37,3 33,37.0,0,1,1,0,0,0,0,0,0.0,0.0,0.7,0.7,0,0,0,0.00,0.03,0.03,0.00,0.03,0.00,0.02,0.02,0.00,0.02
Darren Randolph,ie IRL,GK,West Ham,32,1987,2,2,180,2.0,0,0,0,0,0,0,0,0,0.0,0.0,0.0,0.0,0,0,0,0.00,0.00,0.00,0.00,0.00,0.00,0.00,0.00,0.00,0.00
Marcus Rashford,eng ENG,FW,Manchester Utd,21,1997,31,31,2 643,29.avr,17,7,24,11,6,8,3,0,19.févr,12.sept,5.0,17.sept,105,124,250,0.58,0.24,0.82,0.37,0.61,0.65,0.17,0.82,0.44,0.61
Nathan Redmond,eng ENG,MF FW,Southampton,25,1994,32,32,2 762,30.juil,4,4,8,4,0,0,2,0,05.janv,05.janv,03.mars,08.avr,126,104,200,0.13,0.13,0.26,0.13,0.26,0.17,0.11,0.27,0.17,0.27
Pepe Reina,es ESP,GK,Aston Villa,36,1982,12,12,1 08,12.0,0,0,0,0,0,0,1,0,0.0,0.0,0.0,0.0,0,0,0,0.00,0.00,0.00,0.00,0.00,0.00,0.00,0.00,0.00,0.00
Declan Rice,eng ENG,MF,West Ham,20,1999,38,38,3 42,38.0,1,3,4,1,0,0,6,0,01.mars,01.mars,01.avr,02.juil,52,180,36,0.03,0.08,0.11,0.03,0.11,0.03,0.04,0.07,0.03,0.07
Richarlison,br BRA,FW MF,Everton,22,1997,36,36,3 07,34.1,13,3,16,13,0,0,8,0,09.janv,09.janv,06.juil,15.juil,95,93,222,0.38,0.09,0.47,0.38,0.47,0.27,0.20,0.46,0.27,0.46
Diego Rico,es ESP,DF,Bournemouth,26,1993,27,27,2 332,25.sept,0,4,4,0,0,0,6,0,0.4,0.4,03.févr,03.juin,42,145,81,0.00,0.15,0.15,0.00,0.15,0.02,0.12,0.14,0.02,0.14
Jaïro Riedewald,nl NED,DF MF,Crystal Palace,22,1996,17,7,769,08.mai,0,0,0,0,0,0,0,0,0.1,0.1,0.2,0.3,8,31,20,0.00,0.00,0.00,0.00,0.00,0.01,0.02,0.03,0.01,0.03
Matt Ritchie,sct SCO,DF MF,Newcastle Utd,29,1989,18,14,1 315,14.juin,2,1,3,2,0,1,4,0,01.juil,0.9,02.mars,03.févr,23,52,43,0.14,0.07,0.21,0.14,0.21,0.12,0.16,0.28,0.06,0.22
Roberto,es ESP,GK,West Ham,33,1986,8,7,687,07.juin,0,0,0,0,0,0,0,0,0.0,0.0,0.0,0.0,0,0,0,0.00,0.00,0.00,0.00,0.00,0.00,0.00,0.00,0.00,0.00
Patrick Roberts,eng ENG,FW MF,Norwich City,22,1997,3,0,26,0.3,0,0,0,0,0,0,0,0,0.0,0.0,0.0,0.0,1,2,2,0.00,0.00,0.00,0.00,0.00,0.00,0.00,0.00,0.00,0.00
Andrew Robertson,sct SCO,DF,Liverpool,25,1994,36,34,3 111,34.6,2,12,14,2,0,0,2,0,01.août,01.août,07.mai,09.mars,149,219,277,0.06,0.35,0.41,0.06,0.41,0.05,0.22,0.27,0.05,0.27
Callum Robinson,ie IRL,FW MF,Sheffield Utd,24,1995,16,9,676,07.mai,1,1,2,1,0,0,1,0,01.juin,01.juin,0.4,2.0,12,10,50,0.13,0.13,0.27,0.13,0.27,0.21,0.05,0.26,0.21,0.26
Jack Robinson,eng ENG,DF,Sheffield Utd,25,1993,6,6,504,05.juin,0,0,0,0,0,0,0,0,0.0,0.0,0.2,0.2,4,17,1,0.00,0.00,0.00,0.00,0.00,0.00,0.03,0.03,0.00,0.03
Rodri,es ESP,MF,Manchester City,23,1996,35,29,2 486,27.juin,3,2,5,3,0,0,8,0,0.9,0.9,02.juin,03.mai,41,232,21,0.11,0.07,0.18,0.11,0.18,0.03,0.09,0.13,0.03,0.13
Jay Rodriguez,eng ENG,FW,Burnley,30,1989,36,20,2 016,22.avr,8,1,9,7,1,1,1,0,08.août,8.0,0.6,08.juin,31,33,126,0.36,0.04,0.40,0.31,0.36,0.39,0.03,0.42,0.36,0.38
Jack Rodwell,eng ENG,MF,Sheffield Utd,28,1991,1,0,16,0.2,0,0,0,0,0,0,0,0,0.0,0.0,0.0,0.0,0,0,0,0.00,0.00,0.00,0.00,0.00,0.00,0.00,0.00,0.00,0.00
Marcos Rojo,ar ARG,DF,Manchester Utd,29,1990,3,1,122,01.avr,0,0,0,0,0,0,1,0,0.2,0.2,0.0,0.2,0,6,1,0.00,0.00,0.00,0.00,0.00,0.15,0.00,0.15,0.15,0.15
Oriol Romeu,es ESP,MF,Southampton,27,1991,30,20,1 86,20.juil,0,0,0,0,0,0,5,0,0.2,0.2,01.juin,01.sept,17,110,13,0.00,0.00,0.00,0.00,0.00,0.01,0.08,0.09,0.01,0.09
Danny Rose,eng ENG,DF,Tottenham,29,1990,12,10,893,09.sept,0,0,0,0,0,0,5,0,0.1,0.1,0.6,0.7,23,65,30,0.00,0.00,0.00,0.00,0.00,0.01,0.06,0.07,0.01,0.07
Danny Rose,eng ENG,DF,Newcastle Utd,29,1990,11,10,863,09.juin,0,0,0,0,0,0,2,0,0.0,0.0,0.2,0.2,4,32,21,0.00,0.00,0.00,0.00,0.00,0.00,0.02,0.02,0.00,0.02
Antonio Rüdiger,de GER,DF,Chelsea,26,1993,20,19,1 71,19.0,2,0,2,2,0,0,3,0,0.9,0.9,0.6,01.mai,11,99,0,0.11,0.00,0.11,0.11,0.11,0.05,0.03,0.08,0.05,0.08
Player,Nation,Pos,Squad,Age,Born,MP,Starts,Min,90s,Gls,Ast,G+A,G-PK,PK,PKatt,CrdY,CrdR,xG,npxG,xAG,npxG+xAG,PrgC,PrgP,PrgR,Gls,Ast,G+A,G-PK,G+A-PK,xG,xAG,xG+xAG,npxG,npxG+xAG
Lukas Rupp,de GER,FW MF,Norwich City,28,1991,12,8,695,07.juil,0,0,0,0,0,0,1,0,0.9,0.9,0.9,01.juil,3,18,23,0.00,0.00,0.00,0.00,0.00,0.11,0.11,0.22,0.11,0.22
Mathew Ryan,au AUS,GK,Brighton,27,1992,38,38,3 42,38.0,0,0,0,0,0,0,0,0,0.0,0.0,0.0,0.0,0,0,0,0.00,0.00,0.00,0.00,0.00,0.00,0.00,0.00,0.00,0.00
Allan Saint-Maximin,fr FRA,MF FW,Newcastle Utd,22,1997,26,23,1 863,20.juil,3,4,7,3,0,0,0,0,03.mars,03.mars,03.mars,06.juin,125,49,92,0.14,0.19,0.34,0.14,0.34,0.16,0.16,0.32,0.16,0.32
Romain Saïss,ma MAR,DF,Wolves,29,1990,33,31,2 705,30.janv,2,1,3,2,0,0,12,1,03.avr,03.avr,01.mars,04.août,10,132,9,0.07,0.03,0.10,0.07,0.10,0.11,0.04,0.16,0.11,0.16
Bukayo Saka,eng ENG,DF FW,Arsenal,17,2001,26,19,1 753,19.mai,1,5,6,1,0,0,6,0,1.0,1.0,03.mars,04.mars,67,67,143,0.05,0.26,0.31,0.05,0.31,0.05,0.17,0.22,0.05,0.22
Mamadou Sakho,fr FRA,DF,Crystal Palace,29,1990,14,11,931,10.mars,0,0,0,0,0,0,1,1,0.0,0.0,0.1,0.1,1,26,2,0.00,0.00,0.00,0.00,0.00,0.00,0.01,0.01,0.00,0.01
Mohamed Salah,eg EGY,FW,Liverpool,27,1992,34,33,2 876,32.0,19,10,29,16,3,3,1,0,19.0,16.juin,07.août,24.mai,105,91,347,0.59,0.31,0.91,0.50,0.81,0.59,0.25,0.84,0.52,0.77
Mbwana Samatta,tz TAN,FW,Aston Villa,26,1992,14,11,943,10.mai,1,0,1,1,0,0,1,0,02.mars,02.mars,0.6,02.sept,6,11,49,0.10,0.00,0.10,0.10,0.10,0.22,0.06,0.28,0.22,0.28
Carlos Sánchez,co COL,MF,West Ham,33,1986,6,1,117,01.mars,0,0,0,0,0,0,0,0,0.0,0.0,0.0,0.0,0,5,0,0.00,0.00,0.00,0.00,0.00,0.00,0.00,0.00,0.00,0.00
Davinson Sánchez,co COL,DF,Tottenham,23,1996,29,27,2 431,27.0,0,0,0,0,0,0,6,0,0.6,0.6,0.0,0.7,10,53,9,0.00,0.00,0.00,0.00,0.00,0.02,0.00,0.03,0.02,0.03
Leroy Sané,de GER,FW,Manchester City,23,1996,1,0,12,0.1,0,0,0,0,0,0,0,0,0.1,0.1,0.0,0.1,2,1,4,0.00,0.00,0.00,0.00,0.00,0.86,0.00,0.86,0.86,0.86
Ismaila Sarr,sn SEN,FW MF,Watford,21,1998,28,22,2 028,22.mai,5,4,9,5,0,0,1,0,06.janv,06.janv,04.mai,10.juin,107,41,200,0.22,0.18,0.40,0.22,0.40,0.27,0.20,0.47,0.27,0.47
Fabian Schär,ch SUI,DF MF,Newcastle Utd,27,1991,22,18,1 672,18.juin,2,0,2,2,0,0,5,0,01.avr,01.avr,0.1,01.juin,20,53,6,0.11,0.00,0.11,0.11,0.11,0.08,0.01,0.09,0.08,0.09
Ezequiel Schelotto,it ITA,DF,Brighton,30,1989,8,4,361,4.0,0,0,0,0,0,0,2,0,0.2,0.2,0.0,0.2,15,9,40,0.00,0.00,0.00,0.00,0.00,0.06,0.00,0.06,0.06,0.06
Jeffrey Schlupp,gh GHA,FW MF,Crystal Palace,26,1992,17,11,1 036,11.mai,3,1,4,3,0,0,2,0,01.juil,01.juil,0.8,02.juin,23,42,53,0.26,0.09,0.35,0.26,0.35,0.15,0.07,0.22,0.15,0.22
Kasper Schmeichel,dk DEN,GK,Leicester City,32,1986,38,38,3 42,38.0,0,0,0,0,0,0,2,0,0.0,0.0,0.5,0.5,0,1,0,0.00,0.00,0.00,0.00,0.00,0.00,0.01,0.01,0.00,0.01
Morgan Schneiderlin,fr FRA,MF,Everton,29,1989,15,12,1 001,11.janv,0,0,0,0,0,0,6,1,0.2,0.2,0.1,0.4,4,62,3,0.00,0.00,0.00,0.00,0.00,0.02,0.01,0.03,0.02,0.03
Ryan Sessegnon,eng ENG,DF FW,Tottenham,19,2000,6,4,342,03.août,0,0,0,0,0,0,0,0,0.1,0.1,0.1,0.1,13,17,24,0.00,0.00,0.00,0.00,0.00,0.02,0.02,0.03,0.02,0.03
Xherdan Shaqiri,ch SUI,FW MF,Liverpool,27,1991,7,2,185,02.janv,1,0,1,1,0,0,0,0,0.5,0.5,0.2,0.7,1,18,15,0.49,0.00,0.49,0.49,0.49,0.25,0.09,0.33,0.25,0.33
Billy Sharp,eng ENG,FW,Sheffield Utd,33,1986,25,10,1 051,11.juil,3,2,5,3,0,0,1,1,03.août,03.août,02.mars,06.janv,18,22,106,0.26,0.17,0.43,0.26,0.43,0.33,0.19,0.52,0.33,0.52
Luke Shaw,eng ENG,DF,Manchester Utd,24,1995,24,20,1 733,19.mars,0,0,0,0,0,0,7,0,0.7,0.7,01.avr,02.janv,60,122,103,0.00,0.00,0.00,0.00,0.00,0.03,0.07,0.11,0.03,0.11
Jonjo Shelvey,eng ENG,MF,Newcastle Utd,27,1992,26,25,2 119,23.mai,6,2,8,6,0,0,3,0,02.mai,02.mai,03.juin,06.janv,22,124,28,0.25,0.08,0.34,0.25,0.34,0.10,0.15,0.26,0.10,0.26
Djibril Sidibé,fr FRA,DF MF,Everton,27,1992,25,18,1 824,20.mars,0,4,4,0,0,0,3,0,0.4,0.4,02.mars,02.juil,61,86,102,0.00,0.20,0.20,0.00,0.20,0.02,0.11,0.13,0.02,0.13
Gylfi Sigurðsson,is ISL,MF,Everton,29,1989,35,28,2 56,28.avr,2,3,5,1,1,1,3,0,4.0,03.févr,04.févr,07.avr,27,127,73,0.07,0.11,0.18,0.04,0.14,0.14,0.15,0.29,0.11,0.26
Bernardo Silva,pt POR,FW MF,Manchester City,24,1994,34,23,2 03,22.juin,6,7,13,6,0,0,5,0,6.0,6.0,5.0,10.sept,117,122,259,0.27,0.31,0.58,0.27,0.58,0.26,0.22,0.48,0.26,0.48
Player,Nation,Pos,Squad,Age,Born,MP,Starts,Min,90s,Gls,Ast,G+A,G-PK,PK,PKatt,CrdY,CrdR,xG,npxG,xAG,npxG+xAG,PrgC,PrgP,PrgR,Gls,Ast,G+A,G-PK,G+A-PK,xG,xAG,xG+xAG,npxG,npxG+xAG
David Silva,es ESP,MF,Manchester City,33,1986,27,22,1 826,20.mars,6,10,16,6,0,0,0,0,06.avr,06.avr,06.mai,12.sept,82,203,175,0.30,0.49,0.79,0.30,0.79,0.31,0.32,0.63,0.31,0.63
Jack Simpson,eng ENG,DF,Bournemouth,22,1996,4,1,241,02.juil,0,0,0,0,0,0,0,0,0.0,0.0,0.1,0.1,0,5,3,0.00,0.00,0.00,0.00,0.00,0.01,0.02,0.04,0.01,0.04
Moussa Sissoko,fr FRA,MF,Tottenham,29,1989,29,28,2 452,27.févr,2,1,3,2,0,0,8,0,02.févr,02.févr,01.janv,03.mars,72,96,58,0.07,0.04,0.11,0.07,0.11,0.08,0.04,0.12,0.08,0.12
Oliver Skipp,eng ENG,MF,Tottenham,18,2000,7,1,77,0.9,0,0,0,0,0,0,0,0,0.0,0.0,0.0,0.0,0,5,0,0.00,0.00,0.00,0.00,0.00,0.00,0.00,0.00,0.00,0.00
William Smallbone,ie IRL,MF,Southampton,19,2000,9,4,393,04.avr,0,2,2,0,0,0,0,0,0.3,0.3,0.2,0.4,4,12,13,0.00,0.46,0.46,0.00,0.46,0.06,0.04,0.10,0.06,0.10
Adam Smith,eng ENG,DF,Bournemouth,28,1991,24,24,2 055,22.août,0,1,1,0,0,0,7,0,0.8,0.8,01.janv,01.août,75,93,69,0.00,0.04,0.04,0.00,0.04,0.03,0.05,0.08,0.03,0.08
Emile Smith Rowe,eng ENG,MF,Arsenal,19,2000,2,1,97,01.janv,0,0,0,0,0,0,0,0,0.0,0.0,0.0,0.0,4,2,5,0.00,0.00,0.00,0.00,0.00,0.00,0.00,0.00,0.00,0.00
Robert Snodgrass,sct SCO,MF FW,West Ham,31,1987,24,17,1 509,16.août,5,5,10,5,0,0,4,0,02.mai,02.mai,03.févr,05.juil,44,57,117,0.30,0.30,0.60,0.30,0.60,0.15,0.19,0.34,0.15,0.34
Cédric Soares,pt POR,MF DF,Arsenal,27,1991,5,3,249,02.août,1,0,1,1,0,0,0,0,0.0,0.0,0.0,0.1,6,11,25,0.36,0.00,0.36,0.36,0.36,0.01,0.01,0.02,0.01,0.02
Cédric Soares,pt POR,DF,Southampton,27,1991,16,16,1 306,14.mai,0,1,1,0,0,0,1,0,0.6,0.6,0.7,01.mars,29,47,46,0.00,0.07,0.07,0.00,0.07,0.04,0.05,0.09,0.04,0.09
Dominic Solanke,eng ENG,FW,Bournemouth,21,1997,32,17,1 651,18.mars,3,1,4,3,0,0,1,0,04.juin,04.juin,01.févr,05.août,35,35,109,0.16,0.05,0.22,0.16,0.22,0.25,0.07,0.32,0.25,0.32
Tomáš Souček,cz CZE,MF,West Ham,24,1995,13,12,1 04,11.juin,3,0,3,3,0,0,0,0,02.août,02.août,0.3,03.janv,3,40,17,0.26,0.00,0.26,0.26,0.26,0.24,0.03,0.27,0.24,0.27
Çağlar Söyüncü,tr TUR,DF,Leicester City,23,1996,34,34,3 036,33.7,1,1,2,1,0,0,4,1,02.janv,02.janv,0.8,02.sept,22,125,5,0.03,0.03,0.06,0.03,0.06,0.06,0.02,0.09,0.06,0.09
Dennis Srbeny,de GER,MF FW,Norwich City,25,1994,8,0,47,0.5,1,0,1,1,0,0,0,0,0.5,0.5,0.0,0.5,0,1,4,janv.91,0.00,janv.91,janv.91,janv.91,1.00,0.00,1.00,1.00,1.00
Jack Stacey,eng ENG,DF,Bournemouth,23,1996,19,17,1 549,17.févr,0,2,2,0,0,0,2,0,0.5,0.5,02.févr,02.juil,38,50,57,0.00,0.12,0.12,0.00,0.12,0.03,0.13,0.16,0.03,0.16
Junior Stanislas,eng ENG,MF FW,Bournemouth,29,1989,15,7,712,07.sept,3,0,3,2,1,1,1,0,02.janv,01.avr,0.8,02.févr,30,26,42,0.38,0.00,0.38,0.25,0.25,0.27,0.10,0.37,0.17,0.27
Jed Steer,eng ENG,GK,Aston Villa,26,1992,1,1,7,0.1,0,0,0,0,0,0,0,0,0.0,0.0,0.0,0.0,0,0,0,0.00,0.00,0.00,0.00,0.00,0.00,0.00,0.00,0.00,0.00
Dale Stephens,eng ENG,MF,Brighton,30,1989,33,28,2 53,28.janv,0,1,1,0,0,0,8,0,0.6,0.6,01.mars,01.sept,9,160,14,0.00,0.04,0.04,0.00,0.04,0.02,0.05,0.07,0.02,0.07
Jack Stephens,eng ENG,DF,Southampton,25,1994,28,27,2 451,27.févr,1,3,4,1,0,0,4,1,1.0,1.0,01.avr,02.avr,17,81,11,0.04,0.11,0.15,0.04,0.15,0.04,0.05,0.09,0.04,0.09
Raheem Sterling,eng ENG,FW,Manchester City,24,1994,33,30,2 651,29.mai,20,1,21,20,0,2,5,0,18.févr,16.avr,06.févr,22.juil,151,100,429,0.68,0.03,0.71,0.68,0.71,0.62,0.21,0.83,0.56,0.77
Enda Stevens,ie IRL,DF,Sheffield Utd,29,1990,38,38,3 345,37.2,2,4,6,2,0,0,7,0,01.mars,01.mars,05.mars,06.juin,92,174,197,0.05,0.11,0.16,0.05,0.16,0.04,0.14,0.18,0.04,0.18
Marco Stiepermann,de GER,MF,Norwich City,28,1991,24,14,1 18,13.janv,0,0,0,0,0,0,6,0,01.mai,01.mai,0.8,02.mars,35,46,52,0.00,0.00,0.00,0.00,0.00,0.11,0.06,0.18,0.11,0.18
John Stones,eng ENG,DF,Manchester City,25,1994,16,12,1 122,12.mai,0,0,0,0,0,0,0,0,0.4,0.4,0.1,0.5,22,83,1,0.00,0.00,0.00,0.00,0.00,0.03,0.01,0.04,0.03,0.04
Isaac Success,ng NGA,FW MF,Watford,23,1996,5,0,70,0.8,0,0,0,0,0,0,1,0,0.1,0.1,0.1,0.1,4,2,9,0.00,0.00,0.00,0.00,0.00,0.07,0.07,0.14,0.07,0.14
Ki Sung-yueng,kr KOR,MF,Newcastle Utd,30,1989,3,1,137,01.mai,0,0,0,0,0,0,0,0,0.0,0.0,0.1,0.1,1,6,3,0.00,0.00,0.00,0.00,0.00,0.00,0.05,0.05,0.00,0.05
Player,Nation,Pos,Squad,Age,Born,MP,Starts,Min,90s,Gls,Ast,G+A,G-PK,PK,PKatt,CrdY,CrdR,xG,npxG,xAG,npxG+xAG,PrgC,PrgP,PrgR,Gls,Ast,G+A,G-PK,G+A-PK,xG,xAG,xG+xAG,npxG,npxG+xAG
Andrew Surman,eng ENG,MF,Bournemouth,32,1986,5,2,235,02.juin,0,0,0,0,0,0,1,0,0.0,0.0,0.0,0.1,1,5,1,0.00,0.00,0.00,0.00,0.00,0.01,0.02,0.02,0.01,0.02
Sam Surridge,eng ENG,FW MF,Bournemouth,21,1998,4,0,27,0.3,0,0,0,0,0,0,0,0,0.5,0.5,0.1,0.6,0,2,5,0.00,0.00,0.00,0.00,0.00,janv.75,0.19,janv.94,janv.75,janv.94
Japhet Tanganga,eng ENG,DF,Tottenham,20,1999,6,6,525,05.août,0,0,0,0,0,0,1,0,0.1,0.1,0.1,0.1,3,14,7,0.00,0.00,0.00,0.00,0.00,0.01,0.01,0.02,0.01,0.02
Matt Targett,eng ENG,DF MF,Aston Villa,23,1995,28,27,2 291,25.mai,1,2,3,1,0,0,4,0,0.4,0.4,02.juin,3.0,22,115,81,0.04,0.08,0.12,0.04,0.12,0.02,0.10,0.12,0.02,0.12
James Tarkowski,eng ENG,DF,Burnley,26,1992,38,38,3 42,38.0,2,2,4,2,0,0,10,0,02.janv,02.janv,03.janv,05.févr,2,83,2,0.05,0.05,0.11,0.05,0.11,0.06,0.08,0.14,0.06,0.14
Charlie Taylor,eng ENG,DF,Burnley,25,1993,24,22,1 945,21.juin,0,1,1,0,0,0,3,0,0.0,0.0,0.9,1.0,61,54,46,0.00,0.05,0.05,0.00,0.05,0.00,0.04,0.04,0.00,0.04
Neil Taylor,wls WAL,DF,Aston Villa,30,1989,14,11,1 091,12.janv,0,0,0,0,0,0,2,0,0.2,0.2,0.4,0.6,7,48,25,0.00,0.00,0.00,0.00,0.00,0.01,0.03,0.05,0.01,0.05
Nathan Tella,ng NGA,FW,Southampton,20,1999,1,0,3,0.0,0,0,0,0,0,0,0,0,0.0,0.0,0.0,0.0,1,0,1,0.00,0.00,0.00,0.00,0.00,janv.27,0.00,janv.27,janv.27,janv.27
Alexander Tettey,no NOR,MF DF,Norwich City,33,1986,30,28,2 338,26.0,1,1,2,1,0,0,5,0,0.8,0.8,0.5,01.avr,19,54,12,0.04,0.04,0.08,0.04,0.08,0.03,0.02,0.05,0.03,0.05
Jordan Thomas,eng ENG,FW,Norwich City,18,2001,1,0,1,0.0,0,0,0,0,0,0,0,0,0.0,0.0,0.0,0.0,0,0,0,0.00,0.00,0.00,0.00,0.00,0.00,0.00,0.00,0.00,0.00
Luke Thomas,eng ENG,MF DF,Leicester City,18,2001,3,3,267,3.0,0,1,1,0,0,0,0,0,0.0,0.0,0.6,0.6,6,13,16,0.00,0.34,0.34,0.00,0.34,0.00,0.21,0.21,0.00,0.21
Max Thompson,eng ENG,FW,Burnley,17,2002,1,0,3,0.0,0,0,0,0,0,0,0,0,0.0,0.0,0.0,0.0,0,0,0,0.00,0.00,0.00,0.00,0.00,0.00,0.00,0.00,0.00,0.00
Youri Tielemans,be BEL,MF,Leicester City,22,1997,37,32,2 828,31.4,3,6,9,3,0,0,2,0,02.juil,02.juil,04.mai,07.févr,46,215,123,0.10,0.19,0.29,0.10,0.29,0.09,0.14,0.23,0.09,0.23
Kieran Tierney,sct SCO,DF MF,Arsenal,22,1997,15,12,989,11.0,1,1,2,1,0,0,2,0,0.2,0.2,1.0,01.févr,26,34,67,0.09,0.09,0.18,0.09,0.18,0.02,0.09,0.11,0.02,0.11
James Tomkins,eng ENG,DF,Crystal Palace,30,1989,18,18,1 582,17.juin,1,1,2,1,0,0,5,0,01.janv,01.janv,0.1,01.févr,1,14,4,0.06,0.06,0.11,0.06,0.11,0.06,0.01,0.07,0.06,0.07
Fikayo Tomori,eng ENG,DF,Chelsea,21,1997,15,15,1 291,14.mars,1,0,1,1,0,0,3,0,0.4,0.4,0.1,0.6,14,50,4,0.07,0.00,0.07,0.07,0.07,0.03,0.01,0.04,0.03,0.04
Lucas Torreira,uy URU,MF,Arsenal,23,1996,29,17,1 512,16.août,1,1,2,1,0,0,7,0,01.avr,01.avr,0.8,02.févr,13,83,20,0.06,0.06,0.12,0.06,0.12,0.08,0.05,0.13,0.08,0.13
Cenk Tosun,tr TUR,FW,Crystal Palace,28,1991,5,2,177,2.0,1,0,1,1,0,0,0,0,0.5,0.5,0.6,01.janv,5,7,11,0.51,0.00,0.51,0.51,0.51,0.27,0.29,0.55,0.27,0.55
Cenk Tosun,tr TUR,FW,Everton,28,1991,5,2,291,03.févr,1,0,1,1,0,0,0,0,1.0,1.0,0.2,01.janv,2,6,27,0.31,0.00,0.31,0.31,0.31,0.29,0.05,0.35,0.29,0.35
Andros Townsend,eng ENG,FW MF,Crystal Palace,28,1991,24,14,1 294,14.avr,1,1,2,1,0,0,0,0,0.4,0.4,01.sept,02.mars,56,44,77,0.07,0.07,0.14,0.07,0.14,0.03,0.13,0.16,0.03,0.16
Adama Traoré,es ESP,FW DF,Wolves,23,1996,37,27,2 605,28.sept,4,9,13,4,0,0,1,0,03.août,03.août,06.juin,10.avr,252,88,246,0.14,0.31,0.45,0.14,0.45,0.13,0.23,0.36,0.13,0.36
Mark Travers,ie IRL,GK,Bournemouth,20,1999,1,1,90,1.0,0,0,0,0,0,0,0,0,0.0,0.0,0.0,0.0,0,0,0,0.00,0.00,0.00,0.00,0.00,0.00,0.00,0.00,0.00,0.00
Trézéguet,eg EGY,FW MF,Aston Villa,24,1994,34,20,1 95,21.juil,6,1,7,6,0,0,4,1,04.juil,04.juil,1.0,05.août,59,37,170,0.28,0.05,0.32,0.28,0.32,0.22,0.05,0.27,0.22,0.27
Leandro Trossard,be BEL,FW MF,Brighton,24,1994,31,22,2 011,22.mars,5,3,8,5,0,0,0,0,5.0,5.0,03.sept,9.0,68,95,228,0.22,0.13,0.36,0.22,0.36,0.23,0.18,0.40,0.23,0.40
Tom Trybull,de GER,MF,Norwich City,26,1993,16,14,1 13,12.juin,0,0,0,0,0,0,2,0,0.5,0.5,0.1,0.6,3,33,2,0.00,0.00,0.00,0.00,0.00,0.04,0.01,0.05,0.04,0.05
Player,Nation,Pos,Squad,Age,Born,MP,Starts,Min,90s,Gls,Ast,G+A,G-PK,PK,PKatt,CrdY,CrdR,xG,npxG,xAG,npxG+xAG,PrgC,PrgP,PrgR,Gls,Ast,G+A,G-PK,G+A-PK,xG,xAG,xG+xAG,npxG,npxG+xAG
Axel Tuanzebe,cd COD,DF,Manchester Utd,21,1997,5,2,189,02.janv,0,0,0,0,0,0,0,0,0.0,0.0,0.0,0.0,1,8,2,0.00,0.00,0.00,0.00,0.00,0.00,0.00,0.00,0.00,0.00
Yan Valery,tn TUN,DF,Southampton,20,1999,11,10,779,08.juil,0,0,0,0,0,0,1,0,0.3,0.3,1.0,01.mars,20,14,31,0.00,0.00,0.00,0.00,0.00,0.03,0.12,0.15,0.03,0.15
Jesús Vallejo,es ESP,DF,Wolves,22,1997,2,1,163,01.août,0,0,0,0,0,0,1,0,0.0,0.0,0.0,0.0,0,6,0,0.00,0.00,0.00,0.00,0.00,0.00,0.00,0.00,0.00,0.00
Virgil van Dijk,nl NED,DF,Liverpool,28,1991,38,38,3 42,38.0,5,1,6,5,0,0,1,0,02.sept,02.sept,01.mars,04.févr,21,170,14,0.13,0.03,0.16,0.13,0.16,0.08,0.04,0.11,0.08,0.11
Jamie Vardy,eng ENG,FW,Leicester City,32,1987,35,34,3 033,33.7,23,5,28,19,4,5,2,0,19.févr,15.mars,05.sept,21.févr,61,44,200,0.68,0.15,0.83,0.56,0.71,0.57,0.18,0.75,0.45,0.63
Indiana Vassilev,us USA,FW MF,Aston Villa,18,2001,4,0,51,0.6,0,0,0,0,0,0,0,0,0.0,0.0,0.0,0.0,0,0,4,0.00,0.00,0.00,0.00,0.00,0.06,0.00,0.06,0.06,0.06
Jan Vertonghen,be BEL,DF,Tottenham,32,1987,23,19,1 645,18.mars,1,1,2,1,0,0,2,0,0.4,0.4,0.9,01.avr,13,58,13,0.05,0.05,0.11,0.05,0.11,0.02,0.05,0.07,0.02,0.07
Jannik Vestergaard,dk DEN,DF,Southampton,26,1992,19,17,1 497,16.juin,1,0,1,1,0,0,3,0,01.avr,01.avr,0.5,01.août,12,55,1,0.06,0.00,0.06,0.06,0.06,0.08,0.03,0.11,0.08,0.11
Rúben Vinagre,pt POR,MF DF,Wolves,20,1999,16,6,652,07.févr,0,0,0,0,0,0,1,0,0.3,0.3,0.6,0.9,36,8,32,0.00,0.00,0.00,0.00,0.00,0.04,0.08,0.12,0.04,0.12
Jake Vokins,eng ENG,DF,Southampton,19,2000,1,1,90,1.0,0,0,0,0,0,0,0,0,0.0,0.0,0.1,0.1,4,3,11,0.00,0.00,0.00,0.00,0.00,0.02,0.08,0.10,0.02,0.10
Mario Vrančić,ba BIH,MF,Norwich City,30,1989,20,6,636,07.janv,1,0,1,1,0,0,3,0,01.mai,01.mai,0.9,02.avr,17,62,14,0.14,0.00,0.14,0.14,0.14,0.21,0.13,0.34,0.21,0.34
Matěj Vydra,cz CZE,FW,Burnley,27,1992,19,7,819,09.janv,2,1,3,2,0,0,0,0,03.août,03.août,1.0,04.août,13,4,52,0.22,0.11,0.33,0.22,0.33,0.41,0.11,0.52,0.41,0.52
Theo Walcott,eng ENG,MF FW,Everton,30,1989,25,17,1 287,14.mars,2,3,5,2,0,0,1,0,03.janv,03.janv,03.juil,06.août,34,34,127,0.14,0.21,0.35,0.14,0.35,0.22,0.26,0.48,0.22,0.48
Kyle Walker,eng ENG,DF,Manchester City,29,1990,29,28,2 392,26.juin,1,4,5,1,0,0,5,0,01.févr,01.févr,01.mai,02.juil,107,194,121,0.04,0.15,0.19,0.04,0.19,0.05,0.06,0.10,0.05,0.10
Kyle Walker-Peters,eng ENG,DF,Southampton,22,1997,10,7,703,07.août,0,0,0,0,0,0,1,0,0.1,0.1,0.6,0.7,26,18,25,0.00,0.00,0.00,0.00,0.00,0.01,0.08,0.10,0.01,0.10
Kyle Walker-Peters,eng ENG,DF,Tottenham,22,1997,3,3,241,02.juil,0,0,0,0,0,0,0,0,0.0,0.0,0.1,0.1,9,15,20,0.00,0.00,0.00,0.00,0.00,0.01,0.03,0.04,0.01,0.04
Aaron Wan-Bissaka,cd COD,DF,Manchester Utd,21,1997,35,34,3 07,34.1,0,4,4,0,0,0,8,0,0.7,0.7,3.0,03.juil,100,134,175,0.00,0.12,0.12,0.00,0.12,0.02,0.09,0.11,0.02,0.11
Victor Wanyama,ke KEN,MF,Tottenham,28,1991,2,0,25,0.3,0,0,0,0,0,0,1,0,0.0,0.0,0.0,0.0,0,5,0,0.00,0.00,0.00,0.00,0.00,0.00,0.00,0.00,0.00,0.00
Joel Ward,eng ENG,DF,Crystal Palace,29,1989,29,27,2 382,26.mai,0,0,0,0,0,0,4,0,0.3,0.3,0.3,0.6,22,115,54,0.00,0.00,0.00,0.00,0.00,0.01,0.01,0.02,0.01,0.02
James Ward-Prowse,eng ENG,MF DF,Southampton,24,1994,38,38,3 42,38.0,5,3,8,4,1,3,9,0,07.mars,04.août,06.août,11.juin,17,170,82,0.13,0.08,0.21,0.11,0.18,0.19,0.18,0.37,0.13,0.31
Kelland Watts,eng ENG,DF,Newcastle Utd,19,1999,1,0,17,0.2,0,0,0,0,0,0,0,0,0.0,0.0,0.0,0.0,0,0,0,0.00,0.00,0.00,0.00,0.00,0.00,0.00,0.00,0.00,0.00
Adam Webster,eng ENG,DF,Brighton,24,1995,31,31,2 668,29.juin,3,1,4,3,0,0,4,0,01.mars,01.mars,01.mars,02.juin,29,119,4,0.10,0.03,0.13,0.10,0.13,0.05,0.04,0.09,0.05,0.09
Danny Welbeck,eng ENG,FW MF,Watford,28,1990,18,8,822,09.janv,2,0,2,2,0,0,0,0,03.sept,03.sept,0.2,4.0,13,10,66,0.22,0.00,0.22,0.22,0.22,0.43,0.02,0.44,0.43,0.44
Ashley Westwood,eng ENG,MF,Burnley,29,1990,35,35,3 15,35.0,2,6,8,2,0,0,9,0,01.janv,01.janv,06.févr,07.mars,22,177,33,0.06,0.17,0.23,0.06,0.23,0.03,0.18,0.21,0.03,0.21
Connor Wickham,eng ENG,FW MF,Crystal Palace,26,1993,6,0,96,01.janv,1,1,2,1,0,0,0,0,01.avr,01.avr,0.6,01.sept,3,6,10,0.94,0.94,janv.87,0.94,janv.87,janv.28,0.52,janv.80,janv.28,janv.80
Player,Nation,Pos,Squad,Age,Born,MP,Starts,Min,90s,Gls,Ast,G+A,G-PK,PK,PKatt,CrdY,CrdR,xG,npxG,xAG,npxG+xAG,PrgC,PrgP,PrgR,Gls,Ast,G+A,G-PK,G+A-PK,xG,xAG,xG+xAG,npxG,npxG+xAG
Georginio Wijnaldum,nl NED,MF,Liverpool,28,1990,37,35,2 935,32.6,4,0,4,4,0,0,0,0,02.juin,02.juin,0.8,03.mars,74,137,99,0.12,0.00,0.12,0.12,0.12,0.08,0.02,0.10,0.08,0.10
Jetro Willems,nl NED,DF,Newcastle Utd,25,1994,19,18,1 493,16.juin,2,2,4,2,0,0,0,0,0.6,0.6,0.9,01.mai,24,43,31,0.12,0.12,0.24,0.12,0.24,0.03,0.06,0.09,0.03,0.09
Brandon Williams,eng ENG,DF,Manchester Utd,18,2000,17,11,1 006,11.févr,1,0,1,1,0,0,6,0,1.0,1.0,0.6,01.juin,40,44,70,0.09,0.00,0.09,0.09,0.09,0.09,0.05,0.14,0.09,0.14
Neco Williams,wls WAL,DF,Liverpool,18,2001,6,3,230,02.juin,0,0,0,0,0,0,1,0,0.3,0.3,0.1,0.3,10,9,17,0.00,0.00,0.00,0.00,0.00,0.10,0.03,0.13,0.10,0.13
Willian,br BRA,FW MF,Chelsea,30,1988,36,29,2 6,28.sept,9,7,16,5,4,4,4,0,07.juin,04.mai,07.juil,12.janv,189,173,294,0.31,0.24,0.55,0.17,0.42,0.26,0.27,0.53,0.16,0.42
Joe Willock,eng ENG,MF FW,Arsenal,19,1999,29,8,857,09.mai,1,1,2,1,0,0,2,0,01.juin,01.juin,01.janv,02.juil,39,41,51,0.11,0.11,0.21,0.11,0.21,0.17,0.11,0.28,0.17,0.28
Jack Wilshere,eng ENG,MF,West Ham,27,1992,8,2,215,02.avr,0,0,0,0,0,0,0,0,0.0,0.0,0.0,0.0,6,8,7,0.00,0.00,0.00,0.00,0.00,0.00,0.00,0.00,0.00,0.00
Callum Wilson,eng ENG,FW,Bournemouth,27,1992,35,32,2 908,32.3,8,1,9,8,0,0,10,0,09.sept,09.sept,02.août,12.août,45,52,197,0.25,0.03,0.28,0.25,0.28,0.31,0.09,0.39,0.31,0.39
Harry Wilson,wls WAL,MF FW,Bournemouth,22,1997,31,20,1 646,18.mars,7,0,7,7,0,0,2,0,4.0,4.0,02.avr,06.avr,29,66,89,0.38,0.00,0.38,0.38,0.38,0.22,0.13,0.35,0.22,0.35
Harry Winks,eng ENG,MF,Tottenham,23,1996,31,26,2 221,24.juil,0,0,0,0,0,0,9,0,0.5,0.5,1.0,01.mai,44,190,18,0.00,0.00,0.00,0.00,0.00,0.02,0.04,0.06,0.02,0.06
Chris Wood,nz NZL,FW,Burnley,27,1991,32,29,2 437,27.janv,14,1,15,13,1,1,1,0,15.juil,14.sept,01.août,16.juil,13,16,160,0.52,0.04,0.55,0.48,0.52,0.58,0.07,0.64,0.55,0.62
Granit Xhaka,ch SUI,MF,Arsenal,26,1992,31,30,2 586,28.juil,1,2,3,1,0,0,10,0,0.5,0.5,1.0,01.mai,38,237,33,0.03,0.07,0.10,0.03,0.10,0.02,0.03,0.05,0.02,0.05
Andriy Yarmolenko,ua UKR,MF FW,West Ham,29,1989,23,10,991,11.0,5,1,6,5,0,0,2,0,02.avr,02.avr,03.mai,05.sept,40,41,64,0.45,0.09,0.54,0.45,0.54,0.22,0.32,0.54,0.22,0.54
DeAndre Yedlin,us USA,DF,Newcastle Utd,26,1993,16,10,938,10.avr,1,0,1,1,0,0,3,0,0.8,0.8,0.3,01.janv,12,14,40,0.10,0.00,0.10,0.10,0.10,0.07,0.03,0.10,0.07,0.10
Maya Yoshida,jp JPN,DF,Southampton,30,1988,8,6,560,06.févr,0,0,0,0,0,0,1,0,0.7,0.7,0.0,0.7,1,12,3,0.00,0.00,0.00,0.00,0.00,0.11,0.00,0.11,0.11,0.11
Ashley Young,eng ENG,DF,Manchester Utd,34,1985,12,10,955,10.juin,0,0,0,0,0,0,5,0,0.1,0.1,01.mai,01.juin,25,72,35,0.00,0.00,0.00,0.00,0.00,0.01,0.14,0.15,0.01,0.15
Pablo Zabaleta,ar ARG,DF,West Ham,34,1985,10,6,592,06.juin,0,0,0,0,0,0,2,0,0.0,0.0,0.4,0.4,10,29,41,0.00,0.00,0.00,0.00,0.00,0.00,0.05,0.05,0.00,0.05
Wilfried Zaha,ci CIV,FW MF,Crystal Palace,26,1992,38,37,3 28,36.4,4,3,7,4,0,0,5,0,05.févr,05.févr,4.0,09.janv,210,146,354,0.11,0.08,0.19,0.11,0.19,0.14,0.11,0.25,0.14,0.25
Christoph Zimmermann,de GER,DF,Norwich City,26,1993,17,16,1 43,15.sept,0,1,1,0,0,0,3,0,0.4,0.4,0.1,0.5,8,33,0,0.00,0.06,0.06,0.00,0.06,0.02,0.01,0.03,0.02,0.03
Oleksandr Zinchenko,ua UKR,DF,Manchester City,22,1996,19,13,1 276,14.févr,0,0,0,0,0,0,2,1,0.5,0.5,01.mai,2.0,37,114,134,0.00,0.00,0.00,0.00,0.00,0.03,0.11,0.14,0.03,0.14
Richairo Živković,cw CUW,FW,Sheffield Utd,22,1996,5,0,112,01.févr,0,0,0,0,0,0,0,0,0.1,0.1,0.1,0.2,1,1,8,0.00,0.00,0.00,0.00,0.00,0.06,0.08,0.14,0.06,0.14
Kurt Zouma,fr FRA,DF,Chelsea,24,1994,28,25,2 344,26.0,0,0,0,0,0,0,6,0,01.févr,01.févr,0.2,01.mars,16,108,2,0.00,0.00,0.00,0.00,0.00,0.04,0.01,0.05,0.04,0.05
