Player,Nation,Pos,Squad,Age,Born,MP,Starts,Min,90s,Gls,Ast,G+A,G-PK,PK,PKatt,CrdY,CrdR,Gls,Ast,G+A,G-PK,G+A-PK
Ignazio Abate,it ITA,DF MF,Milan,29,1986,23,22,1924,21.avr,0,2,2,0,0,0,2,0,0.00,0.09,0.09,0.00,0.09
Francesco Acerbi,it ITA,DF,Sassuolo,28,1988,38,38,342,38.0,4,0,4,3,1,1,2,0,0.11,0.00,0.11,0.08,0.08
Maxwell Acosty,gh GHA,FW MF,Crotone,24,1991,11,3,378,04.févr,0,0,0,0,0,0,2,0,0.00,0.00,0.00,0.00,0.00
Afriyie Acquah,gh GHA,MF,Torino,24,1992,20,13,1077,12.0,2,0,2,2,0,0,8,3,0.17,0.00,0.17,0.17,0.17
Claud Adjapong,it ITA,DF MF,Sassuolo,18,1998,9,6,510,05.juil,1,0,1,1,0,0,3,0,0.18,0.00,0.18,0.18,0.18
Ali Adnan Kadhim,iq IRQ,DF MF,Udinese,22,1993,14,8,872,09.juil,0,0,0,0,0,0,2,0,0.00,0.00,0.00,0.00,0.00
Luiz Adriano,br BRA,FW MF,Milan,29,1987,7,1,127,01.avr,0,0,0,0,0,0,0,0,0.00,0.00,0.00,0.00,0.00
Emmanuel Agyemang-Badu,gh GHA,MF,Udinese,25,1990,29,20,2033,22.juin,0,3,3,0,0,0,2,0,0.00,0.13,0.13,0.00,0.13
Arlind Ajeti,al ALB,DF,Torino,22,1993,4,3,251,02.août,1,0,1,1,0,0,1,0,0.36,0.00,0.36,0.36,0.36
Luis Alberto,es ESP,FW MF,Lazio,23,1992,9,4,365,04.janv,1,2,3,1,0,0,0,0,0.25,0.49,0.74,0.25,0.74
Raúl Albiol,es ESP,DF,Napoli,30,1985,26,25,2297,25.mai,0,1,1,0,0,0,8,0,0.00,0.04,0.04,0.00,0.04
Haitam Aleesami,no NOR,DF MF,Palermo,25,1991,31,29,263,29.2,1,3,4,1,0,0,6,0,0.03,0.10,0.14,0.03,0.14
Allan,br BRA,DF MF,Napoli,25,1991,29,19,161,17.sept,1,6,7,1,0,0,3,0,0.06,0.34,0.39,0.06,0.39
Marcos Alonso,es ESP,DF MF,Fiorentina,25,1990,2,2,180,2.0,0,0,0,0,0,0,0,0,0.00,0.00,0.00,0.00,0.00
Ricky Álvarez,ar ARG,MF,Sampdoria,28,1988,21,11,987,11.0,2,2,4,2,0,0,3,1,0.18,0.18,0.36,0.18,0.36
Bruno Alves,pt POR,DF,Cagliari,34,1981,36,36,324,36.0,1,0,1,1,0,0,5,1,0.03,0.00,0.03,0.03,0.03
Dani Alves,br BRA,DF MF,Juventus,33,1983,19,15,1359,15.janv,2,3,5,2,0,0,5,0,0.13,0.20,0.33,0.13,0.33
Felipe Anderson,br BRA,FW MF,Lazio,23,1993,36,33,2908,32.3,4,8,12,3,1,1,5,0,0.12,0.25,0.37,0.09,0.34
Marco Andreolli,it ITA,DF,Inter,30,1986,6,4,362,4.0,1,0,1,1,0,0,0,0,0.25,0.00,0.25,0.25,0.25
Gabriele Angella,it ITA,DF,Udinese,27,1989,14,10,1017,11.mars,1,0,1,1,0,0,3,0,0.09,0.00,0.09,0.09,0.09
Cristian Ansaldi,ar ARG,DF MF,Inter,29,1986,21,17,15,16.juil,0,1,1,0,0,0,10,1,0.00,0.06,0.06,0.00,0.06
Luca Antei,it ITA,DF,Sassuolo,24,1992,15,11,1114,12.avr,1,0,1,1,0,0,4,0,0.08,0.00,0.08,0.08,0.08
Luca Antonelli,it ITA,DF MF,Milan,29,1987,7,3,309,03.avr,0,1,1,0,0,0,1,0,0.00,0.29,0.29,0.00,0.29
Siniša Anđelković,si SVN,DF,Palermo,30,1986,22,21,1836,20.avr,0,1,1,0,0,0,3,0,0.00,0.05,0.05,0.00,0.05
Carlos Apna Embaló,gw GNB,FW MF,Palermo,21,1994,12,8,621,06.sept,0,1,1,0,0,0,0,0,0.00,0.14,0.14,0.00,0.14
Player,Nation,Pos,Squad,Age,Born,MP,Starts,Min,90s,Gls,Ast,G+A,G-PK,PK,PKatt,CrdY,CrdR,Gls,Ast,G+A,G-PK,G+A-PK
Alberto Aquilani,it ITA,MF,Pescara,32,1984,9,6,551,06.janv,1,1,2,1,0,0,3,1,0.16,0.16,0.33,0.16,0.33
Alberto Aquilani,it ITA,MF,Sassuolo,32,1984,16,14,1237,13.juil,0,1,1,0,0,0,3,0,0.00,0.07,0.07,0.00,0.07
Mattia Aramu,it ITA,FW MF,Torino,21,1995,1,1,45,0.5,0,0,0,0,0,0,0,0,0.00,0.00,0.00,0.00,0.00
Pablo Armero,co COL,DF MF,Udinese,29,1986,2,2,180,2.0,0,0,0,0,0,0,1,0,0.00,0.00,0.00,0.00,0.00
Kwadwo Asamoah,gh GHA,DF MF,Juventus,27,1988,18,16,1472,16.avr,0,1,1,0,0,0,2,0,0.00,0.06,0.06,0.00,0.06
Davide Astori,it ITA,DF,Fiorentina,29,1987,33,33,2967,33.0,2,0,2,2,0,0,12,2,0.06,0.00,0.06,0.06,0.06
Emil Audero,id IDN,GK,Juventus,19,1997,1,1,90,1.0,0,0,0,0,0,0,0,0,0.00,0.00,0.00,0.00,0.00
Danilo Avelar,br BRA,DF MF,Torino,27,1989,3,3,262,02.sept,0,0,0,0,0,0,1,0,0.00,0.00,0.00,0.00,0.00
Mame Baba Thiam,sn SEN,FW MF,Empoli,23,1992,15,9,876,09.juil,1,1,2,1,0,0,1,0,0.10,0.10,0.21,0.10,0.21
Khouma Babacar,sn SEN,FW,Fiorentina,23,1993,22,13,1326,14.juil,10,1,11,9,1,1,0,0,0.68,0.07,0.75,0.61,0.68
Carlos Bacca,co COL,FW,Milan,29,1986,32,26,2112,23.mai,13,3,16,9,4,6,3,0,0.55,0.13,0.68,0.38,0.51
Milan Badelj,hr CRO,MF,Fiorentina,27,1989,33,29,2508,27.sept,2,2,4,2,0,0,9,0,0.07,0.07,0.14,0.07,0.14
Jean-Christophe Bahebeck,fr FRA,FW MF,Pescara,23,1993,15,11,815,09.janv,4,1,5,4,0,0,0,0,0.44,0.11,0.55,0.44,0.55
Keita Baldé,sn SEN,FW MF,Lazio,21,1995,31,21,1926,21.avr,16,4,20,14,2,2,6,1,0.75,0.19,0.93,0.65,0.84
Andrija Balić,hr CRO,MF,Udinese,18,1997,4,3,239,02.juil,1,0,1,1,0,0,1,0,0.38,0.00,0.38,0.38,0.38
Norbert Balogh,hu HUN,FW,Palermo,20,1996,16,6,532,05.sept,0,0,0,0,0,0,3,1,0.00,0.00,0.00,0.00,0.00
Éver Banega,ar ARG,MF,Inter,28,1988,28,20,1555,17.mars,6,6,12,6,0,0,4,1,0.35,0.35,0.69,0.35,0.69
Federico Barba,it ITA,DF,Empoli,22,1993,11,9,812,9.0,0,0,0,0,0,0,3,0,0.00,0.00,0.00,0.00,0.00
Andrea Barberis,it ITA,MF,Crotone,22,1993,26,23,2059,22.sept,0,3,3,0,0,0,3,0,0.00,0.13,0.13,0.00,0.13
Gabriel Barbosa,br BRA,FW MF,Inter,19,1996,9,0,120,01.mars,1,0,1,1,0,0,3,0,0.75,0.00,0.75,0.75,0.75
Nicolò Barella,it ITA,MF,Cagliari,19,1997,28,22,1908,21.févr,0,1,1,0,0,0,11,1,0.00,0.05,0.05,0.00,0.05
Antonio Barreca,it ITA,DF MF,Torino,21,1995,28,25,2362,26.févr,0,2,2,0,0,0,2,0,0.00,0.08,0.08,0.00,0.08
Édgar Barreto,py PAR,MF,Sampdoria,32,1984,32,32,2679,29.août,2,0,2,2,0,0,4,1,0.07,0.00,0.07,0.07,0.07
Andrea Barzagli,it ITA,DF,Juventus,35,1981,23,17,1532,17.0,0,0,0,0,0,0,2,0,0.00,0.00,0.00,0.00,0.00
Daniele Baselli,it ITA,MF,Torino,24,1992,37,28,2288,25.avr,6,5,11,6,0,0,6,0,0.24,0.20,0.43,0.24,0.43
Player,Nation,Pos,Squad,Age,Born,MP,Starts,Min,90s,Gls,Ast,G+A,G-PK,PK,PKatt,CrdY,CrdR,Gls,Ast,G+A,G-PK,G+A-PK
Dušan Basta,rs SRB,DF MF,Lazio,31,1984,27,24,212,23.juin,1,2,3,1,0,0,2,0,0.04,0.08,0.13,0.04,0.13
Samuel Bastien,cd COD,MF,Chievo,19,1996,12,8,799,08.sept,1,0,1,1,0,0,0,0,0.11,0.00,0.11,0.11,0.11
Alessandro Bastoni,it ITA,DF,Atalanta,17,1999,3,1,155,01.juil,0,0,0,0,0,0,0,0,0.00,0.00,0.00,0.00,0.00
Bastos,ao ANG,DF,Lazio,25,1991,11,10,774,08.juin,0,0,0,0,0,0,6,1,0.00,0.00,0.00,0.00,0.00
Andrea Beghetto,it ITA,DF MF,Genoa,21,1994,3,1,152,01.juil,0,0,0,0,0,0,0,0,0.00,0.00,0.00,0.00,0.00
Giuseppe Bellusci,it ITA,DF,Empoli,26,1989,33,33,297,33.0,1,0,1,1,0,0,15,0,0.03,0.00,0.03,0.03,0.03
Andrea Belotti,it ITA,FW,Torino,22,1993,35,34,307,34.1,26,7,33,24,2,5,5,0,0.76,0.21,0.97,0.70,0.91
Ahmad Benali,ly LBY,FW MF,Pescara,24,1992,33,31,249,27.juil,6,2,8,6,0,0,6,1,0.22,0.07,0.29,0.22,0.29
Marco Benassi,it ITA,MF,Torino,21,1994,28,24,2044,22.juil,5,3,8,5,0,0,5,0,0.22,0.13,0.35,0.22,0.35
Medhi Benatia,ma MAR,DF,Juventus,29,1987,15,14,1179,13.janv,1,0,1,1,0,0,3,0,0.08,0.00,0.08,0.08,0.08
Accursio Bentivegna,it ITA,FW,Palermo,20,1996,3,2,89,1.0,0,0,0,0,0,0,0,0,0.00,0.00,0.00,0.00,0.00
Domenico Berardi,it ITA,FW MF,Sassuolo,21,1994,21,20,1732,19.févr,5,9,14,3,2,3,6,0,0.26,0.47,0.73,0.16,0.62
Bartosz Bereszyński,pl POL,DF FW,Sampdoria,24,1992,13,11,1051,11.juil,0,0,0,0,0,0,1,0,0.00,0.00,0.00,0.00,0.00
Etrit Berisha,al ALB,GK,Atalanta,27,1989,26,26,234,26.0,0,0,0,0,0,0,2,0,0.00,0.00,0.00,0.00,0.00
Federico Bernardeschi,it ITA,DF FW,Fiorentina,22,1994,32,27,2292,25.mai,11,4,15,8,3,4,5,1,0.43,0.16,0.59,0.31,0.47
Andrea Bertolacci,it ITA,MF,Milan,25,1991,15,9,820,09.janv,1,0,1,1,0,0,3,0,0.11,0.00,0.11,0.11,0.11
Jonathan Biabiany,fr FRA,FW MF,Inter,28,1988,1,0,1,0.0,0,0,0,0,0,0,0,0,0.00,0.00,0.00,0.00,0.00
Roberto Biancu,it ITA,MF,Cagliari,16,2000,1,0,11,0.1,0,0,0,0,0,0,0,0,0.00,0.00,0.00,0.00,0.00
Lucas Biglia,ar ARG,MF,Lazio,30,1986,29,28,2264,25.févr,4,3,7,1,3,5,8,0,0.16,0.12,0.28,0.04,0.16
Davide Biondini,it ITA,MF,Sassuolo,33,1983,14,9,854,09.mai,0,1,1,0,0,0,6,0,0.00,0.11,0.11,0.00,0.11
Cristiano Biraghi,it ITA,DF MF,Pescara,23,1992,35,33,2987,33.2,1,4,5,0,1,2,11,0,0.03,0.12,0.15,0.00,0.12
Davide Biraschi,it ITA,DF,Genoa,22,1994,7,4,395,04.avr,0,0,0,0,0,0,2,0,0.00,0.00,0.00,0.00,0.00
Valter Birsa,si SVN,FW MF,Chievo,29,1986,35,34,2761,30.juil,7,9,16,7,0,0,5,0,0.23,0.29,0.52,0.23,0.52
Luca Bittante,it ITA,DF MF,Cagliari,22,1993,5,3,312,03.mai,0,0,0,0,0,0,3,0,0.00,0.00,0.00,0.00,0.00
Albano Bizzarri,ar ARG,GK,Pescara,38,1977,29,29,261,29.0,0,0,0,0,0,0,2,0,0.00,0.00,0.00,0.00,0.00
Player,Nation,Pos,Squad,Age,Born,MP,Starts,Min,90s,Gls,Ast,G+A,G-PK,PK,PKatt,CrdY,CrdR,Gls,Ast,G+A,G-PK,G+A-PK
Giacomo Bonaventura,it ITA,FW MF,Milan,26,1989,19,19,1566,17.avr,3,3,6,3,0,0,3,0,0.17,0.17,0.34,0.17,0.34
Leonardo Bonucci,it ITA,DF,Juventus,29,1987,29,26,2409,26.août,3,0,3,3,0,0,5,0,0.11,0.00,0.11,0.11,0.11
Marco Borriello,it ITA,FW,Cagliari,34,1982,36,30,2589,28.août,16,2,18,15,1,2,4,0,0.56,0.07,0.63,0.52,0.59
Ouasim Bouy,nl NED,DF MF,Palermo,23,1993,2,0,40,0.4,0,0,0,0,0,0,1,0,0.00,0.00,0.00,0.00,0.00
Cesare Bovo,it ITA,DF,Torino,33,1983,4,4,360,4.0,0,0,0,0,0,0,2,0,0.00,0.00,0.00,0.00,0.00
Cesare Bovo,it ITA,DF,Pescara,33,1983,10,9,819,09.janv,0,0,0,0,0,0,4,0,0.00,0.00,0.00,0.00,0.00
Lucas Boyé,ar ARG,FW,Torino,20,1996,30,14,1458,16.févr,0,3,3,0,0,0,5,0,0.00,0.19,0.19,0.00,0.19
Marcelo Brozović,hr CRO,MF,Inter,23,1992,23,20,1737,19.mars,4,2,6,4,0,0,7,0,0.21,0.10,0.31,0.21,0.31
Gastón Brugman,uy URU,FW MF,Pescara,23,1992,27,22,1931,21.mai,1,1,2,1,0,0,7,0,0.05,0.05,0.09,0.05,0.09
Alessandro Bruno,it ITA,MF,Pescara,33,1983,15,10,974,10.août,0,0,0,0,0,0,6,0,0.00,0.00,0.00,0.00,0.00
Marcel Büchel,li LIE,MF,Empoli,25,1991,15,10,818,09.janv,0,0,0,0,0,0,5,0,0.00,0.00,0.00,0.00,0.00
Ante Budimir,hr CRO,FW,Sampdoria,25,1991,11,2,313,03.mai,0,0,0,0,0,0,0,0,0.00,0.00,0.00,0.00,0.00
Gianluigi Buffon,it ITA,GK,Juventus,38,1978,30,30,2655,29.mai,0,0,0,0,0,0,0,0,0.00,0.00,0.00,0.00,0.00
Nicolás Burdisso,ar ARG,DF,Genoa,35,1981,35,35,3126,34.7,0,0,0,0,0,0,10,0,0.00,0.00,0.00,0.00,0.00
Bryan Cabezas,ec ECU,MF,Atalanta,19,1997,1,0,23,0.3,0,0,0,0,0,0,0,0,0.00,0.00,0.00,0.00,0.00
Rafael Cabral,br BRA,GK,Napoli,26,1990,1,1,90,1.0,0,0,0,0,0,0,0,0,0.00,0.00,0.00,0.00,0.00
Fabrizio Cacciatore,it ITA,DF,Chievo,29,1986,29,29,2507,27.sept,1,2,3,1,0,0,7,1,0.04,0.07,0.11,0.04,0.11
Davide Calabria,it ITA,DF MF,Milan,19,1996,12,11,987,11.0,0,1,1,0,0,0,3,0,0.00,0.09,0.09,0.00,0.09
Mattia Caldara,it ITA,DF,Atalanta,22,1994,30,30,2655,29.mai,7,0,7,7,0,0,4,0,0.24,0.00,0.24,0.24,0.24
José Callejón,es ESP,FW MF,Napoli,29,1987,37,37,3139,34.9,14,13,27,14,0,0,3,1,0.40,0.37,0.77,0.40,0.77
Hugo Campagnaro,ar ARG,DF,Pescara,36,1980,19,18,1564,17.avr,2,0,2,2,0,0,8,0,0.12,0.00,0.12,0.12,0.12
Antonio Candreva,it ITA,DF FW,Inter,29,1987,38,36,3007,33.4,6,10,16,6,0,1,2,0,0.18,0.30,0.48,0.18,0.48
Paolo Cannavaro,it ITA,DF,Sassuolo,35,1981,18,16,1425,15.août,1,0,1,1,0,0,2,0,0.06,0.00,0.06,0.06,0.06
Leonardo Capezzi,it ITA,MF,Crotone,21,1995,25,18,1637,18.févr,0,0,0,0,0,0,7,1,0.00,0.00,0.00,0.00,0.00
Gianluca Caprari,it ITA,FW MF,Pescara,23,1993,35,34,3108,34.5,9,4,13,8,1,2,8,0,0.26,0.12,0.38,0.23,0.35
Player,Nation,Pos,Squad,Age,Born,MP,Starts,Min,90s,Gls,Ast,G+A,G-PK,PK,PKatt,CrdY,CrdR,Gls,Ast,G+A,G-PK,G+A-PK
Marco Capuano,it ITA,DF,Cagliari,24,1991,12,8,771,08.juin,1,0,1,1,0,0,2,1,0.12,0.00,0.12,0.12,0.12
Carlão,br BRA,DF MF,Torino,30,1986,4,4,334,03.juil,0,0,0,0,0,0,1,0,0.00,0.00,0.00,0.00,0.00
Carlos Carmona,cl CHI,MF,Atalanta,29,1987,2,2,100,01.janv,0,0,0,0,0,0,3,1,0.00,0.00,0.00,0.00,0.00
Leandro Castán,br BRA,DF,Torino,29,1986,14,13,1177,13.janv,0,0,0,0,0,0,4,0,0.00,0.00,0.00,0.00,0.00
Lucas Castro,ar ARG,MF,Chievo,27,1989,33,33,2759,30.juil,5,6,11,5,0,0,7,1,0.16,0.20,0.36,0.16,0.36
Danilo Cataldi,it ITA,MF,Genoa,21,1994,13,10,931,10.mars,0,0,0,0,0,0,5,0,0.00,0.00,0.00,0.00,0.00
Danilo Cataldi,it ITA,MF,Lazio,21,1994,11,5,662,07.avr,1,1,2,1,0,0,3,1,0.14,0.14,0.27,0.14,0.27
Federico Ceccherini,it ITA,DF,Crotone,24,1992,35,35,3097,34.4,1,0,1,1,0,0,9,0,0.03,0.00,0.03,0.03,0.03
Luca Ceppitelli,it ITA,DF,Cagliari,26,1989,19,19,1689,18.août,0,0,0,0,0,0,5,0,0.00,0.00,0.00,0.00,0.00
Alberto Cerri,it ITA,FW,Pescara,20,1996,13,7,697,07.juil,2,0,2,2,0,0,1,0,0.26,0.00,0.26,0.26,0.26
Boštjan Cesar,si SVN,DF,Chievo,34,1982,17,16,1436,16.0,1,0,1,1,0,0,10,1,0.06,0.00,0.06,0.06,0.06
Giorgio Chiellini,it ITA,DF,Juventus,31,1984,21,20,1636,18.févr,2,2,4,2,0,0,4,0,0.11,0.11,0.22,0.11,0.22
Federico Chiesa,it ITA,DF FW,Fiorentina,18,1997,27,17,1492,16.juin,3,2,5,3,0,0,5,1,0.18,0.12,0.30,0.18,0.30
Vlad Chiricheș,ro ROU,DF MF,Napoli,26,1989,14,13,1124,12.mai,2,0,2,2,0,0,0,0,0.16,0.00,0.16,0.16,0.16
Ivaylo Chochev,bg BUL,MF,Palermo,23,1993,30,25,2286,25.avr,3,3,6,3,0,0,4,0,0.12,0.12,0.24,0.12,0.24
Luca Cigarini,it ITA,MF,Sampdoria,30,1986,4,3,276,03.janv,0,0,0,0,0,0,3,0,0.00,0.00,0.00,0.00,0.00
Thiago Cionek,pl POL,DF,Palermo,30,1986,29,26,2326,25.août,0,0,0,0,0,0,8,0,0.00,0.00,0.00,0.00,0.00
Claiton,br BRA,DF,Crotone,31,1984,10,9,704,07.août,0,0,0,0,0,0,2,0,0.00,0.00,0.00,0.00,0.00
Andrea Coda,it ITA,DF,Pescara,31,1985,13,12,999,11.janv,0,0,0,0,0,0,8,1,0.00,0.00,0.00,0.00,0.00
Isaac Cofie,gh GHA,MF,Genoa,24,1991,15,11,1002,11.janv,0,1,1,0,0,0,5,0,0.00,0.09,0.09,0.00,0.09
Roberto Colombo,it ITA,GK,Cagliari,40,1975,1,0,81,0.9,0,0,0,0,0,0,1,1,0.00,0.00,0.00,0.00,0.00
Andrea Consigli,it ITA,GK,Sassuolo,29,1987,37,37,333,37.0,0,0,0,0,0,0,1,0,0.00,0.00,0.00,0.00,0.00
Andrea Conti,it ITA,DF MF,Atalanta,22,1994,33,31,2663,29.juin,8,5,13,8,0,0,12,0,0.27,0.17,0.44,0.27,0.44
Alex Cordaz,it ITA,GK,Crotone,33,1983,36,36,3236,36.0,0,0,0,0,0,0,2,1,0.00,0.00,0.00,0.00,0.00
Uroš Ćosić,rs SRB,DF,Empoli,23,1992,14,8,961,10.juil,0,0,0,0,0,0,1,0,0.00,0.00,0.00,0.00,0.00
Player,Nation,Pos,Squad,Age,Born,MP,Starts,Min,90s,Gls,Ast,G+A,G-PK,PK,PKatt,CrdY,CrdR,Gls,Ast,G+A,G-PK,G+A-PK
Andrea Costa,it ITA,DF MF,Empoli,30,1986,26,25,2083,23.janv,2,1,3,2,0,0,6,0,0.09,0.04,0.13,0.09,0.13
Filippo Costa,it ITA,DF MF,Chievo,21,1995,1,0,50,0.6,0,0,0,0,0,0,0,0,0.00,0.00,0.00,0.00,0.00
Angelo da Costa Júnior,br BRA,GK,Bologna,32,1983,18,17,1541,17.janv,0,0,0,0,0,0,1,0,0.00,0.00,0.00,0.00,0.00
Mamadou Coulibaly,sn SEN,MF,Pescara,17,1999,9,6,486,05.avr,0,0,0,0,0,0,4,0,0.00,0.00,0.00,0.00,0.00
Luca Crecco,it ITA,DF MF,Lazio,20,1995,3,0,56,0.6,1,0,1,1,0,0,0,0,janv.61,0.00,janv.61,janv.61,janv.61
Alessandro Crescenzi,it ITA,DF,Pescara,24,1991,21,14,1407,15.juin,0,1,1,0,0,0,1,0,0.00,0.06,0.06,0.00,0.06
Lorenzo Crisetig,it ITA,MF,Crotone,23,1993,32,29,2538,28.févr,0,1,1,0,0,0,13,1,0.00,0.04,0.04,0.00,0.04
Bryan Cristante,it ITA,DF MF,Atalanta,21,1995,12,7,664,07.avr,3,2,5,3,0,0,1,0,0.41,0.27,0.68,0.41,0.68
Bryan Cristante,it ITA,DF MF,Pescara,21,1995,16,10,979,10.sept,0,0,0,0,0,0,1,0,0.00,0.00,0.00,0.00,0.00
Sebastián Cristóforo,uy URU,MF,Fiorentina,22,1993,19,7,691,07.juil,0,2,2,0,0,0,1,0,0.00,0.26,0.26,0.00,0.26
Daniele Croce,it ITA,MF,Empoli,33,1982,35,32,2929,32.5,1,1,2,1,0,0,4,0,0.03,0.03,0.06,0.03,0.06
Luca Crosta,it ITA,GK,Cagliari,18,1998,1,1,90,1.0,0,0,0,0,0,0,0,0,0.00,0.00,0.00,0.00,0.00
Juan Cuadrado,co COL,DF FW,Juventus,28,1988,30,21,2096,23.mars,2,6,8,2,0,0,8,0,0.09,0.26,0.34,0.09,0.34
Andrés Cubas,py PAR,MF,Pescara,20,1996,1,0,9,0.1,0,0,0,0,0,0,0,0,0.00,0.00,0.00,0.00,0.00
Giuseppe Cuomo,it ITA,DF,Crotone,18,1998,1,0,4,0.0,0,0,0,0,0,0,0,0,0.00,0.00,0.00,0.00,0.00
Patrick Cutrone,it ITA,FW,Milan,18,1998,1,0,6,0.1,0,0,0,0,0,0,1,0,0.00,0.00,0.00,0.00,0.00
Marco D'Alessandro,it ITA,DF FW,Atalanta,25,1991,24,4,767,08.mai,1,1,2,1,0,0,2,0,0.12,0.12,0.23,0.12,0.23
Danilo D'Ambrosio,it ITA,DF,Inter,27,1988,32,32,2829,31.4,3,3,6,3,0,0,4,0,0.10,0.10,0.19,0.10,0.19
Dario Dainelli,it ITA,DF,Chievo,37,1979,26,25,2191,24.mars,0,0,0,0,0,0,8,0,0.00,0.00,0.00,0.00,0.00
Felipe dal Belo,br BRA,DF,Udinese,32,1984,32,31,2813,31.mars,1,0,1,1,0,0,9,0,0.03,0.00,0.03,0.03,0.03
Pietro De Giorgio,it ITA,MF,Crotone,33,1983,1,0,11,0.1,0,0,0,0,0,0,0,0,0.00,0.00,0.00,0.00,0.00
Sebastien De Maio,fr FRA,DF,Fiorentina,29,1987,6,6,540,6.0,0,0,0,0,0,0,1,0,0.00,0.00,0.00,0.00,0.00
Rodrigo De Paul,ar ARG,FW MF,Udinese,22,1994,34,32,2337,26.0,4,1,5,4,0,0,7,1,0.15,0.04,0.19,0.15,0.19
Daniele De Rossi,it ITA,DF MF,Roma,33,1983,31,27,2341,26.0,4,4,8,2,2,2,9,0,0.15,0.15,0.31,0.08,0.23
Mattia De Sciglio,it ITA,DF MF,Milan,23,1992,25,23,2091,23.févr,0,2,2,0,0,0,4,0,0.00,0.09,0.09,0.00,0.09
Player,Nation,Pos,Squad,Age,Born,MP,Starts,Min,90s,Gls,Ast,G+A,G-PK,PK,PKatt,CrdY,CrdR,Gls,Ast,G+A,G-PK,G+A-PK
Lorenzo De Silvestri,it ITA,DF MF,Torino,28,1988,16,15,1254,13.sept,1,3,4,1,0,0,1,0,0.07,0.22,0.29,0.07,0.29
Grégoire Defrel,mq MTQ,FW MF,Sassuolo,25,1991,29,23,1954,21.juil,12,2,14,11,1,1,1,0,0.55,0.09,0.64,0.51,0.60
Alessandro Deiola,it ITA,MF,Cagliari,20,1995,5,3,244,02.juil,0,0,0,0,0,0,2,0,0.00,0.00,0.00,0.00,0.00
Cristian Dell'Orco,it ITA,DF,Sassuolo,22,1994,9,9,775,08.juin,0,0,0,0,0,0,0,0,0.00,0.00,0.00,0.00,0.00
Fabio Depaoli,it ITA,DF MF,Chievo,19,1997,6,5,446,5.0,0,0,0,0,0,0,3,1,0.00,0.00,0.00,0.00,0.00
Daniele Dessena,it ITA,MF,Cagliari,29,1987,18,16,1185,13.févr,2,0,2,2,0,0,4,1,0.15,0.00,0.15,0.15,0.15
Mattia Destro,it ITA,FW,Bologna,25,1991,30,28,2467,27.avr,11,0,11,11,0,1,4,0,0.40,0.00,0.40,0.40,0.40
Gerard Deulofeu,es ESP,FW MF,Milan,22,1994,17,16,1459,16.févr,4,3,7,4,0,0,4,0,0.25,0.19,0.43,0.25,0.43
Federico Di Francesco,it ITA,FW MF,Bologna,22,1994,24,11,1088,12.janv,4,3,7,4,0,0,3,1,0.33,0.25,0.58,0.33,0.58
Davide Di Gennaro,it ITA,FW MF,Cagliari,28,1988,20,17,1434,15.sept,2,5,7,2,0,0,6,1,0.13,0.31,0.44,0.13,0.44
Nunzio Di Roberto,it ITA,FW,Crotone,30,1985,1,0,9,0.1,0,0,0,0,0,0,0,0,0.00,0.00,0.00,0.00,0.00
Alessandro Diamanti,it ITA,FW MF,Palermo,33,1983,31,18,1698,18.sept,1,5,6,1,0,0,8,1,0.05,0.27,0.32,0.05,0.32
Amadou Diawara,gn GUI,MF,Napoli,19,1997,18,10,1046,11.juin,0,0,0,0,0,0,1,0,0.00,0.00,0.00,0.00,0.00
Kevin Diks,id IDN,DF,Fiorentina,19,1996,2,0,7,0.1,0,0,0,0,0,0,0,0,0.00,0.00,0.00,0.00,0.00
Federico Dimarco,it ITA,DF MF,Empoli,18,1997,12,6,649,07.févr,0,1,1,0,0,0,2,0,0.00,0.14,0.14,0.00,0.14
Assane Dioussé,sn SEN,MF,Empoli,18,1997,33,26,2408,26.août,0,0,0,0,0,0,13,0,0.00,0.00,0.00,0.00,0.00
Dodô,br BRA,DF,Sampdoria,24,1992,7,4,409,04.mai,0,0,0,0,0,0,0,0,0.00,0.00,0.00,0.00,0.00
Gianluigi Donnarumma,it ITA,GK,Milan,17,1999,38,38,342,38.0,0,0,0,0,0,0,2,0,0.00,0.00,0.00,0.00,0.00
Godfred Donsah,gh GHA,MF,Bologna,20,1996,13,10,885,09.août,0,2,2,0,0,0,2,0,0.00,0.20,0.20,0.00,0.20
Bartłomiej Drągowski,pl POL,GK,Fiorentina,18,1997,1,1,90,1.0,0,0,0,0,0,0,0,0,0.00,0.00,0.00,0.00,0.00
Boukary Dramé,sn SEN,DF MF,Atalanta,31,1985,10,8,636,07.janv,0,0,0,0,0,0,1,0,0.00,0.00,0.00,0.00,0.00
Alfred Duncan,gh GHA,MF,Sassuolo,23,1993,21,14,1334,14.août,1,1,2,1,0,0,4,0,0.07,0.07,0.13,0.07,0.13
Noë Dussenne,be BEL,DF,Crotone,24,1992,8,4,465,05.févr,0,0,0,0,0,0,3,1,0.00,0.00,0.00,0.00,0.00
Paulo Dybala,ar ARG,FW MF,Juventus,22,1993,31,26,214,23.août,11,7,18,8,3,3,2,0,0.46,0.29,0.76,0.34,0.63
Edin Džeko,ba BIH,FW,Roma,30,1986,37,33,3048,33.9,29,9,38,28,1,3,4,0,0.86,0.27,01.déc,0.83,01.sept
Player,Nation,Pos,Squad,Age,Born,MP,Starts,Min,90s,Gls,Ast,G+A,G-PK,PK,PKatt,CrdY,CrdR,Gls,Ast,G+A,G-PK,G+A-PK
Blerim Džemaili,ch SUI,MF,Bologna,30,1986,31,29,2583,28.juil,8,3,11,8,0,0,10,1,0.28,0.10,0.38,0.28,0.38
Edenílson,br BRA,FW MF,Genoa,26,1989,16,9,904,10.0,0,3,3,0,0,0,4,1,0.00,0.30,0.30,0.00,0.30
Éder,it ITA,FW,Inter,29,1986,33,13,1482,16.mai,8,4,12,8,0,0,3,0,0.49,0.24,0.73,0.49,0.73
Mirko Eramo,it ITA,MF,Sampdoria,27,1989,1,0,5,0.1,0,0,0,0,0,0,0,0,0.00,0.00,0.00,0.00,0.00
Lucas Evangelista,br BRA,MF,Udinese,21,1995,6,2,207,02.mars,0,1,1,0,0,0,1,0,0.00,0.43,0.43,0.00,0.43
Patrice Evra,fr FRA,DF,Juventus,35,1981,6,3,252,02.août,0,0,0,0,0,0,0,0,0.00,0.00,0.00,0.00,0.00
Ewandro,br BRA,FW MF,Udinese,20,1996,5,0,61,0.7,0,0,0,0,0,0,0,0,0.00,0.00,0.00,0.00,0.00
Diego Falcinelli,it ITA,FW MF,Crotone,25,1991,35,35,3124,34.7,13,2,15,11,2,2,7,0,0.37,0.06,0.43,0.32,0.37
Diego Falcinelli,it ITA,FW MF,Sassuolo,25,1991,1,0,16,0.2,0,0,0,0,0,0,0,0,0.00,0.00,0.00,0.00,0.00
Iago Falque,es ESP,FW MF,Torino,26,1990,35,31,2516,28.0,12,8,20,10,2,2,2,0,0.43,0.29,0.72,0.36,0.64
Paolo Faragò,it ITA,DF MF,Cagliari,23,1993,9,1,347,03.sept,0,0,0,0,0,0,1,0,0.00,0.00,0.00,0.00,0.00
Davide Faraoni,it ITA,DF MF,Udinese,24,1991,5,4,329,03.juil,0,0,0,0,0,0,2,0,0.00,0.00,0.00,0.00,0.00
Diego Farias,br BRA,FW,Cagliari,26,1990,20,12,1166,13.0,7,2,9,5,2,2,4,0,0.54,0.15,0.69,0.39,0.54
Federico Fazio,ar ARG,DF,Roma,29,1987,37,35,3116,34.6,2,1,3,2,0,0,3,0,0.06,0.03,0.09,0.06,0.09
Nicolò Fazzi,it ITA,DF MF,Crotone,21,1995,1,0,7,0.1,0,0,0,0,0,0,0,0,0.00,0.00,0.00,0.00,0.00
Bruno Fernandes,pt POR,FW MF,Sampdoria,21,1994,33,22,1714,19.0,5,2,7,5,0,0,2,0,0.26,0.11,0.37,0.26,0.37
Matías Fernández,cl CHI,MF,Milan,30,1986,13,8,652,07.févr,1,2,3,1,0,0,1,0,0.14,0.28,0.41,0.14,0.41
Alex Ferrari,it ITA,DF,Bologna,22,1994,1,1,90,1.0,0,0,0,0,0,0,0,0,0.00,0.00,0.00,0.00,0.00
Marco Festa,it ITA,GK,Crotone,24,1992,3,2,184,2.0,0,0,0,0,0,0,1,0,0.00,0.00,0.00,0.00,0.00
Riccardo Fiamozzi,it ITA,DF MF,Genoa,23,1993,4,1,107,01.févr,0,0,0,0,0,0,0,0,0.00,0.00,0.00,0.00,0.00
Vincenzo Fiorillo,it ITA,GK,Pescara,26,1990,9,9,810,9.0,0,0,0,0,0,0,0,0,0.00,0.00,0.00,0.00,0.00
Sergio Floccari,it ITA,FW,Bologna,34,1981,5,3,240,02.juil,0,0,0,0,0,0,0,0,0.00,0.00,0.00,0.00,0.00
Alessandro Florenzi,it ITA,DF FW,Roma,25,1991,9,8,747,08.mars,0,3,3,0,0,0,3,0,0.00,0.36,0.36,0.00,0.36
Antonio Floro Flores,it ITA,FW,Chievo,33,1983,12,6,553,06.janv,0,1,1,0,0,0,0,0,0.00,0.16,0.16,0.00,0.16
Seko Fofana,ci CIV,MF,Udinese,21,1995,22,21,1821,20.févr,5,1,6,5,0,0,3,0,0.25,0.05,0.30,0.25,0.30
Player,Nation,Pos,Squad,Age,Born,MP,Starts,Min,90s,Gls,Ast,G+A,G-PK,PK,PKatt,CrdY,CrdR,Gls,Ast,G+A,G-PK,G+A-PK
Michele Fornasier,it ITA,DF,Pescara,22,1993,22,16,1618,18.0,0,1,1,0,0,0,4,0,0.00,0.06,0.06,0.00,0.06
Remo Freuler,ch SUI,MF,Atalanta,24,1992,33,29,2611,29.0,5,4,9,5,0,0,5,0,0.17,0.14,0.31,0.17,0.31
Nicolas Frey,fr FRA,DF,Chievo,32,1984,15,13,1182,13.janv,0,0,0,0,0,0,2,0,0.00,0.00,0.00,0.00,0.00
Andrea Fulignati,it ITA,FW GK,Palermo,21,1994,9,9,810,9.0,0,0,0,0,0,0,0,0,0.00,0.00,0.00,0.00,0.00
Manolo Gabbiadini,it ITA,FW,Napoli,24,1991,13,7,515,05.juil,3,0,3,2,1,1,0,1,0.52,0.00,0.52,0.35,0.35
Gabriel,br BRA,GK,Cagliari,23,1992,3,3,270,3.0,0,0,0,0,0,0,1,0,0.00,0.00,0.00,0.00,0.00
Roberto Gagliardini,it ITA,MF,Atalanta,22,1994,13,8,777,08.juin,0,1,1,0,0,0,5,0,0.00,0.12,0.12,0.00,0.12
Roberto Gagliardini,it ITA,MF,Inter,22,1994,18,18,1575,17.mai,2,1,3,2,0,0,2,0,0.11,0.06,0.17,0.11,0.17
Serge Gakpé,tg TOG,FW MF,Genoa,29,1987,7,2,311,03.mai,1,0,1,1,0,0,1,0,0.29,0.00,0.29,0.29,0.29
Serge Gakpé,tg TOG,FW MF,Chievo,29,1987,8,1,256,02.août,0,0,0,0,0,0,1,0,0.00,0.00,0.00,0.00,0.00
Alessandro Gamberini,it ITA,DF,Chievo,34,1981,20,20,1666,18.mai,1,0,1,1,0,0,1,0,0.05,0.00,0.05,0.05,0.05
Daniele Gastaldello,it ITA,DF,Bologna,33,1983,24,24,192,21.mars,0,1,1,0,0,0,13,2,0.00,0.05,0.05,0.00,0.05
Alessandro Gazzi,it ITA,MF,Palermo,33,1983,25,22,194,21.juin,0,0,0,0,0,0,10,2,0.00,0.00,0.00,0.00,0.00
Marcello Gazzola,it ITA,DF,Sassuolo,31,1985,16,16,1372,15.févr,0,1,1,0,0,0,3,0,0.00,0.07,0.07,0.00,0.07
Santiago Gentiletti,ar ARG,DF,Genoa,31,1985,15,15,1217,13.mai,0,1,1,0,0,0,3,1,0.00,0.07,0.07,0.00,0.07
Gerson,br BRA,FW MF,Roma,19,1997,4,2,131,01.mai,0,0,0,0,0,0,1,0,0.00,0.00,0.00,0.00,0.00
Faouzi Ghoulam,dz ALG,DF,Napoli,25,1991,29,26,2382,26.mai,0,6,6,0,0,0,1,0,0.00,0.23,0.23,0.00,0.23
Emanuele Giaccherini,it ITA,FW MF,Napoli,31,1985,16,1,298,03.mars,1,0,1,1,0,0,0,0,0.30,0.00,0.30,0.30,0.30
Niccolò Giannetti,it ITA,FW,Cagliari,25,1991,11,1,248,02.août,0,0,0,0,0,0,0,0,0.00,0.00,0.00,0.00,0.00
Alberto Gilardino,it ITA,FW,Empoli,34,1982,14,5,600,06.juil,0,0,0,0,0,0,2,0,0.00,0.00,0.00,0.00,0.00
Alberto Gilardino,it ITA,FW,Pescara,34,1982,3,1,104,01.févr,0,0,0,0,0,0,0,0,0.00,0.00,0.00,0.00,0.00
Eddy Gnahoré,fr FRA,MF,Crotone,22,1993,1,0,27,0.3,0,0,0,0,0,0,0,0,0.00,0.00,0.00,0.00,0.00
Assane Gnoukouri,ci CIV,MF,Inter,19,1996,4,0,142,01.juin,0,0,0,0,0,0,0,0,0.00,0.00,0.00,0.00,0.00
Massimo Gobbi,it ITA,DF MF,Chievo,35,1980,30,30,2601,28.sept,1,2,3,1,0,0,5,0,0.03,0.07,0.10,0.03,0.10
Edoardo Goldaniga,it ITA,DF,Palermo,22,1993,28,26,2326,25.août,2,0,2,2,0,0,11,1,0.08,0.00,0.08,0.08,0.08
Player,Nation,Pos,Squad,Age,Born,MP,Starts,Min,90s,Gls,Ast,G+A,G-PK,PK,PKatt,CrdY,CrdR,Gls,Ast,G+A,G-PK,G+A-PK
Pierluigi Gollini,it ITA,GK,Atalanta,21,1995,4,4,360,4.0,0,0,0,0,0,0,1,0,0.00,0.00,0.00,0.00,0.00
Gustavo Gómez,py PAR,DF,Milan,23,1993,18,11,1087,12.janv,0,0,0,0,0,0,4,0,0.00,0.00,0.00,0.00,0.00
Papu Gómez,ar ARG,FW MF,Atalanta,28,1988,37,37,3119,34.7,16,10,26,14,2,2,6,0,0.46,0.29,0.75,0.40,0.69
Giancarlo González,cr CRC,DF,Palermo,28,1988,21,18,1662,18.mai,1,1,2,1,0,0,9,2,0.05,0.05,0.11,0.05,0.11
Alberto Grassi,it ITA,MF,Atalanta,21,1995,18,4,701,07.août,1,0,1,1,0,0,2,0,0.13,0.00,0.13,0.13,0.13
Clément Grenier,fr FRA,MF,Roma,25,1991,6,1,156,01.juil,0,1,1,0,0,0,1,0,0.00,0.58,0.58,0.00,0.58
Samuel Gustafson,se SWE,MF,Torino,21,1995,5,1,223,02.mai,0,0,0,0,0,0,1,0,0.00,0.00,0.00,0.00,0.00
Jonathan de Guzmán,nl NED,MF,Chievo,28,1987,27,15,1365,15.févr,2,1,3,1,1,1,3,0,0.13,0.07,0.20,0.07,0.13
Norbert Gyömbér,sk SVK,DF MF,Pescara,24,1992,10,10,845,09.avr,0,0,0,0,0,0,4,0,0.00,0.00,0.00,0.00,0.00
Ianis Hagi,ro ROU,FW MF,Fiorentina,17,1998,2,0,51,0.6,0,0,0,0,0,0,1,0,0.00,0.00,0.00,0.00,0.00
Emil Hallfreðsson,is ISL,FW MF,Udinese,32,1984,28,23,1984,22.0,0,4,4,0,0,0,10,0,0.00,0.18,0.18,0.00,0.18
Marek Hamšík,sk SVK,MF,Napoli,29,1987,38,37,303,33.7,12,10,22,12,0,0,1,0,0.36,0.30,0.65,0.36,0.65
Samir Handanović,si SVN,GK,Inter,32,1984,37,37,333,37.0,0,0,0,0,0,0,4,0,0.00,0.00,0.00,0.00,0.00
Joe Hart,eng ENG,GK,Torino,29,1987,36,36,324,36.0,0,0,0,0,0,0,2,0,0.00,0.00,0.00,0.00,0.00
Hans Hateboer,nl NED,DF MF,Atalanta,22,1994,6,3,291,03.févr,0,1,1,0,0,0,2,0,0.00,0.31,0.31,0.00,0.31
Filip Helander,se SWE,DF MF,Bologna,23,1993,11,9,837,09.mars,1,0,1,1,0,0,3,0,0.11,0.00,0.11,0.11,0.11
Bruno Henrique,br BRA,MF,Palermo,26,1989,33,24,2213,24.juin,1,3,4,1,0,0,7,0,0.04,0.12,0.16,0.04,0.16
Hernanes,br BRA,MF,Juventus,31,1985,10,8,721,8.0,1,0,1,1,0,0,3,0,0.12,0.00,0.12,0.12,0.12
Përparim Hetemaj,fi FIN,MF,Chievo,29,1986,23,21,1872,20.août,0,1,1,0,0,0,6,0,0.00,0.05,0.05,0.00,0.05
Thomas Heurtaux,fr FRA,DF,Udinese,28,1988,12,6,528,05.sept,0,1,1,0,0,0,3,0,0.00,0.17,0.17,0.00,0.17
Gonzalo Higuaín,ar ARG,FW MF,Juventus,28,1987,38,32,2966,33.0,24,2,26,24,0,0,1,0,0.73,0.06,0.79,0.73,0.79
Oscar Hiljemark,se SWE,MF,Genoa,24,1992,14,10,802,08.sept,2,0,2,2,0,0,0,0,0.22,0.00,0.22,0.22,0.22
Oscar Hiljemark,se SWE,MF,Palermo,24,1992,15,12,1065,11.août,0,0,0,0,0,0,1,0,0.00,0.00,0.00,0.00,0.00
Wesley Hoedt,nl NED,DF,Lazio,22,1994,23,21,1882,20.sept,2,0,2,2,0,0,5,0,0.10,0.00,0.10,0.10,0.10
Keisuke Honda,jp JPN,FW MF,Milan,30,1986,8,2,227,02.mai,1,0,1,1,0,0,0,0,0.40,0.00,0.40,0.40,0.40
Player,Nation,Pos,Squad,Age,Born,MP,Starts,Min,90s,Gls,Ast,G+A,G-PK,PK,PKatt,CrdY,CrdR,Gls,Ast,G+A,G-PK,G+A-PK
Elseid Hysaj,al ALB,DF,Napoli,22,1994,35,34,3031,33.7,0,1,1,0,0,0,8,0,0.00,0.03,0.03,0.00,0.03
Víctor Ibarbo,co COL,FW MF,Cagliari,26,1990,3,0,39,0.4,0,0,0,0,0,0,0,0,0.00,0.00,0.00,0.00,0.00
Mauro Icardi,ar ARG,FW,Inter,23,1993,34,34,3026,33.6,24,8,32,21,3,4,1,0,0.71,0.24,0.95,0.62,0.86
Pietro Iemmello,it ITA,FW,Sassuolo,24,1992,17,3,512,05.juil,5,0,5,4,1,1,1,0,0.88,0.00,0.88,0.70,0.70
Josip Iličić,si SVN,FW MF,Fiorentina,28,1988,29,23,187,20.août,5,4,9,4,1,3,2,0,0.24,0.19,0.43,0.19,0.39
Ciro Immobile,it ITA,FW,Lazio,26,1990,36,35,3118,34.6,23,3,26,17,6,6,5,0,0.66,0.09,0.75,0.49,0.58
Roberto Inglese,it ITA,FW,Chievo,24,1991,34,22,1964,21.août,10,4,14,10,0,1,0,0,0.46,0.18,0.64,0.46,0.64
Lorenzo Insigne,it ITA,FW MF,Napoli,25,1991,37,35,2922,32.5,18,9,27,16,2,2,2,0,0.55,0.28,0.83,0.49,0.77
Artur Ioniță,md MDA,MF,Cagliari,25,1990,18,14,1304,14.mai,3,0,3,3,0,0,5,0,0.21,0.00,0.21,0.21,0.21
Mauricio Isla,cl CHI,DF MF,Cagliari,28,1988,34,32,2874,31.9,1,6,7,1,0,0,10,0,0.03,0.19,0.22,0.03,0.22
Juan Iturbe,py PAR,FW MF,Torino,23,1993,16,4,549,06.janv,1,3,4,1,0,0,1,0,0.16,0.49,0.66,0.16,0.66
Juan Iturbe,py PAR,FW MF,Roma,23,1993,5,0,43,0.5,0,0,0,0,0,0,0,0,0.00,0.00,0.00,0.00,0.00
Armando Izzo,it ITA,DF,Genoa,24,1992,29,29,2586,28.juil,0,2,2,0,0,0,5,0,0.00,0.07,0.07,0.00,0.07
Mato Jajalo,ba BIH,MF,Palermo,28,1988,26,22,1851,20.juin,1,1,2,1,0,0,5,0,0.05,0.05,0.10,0.05,0.10
Arnel Jakupović,at AUT,FW,Empoli,18,1998,1,0,3,0.0,0,0,0,0,0,0,0,0,0.00,0.00,0.00,0.00,0.00
Lamin Jallow,gm GAM,FW,Chievo,22,1994,2,0,17,0.2,0,0,0,0,0,0,0,0,0.00,0.00,0.00,0.00,0.00
Jakub Jankto,cz CZE,MF,Udinese,20,1996,29,24,1898,21.janv,5,4,9,5,0,0,6,0,0.24,0.19,0.43,0.24,0.43
Juan Jesus,br BRA,DF,Roma,25,1991,20,13,1193,13.mars,0,0,0,0,0,0,5,0,0.00,0.00,0.00,0.00,0.00
Jorginho,it ITA,MF,Napoli,24,1991,27,27,2134,23.juil,0,3,3,0,0,0,3,0,0.00,0.13,0.13,0.00,0.13
Stevan Jovetić,me MNE,FW MF,Inter,26,1989,5,0,73,0.8,0,0,0,0,0,0,1,0,0.00,0.00,0.00,0.00,0.00
Mariano Julio Izco,ar ARG,MF,Chievo,33,1983,25,12,1171,13.0,0,1,1,0,0,0,1,0,0.00,0.08,0.08,0.00,0.08
Omar El Kaddouri,ma MAR,MF,Empoli,25,1990,15,15,1244,13.août,3,1,4,3,0,0,5,0,0.22,0.07,0.29,0.22,0.29
Omar El Kaddouri,ma MAR,MF,Napoli,25,1990,5,0,45,0.5,0,0,0,0,0,0,0,0,0.00,0.00,0.00,0.00,0.00
Nikola Kalinić,hr CRO,FW,Fiorentina,28,1988,32,26,2485,27.juin,15,2,17,14,1,2,5,1,0.54,0.07,0.62,0.51,0.58
Orestis Karnezis,gr GRE,GK,Udinese,31,1985,33,33,2958,32.9,0,0,0,0,0,0,3,0,0.00,0.00,0.00,0.00,0.00
Player,Nation,Pos,Squad,Age,Born,MP,Starts,Min,90s,Gls,Ast,G+A,G-PK,PK,PKatt,CrdY,CrdR,Gls,Ast,G+A,G-PK,G+A-PK
Grigoris Kastanos,cy CYP,MF,Pescara,18,1998,8,3,280,03.janv,0,0,0,0,0,0,1,0,0.00,0.00,0.00,0.00,0.00
Moise Kean,it ITA,FW,Juventus,16,2000,3,0,21,0.2,1,0,1,1,0,0,0,0,avr.29,0.00,avr.29,avr.29,avr.29
Franck Kessié,ci CIV,DF MF,Atalanta,19,1996,30,25,222,24.juil,6,3,9,4,2,2,7,2,0.24,0.12,0.36,0.16,0.28
Sami Khedira,de GER,MF,Juventus,29,1987,31,31,2539,28.févr,5,3,8,5,0,0,2,0,0.18,0.11,0.28,0.18,0.28
Ricardo Kishna,nl NED,FW MF,Lazio,21,1995,5,2,158,01.août,0,0,0,0,0,0,0,0,0.00,0.00,0.00,0.00,0.00
Sofian Kiyine,ma MAR,MF,Chievo,18,1997,7,0,73,0.8,0,0,0,0,0,0,1,0,0.00,0.00,0.00,0.00,0.00
Geoffrey Kondogbia,cf CTA,DF MF,Inter,23,1993,24,20,1711,19.0,1,2,3,1,0,0,5,1,0.05,0.11,0.16,0.05,0.16
Panagiotis Kone,gr GRE,MF,Udinese,29,1987,5,3,301,03.mars,0,0,0,0,0,0,1,0,0.00,0.00,0.00,0.00,0.00
Abdoulay Konko,fr FRA,DF MF,Atalanta,32,1984,10,7,617,06.sept,0,0,0,0,0,0,2,0,0.00,0.00,0.00,0.00,0.00
Andrej Kotnik,si SVN,MF,Crotone,20,1995,2,0,31,0.3,0,0,0,0,0,0,0,0,0.00,0.00,0.00,0.00,0.00
Kalidou Koulibaly,sn SEN,DF,Napoli,25,1991,28,28,2471,27.mai,2,0,2,2,0,0,6,0,0.07,0.00,0.07,0.07,0.07
Emil Krafth,se SWE,DF,Bologna,21,1994,26,16,1656,18.avr,0,0,0,0,0,0,1,2,0.00,0.00,0.00,0.00,0.00
Ladislav Krejčí,cz CZE,DF FW,Bologna,24,1992,37,33,2772,30.août,1,8,9,0,1,1,2,0,0.03,0.26,0.29,0.00,0.26
Rade Krunić,ba BIH,MF,Empoli,22,1993,32,29,2431,27.0,2,1,3,2,0,0,10,0,0.07,0.04,0.11,0.07,0.11
Juraj Kucka,sk SVK,MF,Milan,29,1987,30,23,2082,23.janv,3,1,4,3,0,0,10,5,0.13,0.04,0.17,0.13,0.17
Sven Kums,be BEL,MF,Udinese,28,1988,29,20,1828,20.mars,0,1,1,0,0,0,3,0,0.00,0.05,0.05,0.00,0.05
Jasmin Kurtić,si SVN,MF,Atalanta,27,1989,37,35,2739,30.avr,6,3,9,6,0,0,7,0,0.20,0.10,0.30,0.20,0.30
Han Kwang-song,kp PRK,FW,Cagliari,17,1998,5,0,64,0.7,1,0,1,1,0,0,0,0,janv.41,0.00,janv.41,janv.41,janv.41
Eugenio Lamanna,it ITA,GK,Genoa,26,1989,21,20,1883,20.sept,0,0,0,0,0,0,0,0,0.00,0.00,0.00,0.00,0.00
Gianluca Lapadula,pe PER,FW,Milan,26,1990,27,12,1262,14.0,8,3,11,6,2,2,3,0,0.57,0.21,0.78,0.43,0.64
Danilo Larangeira,br BRA,DF,Udinese,32,1984,36,36,3203,35.6,2,1,3,2,0,0,9,1,0.06,0.03,0.08,0.06,0.08
Vincent Laurini,fr FRA,DF,Empoli,27,1989,24,24,191,21.févr,0,0,0,0,0,0,2,1,0.00,0.00,0.00,0.00,0.00
Diego Laxalt,uy URU,DF MF,Genoa,23,1993,36,36,3135,34.8,1,4,5,1,0,0,5,0,0.03,0.11,0.14,0.03,0.14
Darko Lazović,rs SRB,DF FW,Genoa,25,1990,33,30,245,27.févr,2,4,6,2,0,0,5,1,0.07,0.15,0.22,0.07,0.22
Moritz Leitner,de GER,MF,Lazio,23,1992,2,0,15,0.2,0,0,0,0,0,0,0,0,0.00,0.00,0.00,0.00,0.00
Player,Nation,Pos,Squad,Age,Born,MP,Starts,Min,90s,Gls,Ast,G+A,G-PK,PK,PKatt,CrdY,CrdR,Gls,Ast,G+A,G-PK,G+A-PK
Mario Lemina,ga GAB,DF MF,Juventus,22,1993,19,8,906,10.janv,1,1,2,1,0,0,1,0,0.10,0.10,0.20,0.10,0.20
Timo Letschert,nl NED,DF MF,Sassuolo,23,1993,9,9,663,07.avr,0,0,0,0,0,0,2,1,0.00,0.00,0.00,0.00,0.00
Luca Lezzerini,it ITA,GK,Fiorentina,21,1995,1,0,51,0.6,0,0,0,0,0,0,0,0,0.00,0.00,0.00,0.00,0.00
Stephan Lichtsteiner,ch SUI,DF MF,Juventus,32,1984,26,22,1866,20.juil,1,2,3,1,0,0,5,0,0.05,0.10,0.14,0.05,0.14
Karol Linetty,pl POL,MF,Sampdoria,21,1995,35,27,2384,26.mai,1,4,5,1,0,0,5,0,0.04,0.15,0.19,0.04,0.19
Pol Lirola,es ESP,DF MF,Sassuolo,18,1997,22,17,1548,17.févr,0,3,3,0,0,0,3,0,0.00,0.17,0.17,0.00,0.17
Adem Ljajić,rs SRB,FW MF,Torino,24,1991,33,30,2513,27.sept,10,8,18,9,1,2,5,0,0.36,0.29,0.64,0.32,0.61
Simone Lo Faso,it ITA,FW,Palermo,18,1998,10,1,255,02.août,0,0,0,0,0,0,0,0,0.00,0.00,0.00,0.00,0.00
Manuel Locatelli,it ITA,MF,Milan,18,1998,25,17,1694,18.août,2,0,2,2,0,0,7,0,0.11,0.00,0.11,0.11,0.11
Francesco Lodi,it ITA,MF,Udinese,32,1984,1,0,12,0.1,0,0,0,0,0,0,0,0,0.00,0.00,0.00,0.00,0.00
Cristiano Lombardi,it ITA,FW MF,Lazio,20,1995,18,3,437,04.sept,1,0,1,1,0,0,4,0,0.21,0.00,0.21,0.21,0.21
Maxi López,ar ARG,FW,Torino,32,1984,16,2,440,04.sept,2,0,2,2,0,0,2,0,0.41,0.00,0.41,0.41,0.41
Jordan Lukaku,be BEL,DF MF,Lazio,22,1994,16,8,851,09.mai,0,1,1,0,0,0,2,0,0.00,0.11,0.11,0.00,0.11
Saša Lukić,rs SRB,MF,Torino,19,1996,14,7,777,08.juin,0,0,0,0,0,0,6,0,0.00,0.00,0.00,0.00,0.00
Senad Lulić,ba BIH,DF MF,Lazio,30,1986,31,29,2486,27.juin,3,9,12,3,0,0,9,1,0.11,0.33,0.43,0.11,0.43
Massimo Maccarone,it ITA,FW,Empoli,36,1979,28,17,1508,16.août,5,2,7,3,2,2,3,1,0.30,0.12,0.42,0.18,0.30
Christian Maggio,it ITA,DF MF,Napoli,34,1982,7,4,394,04.avr,0,0,0,0,0,0,0,0,0.00,0.00,0.00,0.00,0.00
Francesco Magnanelli,it ITA,MF,Sassuolo,31,1984,15,14,1193,13.mars,1,0,1,1,0,0,2,0,0.08,0.00,0.08,0.08,0.08
Raffaele Maiello,it ITA,MF,Empoli,25,1991,1,1,59,0.7,0,0,0,0,0,0,0,0,0.00,0.00,0.00,0.00,0.00
Domenico Maietta,it ITA,DF,Bologna,33,1982,29,29,2373,26.avr,0,1,1,0,0,0,8,0,0.00,0.04,0.04,0.00,0.04
Nikola Maksimović,rs SRB,DF,Napoli,24,1991,8,7,678,07.mai,1,0,1,1,0,0,1,0,0.13,0.00,0.13,0.13,0.13
Rey Manaj,al ALB,FW,Pescara,19,1997,12,4,474,05.mars,2,0,2,2,0,0,2,0,0.38,0.00,0.38,0.38,0.38
Rolando Mandragora,it ITA,MF,Juventus,19,1997,1,0,5,0.1,0,0,0,0,0,0,0,0,0.00,0.00,0.00,0.00,0.00
Mario Mandžukić,hr CRO,FW MF,Juventus,30,1986,34,28,2483,27.juin,7,4,11,7,0,0,5,0,0.25,0.14,0.40,0.25,0.40
Kostas Manolas,gr GRE,DF,Roma,25,1991,33,32,2771,30.août,0,2,2,0,0,0,7,0,0.00,0.06,0.06,0.00,0.06
Player,Nation,Pos,Squad,Age,Born,MP,Starts,Min,90s,Gls,Ast,G+A,G-PK,PK,PKatt,CrdY,CrdR,Gls,Ast,G+A,G-PK,G+A-PK
Giovanni Marchese,it ITA,DF,Genoa,31,1984,1,0,9,0.1,0,0,0,0,0,0,0,0,0.00,0.00,0.00,0.00,0.00
Federico Marchetti,it ITA,GK,Lazio,33,1983,17,17,1485,16.mai,0,0,0,0,0,0,0,0,0.00,0.00,0.00,0.00,0.00
Claudio Marchisio,it ITA,MF,Juventus,30,1986,18,15,1253,13.sept,1,3,4,1,0,0,2,0,0.07,0.22,0.29,0.07,0.29
Gian Marco Ferrari,it ITA,DF,Crotone,24,1992,37,37,333,37.0,3,1,4,3,0,0,8,0,0.08,0.03,0.11,0.08,0.11
Guido Marilungo,it ITA,FW,Empoli,26,1989,20,11,942,10.mai,0,4,4,0,0,0,2,0,0.00,0.38,0.38,0.00,0.38
João Mário,pt POR,FW MF,Inter,23,1993,30,22,2003,22.mars,3,5,8,3,0,0,5,0,0.13,0.22,0.36,0.13,0.36
Bruno Martella,it ITA,DF MF,Crotone,23,1992,29,26,2319,25.août,0,0,0,0,0,0,4,0,0.00,0.00,0.00,0.00,0.00
Josef Martínez,ve VEN,FW,Torino,23,1993,11,4,533,05.sept,1,0,1,1,0,0,3,0,0.17,0.00,0.17,0.17,0.17
Andrea Masiello,it ITA,DF,Atalanta,30,1986,35,34,2926,32.5,3,1,4,3,0,0,9,0,0.09,0.03,0.12,0.09,0.12
Adam Masina,ma MAR,DF,Bologna,22,1994,32,28,2428,27.0,1,1,2,1,0,0,6,1,0.04,0.04,0.07,0.04,0.07
Ryder Matos,br BRA,FW MF,Udinese,23,1993,20,4,556,06.févr,0,0,0,0,0,0,0,0,0.00,0.00,0.00,0.00,0.00
Alessandro Matri,it ITA,FW,Sassuolo,31,1984,31,16,1456,16.févr,8,0,8,8,0,0,1,0,0.49,0.00,0.49,0.49,0.49
José Mauri,it ITA,MF,Empoli,20,1996,14,10,869,09.juil,0,0,0,0,0,0,4,0,0.00,0.00,0.00,0.00,0.00
Luca Mazzitelli,it ITA,DF MF,Sassuolo,20,1995,17,12,1044,11.juin,1,2,3,1,0,0,8,0,0.09,0.17,0.26,0.09,0.26
Ibrahima Mbaye,sn SEN,DF MF,Bologna,21,1994,16,11,1068,11.sept,0,1,1,0,0,0,4,0,0.00,0.08,0.08,0.00,0.08
Levan Mchedlidze,ge GEO,FW MF,Empoli,26,1990,15,11,944,10.mai,6,0,6,6,0,0,3,0,0.57,0.00,0.57,0.57,0.57
Gary Medel,cl CHI,DF MF,Inter,28,1987,26,26,2163,24.0,0,0,0,0,0,0,5,0,0.00,0.00,0.00,0.00,0.00
Riccardo Meggiorini,it ITA,FW,Chievo,30,1985,27,20,1769,19.juil,3,0,3,3,0,0,6,0,0.15,0.00,0.15,0.15,0.15
Federico Melchiorri,it ITA,FW,Cagliari,29,1987,10,4,467,05.févr,3,0,3,3,0,0,1,0,0.58,0.00,0.58,0.58,0.58
Filippo Melegoni,it ITA,MF,Atalanta,17,1999,1,1,45,0.5,0,0,0,0,0,0,0,0,0.00,0.00,0.00,0.00,0.00
Felipe Melo,br BRA,DF MF,Inter,33,1983,5,1,179,2.0,0,0,0,0,0,0,3,1,0.00,0.00,0.00,0.00,0.00
Ledian Memushaj,al ALB,MF,Pescara,29,1986,36,35,2952,32.8,1,3,4,1,0,2,3,0,0.03,0.09,0.12,0.03,0.12
Dries Mertens,be BEL,FW MF,Napoli,29,1987,35,28,2558,28.avr,28,9,37,26,2,3,6,0,0.99,0.32,janv.30,0.91,janv.23
Djamel Mesbah,dz ALG,DF MF,Crotone,31,1984,10,8,680,07.juin,0,0,0,0,0,0,1,0,0.00,0.00,0.00,0.00,0.00
Senna Miangue,be BEL,DF,Cagliari,19,1997,4,0,137,01.mai,0,0,0,0,0,0,1,0,0.00,0.00,0.00,0.00,0.00
Player,Nation,Pos,Squad,Age,Born,MP,Starts,Min,90s,Gls,Ast,G+A,G-PK,PK,PKatt,CrdY,CrdR,Gls,Ast,G+A,G-PK,G+A-PK
Senna Miangue,be BEL,DF,Inter,19,1997,3,1,124,01.avr,0,0,0,0,0,0,0,0,0.00,0.00,0.00,0.00,0.00
Giulio Migliaccio,it ITA,DF MF,Atalanta,35,1981,3,0,12,0.1,0,0,0,0,0,0,0,0,0.00,0.00,0.00,0.00,0.00
Hrvoje Milić,hr CRO,DF FW,Fiorentina,27,1989,17,16,125,13.sept,0,4,4,0,0,0,4,0,0.00,0.29,0.29,0.00,0.29
Hrvoje Miličević,ba BIH,DF MF,Pescara,23,1993,3,1,133,01.mai,0,0,0,0,0,0,1,0,0.00,0.00,0.00,0.00,0.00
Arkadiusz Milik,pl POL,FW,Napoli,22,1994,17,4,559,06.févr,5,1,6,5,0,0,1,0,0.81,0.16,0.97,0.81,0.97
Sergej Milinković-Savić,rs SRB,MF,Lazio,21,1995,34,31,2727,30.mars,4,7,11,4,0,0,8,0,0.13,0.23,0.36,0.13,0.36
Miranda,br BRA,DF,Inter,31,1984,32,32,288,32.0,0,0,0,0,0,0,6,0,0.00,0.00,0.00,0.00,0.00
Antonio Mirante,it ITA,GK,Bologna,33,1983,21,21,1879,20.sept,0,0,0,0,0,0,0,0,0.00,0.00,0.00,0.00,0.00
Simone Missiroli,it ITA,MF,Sassuolo,30,1986,13,9,761,08.mai,0,0,0,0,0,0,3,0,0.00,0.00,0.00,0.00,0.00
Alexandru Mitriță,ro ROU,FW MF,Pescara,21,1995,15,4,553,06.janv,1,2,3,1,0,0,1,0,0.16,0.33,0.49,0.16,0.49
Jan Mlakar,si SVN,FW MF,Fiorentina,17,1998,1,0,21,0.2,0,0,0,0,0,0,0,0,0.00,0.00,0.00,0.00,0.00
Cristian Molinaro,it ITA,DF MF,Torino,33,1983,10,9,751,08.mars,0,2,2,0,0,0,2,0,0.00,0.24,0.24,0.00,0.24
Riccardo Montolivo,it ITA,MF,Milan,31,1985,9,9,778,08.juin,0,0,0,0,0,0,2,0,0.00,0.00,0.00,0.00,0.00
Emiliano Moretti,it ITA,DF,Torino,35,1981,23,23,2063,22.sept,1,3,4,1,0,0,5,0,0.04,0.13,0.17,0.04,0.17
Michel Morganella,ch SUI,DF MF,Palermo,27,1989,11,7,649,07.févr,0,0,0,0,0,0,3,0,0.00,0.00,0.00,0.00,0.00
Archimede Morleo,it ITA,DF,Bologna,32,1983,1,0,25,0.3,0,0,0,0,0,0,0,0,0.00,0.00,0.00,0.00,0.00
Leonardo Morosini,it ITA,FW MF,Genoa,20,1995,4,1,92,1.0,0,0,0,0,0,0,0,0,0.00,0.00,0.00,0.00,0.00
Anthony Mounier,fr FRA,FW MF,Bologna,28,1987,6,4,292,03.févr,0,0,0,0,0,0,0,0,0.00,0.00,0.00,0.00,0.00
Anthony Mounier,fr FRA,FW MF,Atalanta,28,1987,5,0,104,01.févr,0,0,0,0,0,0,0,0,0.00,0.00,0.00,0.00,0.00
Gianni Munari,it ITA,MF,Cagliari,33,1983,11,3,352,03.sept,0,0,0,0,0,0,5,0,0.00,0.00,0.00,0.00,0.00
Ezequiel Muñoz,ar ARG,DF,Genoa,25,1990,31,25,2347,26.janv,0,0,0,0,0,0,3,0,0.00,0.00,0.00,0.00,0.00
Sulley Muntari,gh GHA,MF,Pescara,31,1984,9,7,528,05.sept,1,0,1,1,0,0,5,1,0.17,0.00,0.17,0.17,0.17
Alessandro Murgia,it ITA,MF,Lazio,19,1996,14,4,495,05.mai,2,0,2,2,0,0,1,0,0.36,0.00,0.36,0.36,0.36
Robert Murić,hr CRO,FW MF,Pescara,20,1996,5,2,186,02.janv,1,0,1,1,0,0,0,0,0.48,0.00,0.48,0.48,0.48
Luis Muriel,co COL,FW,Sampdoria,25,1991,31,25,2246,25.0,11,5,16,7,4,4,4,1,0.44,0.20,0.64,0.28,0.48
Player,Nation,Pos,Squad,Age,Born,MP,Starts,Min,90s,Gls,Ast,G+A,G-PK,PK,PKatt,CrdY,CrdR,Gls,Ast,G+A,G-PK,G+A-PK
Jeison Murillo,co COL,DF,Inter,24,1992,27,23,2077,23.janv,0,1,1,0,0,0,6,0,0.00,0.04,0.04,0.00,0.04
Nicola Murru,it ITA,DF,Cagliari,21,1994,26,26,217,24.janv,0,1,1,0,0,0,3,0,0.00,0.04,0.04,0.00,0.04
Yuto Nagatomo,jp JPN,DF MF,Inter,29,1986,16,11,1021,11.mars,0,0,0,0,0,0,2,0,0.00,0.00,0.00,0.00,0.00
Ádám Nagy,hu HUN,MF,Bologna,21,1995,25,22,1803,20.0,0,1,1,0,0,0,4,0,0.00,0.05,0.05,0.00,0.05
Radja Nainggolan,be BEL,MF,Roma,28,1988,37,35,303,33.7,11,4,15,11,0,0,2,0,0.33,0.12,0.45,0.33,0.45
Andrea Nalini,it ITA,FW,Crotone,26,1990,17,7,815,09.janv,2,2,4,2,0,0,2,0,0.22,0.22,0.44,0.22,0.44
Ilija Nestorovski,mk MKD,FW,Palermo,26,1990,37,34,3105,34.5,11,3,14,10,1,1,5,0,0.32,0.09,0.41,0.29,0.38
Neto,br BRA,GK,Juventus,27,1989,8,7,675,07.mai,0,0,0,0,0,0,0,0,0.00,0.00,0.00,0.00,0.00
M'Baye Niang,sn SEN,FW MF,Milan,21,1994,18,13,112,12.avr,3,2,5,2,1,3,2,1,0.24,0.16,0.40,0.16,0.32
Nikola Ninković,rs SRB,FW MF,Genoa,21,1994,17,5,659,07.mars,2,1,3,2,0,0,3,0,0.27,0.14,0.41,0.27,0.41
Olivier Ntcham,cm CMR,MF,Genoa,20,1996,20,10,973,10.août,3,1,4,3,0,0,3,0,0.28,0.09,0.37,0.28,0.37
Simeon Nwankwo,ng NGA,FW,Crotone,24,1992,21,4,579,06.avr,3,0,3,3,0,0,0,0,0.47,0.00,0.47,0.47,0.47
Joel Obi,ng NGA,MF,Torino,25,1991,20,9,771,08.juin,0,2,2,0,0,0,3,0,0.00,0.23,0.23,0.00,0.23
Lucas Ocampos,ar ARG,FW MF,Genoa,22,1994,14,12,839,09.mars,3,1,4,2,1,1,2,0,0.32,0.11,0.43,0.21,0.32
Lucas Ocampos,ar ARG,FW MF,Milan,22,1994,12,4,541,6.0,0,1,1,0,0,0,3,0,0.00,0.17,0.17,0.00,0.17
Marios Oikonomou,gr GRE,DF,Bologna,23,1992,18,12,1248,13.sept,0,0,0,0,0,0,1,0,0.00,0.00,0.00,0.00,0.00
Orji Okwonkwo,ng NGA,FW,Bologna,18,1998,9,1,252,02.août,0,0,0,0,0,0,1,0,0.00,0.00,0.00,0.00,0.00
Maximiliano Olivera,uy URU,DF,Fiorentina,24,1992,18,13,1112,12.avr,0,1,1,0,0,0,4,0,0.00,0.08,0.08,0.00,0.08
Lucas Orbán,ar ARG,DF,Genoa,27,1989,11,8,774,08.juin,0,0,0,0,0,0,4,1,0.00,0.00,0.00,0.00,0.00
Juan Pablo Carrizo,ar ARG,GK,Inter,32,1984,1,1,90,1.0,0,0,0,0,0,0,0,0,0.00,0.00,0.00,0.00,0.00
Daniele Padelli,it ITA,GK,Torino,30,1985,2,2,180,2.0,0,0,0,0,0,0,1,0,0.00,0.00,0.00,0.00,0.00
Simone Padoin,it ITA,DF MF,Cagliari,32,1984,31,25,2174,24.févr,1,1,2,1,0,0,6,0,0.04,0.04,0.08,0.04,0.08
Marko Pajač,hr CRO,DF MF,Cagliari,23,1993,1,0,9,0.1,0,0,0,0,0,0,0,0,0.00,0.00,0.00,0.00,0.00
Rodrigo Palacio,ar ARG,FW MF,Inter,34,1982,15,3,431,04.août,0,3,3,0,0,0,1,0,0.00,0.63,0.63,0.00,0.63
Gabriel Paletta,it ITA,DF,Milan,30,1986,30,30,2594,28.août,2,1,3,2,0,0,9,5,0.07,0.03,0.10,0.07,0.10
Player,Nation,Pos,Squad,Age,Born,MP,Starts,Min,90s,Gls,Ast,G+A,G-PK,PK,PKatt,CrdY,CrdR,Gls,Ast,G+A,G-PK,G+A-PK
Raffaele Palladino,it ITA,FW MF,Crotone,32,1984,19,16,143,15.sept,2,0,2,1,1,2,5,0,0.13,0.00,0.13,0.06,0.06
Raffaele Palladino,it ITA,FW MF,Genoa,32,1984,12,9,855,09.mai,0,0,0,0,0,0,1,0,0.00,0.00,0.00,0.00,0.00
Emerson Palmieri,it ITA,DF MF,Roma,21,1994,25,23,1965,21.août,0,1,1,0,0,0,1,0,0.00,0.05,0.05,0.00,0.05
Angelo Palombo,it ITA,MF,Sampdoria,34,1981,4,2,220,02.avr,0,0,0,0,0,0,1,0,0.00,0.00,0.00,0.00,0.00
Alberto Paloschi,it ITA,FW,Atalanta,26,1990,13,4,442,04.sept,0,0,0,0,0,0,0,0,0.00,0.00,0.00,0.00,0.00
Goran Pandev,mk MKD,FW MF,Genoa,33,1983,20,6,854,09.mai,3,1,4,3,0,0,1,1,0.32,0.11,0.42,0.32,0.42
Leandro Paredes,ar ARG,MF,Roma,22,1994,27,15,1482,16.mai,3,1,4,3,0,0,4,0,0.18,0.06,0.24,0.18,0.24
Vittorio Parigini,it ITA,FW MF,Chievo,20,1996,3,0,25,0.3,0,0,0,0,0,0,0,0,0.00,0.00,0.00,0.00,0.00
Marco Parolo,it ITA,MF,Lazio,31,1985,34,34,2976,33.1,5,1,6,5,0,0,11,0,0.15,0.03,0.18,0.15,0.18
Mario Pašalić,hr CRO,FW MF,Milan,21,1995,24,20,1758,19.mai,5,1,6,5,0,0,5,0,0.26,0.05,0.31,0.26,0.31
Manuel Pasqual,it ITA,DF MF,Empoli,34,1982,32,32,2812,31.2,2,3,5,1,1,1,7,0,0.06,0.10,0.16,0.03,0.13
Patric,es ESP,DF,Lazio,23,1993,19,10,1017,11.mars,0,1,1,0,0,0,4,0,0.00,0.09,0.09,0.00,0.09
Daniel Pavlović,ba BIH,DF MF,Sampdoria,28,1988,9,8,720,8.0,0,1,1,0,0,0,2,0,0.00,0.12,0.12,0.00,0.12
Leonardo Pavoletti,it ITA,FW,Genoa,27,1988,9,7,581,06.mai,3,0,3,3,0,0,2,0,0.46,0.00,0.46,0.46,0.46
Leonardo Pavoletti,it ITA,FW,Napoli,27,1988,6,2,196,02.févr,0,0,0,0,0,0,0,0,0.00,0.00,0.00,0.00,0.00
João Pedro,it ITA,FW MF,Cagliari,24,1992,22,17,1453,16.janv,7,3,10,6,1,2,4,1,0.43,0.19,0.62,0.37,0.56
Gianluca Pegolo,it ITA,GK,Sassuolo,35,1981,1,1,90,1.0,0,0,0,0,0,0,0,0,0.00,0.00,0.00,0.00,0.00
Alberto Pelagotti,it ITA,GK,Empoli,26,1989,3,3,270,3.0,0,0,0,0,0,0,0,0,0.00,0.00,0.00,0.00,0.00
Pietro Pellegri,it ITA,FW,Genoa,15,2001,3,1,75,0.8,1,0,1,1,0,0,0,0,janv.20,0.00,janv.20,janv.20,janv.20
Lorenzo Pellegrini,it ITA,MF,Sassuolo,20,1996,28,24,1941,21.juin,6,6,12,5,1,1,7,1,0.28,0.28,0.56,0.23,0.51
Sergio Pellissier,it ITA,FW,Chievo,37,1979,30,18,173,19.févr,9,2,11,6,3,3,1,0,0.47,0.10,0.57,0.31,0.42
Federico Peluso,it ITA,DF,Sassuolo,32,1984,34,33,2981,33.1,1,2,3,1,0,0,12,0,0.03,0.06,0.09,0.03,0.09
Adalberto Peñaranda,ve VEN,FW MF,Udinese,19,1997,6,1,160,01.août,0,0,0,0,0,0,0,0,0.00,0.00,0.00,0.00,0.00
Simone Pepe,it ITA,FW MF,Pescara,32,1983,12,3,400,04.avr,0,0,0,0,0,0,0,0,0.00,0.00,0.00,0.00,0.00
Matheus Pereira,br BRA,FW MF,Empoli,20,1996,1,0,6,0.1,0,0,0,0,0,0,0,0,0.00,0.00,0.00,0.00,0.00
Player,Nation,Pos,Squad,Age,Born,MP,Starts,Min,90s,Gls,Ast,G+A,G-PK,PK,PKatt,CrdY,CrdR,Gls,Ast,G+A,G-PK,G+A-PK
Pedro Pereira,pt POR,FW,Sampdoria,32,1984,12,8,791,08.août,0,0,0,0,0,0,5,0,0.00,0.00,0.00,0.00,0.00
Bruno Peres,br BRA,DF MF,Roma,26,1990,30,24,2219,24.juil,2,2,4,2,0,0,3,0,0.08,0.08,0.16,0.08,0.16
Joshua Pérez,sv SLV,FW MF,Fiorentina,18,1998,1,0,16,0.2,0,0,0,0,0,0,0,0,0.00,0.00,0.00,0.00,0.00
Stipe Perica,hr CRO,FW,Udinese,21,1995,27,5,1086,12.janv,6,1,7,6,0,0,4,0,0.50,0.08,0.58,0.50,0.58
Mattia Perin,it ITA,GK,Genoa,23,1992,16,16,1357,15.janv,0,0,0,0,0,0,1,1,0.00,0.00,0.00,0.00,0.00
Ivan Perišić,hr CRO,DF FW,Inter,27,1989,36,31,275,30.juin,11,8,19,11,0,0,2,1,0.36,0.26,0.62,0.36,0.62
Diego Perotti,ar ARG,FW MF,Roma,28,1988,32,20,1744,19.avr,8,6,14,1,7,7,2,0,0.41,0.31,0.72,0.05,0.36
Aleksandar Pešić,rs SRB,FW,Atalanta,24,1992,6,0,88,1.0,0,0,0,0,0,0,0,0,0.00,0.00,0.00,0.00,0.00
Andrea Petagna,it ITA,FW,Atalanta,21,1995,34,31,2614,29.0,5,7,12,5,0,0,2,0,0.17,0.24,0.41,0.17,0.41
Bruno Petković,hr CRO,FW,Bologna,21,1994,12,4,529,05.sept,0,0,0,0,0,0,1,0,0.00,0.00,0.00,0.00,0.00
Stefano Pettinari,it ITA,FW MF,Pescara,24,1992,6,2,258,02.sept,0,0,0,0,0,0,1,0,0.00,0.00,0.00,0.00,0.00
Giuseppe Pezzella,it ITA,DF MF,Palermo,18,1997,10,9,805,08.sept,0,0,0,0,0,0,1,0,0.00,0.00,0.00,0.00,0.00
Andrea Pinamonti,it ITA,FW,Inter,17,1999,2,0,21,0.2,0,0,0,0,0,0,0,0,0.00,0.00,0.00,0.00,0.00
Mauricio Pinilla,cl CHI,FW,Genoa,32,1984,12,6,553,06.janv,0,1,1,0,0,0,3,1,0.00,0.16,0.16,0.00,0.16
Mauricio Pinilla,cl CHI,FW,Atalanta,32,1984,4,2,157,01.juil,1,0,1,0,1,1,2,0,0.57,0.00,0.57,0.00,0.00
Fabio Pisacane,it ITA,DF,Cagliari,30,1986,29,29,2549,28.mars,1,1,2,1,0,0,7,0,0.04,0.04,0.07,0.04,0.07
Marko Pjaca,hr CRO,FW MF,Juventus,21,1995,14,3,459,05.janv,0,0,0,0,0,0,1,0,0.00,0.00,0.00,0.00,0.00
Miralem Pjanić,ba BIH,MF,Juventus,26,1990,30,25,2166,24.janv,5,9,14,5,0,0,5,0,0.21,0.37,0.58,0.21,0.58
Andrea Poli,it ITA,MF,Milan,26,1989,13,3,389,04.mars,0,0,0,0,0,0,1,0,0.00,0.00,0.00,0.00,0.00
Matteo Politano,it ITA,FW MF,Sassuolo,22,1993,32,25,2313,25.juil,5,6,11,3,2,2,5,0,0.19,0.23,0.43,0.12,0.35
Josip Posavec,hr CRO,GK,Palermo,20,1996,29,29,261,29.0,0,0,0,0,0,0,1,0,0.00,0.00,0.00,0.00,0.00
Dennis Praet,be BEL,MF,Sampdoria,22,1994,32,19,1799,20.0,1,1,2,1,0,0,4,0,0.05,0.05,0.10,0.05,0.10
Franjo Prce,hr CRO,DF,Lazio,20,1996,1,0,2,0.0,0,0,0,0,0,0,0,0,0.00,0.00,0.00,0.00,0.00
Manuel Pucciarelli,it ITA,FW MF,Empoli,25,1991,32,25,2303,25.juin,3,1,4,2,1,2,2,0,0.12,0.04,0.16,0.08,0.12
Christian Puggioni,it ITA,GK,Sampdoria,35,1981,21,21,189,21.0,0,0,0,0,0,0,3,0,0.00,0.00,0.00,0.00,0.00
Player,Nation,Pos,Squad,Age,Born,MP,Starts,Min,90s,Gls,Ast,G+A,G-PK,PK,PKatt,CrdY,CrdR,Gls,Ast,G+A,G-PK,G+A-PK
Erick Pulgar,cl CHI,DF MF,Bologna,22,1994,27,17,1595,17.juil,1,1,2,1,0,0,7,2,0.06,0.06,0.11,0.06,0.11
Fabio Quagliarella,it ITA,FW,Sampdoria,33,1983,37,35,2875,31.9,12,3,15,9,3,4,2,0,0.38,0.09,0.47,0.28,0.38
Robin Quaison,se SWE,FW MF,Palermo,22,1993,17,11,1079,12.0,4,0,4,4,0,0,5,0,0.33,0.00,0.33,0.33,0.33
Ivan Radovanović,rs SRB,DF MF,Chievo,27,1988,35,32,2894,32.2,0,0,0,0,0,0,10,0,0.00,0.00,0.00,0.00,0.00
Ștefan Radu,ro ROU,DF,Lazio,29,1986,29,29,2405,26.juil,2,1,3,2,0,0,10,0,0.07,0.04,0.11,0.07,0.11
Rafael,br BRA,GK,Cagliari,34,1982,21,19,1802,20.0,0,0,0,0,0,0,0,0,0.00,0.00,0.00,0.00,0.00
Antonino Ragusa,it ITA,FW MF,Sassuolo,26,1990,25,16,1436,16.0,4,2,6,4,0,0,5,0,0.25,0.13,0.38,0.25,0.38
Cristian Raimondi,it ITA,DF MF,Atalanta,35,1981,7,3,283,03.janv,0,0,0,0,0,0,3,0,0.00,0.00,0.00,0.00,0.00
Slobodan Rajković,rs SRB,DF,Palermo,27,1989,4,4,298,03.mars,0,0,0,0,0,0,2,1,0.00,0.00,0.00,0.00,0.00
Andrea Ranocchia,it ITA,DF,Inter,28,1988,5,5,379,04.févr,0,0,0,0,0,0,2,0,0.00,0.00,0.00,0.00,0.00
Vasco Regini,it ITA,DF,Sampdoria,25,1990,34,30,2784,30.sept,0,4,4,0,0,0,5,0,0.00,0.13,0.13,0.00,0.13
Pepe Reina,es ESP,GK,Napoli,33,1982,37,37,333,37.0,0,0,0,0,0,0,1,0,0.00,0.00,0.00,0.00,0.00
Federico Ricci,it ITA,FW MF,Sassuolo,22,1994,24,10,1069,11.sept,2,0,2,1,1,1,4,0,0.17,0.00,0.17,0.08,0.08
Luca Rigoni,it ITA,MF,Genoa,31,1984,31,29,235,26.janv,3,1,4,3,0,0,13,0,0.11,0.04,0.15,0.11,0.15
Nicola Rigoni,it ITA,MF,Chievo,25,1990,12,5,505,05.juin,1,0,1,1,0,0,2,0,0.18,0.00,0.18,0.18,0.18
Tomás Rincón,ve VEN,MF,Genoa,28,1988,16,16,139,15.avr,0,2,2,0,0,0,4,0,0.00,0.13,0.13,0.00,0.13
Tomás Rincón,ve VEN,MF,Juventus,28,1988,13,2,309,03.avr,0,1,1,0,0,0,0,0,0.00,0.29,0.29,0.00,0.29
Andrea Rispoli,it ITA,DF MF,Palermo,27,1988,32,30,2684,29.août,6,3,9,6,0,0,5,0,0.20,0.10,0.30,0.20,0.30
Luca Rizzo,it ITA,MF,Bologna,24,1992,12,4,456,05.janv,0,0,0,0,0,0,0,0,0.00,0.00,0.00,0.00,0.00
Gonzalo Rodríguez,ar ARG,DF,Fiorentina,32,1984,26,26,2205,24.mai,1,0,1,1,0,0,8,2,0.04,0.00,0.04,0.04,0.04
Marko Rog,hr CRO,MF,Napoli,21,1995,15,2,387,04.mars,0,0,0,0,0,0,4,0,0.00,0.00,0.00,0.00,0.00
Marcus Rohdén,se SWE,MF,Crotone,25,1991,34,30,2448,27.févr,1,4,5,1,0,0,4,0,0.04,0.15,0.18,0.04,0.18
Alessio Romagnoli,it ITA,DF,Milan,21,1995,27,27,2369,26.mars,1,1,2,1,0,0,6,1,0.04,0.04,0.08,0.04,0.08
Aleandro Rosi,it ITA,DF MF,Crotone,29,1987,31,30,256,28.avr,1,1,2,1,0,0,12,0,0.04,0.04,0.07,0.04,0.07
Luca Rossettini,it ITA,DF,Torino,31,1985,30,29,2655,29.mai,1,0,1,1,0,0,8,0,0.03,0.00,0.03,0.03,0.03
Player,Nation,Pos,Squad,Age,Born,MP,Starts,Min,90s,Gls,Ast,G+A,G-PK,PK,PKatt,CrdY,CrdR,Gls,Ast,G+A,G-PK,G+A-PK
Alessandro Rossi,it ITA,FW,Lazio,19,1997,3,0,47,0.5,0,0,0,0,0,0,0,0,0.00,0.00,0.00,0.00,0.00
Giuseppe Rossi,it ITA,FW,Fiorentina,29,1987,1,0,11,0.1,0,0,0,0,0,0,0,0,0.00,0.00,0.00,0.00,0.00
Rubinho,br BRA,GK,Genoa,33,1982,2,2,180,2.0,0,0,0,0,0,0,0,0,0.00,0.00,0.00,0.00,0.00
Antonio Rüdiger,de GER,DF,Roma,23,1993,26,25,2205,24.mai,0,1,1,0,0,0,7,1,0.00,0.04,0.04,0.00,0.04
Daniele Rugani,it ITA,DF,Juventus,22,1994,15,11,1081,12.0,2,0,2,2,0,0,4,0,0.17,0.00,0.17,0.17,0.17
Gennaro Ruggiero,it ITA,FW MF,Palermo,16,2000,2,2,149,01.juil,0,0,0,0,0,0,0,0,0.00,0.00,0.00,0.00,0.00
Mário Rui,pt POR,DF MF,Roma,25,1991,5,3,347,03.sept,0,0,0,0,0,0,1,0,0.00,0.00,0.00,0.00,0.00
Umar Sadiq,ng NGA,FW,Bologna,19,1997,7,1,235,02.juin,0,1,1,0,0,0,2,0,0.00,0.38,0.38,0.00,0.38
Trent Sainsbury,au AUS,DF,Inter,24,1992,1,0,20,0.2,0,0,0,0,0,0,1,0,0.00,0.00,0.00,0.00,0.00
Jacopo Sala,it ITA,DF FW,Sampdoria,24,1991,20,19,1561,17.mars,0,0,0,0,0,0,5,0,0.00,0.00,0.00,0.00,0.00
Mohamed Salah,eg EGY,FW MF,Roma,24,1992,31,29,2473,27.mai,15,11,26,15,0,0,2,0,0.55,0.40,0.95,0.55,0.95
Bartosz Salamon,pl POL,DF MF,Cagliari,25,1991,15,9,834,09.mars,0,0,0,0,0,0,1,0,0.00,0.00,0.00,0.00,0.00
Carlos Salcedo,mx MEX,DF,Fiorentina,22,1993,18,15,1346,15.0,0,1,1,0,0,0,7,0,0.00,0.07,0.07,0.00,0.07
Roland Sallai,hu HUN,FW MF,Palermo,19,1997,21,11,957,10.juin,1,0,1,1,0,0,5,1,0.09,0.00,0.09,0.09,0.09
Aniello Salzano,it ITA,MF,Crotone,25,1991,7,6,500,05.juin,0,0,0,0,0,0,0,0,0.00,0.00,0.00,0.00,0.00
Mario Sampirisi,it ITA,DF MF,Crotone,23,1992,23,11,1204,13.avr,1,1,2,1,0,0,1,0,0.07,0.07,0.15,0.07,0.15
Carlos Sánchez,co COL,DF MF,Fiorentina,30,1986,31,23,2156,24.0,1,1,2,1,0,0,6,0,0.04,0.04,0.08,0.04,0.08
Alex Sandro,br BRA,DF MF,Juventus,25,1991,27,25,2312,25.juil,3,4,7,3,0,0,5,0,0.12,0.16,0.27,0.12,0.27
Davide Santon,it ITA,DF,Inter,25,1991,14,11,102,11.mars,0,1,1,0,0,0,1,0,0.00,0.09,0.09,0.00,0.09
Samir Santos,br BRA,DF,Udinese,21,1994,21,21,1779,19.août,0,3,3,0,0,0,3,0,0.00,0.15,0.15,0.00,0.15
Riccardo Saponara,it ITA,FW MF,Fiorentina,24,1991,11,4,420,04.juil,2,2,4,2,0,0,1,0,0.43,0.43,0.86,0.43,0.86
Riccardo Saponara,it ITA,FW MF,Empoli,24,1991,18,18,1528,17.0,2,1,3,2,0,0,4,0,0.12,0.06,0.18,0.12,0.18
Gennaro Sardo,it ITA,DF,Chievo,37,1979,1,0,7,0.1,0,0,0,0,0,0,0,0,0.00,0.00,0.00,0.00,0.00
Marco Sau,it ITA,FW MF,Cagliari,28,1987,34,29,2322,25.août,7,4,11,7,0,0,5,0,0.27,0.16,0.43,0.27,0.43
Patrik Schick,cz CZE,FW,Sampdoria,20,1996,32,14,157,17.avr,11,4,15,11,0,0,2,0,0.63,0.23,0.86,0.63,0.86
Player,Nation,Pos,Squad,Age,Born,MP,Starts,Min,90s,Gls,Ast,G+A,G-PK,PK,PKatt,CrdY,CrdR,Gls,Ast,G+A,G-PK,G+A-PK
Simone Scuffet,it ITA,GK,Udinese,20,1996,6,5,462,05.janv,0,0,0,0,0,0,0,0,0.00,0.00,0.00,0.00,0.00
Andrea Seculin,it ITA,GK,Chievo,26,1990,4,4,360,4.0,0,0,0,0,0,0,0,0,0.00,0.00,0.00,0.00,0.00
Stefano Sensi,it ITA,MF,Sassuolo,20,1995,16,14,1202,13.avr,1,0,1,1,0,0,4,0,0.07,0.00,0.07,0.07,0.07
Federico Serra,it ITA,MF,Cagliari,18,1997,1,0,12,0.1,0,0,0,0,0,0,0,0,0.00,0.00,0.00,0.00,0.00
Stephan El Shaarawy,it ITA,DF FW,Roma,23,1992,32,19,163,18.janv,8,3,11,8,0,0,0,0,0.44,0.17,0.61,0.44,0.61
Gabriel Silva,br BRA,DF MF,Udinese,25,1991,5,2,234,02.juin,0,0,0,0,0,0,2,0,0.00,0.00,0.00,0.00,0.00
Stefan Silva,se SWE,FW,Palermo,26,1990,1,0,16,0.2,0,0,0,0,0,0,0,0,0.00,0.00,0.00,0.00,0.00
Matías Silvestre,ar ARG,DF,Sampdoria,31,1984,36,36,3211,35.7,0,3,3,0,0,0,4,1,0.00,0.08,0.08,0.00,0.08
Giovanni Simeone,ar ARG,FW,Genoa,21,1995,35,29,2614,29.0,12,1,13,11,1,2,3,0,0.41,0.03,0.45,0.38,0.41
Łukasz Skorupski,pl POL,GK,Empoli,25,1991,35,35,315,35.0,0,0,0,0,0,0,2,0,0.00,0.00,0.00,0.00,0.00
Milan Škriniar,sk SVK,DF MF,Sampdoria,21,1995,35,34,2998,33.3,0,0,0,0,0,0,4,1,0.00,0.00,0.00,0.00,0.00
Stefano Sorrentino,it ITA,GK,Chievo,37,1979,34,34,306,34.0,0,0,0,0,0,0,1,0,0.00,0.00,0.00,0.00,0.00
José Sosa,ar ARG,MF,Milan,31,1985,18,15,1236,13.juil,0,3,3,0,0,0,9,2,0.00,0.22,0.22,0.00,0.22
Leonardo Spinazzola,it ITA,DF MF,Atalanta,23,1993,30,28,2496,27.juil,0,4,4,0,0,0,2,0,0.00,0.14,0.14,0.00,0.14
Nicolás Spolli,ar ARG,DF,Chievo,33,1983,21,15,1594,17.juil,0,0,0,0,0,0,8,0,0.00,0.00,0.00,0.00,0.00
Marco Sportiello,it ITA,GK,Fiorentina,24,1992,2,2,180,2.0,0,0,0,0,0,0,0,0,0.00,0.00,0.00,0.00,0.00
Marco Sportiello,it ITA,GK,Atalanta,24,1992,8,8,720,8.0,0,0,0,0,0,0,1,0,0.00,0.00,0.00,0.00,0.00
Guglielmo Stendardo,it ITA,DF,Atalanta,35,1981,1,0,45,0.5,0,0,0,0,0,0,0,0,0.00,0.00,0.00,0.00,0.00
Guglielmo Stendardo,it ITA,DF,Pescara,35,1981,9,9,645,07.févr,0,0,0,0,0,0,1,0,0.00,0.00,0.00,0.00,0.00
Adrian Stoian,ro ROU,MF,Crotone,25,1991,27,17,1567,17.avr,3,2,5,3,0,0,3,0,0.17,0.11,0.29,0.17,0.29
Marco Storari,it ITA,GK,Cagliari,39,1977,15,15,1256,14.0,0,0,0,0,0,0,1,1,0.00,0.00,0.00,0.00,0.00
Thomas Strakosha,al ALB,GK,Lazio,21,1995,21,20,1845,20.mai,0,0,0,0,0,0,1,0,0.00,0.00,0.00,0.00,0.00
Ivan Strinić,hr CRO,DF,Napoli,29,1987,12,12,1033,11.mai,0,2,2,0,0,0,3,0,0.00,0.17,0.17,0.00,0.17
Kevin Strootman,nl NED,MF,Roma,26,1990,33,31,2788,31.0,4,7,11,4,0,0,6,0,0.13,0.23,0.36,0.13,0.36
Stefano Sturaro,it ITA,MF,Juventus,23,1993,21,12,1038,11.mai,0,1,1,0,0,0,5,0,0.00,0.09,0.09,0.00,0.09
Player,Nation,Pos,Squad,Age,Born,MP,Starts,Min,90s,Gls,Ast,G+A,G-PK,PK,PKatt,CrdY,CrdR,Gls,Ast,G+A,G-PK,G+A-PK
Ćazim Suljić,ba BIH,FW,Crotone,19,1996,2,0,13,0.1,0,0,0,0,0,0,0,0,0.00,0.00,0.00,0.00,0.00
Toni Šunjić,ba BIH,DF,Palermo,27,1988,7,2,246,02.juil,0,0,0,0,0,0,1,0,0.00,0.00,0.00,0.00,0.00
Suso,es ESP,FW MF,Milan,22,1993,34,33,2812,31.2,7,9,16,7,0,1,5,0,0.22,0.29,0.51,0.22,0.51
Wojciech Szczęsny,pl POL,GK,Roma,26,1990,38,38,342,38.0,0,0,0,0,0,0,0,0,0.00,0.00,0.00,0.00,0.00
Adel Taarabt,ma MAR,FW MF,Genoa,27,1989,6,1,213,02.avr,0,3,3,0,0,0,0,0,0.00,janv.27,janv.27,0.00,janv.27
Panagiotis Tachtsidis,gr GRE,MF,Cagliari,25,1991,26,24,2138,23.août,0,4,4,0,0,0,5,0,0.00,0.17,0.17,0.00,0.17
Saphir Taïder,dz ALG,MF,Bologna,24,1992,24,22,19,21.janv,3,0,3,3,0,0,1,0,0.14,0.00,0.14,0.14,0.14
Ciprian Tătărușanu,ro ROU,GK,Fiorentina,30,1986,35,35,3099,34.4,0,0,0,0,0,0,0,0,0.00,0.00,0.00,0.00,0.00
Andrés Tello,co COL,FW MF,Empoli,19,1996,18,8,824,09.févr,0,0,0,0,0,0,6,0,0.00,0.00,0.00,0.00,0.00
Cristian Tello,es ESP,FW MF,Fiorentina,24,1991,36,22,2071,23.0,4,4,8,4,0,0,1,0,0.17,0.17,0.35,0.17,0.35
Emanuele Terranova,it ITA,DF,Sassuolo,29,1987,3,2,196,02.févr,0,0,0,0,0,0,0,0,0.00,0.00,0.00,0.00,0.00
Cyril Théréau,fr FRA,FW,Udinese,33,1983,33,31,2483,27.juin,12,1,13,11,1,2,3,0,0.43,0.04,0.47,0.40,0.43
Rafael Tolói,it ITA,DF,Atalanta,25,1990,32,31,2719,30.2,0,0,0,0,0,0,7,0,0.00,0.00,0.00,0.00,0.00
Nenad Tomović,rs SRB,DF,Fiorentina,28,1987,25,21,1815,20.févr,0,1,1,0,0,0,12,0,0.00,0.05,0.05,0.00,0.05
Lorenzo Tonelli,it ITA,DF,Napoli,26,1990,3,3,270,3.0,2,0,2,2,0,0,2,0,0.67,0.00,0.67,0.67,0.67
Aleksandar Tonev,bg BUL,MF,Crotone,26,1990,13,9,743,08.mars,1,0,1,1,0,0,2,0,0.12,0.00,0.12,0.12,0.12
Vasilis Torosidis,gr GRE,DF MF,Bologna,31,1985,28,23,1939,21.mai,1,0,1,1,0,0,5,1,0.05,0.00,0.05,0.05,0.05
Lucas Torreira,uy URU,MF,Sampdoria,20,1996,35,35,3044,33.8,0,1,1,0,0,0,7,0,0.00,0.03,0.03,0.00,0.03
Francesco Totti,it ITA,FW MF,Roma,39,1976,18,1,379,04.févr,2,3,5,0,2,2,1,0,0.47,0.71,janv.19,0.00,0.71
Mamadou Tounkara,sn SEN,FW,Lazio,20,1996,1,0,5,0.1,0,0,0,0,0,0,0,0,0.00,0.00,0.00,0.00,0.00
Aleksandar Trajkovski,mk MKD,FW MF,Palermo,23,1992,11,5,440,04.sept,1,0,1,1,0,0,1,0,0.20,0.00,0.20,0.20,0.20
Marcello Trotta,it ITA,FW,Crotone,23,1992,29,23,1874,20.août,3,5,8,2,1,1,2,0,0.14,0.24,0.38,0.10,0.34
Mirko Valdifiori,it ITA,MF,Torino,30,1986,24,22,1775,19.juil,0,0,0,0,0,0,5,0,0.00,0.00,0.00,0.00,0.00
Mirko Valdifiori,it ITA,MF,Napoli,30,1986,1,1,90,1.0,0,0,0,0,0,0,0,0,0.00,0.00,0.00,0.00,0.00
Borja Valero,es ESP,MF,Fiorentina,31,1985,31,30,2678,29.août,1,10,11,1,0,0,5,0,0.03,0.34,0.37,0.03,0.37
Player,Nation,Pos,Squad,Age,Born,MP,Starts,Min,90s,Gls,Ast,G+A,G-PK,PK,PKatt,CrdY,CrdR,Gls,Ast,G+A,G-PK,G+A-PK
Leonel Vangioni,ar ARG,DF MF,Milan,29,1987,15,11,945,10.mai,0,0,0,0,0,0,4,0,0.00,0.00,0.00,0.00,0.00
Ivan Vargić,hr CRO,GK,Lazio,29,1987,1,1,90,1.0,0,0,0,0,0,0,0,0,0.00,0.00,0.00,0.00,0.00
Matías Vecino,uy URU,FW MF,Fiorentina,24,1991,31,26,2355,26.févr,3,4,7,3,0,0,7,0,0.11,0.15,0.27,0.11,0.27
Miguel Veloso,pt POR,MF,Genoa,30,1986,23,22,1779,19.août,0,3,3,0,0,0,9,1,0.00,0.15,0.15,0.00,0.15
Simone Verdi,it ITA,FW MF,Bologna,24,1992,28,25,2117,23.mai,6,4,10,6,0,0,4,0,0.26,0.17,0.43,0.26,0.43
Thomas Vermaelen,be BEL,DF,Roma,30,1985,9,4,392,04.avr,0,0,0,0,0,0,1,0,0.00,0.00,0.00,0.00,0.00
Valerio Verre,it ITA,FW MF,Pescara,22,1994,28,23,1909,21.févr,0,2,2,0,0,0,2,1,0.00,0.09,0.09,0.00,0.09
Freddie Veseli,al ALB,DF,Empoli,23,1992,17,11,1183,13.janv,0,2,2,0,0,0,3,0,0.00,0.15,0.15,0.00,0.15
Emanuel Vignato,it ITA,FW MF,Chievo,15,2000,2,0,33,0.4,0,0,0,0,0,0,0,0,0.00,0.00,0.00,0.00,0.00
Roberto Vitiello,it ITA,DF,Palermo,33,1983,5,5,369,04.janv,0,0,0,0,0,0,1,0,0.00,0.00,0.00,0.00,0.00
Davide Vitturini,it ITA,DF,Pescara,19,1997,3,2,143,01.juin,0,0,0,0,0,0,0,0,0.00,0.00,0.00,0.00,0.00
Giuseppe Vives,it ITA,MF,Torino,36,1980,3,3,225,02.mai,0,0,0,0,0,0,0,1,0.00,0.00,0.00,0.00,0.00
Federico Viviani,it ITA,MF,Bologna,24,1992,17,13,1117,12.avr,2,2,4,2,0,0,4,1,0.16,0.16,0.32,0.16,0.32
Emiliano Viviano,it ITA,GK,Sampdoria,30,1985,17,17,153,17.0,0,0,0,0,0,0,5,0,0.00,0.00,0.00,0.00,0.00
Stefan de Vrij,nl NED,DF,Lazio,24,1992,27,27,2268,25.févr,2,4,6,2,0,0,3,0,0.08,0.16,0.24,0.08,0.24
Molla Wagué,ml MLI,DF,Udinese,25,1991,6,6,540,6.0,0,0,0,0,0,0,2,0,0.00,0.00,0.00,0.00,0.00
Wallace,br BRA,DF,Lazio,21,1994,25,18,1743,19.avr,1,0,1,1,0,0,3,0,0.05,0.00,0.05,0.05,0.05
Silvan Widmer,ch SUI,DF MF,Udinese,23,1993,28,28,249,27.juil,0,4,4,0,0,0,2,0,0.00,0.14,0.14,0.00,0.14
Miha Zajc,si SVN,MF,Empoli,22,1994,5,1,106,01.févr,1,0,1,1,0,0,0,0,0.85,0.00,0.85,0.85,0.85
Marco Zambelli,it ITA,DF MF,Empoli,30,1985,10,4,399,04.avr,0,0,0,0,0,0,1,0,0.00,0.00,0.00,0.00,0.00
Francesco Zampano,it ITA,DF MF,Pescara,22,1993,34,32,2925,32.5,0,5,5,0,0,0,2,0,0.00,0.15,0.15,0.00,0.15
Cristián Zapata,co COL,DF,Milan,29,1986,15,12,1172,13.0,1,0,1,1,0,0,0,0,0.08,0.00,0.08,0.08,0.08
Duván Zapata,co COL,FW,Udinese,25,1991,38,37,3141,34.9,10,3,13,9,1,1,3,0,0.29,0.09,0.37,0.26,0.34
Davide Zappacosta,it ITA,DF MF,Torino,24,1992,29,25,2337,26.0,1,5,6,1,0,0,1,0,0.04,0.19,0.23,0.04,0.23
Mauro Zárate,ar ARG,FW MF,Fiorentina,29,1987,7,1,211,02.mars,2,1,3,2,0,0,1,0,0.85,0.43,janv.28,0.85,janv.28
Player,Nation,Pos,Squad,Age,Born,MP,Starts,Min,90s,Gls,Ast,G+A,G-PK,PK,PKatt,CrdY,CrdR,Gls,Ast,G+A,G-PK,G+A-PK
Piotr Zieliński,pl POL,MF,Napoli,22,1994,36,18,1868,20.août,5,7,12,5,0,0,4,0,0.24,0.34,0.58,0.24,0.58
Ervin Zukanović,ba BIH,DF,Atalanta,29,1987,19,14,1382,15.avr,0,1,1,0,0,0,1,0,0.00,0.07,0.07,0.00,0.07
Dario Župarić,ba BIH,DF,Pescara,24,1992,7,3,340,03.août,0,0,0,0,0,0,1,0,0.00,0.00,0.00,0.00,0.00
Filip Đorđević,rs SRB,FW,Lazio,28,1987,17,4,464,05.févr,0,0,0,0,0,0,0,0,0.00,0.00,0.00,0.00,0.00
Filip Đuričić,rs SRB,FW MF,Sampdoria,24,1992,19,3,513,05.juil,0,1,1,0,0,0,4,0,0.00,0.18,0.18,0.00,0.18
Giorgio Spizzichino,,,Lazio,,,1,0,12,0.1,0,0,0,0,0,0,0,0,0.00,0.00,0.00,0.00,0.00
Giuseppe Borello,,,Crotone,,,1,0,1,0.0,0,0,0,0,0,0,0,0,0.00,0.00,0.00,0.00,0.00
