Player,Nation,Pos,Squad,Age,Born,MP,Starts,Min,90s,Gls,Ast,G+A,G-PK,PK,PKatt,CrdY,CrdR,xG,npxG,xAG,npxG+xAG,PrgC,PrgP,PrgR,Gls,Ast,G+A,G-PK,G+A-PK,xG,xAG,xG+xAG,npxG,npxG+xAG
Francesco Acerbi,it ITA,DF,Lazio,31,1988,36,36,3162,35.1,2,2,4,2,0,0,4,0,02.avr,02.avr,01.juil,04.févr,57,150,36,0.06,0.06,0.11,0.06,0.11,0.07,0.05,0.12,0.07,0.12
Bobby Adekanye,nl NED,FW,Lazio,20,1999,11,0,188,02.janv,1,0,1,1,0,0,1,0,01.avr,01.avr,0.2,01.juin,6,2,12,0.48,0.00,0.48,0.48,0.48,0.65,0.09,0.74,0.65,0.74
Claud Adjapong,it ITA,DF,Hellas Verona,21,1998,5,2,231,02.juin,0,0,0,0,0,0,0,0,0.2,0.2,0.0,0.2,4,5,16,0.00,0.00,0.00,0.00,0.00,0.09,0.00,0.09,0.09,0.09
Lucien Agoume,fr FRA,MF,Inter,17,2002,3,0,68,0.8,0,0,0,0,0,0,1,0,0.0,0.0,0.1,0.1,1,7,2,0.00,0.00,0.00,0.00,0.00,0.00,0.11,0.11,0.00,0.11
Kevin Agudelo,co COL,MF FW,Fiorentina,20,1998,3,1,64,0.7,0,0,0,0,0,0,0,0,0.2,0.2,0.1,0.3,1,4,8,0.00,0.00,0.00,0.00,0.00,0.26,0.14,0.40,0.26,0.40
Kevin Agudelo,co COL,MF FW,Genoa,20,1998,10,7,666,07.avr,1,1,2,1,0,0,5,1,01.févr,01.févr,01.juin,02.août,39,41,34,0.14,0.14,0.27,0.14,0.27,0.17,0.21,0.38,0.17,0.38
Emmanuel Agyemang-Badu,gh GHA,MF,Hellas Verona,28,1990,10,2,230,02.juin,0,0,0,0,0,0,2,0,0.0,0.0,0.0,0.0,2,7,1,0.00,0.00,0.00,0.00,0.00,0.00,0.01,0.01,0.00,0.01
Ola Aina,ng NGA,DF,Torino,22,1996,32,20,2079,23.janv,0,2,2,0,0,0,8,0,0.4,0.4,02.mai,02.sept,86,80,80,0.00,0.09,0.09,0.00,0.09,0.02,0.11,0.13,0.02,0.13
Luis Alberto,es ESP,MF,Lazio,26,1992,36,36,3113,34.6,6,15,21,5,1,1,5,0,06.juin,05.août,11.avr,17.févr,203,371,163,0.17,0.43,0.61,0.14,0.58,0.19,0.33,0.52,0.17,0.50
Enrico Alfonso,it ITA,GK,Brescia,31,1988,4,4,279,03.janv,0,0,0,0,0,0,0,0,0.0,0.0,0.0,0.0,0,0,0,0.00,0.00,0.00,0.00,0.00,0.00,0.00,0.00,0.00,0.00
Allan,br BRA,MF,Napoli,28,1991,23,16,128,14.févr,2,1,3,2,0,0,3,0,0.5,0.5,01.janv,01.juin,25,82,53,0.14,0.07,0.21,0.14,0.21,0.04,0.08,0.11,0.04,0.11
Bruno Alves,pt POR,DF,Parma,37,1981,33,31,2671,29.juil,0,0,0,0,0,0,4,0,01.mars,01.mars,0.5,01.août,6,99,11,0.00,0.00,0.00,0.00,0.00,0.04,0.02,0.06,0.04,0.06
Sofyan Amrabat,ma MAR,MF,Hellas Verona,22,1996,34,33,2919,32.4,1,1,2,0,1,1,10,2,2.0,01.mars,02.avr,03.juin,84,199,52,0.03,0.03,0.06,0.00,0.03,0.06,0.07,0.14,0.04,0.11
Djavan Anderson,sr SUR,FW DF,Lazio,24,1995,6,2,167,01.sept,0,0,0,0,0,0,1,0,0.1,0.1,0.0,0.1,4,0,4,0.00,0.00,0.00,0.00,0.00,0.03,0.00,0.03,0.03,0.03
Lorenzo Andrenacci,it ITA,GK,Brescia,24,1995,6,5,531,05.sept,0,0,0,0,0,0,0,0,0.0,0.0,0.0,0.0,0,0,0,0.00,0.00,0.00,0.00,0.00,0.00,0.00,0.00,0.00,0.00
Peter Ankersen,dk DEN,DF,Genoa,28,1990,19,11,1063,11.août,0,1,1,0,0,0,2,0,0.4,0.4,0.6,1.0,16,36,65,0.00,0.08,0.08,0.00,0.08,0.04,0.05,0.08,0.04,0.08
Cristian Ansaldi,ar ARG,DF MF,Torino,32,1986,27,21,1768,19.juin,4,4,8,4,0,0,9,0,01.sept,01.sept,03.mars,05.févr,90,66,124,0.20,0.20,0.41,0.20,0.41,0.09,0.17,0.26,0.09,0.26
Mirko Antonucci,it ITA,FW MF,Roma,20,1999,2,0,82,0.9,0,0,0,0,0,0,1,0,0.2,0.2,0.0,0.2,2,1,6,0.00,0.00,0.00,0.00,0.00,0.21,0.04,0.25,0.21,0.25
Guilherme Arana,br BRA,DF,Atalanta,22,1997,4,0,80,0.9,0,0,0,0,0,0,0,0,0.0,0.0,0.0,0.0,3,4,6,0.00,0.00,0.00,0.00,0.00,0.00,0.04,0.04,0.00,0.04
Nicolò Armini,it ITA,DF,Lazio,18,2001,1,0,3,0.0,0,0,0,0,0,0,0,0,0.0,0.0,0.0,0.0,0,0,0,0.00,0.00,0.00,0.00,0.00,0.00,0.00,0.00,0.00,0.00
Kwadwo Asamoah,gh GHA,DF FW,Inter,30,1988,8,7,639,07.janv,0,1,1,0,0,0,1,0,0.1,0.1,0.4,0.5,25,26,54,0.00,0.14,0.14,0.00,0.14,0.02,0.05,0.07,0.02,0.07
Kristoffer Askildsen,no NOR,MF,Sampdoria,18,2001,4,0,76,0.8,1,0,1,1,0,0,2,1,0.0,0.0,0.1,0.1,2,2,0,janv.18,0.00,janv.18,janv.18,janv.18,0.03,0.11,0.14,0.03,0.14
Emil Audero,id IDN,GK,Sampdoria,22,1997,36,36,324,36.0,0,0,0,0,0,0,1,0,0.0,0.0,0.0,0.0,0,0,0,0.00,0.00,0.00,0.00,0.00,0.00,0.00,0.00,0.00,0.00
Tommaso Augello,it ITA,DF,Sampdoria,24,1994,17,12,1135,12.juin,0,2,2,0,0,0,2,0,0.0,0.0,01.févr,01.févr,43,77,87,0.00,0.16,0.16,0.00,0.16,0.00,0.09,0.09,0.00,0.09
Florian Ayé,fr FRA,FW MF,Brescia,22,1997,22,15,138,15.mars,0,0,0,0,0,0,4,1,02.avr,02.avr,01.janv,03.mai,18,16,88,0.00,0.00,0.00,0.00,0.00,0.15,0.07,0.23,0.15,0.23
Player,Nation,Pos,Squad,Age,Born,MP,Starts,Min,90s,Gls,Ast,G+A,G-PK,PK,PKatt,CrdY,CrdR,xG,npxG,xAG,npxG+xAG,PrgC,PrgP,PrgR,Gls,Ast,G+A,G-PK,G+A-PK,xG,xAG,xG+xAG,npxG,npxG+xAG
Khouma Babacar,sn SEN,FW,Lecce,26,1993,25,17,1422,15.août,3,0,3,3,0,2,4,0,06.juin,04.sept,01.juin,06.mai,29,28,100,0.19,0.00,0.19,0.19,0.19,0.42,0.10,0.52,0.31,0.41
Milan Badelj,hr CRO,MF,Fiorentina,30,1989,22,20,1585,17.juin,1,0,1,1,0,0,3,1,01.janv,01.janv,0.7,01.août,20,103,29,0.06,0.00,0.06,0.06,0.06,0.06,0.04,0.10,0.06,0.10
Marco Ballarini,it ITA,MF,Udinese,18,2001,1,0,1,0.0,0,0,0,0,0,0,0,0,0.0,0.0,0.0,0.0,0,0,0,0.00,0.00,0.00,0.00,0.00,0.00,0.00,0.00,0.00,0.00
Mario Balotelli,it ITA,FW,Brescia,28,1990,19,16,1404,15.juin,5,0,5,5,0,0,6,1,07.janv,07.janv,0.6,07.août,18,42,59,0.32,0.00,0.32,0.32,0.32,0.46,0.04,0.50,0.46,0.50
Mattia Bani,it ITA,DF,Bologna,25,1993,27,26,2207,24.mai,4,0,4,4,0,0,13,1,03.juil,03.juil,0.1,03.août,6,72,7,0.16,0.00,0.16,0.16,0.16,0.15,0.00,0.15,0.15,0.15
Antonín Barák,cz CZE,MF FW,Udinese,24,1994,8,1,194,02.févr,0,0,0,0,0,0,1,0,0.1,0.1,0.2,0.3,7,11,12,0.00,0.00,0.00,0.00,0.00,0.05,0.08,0.13,0.05,0.13
Antonín Barák,cz CZE,MF,Lecce,24,1994,16,15,1369,15.févr,2,1,3,2,0,0,0,0,03.sept,03.sept,01.juin,05.mai,44,81,66,0.13,0.07,0.20,0.13,0.20,0.25,0.11,0.36,0.25,0.36
Nicolò Barella,it ITA,MF,Inter,22,1997,27,23,2013,22.avr,1,4,5,1,0,0,11,0,02.janv,02.janv,01.juil,03.juil,47,183,98,0.04,0.18,0.22,0.04,0.22,0.09,0.07,0.17,0.09,0.17
Antonino Barillà,it ITA,MF,Parma,31,1988,26,20,1688,18.août,1,2,3,1,0,0,6,0,01.juin,01.juin,2.0,03.juin,15,44,38,0.05,0.11,0.16,0.05,0.16,0.09,0.10,0.19,0.09,0.19
Antonio Barreca,it ITA,DF FW,Genoa,24,1995,18,11,1095,12.févr,0,1,1,0,0,0,0,0,0.2,0.2,0.7,0.8,33,25,58,0.00,0.08,0.08,0.00,0.08,0.02,0.05,0.07,0.02,0.07
Édgar Barreto,py PAR,MF,Sampdoria,35,1984,2,1,90,1.0,0,0,0,0,0,0,0,0,0.0,0.0,0.0,0.0,0,2,1,0.00,0.00,0.00,0.00,0.00,0.03,0.00,0.03,0.03,0.03
Musa Barrow,gm GAM,FW MF,Bologna,20,1998,18,14,1354,15.0,9,2,11,8,1,1,1,0,05.mars,04.mai,03.janv,07.juin,59,62,96,0.60,0.13,0.73,0.53,0.66,0.35,0.20,0.56,0.30,0.50
Musa Barrow,gm GAM,FW MF,Atalanta,20,1998,7,1,190,02.janv,0,2,2,0,0,1,0,0,02.avr,01.juin,1.0,02.juin,6,7,35,0.00,0.95,0.95,0.00,0.95,janv.15,0.46,janv.61,0.77,janv.24
Daniele Baselli,it ITA,MF,Torino,27,1992,16,16,1278,14.févr,0,2,2,0,0,0,3,0,0.7,0.7,0.9,01.juin,20,72,14,0.00,0.14,0.14,0.00,0.14,0.05,0.06,0.11,0.05,0.11
Alessandro Bastoni,it ITA,DF,Inter,20,1999,25,21,1921,21.mars,2,0,2,2,0,0,9,1,01.mars,01.mars,0.7,2.0,50,107,24,0.09,0.00,0.09,0.09,0.09,0.06,0.03,0.09,0.06,0.09
Bastos,ao ANG,DF,Lazio,28,1991,16,6,765,08.mai,1,0,1,1,0,0,4,0,0.4,0.4,0.0,0.4,14,17,11,0.12,0.00,0.12,0.12,0.12,0.05,0.00,0.05,0.05,0.05
Rodrigo Becão,br BRA,DF,Udinese,23,1996,29,24,2213,24.juin,1,1,2,1,0,0,8,0,0.6,0.6,0.6,01.févr,12,59,9,0.04,0.04,0.08,0.04,0.08,0.03,0.02,0.05,0.03,0.05
Asmir Begović,ba BIH,GK,Milan,32,1987,2,1,129,01.avr,0,0,0,0,0,0,0,0,0.0,0.0,0.0,0.0,0,0,0,0.00,0.00,0.00,0.00,0.00,0.00,0.00,0.00,0.00,0.00
Valon Behrami,ch SUI,MF,Genoa,34,1985,17,13,1107,12.mars,0,0,0,0,0,0,4,1,0.2,0.2,0.0,0.2,5,38,3,0.00,0.00,0.00,0.00,0.00,0.02,0.00,0.02,0.02,0.02
Raoul Bellanova,it ITA,DF,Atalanta,19,2000,1,0,18,0.2,0,0,0,0,0,0,0,0,0.1,0.1,0.0,0.1,0,0,3,0.00,0.00,0.00,0.00,0.00,0.44,0.00,0.44,0.44,0.44
Andrea Belotti,it ITA,FW,Torino,25,1993,36,34,3008,33.4,16,3,19,9,7,8,4,0,16.juil,10.mai,04.juin,15.janv,132,67,243,0.48,0.09,0.57,0.27,0.36,0.50,0.14,0.64,0.31,0.45
Marco Benassi,it ITA,MF,Fiorentina,24,1994,18,10,980,10.sept,1,1,2,1,0,0,1,0,1.0,1.0,01.mars,02.mars,18,36,67,0.09,0.09,0.18,0.09,0.18,0.09,0.12,0.21,0.09,0.21
Ismaël Bennacer,dz ALG,MF,Milan,21,1997,31,28,2485,27.juin,1,0,1,1,0,0,14,0,0.7,0.7,01.avr,02.janv,41,190,32,0.04,0.00,0.04,0.04,0.04,0.03,0.05,0.08,0.03,0.08
Rodrigo Bentancur,uy URU,MF,Juventus,22,1997,30,25,2196,24.avr,0,7,7,0,0,0,9,0,0.7,0.7,03.juin,04.mars,26,112,60,0.00,0.29,0.29,0.00,0.29,0.03,0.15,0.18,0.03,0.18
Romario Benzar,ro ROU,DF,Lecce,27,1992,3,1,97,01.janv,0,0,0,0,0,0,0,0,0.0,0.0,0.1,0.1,5,5,7,0.00,0.00,0.00,0.00,0.00,0.00,0.10,0.10,0.00,0.10
Player,Nation,Pos,Squad,Age,Born,MP,Starts,Min,90s,Gls,Ast,G+A,G-PK,PK,PKatt,CrdY,CrdR,xG,npxG,xAG,npxG+xAG,PrgC,PrgP,PrgR,Gls,Ast,G+A,G-PK,G+A-PK,xG,xAG,xG+xAG,npxG,npxG+xAG
Domenico Berardi,it ITA,FW,Sassuolo,24,1994,31,29,2493,27.juil,14,10,24,12,2,3,6,1,10.juil,08.avr,07.sept,16.mars,78,132,227,0.51,0.36,0.87,0.43,0.79,0.39,0.29,0.67,0.30,0.59
Álex Berenguer,es ESP,MF DF,Torino,24,1995,29,21,1823,20.mars,6,2,8,6,0,0,4,0,4.0,4.0,4.0,8.0,97,77,121,0.30,0.10,0.39,0.30,0.39,0.20,0.20,0.40,0.20,0.40
Bartosz Bereszyński,pl POL,DF,Sampdoria,27,1992,28,27,2402,26.juil,0,0,0,0,0,0,10,0,0.4,0.4,0.5,0.9,49,117,71,0.00,0.00,0.00,0.00,0.00,0.01,0.02,0.03,0.01,0.03
Etrit Berisha,al ALB,GK,SPAL,30,1989,26,26,234,26.0,0,0,0,0,0,0,2,0,0.0,0.0,0.0,0.0,0,0,0,0.00,0.00,0.00,0.00,0.00,0.00,0.00,0.00,0.00,0.00
Valon Berisha,xk KVX,MF,Lazio,26,1993,3,0,33,0.4,0,0,0,0,0,0,0,0,0.0,0.0,0.0,0.0,1,0,1,0.00,0.00,0.00,0.00,0.00,0.00,0.00,0.00,0.00,0.00
Federico Bernardeschi,it ITA,MF FW,Juventus,25,1994,29,19,1571,17.mai,1,1,2,1,0,0,6,0,04.avr,04.avr,03.avr,07.sept,45,56,126,0.06,0.06,0.11,0.06,0.11,0.25,0.20,0.45,0.25,0.45
Andrea Bertolacci,it ITA,MF,Sampdoria,28,1991,12,8,534,05.sept,0,0,0,0,0,0,3,0,0.1,0.1,0.1,0.3,8,28,10,0.00,0.00,0.00,0.00,0.00,0.02,0.02,0.04,0.02,0.04
Lucas Biglia,ar ARG,MF,Milan,33,1986,14,8,685,07.juin,0,1,1,0,0,0,4,0,0.3,0.3,0.3,0.6,6,33,1,0.00,0.13,0.13,0.00,0.13,0.04,0.04,0.08,0.04,0.08
Cristiano Biraghi,it ITA,DF,Inter,26,1992,26,18,1576,17.mai,2,6,8,2,0,0,3,0,0.6,0.6,03.sept,04.mai,46,45,129,0.11,0.34,0.46,0.11,0.46,0.03,0.22,0.26,0.03,0.26
Davide Biraschi,it ITA,DF,Genoa,25,1994,24,22,1971,21.sept,0,1,1,0,0,0,3,1,0.5,0.5,0.5,0.9,36,100,33,0.00,0.05,0.05,0.00,0.05,0.02,0.02,0.04,0.02,0.04
Valter Birsa,si SVN,MF FW,Cagliari,32,1986,13,4,430,04.août,0,0,0,0,0,0,1,0,0.1,0.1,01.févr,01.mars,15,35,15,0.00,0.00,0.00,0.00,0.00,0.02,0.25,0.27,0.02,0.27
Dimitri Bisoli,it ITA,MF,Brescia,25,1994,25,24,2152,23.sept,1,1,2,1,0,0,6,0,02.mars,02.mars,02.févr,04.mai,30,93,127,0.04,0.04,0.08,0.04,0.08,0.10,0.09,0.19,0.10,0.19
Birkir Bjarnason,is ISL,MF FW,Brescia,31,1988,13,9,798,08.sept,0,1,1,0,0,0,1,0,0.4,0.4,01.mai,01.sept,12,18,22,0.00,0.11,0.11,0.00,0.11,0.04,0.17,0.22,0.04,0.22
Kevin-Prince Boateng,gh GHA,FW,Fiorentina,32,1987,14,6,599,06.juil,1,0,1,1,0,0,2,0,01.mars,01.mars,0.3,01.juin,3,19,40,0.15,0.00,0.15,0.15,0.15,0.19,0.04,0.23,0.19,0.23
Salvatore Bocchetti,it ITA,DF,Hellas Verona,32,1986,5,3,303,03.avr,0,0,0,0,0,0,2,0,0.0,0.0,0.0,0.0,5,16,5,0.00,0.00,0.00,0.00,0.00,0.00,0.00,0.00,0.00,0.00
Jeremie Boga,ci CIV,FW,Sassuolo,22,1997,34,28,2513,27.sept,11,2,13,11,0,0,0,0,04.avr,04.avr,03.avr,07.juil,168,74,250,0.39,0.07,0.47,0.39,0.47,0.16,0.12,0.28,0.16,0.28
Giacomo Bonaventura,it ITA,MF FW,Milan,29,1989,29,13,1338,14.sept,3,5,8,3,0,0,2,0,03.mars,03.mars,02.mai,05.août,35,75,87,0.20,0.34,0.54,0.20,0.54,0.22,0.17,0.39,0.22,0.39
Federico Bonazzoli,it ITA,FW,Sampdoria,22,1997,19,7,744,08.mars,6,0,6,6,0,0,1,0,03.juin,03.juin,0.7,04.févr,24,19,53,0.73,0.00,0.73,0.73,0.73,0.43,0.08,0.51,0.43,0.51
Kevin Bonifazi,it ITA,DF,Torino,23,1996,3,3,247,02.juil,1,0,1,1,0,0,0,0,0.3,0.3,0.0,0.3,0,5,0,0.36,0.00,0.36,0.36,0.36,0.10,0.01,0.12,0.10,0.12
Kevin Bonifazi,it ITA,DF,SPAL,23,1996,14,13,1191,13.févr,1,0,1,1,0,0,2,1,01.févr,01.févr,0.2,01.mars,10,33,1,0.08,0.00,0.08,0.08,0.08,0.09,0.01,0.10,0.09,0.10
Federico Bonini,it ITA,DF,Bologna,17,2001,1,0,7,0.1,0,0,0,0,0,0,0,0,0.0,0.0,0.0,0.0,0,1,0,0.00,0.00,0.00,0.00,0.00,0.00,0.00,0.00,0.00,0.00
Leonardo Bonucci,it ITA,DF,Juventus,32,1987,35,35,3082,34.2,3,0,3,3,0,0,10,0,03.avr,03.avr,0.6,03.sept,16,144,3,0.09,0.00,0.09,0.09,0.09,0.10,0.02,0.12,0.10,0.12
Fabio Borini,it ITA,MF FW,Hellas Verona,28,1991,14,9,808,9.0,3,0,3,2,1,1,1,1,03.févr,02.avr,0.4,02.août,21,17,72,0.33,0.00,0.33,0.22,0.22,0.35,0.05,0.40,0.26,0.31
Fabio Borini,it ITA,MF,Milan,28,1991,2,1,70,0.8,0,0,0,0,0,0,1,0,0.1,0.1,0.0,0.1,3,0,6,0.00,0.00,0.00,0.00,0.00,0.12,0.00,0.12,0.12,0.12
Mehdi Bourabia,ma MAR,MF,Sassuolo,27,1991,17,10,925,10.mars,1,2,3,1,0,0,7,1,0.3,0.3,0.5,0.7,22,58,15,0.10,0.19,0.29,0.10,0.29,0.03,0.04,0.07,0.03,0.07
Player,Nation,Pos,Squad,Age,Born,MP,Starts,Min,90s,Gls,Ast,G+A,G-PK,PK,PKatt,CrdY,CrdR,xG,npxG,xAG,npxG+xAG,PrgC,PrgP,PrgR,Gls,Ast,G+A,G-PK,G+A-PK,xG,xAG,xG+xAG,npxG,npxG+xAG
Federico Brancolini,it ITA,GK,Fiorentina,18,2001,1,0,6,0.1,0,0,0,0,0,0,0,0,0.0,0.0,0.0,0.0,0,0,0,0.00,0.00,0.00,0.00,0.00,0.00,0.00,0.00,0.00,0.00
Gleison Bremer,br BRA,DF,Torino,22,1997,27,27,227,25.févr,3,1,4,3,0,0,6,2,01.juil,01.juil,0.4,2.0,16,57,3,0.12,0.04,0.16,0.12,0.16,0.07,0.01,0.08,0.07,0.08
Marco Brescianini,it ITA,MF,Milan,19,2000,1,0,25,0.3,0,0,0,0,0,0,0,0,0.0,0.0,0.0,0.0,0,2,0,0.00,0.00,0.00,0.00,0.00,0.00,0.00,0.00,0.00,0.00
Marcelo Brozović,hr CRO,MF,Inter,26,1992,32,30,2701,30.0,3,6,9,3,0,0,9,0,03.févr,03.févr,02.août,05.sept,47,240,40,0.10,0.20,0.30,0.10,0.30,0.11,0.09,0.20,0.11,0.20
Gastón Brugman,uy URU,MF,Parma,26,1992,23,17,1458,16.févr,0,2,2,0,0,0,5,0,0.3,0.3,01.mars,01.juin,19,65,12,0.00,0.12,0.12,0.00,0.12,0.02,0.08,0.10,0.02,0.10
Gianluigi Buffon,it ITA,GK,Juventus,41,1978,9,9,810,9.0,0,0,0,0,0,0,0,0,0.0,0.0,0.0,0.0,0,0,0,0.00,0.00,0.00,0.00,0.00,0.00,0.00,0.00,0.00,0.00
Fabrizio Cacciatore,it ITA,DF,Cagliari,32,1986,16,14,1153,12.août,0,0,0,0,0,0,1,1,0.3,0.3,0.5,0.8,13,55,33,0.00,0.00,0.00,0.00,0.00,0.02,0.04,0.06,0.02,0.06
Martín Cáceres,uy URU,DF,Fiorentina,32,1987,27,27,2356,26.févr,1,0,1,1,0,0,10,1,2.0,2.0,0.7,02.juil,24,117,10,0.04,0.00,0.04,0.04,0.04,0.08,0.03,0.10,0.08,0.10
Felipe Caicedo,ec ECU,FW,Lazio,30,1988,30,18,1406,15.juin,9,2,11,9,0,1,7,0,05.mai,04.juil,03.janv,07.août,13,31,121,0.58,0.13,0.70,0.58,0.70,0.35,0.20,0.55,0.30,0.50
Davide Calabria,it ITA,DF,Milan,22,1996,25,16,1622,18.0,1,1,2,1,0,0,4,2,0.5,0.5,0.7,01.janv,40,121,81,0.06,0.06,0.11,0.06,0.11,0.03,0.04,0.06,0.03,0.06
Riccardo Calafiori,it ITA,DF,Roma,17,2002,1,1,59,0.7,0,0,0,0,0,0,0,0,0.0,0.0,0.0,0.0,0,0,4,0.00,0.00,0.00,0.00,0.00,0.00,0.00,0.00,0.00,0.00
Mattia Caldara,it ITA,DF,Atalanta,25,1994,14,11,959,10.juil,0,1,1,0,0,0,1,0,0.3,0.3,0.4,0.7,3,16,2,0.00,0.09,0.09,0.00,0.09,0.03,0.04,0.06,0.03,0.06
Marco Calderoni,it ITA,DF,Lecce,30,1989,26,24,2064,22.sept,3,2,5,3,0,0,7,0,0.7,0.7,02.avr,03.janv,39,59,97,0.13,0.09,0.22,0.13,0.22,0.03,0.10,0.13,0.03,0.13
Hakan Çalhanoğlu,tr TUR,MF FW,Milan,25,1994,35,34,2704,30.0,9,9,18,8,1,1,6,0,07.août,7.0,07.sept,14.sept,102,166,193,0.30,0.30,0.60,0.27,0.57,0.26,0.26,0.52,0.23,0.50
José Callejón,es ESP,FW MF,Napoli,32,1987,33,25,2172,24.janv,4,7,11,4,0,0,2,0,05.févr,05.févr,06.mai,11.août,38,96,224,0.17,0.29,0.46,0.17,0.46,0.22,0.27,0.49,0.22,0.49
Emre Can,de GER,MF,Juventus,25,1994,8,2,284,03.févr,0,0,0,0,0,0,2,0,01.févr,01.févr,0.1,01.févr,11,13,18,0.00,0.00,0.00,0.00,0.00,0.37,0.03,0.39,0.37,0.39
Antonio Candreva,it ITA,DF,Inter,32,1987,32,24,1993,22.janv,5,7,12,5,0,0,5,0,02.mars,02.mars,05.mars,07.juin,80,104,221,0.23,0.32,0.54,0.23,0.54,0.10,0.24,0.34,0.10,0.34
Gianmarco Cangiano,it ITA,FW MF,Bologna,17,2001,3,0,21,0.2,0,0,0,0,0,0,0,0,0.0,0.0,0.0,0.0,1,1,4,0.00,0.00,0.00,0.00,0.00,0.00,0.00,0.00,0.00,0.00
Gianluca Caprari,it ITA,FW MF,Sampdoria,26,1993,18,5,667,07.avr,3,0,3,3,0,0,4,1,01.févr,01.févr,0.5,01.juil,21,29,57,0.40,0.00,0.40,0.40,0.40,0.16,0.07,0.23,0.16,0.23
Gianluca Caprari,it ITA,FW MF,Parma,26,1993,12,7,589,06.mai,2,0,2,1,1,1,1,0,02.avr,01.juin,01.févr,02.août,21,18,41,0.31,0.00,0.31,0.15,0.15,0.36,0.19,0.55,0.24,0.43
Francesco Caputo,it ITA,FW,Sassuolo,31,1987,36,33,2931,32.6,21,7,28,19,2,2,3,0,13.sept,12.avr,05.juil,18.janv,53,48,256,0.64,0.21,0.86,0.58,0.80,0.43,0.18,0.60,0.38,0.56
Andrea Carboni,it ITA,DF,Cagliari,18,2001,7,5,368,04.janv,0,0,0,0,0,0,5,2,0.0,0.0,0.0,0.0,8,9,0,0.00,0.00,0.00,0.00,0.00,0.01,0.00,0.01,0.01,0.01
Francesco Cassata,it ITA,MF,Genoa,22,1997,24,18,1458,16.févr,2,0,2,2,0,0,11,2,01.févr,01.févr,0.8,2.0,39,57,45,0.12,0.00,0.12,0.12,0.12,0.07,0.05,0.12,0.07,0.12
Timothy Castagne,be BEL,DF,Atalanta,23,1995,27,19,1769,19.juil,1,2,3,1,0,0,4,0,2.0,2.0,02.févr,04.févr,41,68,154,0.05,0.10,0.15,0.05,0.15,0.10,0.11,0.21,0.10,0.21
Samu Castillejo,es ESP,FW MF,Milan,24,1995,22,16,1209,13.avr,2,3,5,2,0,0,3,1,04.janv,04.janv,03.juil,07.août,48,45,116,0.15,0.22,0.37,0.15,0.37,0.30,0.28,0.58,0.30,0.58
Player,Nation,Pos,Squad,Age,Born,MP,Starts,Min,90s,Gls,Ast,G+A,G-PK,PK,PKatt,CrdY,CrdR,xG,npxG,xAG,npxG+xAG,PrgC,PrgP,PrgR,Gls,Ast,G+A,G-PK,G+A-PK,xG,xAG,xG+xAG,npxG,npxG+xAG
Lucas Castro,ar ARG,MF,SPAL,30,1989,7,6,425,04.juil,0,0,0,0,0,0,0,0,0.5,0.5,0.8,01.mars,6,31,28,0.00,0.00,0.00,0.00,0.00,0.10,0.18,0.28,0.10,0.28
Lucas Castro,ar ARG,MF,Cagliari,30,1989,15,6,606,06.juil,2,0,2,2,0,0,2,0,0.9,0.9,0.4,01.mars,12,31,31,0.30,0.00,0.30,0.30,0.30,0.14,0.05,0.19,0.14,0.19
Gaetano Castrovilli,it ITA,MF,Fiorentina,22,1997,33,31,2673,29.juil,3,2,5,3,0,0,10,0,03.mai,03.mai,02.avr,05.sept,142,144,143,0.10,0.07,0.17,0.10,0.17,0.12,0.08,0.20,0.12,0.20
Danilo Cataldi,it ITA,MF,Lazio,24,1994,21,3,592,06.juin,1,0,1,1,0,0,3,0,0.5,0.5,0.7,01.févr,12,58,7,0.15,0.00,0.15,0.15,0.15,0.07,0.11,0.18,0.07,0.18
Federico Ceccherini,it ITA,DF,Fiorentina,27,1992,15,8,835,09.mars,0,0,0,0,0,0,3,0,0.2,0.2,0.0,0.3,8,17,2,0.00,0.00,0.00,0.00,0.00,0.03,0.00,0.03,0.03,0.03
Christian Celesia,it ITA,DF,Torino,17,2002,1,0,1,0.0,0,0,0,0,0,0,0,0,0.0,0.0,0.1,0.1,0,1,1,0.00,0.00,0.00,0.00,0.00,0.00,10.juin,10.juin,0.00,10.juin
Luca Ceppitelli,it ITA,DF,Cagliari,29,1989,16,15,1246,13.août,2,0,2,2,0,0,5,0,0.4,0.4,0.1,0.5,3,24,1,0.14,0.00,0.14,0.14,0.14,0.03,0.01,0.03,0.03,0.03
Alberto Cerri,it ITA,FW,SPAL,23,1996,8,5,420,04.juil,1,0,1,1,0,0,1,0,01.mai,01.mai,0.7,02.févr,13,17,36,0.21,0.00,0.21,0.21,0.21,0.33,0.14,0.47,0.33,0.47
Alberto Cerri,it ITA,FW,Cagliari,23,1996,11,1,244,02.juil,1,0,1,1,0,0,1,0,0.4,0.4,0.1,0.6,1,8,25,0.37,0.00,0.37,0.37,0.37,0.16,0.05,0.21,0.16,0.21
Julian Chabot,de GER,DF,Sampdoria,21,1998,8,7,569,06.mars,1,0,1,1,0,0,1,1,0.1,0.1,0.0,0.1,1,16,0,0.16,0.00,0.16,0.16,0.16,0.02,0.00,0.02,0.02,0.02
Jhon Chancellor,ve VEN,DF,Brescia,27,1992,26,26,2244,24.sept,3,0,3,3,0,0,3,0,02.avr,02.avr,0.0,02.avr,1,30,1,0.12,0.00,0.12,0.12,0.12,0.10,0.00,0.10,0.10,0.10
Giorgio Chiellini,it ITA,DF,Juventus,34,1984,4,3,202,02.févr,1,0,1,1,0,0,0,0,0.2,0.2,0.0,0.2,6,3,0,0.45,0.00,0.45,0.45,0.45,0.09,0.00,0.09,0.09,0.09
Federico Chiesa,it ITA,FW DF,Fiorentina,21,1997,34,31,2637,29.mars,10,6,16,9,1,2,7,0,12.févr,10.juin,05.avr,16.0,108,96,186,0.34,0.20,0.55,0.31,0.51,0.42,0.19,0.60,0.36,0.55
Vlad Chiricheș,ro ROU,DF,Sassuolo,29,1989,9,8,707,07.sept,0,0,0,0,0,0,0,0,0.2,0.2,0.0,0.2,5,17,1,0.00,0.00,0.00,0.00,0.00,0.03,0.00,0.03,0.03,0.03
Luca Cigarini,it ITA,MF,Cagliari,33,1986,22,19,1598,17.août,0,4,4,0,0,0,8,1,0.4,0.4,03.janv,03.mai,17,144,23,0.00,0.23,0.23,0.00,0.23,0.02,0.17,0.19,0.02,0.19
Thiago Cionek,pl POL,DF,SPAL,33,1986,28,23,2169,24.janv,0,1,1,0,0,0,11,0,0.7,0.7,01.mars,2.0,40,98,56,0.00,0.04,0.04,0.00,0.04,0.03,0.05,0.08,0.03,0.08
Andrea Cistana,it ITA,DF,Brescia,22,1997,21,21,1838,20.avr,1,0,1,1,0,0,7,1,0.4,0.4,0.4,0.8,14,42,4,0.05,0.00,0.05,0.05,0.05,0.02,0.02,0.04,0.02,0.04
Denilho Cleonise,nl NED,FW,Genoa,17,2001,4,0,47,0.5,0,0,0,0,0,0,2,0,0.1,0.1,0.0,0.1,1,0,2,0.00,0.00,0.00,0.00,0.00,0.12,0.00,0.12,0.12,0.12
Ebrima Colley,gm GAM,FW,Atalanta,19,2000,5,0,82,0.9,0,1,1,0,0,0,1,0,0.3,0.3,0.4,0.7,5,8,10,0.00,01.oct,01.oct,0.00,01.oct,0.31,0.47,0.77,0.31,0.77
Omar Colley,gm GAM,DF,Sampdoria,26,1992,31,30,2772,30.août,0,1,1,0,0,0,10,0,3.0,3.0,1.0,03.sept,14,120,5,0.00,0.03,0.03,0.00,0.03,0.10,0.03,0.13,0.10,0.13
Simone Colombi,it ITA,GK,Parma,28,1991,4,4,360,4.0,0,0,0,0,0,0,0,0,0.0,0.0,0.0,0.0,0,0,0,0.00,0.00,0.00,0.00,0.00,0.00,0.00,0.00,0.00,0.00
Lorenzo Colombo,it ITA,FW,Milan,17,2002,1,0,9,0.1,0,0,0,0,0,0,0,0,0.0,0.0,0.0,0.0,0,0,3,0.00,0.00,0.00,0.00,0.00,0.00,0.29,0.29,0.00,0.29
Andrea Consigli,it ITA,GK,Sassuolo,32,1987,31,31,279,31.0,0,0,0,0,0,0,1,0,0.0,0.0,0.9,0.9,0,0,0,0.00,0.00,0.00,0.00,0.00,0.00,0.03,0.03,0.00,0.03
Andrea Conti,it ITA,DF,Milan,25,1994,23,21,1725,19.févr,0,2,2,0,0,0,8,0,0.0,0.0,01.mai,01.mai,49,100,52,0.00,0.10,0.10,0.00,0.10,0.00,0.08,0.08,0.00,0.08
Gabriele Corbo,it ITA,DF,Bologna,19,2000,2,1,122,01.avr,0,0,0,0,0,0,1,0,0.0,0.0,0.0,0.0,2,7,0,0.00,0.00,0.00,0.00,0.00,0.00,0.00,0.00,0.00,0.00
Player,Nation,Pos,Squad,Age,Born,MP,Starts,Min,90s,Gls,Ast,G+A,G-PK,PK,PKatt,CrdY,CrdR,xG,npxG,xAG,npxG+xAG,PrgC,PrgP,PrgR,Gls,Ast,G+A,G-PK,G+A-PK,xG,xAG,xG+xAG,npxG,npxG+xAG
Andreas Cornelius,dk DEN,FW,Parma,26,1993,26,17,1494,16.juin,12,3,15,12,0,0,1,0,06.août,06.août,02.févr,9.0,23,34,96,0.72,0.18,0.90,0.72,0.90,0.41,0.13,0.54,0.41,0.54
Joaquín Correa,ar ARG,FW,Lazio,24,1994,30,22,2002,22.févr,9,2,11,9,0,1,0,0,10.avr,09.juil,3.0,12.juil,99,86,222,0.40,0.09,0.49,0.40,0.49,0.47,0.14,0.61,0.43,0.57
Douglas Costa,br BRA,FW MF,Juventus,28,1990,23,7,802,08.sept,1,4,5,1,0,0,1,0,0.7,0.7,03.août,04.mai,47,60,112,0.11,0.45,0.56,0.11,0.56,0.08,0.43,0.51,0.08,0.51
Angelo da Costa Júnior,br BRA,GK,Bologna,35,1983,1,1,90,1.0,0,0,0,0,0,0,0,0,0.0,0.0,0.0,0.0,0,0,0,0.00,0.00,0.00,0.00,0.00,0.00,0.00,0.00,0.00,0.00
Alessio Cragno,it ITA,GK,Cagliari,25,1994,16,16,144,16.0,0,0,0,0,0,0,1,0,0.0,0.0,0.0,0.0,0,0,0,0.00,0.00,0.00,0.00,0.00,0.00,0.00,0.00,0.00,0.00
Domenico Criscito,it ITA,DF,Genoa,32,1986,26,24,2053,22.août,8,0,8,0,8,10,7,0,08.mars,0.4,01.févr,01.juin,28,104,54,0.35,0.00,0.35,0.00,0.00,0.36,0.05,0.42,0.02,0.07
Bryan Cristante,it ITA,MF,Roma,24,1995,26,18,1616,18.0,1,3,4,1,0,0,7,1,01.juin,01.juin,01.avr,03.janv,24,137,16,0.06,0.17,0.22,0.06,0.22,0.09,0.08,0.17,0.09,0.17
Sebastián Cristóforo,uy URU,MF,Fiorentina,25,1993,1,1,90,1.0,0,0,0,0,0,0,0,0,0.0,0.0,0.2,0.2,1,3,1,0.00,0.00,0.00,0.00,0.00,0.00,0.24,0.24,0.00,0.24
Juan Cuadrado,co COL,DF FW,Juventus,31,1988,33,28,2654,29.mai,2,5,7,2,0,0,7,1,01.févr,01.févr,04.mars,05.mai,129,174,189,0.07,0.17,0.24,0.07,0.24,0.04,0.15,0.19,0.04,0.19
Jaume Cuéllar,bo BOL,MF FW,SPAL,17,2001,2,1,70,0.8,0,0,0,0,0,0,0,0,0.0,0.0,0.0,0.0,1,1,5,0.00,0.00,0.00,0.00,0.00,0.00,0.00,0.00,0.00,0.00
Felipe Curcio,br BRA,DF,Brescia,25,1993,1,0,5,0.1,0,0,0,0,0,0,0,0,0.0,0.0,0.0,0.0,1,2,3,0.00,0.00,0.00,0.00,0.00,0.00,0.00,0.00,0.00,0.00
Patrick Cutrone,it ITA,FW,Fiorentina,21,1998,19,9,838,09.mars,4,1,5,4,0,0,1,0,03.sept,03.sept,01.mai,05.avr,11,9,69,0.43,0.11,0.54,0.43,0.54,0.42,0.16,0.58,0.42,0.58
Lennart-Marten Czyborra,de GER,DF,Atalanta,20,1999,1,0,17,0.2,0,0,0,0,0,0,0,0,0.0,0.0,0.0,0.0,0,0,2,0.00,0.00,0.00,0.00,0.00,0.00,0.00,0.00,0.00,0.00
Marco D'Alessandro,it ITA,MF DF,SPAL,28,1991,15,10,781,08.juil,2,0,2,2,0,0,0,1,0.4,0.4,01.janv,01.mai,36,18,58,0.23,0.00,0.23,0.23,0.23,0.04,0.13,0.17,0.04,0.17
Danilo D'Ambrosio,it ITA,DF,Inter,30,1988,22,15,1402,15.juin,4,0,4,4,0,0,6,0,01.juil,01.juil,0.9,02.juin,21,67,67,0.26,0.00,0.26,0.26,0.26,0.11,0.05,0.16,0.11,0.16
Felice D'Amico,it ITA,MF,Sampdoria,18,2000,2,0,3,0.0,0,0,0,0,0,0,0,0,0.0,0.0,0.0,0.0,1,0,0,0.00,0.00,0.00,0.00,0.00,01.avr,0.00,01.avr,01.avr,01.avr
Jacopo Da Riva,it ITA,MF,Atalanta,18,2000,1,0,1,0.0,0,0,0,0,0,0,0,0,0.0,0.0,0.0,0.0,0,0,0,0.00,0.00,0.00,0.00,0.00,0.00,avr.19,avr.19,0.00,avr.19
Bryan Dabo,bf BFA,MF,SPAL,27,1992,16,13,1122,12.mai,1,4,5,1,0,0,4,0,0.9,0.9,0.6,01.mai,31,54,27,0.08,0.32,0.40,0.08,0.40,0.08,0.05,0.12,0.08,0.12
Felipe dal Belo,br BRA,DF,SPAL,35,1984,15,11,997,11.janv,0,0,0,0,0,0,5,0,0.7,0.7,0.0,0.7,9,32,5,0.00,0.00,0.00,0.00,0.00,0.06,0.00,0.06,0.06,0.06
Christian Dalle Mura,it ITA,FW,Fiorentina,17,2002,1,0,1,0.0,0,0,0,0,0,0,0,0,0.0,0.0,0.0,0.0,0,0,0,0.00,0.00,0.00,0.00,0.00,0.00,0.00,0.00,0.00,0.00
Danilo,br BRA,DF,Juventus,28,1991,22,16,144,16.0,2,0,2,2,0,0,4,1,0.9,0.9,0.7,01.juil,40,97,65,0.12,0.00,0.12,0.12,0.12,0.06,0.05,0.10,0.06,0.10
Andrea Danzi,it ITA,MF,Hellas Verona,20,1999,1,0,1,0.0,0,0,0,0,0,0,0,0,0.0,0.0,0.0,0.0,0,1,0,0.00,0.00,0.00,0.00,0.00,0.00,0.00,0.00,0.00,0.00
Matteo Darmian,it ITA,DF,Parma,29,1989,33,30,2685,29.août,1,1,2,1,0,0,6,0,0.8,0.8,0.9,01.juil,36,130,95,0.03,0.03,0.07,0.03,0.07,0.03,0.03,0.06,0.03,0.06
Paweł Dawidowicz,pl POL,DF,Hellas Verona,24,1995,15,7,693,07.juil,1,0,1,1,0,0,4,2,0.4,0.4,0.0,0.4,14,35,4,0.13,0.00,0.13,0.13,0.13,0.05,0.00,0.05,0.05,0.05
Sebastien De Maio,fr FRA,DF,Udinese,32,1987,21,17,15,16.juil,0,0,0,0,0,0,1,0,01.mars,01.mars,0.0,01.mars,8,35,7,0.00,0.00,0.00,0.00,0.00,0.08,0.00,0.08,0.08,0.08
Player,Nation,Pos,Squad,Age,Born,MP,Starts,Min,90s,Gls,Ast,G+A,G-PK,PK,PKatt,CrdY,CrdR,xG,npxG,xAG,npxG+xAG,PrgC,PrgP,PrgR,Gls,Ast,G+A,G-PK,G+A-PK,xG,xAG,xG+xAG,npxG,npxG+xAG
Rodrigo De Paul,ar ARG,MF,Udinese,25,1994,34,33,2822,31.4,7,6,13,7,0,0,5,1,05.janv,05.janv,09.avr,14.juin,176,227,183,0.22,0.19,0.41,0.22,0.41,0.16,0.30,0.46,0.16,0.46
Mattia De Sciglio,it ITA,DF,Juventus,26,1992,9,6,471,05.févr,0,0,0,0,0,0,1,0,0.0,0.0,0.1,0.1,13,32,24,0.00,0.00,0.00,0.00,0.00,0.01,0.01,0.02,0.01,0.02
Lorenzo De Silvestri,it ITA,DF,Torino,31,1988,29,28,2243,24.sept,0,0,0,0,0,0,2,0,02.mars,02.mars,2.0,04.mars,49,82,138,0.00,0.00,0.00,0.00,0.00,0.09,0.08,0.17,0.09,0.17
Grégoire Defrel,mq MTQ,FW MF,Sassuolo,28,1991,17,9,980,10.sept,3,3,6,2,1,1,1,0,03.janv,02.mars,01.mai,03.août,27,25,70,0.28,0.28,0.55,0.18,0.46,0.29,0.14,0.42,0.22,0.35
Alessandro Deiola,it ITA,MF,Cagliari,23,1995,1,0,1,0.0,0,0,0,0,0,0,0,0,0.0,0.0,0.0,0.0,0,0,0,0.00,0.00,0.00,0.00,0.00,0.00,0.00,0.00,0.00,0.00
Alessandro Deiola,it ITA,MF,Lecce,23,1995,10,8,717,8.0,1,1,2,1,0,0,3,0,0.4,0.4,0.3,0.7,8,27,12,0.13,0.13,0.25,0.13,0.25,0.05,0.04,0.09,0.05,0.09
Cristian Dell'Orco,it ITA,DF,Lecce,25,1994,14,11,1007,11.févr,0,1,1,0,0,0,2,1,0.0,0.0,0.4,0.4,20,35,29,0.00,0.09,0.09,0.00,0.09,0.00,0.04,0.04,0.00,0.04
Merih Demiral,tr TUR,DF,Juventus,21,1998,6,5,418,04.juin,1,1,2,1,0,0,1,0,0.3,0.3,0.2,0.6,0,9,0,0.22,0.22,0.43,0.22,0.43,0.07,0.05,0.12,0.07,0.12
Diego Demme,de GER,MF,Napoli,27,1991,15,10,902,10.0,1,0,1,1,0,0,6,0,0.4,0.4,0.4,0.8,20,76,8,0.10,0.00,0.10,0.10,0.10,0.04,0.04,0.08,0.04,0.08
Stefano Denswil,sr SUR,DF,Bologna,26,1993,26,25,224,24.sept,0,1,1,0,0,0,7,1,01.févr,01.févr,0.6,01.août,20,113,8,0.00,0.04,0.04,0.00,0.04,0.05,0.02,0.07,0.05,0.07
Fabio Depaoli,it ITA,MF DF,Sampdoria,22,1997,29,21,1854,20.juin,0,1,1,0,0,0,7,0,01.janv,01.janv,02.juil,03.août,37,66,135,0.00,0.05,0.05,0.00,0.05,0.05,0.13,0.19,0.05,0.19
Kastriot Dermaku,al ALB,DF,Parma,27,1992,16,10,1026,11.avr,0,0,0,0,0,0,2,0,0.7,0.7,0.1,0.8,0,14,1,0.00,0.00,0.00,0.00,0.00,0.06,0.01,0.07,0.06,0.07
Daniele Dessena,it ITA,MF,Brescia,32,1987,24,22,1869,20.août,2,0,2,2,0,0,7,1,01.sept,01.sept,0.3,02.févr,21,96,44,0.10,0.00,0.10,0.10,0.10,0.09,0.02,0.11,0.09,0.11
Mattia Destro,it ITA,FW,Bologna,28,1991,5,2,185,02.janv,0,0,0,0,0,0,2,0,0.6,0.6,1.0,01.juin,1,5,8,0.00,0.00,0.00,0.00,0.00,0.27,0.51,0.78,0.27,0.78
Mattia Destro,it ITA,FW MF,Genoa,28,1991,8,1,150,01.juil,0,0,0,0,0,0,0,0,0.8,0.8,0.0,0.8,4,0,9,0.00,0.00,0.00,0.00,0.00,0.46,0.00,0.46,0.46,0.46
Samuel Di Carmine,it ITA,FW MF,Hellas Verona,30,1988,22,17,1293,14.avr,8,0,8,7,1,2,3,0,06.juil,05.févr,0.6,05.août,8,7,79,0.56,0.00,0.56,0.49,0.49,0.47,0.04,0.51,0.36,0.40
Federico Di Francesco,it ITA,FW,SPAL,25,1994,20,13,1082,12.0,2,0,2,2,0,0,4,0,02.janv,02.janv,1.0,03.févr,29,21,82,0.17,0.00,0.17,0.17,0.17,0.18,0.08,0.26,0.18,0.26
Giovanni Di Lorenzo,it ITA,DF,Napoli,25,1993,33,33,297,33.0,3,3,6,3,0,0,5,0,03.févr,03.févr,02.févr,05.avr,67,204,151,0.09,0.09,0.18,0.09,0.18,0.10,0.07,0.16,0.10,0.16
Amad Diallo,ci CIV,FW,Atalanta,17,2002,3,0,27,0.3,1,0,1,1,0,0,0,0,0.0,0.0,0.1,0.1,3,3,9,mars.33,0.00,mars.33,mars.33,mars.33,0.11,0.18,0.29,0.11,0.29
Amadou Diawara,gn GUI,MF,Roma,22,1997,22,19,1518,16.sept,1,1,2,0,1,1,4,0,1.0,0.3,0.5,0.8,15,90,13,0.06,0.06,0.12,0.00,0.06,0.06,0.03,0.09,0.02,0.05
Mitchell Dijks,nl NED,DF,Bologna,26,1993,13,12,1006,11.févr,0,0,0,0,0,0,4,0,0.0,0.0,1.0,1.0,29,54,45,0.00,0.00,0.00,0.00,0.00,0.00,0.09,0.09,0.00,0.09
Federico Dimarco,it ITA,DF,Hellas Verona,21,1997,13,5,521,05.août,0,3,3,0,0,0,1,0,0.7,0.7,2.0,02.juil,18,43,38,0.00,0.52,0.52,0.00,0.52,0.12,0.34,0.46,0.12,0.46
Federico Dimarco,it ITA,DF,Inter,21,1997,3,0,27,0.3,0,0,0,0,0,0,0,0,0.0,0.0,0.0,0.0,1,1,0,0.00,0.00,0.00,0.00,0.00,0.11,0.00,0.11,0.11,0.11
Koffi Djidji,ci CIV,DF,Torino,26,1992,17,9,851,09.mai,0,0,0,0,0,0,0,0,0.0,0.0,0.0,0.0,0,16,1,0.00,0.00,0.00,0.00,0.00,0.00,0.00,0.00,0.00,0.00
Berat Djimsiti,al ALB,DF,Atalanta,26,1993,34,32,2783,30.sept,2,1,3,2,0,0,5,0,2.0,2.0,01.janv,03.févr,13,93,36,0.06,0.03,0.10,0.06,0.10,0.07,0.04,0.10,0.07,0.10
Player,Nation,Pos,Squad,Age,Born,MP,Starts,Min,90s,Gls,Ast,G+A,G-PK,PK,PKatt,CrdY,CrdR,xG,npxG,xAG,npxG+xAG,PrgC,PrgP,PrgR,Gls,Ast,G+A,G-PK,G+A-PK,xG,xAG,xG+xAG,npxG,npxG+xAG
Nicolás Domínguez,ar ARG,MF,Bologna,21,1998,16,7,699,07.août,0,1,1,0,0,0,1,0,0.4,0.4,01.janv,01.mai,7,40,12,0.00,0.13,0.13,0.00,0.13,0.05,0.15,0.19,0.05,0.19
Giulio Donati,it ITA,DF,Lecce,29,1990,20,20,176,19.juin,1,0,1,1,0,0,4,0,0.3,0.3,02.janv,02.mai,57,73,53,0.05,0.00,0.05,0.05,0.05,0.02,0.11,0.13,0.02,0.13
Alfredo Donnarumma,it ITA,FW,Brescia,28,1990,31,20,1684,18.juil,7,2,9,5,2,2,1,0,06.août,05.févr,0.9,06.févr,28,52,129,0.37,0.11,0.48,0.27,0.37,0.36,0.05,0.41,0.28,0.33
Gianluigi Donnarumma,it ITA,GK,Milan,20,1999,36,36,3201,35.6,0,0,0,0,0,0,3,0,0.0,0.0,0.0,0.0,0,1,0,0.00,0.00,0.00,0.00,0.00,0.00,0.00,0.00,0.00,0.00
Bartłomiej Drągowski,pl POL,GK,Fiorentina,21,1997,31,31,279,31.0,0,0,0,0,0,0,1,0,0.0,0.0,0.0,0.0,0,0,0,0.00,0.00,0.00,0.00,0.00,0.00,0.00,0.00,0.00,0.00
Léo Duarte,br BRA,DF,Milan,23,1996,6,4,405,04.mai,0,0,0,0,0,0,2,0,0.4,0.4,0.0,0.4,1,8,0,0.00,0.00,0.00,0.00,0.00,0.08,0.00,0.08,0.08,0.08
Edgaras Dubickas,lt LTU,DF,Lecce,21,1998,1,0,3,0.0,0,0,0,0,0,0,0,0,0.0,0.0,0.0,0.0,0,0,1,0.00,0.00,0.00,0.00,0.00,0.00,0.00,0.00,0.00,0.00
Alfred Duncan,gh GHA,MF,Fiorentina,26,1993,13,10,887,09.sept,1,1,2,1,0,0,2,0,0.6,0.6,0.5,01.janv,23,54,31,0.10,0.10,0.20,0.10,0.20,0.06,0.05,0.11,0.06,0.11
Alfred Duncan,gh GHA,MF,Sassuolo,26,1993,13,10,843,09.avr,1,5,6,1,0,0,3,0,01.janv,01.janv,01.janv,02.mars,11,51,32,0.11,0.53,0.64,0.11,0.64,0.12,0.12,0.24,0.12,0.24
Paulo Dybala,ar ARG,FW MF,Juventus,25,1993,33,25,2155,23.sept,11,6,17,10,1,1,5,0,09.avr,08.juin,06.juil,15.mars,101,135,204,0.46,0.25,0.71,0.42,0.67,0.39,0.28,0.67,0.36,0.64
Edin Džeko,ba BIH,FW,Roma,33,1986,35,31,2854,31.juil,16,7,23,16,0,0,4,0,19.0,19.0,05.juil,24.juil,52,107,254,0.50,0.22,0.73,0.50,0.73,0.60,0.18,0.78,0.60,0.78
Blerim Džemaili,ch SUI,MF,Bologna,33,1986,14,8,698,07.août,1,1,2,1,0,0,2,0,0.5,0.5,01.mars,01.août,20,58,27,0.13,0.13,0.26,0.13,0.26,0.07,0.17,0.24,0.07,0.24
Simone Edera,it ITA,MF FW,Torino,22,1997,13,4,398,04.avr,1,1,2,1,0,0,4,1,01.févr,01.févr,0.7,01.sept,13,19,31,0.23,0.23,0.45,0.23,0.45,0.28,0.16,0.44,0.27,0.43
Albin Ekdal,se SWE,MF,Sampdoria,30,1989,32,27,2385,26.mai,0,2,2,0,0,0,8,0,01.mai,01.mai,01.févr,02.juil,45,137,26,0.00,0.08,0.08,0.00,0.08,0.05,0.05,0.10,0.05,0.10
Elif Elmas,mk MKD,MF,Napoli,19,1999,26,12,1134,12.juin,1,1,2,1,0,0,7,0,2.0,2.0,1.0,3.0,44,46,49,0.08,0.08,0.16,0.08,0.16,0.16,0.08,0.23,0.16,0.23
Alan Empereur,br BRA,DF,Hellas Verona,25,1994,13,8,855,09.mai,0,0,0,0,0,0,3,0,0.1,0.1,0.0,0.1,6,32,2,0.00,0.00,0.00,0.00,0.00,0.01,0.00,0.01,0.01,0.01
Christian Eriksen,dk DEN,MF,Inter,27,1992,17,8,703,07.août,1,2,3,1,0,0,0,0,2.0,2.0,02.août,04.sept,19,52,45,0.13,0.26,0.38,0.13,0.38,0.26,0.36,0.62,0.26,0.62
Sebastiano Esposito,it ITA,FW,Inter,17,2002,7,2,199,02.févr,1,0,1,0,1,1,2,0,01.août,1.0,0.1,01.janv,2,5,19,0.45,0.00,0.45,0.00,0.00,0.81,0.06,0.87,0.45,0.52
Valentin Eysseric,fr FRA,MF FW,Hellas Verona,27,1992,6,3,353,03.sept,0,0,0,0,0,0,3,0,0.2,0.2,0.5,0.8,6,18,31,0.00,0.00,0.00,0.00,0.00,0.06,0.13,0.19,0.06,0.19
Valentin Eysseric,fr FRA,FW MF,Fiorentina,27,1992,3,0,42,0.5,0,0,0,0,0,0,0,0,0.0,0.0,0.0,0.0,4,5,5,0.00,0.00,0.00,0.00,0.00,0.10,0.00,0.10,0.10,0.10
Luca Falbo,it ITA,DF,Lazio,19,2000,1,0,2,0.0,0,0,0,0,0,0,0,0,0.0,0.0,0.0,0.0,0,1,0,0.00,0.00,0.00,0.00,0.00,0.00,0.00,0.00,0.00,0.00
Filippo Falco,it ITA,FW MF,Lecce,27,1992,30,24,2014,22.avr,4,6,10,4,0,0,0,0,02.août,02.août,04.mai,07.mars,120,139,169,0.18,0.27,0.45,0.18,0.45,0.13,0.20,0.33,0.13,0.33
Wladimiro Falcone,it ITA,GK,Sampdoria,24,1995,2,2,180,2.0,0,0,0,0,0,0,1,0,0.0,0.0,0.0,0.0,0,0,0,0.00,0.00,0.00,0.00,0.00,0.00,0.00,0.00,0.00,0.00
Iago Falque,es ESP,FW MF,Torino,29,1990,4,1,102,01.janv,0,0,0,0,0,0,0,0,0.1,0.1,0.1,0.2,2,6,13,0.00,0.00,0.00,0.00,0.00,0.13,0.06,0.19,0.13,0.19
Iago Falque,es ESP,MF,Genoa,29,1990,10,6,519,05.août,2,1,3,0,2,3,0,0,02.sept,0.6,0.7,01.mars,21,32,45,0.35,0.17,0.52,0.00,0.17,0.51,0.13,0.63,0.10,0.23
Player,Nation,Pos,Squad,Age,Born,MP,Starts,Min,90s,Gls,Ast,G+A,G-PK,PK,PKatt,CrdY,CrdR,xG,npxG,xAG,npxG+xAG,PrgC,PrgP,PrgR,Gls,Ast,G+A,G-PK,G+A-PK,xG,xAG,xG+xAG,npxG,npxG+xAG
Andri Fannar Baldursson,is ISL,MF,Bologna,17,2002,7,0,143,01.juin,0,0,0,0,0,0,0,0,0.1,0.1,0.0,0.1,3,6,6,0.00,0.00,0.00,0.00,0.00,0.05,0.02,0.07,0.05,0.07
Paolo Faragò,it ITA,DF MF,Cagliari,26,1993,21,14,1343,14.sept,1,1,2,1,0,0,3,0,01.mai,01.mai,0.7,02.févr,34,64,58,0.07,0.07,0.13,0.07,0.13,0.10,0.05,0.15,0.10,0.15
Davide Faraoni,it ITA,DF,Hellas Verona,27,1991,36,36,3228,35.9,5,3,8,5,0,0,6,0,04.févr,04.févr,03.juin,07.août,47,149,164,0.14,0.08,0.22,0.14,0.22,0.12,0.10,0.22,0.12,0.22
Mohamed Fares,dz ALG,DF MF,SPAL,23,1996,8,5,421,04.juil,0,0,0,0,0,0,2,0,0.2,0.2,0.9,01.févr,8,13,19,0.00,0.00,0.00,0.00,0.00,0.05,0.20,0.25,0.05,0.25
Diego Farias,br BRA,MF FW,Lecce,29,1990,18,7,824,09.févr,2,0,2,2,0,0,3,1,01.juil,01.juil,2.0,03.juil,48,40,77,0.22,0.00,0.22,0.22,0.22,0.19,0.21,0.40,0.19,0.40
Andrea Favilli,it ITA,FW,Genoa,22,1997,20,7,658,07.mars,0,0,0,0,0,0,4,0,01.mars,01.mars,0.9,02.févr,14,11,56,0.00,0.00,0.00,0.00,0.00,0.18,0.13,0.30,0.18,0.30
Federico Fazio,ar ARG,DF,Roma,32,1987,16,14,1213,13.mai,1,0,1,1,0,0,2,1,0.5,0.5,0.1,0.5,9,36,2,0.07,0.00,0.07,0.07,0.07,0.04,0.00,0.04,0.04,0.04
Luiz Felipe,it ITA,DF,Lazio,22,1997,26,24,2024,22.mai,1,1,2,1,0,0,6,0,1.0,1.0,0.4,01.avr,20,78,18,0.04,0.04,0.09,0.04,0.09,0.05,0.02,0.06,0.05,0.06
Lucas Felippe,br BRA,MF DF,Hellas Verona,19,2000,2,0,28,0.3,0,0,0,0,0,0,0,0,0.0,0.0,0.0,0.0,0,2,1,0.00,0.00,0.00,0.00,0.00,0.09,0.00,0.09,0.09,0.09
Alex Ferrari,it ITA,DF,Sampdoria,25,1994,12,11,1005,11.févr,0,0,0,0,0,0,4,0,0.9,0.9,0.5,01.avr,1,24,1,0.00,0.00,0.00,0.00,0.00,0.08,0.05,0.13,0.08,0.13
Sergio Floccari,it ITA,FW,SPAL,37,1981,24,9,942,10.mai,1,0,1,1,0,0,3,0,01.mars,01.mars,0.5,01.sept,12,16,82,0.10,0.00,0.10,0.10,0.10,0.13,0.05,0.18,0.13,0.18
Alessandro Florenzi,it ITA,DF FW,Roma,28,1991,14,12,997,11.janv,0,1,1,0,0,0,5,0,0.5,0.5,01.août,02.mars,31,80,52,0.00,0.09,0.09,0.00,0.09,0.04,0.17,0.21,0.04,0.21
Seko Fofana,ci CIV,MF,Udinese,24,1995,32,24,2249,25.0,3,7,10,3,0,0,4,0,03.avr,03.avr,03.juil,7.0,71,102,123,0.12,0.28,0.40,0.12,0.40,0.13,0.15,0.28,0.13,0.28
Gianluca Frabotta,it ITA,DF,Juventus,20,1999,1,1,90,1.0,0,0,0,0,0,0,0,0,0.0,0.0,0.0,0.0,4,6,3,0.00,0.00,0.00,0.00,0.00,0.03,0.00,0.03,0.03,0.03
Remo Freuler,ch SUI,MF,Atalanta,27,1992,31,28,2337,26.0,2,2,4,2,0,0,3,0,01.juin,01.juin,02.mai,04.févr,54,172,60,0.08,0.08,0.15,0.08,0.15,0.06,0.10,0.16,0.06,0.16
Daniel Fuzato,br BRA,GK,Roma,22,1997,1,1,90,1.0,0,0,0,0,0,0,0,0,0.0,0.0,0.0,0.0,0,0,0,0.00,0.00,0.00,0.00,0.00,0.00,0.00,0.00,0.00,0.00
Matteo Gabbia,it ITA,DF,Milan,19,1999,9,6,680,07.juin,0,0,0,0,0,0,1,0,0.2,0.2,0.0,0.3,2,24,1,0.00,0.00,0.00,0.00,0.00,0.03,0.00,0.03,0.03,0.03
Manolo Gabbiadini,it ITA,FW,Sampdoria,27,1991,33,24,2035,22.juin,11,1,12,10,1,1,2,0,08.janv,07.mars,03.août,11.janv,34,43,123,0.49,0.04,0.53,0.44,0.49,0.36,0.17,0.53,0.32,0.49
Gabriel,br BRA,GK,Lecce,26,1992,34,34,2997,33.3,0,0,0,0,0,0,4,0,0.0,0.0,0.0,0.0,0,0,0,0.00,0.00,0.00,0.00,0.00,0.00,0.00,0.00,0.00,0.00
Luca Gagliano,it ITA,FW,Cagliari,19,2000,2,1,52,0.6,1,1,2,1,0,0,0,0,0.7,0.7,0.0,0.7,1,2,1,janv.73,janv.73,mars.46,janv.73,mars.46,janv.15,0.05,janv.20,janv.15,janv.20
Roberto Gagliardini,it ITA,MF,Inter,25,1994,24,21,1797,20.0,4,2,6,4,0,0,5,0,04.juil,04.juin,01.juin,06.févr,55,144,73,0.20,0.10,0.30,0.20,0.30,0.24,0.08,0.32,0.23,0.31
Riccardo Gagliolo,se SWE,DF,Parma,29,1990,32,31,2604,28.sept,3,2,5,3,0,0,7,0,02.août,02.août,02.mars,05.févr,53,131,59,0.10,0.07,0.17,0.10,0.17,0.10,0.08,0.18,0.10,0.18
Daniele Gastaldello,it ITA,DF,Brescia,36,1983,8,4,389,04.mars,0,0,0,0,0,0,1,0,0.1,0.1,0.2,0.2,0,11,2,0.00,0.00,0.00,0.00,0.00,0.01,0.04,0.05,0.01,0.05
Gervinho,ci CIV,FW,Parma,32,1987,31,27,227,25.févr,7,4,11,7,0,1,3,0,09.avr,08.juin,02.juil,11.mars,107,68,166,0.28,0.16,0.44,0.28,0.44,0.37,0.11,0.48,0.34,0.45
Rachid Ghezzal,dz ALG,MF FW,Fiorentina,27,1992,19,9,828,09.févr,1,0,1,1,0,0,5,0,0.5,0.5,01.mars,01.août,37,40,55,0.11,0.00,0.11,0.11,0.11,0.06,0.14,0.19,0.06,0.19
Player,Nation,Pos,Squad,Age,Born,MP,Starts,Min,90s,Gls,Ast,G+A,G-PK,PK,PKatt,CrdY,CrdR,xG,npxG,xAG,npxG+xAG,PrgC,PrgP,PrgR,Gls,Ast,G+A,G-PK,G+A-PK,xG,xAG,xG+xAG,npxG,npxG+xAG
Andrea Ghezzi,it ITA,FW MF,Brescia,18,2001,5,0,37,0.4,0,0,0,0,0,0,0,0,0.1,0.1,0.0,0.1,1,1,1,0.00,0.00,0.00,0.00,0.00,0.36,0.00,0.36,0.36,0.36
Paolo Ghiglione,it ITA,DF FW,Genoa,22,1997,25,20,1717,19.janv,0,5,5,0,0,0,4,0,01.août,01.août,02.avr,04.févr,40,58,108,0.00,0.26,0.26,0.00,0.26,0.10,0.13,0.22,0.10,0.22
Andrea Ghion,it ITA,FW MF,Sassuolo,19,2000,3,0,48,0.5,0,0,0,0,0,0,0,0,0.1,0.1,0.1,0.2,3,2,3,0.00,0.00,0.00,0.00,0.00,0.11,0.23,0.34,0.11,0.34
Faouzi Ghoulam,dz ALG,DF,Napoli,28,1991,9,3,376,04.févr,0,1,1,0,0,0,2,0,0.2,0.2,01.mars,01.mai,14,11,32,0.00,0.24,0.24,0.00,0.24,0.04,0.31,0.36,0.04,0.36
Diego Godín,uy URU,DF,Inter,33,1986,23,18,1628,18.janv,1,1,2,1,0,0,5,0,0.9,0.9,1.0,01.sept,32,101,8,0.06,0.06,0.11,0.06,0.11,0.05,0.05,0.10,0.05,0.10
Edoardo Goldaniga,it ITA,DF,Genoa,25,1993,13,8,784,08.juil,1,0,1,1,0,0,4,0,1.0,1.0,0.3,01.mars,10,34,7,0.11,0.00,0.11,0.11,0.11,0.12,0.03,0.15,0.12,0.15
Pierluigi Gollini,it ITA,GK,Atalanta,24,1995,33,33,2884,32.0,0,0,0,0,0,0,3,0,0.0,0.0,0.0,0.0,0,0,0,0.00,0.00,0.00,0.00,0.00,0.00,0.00,0.00,0.00,0.00
Papu Gómez,ar ARG,MF FW,Atalanta,31,1988,36,34,2842,31.6,7,16,23,7,0,0,2,0,07.août,07.août,09.sept,17.juin,241,276,203,0.22,0.51,0.73,0.22,0.73,0.25,0.31,0.56,0.25,0.56
Robin Gosens,de GER,DF,Atalanta,25,1994,34,31,2617,29.janv,9,7,16,9,0,0,3,0,05.sept,05.sept,03.août,09.juil,90,125,198,0.31,0.24,0.55,0.31,0.55,0.20,0.13,0.33,0.20,0.33
Alberto Grassi,it ITA,MF,Parma,24,1995,16,6,641,07.janv,1,1,2,1,0,0,6,0,0.3,0.3,0.4,0.7,10,22,19,0.14,0.14,0.28,0.14,0.28,0.05,0.05,0.10,0.05,0.10
Sinan Gümüş,de GER,FW MF,Genoa,25,1994,3,1,96,01.janv,0,0,0,0,0,0,0,0,0.1,0.1,0.0,0.1,5,3,3,0.00,0.00,0.00,0.00,0.00,0.13,0.00,0.13,0.13,0.13
Koray Günter,de GER,DF,Hellas Verona,24,1994,32,31,2733,30.avr,0,0,0,0,0,0,7,0,0.4,0.4,0.2,0.6,7,86,5,0.00,0.00,0.00,0.00,0.00,0.01,0.01,0.02,0.01,0.02
Samir Handanović,si SVN,GK,Inter,35,1984,35,35,315,35.0,0,0,0,0,0,0,2,0,0.0,0.0,0.1,0.1,0,0,0,0.00,0.00,0.00,0.00,0.00,0.00,0.00,0.00,0.00,0.00
Lukáš Haraslín,sk SVK,FW,Sassuolo,23,1996,11,4,384,04.mars,1,0,1,1,0,0,1,0,1.0,1.0,0.0,1.0,12,10,37,0.23,0.00,0.23,0.23,0.23,0.23,0.01,0.24,0.23,0.24
Hans Hateboer,nl NED,DF,Atalanta,25,1994,32,25,2356,26.févr,0,4,4,0,0,0,10,0,02.mars,02.mars,04.mai,06.août,81,70,216,0.00,0.15,0.15,0.00,0.15,0.09,0.17,0.26,0.09,0.26
Liam Henderson,sct SCO,MF,Hellas Verona,23,1996,4,2,196,02.févr,0,0,0,0,0,0,1,0,0.1,0.1,0.2,0.3,1,8,9,0.00,0.00,0.00,0.00,0.00,0.03,0.11,0.14,0.03,0.14
Dalbert Henrique,br BRA,DF MF,Fiorentina,25,1993,31,29,2484,27.juin,0,5,5,0,0,0,8,1,0.8,0.8,03.avr,04.févr,63,104,159,0.00,0.18,0.18,0.00,0.18,0.03,0.12,0.15,0.03,0.15
Theo Hernández,fr FRA,DF,Milan,21,1997,33,32,2817,31.mars,6,3,9,6,0,0,10,0,05.août,05.août,04.avr,10.mars,125,144,195,0.19,0.10,0.29,0.19,0.29,0.19,0.14,0.33,0.19,0.33
Hernani,br BRA,MF,Parma,25,1994,32,27,2419,26.sept,0,4,4,0,0,0,10,0,01.mars,01.mars,02.avr,03.juil,40,104,62,0.00,0.15,0.15,0.00,0.15,0.05,0.09,0.14,0.05,0.14
Gonzalo Higuaín,ar ARG,FW,Juventus,31,1987,32,20,1866,20.juil,8,4,12,8,0,0,2,0,09.juil,09.juil,04.mars,14.0,45,55,152,0.39,0.19,0.58,0.39,0.58,0.47,0.21,0.68,0.47,0.68
Krisztofer Horváth,hu HUN,FW DF,SPAL,17,2002,3,0,44,0.5,0,0,0,0,0,0,0,0,0.0,0.0,0.0,0.1,1,1,2,0.00,0.00,0.00,0.00,0.00,0.05,0.07,0.12,0.05,0.12
Elseid Hysaj,al ALB,DF,Napoli,25,1994,20,17,1481,16.mai,1,2,3,1,0,0,3,0,0.2,0.2,01.mars,01.mai,56,115,72,0.06,0.12,0.18,0.06,0.18,0.01,0.08,0.09,0.01,0.09
Simone Iacoponi,it ITA,DF,Parma,32,1987,36,34,3053,33.9,2,0,2,2,0,0,7,0,01.mars,01.mars,0.2,01.mai,10,64,7,0.06,0.00,0.06,0.06,0.06,0.04,0.01,0.05,0.04,0.05
Roger Ibanez,br BRA,DF,Roma,20,1998,9,7,614,06.août,0,0,0,0,0,0,1,0,0.3,0.3,0.1,0.4,3,15,1,0.00,0.00,0.00,0.00,0.00,0.04,0.02,0.06,0.04,0.06
Zlatan Ibrahimović,se SWE,FW,Milan,37,1981,18,16,1362,15.janv,10,5,15,8,2,3,1,0,10.juin,08.mars,4.0,12.mars,17,63,114,0.66,0.33,0.99,0.53,0.86,0.70,0.27,0.96,0.55,0.81
Player,Nation,Pos,Squad,Age,Born,MP,Starts,Min,90s,Gls,Ast,G+A,G-PK,PK,PKatt,CrdY,CrdR,xG,npxG,xAG,npxG+xAG,PrgC,PrgP,PrgR,Gls,Ast,G+A,G-PK,G+A-PK,xG,xAG,xG+xAG,npxG,npxG+xAG
Igor,br BRA,DF,SPAL,21,1998,17,15,1337,14.sept,0,1,1,0,0,0,7,0,0.1,0.1,1.0,01.janv,33,58,19,0.00,0.07,0.07,0.00,0.07,0.01,0.07,0.08,0.01,0.08
Igor,br BRA,DF,Fiorentina,21,1998,9,6,611,06.août,0,0,0,0,0,0,2,0,0.1,0.1,0.0,0.1,12,29,15,0.00,0.00,0.00,0.00,0.00,0.01,0.00,0.01,0.01,0.01
Josip Iličić,si SVN,FW MF,Atalanta,31,1988,26,21,1663,18.mai,15,5,20,15,0,0,1,1,10.févr,10.févr,07.juin,17.août,108,130,195,0.81,0.27,01.août,0.81,01.août,0.55,0.41,0.96,0.55,0.96
Giannelli Imbula,cd COD,MF,Lecce,26,1992,3,1,130,01.avr,0,0,0,0,0,0,0,0,0.0,0.0,0.0,0.0,2,1,0,0.00,0.00,0.00,0.00,0.00,0.00,0.00,0.00,0.00,0.00
Ciro Immobile,it ITA,FW,Lazio,29,1990,37,36,317,35.2,36,9,45,22,14,15,8,0,27.févr,15.mars,06.mars,21.juin,94,96,253,01.févr,0.26,janv.28,0.62,0.88,0.77,0.18,0.95,0.44,0.61
Roberto Inglese,it ITA,FW,Parma,27,1991,17,8,766,08.mai,4,0,4,4,0,1,1,0,05.mars,04.mai,0.3,04.août,9,5,46,0.47,0.00,0.47,0.47,0.47,0.62,0.03,0.65,0.53,0.56
Lorenzo Insigne,it ITA,FW MF,Napoli,28,1991,37,34,281,31.2,8,6,14,3,5,5,1,0,12.mai,08.juin,07.mars,15.sept,146,156,349,0.26,0.19,0.45,0.10,0.29,0.40,0.23,0.64,0.28,0.51
Artur Ioniță,md MDA,MF,Cagliari,28,1990,34,21,1897,21.janv,0,2,2,0,0,0,6,0,01.mars,01.mars,1.0,02.mars,32,53,50,0.00,0.09,0.09,0.00,0.09,0.06,0.05,0.11,0.06,0.11
Jakub Iskra,pl POL,DF,SPAL,16,2002,2,0,78,0.9,0,0,0,0,0,0,0,0,0.1,0.1,0.0,0.1,4,2,2,0.00,0.00,0.00,0.00,0.00,0.09,0.00,0.09,0.09,0.09
Armando Izzo,it ITA,DF,Torino,27,1992,31,30,2686,29.août,1,0,1,1,0,0,7,2,01.juil,01.juil,01.mai,03.mars,34,111,28,0.03,0.00,0.03,0.03,0.03,0.06,0.05,0.11,0.06,0.11
Filip Jagiełło,pl POL,MF,Genoa,21,1997,11,6,553,06.janv,0,2,2,0,0,0,0,0,0.3,0.3,0.8,01.janv,15,24,21,0.00,0.33,0.33,0.00,0.33,0.05,0.14,0.18,0.05,0.18
Mato Jajalo,ba BIH,MF,Udinese,31,1988,26,19,1649,18.mars,0,0,0,0,0,0,8,1,0.4,0.4,0.5,1.0,28,91,21,0.00,0.00,0.00,0.00,0.00,0.02,0.03,0.05,0.02,0.05
Marko Janković,me MNE,FW DF,SPAL,24,1995,6,1,115,01.mars,0,0,0,0,0,0,1,0,0.1,0.1,0.1,0.2,4,4,16,0.00,0.00,0.00,0.00,0.00,0.05,0.09,0.14,0.05,0.14
Jakub Jankto,cz CZE,MF FW,Sampdoria,23,1996,30,25,2095,23.mars,2,4,6,2,0,0,8,0,02.mai,02.mai,03.juil,06.févr,49,65,140,0.09,0.17,0.26,0.09,0.26,0.11,0.16,0.27,0.11,0.27
Juan Jesus,br BRA,DF,Roma,28,1991,4,1,139,01.mai,0,0,0,0,0,0,2,0,0.0,0.0,0.0,0.0,0,3,0,0.00,0.00,0.00,0.00,0.00,0.00,0.00,0.00,0.00,0.00
Jony,es ESP,DF FW,Lazio,28,1991,24,14,1177,13.janv,0,1,1,0,0,0,4,0,0.3,0.3,01.août,02.févr,33,28,110,0.00,0.08,0.08,0.00,0.08,0.03,0.14,0.17,0.03,0.17
Jesse Joronen,fi FIN,GK,Brescia,26,1993,29,29,261,29.0,0,0,0,0,0,0,1,0,0.0,0.0,0.0,0.0,0,0,0,0.00,0.00,0.00,0.00,0.00,0.00,0.00,0.00,0.00,0.00
Hamed Junior Traorè,ci CIV,MF FW,Sassuolo,19,2000,31,20,157,17.avr,4,1,5,4,0,0,3,0,05.févr,05.févr,01.sept,07.janv,67,89,110,0.23,0.06,0.29,0.23,0.29,0.30,0.11,0.41,0.30,0.41
Musa Juwara,gm GAM,FW MF,Bologna,17,2001,7,1,153,01.juil,1,0,1,1,0,0,1,0,0.3,0.3,0.2,0.4,17,9,20,0.59,0.00,0.59,0.59,0.59,0.16,0.09,0.25,0.16,0.25
Nikola Kalinić,hr CRO,FW,Roma,31,1988,15,6,571,06.mars,5,1,6,5,0,0,1,0,05.juil,05.juil,0.6,06.mars,4,13,42,0.79,0.16,0.95,0.79,0.95,0.90,0.09,0.99,0.90,0.99
Yann Karamoh,fr FRA,FW MF,Parma,21,1998,14,5,573,06.avr,1,1,2,1,0,0,0,0,0.6,0.6,01.févr,01.août,13,15,35,0.16,0.16,0.31,0.16,0.31,0.10,0.19,0.29,0.10,0.29
Franck Kessié,ci CIV,MF,Milan,22,1996,35,33,2904,32.3,4,1,5,2,2,2,3,0,04.juin,3.0,02.juin,05.juin,52,173,84,0.12,0.03,0.15,0.06,0.09,0.14,0.08,0.22,0.09,0.17
Sami Khedira,de GER,MF,Juventus,32,1987,12,9,681,07.juin,0,1,1,0,0,0,3,0,01.févr,01.févr,0.8,2.0,6,23,42,0.00,0.13,0.13,0.00,0.13,0.16,0.10,0.27,0.16,0.27
Simon Kjær,dk DEN,DF,Atalanta,30,1989,5,3,292,03.févr,0,0,0,0,0,0,2,0,0.1,0.1,0.0,0.1,0,2,0,0.00,0.00,0.00,0.00,0.00,0.02,0.00,0.02,0.02,0.02
Simon Kjær,dk DEN,DF,Milan,30,1989,15,15,124,13.août,0,0,0,0,0,0,2,0,0.5,0.5,0.0,0.5,0,35,0,0.00,0.00,0.00,0.00,0.00,0.04,0.00,0.04,0.04,0.04
Player,Nation,Pos,Squad,Age,Born,MP,Starts,Min,90s,Gls,Ast,G+A,G-PK,PK,PKatt,CrdY,CrdR,xG,npxG,xAG,npxG+xAG,PrgC,PrgP,PrgR,Gls,Ast,G+A,G-PK,G+A-PK,xG,xAG,xG+xAG,npxG,npxG+xAG
Ragnar Klavan,ee EST,DF,Cagliari,33,1985,31,26,2354,26.févr,0,0,0,0,0,0,4,0,0.2,0.2,01.janv,01.mars,16,77,2,0.00,0.00,0.00,0.00,0.00,0.01,0.04,0.05,0.01,0.05
Justin Kluivert,nl NED,FW,Roma,20,1999,22,19,1514,16.août,4,1,5,4,0,0,6,1,02.mai,02.mai,1.0,03.mai,56,49,104,0.24,0.06,0.30,0.24,0.30,0.15,0.06,0.21,0.15,0.21
Aleksandar Kolarov,rs SRB,DF,Roma,33,1985,32,30,2732,30.avr,7,3,10,5,2,4,6,0,06.juil,03.mai,05.janv,08.juil,86,111,193,0.23,0.10,0.33,0.16,0.26,0.22,0.17,0.39,0.12,0.29
Christian Kouamé,ci CIV,FW MF,Fiorentina,21,1997,7,3,301,03.mars,1,1,2,1,0,0,0,0,01.janv,01.janv,0.2,01.mars,7,7,22,0.30,0.30,0.60,0.30,0.60,0.32,0.06,0.37,0.32,0.37
Christian Kouamé,ci CIV,FW,Genoa,21,1997,11,10,915,10.févr,5,2,7,5,0,0,1,0,01.août,01.août,1.0,02.août,13,26,76,0.49,0.20,0.69,0.49,0.69,0.17,0.10,0.28,0.17,0.28
Kalidou Koulibaly,sn SEN,DF,Napoli,28,1991,25,24,2105,23.avr,0,0,0,0,0,0,7,1,0.8,0.8,0.5,01.mars,38,132,10,0.00,0.00,0.00,0.00,0.00,0.03,0.02,0.06,0.03,0.06
Ladislav Krejčí,cz CZE,DF,Bologna,27,1992,14,11,1051,11.juil,1,0,1,1,0,0,1,0,0.5,0.5,01.avr,2.0,35,74,42,0.09,0.00,0.09,0.09,0.09,0.05,0.12,0.17,0.05,0.17
Rade Krunić,ba BIH,MF FW,Milan,25,1993,15,4,537,6.0,0,1,1,0,0,0,3,0,0.5,0.5,1.0,01.mai,11,31,22,0.00,0.17,0.17,0.00,0.17,0.08,0.18,0.26,0.08,0.26
Juraj Kucka,sk SVK,MF FW,Parma,32,1987,26,22,1932,21.mai,6,3,9,4,2,2,5,1,04.août,03.mars,02.sept,06.janv,27,63,91,0.28,0.14,0.42,0.19,0.33,0.23,0.13,0.36,0.15,0.29
Dejan Kulusevski,se SWE,FW MF,Parma,19,2000,36,33,293,32.6,10,8,18,9,1,1,3,0,06.juil,05.sept,08.juin,14.mai,164,128,237,0.31,0.25,0.55,0.28,0.52,0.20,0.27,0.47,0.18,0.45
Marash Kumbulla,al ALB,DF,Hellas Verona,19,2000,25,25,195,21.juil,1,0,1,1,0,0,7,1,01.juil,01.juil,0.1,01.août,10,58,14,0.05,0.00,0.05,0.05,0.05,0.08,0.00,0.08,0.08,0.08
Jasmin Kurtić,si SVN,MF,SPAL,30,1989,16,16,1409,15.juil,2,0,2,2,0,0,5,0,02.avr,02.avr,02.avr,04.août,62,74,87,0.13,0.00,0.13,0.13,0.13,0.15,0.15,0.30,0.15,0.30
Jasmin Kurtić,si SVN,MF FW,Parma,30,1989,20,18,1664,18.mai,2,1,3,2,0,0,5,0,0.7,0.7,02.janv,02.août,42,73,65,0.11,0.05,0.16,0.11,0.16,0.04,0.11,0.15,0.04,0.15
Giorgos Kyriakopoulos,gr GRE,DF,Sassuolo,23,1996,26,17,1643,18.mars,0,1,1,0,0,0,4,0,0.8,0.8,0.5,01.mars,66,76,81,0.00,0.05,0.05,0.00,0.05,0.04,0.03,0.07,0.04,0.07
Antonino La Gumina,it ITA,FW,Sampdoria,23,1996,5,2,186,02.janv,0,0,0,0,0,0,0,0,0.2,0.2,0.1,0.3,2,0,15,0.00,0.00,0.00,0.00,0.00,0.11,0.04,0.15,0.11,0.15
Andrea La Mantia,it ITA,FW,Lecce,28,1991,12,6,553,06.janv,2,0,2,2,0,0,1,0,03.sept,03.sept,0.3,04.févr,3,10,26,0.33,0.00,0.33,0.33,0.33,0.63,0.05,0.69,0.63,0.69
Riccardo Ladinetti,it ITA,MF,Cagliari,18,2000,3,1,127,01.avr,0,0,0,0,0,0,0,0,0.0,0.0,0.1,0.1,1,3,0,0.00,0.00,0.00,0.00,0.00,0.00,0.08,0.08,0.00,0.08
Gianluca Lapadula,pe PER,FW,Lecce,29,1990,25,20,1784,19.août,11,0,11,9,2,2,8,1,09.août,08.févr,01.mai,09.août,19,22,126,0.55,0.00,0.55,0.45,0.45,0.50,0.08,0.57,0.42,0.49
Danilo Larangeira,br BRA,DF,Bologna,35,1984,30,30,2638,29.mars,2,0,2,2,0,0,11,1,0.9,0.9,0.2,01.janv,14,101,1,0.07,0.00,0.07,0.07,0.07,0.03,0.01,0.04,0.03,0.04
Kevin Lasagna,it ITA,FW,Udinese,26,1992,36,28,2569,28.mai,10,1,11,10,0,0,1,0,10.juin,10.juin,02.mai,13.janv,66,38,139,0.35,0.04,0.39,0.35,0.39,0.37,0.09,0.46,0.37,0.46
Vincent Laurini,fr FRA,DF,Parma,30,1989,15,10,884,09.août,0,2,2,0,0,0,4,0,0.0,0.0,0.5,0.5,12,44,18,0.00,0.20,0.20,0.00,0.20,0.00,0.05,0.05,0.00,0.05
Diego Laxalt,uy URU,DF MF,Torino,26,1993,16,4,596,06.juin,0,1,1,0,0,0,3,0,0.4,0.4,0.3,0.7,21,24,28,0.00,0.15,0.15,0.00,0.15,0.06,0.05,0.10,0.06,0.10
Diego Laxalt,uy URU,DF,Milan,26,1993,4,1,172,01.sept,0,0,0,0,0,0,1,0,0.0,0.0,0.1,0.1,10,11,15,0.00,0.00,0.00,0.00,0.00,0.01,0.04,0.06,0.01,0.06
Valentino Lazaro,at AUT,DF,Inter,23,1996,6,3,323,03.juin,0,1,1,0,0,0,2,0,0.1,0.1,01.avr,01.mai,11,14,32,0.00,0.28,0.28,0.00,0.28,0.03,0.39,0.42,0.03,0.42
Darko Lazović,rs SRB,DF,Hellas Verona,28,1990,38,37,3239,36.0,3,7,10,3,0,0,4,0,02.mars,02.mars,08.mai,10.juil,143,172,321,0.08,0.19,0.28,0.08,0.28,0.06,0.24,0.30,0.06,0.30
Player,Nation,Pos,Squad,Age,Born,MP,Starts,Min,90s,Gls,Ast,G+A,G-PK,PK,PKatt,CrdY,CrdR,xG,npxG,xAG,npxG+xAG,PrgC,PrgP,PrgR,Gls,Ast,G+A,G-PK,G+A-PK,xG,xAG,xG+xAG,npxG,npxG+xAG
Manuel Lazzari,it ITA,DF,Lazio,25,1993,32,29,2548,28.mars,0,3,3,0,0,0,6,0,01.mars,01.mars,03.févr,04.mai,140,39,267,0.00,0.11,0.11,0.00,0.11,0.05,0.11,0.16,0.05,0.16
Rafael Leão,pt POR,FW,Milan,20,1999,31,12,1404,15.juin,6,1,7,6,0,0,0,0,04.mars,04.mars,02.juin,06.sept,66,39,150,0.38,0.06,0.45,0.38,0.45,0.28,0.17,0.44,0.28,0.44
Lucas Leiva,br BRA,MF,Lazio,32,1987,25,23,1808,20.janv,0,1,1,0,0,0,10,1,0.5,0.5,01.juil,02.févr,18,124,10,0.00,0.05,0.05,0.00,0.05,0.02,0.08,0.11,0.02,0.11
Lukas Lerager,dk DEN,MF,Genoa,26,1993,21,15,1387,15.avr,1,1,2,1,0,0,5,0,0.8,0.8,01.mai,02.mars,6,56,62,0.06,0.06,0.13,0.06,0.13,0.05,0.10,0.15,0.05,0.15
Mehdi Léris,dz ALG,MF FW,Sampdoria,21,1998,15,3,509,05.juil,1,1,2,1,0,0,0,0,0.6,0.5,0.7,01.févr,11,23,54,0.18,0.18,0.35,0.18,0.35,0.10,0.13,0.23,0.09,0.22
Karlo Letica,hr CRO,GK,SPAL,22,1997,10,10,900,10.0,0,0,0,0,0,0,1,0,0.0,0.0,0.1,0.1,0,0,0,0.00,0.00,0.00,0.00,0.00,0.00,0.01,0.01,0.00,0.01
Matthijs de Ligt,nl NED,DF,Juventus,19,1999,29,26,245,27.févr,4,0,4,4,0,0,5,0,02.avr,02.avr,0.2,02.juin,10,88,2,0.15,0.00,0.15,0.15,0.15,0.09,0.01,0.10,0.09,0.10
Anderson Lima,br BRA,MF DF,Lazio,19,1999,6,0,62,0.7,0,0,0,0,0,0,0,0,0.2,0.2,0.2,0.5,1,3,4,0.00,0.00,0.00,0.00,0.00,0.33,0.36,0.69,0.33,0.69
Karol Linetty,pl POL,MF,Sampdoria,24,1995,28,22,2019,22.avr,4,3,7,4,0,0,4,0,01.août,01.août,02.févr,4.0,59,84,103,0.18,0.13,0.31,0.18,0.31,0.08,0.10,0.18,0.08,0.18
Pol Lirola,es ESP,DF,Fiorentina,21,1997,35,30,2648,29.avr,0,2,2,0,0,0,4,0,01.mai,01.mai,03.févr,04.juil,98,104,169,0.00,0.07,0.07,0.00,0.07,0.05,0.11,0.16,0.05,0.16
Fernando Llorente,es ESP,FW,Napoli,34,1985,17,3,501,05.juin,3,1,4,3,0,0,1,0,04.août,04.août,0.8,05.juin,5,7,51,0.54,0.18,0.72,0.54,0.72,0.85,0.15,1.00,0.85,1.00
Stanislav Lobotka,sk SVK,MF,Napoli,24,1994,14,9,752,08.avr,0,0,0,0,0,0,0,0,0.1,0.1,0.2,0.3,13,42,8,0.00,0.00,0.00,0.00,0.00,0.01,0.02,0.04,0.01,0.04
Manuel Locatelli,it ITA,MF,Sassuolo,21,1998,33,31,2586,28.juil,0,5,5,0,0,0,9,0,01.mai,01.mai,04.juin,06.janv,63,229,57,0.00,0.17,0.17,0.00,0.17,0.05,0.16,0.21,0.05,0.21
Pau López,es ESP,GK,Roma,24,1994,32,32,288,32.0,0,0,0,0,0,0,3,0,0.0,0.0,0.0,0.0,0,1,0,0.00,0.00,0.00,0.00,0.00,0.00,0.00,0.00,0.00,0.00
Matteo Lovato,it ITA,DF,Hellas Verona,19,2000,1,0,9,0.1,0,0,0,0,0,0,0,0,0.0,0.0,0.0,0.0,0,0,0,0.00,0.00,0.00,0.00,0.00,0.00,0.00,0.00,0.00,0.00
Hirving Lozano,mx MEX,FW MF,Napoli,24,1995,26,10,1025,11.avr,4,1,5,4,0,0,3,0,04.févr,04.févr,2.0,06.janv,60,23,146,0.35,0.09,0.44,0.35,0.44,0.37,0.17,0.54,0.37,0.54
Fabio Lucioni,it ITA,DF,Lecce,31,1987,36,36,3132,34.8,3,0,3,3,0,0,8,1,01.juil,01.juil,0.1,01.août,7,82,3,0.09,0.00,0.09,0.09,0.09,0.05,0.00,0.05,0.05,0.05
José Luis Palomino,ar ARG,DF,Atalanta,29,1990,30,28,248,27.juin,2,1,3,2,0,0,5,0,03.févr,03.févr,01.avr,04.juin,9,77,8,0.07,0.04,0.11,0.07,0.11,0.12,0.05,0.17,0.12,0.17
Jordan Lukaku,be BEL,DF,Lazio,25,1994,13,1,396,04.avr,0,2,2,0,0,0,2,0,0.1,0.1,0.5,0.6,20,8,37,0.00,0.45,0.45,0.00,0.45,0.02,0.12,0.14,0.02,0.14
Romelu Lukaku,be BEL,FW,Inter,26,1993,36,33,2979,33.1,23,2,25,17,6,6,2,0,19.0,14.mars,04.mai,18.août,48,76,289,0.69,0.06,0.76,0.51,0.57,0.57,0.14,0.71,0.43,0.57
Saša Lukić,rs SRB,MF,Torino,22,1996,30,20,1861,20.juil,1,1,2,1,0,0,5,1,01.janv,01.janv,0.5,01.juin,55,91,42,0.05,0.05,0.10,0.05,0.10,0.05,0.02,0.08,0.05,0.08
Senad Lulić,ba BIH,DF,Lazio,33,1986,20,20,1573,17.mai,0,2,2,0,0,0,6,0,01.févr,01.févr,01.juil,3.0,66,48,108,0.00,0.11,0.11,0.00,0.11,0.07,0.10,0.17,0.07,0.17
Sebastiano Luperto,it ITA,DF,Napoli,22,1996,9,5,529,05.sept,0,0,0,0,0,0,2,0,0.0,0.0,0.1,0.1,13,31,3,0.00,0.00,0.00,0.00,0.00,0.00,0.01,0.01,0.00,0.01
Lyanco,br BRA,DF,Torino,22,1997,17,15,1176,13.janv,0,0,0,0,0,0,5,0,0.1,0.1,0.2,0.3,11,44,2,0.00,0.00,0.00,0.00,0.00,0.01,0.01,0.02,0.01,0.02
Charalampos Lykogiannis,gr GRE,DF,Cagliari,25,1993,20,14,1338,14.sept,0,1,1,0,0,0,4,0,0.6,0.6,01.janv,01.juil,19,41,37,0.00,0.07,0.07,0.00,0.07,0.04,0.08,0.12,0.04,0.12
Player,Nation,Pos,Squad,Age,Born,MP,Starts,Min,90s,Gls,Ast,G+A,G-PK,PK,PKatt,CrdY,CrdR,xG,npxG,xAG,npxG+xAG,PrgC,PrgP,PrgR,Gls,Ast,G+A,G-PK,G+A-PK,xG,xAG,xG+xAG,npxG,npxG+xAG
Francesco Magnanelli,it ITA,MF,Sassuolo,34,1984,22,15,1397,15.mai,0,0,0,0,0,0,5,0,0.3,0.3,0.4,0.7,15,95,12,0.00,0.00,0.00,0.00,0.00,0.02,0.03,0.05,0.02,0.05
Giangiacomo Magnani,it ITA,DF,Brescia,23,1995,2,1,115,01.mars,0,0,0,0,0,0,2,0,0.2,0.2,0.0,0.2,0,0,1,0.00,0.00,0.00,0.00,0.00,0.12,0.00,0.12,0.12,0.12
Giangiacomo Magnani,it ITA,DF,Sassuolo,23,1995,8,1,145,01.juin,1,0,1,1,0,0,1,0,0.8,0.8,0.1,0.9,0,4,0,0.62,0.00,0.62,0.62,0.62,0.48,0.07,0.55,0.48,0.55
Žan Majer,si SVN,MF,Lecce,27,1992,27,19,1664,18.mai,1,1,2,1,0,0,7,0,01.août,01.août,01.mai,03.mars,39,68,51,0.05,0.05,0.11,0.05,0.11,0.10,0.08,0.18,0.10,0.18
Nikola Maksimović,rs SRB,DF,Napoli,27,1991,22,20,1799,20.0,1,1,2,1,0,0,3,1,0.4,0.4,0.5,0.9,13,61,9,0.05,0.05,0.10,0.05,0.10,0.02,0.03,0.05,0.02,0.05
Kévin Malcuit,ma MAR,DF,Napoli,28,1991,4,3,256,02.août,0,0,0,0,0,0,0,0,0.1,0.1,0.3,0.4,12,7,18,0.00,0.00,0.00,0.00,0.00,0.02,0.11,0.13,0.02,0.13
Daniel Maldini,it ITA,FW MF,Milan,17,2001,2,0,27,0.3,0,0,0,0,0,0,0,0,0.0,0.0,0.0,0.0,2,1,1,0.00,0.00,0.00,0.00,0.00,0.00,0.00,0.00,0.00,0.00
Ruslan Malinovskyi,ua UKR,MF FW,Atalanta,26,1993,34,12,1535,17.janv,8,3,11,8,0,1,7,1,04.avr,03.juin,5.0,08.juin,66,124,108,0.47,0.18,0.64,0.47,0.64,0.26,0.29,0.55,0.21,0.50
Gianluca Mancini,it ITA,DF MF,Roma,23,1996,32,31,274,30.avr,1,0,1,1,0,0,16,1,02.juin,02.juin,0.8,03.avr,19,114,14,0.03,0.00,0.03,0.03,0.03,0.09,0.03,0.11,0.09,0.11
Marco Mancosu,it ITA,MF FW,Lecce,30,1988,33,28,244,27.janv,14,2,16,5,9,11,3,0,15.mai,06.sept,02.sept,09.août,61,95,148,0.52,0.07,0.59,0.18,0.26,0.57,0.11,0.68,0.25,0.36
Rolando Mandragora,it ITA,MF,Udinese,22,1997,26,24,205,22.août,0,2,2,0,0,0,2,0,03.juin,03.juin,03.juin,07.févr,12,93,61,0.00,0.09,0.09,0.00,0.09,0.16,0.16,0.32,0.16,0.32
Massimiliano Mangraviti,it ITA,DF,Brescia,21,1998,13,11,972,10.août,0,0,0,0,0,0,2,0,0.3,0.3,0.1,0.4,6,39,4,0.00,0.00,0.00,0.00,0.00,0.03,0.01,0.04,0.03,0.04
Kostas Manolas,gr GRE,DF,Napoli,28,1991,26,25,2176,24.févr,4,0,4,4,0,0,2,0,01.juin,01.juin,0.1,01.juil,7,66,1,0.17,0.00,0.17,0.17,0.17,0.07,0.00,0.07,0.07,0.07
Giacomo Manzari,it ITA,FW MF,Sassuolo,18,2000,3,0,16,0.2,0,0,0,0,0,0,0,0,0.0,0.0,0.0,0.0,1,1,1,0.00,0.00,0.00,0.00,0.00,0.00,0.00,0.00,0.00,0.00
Gian Marco Ferrari,it ITA,DF,Sassuolo,27,1992,23,21,1897,21.janv,0,1,1,0,0,0,5,0,01.mars,01.mars,1.0,02.mars,12,89,5,0.00,0.05,0.05,0.00,0.05,0.06,0.05,0.11,0.06,0.11
Federico Marigosu,it ITA,MF,Cagliari,18,2001,2,0,24,0.3,0,0,0,0,0,0,0,0,0.0,0.0,0.0,0.0,1,0,2,0.00,0.00,0.00,0.00,0.00,0.00,0.00,0.00,0.00,0.00
Marlon,br BRA,DF,Sassuolo,23,1995,23,21,1818,20.févr,0,0,0,0,0,0,8,0,0.7,0.7,0.6,01.mars,8,79,1,0.00,0.00,0.00,0.00,0.00,0.04,0.03,0.06,0.04,0.06
Gonzalo Maroni,ar ARG,MF FW,Sampdoria,20,1999,5,1,181,2.0,0,1,1,0,0,1,0,0,1.0,0.2,0.6,0.8,12,14,11,0.00,0.50,0.50,0.00,0.50,0.49,0.29,0.78,0.09,0.39
Bruno Martella,it ITA,DF,Brescia,26,1992,24,13,127,14.janv,0,0,0,0,0,0,3,0,0.3,0.3,01.mai,01.sept,32,54,54,0.00,0.00,0.00,0.00,0.00,0.02,0.11,0.13,0.02,0.13
Lautaro Martínez,ar ARG,FW,Inter,21,1997,35,29,2452,27.févr,14,3,17,12,2,3,8,1,14.juin,12.mars,02.mai,14.août,59,59,222,0.51,0.11,0.62,0.44,0.55,0.54,0.09,0.63,0.45,0.54
Adam Marušić,me MNE,DF,Lazio,26,1992,15,10,942,10.mai,2,1,3,2,0,0,3,0,01.sept,01.sept,0.6,02.avr,11,9,64,0.19,0.10,0.29,0.19,0.29,0.18,0.05,0.23,0.18,0.23
Andrea Masiello,it ITA,DF,Genoa,33,1986,15,15,1324,14.juil,0,1,1,0,0,0,4,0,0.3,0.3,0.5,0.8,21,89,23,0.00,0.07,0.07,0.00,0.07,0.02,0.03,0.05,0.02,0.05
Andrea Masiello,it ITA,DF,Atalanta,33,1986,7,7,543,6.0,0,0,0,0,0,0,1,0,0.0,0.0,0.1,0.1,2,15,7,0.00,0.00,0.00,0.00,0.00,0.00,0.02,0.02,0.00,0.02
Aleš Matějů,cz CZE,DF,Brescia,23,1996,31,28,2548,28.mars,0,1,1,0,0,0,10,1,0.4,0.4,0.9,01.mars,25,80,30,0.00,0.04,0.04,0.00,0.04,0.01,0.03,0.05,0.01,0.05
Alessandro Matri,it ITA,FW MF,Brescia,34,1984,8,0,89,1.0,0,0,0,0,0,0,1,1,0.4,0.4,0.3,0.6,1,6,11,0.00,0.00,0.00,0.00,0.00,0.36,0.26,0.62,0.36,0.62
Player,Nation,Pos,Squad,Age,Born,MP,Starts,Min,90s,Gls,Ast,G+A,G-PK,PK,PKatt,CrdY,CrdR,xG,npxG,xAG,npxG+xAG,PrgC,PrgP,PrgR,Gls,Ast,G+A,G-PK,G+A-PK,xG,xAG,xG+xAG,npxG,npxG+xAG
Federico Mattiello,it ITA,DF,Cagliari,24,1995,18,9,930,10.mars,0,1,1,0,0,0,3,0,0.2,0.2,01.janv,01.mars,34,22,53,0.00,0.10,0.10,0.00,0.10,0.02,0.10,0.13,0.02,0.13
Blaise Matuidi,fr FRA,MF,Juventus,32,1987,35,23,2237,24.sept,0,2,2,0,0,0,2,0,0.9,0.9,01.juin,02.mai,22,95,118,0.00,0.08,0.08,0.00,0.08,0.04,0.07,0.10,0.04,0.10
Luca Mazzitelli,it ITA,MF,Sassuolo,23,1995,1,0,12,0.1,0,0,0,0,0,0,0,0,0.0,0.0,0.0,0.0,0,2,1,0.00,0.00,0.00,0.00,0.00,0.00,0.00,0.00,0.00,0.00
Ibrahima Mbaye,sn SEN,DF,Bologna,24,1994,20,16,1507,16.juil,0,3,3,0,0,0,5,0,0.7,0.7,01.janv,01.août,22,68,27,0.00,0.18,0.18,0.00,0.18,0.04,0.06,0.11,0.04,0.11
Biagio Meccariello,it ITA,DF,Lecce,28,1991,14,8,768,08.mai,1,0,1,1,0,0,2,0,0.4,0.4,0.2,0.5,9,18,11,0.12,0.00,0.12,0.12,0.12,0.05,0.02,0.06,0.05,0.06
Gary Medel,cl CHI,MF,Bologna,31,1987,23,22,1784,19.août,0,0,0,0,0,0,10,1,0.2,0.2,0.3,0.5,19,102,11,0.00,0.00,0.00,0.00,0.00,0.01,0.01,0.02,0.01,0.02
Soualiho Meïté,fr FRA,MF,Torino,25,1994,33,23,2201,24.mai,0,2,2,0,0,0,5,0,01.févr,01.févr,01.juil,02.sept,59,113,40,0.00,0.08,0.08,0.00,0.08,0.05,0.07,0.12,0.05,0.12
Alex Meret,it ITA,GK,Napoli,22,1997,22,21,1951,21.juil,0,0,0,0,0,0,0,0,0.0,0.0,0.0,0.0,0,0,0,0.00,0.00,0.00,0.00,0.00,0.00,0.00,0.00,0.00,0.00
Yıldırım Mert Çetin,tr TUR,DF,Roma,22,1997,6,2,257,02.sept,0,0,0,0,0,0,4,1,0.2,0.2,0.0,0.2,2,1,0,0.00,0.00,0.00,0.00,0.00,0.07,0.00,0.07,0.07,0.07
Dries Mertens,be BEL,FW,Napoli,32,1987,31,18,1689,18.août,9,7,16,9,0,0,5,0,6.0,6.0,05.juil,11.juil,56,79,174,0.48,0.37,0.85,0.48,0.85,0.32,0.31,0.62,0.32,0.62
Kingsley Michael,ng NGA,MF,Bologna,19,1999,1,1,76,0.8,0,0,0,0,0,0,0,0,0.0,0.0,0.1,0.1,1,8,2,0.00,0.00,0.00,0.00,0.00,0.00,0.11,0.11,0.00,0.11
Nikola Milenković,rs SRB,DF,Fiorentina,21,1997,37,36,3258,36.2,5,0,5,5,0,0,9,0,02.juin,02.juin,0.3,02.sept,44,144,7,0.14,0.00,0.14,0.14,0.14,0.07,0.01,0.08,0.07,0.08
Arkadiusz Milik,pl POL,FW,Napoli,25,1994,26,19,1747,19.avr,11,0,11,11,0,0,5,0,09.août,09.août,01.mai,11.mars,14,35,121,0.57,0.00,0.57,0.57,0.57,0.50,0.08,0.58,0.50,0.58
Sergej Milinković-Savić,rs SRB,MF,Lazio,24,1995,37,35,3029,33.7,7,4,11,7,0,0,9,0,06.juin,06.juin,04.juil,11.mars,58,194,144,0.21,0.12,0.33,0.21,0.33,0.20,0.14,0.34,0.20,0.34
Vincenzo Millico,it ITA,MF FW,Torino,18,2000,11,0,216,02.avr,0,0,0,0,0,0,0,0,0.2,0.2,0.2,0.4,15,4,28,0.00,0.00,0.00,0.00,0.00,0.07,0.07,0.15,0.07,0.15
Antonio Mirante,it ITA,GK,Roma,36,1983,5,5,450,5.0,0,0,0,0,0,0,0,0,0.0,0.0,0.0,0.0,0,0,0,0.00,0.00,0.00,0.00,0.00,0.00,0.00,0.00,0.00,0.00
Simone Missiroli,it ITA,MF,SPAL,33,1986,34,31,2798,31.janv,1,0,1,1,0,0,7,0,0.7,0.7,01.févr,01.sept,31,153,32,0.03,0.00,0.03,0.03,0.03,0.02,0.04,0.06,0.02,0.06
Henrikh Mkhitaryan,am ARM,MF FW,Roma,30,1989,22,16,153,17.0,9,5,14,9,0,0,5,0,05.juil,05.juil,3.0,08.juil,59,93,96,0.53,0.29,0.82,0.53,0.82,0.34,0.17,0.51,0.34,0.51
Gabriele Moncini,it ITA,FW MF,SPAL,23,1996,4,2,154,01.juil,0,0,0,0,0,0,0,0,0.6,0.6,0.0,0.7,0,0,3,0.00,0.00,0.00,0.00,0.00,0.35,0.03,0.38,0.35,0.38
Ilario Monterisi,it ITA,DF,Lecce,17,2001,1,0,3,0.0,0,0,0,0,0,0,0,0,0.0,0.0,0.0,0.0,0,0,0,0.00,0.00,0.00,0.00,0.00,0.00,0.00,0.00,0.00,0.00
Raúl Moro,es ESP,FW,Lazio,16,2002,1,0,2,0.0,0,0,0,0,0,0,0,0,0.0,0.0,0.0,0.0,0,0,0,0.00,0.00,0.00,0.00,0.00,0.00,0.00,0.00,0.00,0.00
Leonardo Morosini,it ITA,FW DF,Brescia,23,1995,3,0,26,0.3,0,0,0,0,0,0,0,0,0.0,0.0,0.0,0.0,2,0,2,0.00,0.00,0.00,0.00,0.00,0.00,0.00,0.00,0.00,0.00
Victor Moses,ng NGA,DF,Inter,28,1990,12,4,420,04.juil,0,3,3,0,0,0,1,0,0.2,0.2,2.0,02.févr,39,25,61,0.00,0.64,0.64,0.00,0.64,0.05,0.42,0.47,0.05,0.47
Mert Müldür,tr TUR,DF,Sassuolo,20,1999,24,13,1273,14.janv,2,1,3,2,0,0,4,0,1.0,1.0,0.5,01.mai,53,57,67,0.14,0.07,0.21,0.14,0.21,0.07,0.03,0.10,0.07,0.10
Simone Muratore,it ITA,MF,Juventus,21,1998,4,2,165,01.août,0,0,0,0,0,0,0,0,0.1,0.1,0.1,0.2,1,12,6,0.00,0.00,0.00,0.00,0.00,0.05,0.08,0.13,0.05,0.13
Player,Nation,Pos,Squad,Age,Born,MP,Starts,Min,90s,Gls,Ast,G+A,G-PK,PK,PKatt,CrdY,CrdR,xG,npxG,xAG,npxG+xAG,PrgC,PrgP,PrgR,Gls,Ast,G+A,G-PK,G+A-PK,xG,xAG,xG+xAG,npxG,npxG+xAG
Alessandro Murgia,it ITA,MF,SPAL,22,1996,25,19,175,19.avr,0,1,1,0,0,0,3,0,02.avr,02.avr,2.0,04.mai,14,58,55,0.00,0.05,0.05,0.00,0.05,0.12,0.10,0.23,0.12,0.23
Luis Muriel,co COL,FW,Atalanta,28,1991,34,10,126,14.0,18,1,19,12,6,7,1,0,12.juil,07.févr,05.avr,12.juin,67,55,175,janv.29,0.07,janv.36,0.86,0.93,0.91,0.39,janv.30,0.51,0.90
Jeison Murillo,co COL,DF,Sampdoria,27,1992,10,7,666,07.avr,0,0,0,0,0,0,3,1,0.2,0.2,0.1,0.2,2,14,4,0.00,0.00,0.00,0.00,0.00,0.02,0.01,0.03,0.02,0.03
Nicola Murru,it ITA,DF,Sampdoria,24,1994,28,26,2259,25.janv,0,0,0,0,0,0,6,1,0.6,0.6,1.0,01.juin,52,95,82,0.00,0.00,0.00,0.00,0.00,0.03,0.04,0.06,0.03,0.06
Mateo Musacchio,ar ARG,DF,Milan,28,1990,18,17,1466,16.mars,0,0,0,0,0,0,4,1,0.7,0.7,0.5,01.févr,12,71,2,0.00,0.00,0.00,0.00,0.00,0.04,0.03,0.07,0.04,0.07
Juan Musso,ar ARG,GK,Udinese,25,1994,38,38,342,38.0,0,0,0,0,0,0,1,0,0.0,0.0,0.1,0.1,0,0,0,0.00,0.00,0.00,0.00,0.00,0.00,0.00,0.00,0.00,0.00
Radja Nainggolan,be BEL,MF,Cagliari,31,1988,26,25,2071,23.0,6,7,13,6,0,0,5,0,02.sept,02.sept,06.mars,09.févr,62,157,98,0.26,0.30,0.56,0.26,0.56,0.13,0.27,0.40,0.13,0.40
Nahitan Nández,uy URU,MF DF,Cagliari,23,1995,35,32,2898,32.2,2,3,5,2,0,0,14,0,01.juil,01.juil,04.avr,6.0,83,134,189,0.06,0.09,0.16,0.06,0.16,0.05,0.14,0.19,0.05,0.19
Michel Ndary Adopo,fr FRA,DF MF,Torino,19,2000,2,0,4,0.0,0,0,0,0,0,0,0,0,0.0,0.0,0.0,0.0,0,0,1,0.00,0.00,0.00,0.00,0.00,0.00,0.00,0.00,0.00,0.00
Emanuele Ndoj,al ALB,MF,Brescia,22,1996,18,6,555,06.févr,0,0,0,0,0,0,2,0,01.mai,01.mai,0.2,01.juil,20,27,19,0.00,0.00,0.00,0.00,0.00,0.24,0.04,0.28,0.24,0.28
Ilija Nestorovski,mk MKD,FW,Udinese,29,1990,28,15,1251,13.sept,3,1,4,3,0,0,4,0,03.juil,03.juil,01.mars,5.0,12,36,95,0.22,0.07,0.29,0.22,0.29,0.27,0.09,0.36,0.27,0.36
Nicolas Nkoulou,cm CMR,DF,Torino,29,1990,31,30,2692,29.sept,1,0,1,1,0,0,6,1,01.juin,01.juin,0.0,01.juin,2,23,0,0.03,0.00,0.03,0.03,0.03,0.05,0.00,0.05,0.05,0.05
Bram Nuytinck,nl NED,DF,Udinese,29,1990,26,26,2225,24.juil,0,0,0,0,0,0,2,0,0.5,0.5,1.0,01.mai,20,91,5,0.00,0.00,0.00,0.00,0.00,0.02,0.04,0.06,0.02,0.06
Pedro Obiang,gq EQG,MF,Sassuolo,27,1992,25,18,1674,18.juin,1,1,2,1,0,0,10,0,01.juil,01.juil,0.7,02.avr,16,90,25,0.05,0.05,0.11,0.05,0.11,0.09,0.04,0.13,0.09,0.13
Stefano Okaka,it ITA,FW,Udinese,29,1989,33,28,2415,26.août,8,2,10,8,0,0,10,0,07.juil,07.juil,01.sept,09.juil,61,46,168,0.30,0.07,0.37,0.30,0.37,0.29,0.07,0.36,0.29,0.36
Christian Oliva,uy URU,MF,Cagliari,23,1996,11,4,469,05.févr,1,1,2,1,0,0,1,0,0.1,0.1,0.1,0.3,6,36,4,0.19,0.19,0.38,0.19,0.38,0.02,0.03,0.05,0.02,0.05
Maximiliano Olivera,uy URU,MF,Fiorentina,27,1992,1,0,9,0.1,0,0,0,0,0,0,0,0,0.0,0.0,0.0,0.0,1,1,0,0.00,0.00,0.00,0.00,0.00,0.23,0.00,0.23,0.23,0.23
Marco Olivieri,it ITA,FW,Juventus,20,1999,3,0,30,0.3,0,0,0,0,0,0,0,0,0.0,0.0,0.0,0.0,2,0,5,0.00,0.00,0.00,0.00,0.00,0.14,0.00,0.14,0.14,0.14
Robin Olsen,se SWE,GK,Cagliari,29,1990,17,17,1524,16.sept,0,0,0,0,0,0,0,1,0.0,0.0,0.0,0.0,0,0,0,0.00,0.00,0.00,0.00,0.00,0.00,0.00,0.00,0.00,0.00
Nicholas Opoku,gh GHA,DF,Udinese,21,1997,7,6,481,05.mars,0,0,0,0,0,0,3,1,0.1,0.1,0.1,0.2,8,14,6,0.00,0.00,0.00,0.00,0.00,0.02,0.02,0.05,0.02,0.05
Riccardo Orsolini,it ITA,FW MF,Bologna,22,1997,37,32,2681,29.août,8,6,14,8,0,0,3,0,09.juin,09.juin,08.mars,17.sept,88,99,304,0.27,0.20,0.47,0.27,0.47,0.32,0.28,0.60,0.32,0.60
David Ospina,co COL,GK,Napoli,30,1988,17,17,1469,16.mars,0,0,0,0,0,0,0,0,0.0,0.0,0.0,0.0,0,0,1,0.00,0.00,0.00,0.00,0.00,0.00,0.00,0.00,0.00,0.00
Daniele Padelli,it ITA,GK,Inter,33,1985,3,3,270,3.0,0,0,0,0,0,0,0,1,0.0,0.0,0.0,0.0,0,0,0,0.00,0.00,0.00,0.00,0.00,0.00,0.00,0.00,0.00,0.00
Marko Pajač,hr CRO,DF FW,Genoa,26,1993,11,8,759,08.avr,0,0,0,0,0,0,1,0,0.3,0.3,01.juil,2.0,28,14,63,0.00,0.00,0.00,0.00,0.00,0.04,0.20,0.24,0.04,0.24
Rodrigo Palacio,ar ARG,FW,Bologna,37,1982,35,28,2517,28.0,7,3,10,7,0,0,5,0,08.sept,08.sept,04.juin,13.avr,93,91,383,0.25,0.11,0.36,0.25,0.36,0.32,0.16,0.48,0.32,0.48
Player,Nation,Pos,Squad,Age,Born,MP,Starts,Min,90s,Gls,Ast,G+A,G-PK,PK,PKatt,CrdY,CrdR,xG,npxG,xAG,npxG+xAG,PrgC,PrgP,PrgR,Gls,Ast,G+A,G-PK,G+A-PK,xG,xAG,xG+xAG,npxG,npxG+xAG
Alberto Paloschi,it ITA,FW,SPAL,29,1990,10,5,438,04.sept,0,0,0,0,0,0,0,0,01.juil,01.juil,0.4,02.janv,2,1,24,0.00,0.00,0.00,0.00,0.00,0.35,0.08,0.43,0.35,0.43
Alberto Paloschi,it ITA,FW MF,Cagliari,29,1990,7,1,204,02.mars,0,0,0,0,0,0,0,0,0.1,0.1,0.1,0.2,2,1,14,0.00,0.00,0.00,0.00,0.00,0.04,0.04,0.07,0.04,0.07
Martin Palumbo,no NOR,MF,Udinese,17,2002,1,0,1,0.0,0,0,0,0,0,0,0,0,0.0,0.0,0.0,0.0,0,0,0,0.00,0.00,0.00,0.00,0.00,0.00,0.00,0.00,0.00,0.00
Goran Pandev,mk MKD,FW MF,Genoa,36,1983,34,18,1685,18.juil,9,1,10,9,0,0,6,1,05.avr,05.avr,01.août,07.janv,44,80,138,0.48,0.05,0.53,0.48,0.53,0.29,0.09,0.38,0.29,0.38
Andrea Papetti,it ITA,DF,Brescia,17,2002,11,10,917,10.févr,1,0,1,1,0,0,5,0,0.1,0.1,0.0,0.2,8,20,0,0.10,0.00,0.10,0.10,0.10,0.01,0.00,0.02,0.01,0.02
Lucas Paquetá,br BRA,MF FW,Milan,21,1997,24,12,1103,12.mars,0,1,1,0,0,0,7,0,02.janv,02.janv,01.juil,03.août,28,76,74,0.00,0.08,0.08,0.00,0.08,0.17,0.14,0.31,0.17,0.31
Marco Parolo,it ITA,MF,Lazio,34,1985,29,17,17,18.sept,1,0,1,1,0,0,8,0,0.8,0.8,0.4,01.janv,8,82,28,0.05,0.00,0.05,0.05,0.05,0.04,0.02,0.06,0.04,0.06
Mario Pašalić,hr CRO,MF,Atalanta,24,1995,35,30,2417,26.sept,9,5,14,9,0,0,6,0,09.mai,09.mai,03.sept,13.mars,50,176,88,0.34,0.19,0.52,0.34,0.52,0.35,0.14,0.50,0.35,0.50
Javier Pastore,ar ARG,MF,Roma,30,1989,11,5,514,05.juil,0,1,1,0,0,0,0,0,2.0,2.0,0.8,02.juil,25,50,29,0.00,0.18,0.18,0.00,0.18,0.34,0.14,0.48,0.34,0.48
Patric,es ESP,DF,Lazio,26,1993,21,19,167,18.juin,0,0,0,0,0,0,2,1,0.2,0.2,0.2,0.3,16,114,12,0.00,0.00,0.00,0.00,0.00,0.01,0.01,0.02,0.01,0.02
Leonardo Pavoletti,it ITA,FW,Cagliari,30,1988,2,1,45,0.5,0,0,0,0,0,0,0,0,0.1,0.1,0.0,0.1,0,0,5,0.00,0.00,0.00,0.00,0.00,0.13,0.00,0.13,0.13,0.13
Nehuén Paz,ar ARG,DF,Bologna,26,1993,3,1,119,01.mars,0,1,1,0,0,0,1,0,0.2,0.2,0.1,0.2,0,3,0,0.00,0.76,0.76,0.00,0.76,0.12,0.04,0.16,0.12,0.16
Nehuén Paz,ar ARG,DF,Lecce,26,1993,13,10,844,09.avr,0,0,0,0,0,0,4,0,0.2,0.2,0.0,0.2,6,24,1,0.00,0.00,0.00,0.00,0.00,0.02,0.00,0.02,0.02,0.02
Giampaolo Pazzini,it ITA,FW MF,Hellas Verona,34,1984,15,1,307,03.avr,4,0,4,1,3,3,0,0,4.0,01.juil,0.2,01.sept,2,6,20,janv.17,0.00,janv.17,0.29,0.29,janv.18,0.06,janv.24,0.49,0.55
Pedro,br BRA,FW,Fiorentina,22,1997,4,0,63,0.7,0,0,0,0,0,0,0,0,0.4,0.4,0.0,0.4,0,0,7,0.00,0.00,0.00,0.00,0.00,0.56,0.04,0.60,0.56,0.60
João Pedro,it ITA,FW MF,Cagliari,27,1992,36,35,3151,35.0,18,4,22,14,4,6,6,0,13.juil,08.sept,03.févr,12.janv,49,65,196,0.51,0.11,0.63,0.40,0.51,0.39,0.09,0.48,0.26,0.35
Daouda Peeters,be BEL,MF,Juventus,20,1999,1,0,15,0.2,0,0,0,0,0,0,0,0,0.0,0.0,0.0,0.0,0,0,1,0.00,0.00,0.00,0.00,0.00,0.00,0.00,0.00,0.00,0.00
Gianluca Pegolo,it ITA,GK,Sassuolo,38,1981,5,5,450,5.0,0,0,0,0,0,0,0,0,0.0,0.0,0.0,0.0,0,0,0,0.00,0.00,0.00,0.00,0.00,0.00,0.00,0.00,0.00,0.00
Lorenzo Pellegrini,it ITA,MF,Roma,23,1996,27,26,2097,23.mars,1,9,10,1,0,0,8,1,04.avr,04.avr,08.janv,12.mai,95,165,157,0.04,0.39,0.43,0.04,0.43,0.19,0.35,0.54,0.19,0.54
Luca Pellegrini,it ITA,DF,Cagliari,20,1999,24,22,1908,21.févr,0,5,5,0,0,0,10,0,0.8,0.8,02.avr,03.févr,63,62,99,0.00,0.24,0.24,0.00,0.24,0.04,0.12,0.15,0.04,0.15
Federico Peluso,it ITA,DF,Sassuolo,35,1984,23,17,1513,16.août,0,2,2,0,0,0,5,1,0.8,0.8,0.6,01.avr,11,68,21,0.00,0.12,0.12,0.00,0.12,0.04,0.04,0.08,0.04,0.08
Gastón Pereiro,uy URU,MF FW,Cagliari,24,1995,10,4,348,03.sept,1,0,1,1,0,0,3,0,0.6,0.6,0.1,0.7,19,19,21,0.26,0.00,0.26,0.26,0.26,0.16,0.03,0.19,0.16,0.19
Bruno Peres,br BRA,DF,Roma,29,1990,16,12,1056,11.juil,2,2,4,2,0,0,3,0,1.0,1.0,01.juil,02.juil,51,23,83,0.17,0.17,0.34,0.17,0.34,0.09,0.14,0.23,0.09,0.23
Carles Pérez,es ESP,FW MF,Roma,21,1998,14,5,566,06.mars,1,3,4,1,0,0,2,0,01.févr,01.févr,01.mars,02.mai,28,21,39,0.16,0.48,0.64,0.16,0.64,0.18,0.21,0.39,0.18,0.39
Mattia Perin,it ITA,GK,Genoa,26,1992,21,21,189,21.0,0,0,0,0,0,0,1,0,0.0,0.0,0.1,0.1,0,0,0,0.00,0.00,0.00,0.00,0.00,0.00,0.01,0.01,0.00,0.01
Player,Nation,Pos,Squad,Age,Born,MP,Starts,Min,90s,Gls,Ast,G+A,G-PK,PK,PKatt,CrdY,CrdR,xG,npxG,xAG,npxG+xAG,PrgC,PrgP,PrgR,Gls,Ast,G+A,G-PK,G+A-PK,xG,xAG,xG+xAG,npxG,npxG+xAG
Diego Perotti,ar ARG,FW MF,Roma,31,1988,21,10,875,09.juil,5,3,8,1,4,4,3,1,04.févr,01.janv,02.avr,03.mai,74,55,56,0.51,0.31,0.82,0.10,0.41,0.43,0.25,0.68,0.11,0.36
Matteo Pessina,it ITA,MF,Hellas Verona,22,1997,35,27,2489,27.juil,7,0,7,7,0,0,7,0,04.sept,04.sept,01.juil,06.juil,48,171,140,0.25,0.00,0.25,0.25,0.25,0.18,0.06,0.24,0.18,0.24
Andrea Petagna,it ITA,FW,SPAL,24,1995,36,33,3032,33.7,12,1,13,7,5,7,5,0,13.avr,07.sept,03.juin,11.mai,88,82,208,0.36,0.03,0.39,0.21,0.24,0.40,0.11,0.51,0.23,0.34
Jacopo Petriccione,it ITA,MF,Lecce,24,1995,31,24,2138,23.août,0,5,5,0,0,0,10,0,0.5,0.5,02.janv,02.juin,33,150,45,0.00,0.21,0.21,0.00,0.21,0.02,0.09,0.11,0.02,0.11
Germán Pezzella,ar ARG,DF,Fiorentina,28,1991,33,33,283,31.4,3,1,4,3,0,0,12,0,03.janv,03.janv,0.8,03.sept,7,55,5,0.10,0.03,0.13,0.10,0.13,0.10,0.03,0.13,0.10,0.13
Giuseppe Pezzella,it ITA,DF,Udinese,21,1997,1,1,80,0.9,0,0,0,0,0,0,0,0,0.0,0.0,0.0,0.0,5,2,8,0.00,0.00,0.00,0.00,0.00,0.00,0.04,0.04,0.00,0.04
Giuseppe Pezzella,it ITA,DF,Parma,21,1997,22,8,949,10.mai,0,0,0,0,0,0,2,0,0.1,0.1,0.2,0.2,31,29,41,0.00,0.00,0.00,0.00,0.00,0.01,0.02,0.02,0.01,0.02
Krzysztof Piątek,pl POL,FW,Milan,24,1995,18,14,1183,13.janv,4,0,4,1,3,3,1,0,07.mars,04.sept,01.juil,06.juin,16,15,67,0.30,0.00,0.30,0.08,0.08,0.55,0.13,0.68,0.37,0.50
Stefano Piccinini,it ITA,DF,Sassuolo,16,2002,1,0,9,0.1,0,0,0,0,0,0,0,0,0.0,0.0,0.0,0.0,1,1,0,0.00,0.00,0.00,0.00,0.00,0.00,0.46,0.46,0.00,0.46
Roberto Piccoli,it ITA,FW,Atalanta,18,2001,1,0,17,0.2,0,0,0,0,0,0,0,0,0.3,0.3,0.0,0.4,0,0,2,0.00,0.00,0.00,0.00,0.00,janv.83,0.16,janv.99,janv.83,janv.99
Andrea Pinamonti,it ITA,FW,Genoa,20,1999,32,23,2236,24.août,5,1,6,4,1,2,1,0,6.0,04.mars,0.7,5.0,33,37,161,0.20,0.04,0.24,0.16,0.20,0.24,0.03,0.27,0.17,0.20
Simone Pinna,it ITA,DF,Cagliari,21,1997,1,1,90,1.0,0,0,0,0,0,0,1,0,0.0,0.0,0.1,0.1,4,10,4,0.00,0.00,0.00,0.00,0.00,0.00,0.09,0.09,0.00,0.09
Carlo Pinsoglio,it ITA,GK,Juventus,29,1990,1,0,19,0.2,0,0,0,0,0,0,0,0,0.0,0.0,0.0,0.0,0,0,0,0.00,0.00,0.00,0.00,0.00,0.00,0.00,0.00,0.00,0.00
Lorenzo Pirola,it ITA,DF,Inter,17,2002,1,0,12,0.1,0,0,0,0,0,0,0,0,0.0,0.0,0.0,0.0,0,0,0,0.00,0.00,0.00,0.00,0.00,0.00,0.00,0.00,0.00,0.00
Fabio Pisacane,it ITA,DF,Cagliari,33,1986,30,28,2442,27.janv,1,0,1,1,0,0,8,1,0.6,0.6,0.2,0.8,13,50,9,0.04,0.00,0.04,0.04,0.04,0.02,0.01,0.03,0.02,0.03
Miralem Pjanić,ba BIH,MF,Juventus,29,1990,30,28,2277,25.mars,3,6,9,3,0,0,10,0,1.0,1.0,04.avr,05.avr,14,199,16,0.12,0.24,0.36,0.12,0.36,0.04,0.18,0.21,0.04,0.21
Andrea Poli,it ITA,MF,Bologna,29,1989,28,22,1919,21.mars,2,0,2,2,0,0,5,0,2.0,2.0,01.juil,03.juin,19,125,30,0.09,0.00,0.09,0.09,0.09,0.09,0.08,0.17,0.09,0.17
Matteo Politano,it ITA,FW,Napoli,25,1993,15,9,743,08.mars,2,2,4,2,0,0,1,0,01.mai,01.mai,01.mai,3.0,38,30,77,0.24,0.24,0.48,0.24,0.48,0.18,0.18,0.37,0.18,0.37
Matteo Politano,it ITA,FW MF,Inter,25,1993,11,2,259,02.sept,0,0,0,0,0,0,0,0,0.7,0.7,0.7,01.avr,22,3,29,0.00,0.00,0.00,0.00,0.00,0.23,0.26,0.49,0.23,0.49
Erick Pulgar,cl CHI,MF,Fiorentina,25,1994,37,32,295,32.8,7,6,13,0,7,8,9,0,07.juin,01.mars,07.janv,08.avr,19,159,55,0.21,0.18,0.40,0.00,0.18,0.23,0.22,0.45,0.04,0.26
Ignacio Pussetto,ar ARG,FW MF,Udinese,23,1995,12,2,341,03.août,1,0,1,1,0,0,1,0,0.9,0.9,0.3,01.févr,13,14,22,0.26,0.00,0.26,0.26,0.26,0.24,0.08,0.32,0.24,0.32
Fabio Quagliarella,it ITA,FW,Sampdoria,36,1983,28,26,2275,25.mars,11,3,14,6,5,7,2,0,12.sept,07.avr,03.févr,10.juin,21,50,164,0.44,0.12,0.55,0.24,0.36,0.51,0.13,0.64,0.29,0.42
Adrien Rabiot,fr FRA,MF,Juventus,24,1995,28,21,1912,21.févr,1,1,2,1,0,0,7,1,01.mai,01.mai,01.févr,02.juil,56,87,80,0.05,0.05,0.09,0.05,0.09,0.07,0.06,0.13,0.07,0.13
Ivan Radovanović,rs SRB,MF,Genoa,30,1988,19,15,1318,14.juin,0,1,1,0,0,0,3,0,0.9,0.9,0.8,01.juil,9,93,12,0.00,0.07,0.07,0.00,0.07,0.06,0.06,0.12,0.06,0.12
Ionuț Radu,ro ROU,GK,Genoa,22,1997,17,17,153,17.0,0,1,1,0,0,0,1,0,0.0,0.0,0.1,0.1,0,0,0,0.00,0.06,0.06,0.00,0.06,0.00,0.00,0.00,0.00,0.00
Player,Nation,Pos,Squad,Age,Born,MP,Starts,Min,90s,Gls,Ast,G+A,G-PK,PK,PKatt,CrdY,CrdR,xG,npxG,xAG,npxG+xAG,PrgC,PrgP,PrgR,Gls,Ast,G+A,G-PK,G+A-PK,xG,xAG,xG+xAG,npxG,npxG+xAG
Ștefan Radu,ro ROU,DF,Lazio,32,1986,29,28,2306,25.juin,1,0,1,1,0,0,8,0,0.1,0.1,0.7,0.8,40,115,26,0.04,0.00,0.04,0.04,0.04,0.00,0.03,0.03,0.00,0.03
Boris Radunović,rs SRB,GK,Hellas Verona,23,1996,3,3,270,3.0,0,0,0,0,0,0,1,0,0.0,0.0,0.0,0.0,0,0,0,0.00,0.00,0.00,0.00,0.00,0.00,0.00,0.00,0.00,0.00
Rafael,br BRA,GK,Cagliari,37,1982,6,5,454,5.0,0,0,0,0,0,0,0,0,0.0,0.0,0.0,0.0,0,0,0,0.00,0.00,0.00,0.00,0.00,0.00,0.00,0.00,0.00,0.00
Daniele Ragatzu,it ITA,MF FW,Cagliari,27,1991,13,2,313,03.mai,1,0,1,1,0,0,1,0,0.8,0.8,0.4,01.févr,12,16,40,0.29,0.00,0.29,0.29,0.29,0.24,0.12,0.36,0.24,0.36
Gastón Ramírez,uy URU,MF FW,Sampdoria,28,1990,26,19,1392,15.mai,7,2,9,4,3,3,5,0,05.sept,03.mai,03.févr,06.juil,55,76,77,0.45,0.13,0.58,0.26,0.39,0.38,0.21,0.59,0.23,0.43
Aaron Ramsey,wls WAL,MF,Juventus,28,1990,24,11,1051,11.juil,3,1,4,3,0,0,2,0,02.mai,02.mai,01.janv,03.juin,22,58,81,0.26,0.09,0.34,0.26,0.34,0.22,0.09,0.31,0.22,0.31
Luca Ranieri,it ITA,DF,Fiorentina,20,1999,3,2,232,02.juin,0,0,0,0,0,0,2,1,0.1,0.1,0.3,0.5,5,14,3,0.00,0.00,0.00,0.00,0.00,0.05,0.13,0.19,0.05,0.19
Andrea Ranocchia,it ITA,DF,Inter,31,1988,7,5,526,05.août,0,0,0,0,0,0,3,0,0.5,0.5,0.0,0.6,3,11,0,0.00,0.00,0.00,0.00,0.00,0.09,0.01,0.10,0.09,0.10
Giacomo Raspadori,it ITA,MF FW,Sassuolo,19,2000,11,2,264,02.sept,2,0,2,2,0,0,0,0,01.mars,01.mars,0.2,01.mai,7,10,13,0.68,0.00,0.68,0.68,0.68,0.45,0.07,0.53,0.45,0.53
Ante Rebić,hr CRO,FW MF,Milan,25,1993,26,15,1395,15.mai,11,3,14,11,0,0,5,0,06.août,06.août,03.févr,10.0,51,33,159,0.71,0.19,0.90,0.71,0.90,0.44,0.21,0.65,0.44,0.65
Arkadiusz Reca,pl POL,DF,SPAL,24,1995,25,22,1928,21.avr,0,2,2,0,0,0,2,0,01.août,01.août,02.janv,03.sept,78,70,106,0.00,0.09,0.09,0.00,0.09,0.08,0.10,0.18,0.08,0.18
Vasco Regini,it ITA,DF,Sampdoria,28,1990,3,2,174,01.sept,0,0,0,0,0,0,0,0,0.0,0.0,0.7,0.7,2,4,0,0.00,0.00,0.00,0.00,0.00,0.00,0.35,0.35,0.00,0.35
Vasco Regini,it ITA,DF,Parma,28,1990,2,0,51,0.6,0,0,0,0,0,0,0,0,0.0,0.0,0.0,0.0,0,2,0,0.00,0.00,0.00,0.00,0.00,0.00,0.00,0.00,0.00,0.00
Pepe Reina,es ESP,GK,Milan,36,1982,1,1,90,1.0,0,0,0,0,0,0,0,1,0.0,0.0,0.0,0.0,0,0,0,0.00,0.00,0.00,0.00,0.00,0.00,0.00,0.00,0.00,0.00
Franck Ribéry,fr FRA,FW,Fiorentina,36,1983,21,19,1409,15.juil,3,3,6,3,0,0,3,0,02.juin,02.juin,02.juin,05.févr,99,109,124,0.19,0.19,0.38,0.19,0.38,0.16,0.17,0.33,0.16,0.33
Davide Riccardi,it ITA,DF,Lecce,23,1996,1,0,20,0.2,0,0,0,0,0,0,0,0,0.0,0.0,0.0,0.0,0,1,0,0.00,0.00,0.00,0.00,0.00,0.00,0.00,0.00,0.00,0.00
Emiliano Rigoni,ar ARG,MF FW,Sampdoria,26,1993,8,4,431,04.août,0,1,1,0,0,0,2,0,01.mars,01.mars,0.9,02.févr,17,18,51,0.00,0.21,0.21,0.00,0.21,0.27,0.19,0.46,0.27,0.46
Tomás Rincón,ve VEN,MF,Torino,31,1988,32,31,2702,30.0,1,3,4,1,0,0,10,0,1.0,1.0,01.mai,02.mai,68,148,34,0.03,0.10,0.13,0.03,0.13,0.03,0.05,0.08,0.03,0.08
Andrea Rispoli,it ITA,DF,Lecce,30,1988,28,20,1909,21.févr,0,0,0,0,0,0,6,0,01.févr,01.févr,01.mars,02.mai,63,73,98,0.00,0.00,0.00,0.00,0.00,0.06,0.06,0.12,0.06,0.12
Ricardo Rodríguez,ch SUI,DF,Milan,26,1992,5,5,386,04.mars,0,0,0,0,0,0,0,0,0.0,0.0,0.1,0.1,11,19,12,0.00,0.00,0.00,0.00,0.00,0.00,0.01,0.02,0.00,0.02
Marko Rog,hr CRO,MF,Cagliari,24,1995,30,28,2317,25.juil,1,1,2,1,0,0,10,0,01.sept,01.sept,02.janv,4.0,82,119,78,0.04,0.04,0.08,0.04,0.08,0.07,0.08,0.15,0.07,0.15
Rogério,br BRA,DF,Sassuolo,21,1998,15,12,1015,11.mars,1,1,2,1,0,0,6,0,0.4,0.4,0.9,01.mars,44,63,55,0.09,0.09,0.18,0.09,0.18,0.04,0.08,0.12,0.04,0.12
Filippo Romagna,it ITA,DF,Sassuolo,22,1997,18,16,1477,16.avr,0,0,0,0,0,0,3,0,0.1,0.1,0.2,0.3,4,30,2,0.00,0.00,0.00,0.00,0.00,0.01,0.01,0.02,0.01,0.02
Alessio Romagnoli,it ITA,DF,Milan,24,1995,35,35,3091,34.3,1,0,1,1,0,0,4,0,01.juin,01.juin,01.févr,02.juil,17,130,4,0.03,0.00,0.03,0.03,0.03,0.05,0.03,0.08,0.05,0.08
Cristian Romero,ar ARG,DF,Genoa,21,1998,30,30,2577,28.juin,1,1,2,1,0,0,15,1,2.0,2.0,0.5,02.mai,19,54,11,0.03,0.03,0.07,0.03,0.07,0.07,0.02,0.09,0.07,0.09
Player,Nation,Pos,Squad,Age,Born,MP,Starts,Min,90s,Gls,Ast,G+A,G-PK,PK,PKatt,CrdY,CrdR,xG,npxG,xAG,npxG+xAG,PrgC,PrgP,PrgR,Gls,Ast,G+A,G-PK,G+A-PK,xG,xAG,xG+xAG,npxG,npxG+xAG
Rômulo,it ITA,MF,Brescia,32,1987,22,19,1723,19.janv,1,3,4,1,0,0,3,0,02.avr,02.avr,01.avr,03.août,45,48,107,0.05,0.16,0.21,0.05,0.21,0.12,0.08,0.20,0.12,0.20
Rômulo,it ITA,DF,Genoa,32,1987,1,0,20,0.2,0,0,0,0,0,0,0,0,0.0,0.0,0.0,0.0,1,0,0,0.00,0.00,0.00,0.00,0.00,0.00,0.00,0.00,0.00,0.00
Cristiano Ronaldo,pt POR,FW,Juventus,34,1985,33,33,2917,32.4,31,5,36,19,12,13,3,0,28.juin,18.avr,06.avr,24.juil,167,118,321,0.96,0.15,01.nov,0.59,0.74,0.88,0.20,01.août,0.57,0.76
Marten de Roon,nl NED,MF DF,Atalanta,28,1991,35,29,2721,30.2,2,5,7,2,0,0,12,0,01.févr,01.févr,01.août,3.0,36,211,46,0.07,0.17,0.23,0.07,0.23,0.04,0.06,0.10,0.04,0.10
Antonio Rosati,it ITA,GK,Torino,36,1983,1,1,90,1.0,0,0,0,0,0,0,0,0,0.0,0.0,0.0,0.0,0,0,0,0.00,0.00,0.00,0.00,0.00,0.00,0.00,0.00,0.00,0.00
Luca Rossettini,it ITA,DF,Lecce,34,1985,26,25,2261,25.janv,0,2,2,0,0,0,5,0,0.2,0.2,0.9,01.janv,4,41,0,0.00,0.08,0.08,0.00,0.08,0.01,0.04,0.04,0.01,0.04
Francesco Rossi,it ITA,GK,Atalanta,28,1991,1,0,11,0.1,0,0,0,0,0,0,0,0,0.0,0.0,0.0,0.0,0,0,0,0.00,0.00,0.00,0.00,0.00,0.00,0.00,0.00,0.00,0.00
Nicolò Rovella,it ITA,MF,Genoa,17,2001,2,1,105,01.févr,0,0,0,0,0,0,0,0,0.0,0.0,0.0,0.0,1,3,2,0.00,0.00,0.00,0.00,0.00,0.02,0.00,0.02,0.02,0.02
Amir Rrahmani,xk KVX,DF,Hellas Verona,25,1994,36,36,3228,35.9,0,1,1,0,0,0,5,0,03.mai,03.mai,0.9,04.avr,38,127,27,0.00,0.03,0.03,0.00,0.03,0.10,0.02,0.12,0.10,0.12
Dion Ruffo Luci,it ITA,MF,Bologna,18,2001,1,0,1,0.0,0,0,0,0,0,0,0,0,0.0,0.0,0.0,0.0,0,0,0,0.00,0.00,0.00,0.00,0.00,0.00,0.00,0.00,0.00,0.00
Daniele Rugani,it ITA,DF,Juventus,25,1994,10,7,690,07.juil,0,0,0,0,0,0,2,0,0.3,0.3,0.0,0.3,2,17,0,0.00,0.00,0.00,0.00,0.00,0.04,0.00,0.04,0.04,0.04
Mário Rui,pt POR,DF,Napoli,28,1991,24,22,1966,21.août,0,2,2,0,0,0,8,0,01.janv,01.janv,03.juil,04.août,70,154,146,0.00,0.09,0.09,0.00,0.09,0.05,0.17,0.22,0.05,0.22
Fabián Ruiz Peña,es ESP,MF,Napoli,23,1996,33,30,2684,29.août,3,6,9,3,0,0,2,0,03.févr,03.févr,04.mai,07.août,86,277,132,0.10,0.20,0.30,0.10,0.30,0.11,0.15,0.26,0.11,0.26
Stefano Sabelli,it ITA,DF,Brescia,26,1993,36,36,3168,35.2,0,3,3,0,0,0,5,0,0.5,0.5,04.mars,04.août,103,215,89,0.00,0.09,0.09,0.00,0.09,0.02,0.12,0.14,0.02,0.14
Alexis Saelemaekers,be BEL,FW DF,Milan,20,1999,13,6,684,07.juin,1,0,1,1,0,0,4,1,0.6,0.6,0.6,01.févr,21,14,78,0.13,0.00,0.13,0.13,0.13,0.08,0.08,0.16,0.08,0.16
Jacopo Sala,it ITA,DF,SPAL,27,1991,16,9,853,09.mai,0,0,0,0,0,0,1,0,0.6,0.6,0.2,0.8,20,32,40,0.00,0.00,0.00,0.00,0.00,0.06,0.02,0.08,0.06,0.08
Bartosz Salamon,pl POL,DF,SPAL,28,1991,7,3,344,03.août,0,0,0,0,0,0,1,0,0.0,0.0,0.0,0.0,1,9,0,0.00,0.00,0.00,0.00,0.00,0.00,0.00,0.00,0.00,0.00
Eddie Salcedo,it ITA,FW MF,Hellas Verona,17,2001,17,7,680,07.juin,1,0,1,1,0,0,0,0,01.juil,01.juil,01.juin,03.mars,24,15,75,0.13,0.00,0.13,0.13,0.13,0.22,0.21,0.43,0.22,0.43
Antonio Sanabria,py PAR,FW,Genoa,23,1996,24,16,1387,15.avr,6,2,8,6,0,0,3,0,04.juin,04.juin,01.sept,06.mai,30,27,92,0.39,0.13,0.52,0.39,0.52,0.30,0.12,0.42,0.30,0.42
Alexis Sánchez,cl CHI,FW,Inter,30,1988,22,10,923,10.mars,4,8,12,3,1,1,4,1,04.mars,03.mai,03.févr,06.juil,22,62,95,0.39,0.78,janv.17,0.29,01.juil,0.42,0.31,0.73,0.35,0.66
Alex Sandro,br BRA,DF,Juventus,28,1991,29,27,2385,26.mai,1,3,4,1,0,0,4,0,0.8,0.8,02.janv,02.août,91,151,83,0.04,0.11,0.15,0.04,0.15,0.03,0.08,0.11,0.03,0.11
Nicola Sansone,it ITA,FW MF,Bologna,27,1991,33,26,2269,25.févr,4,3,7,1,3,4,6,0,09.sept,06.juil,05.juin,12.avr,80,96,200,0.16,0.12,0.28,0.04,0.16,0.39,0.22,0.62,0.27,0.49
Federico Santander,py PAR,FW,Bologna,28,1991,24,5,770,08.juin,1,0,1,0,1,1,6,0,03.mai,02.juil,0.9,03.juin,13,16,73,0.12,0.00,0.12,0.00,0.00,0.41,0.10,0.51,0.32,0.42
Davide Santon,it ITA,DF,Roma,28,1991,15,7,619,06.sept,0,0,0,0,0,0,4,0,0.1,0.1,0.1,0.1,17,30,35,0.00,0.00,0.00,0.00,0.00,0.01,0.01,0.02,0.01,0.02
Samir Santos,br BRA,DF,Udinese,24,1994,21,16,1546,17.févr,1,0,1,1,0,0,3,0,0.7,0.7,0.3,1.0,18,60,11,0.06,0.00,0.06,0.06,0.06,0.04,0.02,0.06,0.04,0.06
Player,Nation,Pos,Squad,Age,Born,MP,Starts,Min,90s,Gls,Ast,G+A,G-PK,PK,PKatt,CrdY,CrdR,xG,npxG,xAG,npxG+xAG,PrgC,PrgP,PrgR,Gls,Ast,G+A,G-PK,G+A-PK,xG,xAG,xG+xAG,npxG,npxG+xAG
Riccardo Saponara,it ITA,MF FW,Genoa,27,1991,4,2,168,01.sept,0,0,0,0,0,0,1,1,0.3,0.3,0.1,0.4,6,7,9,0.00,0.00,0.00,0.00,0.00,0.14,0.05,0.19,0.14,0.19
Riccardo Saponara,it ITA,MF FW,Lecce,27,1991,13,11,947,10.mai,2,4,6,2,0,0,2,0,01.sept,01.sept,02.mai,04.mai,58,70,84,0.19,0.38,0.57,0.19,0.57,0.18,0.24,0.43,0.18,0.43
Lasse Schöne,dk DEN,MF,Genoa,33,1986,32,29,2427,27.0,2,3,5,2,0,1,5,0,03.juin,02.août,04.juin,07.avr,38,135,38,0.07,0.11,0.19,0.07,0.19,0.13,0.17,0.30,0.10,0.28
Jerdy Schouten,nl NED,MF,Bologna,22,1997,19,13,1082,12.0,0,0,0,0,0,0,6,1,0.2,0.2,0.3,0.5,13,53,8,0.00,0.00,0.00,0.00,0.00,0.02,0.03,0.05,0.02,0.05
Matteo Scozzarella,it ITA,MF,Parma,31,1988,16,12,920,10.févr,0,3,3,0,0,0,2,0,0.1,0.1,0.8,1.0,12,40,2,0.00,0.29,0.29,0.00,0.29,0.01,0.08,0.10,0.01,0.10
Ken Sema,se SWE,DF MF,Udinese,25,1993,32,30,2453,27.mars,2,1,3,2,0,0,6,0,0.6,0.6,03.sept,04.mai,82,66,164,0.07,0.04,0.11,0.07,0.11,0.02,0.14,0.17,0.02,0.17
Alessandro Semprini,it ITA,DF,Brescia,21,1998,12,6,629,7.0,1,0,1,1,0,0,2,0,0.9,0.9,0.2,01.janv,14,32,19,0.14,0.00,0.14,0.14,0.14,0.12,0.04,0.16,0.12,0.16
Stefano Sensi,it ITA,MF,Inter,23,1995,12,9,723,8.0,3,2,5,3,0,0,2,0,01.avr,01.avr,01.juil,03.janv,22,59,74,0.37,0.25,0.62,0.37,0.62,0.17,0.21,0.39,0.17,0.39
Luigi Sepe,it ITA,GK,Parma,28,1991,34,34,306,34.0,0,0,0,0,0,0,1,0,0.0,0.0,0.7,0.7,0,0,0,0.00,0.00,0.00,0.00,0.00,0.00,0.02,0.02,0.00,0.02
Yevhen Shakhov,ua UKR,MF FW,Lecce,28,1990,24,9,1085,12.janv,1,2,3,1,0,0,3,0,0.9,0.9,2.0,02.sept,12,38,56,0.08,0.17,0.25,0.08,0.25,0.08,0.17,0.24,0.08,0.24
Luca Siligardi,it ITA,MF FW,Parma,31,1988,12,3,337,03.juil,0,1,1,0,0,0,0,0,0.6,0.6,0.2,0.8,9,17,29,0.00,0.27,0.27,0.00,0.27,0.15,0.05,0.20,0.15,0.20
André Silva,pt POR,FW,Milan,23,1995,1,1,60,0.7,0,0,0,0,0,0,1,0,0.2,0.2,0.0,0.2,1,1,5,0.00,0.00,0.00,0.00,0.00,0.32,0.00,0.32,0.32,0.32
Marco Silvestri,it ITA,GK,Hellas Verona,28,1991,35,35,315,35.0,0,0,0,0,0,0,2,0,0.0,0.0,0.0,0.0,0,0,0,0.00,0.00,0.00,0.00,0.00,0.00,0.00,0.00,0.00,0.00
Giovanni Simeone,ar ARG,FW,Cagliari,24,1995,37,34,2924,32.5,12,3,15,12,0,0,4,0,11.août,11.août,02.mars,14.janv,41,19,189,0.37,0.09,0.46,0.37,0.46,0.36,0.07,0.43,0.36,0.43
Wilfried Singo,ci CIV,DF,Torino,18,2000,4,1,132,01.mai,1,0,1,1,0,0,0,0,0.1,0.1,0.2,0.3,5,2,14,0.68,0.00,0.68,0.68,0.68,0.07,0.10,0.17,0.07,0.17
Salvatore Sirigu,it ITA,GK,Torino,32,1987,36,36,324,36.0,0,0,0,0,0,0,4,0,0.0,0.0,0.1,0.1,0,0,0,0.00,0.00,0.00,0.00,0.00,0.00,0.00,0.00,0.00,0.00
Łukasz Skorupski,pl POL,GK,Bologna,28,1991,37,37,333,37.0,0,0,0,0,0,0,2,0,0.0,0.0,0.0,0.0,0,0,0,0.00,0.00,0.00,0.00,0.00,0.00,0.00,0.00,0.00,0.00
Andreas Skov Olsen,dk DEN,FW MF,Bologna,19,1999,26,7,760,08.avr,1,0,1,1,0,0,2,0,02.janv,02.janv,0.6,02.juin,41,20,104,0.12,0.00,0.12,0.12,0.12,0.24,0.07,0.31,0.24,0.31
Simon Skrabb,fi FIN,FW MF,Brescia,24,1995,10,3,257,02.sept,0,0,0,0,0,0,1,0,0.1,0.1,0.5,0.6,3,5,27,0.00,0.00,0.00,0.00,0.00,0.05,0.17,0.22,0.05,0.22
Milan Škriniar,sk SVK,DF,Inter,24,1995,32,30,2627,29.2,0,0,0,0,0,0,9,1,1.0,1.0,0.5,01.mai,32,152,13,0.00,0.00,0.00,0.00,0.00,0.03,0.02,0.05,0.03,0.05
Chris Smalling,eng ENG,DF,Roma,29,1989,30,29,2566,28.mai,3,2,5,3,0,0,3,0,01.sept,01.juil,0.7,02.mai,13,79,12,0.11,0.07,0.18,0.11,0.18,0.07,0.03,0.09,0.06,0.09
Roberto Soriano,it ITA,MF,Bologna,28,1991,29,29,2469,27.avr,5,5,10,5,0,0,4,2,04.mars,04.mars,04.août,09.janv,97,176,124,0.18,0.18,0.36,0.18,0.36,0.16,0.18,0.33,0.16,0.33
Riccardo Sottil,it ITA,FW DF,Fiorentina,20,1999,18,4,514,05.juil,0,0,0,0,0,0,3,0,1.0,1.0,0.5,01.avr,32,9,58,0.00,0.00,0.00,0.00,0.00,0.17,0.08,0.25,0.17,0.25
Adama Soumaoro,fr FRA,DF,Genoa,27,1992,8,7,637,07.janv,1,0,1,1,0,0,2,0,0.4,0.4,0.1,0.5,0,9,1,0.14,0.00,0.14,0.14,0.14,0.05,0.01,0.07,0.05,0.07
Nikolas Špalek,sk SVK,MF FW,Brescia,22,1997,25,20,1579,17.mai,2,1,3,2,0,0,5,0,03.févr,03.févr,2.0,05.mars,33,33,93,0.11,0.06,0.17,0.11,0.17,0.18,0.11,0.30,0.18,0.30
Player,Nation,Pos,Squad,Age,Born,MP,Starts,Min,90s,Gls,Ast,G+A,G-PK,PK,PKatt,CrdY,CrdR,xG,npxG,xAG,npxG+xAG,PrgC,PrgP,PrgR,Gls,Ast,G+A,G-PK,G+A-PK,xG,xAG,xG+xAG,npxG,npxG+xAG
Leonardo Spinazzola,it ITA,DF,Roma,26,1993,24,18,1548,17.févr,1,2,3,1,0,0,2,0,01.janv,01.janv,03.mars,04.mars,104,63,118,0.06,0.12,0.17,0.06,0.17,0.06,0.19,0.25,0.06,0.25
Marco Sportiello,it ITA,GK,Atalanta,27,1992,6,5,525,05.août,0,0,0,0,0,0,0,0,0.0,0.0,0.0,0.0,0,1,0,0.00,0.00,0.00,0.00,0.00,0.00,0.00,0.00,0.00,0.00
Mattia Sprocati,it ITA,FW MF,Parma,26,1993,20,4,590,06.juin,1,0,1,1,0,0,0,0,0.7,0.7,0.4,01.févr,14,18,39,0.15,0.00,0.15,0.15,0.15,0.11,0.07,0.18,0.11,0.18
Mariusz Stępiński,pl POL,FW MF,Hellas Verona,24,1995,21,7,706,07.août,3,1,4,3,0,0,3,1,02.sept,02.sept,0.1,03.janv,9,2,63,0.38,0.13,0.51,0.38,0.51,0.37,0.02,0.39,0.37,0.39
Thomas Strakosha,al ALB,GK,Lazio,24,1995,38,38,342,38.0,0,0,0,0,0,0,2,0,0.0,0.0,0.1,0.1,0,0,0,0.00,0.00,0.00,0.00,0.00,0.00,0.00,0.00,0.00,0.00
Gabriel Strefezza,br BRA,DF MF,SPAL,22,1997,32,24,211,23.avr,1,2,3,1,0,0,9,1,02.juin,02.juin,01.juil,04.avr,72,62,121,0.04,0.09,0.13,0.04,0.13,0.11,0.07,0.19,0.11,0.19
Jens Stryger Larsen,dk DEN,DF,Udinese,28,1991,33,32,2789,31.0,1,3,4,1,0,0,5,0,01.mars,01.mars,2.0,03.févr,56,128,145,0.03,0.10,0.13,0.03,0.13,0.04,0.06,0.10,0.04,0.10
Stefano Sturaro,it ITA,MF,Genoa,26,1993,16,15,1252,13.sept,1,2,3,1,0,0,7,0,01.août,01.août,01.avr,03.févr,16,36,33,0.07,0.14,0.22,0.07,0.22,0.13,0.10,0.23,0.13,0.23
Suso,es ESP,FW MF,Milan,25,1993,16,15,1359,15.janv,1,2,3,1,0,0,2,0,01.janv,01.janv,04.mai,05.juin,49,96,148,0.07,0.13,0.20,0.07,0.20,0.07,0.30,0.37,0.07,0.37
Bosko Sutalo,hr CRO,DF,Atalanta,19,2000,7,3,280,03.janv,0,0,0,0,0,0,1,0,0.1,0.1,0.1,0.1,10,11,3,0.00,0.00,0.00,0.00,0.00,0.03,0.02,0.05,0.03,0.05
Mattias Svanberg,se SWE,MF,Bologna,20,1999,25,12,1051,11.juil,1,2,3,1,0,0,2,0,01.juin,01.juin,01.mars,02.sept,26,35,43,0.09,0.17,0.26,0.09,0.26,0.14,0.11,0.25,0.14,0.25
Wojciech Szczęsny,pl POL,GK,Juventus,29,1990,29,29,2591,28.août,0,0,0,0,0,0,1,0,0.0,0.0,0.0,0.0,0,0,0,0.00,0.00,0.00,0.00,0.00,0.00,0.00,0.00,0.00,0.00
Andrea Tabanelli,it ITA,MF,Lecce,29,1990,13,11,964,10.juil,1,0,1,1,0,0,4,0,01.janv,01.janv,0.2,01.févr,24,28,54,0.09,0.00,0.09,0.09,0.09,0.10,0.02,0.12,0.10,0.12
Panagiotis Tachtsidis,gr GRE,MF,Lecce,28,1991,28,24,2003,22.mars,0,2,2,0,0,0,7,1,0.8,0.8,2.0,02.août,40,144,18,0.00,0.09,0.09,0.00,0.09,0.04,0.09,0.13,0.04,0.13
Adrien Tameze,cm CMR,MF,Atalanta,25,1994,7,2,211,02.mars,0,0,0,0,0,0,0,0,0.0,0.0,0.1,0.1,2,14,3,0.00,0.00,0.00,0.00,0.00,0.00,0.06,0.06,0.00,0.06
Łukasz Teodorczyk,pl POL,FW,Udinese,28,1991,14,1,222,02.mai,0,1,1,0,0,0,1,0,0.2,0.2,0.9,01.janv,7,6,14,0.00,0.41,0.41,0.00,0.41,0.09,0.36,0.45,0.09,0.45
Hidde ter Avest,nl NED,DF,Udinese,22,1997,20,6,686,07.juin,0,0,0,0,0,0,1,0,0.1,0.1,0.4,0.5,6,20,28,0.00,0.00,0.00,0.00,0.00,0.02,0.05,0.07,0.02,0.07
Pietro Terracciano,it ITA,GK,Fiorentina,29,1990,7,7,624,06.sept,0,0,0,0,0,0,0,0,0.0,0.0,0.0,0.0,0,0,0,0.00,0.00,0.00,0.00,0.00,0.00,0.00,0.00,0.00,0.00
Aleksa Terzić,rs SRB,MF,Fiorentina,19,1999,2,0,8,0.1,0,0,0,0,0,0,0,0,0.0,0.0,0.0,0.0,0,1,0,0.00,0.00,0.00,0.00,0.00,0.00,0.00,0.00,0.00,0.00
Demba Thiam,sn SEN,GK,SPAL,21,1998,2,2,180,2.0,0,0,0,0,0,0,0,0,0.0,0.0,0.0,0.0,0,0,0,0.00,0.00,0.00,0.00,0.00,0.00,0.00,0.00,0.00,0.00
Morten Thorsby,no NOR,MF DF,Sampdoria,23,1996,24,21,1865,20.juil,1,1,2,1,0,0,9,1,01.sept,01.sept,1.0,02.sept,16,74,55,0.05,0.05,0.10,0.05,0.10,0.09,0.05,0.14,0.09,0.14
Jeremy Toljan,de GER,DF,Sassuolo,24,1994,29,25,2186,24.mars,1,2,3,1,0,0,8,0,0.6,0.6,02.mars,02.sept,84,111,130,0.04,0.08,0.12,0.04,0.12,0.03,0.09,0.12,0.03,0.12
Rafael Tolói,it ITA,DF,Atalanta,28,1990,33,29,2608,29.0,2,6,8,2,0,0,11,0,03.janv,03.janv,02.mars,05.avr,36,166,38,0.07,0.21,0.28,0.07,0.28,0.11,0.08,0.19,0.11,0.19
Takehiro Tomiyasu,jp JPN,DF,Bologna,20,1998,29,29,2528,28.janv,1,3,4,1,0,0,8,0,01.janv,01.janv,02.janv,03.févr,73,177,64,0.04,0.11,0.14,0.04,0.14,0.04,0.07,0.11,0.04,0.11
Nenad Tomović,rs SRB,DF,SPAL,31,1987,23,20,1755,19.mai,0,1,1,0,0,0,5,1,0.8,0.8,0.5,01.mars,31,66,18,0.00,0.05,0.05,0.00,0.05,0.04,0.03,0.07,0.04,0.07
Player,Nation,Pos,Squad,Age,Born,MP,Starts,Min,90s,Gls,Ast,G+A,G-PK,PK,PKatt,CrdY,CrdR,xG,npxG,xAG,npxG+xAG,PrgC,PrgP,PrgR,Gls,Ast,G+A,G-PK,G+A-PK,xG,xAG,xG+xAG,npxG,npxG+xAG
Sandro Tonali,it ITA,MF,Brescia,19,2000,35,34,3014,33.5,1,7,8,1,0,0,9,0,01.févr,01.févr,06.mars,07.mai,45,181,38,0.03,0.21,0.24,0.03,0.24,0.04,0.19,0.22,0.04,0.22
Lorenzo Tonelli,it ITA,DF,Sampdoria,29,1990,9,9,702,07.août,0,0,0,0,0,0,4,0,0.2,0.2,0.0,0.2,3,32,0,0.00,0.00,0.00,0.00,0.00,0.03,0.00,0.03,0.03,0.03
Ernesto Torregrossa,ve VEN,FW,Brescia,27,1992,25,22,1844,20.mai,7,3,10,5,2,2,8,0,08.janv,06.juin,02.sept,09.mai,36,45,154,0.34,0.15,0.49,0.24,0.39,0.40,0.14,0.54,0.32,0.46
Luca Tremolada,it ITA,MF,Brescia,27,1991,1,0,15,0.2,0,0,0,0,0,0,0,0,0.0,0.0,0.0,0.0,0,1,1,0.00,0.00,0.00,0.00,0.00,0.00,0.00,0.00,0.00,0.00
Alessandro Tripaldelli,it ITA,DF,Sassuolo,20,1999,2,1,135,01.mai,0,0,0,0,0,0,0,0,0.0,0.0,0.0,0.0,4,3,4,0.00,0.00,0.00,0.00,0.00,0.00,0.00,0.00,0.00,0.00
William Troost-Ekong,ng NGA,DF,Udinese,25,1993,30,29,2576,28.juin,0,0,0,0,0,0,5,0,0.8,0.8,0.1,0.9,10,52,1,0.00,0.00,0.00,0.00,0.00,0.03,0.00,0.03,0.03,0.03
Georgi Tunjov,ee EST,MF,SPAL,18,2001,10,3,284,03.févr,0,0,0,0,0,0,0,0,0.3,0.3,0.1,0.4,2,7,16,0.00,0.00,0.00,0.00,0.00,0.09,0.04,0.12,0.09,0.12
Stefano Turati,it ITA,GK,Sassuolo,17,2001,2,2,180,2.0,0,0,0,0,0,0,0,0,0.0,0.0,0.0,0.0,0,0,0,0.00,0.00,0.00,0.00,0.00,0.00,0.00,0.00,0.00,0.00
Gennaro Tutino,it ITA,FW MF,Hellas Verona,22,1996,6,2,225,02.mai,0,0,0,0,0,0,0,0,0.2,0.2,0.0,0.2,7,6,12,0.00,0.00,0.00,0.00,0.00,0.10,0.00,0.10,0.10,0.10
Samir Ujkani,xk KVX,GK,Torino,31,1988,1,1,90,1.0,0,0,0,0,0,0,0,0,0.0,0.0,0.0,0.0,0,0,0,0.00,0.00,0.00,0.00,0.00,0.00,0.00,0.00,0.00,0.00
Cengiz Ünder,tr TUR,FW,Roma,22,1997,18,10,873,09.juil,3,0,3,3,0,0,2,0,2.0,2.0,02.juin,04.juin,46,41,101,0.31,0.00,0.31,0.31,0.31,0.20,0.27,0.47,0.20,0.47
Mirko Valdifiori,it ITA,MF,SPAL,33,1986,22,15,14,15.juin,0,3,3,0,0,0,5,0,0.1,0.1,02.avr,02.mai,15,88,11,0.00,0.19,0.19,0.00,0.19,0.01,0.15,0.16,0.01,0.16
Borja Valero,es ESP,MF,Inter,34,1985,19,9,931,10.mars,2,0,2,2,0,0,4,0,01.août,01.août,01.mars,03.janv,31,68,35,0.19,0.00,0.19,0.19,0.19,0.18,0.13,0.30,0.18,0.30
Mattia Valoti,it ITA,MF FW,SPAL,25,1993,27,18,1527,17.0,3,1,4,3,0,0,7,0,03.mars,03.mars,01.mars,04.juin,35,63,64,0.18,0.06,0.24,0.18,0.24,0.19,0.08,0.27,0.19,0.27
Denis Vavro,sk SVK,DF,Lazio,23,1996,11,1,328,03.juin,0,0,0,0,0,0,0,0,0.1,0.1,0.0,0.1,1,14,0,0.00,0.00,0.00,0.00,0.00,0.04,0.00,0.04,0.04,0.04
Matías Vecino,uy URU,MF,Inter,27,1991,20,14,1282,14.févr,2,2,4,2,0,0,4,0,03.mai,03.mai,01.janv,04.juin,27,61,87,0.14,0.14,0.28,0.14,0.28,0.24,0.08,0.32,0.24,0.32
Miguel Veloso,pt POR,MF,Hellas Verona,33,1986,34,32,2811,31.2,3,4,7,3,0,0,6,0,02.janv,02.janv,04.sept,7.0,71,215,35,0.10,0.13,0.22,0.10,0.22,0.07,0.16,0.22,0.07,0.22
Lorenzo Venuti,it ITA,DF MF,Fiorentina,24,1995,16,10,858,09.mai,0,1,1,0,0,0,4,0,0.2,0.2,0.8,1.0,28,40,32,0.00,0.10,0.10,0.00,0.10,0.02,0.08,0.10,0.02,0.10
Brayan Vera,co COL,DF FW,Lecce,20,1999,8,1,155,01.juil,0,1,1,0,0,0,0,0,0.1,0.1,0.2,0.3,2,4,17,0.00,0.58,0.58,0.00,0.58,0.08,0.12,0.20,0.08,0.20
Simone Verdi,it ITA,MF FW,Torino,27,1992,33,26,2073,23.0,2,6,8,2,0,0,4,0,03.juil,03.juil,03.sept,07.juin,58,90,117,0.09,0.26,0.35,0.09,0.35,0.16,0.17,0.33,0.16,0.33
Jordan Veretout,fr FRA,MF,Roma,26,1993,33,30,2629,29.2,6,0,6,1,5,5,6,0,04.sept,1.0,02.août,03.juil,50,207,51,0.21,0.00,0.21,0.03,0.03,0.17,0.09,0.26,0.03,0.13
Valerio Verre,it ITA,MF FW,Hellas Verona,25,1994,32,22,1774,19.juil,3,2,5,1,2,2,4,0,05.août,04.mars,02.juin,06.sept,55,88,140,0.15,0.10,0.25,0.05,0.15,0.30,0.13,0.43,0.22,0.35
Francesco Vicari,it ITA,DF,SPAL,24,1994,34,33,2898,32.2,0,0,0,0,0,0,4,0,0.5,0.5,0.1,0.6,8,66,2,0.00,0.00,0.00,0.00,0.00,0.01,0.00,0.02,0.01,0.02
Ronaldo Vieira,gw GNB,MF,Sampdoria,21,1998,27,20,1819,20.févr,0,1,1,0,0,0,11,1,01.mai,01.mai,01.janv,02.juil,29,126,32,0.00,0.05,0.05,0.00,0.05,0.08,0.06,0.13,0.08,0.13
Mauro Vigorito,it ITA,GK,Lecce,29,1990,5,4,423,04.juil,0,0,0,0,0,0,1,0,0.0,0.0,0.0,0.0,0,0,0,0.00,0.00,0.00,0.00,0.00,0.00,0.00,0.00,0.00,0.00
Player,Nation,Pos,Squad,Age,Born,MP,Starts,Min,90s,Gls,Ast,G+A,G-PK,PK,PKatt,CrdY,CrdR,xG,npxG,xAG,npxG+xAG,PrgC,PrgP,PrgR,Gls,Ast,G+A,G-PK,G+A-PK,xG,xAG,xG+xAG,npxG,npxG+xAG
Gonzalo Villar,es ESP,MF,Roma,21,1998,9,2,299,03.mars,0,0,0,0,0,0,3,0,1.0,1.0,0.1,01.janv,1,11,2,0.00,0.00,0.00,0.00,0.00,0.31,0.02,0.33,0.31,0.33
Luigi Vitale,it ITA,DF,Hellas Verona,31,1987,2,0,41,0.5,0,0,0,0,0,0,0,0,0.0,0.0,0.0,0.0,0,1,3,0.00,0.00,0.00,0.00,0.00,0.00,0.00,0.00,0.00,0.00
Mattia Viviani,it ITA,MF,Brescia,18,2000,8,3,344,03.août,0,0,0,0,0,0,0,0,0.1,0.1,0.4,0.5,5,17,2,0.00,0.00,0.00,0.00,0.00,0.02,0.10,0.12,0.02,0.12
Dušan Vlahović,rs SRB,FW,Fiorentina,19,2000,30,13,1499,16.juil,6,0,6,5,1,1,4,1,7.0,06.févr,0.9,07.janv,42,23,129,0.36,0.00,0.36,0.30,0.30,0.42,0.05,0.47,0.37,0.43
Stefan de Vrij,nl NED,DF,Inter,27,1992,34,32,283,31.4,4,3,7,4,0,0,5,0,2.0,2.0,0.7,02.juil,21,94,0,0.13,0.10,0.22,0.13,0.22,0.06,0.02,0.09,0.06,0.09
Giacomo Vrioni,al ALB,FW,Juventus,20,1998,1,0,12,0.1,0,0,0,0,0,0,0,0,0.4,0.4,0.0,0.4,0,0,1,0.00,0.00,0.00,0.00,0.00,févr.92,0.00,févr.92,févr.92,févr.92
Walace,br BRA,MF,Udinese,24,1995,20,12,1139,12.juil,0,0,0,0,0,0,2,0,0.8,0.8,0.6,01.avr,19,59,11,0.00,0.00,0.00,0.00,0.00,0.06,0.05,0.11,0.06,0.11
Sebastian Walukiewicz,pl POL,DF,Cagliari,19,2000,14,13,1165,12.sept,0,0,0,0,0,0,1,0,0.1,0.1,0.1,0.1,19,32,1,0.00,0.00,0.00,0.00,0.00,0.01,0.01,0.01,0.01,0.01
Jawad El Yamiq,ma MAR,DF,Genoa,27,1992,3,2,197,02.févr,0,0,0,0,0,0,1,0,0.1,0.1,0.0,0.1,3,13,1,0.00,0.00,0.00,0.00,0.00,0.04,0.02,0.06,0.04,0.06
Maya Yoshida,jp JPN,DF,Sampdoria,30,1988,14,13,1187,13.févr,0,1,1,0,0,0,1,0,0.3,0.3,0.4,0.7,3,14,1,0.00,0.08,0.08,0.00,0.08,0.02,0.03,0.05,0.02,0.05
Amin Younes,de GER,FW MF,Napoli,25,1993,9,1,176,2.0,1,0,1,1,0,0,1,0,0.7,0.7,0.6,01.mars,10,12,20,0.51,0.00,0.51,0.51,0.51,0.35,0.32,0.67,0.35,0.67
Ashley Young,eng ENG,DF,Inter,34,1985,18,13,1185,13.févr,4,4,8,4,0,0,1,0,0.9,0.9,03.mars,04.févr,34,54,89,0.30,0.30,0.61,0.30,0.61,0.07,0.25,0.32,0.07,0.32
Mattia Zaccagni,it ITA,MF FW,Hellas Verona,24,1995,34,26,2114,23.mai,2,5,7,2,0,0,5,0,4.0,4.0,04.janv,08.janv,98,89,225,0.09,0.21,0.30,0.09,0.30,0.17,0.18,0.35,0.17,0.35
Luca Zanimacchia,it ITA,FW MF,Juventus,21,1998,2,1,120,01.mars,0,0,0,0,0,0,0,0,0.0,0.0,0.1,0.1,3,2,22,0.00,0.00,0.00,0.00,0.00,0.03,0.06,0.10,0.03,0.10
Nicolò Zaniolo,it ITA,FW MF,Roma,20,1999,26,16,1503,16.juil,6,2,8,6,0,0,8,0,03.juin,03.juin,04.mars,07.sept,65,46,108,0.36,0.12,0.48,0.36,0.48,0.22,0.26,0.47,0.22,0.47
Cristián Zapata,co COL,DF,Genoa,32,1986,20,19,1718,19.janv,1,0,1,1,0,0,4,0,0.8,0.8,0.7,01.avr,9,38,4,0.05,0.00,0.05,0.05,0.05,0.04,0.04,0.08,0.04,0.08
Duván Zapata,co COL,FW,Atalanta,28,1991,28,25,2026,22.mai,18,6,24,17,1,1,1,0,15.juin,14.août,05.juil,20.mai,52,43,247,0.80,0.27,01.juil,0.76,01.févr,0.69,0.25,0.94,0.66,0.91
Davide Zappacosta,it ITA,DF,Roma,27,1992,9,3,452,5.0,0,1,1,0,0,0,0,0,0.6,0.6,0.7,01.avr,13,9,50,0.00,0.20,0.20,0.00,0.20,0.13,0.14,0.27,0.13,0.27
Simone Zaza,it ITA,FW,Torino,28,1991,24,16,164,18.févr,6,1,7,6,0,0,7,0,05.août,05.août,01.sept,07.juil,10,22,99,0.33,0.05,0.38,0.33,0.38,0.32,0.11,0.42,0.32,0.42
Marvin Zeegelaar,nl NED,DF,Udinese,28,1990,13,6,593,06.juin,0,1,1,0,0,0,3,0,0.0,0.0,0.7,0.7,12,24,28,0.00,0.15,0.15,0.00,0.15,0.00,0.10,0.10,0.00,0.10
Piotr Zieliński,pl POL,MF,Napoli,25,1994,37,32,2924,32.5,2,4,6,2,0,0,4,0,04.janv,04.janv,03.juil,07.août,134,282,153,0.06,0.12,0.18,0.06,0.18,0.13,0.12,0.24,0.13,0.24
Jaromír Zmrhal,cz CZE,MF,Brescia,25,1993,21,11,1125,12.mai,2,0,2,2,0,0,0,0,01.janv,01.janv,0.5,01.juin,15,35,100,0.16,0.00,0.16,0.16,0.16,0.09,0.04,0.13,0.09,0.13
Ervin Zukanović,ba BIH,DF,SPAL,32,1987,3,2,204,02.mars,0,0,0,0,0,0,1,0,0.0,0.0,0.0,0.0,0,6,0,0.00,0.00,0.00,0.00,0.00,0.02,0.00,0.02,0.02,0.02
Szymon Żurkowski,pl POL,MF,Fiorentina,21,1997,2,0,12,0.1,0,0,0,0,0,0,0,0,0.1,0.1,0.0,0.1,0,0,1,0.00,0.00,0.00,0.00,0.00,0.52,0.00,0.52,0.52,0.52
Filip Đuričić,rs SRB,MF FW,Sassuolo,27,1992,29,19,1633,18.janv,5,5,10,5,0,0,6,0,3.0,3.0,04.janv,07.janv,67,76,99,0.28,0.28,0.55,0.28,0.55,0.16,0.23,0.39,0.16,0.39
Player,Nation,Pos,Squad,Age,Born,MP,Starts,Min,90s,Gls,Ast,G+A,G-PK,PK,PKatt,CrdY,CrdR,xG,npxG,xAG,npxG+xAG,PrgC,PrgP,PrgR,Gls,Ast,G+A,G-PK,G+A-PK,xG,xAG,xG+xAG,npxG,npxG+xAG
