Player,Nation,Pos,Squad,Age,Born,MP,Starts,Min,90s,Gls,Ast,G+A,G-PK,PK,PKatt,CrdY,CrdR,xG,npxG,xAG,npxG+xAG,PrgC,PrgP,PrgR,Gls,Ast,G+A,G-PK,G+A-PK,xG,xAG,xG+xAG,npxG,npxG+xAG
James Abankwah,ie IRL,DF,Udinese,18,2004,2,1,63,0.7,0,0,0,0,0,0,0,0,0.0,0.0,0.0,0.0,0,0,0,0.00,0.00,0.00,0.00,0.00,0.00,0.00,0.00,0.00,0.00
Oliver Abildgaard,dk DEN,MF,Hellas Verona,26,1996,13,6,592,06.juin,0,0,0,0,0,0,2,0,0.1,0.1,0.4,0.6,2,15,8,0.00,0.00,0.00,0.00,0.00,0.02,0.07,0.09,0.02,0.09
Tammy Abraham,eng ENG,FW,Roma,24,1997,38,24,2189,24.mars,8,3,11,8,0,0,2,0,10.août,10.août,03.juil,14.mai,35,54,141,0.33,0.12,0.45,0.33,0.45,0.44,0.15,0.60,0.44,0.60
Christian Acella,it ITA,MF,Cremonese,20,2002,1,0,15,0.2,0,0,0,0,0,0,0,0,0.0,0.0,0.0,0.0,0,0,0,0.00,0.00,0.00,0.00,0.00,0.00,0.00,0.00,0.00,0.00
Francesco Acerbi,it ITA,DF,Inter,34,1988,31,25,2425,26.sept,0,2,2,0,0,0,4,0,1.0,1.0,01.janv,02.janv,39,100,32,0.00,0.07,0.07,0.00,0.07,0.04,0.04,0.08,0.04,0.08
Yacine Adli,fr FRA,MF FW,Milan,22,2000,6,1,144,01.juin,0,0,0,0,0,0,1,0,0.1,0.1,0.3,0.3,7,10,8,0.00,0.00,0.00,0.00,0.00,0.05,0.16,0.22,0.05,0.22
Michel Aebischer,ch SUI,FW MF,Bologna,25,1997,32,18,1542,17.janv,1,0,1,1,0,0,4,0,01.mai,01.mai,0.6,02.janv,14,46,85,0.06,0.00,0.06,0.06,0.06,0.08,0.04,0.12,0.08,0.12
Felix Afena-Gyan,gh GHA,FW MF,Cremonese,19,2003,23,7,817,09.janv,0,0,0,0,0,0,4,0,01.sept,01.sept,0.1,2.0,22,8,54,0.00,0.00,0.00,0.00,0.00,0.21,0.02,0.22,0.21,0.22
Kevin Agudelo,co COL,MF FW,Spezia,23,1998,34,23,2131,23.juil,0,1,1,0,0,0,5,0,01.mai,01.mai,3.0,04.mai,81,110,100,0.00,0.04,0.04,0.00,0.04,0.06,0.13,0.19,0.06,0.19
Ola Aina,ng NGA,DF,Torino,25,1996,19,9,876,09.juil,1,1,2,1,0,0,5,0,0.8,0.8,02.janv,02.sept,35,43,43,0.10,0.10,0.21,0.10,0.21,0.08,0.21,0.29,0.08,0.29
Emanuel Aiwum,at AUT,DF,Cremonese,21,2000,23,17,1653,18.avr,0,0,0,0,0,0,3,0,0.2,0.2,0.4,0.6,19,46,7,0.00,0.00,0.00,0.00,0.00,0.01,0.02,0.03,0.01,0.03
Jean-Daniel Akpa-Akpro,ci CIV,MF FW,Empoli,29,1992,24,16,1356,15.janv,1,1,2,1,0,0,9,2,01.mai,01.mai,1.0,02.avr,19,39,37,0.07,0.07,0.13,0.07,0.13,0.10,0.06,0.16,0.10,0.16
Luis Alberto,es ESP,MF,Lazio,29,1992,35,27,2442,27.janv,6,7,13,5,1,2,4,0,04.avr,02.juil,7.0,09.juil,73,248,94,0.22,0.26,0.48,0.18,0.44,0.16,0.26,0.42,0.10,0.36
Agustín Álvarez,uy URU,FW MF,Sassuolo,21,2001,22,1,368,04.janv,1,1,2,1,0,0,1,0,01.mai,01.mai,0.4,01.sept,2,6,19,0.24,0.24,0.49,0.24,0.49,0.36,0.10,0.46,0.36,0.46
Kelvin Amian,fr FRA,DF,Spezia,24,1998,30,26,2372,26.avr,0,1,1,0,0,0,7,1,02.juil,02.juil,02.mars,5.0,53,102,72,0.00,0.04,0.04,0.00,0.04,0.10,0.09,0.19,0.10,0.19
Bruno Amione,ar ARG,DF,Hellas Verona,20,2002,1,1,58,0.6,0,0,0,0,0,0,1,0,0.0,0.0,0.0,0.0,0,0,0,0.00,0.00,0.00,0.00,0.00,0.00,0.00,0.00,0.00,0.00
Bruno Amione,ar ARG,DF,Sampdoria,20,2002,26,25,2086,23.févr,1,1,2,1,0,0,10,1,0.9,0.9,0.6,01.mai,11,54,9,0.04,0.04,0.09,0.04,0.09,0.04,0.03,0.06,0.04,0.06
Ethan Ampadu,wls WAL,DF MF,Spezia,21,2000,31,31,2639,29.mars,0,1,1,0,0,0,10,1,01.janv,01.janv,01.janv,02.févr,28,125,10,0.00,0.03,0.03,0.00,0.03,0.04,0.04,0.07,0.04,0.07
Sofyan Amrabat,ma MAR,MF,Fiorentina,25,1996,29,24,1998,22.févr,0,1,1,0,0,0,11,0,0.5,0.5,01.janv,01.juin,36,176,24,0.00,0.05,0.05,0.00,0.05,0.02,0.05,0.07,0.02,0.07
Felipe Anderson,br BRA,FW,Lazio,29,1993,38,35,2958,32.9,9,2,11,9,0,0,3,0,6.0,6.0,04.août,10.sept,83,114,224,0.27,0.06,0.33,0.27,0.33,0.18,0.15,0.33,0.18,0.33
Janis Antiste,fr FRA,FW,Sassuolo,19,2002,2,0,52,0.6,1,0,1,1,0,0,0,0,0.2,0.2,0.0,0.2,0,1,2,janv.73,0.00,janv.73,janv.73,janv.73,0.31,0.00,0.31,0.31,0.31
Marcos Antônio,br BRA,MF,Lazio,22,2000,16,6,594,06.juin,1,1,2,1,0,0,2,0,01.févr,01.févr,0.3,01.mai,1,25,8,0.15,0.15,0.30,0.15,0.30,0.18,0.04,0.23,0.18,0.23
Valentin Antov,bg BUL,DF,Monza,21,2000,9,2,306,03.avr,0,0,0,0,0,0,2,0,0.0,0.0,0.0,0.0,2,14,3,0.00,0.00,0.00,0.00,0.00,0.00,0.01,0.01,0.00,0.01
Marko Arnautović,at AUT,FW,Bologna,33,1989,21,18,153,17.0,10,0,10,7,3,3,5,0,07.févr,04.août,01.sept,06.juil,13,36,116,0.59,0.00,0.59,0.41,0.41,0.42,0.11,0.53,0.28,0.39
Tolgay Arslan,de GER,MF,Udinese,31,1990,36,12,1211,13.mai,1,0,1,1,0,0,3,0,02.févr,02.févr,01.juin,03.août,45,77,37,0.07,0.00,0.07,0.07,0.07,0.16,0.12,0.29,0.16,0.29
Player,Nation,Pos,Squad,Age,Born,MP,Starts,Min,90s,Gls,Ast,G+A,G-PK,PK,PKatt,CrdY,CrdR,xG,npxG,xAG,npxG+xAG,PrgC,PrgP,PrgR,Gls,Ast,G+A,G-PK,G+A-PK,xG,xAG,xG+xAG,npxG,npxG+xAG
Santiago Ascacíbar,ar ARG,MF,Cremonese,25,1997,13,7,727,08.janv,0,0,0,0,0,0,1,0,0.4,0.4,0.4,0.8,1,41,6,0.00,0.00,0.00,0.00,0.00,0.05,0.05,0.10,0.05,0.10
Kristoffer Askildsen,no NOR,MF,Lecce,21,2001,21,7,728,08.janv,0,0,0,0,0,0,3,0,0.5,0.5,0.4,1.0,10,24,17,0.00,0.00,0.00,0.00,0.00,0.06,0.05,0.12,0.06,0.12
Kristjan Asllani,al ALB,MF,Inter,20,2002,20,5,592,06.juin,0,0,0,0,0,0,2,0,0.5,0.5,0.9,01.mai,6,29,6,0.00,0.00,0.00,0.00,0.00,0.08,0.14,0.22,0.08,0.22
Emil Audero,id IDN,GK,Sampdoria,25,1997,25,25,225,25.0,0,0,0,0,0,0,1,0,0.0,0.0,0.0,0.0,0,0,0,0.00,0.00,0.00,0.00,0.00,0.00,0.00,0.00,0.00,0.00
Tommaso Augello,it ITA,DF,Sampdoria,27,1994,37,35,3061,34.0,2,5,7,2,0,0,3,0,1.0,1.0,03.sept,04.août,84,119,153,0.06,0.15,0.21,0.06,0.21,0.03,0.11,0.14,0.03,0.14
Carlos Augusto,br BRA,DF,Monza,23,1999,35,35,3083,34.3,6,5,11,6,0,0,4,0,04.avr,04.avr,03.juil,08.janv,87,101,151,0.18,0.15,0.32,0.18,0.32,0.13,0.11,0.24,0.13,0.24
Kaan Ayhan,tr TUR,DF,Sassuolo,27,1994,10,5,545,06.janv,0,0,0,0,0,0,1,0,0.0,0.0,0.0,0.0,8,15,0,0.00,0.00,0.00,0.00,0.00,0.00,0.00,0.00,0.00,0.00
Jaime Báez,uy URU,DF,Cremonese,27,1995,2,1,96,01.janv,0,0,0,0,0,0,0,0,0.1,0.1,0.1,0.3,5,4,8,0.00,0.00,0.00,0.00,0.00,0.12,0.12,0.24,0.12,0.24
Nedim Bajrami,al ALB,MF FW,Empoli,23,1999,19,8,940,10.avr,1,1,2,1,0,0,1,0,01.févr,01.févr,01.févr,02.avr,22,29,47,0.10,0.10,0.19,0.10,0.19,0.12,0.11,0.23,0.12,0.23
Nedim Bajrami,al ALB,FW MF,Sassuolo,23,1999,18,7,819,09.janv,1,0,1,1,0,0,0,0,01.sept,01.sept,01.mai,03.avr,23,44,96,0.11,0.00,0.11,0.11,0.11,0.21,0.16,0.37,0.21,0.37
Tiemoué Bakayoko,fr FRA,MF,Milan,27,1994,3,0,41,0.5,0,0,0,0,0,0,0,0,0.0,0.0,0.0,0.0,0,2,1,0.00,0.00,0.00,0.00,0.00,0.00,0.00,0.00,0.00,0.00
Tommaso Baldanzi,it ITA,MF,Empoli,19,2003,26,24,1772,19.juil,4,0,4,4,0,0,2,0,02.avr,02.avr,01.août,04.févr,57,69,94,0.20,0.00,0.20,0.20,0.20,0.12,0.09,0.21,0.12,0.21
Fodé Ballo-Touré,sn SEN,DF,Milan,25,1997,10,5,523,05.août,1,0,1,1,0,0,0,0,0.6,0.6,0.2,0.9,11,25,31,0.17,0.00,0.17,0.17,0.17,0.11,0.04,0.15,0.11,0.15
Lameck Banda,zm ZAM,FW MF,Lecce,21,2001,36,19,1636,18.févr,2,1,3,2,0,0,6,0,03.mars,03.mars,01.mars,04.juil,86,28,160,0.11,0.06,0.17,0.11,0.17,0.18,0.07,0.26,0.18,0.26
Filippo Bandinelli,it ITA,MF,Empoli,27,1995,35,28,2263,25.janv,2,0,2,2,0,0,10,0,01.juil,01.juil,02.juin,04.avr,40,101,89,0.08,0.00,0.08,0.08,0.08,0.07,0.10,0.17,0.07,0.17
Antonín Barák,cz CZE,MF,Hellas Verona,27,1994,1,0,25,0.3,0,0,0,0,0,0,0,0,0.0,0.0,0.0,0.0,0,2,1,0.00,0.00,0.00,0.00,0.00,0.00,0.00,0.00,0.00,0.00
Antonín Barák,cz CZE,MF,Fiorentina,27,1994,30,21,1799,20.0,2,0,2,2,0,0,4,0,02.juin,02.juin,01.juin,04.janv,45,82,93,0.10,0.00,0.10,0.10,0.10,0.13,0.08,0.21,0.13,0.21
Andrea Barberis,it ITA,MF,Monza,28,1993,9,3,338,03.août,0,1,1,0,0,0,0,0,0.1,0.1,0.4,0.5,3,14,0,0.00,0.27,0.27,0.00,0.27,0.03,0.10,0.12,0.03,0.12
Tommaso Barbieri,it ITA,DF,Juventus,19,2002,3,2,109,01.févr,0,0,0,0,0,0,0,0,0.0,0.0,0.0,0.0,5,0,4,0.00,0.00,0.00,0.00,0.00,0.00,0.00,0.00,0.00,0.00
Francesco Bardi,it ITA,GK,Bologna,30,1992,1,1,90,1.0,0,0,0,0,0,0,0,0,0.0,0.0,0.0,0.0,0,0,0,0.00,0.00,0.00,0.00,0.00,0.00,0.00,0.00,0.00,0.00
Nicolò Barella,it ITA,MF,Inter,25,1997,35,31,2613,29.0,6,6,12,6,0,0,6,0,03.févr,03.févr,05.juin,08.août,76,214,162,0.21,0.21,0.41,0.21,0.41,0.11,0.19,0.30,0.11,0.30
Enzo Barrenechea,ar ARG,MF,Juventus,21,2001,3,3,158,01.août,0,0,0,0,0,0,0,0,0.1,0.1,0.0,0.1,1,5,2,0.00,0.00,0.00,0.00,0.00,0.04,0.01,0.05,0.04,0.05
Musa Barrow,gm GAM,FW MF,Bologna,23,1998,32,26,196,21.août,3,8,11,3,0,0,3,0,3.0,3.0,04.juil,07.juil,68,58,141,0.14,0.37,0.51,0.14,0.51,0.14,0.22,0.35,0.14,0.35
Federico Baschirotto,it ITA,DF,Lecce,25,1996,37,37,333,37.0,3,0,3,3,0,0,6,0,01.sept,01.sept,0.7,02.juin,12,107,12,0.08,0.00,0.08,0.08,0.08,0.05,0.02,0.07,0.05,0.07
Toma Bašić,hr CRO,MF,Lazio,25,1996,25,4,513,05.juil,1,0,1,1,0,0,2,0,01.août,01.août,0.4,02.févr,14,22,29,0.18,0.00,0.18,0.18,0.18,0.32,0.07,0.39,0.32,0.39
Player,Nation,Pos,Squad,Age,Born,MP,Starts,Min,90s,Gls,Ast,G+A,G-PK,PK,PKatt,CrdY,CrdR,xG,npxG,xAG,npxG+xAG,PrgC,PrgP,PrgR,Gls,Ast,G+A,G-PK,G+A-PK,xG,xAG,xG+xAG,npxG,npxG+xAG
Alberto Basso,it ITA,MF,Cremonese,18,2004,1,0,16,0.2,0,0,0,0,0,0,0,0,0.0,0.0,0.0,0.0,0,1,2,0.00,0.00,0.00,0.00,0.00,0.20,0.00,0.20,0.20,0.20
Alessandro Bastoni,it ITA,DF,Inter,23,1999,29,26,2157,24.0,0,2,2,0,0,0,3,0,1.0,1.0,02.juil,03.juil,47,141,44,0.00,0.08,0.08,0.00,0.08,0.04,0.11,0.15,0.04,0.15
Simone Bastoni,it ITA,MF DF,Spezia,25,1996,19,15,1189,13.févr,2,4,6,2,0,0,7,0,01.janv,01.janv,01.juil,02.août,20,32,65,0.15,0.30,0.45,0.15,0.45,0.08,0.13,0.21,0.08,0.21
Brian Bayeye,cd COD,DF,Torino,22,2000,2,1,64,0.7,0,0,0,0,0,0,0,0,0.0,0.0,0.0,0.0,3,3,5,0.00,0.00,0.00,0.00,0.00,0.00,0.03,0.03,0.00,0.03
Rodrigo Becão,br BRA,DF,Udinese,26,1996,28,28,2484,27.juin,2,1,3,2,0,0,11,1,01.mai,01.mai,0.6,02.janv,19,98,48,0.07,0.04,0.11,0.07,0.11,0.05,0.02,0.08,0.05,0.08
Julius Beck,dk DEN,MF,Spezia,17,2005,1,0,10,0.1,0,0,0,0,0,0,0,0,0.0,0.0,0.0,0.0,0,2,0,0.00,0.00,0.00,0.00,0.00,0.00,0.00,0.00,0.00,0.00
Raoul Bellanova,it ITA,DF,Inter,22,2000,18,3,496,05.mai,0,0,0,0,0,0,0,0,0.6,0.6,0.4,1.0,25,12,37,0.00,0.00,0.00,0.00,0.00,0.12,0.07,0.19,0.12,0.19
Andrea Belotti,it ITA,FW,Roma,28,1993,31,11,1146,12.juil,0,2,2,0,0,1,0,0,03.mai,02.juil,01.juin,04.mars,21,13,94,0.00,0.16,0.16,0.00,0.16,0.27,0.13,0.40,0.21,0.34
Marco Benassi,it ITA,DF,Fiorentina,27,1994,2,1,93,1.0,0,0,0,0,0,0,0,0,0.0,0.0,0.1,0.1,0,9,6,0.00,0.00,0.00,0.00,0.00,0.00,0.09,0.09,0.00,0.09
Marco Benassi,it ITA,MF,Cremonese,27,1994,15,11,998,11.janv,0,0,0,0,0,0,1,0,01.mars,01.mars,0.4,01.juil,10,27,30,0.00,0.00,0.00,0.00,0.00,0.12,0.04,0.16,0.12,0.16
Ismaël Bennacer,dz ALG,MF,Milan,24,1997,28,24,2007,22.mars,2,2,4,2,0,0,5,0,1.0,1.0,03.mars,04.mars,30,132,52,0.09,0.09,0.18,0.09,0.18,0.04,0.15,0.19,0.04,0.19
Domenico Berardi,it ITA,FW,Sassuolo,27,1994,26,22,1866,20.juil,12,7,19,5,7,8,7,0,11.avr,05.janv,06.juin,11.juil,57,114,213,0.58,0.34,0.92,0.24,0.58,0.55,0.32,0.87,0.24,0.56
Bartosz Bereszyński,pl POL,DF,Sampdoria,30,1992,15,15,1198,13.mars,0,0,0,0,0,0,1,0,0.1,0.1,0.1,0.2,20,44,40,0.00,0.00,0.00,0.00,0.00,0.01,0.01,0.02,0.01,0.02
Bartosz Bereszyński,pl POL,DF,Napoli,30,1992,3,2,166,01.août,0,1,1,0,0,0,1,0,0.0,0.0,0.2,0.2,8,7,7,0.00,0.54,0.54,0.00,0.54,0.00,0.10,0.10,0.00,0.10
Marco Bertini,it ITA,MF,Lazio,19,2002,1,0,1,0.0,0,0,0,0,0,0,0,0,0.0,0.0,0.0,0.0,0,0,0,0.00,0.00,0.00,0.00,0.00,0.00,0.00,0.00,0.00,0.00
Beto,gw GNB,FW,Udinese,24,1998,33,23,2129,23.juil,10,1,11,9,1,1,2,0,10.sept,10.janv,02.juin,12.juin,25,13,121,0.42,0.04,0.47,0.38,0.42,0.46,0.11,0.57,0.43,0.53
Matteo Bianchetti,it ITA,DF,Cremonese,29,1993,25,22,2132,23.juil,1,0,1,1,0,0,5,0,0.8,0.8,0.5,01.févr,6,47,4,0.04,0.00,0.04,0.04,0.04,0.03,0.02,0.05,0.03,0.05
Alessandro Bianco,it ITA,MF,Fiorentina,19,2002,7,2,153,01.juil,0,0,0,0,0,0,1,0,0.1,0.1,0.0,0.1,4,9,2,0.00,0.00,0.00,0.00,0.00,0.04,0.01,0.05,0.04,0.05
Jaka Bijol,si SVN,DF,Udinese,23,1999,32,32,2728,30.mars,3,2,5,3,0,0,10,0,02.févr,02.févr,01.juin,03.sept,3,66,7,0.10,0.07,0.16,0.10,0.16,0.07,0.05,0.13,0.07,0.13
Cristiano Biraghi,it ITA,DF,Fiorentina,29,1992,33,30,2551,28.mars,2,4,6,2,0,1,1,0,01.août,01.janv,05.mai,06.juin,69,161,113,0.07,0.14,0.21,0.07,0.21,0.07,0.19,0.26,0.04,0.23
Samuele Birindelli,it ITA,DF,Monza,23,1999,31,14,14,15.juin,0,1,1,0,0,0,8,0,01.janv,01.janv,02.févr,03.mars,55,43,121,0.00,0.06,0.06,0.00,0.06,0.07,0.14,0.21,0.07,0.21
Kristijan Bistrović,hr CRO,MF,Lecce,24,1998,11,5,461,05.janv,0,0,0,0,0,0,0,0,0.3,0.3,0.4,0.7,4,16,8,0.00,0.00,0.00,0.00,0.00,0.07,0.07,0.14,0.07,0.14
Alexis Blin,fr FRA,MF,Lecce,25,1996,35,26,2376,26.avr,1,0,1,1,0,0,8,0,02.août,02.août,01.janv,03.sept,13,101,32,0.04,0.00,0.04,0.04,0.04,0.11,0.04,0.15,0.11,0.15
Jeremie Boga,ci CIV,MF FW,Atalanta,25,1997,23,5,782,08.juil,2,5,7,2,0,0,0,0,01.sept,01.sept,02.août,04.juil,64,53,78,0.23,0.58,0.81,0.23,0.81,0.22,0.33,0.54,0.22,0.54
Emil Bohinen,no NOR,MF,Salernitana,23,1999,24,9,832,09.févr,0,0,0,0,0,0,0,0,0.1,0.1,0.7,0.8,12,31,16,0.00,0.00,0.00,0.00,0.00,0.02,0.07,0.09,0.02,0.09
Player,Nation,Pos,Squad,Age,Born,MP,Starts,Min,90s,Gls,Ast,G+A,G-PK,PK,PKatt,CrdY,CrdR,xG,npxG,xAG,npxG+xAG,PrgC,PrgP,PrgR,Gls,Ast,G+A,G-PK,G+A-PK,xG,xAG,xG+xAG,npxG,npxG+xAG
Giacomo Bonaventura,it ITA,MF,Fiorentina,32,1989,30,21,1911,21.févr,5,1,6,5,0,0,4,1,04.mars,04.mars,03.janv,07.avr,64,102,91,0.24,0.05,0.28,0.24,0.28,0.20,0.15,0.35,0.20,0.35
Federico Bonazzoli,it ITA,FW MF,Salernitana,25,1997,24,12,1119,12.avr,2,1,3,2,0,0,1,0,02.avr,02.avr,01.janv,03.mai,11,43,67,0.16,0.08,0.24,0.16,0.24,0.19,0.09,0.28,0.19,0.28
Warren Bondo,fr FRA,MF,Monza,18,2003,4,0,60,0.7,0,0,0,0,0,0,1,0,0.1,0.1,0.0,0.1,3,5,2,0.00,0.00,0.00,0.00,0.00,0.09,0.00,0.09,0.09,0.09
Kevin Bonifazi,it ITA,DF,Bologna,26,1996,13,9,902,10.0,0,0,0,0,0,0,2,0,0.2,0.2,0.0,0.2,4,33,0,0.00,0.00,0.00,0.00,0.00,0.02,0.00,0.02,0.02,0.02
Leonardo Bonucci,it ITA,DF,Juventus,35,1987,16,9,879,09.août,1,0,1,1,0,1,2,0,01.janv,0.3,0.2,0.5,2,28,1,0.10,0.00,0.10,0.10,0.10,0.11,0.02,0.13,0.03,0.05
Erik Botheim,no NOR,MF FW,Salernitana,22,2000,28,9,866,09.juin,1,3,4,1,0,0,2,0,0.6,0.6,01.août,02.mars,11,21,61,0.10,0.31,0.42,0.10,0.42,0.06,0.18,0.24,0.06,0.24
Mehdi Bourabia,ma MAR,MF,Spezia,30,1991,37,36,2771,30.août,1,3,4,1,0,0,3,0,02.janv,02.janv,04.avr,06.mai,37,113,58,0.03,0.10,0.13,0.03,0.13,0.07,0.14,0.21,0.07,0.21
Edoardo Bove,it ITA,MF,Roma,20,2002,22,10,992,11.0,1,0,1,1,0,0,2,0,0.8,0.5,0.9,01.avr,9,33,26,0.09,0.00,0.09,0.09,0.09,0.07,0.08,0.15,0.05,0.13
Jayden Braaf,nl NED,MF FW,Hellas Verona,19,2002,6,2,288,03.févr,0,0,0,0,0,0,1,0,0.8,0.8,0.1,0.9,10,5,29,0.00,0.00,0.00,0.00,0.00,0.24,0.05,0.28,0.24,0.28
Domagoj Bradarić,hr CRO,DF,Salernitana,22,1999,31,24,225,25.0,0,3,3,0,0,0,5,0,0.2,0.2,02.mars,02.mai,63,52,107,0.00,0.12,0.12,0.00,0.12,0.01,0.09,0.10,0.01,0.10
Josip Brekalo,hr CRO,FW MF,Fiorentina,24,1998,6,1,229,02.mai,0,0,0,0,0,0,1,0,0.7,0.7,0.5,01.févr,11,18,31,0.00,0.00,0.00,0.00,0.00,0.26,0.20,0.46,0.26,0.46
Gleison Bremer,br BRA,DF,Juventus,25,1997,30,30,2634,29.mars,4,1,5,4,0,0,6,0,04.sept,04.sept,01.juil,06.juin,8,54,4,0.14,0.03,0.17,0.14,0.17,0.17,0.06,0.23,0.17,0.23
Dylan Bronn,tn TUN,DF,Salernitana,27,1995,24,19,1683,18.juil,0,0,0,0,0,0,5,1,0.7,0.7,0.4,1.0,10,70,5,0.00,0.00,0.00,0.00,0.00,0.03,0.02,0.05,0.03,0.05
Marcelo Brozović,hr CRO,MF,Inter,29,1992,28,19,177,19.juil,3,5,8,3,0,0,8,0,02.mai,02.mai,02.août,05.mars,29,114,35,0.15,0.25,0.41,0.15,0.41,0.13,0.14,0.27,0.13,0.27
Cristian Buonaiuto,it ITA,MF FW,Cremonese,29,1992,29,7,980,10.sept,1,0,1,0,1,1,3,0,03.mars,02.mai,01.août,04.févr,35,39,89,0.09,0.00,0.09,0.00,0.00,0.30,0.16,0.46,0.23,0.39
Alessandro Buongiorno,it ITA,DF,Torino,23,1999,34,30,2721,30.2,1,2,3,1,0,0,8,0,02.févr,02.févr,01.mars,03.juin,13,81,19,0.03,0.07,0.10,0.03,0.10,0.07,0.04,0.12,0.07,0.12
Leonardo Buta,pt POR,DF,Udinese,20,2002,2,0,16,0.2,0,0,0,0,0,0,0,0,0.0,0.0,0.0,0.0,1,1,1,0.00,0.00,0.00,0.00,0.00,0.00,0.00,0.00,0.00,0.00
Arthur Cabral,br BRA,FW,Fiorentina,24,1998,28,15,1432,15.sept,8,1,9,6,2,2,4,0,07.sept,06.mars,0.8,7.0,11,21,86,0.50,0.06,0.57,0.38,0.44,0.49,0.05,0.54,0.39,0.44
Liberato Cacace,nz NZL,DF,Empoli,21,2000,12,5,587,06.mai,0,0,0,0,0,0,1,0,0.6,0.6,0.6,01.févr,21,41,31,0.00,0.00,0.00,0.00,0.00,0.09,0.10,0.19,0.09,0.19
Davide Calabria,it ITA,DF,Milan,25,1996,25,21,169,18.août,1,4,5,1,0,0,6,0,01.févr,01.févr,01.juil,02.sept,26,108,80,0.05,0.21,0.27,0.05,0.27,0.06,0.09,0.15,0.06,0.15
Mattia Caldara,it ITA,DF,Spezia,28,1994,20,13,1253,13.sept,0,0,0,0,0,0,6,0,0.8,0.8,0.0,0.8,5,35,4,0.00,0.00,0.00,0.00,0.00,0.06,0.00,0.06,0.06,0.06
Luca Caldirola,it ITA,DF,Monza,31,1991,31,27,2353,26.janv,2,0,2,2,0,0,6,0,01.janv,01.janv,0.5,01.juin,12,63,13,0.08,0.00,0.08,0.08,0.08,0.04,0.02,0.06,0.04,0.06
Hakan Çalhanoğlu,tr TUR,MF,Inter,28,1994,33,28,2363,26.mars,3,6,9,2,1,1,3,0,03.janv,02.mars,5.0,07.mars,46,172,68,0.11,0.23,0.34,0.08,0.30,0.12,0.19,0.31,0.09,0.28
Mohamed Camara,gn GUI,MF,Roma,25,1997,15,8,696,07.juil,0,0,0,0,0,0,3,0,0.6,0.6,0.4,1.0,13,30,14,0.00,0.00,0.00,0.00,0.00,0.08,0.05,0.13,0.08,0.13
Nicolò Cambiaghi,it ITA,FW MF,Empoli,21,2000,28,12,1285,14.mars,6,1,7,6,0,0,5,1,03.avr,03.avr,01.janv,04.mai,73,42,99,0.42,0.07,0.49,0.42,0.49,0.23,0.08,0.31,0.23,0.31
Player,Nation,Pos,Squad,Age,Born,MP,Starts,Min,90s,Gls,Ast,G+A,G-PK,PK,PKatt,CrdY,CrdR,xG,npxG,xAG,npxG+xAG,PrgC,PrgP,PrgR,Gls,Ast,G+A,G-PK,G+A-PK,xG,xAG,xG+xAG,npxG,npxG+xAG
Andrea Cambiaso,it ITA,DF,Bologna,22,2000,32,25,217,24.janv,0,3,3,0,0,0,2,0,0.9,0.9,02.avr,03.mars,64,83,105,0.00,0.12,0.12,0.00,0.12,0.04,0.10,0.14,0.04,0.14
Matteo Cancellieri,it ITA,FW,Lazio,20,2002,20,1,256,02.août,0,0,0,0,0,0,4,0,0.4,0.4,0.4,0.8,15,2,33,0.00,0.00,0.00,0.00,0.00,0.14,0.14,0.28,0.14,0.28
Antonio Candreva,it ITA,MF DF,Salernitana,35,1987,35,32,2726,30.mars,7,4,11,7,0,0,3,1,03.juil,03.juil,04.juil,08.mars,71,135,171,0.23,0.13,0.36,0.23,0.36,0.12,0.15,0.27,0.12,0.27
Gianluca Caprari,it ITA,MF FW,Monza,29,1993,37,32,2441,27.janv,5,2,7,4,1,1,7,0,5.0,04.févr,02.mai,06.juil,100,92,188,0.18,0.07,0.26,0.15,0.22,0.18,0.09,0.28,0.15,0.25
Francesco Caputo,it ITA,FW,Sampdoria,34,1987,15,13,1094,12.févr,1,0,1,1,0,0,0,0,01.sept,01.sept,0.5,02.avr,6,11,76,0.08,0.00,0.08,0.08,0.08,0.15,0.04,0.19,0.15,0.19
Francesco Caputo,it ITA,FW,Empoli,34,1987,21,20,1708,19.0,5,4,9,3,2,2,1,0,07.mai,05.sept,02.févr,08.janv,16,21,128,0.26,0.21,0.47,0.16,0.37,0.39,0.12,0.51,0.31,0.43
Andrea Carboni,it ITA,DF,Monza,21,2001,4,1,167,01.sept,0,0,0,0,0,0,0,0,0.1,0.1,0.1,0.2,4,9,2,0.00,0.00,0.00,0.00,0.00,0.03,0.07,0.10,0.03,0.10
Franco Carboni,it ITA,DF FW,Monza,19,2003,3,0,66,0.7,0,0,0,0,0,0,0,0,0.1,0.1,0.0,0.1,7,2,8,0.00,0.00,0.00,0.00,0.00,0.11,0.06,0.17,0.11,0.17
Valentin Carboni,ar ARG,MF DF,Inter,17,2005,5,0,25,0.3,0,0,0,0,0,0,0,0,0.0,0.0,0.0,0.0,2,1,3,0.00,0.00,0.00,0.00,0.00,0.00,0.09,0.09,0.00,0.09
Marco Carnesecchi,it ITA,GK,Cremonese,22,2000,27,27,243,27.0,0,1,1,0,0,0,1,0,0.0,0.0,0.2,0.2,0,0,0,0.00,0.04,0.04,0.00,0.04,0.00,0.01,0.01,0.00,0.01
Nicolò Casale,it ITA,DF,Lazio,24,1998,29,27,2437,27.janv,1,1,2,1,0,0,6,0,0.6,0.6,0.3,0.9,11,70,3,0.04,0.04,0.07,0.04,0.07,0.02,0.01,0.03,0.02,0.03
Tommaso Cassandro,it ITA,DF,Lecce,22,2000,1,0,13,0.1,0,0,0,0,0,0,0,0,0.0,0.0,0.0,0.0,0,0,0,0.00,0.00,0.00,0.00,0.00,0.00,0.00,0.00,0.00,0.00
Michele Castagnetti,it ITA,MF,Cremonese,32,1989,27,14,1412,15.juil,0,1,1,0,0,0,2,0,0.6,0.6,01.août,02.mai,14,120,10,0.00,0.06,0.06,0.00,0.06,0.04,0.12,0.16,0.04,0.16
Gaetano Castrovilli,it ITA,MF,Fiorentina,25,1997,15,7,718,8.0,2,1,3,2,0,0,3,0,01.févr,01.févr,01.janv,02.mars,12,14,16,0.25,0.13,0.38,0.25,0.38,0.15,0.14,0.29,0.15,0.29
Danilo Cataldi,it ITA,MF,Lazio,27,1994,29,26,1921,21.mars,0,1,1,0,0,0,5,0,0.2,0.2,01.janv,01.avr,8,83,14,0.00,0.05,0.05,0.00,0.05,0.01,0.05,0.06,0.01,0.06
Pietro Ceccaroni,it ITA,DF,Lecce,26,1995,2,0,43,0.5,0,0,0,0,0,0,0,0,0.1,0.1,0.2,0.3,0,0,1,0.00,0.00,0.00,0.00,0.00,0.24,0.33,0.58,0.24,0.58
Federico Ceccherini,it ITA,DF,Hellas Verona,30,1992,22,18,1417,15.juil,2,0,2,2,0,0,9,1,0.8,0.8,0.2,1.0,25,53,20,0.13,0.00,0.13,0.13,0.13,0.05,0.01,0.06,0.05,0.06
Assan Ceesay,gm GAM,FW,Lecce,28,1994,34,20,1812,20.janv,6,0,6,5,1,1,2,0,05.janv,04.mars,0.8,05.janv,21,16,111,0.30,0.00,0.30,0.25,0.25,0.25,0.04,0.29,0.21,0.25
Emil Ceide,no NOR,FW,Sassuolo,20,2001,19,5,515,05.juil,0,1,1,0,0,0,0,0,0.8,0.8,01.mars,02.janv,37,19,47,0.00,0.17,0.17,0.00,0.17,0.15,0.23,0.38,0.15,0.38
Zeki Çelik,tr TUR,DF,Roma,25,1997,24,16,1504,16.juil,0,1,1,0,0,0,7,1,0.3,0.3,01.juin,01.sept,34,67,76,0.00,0.06,0.06,0.00,0.06,0.02,0.09,0.12,0.02,0.12
Michele Cerofolini,it ITA,GK,Fiorentina,23,1999,5,5,450,5.0,0,0,0,0,0,0,0,0,0.0,0.0,0.0,0.0,0,0,0,0.00,0.00,0.00,0.00,0.00,0.00,0.00,0.00,0.00,0.00
Federico Chiesa,it ITA,DF MF,Juventus,24,1997,21,6,852,09.mai,2,5,7,2,0,0,2,0,01.mai,01.mai,02.juin,04.janv,46,34,88,0.21,0.53,0.74,0.21,0.74,0.15,0.27,0.43,0.15,0.43
Vlad Chiricheș,ro ROU,DF,Cremonese,32,1989,16,14,983,10.sept,0,0,0,0,0,0,2,0,0.0,0.0,0.0,0.0,2,18,1,0.00,0.00,0.00,0.00,0.00,0.00,0.00,0.00,0.00,0.00
Daniel Ciofani,it ITA,FW,Cremonese,37,1985,32,10,106,11.août,8,0,8,5,3,4,1,0,05.mai,02.mars,0.7,02.sept,5,10,36,0.68,0.00,0.68,0.42,0.42,0.47,0.06,0.53,0.19,0.25
Tio Cipot,si SVN,FW MF,Spezia,19,2003,8,0,139,01.mai,0,0,0,0,0,0,0,0,0.0,0.0,0.1,0.2,5,5,17,0.00,0.00,0.00,0.00,0.00,0.02,0.08,0.11,0.02,0.11
Player,Nation,Pos,Squad,Age,Born,MP,Starts,Min,90s,Gls,Ast,G+A,G-PK,PK,PKatt,CrdY,CrdR,xG,npxG,xAG,npxG+xAG,PrgC,PrgP,PrgR,Gls,Ast,G+A,G-PK,G+A-PK,xG,xAG,xG+xAG,npxG,npxG+xAG
Patrick Ciurria,it ITA,DF MF,Monza,27,1995,36,31,2753,30.juin,6,5,11,6,0,0,4,0,04.août,04.août,05.mai,10.févr,67,91,168,0.20,0.16,0.36,0.20,0.36,0.16,0.18,0.34,0.16,0.34
Nicolò Cocetta,it ITA,DF,Udinese,18,2003,1,0,32,0.4,0,0,0,0,0,0,0,0,0.0,0.0,0.0,0.0,0,0,0,0.00,0.00,0.00,0.00,0.00,0.00,0.00,0.00,0.00,0.00
Omar Colley,gm GAM,DF,Sampdoria,29,1992,16,15,1384,15.avr,1,0,1,1,0,0,5,0,01.févr,01.févr,0.0,01.févr,3,33,2,0.07,0.00,0.07,0.07,0.07,0.08,0.00,0.08,0.08,0.08
Lorenzo Colombo,it ITA,FW,Lecce,20,2002,33,18,1515,16.août,5,2,7,4,1,2,4,0,06.févr,04.juin,01.avr,06.janv,14,21,119,0.30,0.12,0.42,0.24,0.36,0.37,0.09,0.45,0.28,0.36
Andrea Colpani,it ITA,MF,Monza,23,1999,27,10,948,10.mai,4,1,5,4,0,0,1,0,02.janv,02.janv,01.sept,04.janv,31,51,69,0.38,0.09,0.47,0.38,0.47,0.20,0.18,0.39,0.20,0.39
Andrea Consigli,it ITA,GK,Sassuolo,35,1987,35,35,315,35.0,0,0,0,0,0,0,0,0,0.0,0.0,0.0,0.0,0,1,0,0.00,0.00,0.00,0.00,0.00,0.00,0.00,0.00,0.00,0.00
Andrea Conti,it ITA,DF,Sampdoria,28,1994,1,0,23,0.3,0,0,0,0,0,0,0,0,0.0,0.0,0.0,0.0,0,1,2,0.00,0.00,0.00,0.00,0.00,0.00,0.00,0.00,0.00,0.00
Diego Coppola,it ITA,DF,Hellas Verona,18,2003,19,11,1177,13.janv,0,0,0,0,0,0,5,0,0.3,0.3,0.0,0.3,9,42,8,0.00,0.00,0.00,0.00,0.00,0.03,0.00,0.03,0.03,0.03
Alex Cordaz,it ITA,GK,Inter,39,1983,1,0,26,0.3,0,0,0,0,0,0,0,0,0.0,0.0,0.0,0.0,0,0,0,0.00,0.00,0.00,0.00,0.00,0.00,0.00,0.00,0.00,0.00
Joaquín Correa,ar ARG,FW,Inter,27,1994,26,12,950,10.juin,3,1,4,3,0,0,1,0,03.avr,03.avr,01.mars,04.juil,19,29,61,0.28,0.09,0.38,0.28,0.38,0.33,0.12,0.45,0.33,0.45
Alessandro Cortinovis,it ITA,MF,Hellas Verona,21,2001,1,0,6,0.1,0,0,0,0,0,0,0,0,0.0,0.0,0.0,0.0,0,2,2,0.00,0.00,0.00,0.00,0.00,0.00,0.00,0.00,0.00,0.00
Lassana Coulibaly,ml MLI,MF,Salernitana,26,1996,35,34,2892,32.1,3,3,6,3,0,0,12,0,0.8,0.8,01.août,02.juin,52,120,59,0.09,0.09,0.19,0.09,0.19,0.03,0.06,0.08,0.03,0.08
Alessio Cragno,it ITA,GK,Monza,28,1994,1,1,90,1.0,0,0,0,0,0,0,0,0,0.0,0.0,0.0,0.0,0,0,0,0.00,0.00,0.00,0.00,0.00,0.00,0.00,0.00,0.00,0.00
Bryan Cristante,it ITA,MF DF,Roma,27,1995,36,34,2938,32.6,1,1,2,1,0,1,8,1,02.juin,01.août,01.avr,03.févr,16,142,27,0.03,0.03,0.06,0.03,0.06,0.08,0.04,0.12,0.06,0.10
Domen Črnigoj,si SVN,MF,Salernitana,26,1995,7,4,296,03.mars,0,0,0,0,0,0,1,0,0.1,0.1,0.4,0.5,2,3,9,0.00,0.00,0.00,0.00,0.00,0.03,0.13,0.16,0.03,0.16
Juan Cuadrado,co COL,DF FW,Juventus,34,1988,31,24,2078,23.janv,1,3,4,1,0,0,6,1,01.avr,01.avr,02.juil,04.févr,48,92,125,0.04,0.13,0.17,0.04,0.17,0.06,0.12,0.18,0.06,0.18
Mickaël Cuisance,fr FRA,MF,Sampdoria,22,1999,12,9,618,06.sept,0,0,0,0,0,0,1,0,0.5,0.5,0.7,01.févr,11,23,31,0.00,0.00,0.00,0.00,0.00,0.07,0.10,0.17,0.07,0.17
Marco D'Alessandro,it ITA,DF FW,Monza,31,1991,8,3,290,03.févr,0,0,0,0,0,0,2,0,0.3,0.3,0.2,0.5,14,3,19,0.00,0.00,0.00,0.00,0.00,0.10,0.06,0.16,0.10,0.16
Danilo D'Ambrosio,it ITA,DF,Inter,33,1988,15,8,733,08.janv,0,2,2,0,0,0,3,1,0.3,0.3,0.7,0.9,8,34,17,0.00,0.25,0.25,0.00,0.25,0.03,0.08,0.11,0.03,0.11
Luca D'Andrea,it ITA,FW,Sassuolo,17,2004,5,5,316,03.mai,0,1,1,0,0,0,0,0,0.3,0.3,0.8,01.janv,11,9,29,0.00,0.28,0.28,0.00,0.28,0.08,0.23,0.31,0.08,0.31
Flavius Daniliuc,at AUT,DF,Salernitana,21,2001,27,23,2195,24.avr,0,2,2,0,0,0,9,0,0.6,0.6,0.5,01.févr,14,70,5,0.00,0.08,0.08,0.00,0.08,0.03,0.02,0.05,0.03,0.05
Danilo,br BRA,DF,Juventus,31,1991,37,35,3184,35.4,3,3,6,3,0,0,5,0,02.août,02.août,02.avr,05.févr,39,176,43,0.08,0.08,0.17,0.08,0.17,0.08,0.07,0.15,0.08,0.15
Matteo Darmian,it ITA,DF,Inter,32,1989,31,24,2025,22.mai,1,2,3,1,0,0,3,0,1.0,1.0,01.sept,02.sept,22,88,96,0.04,0.09,0.13,0.04,0.13,0.04,0.09,0.13,0.04,0.13
Juan David Cabal,co COL,DF,Hellas Verona,21,2001,11,3,444,04.sept,0,0,0,0,0,0,3,0,0.0,0.0,0.3,0.3,4,17,8,0.00,0.00,0.00,0.00,0.00,0.00,0.06,0.06,0.00,0.06
Paweł Dawidowicz,pl POL,DF,Hellas Verona,27,1995,23,20,1632,18.janv,1,1,2,1,0,0,6,1,01.janv,01.janv,0.8,01.sept,20,60,17,0.06,0.06,0.11,0.06,0.11,0.06,0.04,0.11,0.06,0.11
Player,Nation,Pos,Squad,Age,Born,MP,Starts,Min,90s,Gls,Ast,G+A,G-PK,PK,PKatt,CrdY,CrdR,xG,npxG,xAG,npxG+xAG,PrgC,PrgP,PrgR,Gls,Ast,G+A,G-PK,G+A-PK,xG,xAG,xG+xAG,npxG,npxG+xAG
Charles De Ketelaere,be BEL,MF FW,Milan,21,2001,32,9,1116,12.avr,0,1,1,0,0,0,2,0,2.0,2.0,2.0,4.0,45,59,69,0.00,0.08,0.08,0.00,0.08,0.16,0.16,0.32,0.16,0.32
Manuel De Luca,it ITA,FW MF,Sampdoria,24,1998,2,0,44,0.5,0,0,0,0,0,0,0,0,0.0,0.0,0.0,0.0,0,0,4,0.00,0.00,0.00,0.00,0.00,0.00,0.00,0.00,0.00,0.00
Tommaso De Nipoti,it ITA,MF,Atalanta,19,2003,1,0,4,0.0,0,0,0,0,0,0,0,0,0.0,0.0,0.0,0.0,1,1,0,0.00,0.00,0.00,0.00,0.00,0.00,0.00,0.00,0.00,0.00
Mattia De Sciglio,it ITA,DF,Juventus,29,1992,17,11,1042,11.juin,0,0,0,0,0,0,0,0,0.1,0.1,0.5,0.6,16,50,40,0.00,0.00,0.00,0.00,0.00,0.01,0.04,0.05,0.01,0.05
Lorenzo De Silvestri,it ITA,DF,Bologna,34,1988,15,6,672,07.mai,1,0,1,1,0,0,1,0,0.6,0.6,0.2,0.9,18,31,17,0.13,0.00,0.13,0.13,0.13,0.09,0.03,0.12,0.09,0.12
Koni De Winter,be BEL,DF,Empoli,20,2002,14,12,1024,11.avr,0,0,0,0,0,0,3,0,0.0,0.0,0.2,0.2,2,22,0,0.00,0.00,0.00,0.00,0.00,0.00,0.01,0.01,0.00,0.01
Grégoire Defrel,mq MTQ,FW,Sassuolo,31,1991,27,13,1167,13.0,2,1,3,2,0,0,3,0,03.mai,03.mai,0.5,4.0,11,10,75,0.15,0.08,0.23,0.15,0.23,0.27,0.04,0.31,0.27,0.31
Duccio Degl'Innocenti,it ITA,MF,Empoli,19,2003,1,0,3,0.0,0,0,0,0,0,0,0,0,0.0,0.0,0.0,0.0,0,0,0,0.00,0.00,0.00,0.00,0.00,0.00,0.00,0.00,0.00,0.00
Merih Demiral,tr TUR,DF,Atalanta,24,1998,28,14,1536,17.janv,1,0,1,1,0,0,5,0,0.7,0.7,0.5,01.févr,3,26,4,0.06,0.00,0.06,0.06,0.06,0.04,0.03,0.07,0.04,0.07
Diego Demme,de GER,MF,Napoli,30,1991,7,2,146,01.juin,0,0,0,0,0,0,0,0,0.0,0.0,0.0,0.0,3,16,1,0.00,0.00,0.00,0.00,0.00,0.00,0.01,0.01,0.00,0.01
Fabio Depaoli,it ITA,DF,Hellas Verona,25,1997,31,24,2173,24.janv,2,2,4,2,0,0,7,0,01.juil,01.juil,01.févr,02.sept,28,66,76,0.08,0.08,0.17,0.08,0.17,0.07,0.05,0.12,0.07,0.12
Fabio Depaoli,it ITA,DF MF,Sampdoria,25,1997,3,1,136,01.mai,0,0,0,0,0,0,1,0,0.2,0.2,0.4,0.6,2,10,6,0.00,0.00,0.00,0.00,0.00,0.12,0.26,0.38,0.12,0.38
Kastriot Dermaku,al ALB,DF,Lecce,30,1992,1,0,34,0.4,0,0,0,0,0,0,0,0,0.0,0.0,0.0,0.0,0,0,0,0.00,0.00,0.00,0.00,0.00,0.00,0.00,0.00,0.00,0.00
Cyriel Dessers,ng NGA,FW,Cremonese,27,1994,26,19,1587,17.juin,6,1,7,6,0,1,3,0,07.janv,06.avr,01.juin,8.0,21,27,110,0.34,0.06,0.40,0.34,0.40,0.40,0.09,0.50,0.36,0.45
Sergiño Dest,us USA,DF,Milan,21,2000,8,2,329,03.juil,0,0,0,0,0,0,0,0,0.3,0.3,0.3,0.6,11,14,12,0.00,0.00,0.00,0.00,0.00,0.08,0.09,0.17,0.08,0.17
Mattia Destro,it ITA,FW MF,Empoli,31,1991,17,6,572,06.avr,1,0,1,1,0,0,3,0,01.avr,01.avr,0.4,01.août,4,4,20,0.16,0.00,0.16,0.16,0.16,0.22,0.06,0.28,0.22,0.28
Gerard Deulofeu,es ESP,FW,Udinese,28,1994,16,15,1211,13.mai,2,6,8,2,0,0,1,0,05.janv,05.janv,04.avr,09.mai,72,82,118,0.15,0.45,0.59,0.15,0.59,0.38,0.33,0.70,0.38,0.70
Samuel Di Carmine,it ITA,FW MF,Cremonese,33,1988,2,0,28,0.3,0,0,0,0,0,0,0,0,0.1,0.1,0.0,0.1,1,1,2,0.00,0.00,0.00,0.00,0.00,0.28,0.00,0.28,0.28,0.28
Federico Di Francesco,it ITA,FW MF,Lecce,28,1994,36,23,2031,22.juin,2,2,4,2,0,0,5,0,03.févr,03.févr,02.juil,6.0,50,60,177,0.09,0.09,0.18,0.09,0.18,0.14,0.12,0.27,0.14,0.27
Michele Di Gregorio,it ITA,GK,Monza,25,1997,37,37,333,37.0,0,1,1,0,0,0,0,0,0.0,0.0,0.0,0.0,0,0,0,0.00,0.03,0.03,0.00,0.03,0.00,0.00,0.00,0.00,0.00
Giovanni Di Lorenzo,it ITA,DF,Napoli,28,1993,37,36,3257,36.2,3,4,7,3,0,0,2,0,02.juil,02.juil,04.juil,07.avr,73,256,182,0.08,0.11,0.19,0.08,0.19,0.07,0.13,0.20,0.07,0.20
Ángel Di María,ar ARG,FW MF,Juventus,34,1988,26,15,1363,15.janv,4,4,8,3,1,1,1,1,03.janv,02.mars,04.mai,06.juil,56,96,95,0.26,0.26,0.53,0.20,0.46,0.20,0.29,0.50,0.15,0.44
Boulaye Dia,sn SEN,FW MF,Salernitana,25,1996,33,27,2518,28.0,16,6,22,15,1,1,4,0,08.août,8.0,03.janv,11.janv,48,50,140,0.57,0.21,0.79,0.54,0.75,0.31,0.11,0.43,0.29,0.40
Brahim Díaz,ma MAR,MF FW,Milan,22,1999,33,27,1925,21.avr,6,7,13,6,0,0,3,0,6.0,6.0,05.juin,11.mai,80,121,116,0.28,0.33,0.61,0.28,0.61,0.28,0.26,0.54,0.28,0.54
Federico Dimarco,it ITA,DF,Inter,24,1997,33,26,2069,23.0,4,3,7,4,0,0,0,0,03.janv,03.janv,06.sept,09.sept,45,88,189,0.17,0.13,0.30,0.17,0.30,0.13,0.30,0.43,0.13,0.43
Player,Nation,Pos,Squad,Age,Born,MP,Starts,Min,90s,Gls,Ast,G+A,G-PK,PK,PKatt,CrdY,CrdR,xG,npxG,xAG,npxG+xAG,PrgC,PrgP,PrgR,Gls,Ast,G+A,G-PK,G+A-PK,xG,xAG,xG+xAG,npxG,npxG+xAG
Koffi Djidji,ci CIV,DF,Torino,29,1992,34,26,2424,26.sept,1,0,1,1,0,0,3,0,0.9,0.9,0.1,01.janv,11,83,13,0.04,0.00,0.04,0.04,0.04,0.04,0.00,0.04,0.04,0.04
Berat Djimsiti,al ALB,DF,Atalanta,29,1993,24,20,1797,20.0,0,1,1,0,0,0,3,0,0.6,0.6,0.2,0.8,7,45,9,0.00,0.05,0.05,0.00,0.05,0.03,0.01,0.04,0.03,0.04
Dodô,br BRA,DF,Fiorentina,23,1998,33,28,2331,25.sept,1,3,4,1,0,0,5,1,0.7,0.7,02.févr,02.sept,72,141,104,0.04,0.12,0.15,0.04,0.15,0.03,0.09,0.11,0.03,0.11
Josh Doig,sct SCO,DF,Hellas Verona,20,2002,22,15,1354,15.0,2,3,5,2,0,0,1,0,01.août,01.août,01.févr,3.0,41,27,61,0.13,0.20,0.33,0.13,0.33,0.12,0.08,0.20,0.12,0.20
Nicolás Domínguez,ar ARG,MF,Bologna,24,1998,31,26,23,25.juin,3,2,5,3,0,0,10,0,02.juin,02.juin,02.sept,05.avr,39,147,84,0.12,0.08,0.20,0.12,0.20,0.10,0.11,0.21,0.10,0.21
Giulio Donati,it ITA,DF,Monza,32,1990,8,4,422,04.juil,1,0,1,1,0,0,4,2,0.4,0.4,0.1,0.5,4,21,8,0.21,0.00,0.21,0.21,0.21,0.08,0.02,0.11,0.08,0.11
Bartłomiej Drągowski,pl POL,GK,Spezia,24,1997,34,34,2946,32.7,0,1,1,0,0,0,1,0,0.0,0.0,0.1,0.1,0,0,0,0.00,0.03,0.03,0.00,0.03,0.00,0.00,0.00,0.00,0.00
Ondrej Duda,sk SVK,MF,Hellas Verona,27,1994,15,11,1061,11.août,0,0,0,0,0,0,4,0,0.8,0.8,0.3,01.janv,15,44,22,0.00,0.00,0.00,0.00,0.00,0.07,0.03,0.10,0.07,0.10
Denzel Dumfries,nl NED,DF,Inter,26,1996,34,25,2218,24.juin,1,4,5,1,0,0,4,0,03.juin,03.juin,04.sept,08.mai,62,59,172,0.04,0.16,0.20,0.04,0.20,0.15,0.20,0.35,0.15,0.35
Alfred Duncan,gh GHA,MF,Fiorentina,29,1993,25,13,1103,12.mars,1,0,1,1,0,0,3,0,0.5,0.5,0.6,01.janv,18,70,30,0.08,0.00,0.08,0.08,0.08,0.04,0.05,0.09,0.04,0.09
Paulo Dybala,ar ARG,MF FW,Roma,28,1993,25,21,1739,19.mars,12,6,18,7,5,5,5,0,09.mars,05.mars,06.août,12.févr,56,75,109,0.62,0.31,0.93,0.36,0.67,0.48,0.35,0.83,0.28,0.63
Edin Džeko,ba BIH,FW,Inter,36,1986,33,18,1732,19.févr,9,3,12,9,0,0,3,0,09.juil,09.juil,03.févr,13.0,32,67,150,0.47,0.16,0.62,0.47,0.62,0.50,0.17,0.67,0.50,0.67
Festy Ebosele,ie IRL,DF,Udinese,19,2002,17,4,411,04.juin,0,1,1,0,0,0,4,0,0.2,0.2,0.9,01.janv,27,17,22,0.00,0.22,0.22,0.00,0.22,0.04,0.19,0.24,0.04,0.24
Enzo Ebosse,cm CMR,DF,Udinese,23,1999,20,9,930,10.mars,0,0,0,0,0,0,3,0,0.1,0.1,0.0,0.1,11,51,20,0.00,0.00,0.00,0.00,0.00,0.01,0.00,0.01,0.01,0.01
Tyronne Ebuehi,ng NGA,DF,Empoli,26,1995,26,22,1923,21.avr,2,4,6,2,0,0,0,0,03.janv,03.janv,01.sept,5.0,31,41,42,0.09,0.19,0.28,0.09,0.28,0.14,0.09,0.23,0.14,0.23
Éderson,br BRA,MF,Atalanta,23,1999,35,25,2215,24.juin,1,1,2,1,0,0,4,0,2.0,2.0,02.mars,04.févr,37,93,62,0.04,0.04,0.08,0.04,0.08,0.08,0.09,0.17,0.08,0.17
Kingsley Ehizibue,nl NED,DF,Udinese,27,1995,27,16,1535,17.janv,2,0,2,2,0,0,7,0,2.0,2.0,0.9,3.0,29,40,69,0.12,0.00,0.12,0.12,0.12,0.12,0.06,0.17,0.12,0.17
Albin Ekdal,se SWE,MF,Spezia,33,1989,31,18,1734,19.mars,0,2,2,0,0,0,6,1,02.sept,02.sept,01.juin,04.avr,15,80,35,0.00,0.10,0.10,0.00,0.10,0.15,0.08,0.23,0.15,0.23
Emmanuel Ekong,se SWE,FW MF,Empoli,20,2002,2,0,20,0.2,0,0,0,0,0,0,0,0,0.0,0.0,0.0,0.0,1,0,1,0.00,0.00,0.00,0.00,0.00,0.20,0.00,0.20,0.20,0.20
Mikael Ellertsson,is ISL,MF DF,Spezia,20,2002,11,1,171,01.sept,0,0,0,0,0,0,3,0,0.1,0.1,0.0,0.2,3,3,4,0.00,0.00,0.00,0.00,0.00,0.07,0.01,0.08,0.07,0.08
Elif Elmas,mk MKD,FW MF,Napoli,22,1999,36,14,1627,18.janv,6,3,9,5,1,1,5,0,4.0,03.mars,01.sept,05.févr,42,73,103,0.33,0.17,0.50,0.28,0.44,0.22,0.11,0.33,0.18,0.29
Martin Erlic,hr CRO,DF,Sassuolo,24,1998,28,26,233,25.sept,0,0,0,0,0,0,2,0,0.5,0.5,0.2,0.7,7,65,1,0.00,0.00,0.00,0.00,0.00,0.02,0.01,0.03,0.02,0.03
Gonzalo Escalante,ar ARG,MF,Cremonese,29,1993,9,7,555,06.févr,0,1,1,0,0,0,0,1,0.2,0.2,0.2,0.4,3,30,8,0.00,0.16,0.16,0.00,0.16,0.03,0.04,0.07,0.03,0.07
Salvatore Esposito,it ITA,MF,Spezia,21,2000,15,10,971,10.août,1,0,1,1,0,0,5,1,0.7,0.7,01.mai,02.févr,4,51,11,0.09,0.00,0.09,0.09,0.09,0.06,0.14,0.21,0.06,0.21
Nicolò Fagioli,it ITA,MF,Juventus,21,2001,26,17,152,16.sept,3,3,6,3,0,0,3,0,01.mai,01.mai,01.mars,02.août,27,56,56,0.18,0.18,0.36,0.18,0.36,0.09,0.08,0.17,0.09,0.17
Player,Nation,Pos,Squad,Age,Born,MP,Starts,Min,90s,Gls,Ast,G+A,G-PK,PK,PKatt,CrdY,CrdR,xG,npxG,xAG,npxG+xAG,PrgC,PrgP,PrgR,Gls,Ast,G+A,G-PK,G+A-PK,xG,xAG,xG+xAG,npxG,npxG+xAG
Wladimiro Falcone,it ITA,GK,Lecce,27,1995,38,38,342,38.0,0,0,0,0,0,0,2,0,0.0,0.0,0.2,0.2,0,0,0,0.00,0.00,0.00,0.00,0.00,0.00,0.01,0.01,0.00,0.01
Davide Faraoni,it ITA,DF,Hellas Verona,30,1991,23,19,1485,16.mai,2,3,5,2,0,0,7,0,02.juil,02.juil,1.0,03.juil,11,54,33,0.12,0.18,0.30,0.12,0.30,0.17,0.06,0.23,0.17,0.23
Federico Fazio,ar ARG,DF,Salernitana,35,1987,14,12,1074,11.sept,1,0,1,1,0,0,2,1,0.7,0.7,0.1,0.8,13,40,4,0.08,0.00,0.08,0.08,0.08,0.06,0.01,0.07,0.06,0.07
Jacopo Fazzini,it ITA,MF,Empoli,19,2003,21,8,825,09.févr,0,0,0,0,0,0,4,0,1.0,1.0,0.9,01.sept,11,21,40,0.00,0.00,0.00,0.00,0.00,0.11,0.09,0.20,0.11,0.20
Lewis Ferguson,sct SCO,MF FW,Bologna,22,1999,32,27,2314,25.juil,7,0,7,7,0,0,4,0,04.juil,04.juil,1.0,05.juil,31,88,114,0.27,0.00,0.27,0.27,0.27,0.18,0.04,0.22,0.18,0.22
Alex Ferrari,it ITA,DF,Sampdoria,28,1994,12,10,868,09.juin,0,0,0,0,0,0,3,0,0.2,0.2,0.4,0.5,7,25,3,0.00,0.00,0.00,0.00,0.00,0.02,0.04,0.06,0.02,0.06
Alex Ferrari,it ITA,DF,Cremonese,28,1994,16,13,1007,11.févr,0,0,0,0,0,0,3,0,0.0,0.0,0.1,0.1,2,27,5,0.00,0.00,0.00,0.00,0.00,0.00,0.01,0.01,0.00,0.01
Salvador Ferrer,es ESP,DF,Spezia,24,1998,5,0,136,01.mai,0,0,0,0,0,0,0,0,0.0,0.0,0.0,0.0,0,1,2,0.00,0.00,0.00,0.00,0.00,0.00,0.02,0.02,0.00,0.02
Vincenzo Fiorillo,it ITA,GK,Salernitana,32,1990,1,1,90,1.0,0,0,0,0,0,0,0,0,0.0,0.0,0.0,0.0,0,0,0,0.00,0.00,0.00,0.00,0.00,0.00,0.00,0.00,0.00,0.00
Alessandro Florenzi,it ITA,DF,Milan,31,1991,6,2,203,02.mars,0,0,0,0,0,0,1,0,0.8,0.8,0.5,01.févr,1,10,19,0.00,0.00,0.00,0.00,0.00,0.34,0.21,0.54,0.34,0.54
Davide Frattesi,it ITA,MF,Sassuolo,22,1999,36,35,2873,31.9,7,0,7,7,0,0,4,0,07.août,07.août,01.sept,09.juil,73,137,94,0.22,0.00,0.22,0.22,0.22,0.24,0.06,0.30,0.24,0.30
Matteo Gabbia,it ITA,DF,Milan,22,1999,12,6,613,06.août,0,0,0,0,0,0,2,0,0.0,0.0,0.0,0.0,1,15,1,0.00,0.00,0.00,0.00,0.00,0.01,0.00,0.01,0.01,0.01
Manolo Gabbiadini,it ITA,FW MF,Sampdoria,30,1991,35,27,2354,26.févr,7,2,9,7,0,0,6,0,07.avr,07.avr,04.mai,11.sept,32,55,111,0.27,0.08,0.34,0.27,0.34,0.28,0.17,0.45,0.28,0.45
Gianluca Gaetano,it ITA,MF,Napoli,22,2000,8,0,76,0.8,1,1,2,1,0,0,0,0,01.janv,01.janv,0.2,01.févr,4,4,9,janv.18,janv.18,févr.37,janv.18,févr.37,janv.42,0.22,janv.64,janv.42,janv.64
Roberto Gagliardini,it ITA,MF,Inter,28,1994,19,7,783,08.juil,0,0,0,0,0,0,5,1,0.9,0.9,0.3,01.janv,20,39,22,0.00,0.00,0.00,0.00,0.00,0.10,0.03,0.13,0.10,0.13
Adolfo Gaich,ar ARG,FW,Hellas Verona,23,1999,16,8,726,08.janv,2,0,2,2,0,0,2,0,02.mai,02.mai,0.4,02.sept,6,11,33,0.25,0.00,0.25,0.25,0.25,0.31,0.05,0.36,0.31,0.36
Pablo Galdames Millán,cl CHI,MF,Cremonese,25,1996,13,10,734,08.févr,1,2,3,1,0,0,2,0,0.3,0.3,01.janv,01.avr,5,33,17,0.12,0.25,0.37,0.12,0.37,0.04,0.13,0.17,0.04,0.17
Antonino Gallo,it ITA,DF,Lecce,22,2000,32,28,2486,27.juin,0,1,1,0,0,0,5,1,0.6,0.6,01.sept,02.juin,71,154,65,0.00,0.04,0.04,0.00,0.04,0.02,0.07,0.09,0.02,0.09
Federico Gatti,it ITA,DF,Juventus,24,1998,18,16,1448,16.janv,0,0,0,0,0,0,4,0,0.6,0.6,01.mai,2.0,18,56,13,0.00,0.00,0.00,0.00,0.00,0.03,0.09,0.13,0.03,0.13
Valentin Gendrey,fr FRA,DF,Lecce,22,2000,37,35,3101,34.5,0,2,2,0,0,0,4,0,0.6,0.6,02.sept,03.mai,47,112,107,0.00,0.06,0.06,0.00,0.06,0.02,0.08,0.10,0.02,0.10
Paolo Ghiglione,it ITA,DF,Cremonese,25,1997,15,8,711,07.sept,1,1,2,1,0,0,4,0,0.8,0.8,0.6,01.mai,5,19,35,0.13,0.13,0.25,0.13,0.25,0.10,0.08,0.18,0.10,0.18
Mario Gila,es ESP,DF,Lazio,21,2000,4,0,90,1.0,0,0,0,0,0,0,0,0,0.0,0.0,0.0,0.0,1,6,2,0.00,0.00,0.00,0.00,0.00,0.00,0.00,0.00,0.00,0.00
Gvidas Gineitis,lt LTU,MF,Torino,18,2004,3,2,136,01.mai,0,0,0,0,0,0,2,0,0.0,0.0,0.0,0.0,3,6,7,0.00,0.00,0.00,0.00,0.00,0.01,0.00,0.01,0.01,0.01
Olivier Giroud,fr FRA,FW,Milan,35,1986,33,25,2139,23.août,13,5,18,10,3,3,8,1,12.juil,10.avr,4.0,14.avr,12,36,152,0.55,0.21,0.76,0.42,0.63,0.53,0.17,0.70,0.44,0.61
Pierluigi Gollini,it ITA,GK,Fiorentina,27,1995,3,3,270,3.0,0,0,0,0,0,0,0,0,0.0,0.0,0.0,0.0,0,0,0,0.00,0.00,0.00,0.00,0.00,0.00,0.00,0.00,0.00,0.00
Player,Nation,Pos,Squad,Age,Born,MP,Starts,Min,90s,Gls,Ast,G+A,G-PK,PK,PKatt,CrdY,CrdR,xG,npxG,xAG,npxG+xAG,PrgC,PrgP,PrgR,Gls,Ast,G+A,G-PK,G+A-PK,xG,xAG,xG+xAG,npxG,npxG+xAG
Pierluigi Gollini,it ITA,GK,Napoli,27,1995,4,4,360,4.0,0,0,0,0,0,0,0,0,0.0,0.0,0.0,0.0,0,0,0,0.00,0.00,0.00,0.00,0.00,0.00,0.00,0.00,0.00,0.00
Joan Gonzàlez,es ESP,MF,Lecce,20,2002,35,26,2197,24.avr,1,3,4,1,0,0,8,0,01.mai,01.mai,01.mars,02.août,18,71,67,0.04,0.12,0.16,0.04,0.16,0.06,0.05,0.11,0.06,0.11
Nicolás González,ar ARG,FW MF,Fiorentina,24,1998,24,13,1354,15.0,6,1,7,4,2,2,3,0,06.juil,05.avr,01.mars,06.juil,37,70,112,0.40,0.07,0.47,0.27,0.33,0.45,0.09,0.53,0.36,0.45
Robin Gosens,de GER,DF,Inter,28,1994,32,11,1184,13.févr,3,0,3,3,0,0,2,0,3.0,3.0,02.avr,05.mars,29,41,102,0.23,0.00,0.23,0.23,0.23,0.23,0.18,0.41,0.23,0.41
Alberto Grassi,it ITA,MF,Empoli,27,1995,25,14,1194,13.mars,0,0,0,0,0,0,3,0,0.6,0.6,0.4,0.9,5,50,10,0.00,0.00,0.00,0.00,0.00,0.04,0.03,0.07,0.04,0.07
Andrew Gravillon,gp GLP,DF,Torino,24,1998,7,4,312,03.mai,0,0,0,0,0,0,2,0,0.0,0.0,0.0,0.0,1,9,0,0.00,0.00,0.00,0.00,0.00,0.00,0.00,0.00,0.00,0.00
Axel Guessand,fr FRA,DF,Udinese,17,2004,1,1,79,0.9,0,0,0,0,0,0,0,0,0.0,0.0,0.0,0.0,0,0,0,0.00,0.00,0.00,0.00,0.00,0.00,0.00,0.00,0.00,0.00
Koray Günter,de GER,DF,Hellas Verona,27,1994,13,11,1003,11.janv,1,0,1,1,0,0,3,0,0.9,0.9,0.9,01.sept,7,36,3,0.09,0.00,0.09,0.09,0.09,0.08,0.08,0.17,0.08,0.17
Koray Günter,de GER,DF,Sampdoria,27,1994,10,8,776,08.juin,0,0,0,0,0,0,2,0,0.1,0.1,0.2,0.3,4,21,2,0.00,0.00,0.00,0.00,0.00,0.01,0.02,0.03,0.01,0.03
Emmanuel Gyasi,gh GHA,FW DF,Spezia,28,1994,35,35,281,31.2,2,0,2,2,0,0,10,0,4.0,4.0,01.sept,05.sept,35,52,154,0.06,0.00,0.06,0.06,0.06,0.13,0.06,0.19,0.13,0.19
Norbert Gyömbér,sk SVK,DF,Salernitana,30,1992,27,23,174,19.mars,0,1,1,0,0,0,5,0,0.7,0.7,0.6,01.avr,5,45,2,0.00,0.05,0.05,0.00,0.05,0.04,0.03,0.07,0.04,0.07
Christian Gytkjær,dk DEN,FW MF,Monza,32,1990,22,3,559,06.févr,1,0,1,1,0,1,0,0,03.sept,03.janv,0.3,03.avr,1,6,32,0.16,0.00,0.16,0.16,0.16,0.63,0.05,0.68,0.51,0.55
Nicolas Haas,ch SUI,MF,Empoli,26,1996,24,12,1156,12.août,1,1,2,1,0,0,2,0,01.févr,01.févr,0.9,02.janv,10,36,23,0.08,0.08,0.16,0.08,0.16,0.09,0.07,0.16,0.09,0.16
Samir Handanović,si SVN,GK,Inter,38,1984,14,14,1234,13.juil,0,0,0,0,0,0,0,0,0.0,0.0,0.0,0.0,0,0,0,0.00,0.00,0.00,0.00,0.00,0.00,0.00,0.00,0.00,0.00
Abdou Harroui,nl NED,MF,Sassuolo,24,1998,23,5,647,07.févr,2,0,2,2,0,0,2,0,01.mai,01.mai,0.3,01.août,21,36,32,0.28,0.00,0.28,0.28,0.28,0.20,0.05,0.25,0.20,0.25
Hans Hateboer,nl NED,DF,Atalanta,28,1994,17,17,1397,15.mai,1,1,2,1,0,0,7,0,01.mars,01.mars,01.mai,02.août,16,55,73,0.06,0.06,0.13,0.06,0.13,0.09,0.10,0.18,0.09,0.18
Liam Henderson,sct SCO,MF,Empoli,26,1996,25,11,1007,11.févr,0,1,1,0,0,0,9,0,0.5,0.5,01.avr,01.sept,11,38,38,0.00,0.09,0.09,0.00,0.09,0.04,0.12,0.17,0.04,0.17
Jack Hendry,sct SCO,DF,Cremonese,27,1995,4,2,220,02.avr,0,0,0,0,0,0,1,0,0.0,0.0,0.0,0.0,1,9,0,0.00,0.00,0.00,0.00,0.00,0.00,0.01,0.01,0.00,0.01
Matheus Henrique,br BRA,MF,Sassuolo,24,1997,30,21,1947,21.juin,4,1,5,4,0,0,4,0,02.sept,02.sept,01.août,04.juin,40,116,68,0.18,0.05,0.23,0.18,0.23,0.13,0.08,0.21,0.13,0.21
Thomas Henry,fr FRA,FW,Hellas Verona,27,1994,16,13,103,11.avr,2,0,2,2,0,0,4,0,01.juil,01.juil,01.janv,02.août,3,18,58,0.17,0.00,0.17,0.17,0.17,0.15,0.09,0.24,0.15,0.24
Theo Hernández,fr FRA,DF,Milan,24,1997,32,32,2771,30.août,4,3,7,3,1,1,7,0,04.janv,03.mars,03.mars,06.juin,108,128,146,0.13,0.10,0.23,0.10,0.19,0.13,0.11,0.24,0.11,0.21
Isak Hien,se SWE,DF,Hellas Verona,23,1999,32,28,2607,29.0,0,0,0,0,0,0,9,0,0.3,0.3,0.1,0.4,17,54,2,0.00,0.00,0.00,0.00,0.00,0.01,0.00,0.01,0.01,0.01
Morten Hjulmand,dk DEN,MF,Lecce,23,1999,35,34,2962,32.9,0,4,4,0,0,0,9,1,0.6,0.6,02.janv,02.juil,9,159,16,0.00,0.12,0.12,0.00,0.12,0.02,0.06,0.08,0.02,0.08
Emil Holm,se SWE,DF,Spezia,22,2000,20,17,1393,15.mai,1,1,2,1,0,0,4,0,01.févr,01.févr,01.mars,02.mai,41,40,82,0.06,0.06,0.13,0.06,0.13,0.08,0.08,0.16,0.08,0.16
Martin Hongla,cm CMR,MF,Hellas Verona,24,1998,9,6,523,05.août,0,0,0,0,0,0,4,0,0.2,0.2,0.3,0.5,6,24,10,0.00,0.00,0.00,0.00,0.00,0.03,0.05,0.08,0.03,0.08
Player,Nation,Pos,Squad,Age,Born,MP,Starts,Min,90s,Gls,Ast,G+A,G-PK,PK,PKatt,CrdY,CrdR,xG,npxG,xAG,npxG+xAG,PrgC,PrgP,PrgR,Gls,Ast,G+A,G-PK,G+A-PK,xG,xAG,xG+xAG,npxG,npxG+xAG
Petko Hristov,bg BUL,DF,Spezia,23,1999,9,4,365,04.janv,0,0,0,0,0,0,0,0,0.1,0.1,0.0,0.1,2,8,3,0.00,0.00,0.00,0.00,0.00,0.02,0.00,0.02,0.02,0.02
Ajdin Hrustic,au AUS,MF,Hellas Verona,26,1996,6,3,226,02.mai,0,0,0,0,0,0,0,0,0.3,0.3,0.6,0.9,7,8,12,0.00,0.00,0.00,0.00,0.00,0.13,0.24,0.37,0.13,0.37
Elseid Hysaj,al ALB,DF,Lazio,28,1994,34,22,1998,22.févr,1,1,2,1,0,0,3,0,0.2,0.2,01.janv,01.mars,36,103,60,0.05,0.05,0.09,0.05,0.09,0.01,0.05,0.06,0.01,0.06
Rasmus Højlund,dk DEN,FW,Atalanta,19,2003,32,20,1834,20.avr,9,2,11,9,0,0,1,0,09.mai,09.mai,02.avr,11.août,40,37,224,0.44,0.10,0.54,0.44,0.54,0.47,0.12,0.58,0.47,0.58
Roger Ibanez,br BRA,DF,Roma,23,1998,33,32,2796,31.janv,3,0,3,3,0,0,11,1,3.0,3.0,0.6,03.mai,24,77,9,0.10,0.00,0.10,0.10,0.10,0.10,0.02,0.11,0.10,0.11
Zlatan Ibrahimović,se SWE,FW,Milan,40,1981,4,1,146,01.juin,1,0,1,0,1,1,0,0,01.févr,0.4,0.2,0.6,0,4,10,0.62,0.00,0.62,0.00,0.00,0.72,0.11,0.84,0.24,0.35
Antonio Iervolino,it ITA,MF,Salernitana,19,2003,1,0,5,0.1,0,0,0,0,0,0,0,0,0.0,0.0,0.0,0.0,0,2,2,0.00,0.00,0.00,0.00,0.00,0.00,0.00,0.00,0.00,0.00
Igor,br BRA,DF,Fiorentina,24,1998,27,23,2057,22.sept,0,0,0,0,0,0,10,1,0.5,0.5,0.2,0.8,19,76,2,0.00,0.00,0.00,0.00,0.00,0.02,0.01,0.03,0.02,0.03
Jonathan Ikone,fr FRA,FW,Fiorentina,24,1998,33,24,2007,22.mars,4,4,8,4,0,0,4,0,04.janv,04.janv,03.juil,07.août,83,67,178,0.18,0.18,0.36,0.18,0.36,0.18,0.17,0.35,0.18,0.35
Ivan Ilić,rs SRB,MF,Hellas Verona,21,2001,11,10,851,09.mai,0,1,1,0,0,0,1,0,0.4,0.4,1.0,01.avr,18,39,20,0.00,0.11,0.11,0.00,0.11,0.04,0.10,0.14,0.04,0.14
Ivan Ilić,rs SRB,MF,Torino,21,2001,14,13,1177,13.janv,2,2,4,2,0,0,3,0,0.2,0.2,01.janv,01.mars,29,66,28,0.15,0.15,0.31,0.15,0.31,0.02,0.08,0.10,0.02,0.10
Samuel Iling-Junior,eng ENG,DF FW,Juventus,18,2003,12,1,318,03.mai,1,1,2,1,0,0,1,0,0.7,0.7,0.2,1.0,11,18,36,0.28,0.28,0.57,0.28,0.57,0.21,0.07,0.28,0.21,0.28
Emirhan İlkhan,tr TUR,MF,Torino,18,2004,4,1,87,1.0,0,0,0,0,0,0,1,0,0.0,0.0,0.1,0.1,2,8,3,0.00,0.00,0.00,0.00,0.00,0.05,0.10,0.14,0.05,0.14
Emirhan İlkhan,tr TUR,MF,Sampdoria,18,2004,8,0,113,01.mars,0,0,0,0,0,0,0,0,0.0,0.0,0.1,0.1,1,5,8,0.00,0.00,0.00,0.00,0.00,0.02,0.05,0.08,0.02,0.08
Ciro Immobile,it ITA,FW,Lazio,32,1990,31,27,2219,24.juil,12,5,17,8,4,5,3,0,14.févr,10.mars,01.sept,12.févr,40,43,174,0.49,0.20,0.69,0.32,0.53,0.57,0.08,0.65,0.42,0.49
Ardian Ismajli,al ALB,DF,Empoli,25,1996,25,22,2094,23.mars,0,0,0,0,0,0,3,0,0.7,0.7,0.3,1.0,10,42,0,0.00,0.00,0.00,0.00,0.00,0.03,0.01,0.04,0.03,0.04
Mihailo Ivanović,rs SRB,FW,Sampdoria,17,2004,1,0,4,0.0,0,0,0,0,0,0,0,0,0.0,0.0,0.0,0.0,0,0,0,0.00,0.00,0.00,0.00,0.00,0.00,0.00,0.00,0.00,0.00
Armando Izzo,it ITA,DF,Monza,30,1992,30,29,2466,27.avr,1,0,1,1,0,0,10,0,02.janv,02.janv,0.9,03.janv,22,96,29,0.04,0.00,0.04,0.04,0.04,0.08,0.03,0.11,0.08,0.11
Mato Jajalo,ba BIH,MF,Udinese,34,1988,3,0,63,0.7,0,0,0,0,0,0,0,0,0.0,0.0,0.0,0.1,0,4,1,0.00,0.00,0.00,0.00,0.00,0.07,0.07,0.14,0.07,0.14
Jesé,es ESP,FW,Sampdoria,29,1993,11,1,210,02.mars,1,1,2,1,0,0,0,0,0.3,0.3,0.5,0.8,1,1,15,0.43,0.43,0.86,0.43,0.86,0.13,0.20,0.34,0.13,0.34
Juan Jesus,br BRA,DF,Napoli,31,1991,15,10,933,10.avr,1,0,1,1,0,0,2,0,0.2,0.2,0.1,0.3,14,55,3,0.10,0.00,0.10,0.10,0.10,0.02,0.01,0.02,0.02,0.02
Þórir Jóhann Helgason,is ISL,MF,Lecce,21,2000,12,2,222,02.mai,0,0,0,0,0,0,0,0,0.1,0.1,0.4,0.4,2,2,5,0.00,0.00,0.00,0.00,0.00,0.02,0.16,0.18,0.02,0.18
Luka Jović,rs SRB,FW MF,Fiorentina,24,1997,31,16,1534,17.0,6,3,9,6,0,1,3,0,07.sept,07.janv,01.mai,08.juin,8,28,75,0.35,0.18,0.53,0.35,0.53,0.46,0.09,0.55,0.42,0.51
Hamed Junior Traorè,ci CIV,MF FW,Sassuolo,22,2000,11,6,591,06.juin,0,3,3,0,0,0,1,0,1.0,1.0,01.août,02.juil,14,26,36,0.00,0.46,0.46,0.00,0.46,0.15,0.27,0.41,0.15,0.41
Yayah Kallon,sl SLE,MF FW,Hellas Verona,21,2001,22,8,860,09.juin,1,1,2,1,0,0,1,0,01.juil,01.juil,01.mai,03.févr,33,22,64,0.10,0.10,0.21,0.10,0.21,0.17,0.16,0.33,0.17,0.33
Player,Nation,Pos,Squad,Age,Born,MP,Starts,Min,90s,Gls,Ast,G+A,G-PK,PK,PKatt,CrdY,CrdR,xG,npxG,xAG,npxG+xAG,PrgC,PrgP,PrgR,Gls,Ast,G+A,G-PK,G+A-PK,xG,xAG,xG+xAG,npxG,npxG+xAG
Pierre Kalulu,fr FRA,DF,Milan,22,2000,34,26,2548,28.mars,1,0,1,1,0,0,4,0,01.mai,01.mai,01.févr,02.août,52,138,43,0.04,0.00,0.04,0.04,0.04,0.05,0.04,0.10,0.05,0.10
Yann Karamoh,fr FRA,MF FW,Torino,24,1998,21,7,716,8.0,4,0,4,4,0,0,2,0,03.mars,03.mars,0.7,4.0,27,12,74,0.50,0.00,0.50,0.50,0.50,0.41,0.09,0.50,0.41,0.50
Rick Karsdorp,nl NED,DF,Roma,27,1995,13,8,711,07.sept,0,0,0,0,0,0,0,0,0.3,0.3,01.févr,01.mai,16,24,33,0.00,0.00,0.00,0.00,0.00,0.03,0.15,0.19,0.03,0.19
Denso Kasius,nl NED,DF,Bologna,19,2002,7,4,342,03.août,0,2,2,0,0,0,1,0,0.1,0.1,0.7,0.8,9,9,21,0.00,0.53,0.53,0.00,0.53,0.03,0.18,0.21,0.03,0.21
Grigoris Kastanos,cy CYP,MF DF,Salernitana,24,1998,28,13,1286,14.mars,2,1,3,2,0,0,4,0,01.sept,01.sept,0.6,02.mai,27,57,59,0.14,0.07,0.21,0.14,0.21,0.13,0.05,0.18,0.13,0.18
Moise Kean,it ITA,FW,Juventus,22,2000,28,11,995,11.janv,6,0,6,6,0,0,5,1,06.mars,06.mars,01.janv,07.avr,30,13,76,0.54,0.00,0.54,0.54,0.54,0.57,0.10,0.67,0.57,0.67
Jakub Kiwior,pl POL,DF,Spezia,22,2000,17,17,1443,16.0,0,0,0,0,0,0,3,0,0.6,0.6,0.2,0.8,13,37,6,0.00,0.00,0.00,0.00,0.00,0.04,0.01,0.05,0.04,0.05
Simon Kjær,dk DEN,DF,Milan,33,1989,17,12,1007,11.févr,0,0,0,0,0,0,4,0,0.0,0.0,0.0,0.0,3,45,1,0.00,0.00,0.00,0.00,0.00,0.00,0.00,0.00,0.00,0.00
Teun Koopmeiners,nl NED,MF,Atalanta,24,1998,33,32,2858,31.août,10,4,14,8,2,4,7,0,07.juin,04.mars,06.avr,10.juil,60,186,106,0.31,0.13,0.44,0.25,0.38,0.24,0.20,0.44,0.14,0.34
Filip Kostić,rs SRB,DF FW,Juventus,29,1992,37,33,2564,28.mai,3,8,11,3,0,0,3,0,02.avr,02.avr,07.janv,09.avr,101,78,230,0.11,0.28,0.39,0.11,0.39,0.08,0.25,0.33,0.08,0.33
Christian Kouamé,ci CIV,FW,Fiorentina,24,1997,28,22,1866,20.juil,4,4,8,4,0,0,5,0,05.mars,05.mars,03.juil,9.0,50,54,203,0.19,0.19,0.39,0.19,0.39,0.26,0.18,0.43,0.26,0.43
Viktor Kovalenko,ua UKR,MF,Spezia,26,1996,18,7,548,06.janv,0,0,0,0,0,0,1,0,01.juin,01.juin,0.6,02.févr,4,22,28,0.00,0.00,0.00,0.00,0.00,0.26,0.09,0.36,0.26,0.36
Julian Kristoffersen,no NOR,FW,Salernitana,25,1997,1,0,18,0.2,0,0,0,0,0,0,0,0,0.0,0.0,0.0,0.0,0,0,2,0.00,0.00,0.00,0.00,0.00,0.00,0.00,0.00,0.00,0.00
Raimonds Krollis,lv LVA,FW DF,Spezia,20,2001,4,0,36,0.4,0,0,0,0,0,0,0,0,0.1,0.1,0.0,0.1,1,2,4,0.00,0.00,0.00,0.00,0.00,0.24,0.06,0.31,0.24,0.31
Rade Krunić,ba BIH,MF,Milan,28,1993,23,18,1657,18.avr,0,1,1,0,0,0,8,0,01.janv,01.janv,01.janv,02.févr,31,73,21,0.00,0.05,0.05,0.00,0.05,0.06,0.06,0.12,0.06,0.12
Marash Kumbulla,al ALB,DF,Roma,22,2000,7,5,259,02.sept,0,0,0,0,0,0,1,1,0.0,0.0,0.1,0.1,2,8,1,0.00,0.00,0.00,0.00,0.00,0.01,0.03,0.04,0.01,0.04
Khvicha Kvaratskhelia,ge GEO,FW,Napoli,21,2001,34,30,2518,28.0,12,10,22,10,2,2,1,0,08.févr,06.juin,07.juil,14.févr,139,91,291,0.43,0.36,0.79,0.36,0.71,0.29,0.27,0.56,0.23,0.51
Giorgos Kyriakopoulos,gr GRE,DF FW,Bologna,26,1996,12,8,704,07.août,0,2,2,0,0,0,2,0,0.2,0.2,0.8,1.0,21,23,50,0.00,0.26,0.26,0.00,0.26,0.03,0.10,0.13,0.03,0.13
Giorgos Kyriakopoulos,gr GRE,FW DF,Sassuolo,26,1996,12,9,766,08.mai,1,1,2,1,0,0,3,0,01.janv,01.janv,01.avr,02.mai,17,32,46,0.12,0.12,0.23,0.12,0.23,0.13,0.17,0.29,0.13,0.29
Sam Lammers,nl NED,FW,Sampdoria,25,1997,19,13,11,12.févr,1,1,2,1,0,0,1,0,02.mai,02.mai,01.févr,03.juil,17,19,65,0.08,0.08,0.16,0.08,0.16,0.20,0.10,0.30,0.20,0.30
Sam Lammers,nl NED,FW,Empoli,25,1997,14,10,883,09.août,1,1,2,1,0,0,0,0,02.mars,02.mars,0.7,02.sept,9,19,67,0.10,0.10,0.20,0.10,0.20,0.23,0.07,0.30,0.23,0.30
Kevin Lasagna,it ITA,FW MF,Hellas Verona,29,1992,26,17,1572,17.mai,1,2,3,1,0,0,2,0,6.0,6.0,01.juil,07.juil,36,19,105,0.06,0.11,0.17,0.06,0.17,0.35,0.09,0.44,0.35,0.44
Armand Lauriente,fr FRA,FW,Sassuolo,23,1998,28,27,2175,24.févr,7,6,13,6,1,1,10,1,04.juil,03.sept,06.févr,10.janv,127,90,263,0.29,0.25,0.54,0.25,0.50,0.19,0.26,0.45,0.16,0.42
Valentino Lazaro,at AUT,DF,Torino,26,1996,23,15,1373,15.mars,0,3,3,0,0,0,4,0,0.4,0.4,02.juil,03.janv,44,74,84,0.00,0.20,0.20,0.00,0.20,0.03,0.18,0.21,0.03,0.21
Marko Lazetić,rs SRB,FW,Milan,18,2004,1,0,9,0.1,0,0,0,0,0,0,1,0,0.1,0.1,0.0,0.1,0,0,3,0.00,0.00,0.00,0.00,0.00,0.63,0.00,0.63,0.63,0.63
Player,Nation,Pos,Squad,Age,Born,MP,Starts,Min,90s,Gls,Ast,G+A,G-PK,PK,PKatt,CrdY,CrdR,xG,npxG,xAG,npxG+xAG,PrgC,PrgP,PrgR,Gls,Ast,G+A,G-PK,G+A-PK,xG,xAG,xG+xAG,npxG,npxG+xAG
Darko Lazović,rs SRB,MF DF,Hellas Verona,31,1990,30,27,2242,24.sept,4,5,9,4,0,0,0,0,03.juin,03.juin,06.avr,10.0,72,81,167,0.16,0.20,0.36,0.16,0.36,0.14,0.26,0.40,0.14,0.40
Manuel Lazzari,it ITA,DF,Lazio,28,1993,28,22,1879,20.sept,0,0,0,0,0,0,8,0,0.3,0.3,0.7,1.0,98,64,74,0.00,0.00,0.00,0.00,0.00,0.02,0.03,0.05,0.02,0.05
Rafael Leão,pt POR,FW MF,Milan,23,1999,35,28,2421,26.sept,15,8,23,15,0,0,7,1,10.août,10.août,7.0,17.sept,136,122,235,0.56,0.30,0.86,0.56,0.86,0.40,0.26,0.66,0.40,0.66
Mehdi Léris,dz ALG,MF DF,Sampdoria,24,1998,32,29,246,27.mars,1,1,2,1,0,0,13,0,03.avr,03.avr,01.août,05.févr,56,62,165,0.04,0.04,0.07,0.04,0.07,0.13,0.07,0.19,0.13,0.19
Karol Linetty,pl POL,MF,Torino,27,1995,32,22,1886,21.0,1,0,1,1,0,0,8,0,1.0,1.0,0.9,01.sept,27,73,32,0.05,0.00,0.05,0.05,0.05,0.05,0.04,0.09,0.05,0.09
Marcin Listkowski,pl POL,MF FW,Lecce,24,1998,5,0,77,0.9,0,0,0,0,0,0,0,0,0.1,0.1,0.0,0.1,6,1,4,0.00,0.00,0.00,0.00,0.00,0.06,0.00,0.06,0.06,0.06
Diego Llorente,es ESP,DF,Roma,28,1993,9,5,573,06.avr,0,0,0,0,0,0,0,0,0.4,0.4,0.1,0.5,2,12,3,0.00,0.00,0.00,0.00,0.00,0.06,0.01,0.07,0.06,0.07
Stanislav Lobotka,sk SVK,MF,Napoli,27,1994,38,34,3101,34.5,1,1,2,1,0,0,2,0,0.6,0.6,1.0,01.juin,51,172,39,0.03,0.03,0.06,0.03,0.06,0.02,0.03,0.05,0.02,0.05
Manuel Locatelli,it ITA,MF,Juventus,24,1998,32,29,2446,27.févr,0,2,2,0,0,0,8,0,01.mai,01.mai,01.août,03.févr,25,134,37,0.00,0.07,0.07,0.00,0.07,0.05,0.07,0.12,0.05,0.12
Luka Lochoshvili,ge GEO,DF,Cremonese,24,1998,25,22,1839,20.avr,1,2,3,1,0,0,4,0,0.6,0.6,01.janv,01.juil,17,70,5,0.05,0.10,0.15,0.05,0.15,0.03,0.05,0.08,0.03,0.08
Ademola Lookman,ng NGA,FW MF,Atalanta,24,1997,31,20,1729,19.févr,13,6,19,10,3,3,3,0,09.janv,06.juil,06.juin,13.mars,73,79,185,0.68,0.31,0.99,0.52,0.83,0.47,0.34,0.82,0.35,0.69
Maxime Lopez,fr FRA,MF,Sassuolo,24,1997,30,25,2296,25.mai,0,0,0,0,0,0,11,0,1.0,1.0,02.janv,03.janv,54,210,40,0.00,0.00,0.00,0.00,0.00,0.04,0.08,0.12,0.04,0.12
Matteo Lovato,it ITA,DF,Salernitana,22,2000,17,8,814,9.0,0,0,0,0,0,0,2,0,0.0,0.0,0.0,0.0,1,8,1,0.00,0.00,0.00,0.00,0.00,0.00,0.00,0.00,0.00,0.00
Sandi Lovrić,si SVN,MF,Udinese,24,1998,37,28,2335,25.sept,5,6,11,5,0,0,4,0,04.août,04.août,03.févr,8.0,42,105,90,0.19,0.23,0.42,0.19,0.42,0.18,0.12,0.31,0.18,0.31
Hirving Lozano,mx MEX,FW,Napoli,27,1995,32,20,1605,17.août,3,3,6,2,1,1,3,0,05.avr,04.juin,03.mars,07.sept,86,49,190,0.17,0.17,0.34,0.11,0.28,0.30,0.19,0.49,0.26,0.45
Jhon Lucumí,co COL,DF,Bologna,24,1998,33,33,29,32.2,0,1,1,0,0,0,8,0,0.7,0.7,0.4,1.0,37,84,6,0.00,0.03,0.03,0.00,0.03,0.02,0.01,0.03,0.02,0.03
José Luis Palomino,ar ARG,DF,Atalanta,32,1990,15,8,759,08.avr,1,0,1,1,0,0,4,0,0.5,0.5,0.3,0.8,3,29,3,0.12,0.00,0.12,0.12,0.12,0.06,0.03,0.10,0.06,0.10
Romelu Lukaku,be BEL,FW,Inter,29,1993,25,19,166,18.avr,10,6,16,8,2,2,1,0,9.0,07.avr,04.janv,11.mai,34,41,159,0.54,0.33,0.87,0.43,0.76,0.49,0.22,0.71,0.40,0.62
Saša Lukić,rs SRB,MF,Torino,25,1996,16,13,1195,13.mars,2,0,2,1,1,1,4,0,01.juil,0.9,01.avr,02.mars,26,44,33,0.15,0.00,0.15,0.08,0.08,0.13,0.11,0.23,0.07,0.18
Sebastiano Luperto,it ITA,DF,Empoli,25,1996,36,36,3135,34.8,2,0,2,2,0,0,4,2,01.févr,01.févr,0.6,01.sept,13,72,3,0.06,0.00,0.06,0.06,0.06,0.04,0.02,0.05,0.04,0.05
Charalampos Lykogiannis,gr GRE,DF,Bologna,28,1993,21,11,1108,12.mars,2,0,2,2,0,0,3,0,0.8,0.8,01.mai,02.mars,32,60,47,0.16,0.00,0.16,0.16,0.16,0.06,0.12,0.19,0.06,0.19
Giulio Maggiore,it ITA,MF,Salernitana,24,1998,16,11,894,09.sept,0,0,0,0,0,0,2,0,0.5,0.5,0.5,0.9,7,53,13,0.00,0.00,0.00,0.00,0.00,0.05,0.05,0.10,0.05,0.10
Giangiacomo Magnani,it ITA,DF,Hellas Verona,26,1995,24,19,1532,17.0,0,1,1,0,0,0,7,1,0.5,0.5,0.2,0.7,5,32,5,0.00,0.06,0.06,0.00,0.06,0.03,0.01,0.04,0.03,0.04
Mike Maignan,fr FRA,GK,Milan,27,1995,22,22,1978,22.0,0,1,1,0,0,0,0,0,0.0,0.0,0.0,0.0,0,1,0,0.00,0.05,0.05,0.00,0.05,0.00,0.00,0.00,0.00,0.00
Jordan Majchrzak,pl POL,FW,Roma,17,2004,1,0,14,0.2,0,0,0,0,0,0,0,0,0.0,0.0,0.0,0.0,0,0,1,0.00,0.00,0.00,0.00,0.00,0.00,0.00,0.00,0.00,0.00
Player,Nation,Pos,Squad,Age,Born,MP,Starts,Min,90s,Gls,Ast,G+A,G-PK,PK,PKatt,CrdY,CrdR,xG,npxG,xAG,npxG+xAG,PrgC,PrgP,PrgR,Gls,Ast,G+A,G-PK,G+A-PK,xG,xAG,xG+xAG,npxG,npxG+xAG
Jean-Victor Makengo,fr FRA,MF,Udinese,24,1998,16,11,805,08.sept,0,1,1,0,0,0,2,0,0.4,0.4,0.5,0.8,18,36,31,0.00,0.11,0.11,0.00,0.11,0.04,0.05,0.09,0.04,0.09
Lorenzo Malagrida,it ITA,MF DF,Sampdoria,18,2003,6,0,109,01.févr,0,0,0,0,0,0,2,0,0.2,0.2,0.1,0.3,1,4,10,0.00,0.00,0.00,0.00,0.00,0.12,0.09,0.21,0.12,0.21
Daniel Maldini,it ITA,FW MF,Spezia,20,2001,18,4,628,7.0,2,0,2,2,0,0,1,0,01.févr,01.févr,0.5,01.juil,13,10,34,0.29,0.00,0.29,0.29,0.29,0.17,0.07,0.24,0.17,0.24
Youssef Maleh,ma MAR,MF,Fiorentina,23,1998,7,4,297,03.mars,0,0,0,0,0,0,2,0,0.6,0.6,0.6,01.févr,3,11,17,0.00,0.00,0.00,0.00,0.00,0.17,0.20,0.36,0.17,0.36
Youssef Maleh,ma MAR,MF,Lecce,23,1998,17,7,674,07.mai,0,1,1,0,0,0,3,0,0.3,0.3,0.3,0.6,9,19,19,0.00,0.13,0.13,0.00,0.13,0.04,0.04,0.08,0.04,0.08
Ruslan Malinovskyi,ua UKR,MF FW,Atalanta,29,1993,15,5,553,06.janv,1,2,3,1,0,0,2,0,0.6,0.6,2.0,02.juin,19,50,36,0.16,0.33,0.49,0.16,0.49,0.10,0.33,0.43,0.10,0.43
Gianluca Mancini,it ITA,DF,Roma,26,1996,35,33,2858,31.août,1,2,3,1,0,0,7,0,02.mai,02.mai,01.juin,04.janv,17,93,19,0.03,0.06,0.09,0.03,0.09,0.08,0.05,0.13,0.08,0.13
Rolando Mandragora,it ITA,MF,Fiorentina,25,1997,29,22,195,21.juil,2,4,6,2,0,0,8,0,01.mai,01.mai,04.sept,06.avr,18,142,59,0.09,0.18,0.28,0.09,0.28,0.07,0.23,0.30,0.07,0.30
Federico Marchetti,it ITA,GK,Spezia,39,1983,1,0,66,0.7,0,0,0,0,0,0,0,1,0.0,0.0,0.0,0.0,0,0,0,0.00,0.00,0.00,0.00,0.00,0.00,0.00,0.00,0.00,0.00
Riccardo Marchizza,it ITA,DF,Sassuolo,24,1998,10,3,283,03.janv,0,1,1,0,0,0,1,0,0.0,0.0,0.3,0.3,3,15,15,0.00,0.32,0.32,0.00,0.32,0.00,0.10,0.10,0.00,0.10
Gian Marco Ferrari,it ITA,DF,Sassuolo,30,1992,33,24,2223,24.juil,1,0,1,1,0,0,5,0,01.févr,01.févr,0.4,01.juin,11,101,4,0.04,0.00,0.04,0.04,0.04,0.05,0.02,0.07,0.05,0.07
Pablo Marí,es ESP,DF,Monza,28,1993,30,28,2487,27.juin,1,0,1,1,0,0,4,0,0.6,0.6,0.3,1.0,6,57,3,0.04,0.00,0.04,0.04,0.04,0.02,0.01,0.04,0.02,0.04
Răzvan Marin,ro ROU,MF,Empoli,26,1996,33,28,2538,28.févr,2,4,6,2,0,0,7,0,01.avr,01.avr,04.févr,05.mai,35,118,27,0.07,0.14,0.21,0.07,0.21,0.05,0.15,0.20,0.05,0.20
Marlon,br BRA,DF,Monza,26,1995,28,18,1592,17.juil,0,0,0,0,0,0,7,1,0.3,0.2,0.3,0.6,19,63,12,0.00,0.00,0.00,0.00,0.00,0.01,0.02,0.03,0.01,0.03
Luca Marrone,it ITA,DF,Monza,32,1990,2,2,135,01.mai,0,0,0,0,0,0,0,0,0.1,0.1,0.0,0.1,0,4,0,0.00,0.00,0.00,0.00,0.00,0.07,0.00,0.07,0.07,0.07
Lautaro Martínez,ar ARG,FW,Inter,24,1997,38,27,2576,28.juin,21,6,27,20,1,2,3,0,18.janv,16.mai,05.avr,21.sept,49,83,172,0.73,0.21,0.94,0.70,0.91,0.63,0.19,0.82,0.58,0.76
Lucas Martínez Quarta,ar ARG,DF,Fiorentina,26,1996,27,25,2171,24.janv,1,1,2,1,0,0,6,0,02.mai,02.mai,0.6,03.janv,19,119,6,0.04,0.04,0.08,0.04,0.08,0.10,0.02,0.13,0.10,0.13
Adam Marušić,me MNE,DF,Lazio,29,1992,33,31,276,30.juil,0,2,2,0,0,0,8,1,0.7,0.7,01.janv,01.août,38,116,43,0.00,0.07,0.07,0.00,0.07,0.02,0.03,0.06,0.02,0.06
Adam Masina,ma MAR,DF,Udinese,28,1994,14,8,789,08.août,2,0,2,2,0,0,2,0,0.1,0.1,0.2,0.3,4,24,6,0.23,0.00,0.23,0.23,0.23,0.01,0.02,0.03,0.01,0.03
Nemanja Matić,rs SRB,MF,Roma,33,1988,35,16,1852,20.juin,2,2,4,2,0,0,5,0,1.0,1.0,02.juin,03.juin,50,134,17,0.10,0.10,0.19,0.10,0.19,0.05,0.13,0.17,0.05,0.17
Luís Maximiano,pt POR,GK,Lazio,23,1999,1,1,5,0.1,0,0,0,0,0,0,0,1,0.0,0.0,0.0,0.0,0,0,0,0.00,0.00,0.00,0.00,0.00,0.00,0.00,0.00,0.00,0.00
Pasquale Mazzocchi,it ITA,DF,Salernitana,27,1995,27,23,1958,21.août,2,3,5,2,0,0,2,0,01.mars,01.mars,02.juin,03.sept,70,60,102,0.09,0.14,0.23,0.09,0.23,0.06,0.12,0.18,0.06,0.18
Weston McKennie,us USA,MF DF,Juventus,23,1998,15,13,1052,11.juil,1,1,2,1,0,0,0,0,0.9,0.9,0.7,01.juin,19,39,54,0.09,0.09,0.17,0.09,0.17,0.08,0.06,0.14,0.08,0.14
Gary Medel,cl CHI,MF DF,Bologna,34,1987,29,17,1478,16.avr,0,1,1,0,0,0,5,0,0.1,0.1,0.4,0.5,1,58,5,0.00,0.06,0.06,0.00,0.06,0.00,0.02,0.03,0.00,0.03
Soualiho Meïté,fr FRA,MF,Cremonese,28,1994,31,28,2366,26.mars,0,2,2,0,0,0,5,0,0.5,0.5,0.7,01.févr,26,82,22,0.00,0.08,0.08,0.00,0.08,0.02,0.03,0.04,0.02,0.04
Player,Nation,Pos,Squad,Age,Born,MP,Starts,Min,90s,Gls,Ast,G+A,G-PK,PK,PKatt,CrdY,CrdR,xG,npxG,xAG,npxG+xAG,PrgC,PrgP,PrgR,Gls,Ast,G+A,G-PK,G+A-PK,xG,xAG,xG+xAG,npxG,npxG+xAG
Alex Meret,it ITA,GK,Napoli,25,1997,34,34,306,34.0,0,0,0,0,0,0,0,0,0.0,0.0,0.0,0.0,0,0,0,0.00,0.00,0.00,0.00,0.00,0.00,0.00,0.00,0.00,0.00
Yıldırım Mert Çetin,tr TUR,DF,Lecce,25,1997,1,1,20,0.2,0,0,0,0,0,0,0,0,0.0,0.0,0.0,0.0,0,0,0,0.00,0.00,0.00,0.00,0.00,0.00,0.00,0.00,0.00,0.00
Junior Messias,br BRA,FW DF,Milan,31,1991,25,19,1498,16.juin,5,2,7,5,0,0,3,0,02.mars,02.mars,0.8,3.0,45,54,137,0.30,0.12,0.42,0.30,0.42,0.14,0.05,0.18,0.14,0.18
Tommaso Milanese,it ITA,MF,Cremonese,20,2002,2,0,27,0.3,0,0,0,0,0,0,0,0,0.0,0.0,0.2,0.2,2,2,1,0.00,0.00,0.00,0.00,0.00,0.00,0.63,0.63,0.00,0.63
Nikola Milenković,rs SRB,DF,Fiorentina,24,1997,27,23,2137,23.juil,2,1,3,2,0,0,4,0,01.sept,01.sept,0.5,02.avr,9,78,3,0.08,0.04,0.13,0.08,0.13,0.08,0.02,0.10,0.08,0.10
Arkadiusz Milik,pl POL,FW,Juventus,28,1994,27,17,1586,17.juin,7,1,8,7,0,1,3,1,06.mai,05.juil,02.janv,07.juil,10,34,85,0.40,0.06,0.45,0.40,0.45,0.37,0.12,0.49,0.32,0.44
Sergej Milinković-Savić,rs SRB,MF,Lazio,27,1995,36,34,3022,33.6,9,8,17,9,0,0,10,0,06.août,06.août,07.janv,13.sept,47,166,129,0.27,0.24,0.51,0.27,0.51,0.20,0.21,0.41,0.20,0.41
Vanja Milinković-Savić,rs SRB,GK,Torino,25,1997,38,38,342,38.0,0,0,0,0,0,0,4,0,0.0,0.0,0.5,0.5,0,0,0,0.00,0.00,0.00,0.00,0.00,0.00,0.01,0.01,0.00,0.01
Kim Min-jae,kr KOR,DF,Napoli,25,1996,35,35,305,33.9,2,2,4,2,0,0,5,0,1.0,1.0,01.sept,02.sept,42,169,8,0.06,0.06,0.12,0.06,0.12,0.03,0.06,0.09,0.03,0.09
Aleksei Miranchuk,ru RUS,MF,Torino,26,1995,29,24,2089,23.févr,4,5,9,4,0,0,0,0,02.sept,02.sept,04.févr,07.janv,47,99,105,0.17,0.22,0.39,0.17,0.39,0.12,0.18,0.30,0.12,0.30
Antonio Mirante,it ITA,GK,Milan,39,1983,1,0,2,0.0,0,0,0,0,0,0,0,0,0.0,0.0,0.0,0.0,0,0,0,0.00,0.00,0.00,0.00,0.00,0.00,0.00,0.00,0.00,0.00
Fabio Miretti,it ITA,MF FW,Juventus,18,2003,27,14,1234,13.juil,0,2,2,0,0,0,2,0,02.avr,02.avr,01.mars,03.août,33,60,85,0.00,0.15,0.15,0.00,0.15,0.18,0.10,0.27,0.18,0.27
Filippo Missori,it ITA,DF,Roma,18,2004,3,2,181,2.0,0,0,0,0,0,0,1,0,0.0,0.0,0.0,0.0,1,0,3,0.00,0.00,0.00,0.00,0.00,0.00,0.00,0.00,0.00,0.00
Henrikh Mkhitaryan,am ARM,MF,Inter,33,1989,31,24,1986,22.janv,3,2,5,3,0,0,4,0,02.août,02.août,02.janv,04.sept,48,133,74,0.14,0.09,0.23,0.14,0.23,0.13,0.10,0.22,0.13,0.22
Salvatore Molina,it ITA,DF,Monza,30,1992,5,1,229,02.mai,0,0,0,0,0,0,1,0,0.0,0.0,0.1,0.1,9,7,22,0.00,0.00,0.00,0.00,0.00,0.02,0.04,0.05,0.02,0.05
Daniele Montevago,it ITA,FW,Sampdoria,19,2003,6,3,231,02.juin,0,0,0,0,0,0,1,0,0.5,0.5,0.2,0.7,1,0,10,0.00,0.00,0.00,0.00,0.00,0.19,0.09,0.28,0.19,0.28
Lorenzo Montipò,it ITA,GK,Hellas Verona,26,1996,37,37,333,37.0,0,0,0,0,0,0,1,0,0.0,0.0,0.0,0.0,0,0,0,0.00,0.00,0.00,0.00,0.00,0.00,0.00,0.00,0.00,0.00
Nikola Moro,hr CRO,MF,Bologna,24,1998,26,12,1226,13.juin,1,5,6,1,0,0,1,0,0.8,0.8,02.févr,3.0,24,102,35,0.07,0.37,0.44,0.07,0.44,0.06,0.16,0.22,0.06,0.22
Dany Mota,pt POR,FW MF,Monza,24,1998,29,21,1912,21.févr,5,1,6,5,0,0,2,0,05.janv,05.janv,02.janv,07.mars,66,34,166,0.24,0.05,0.28,0.24,0.28,0.24,0.10,0.34,0.24,0.34
João Moutinho,pt POR,DF FW,Spezia,24,1998,4,0,58,0.6,0,0,0,0,0,0,0,0,0.0,0.0,0.0,0.0,0,1,2,0.00,0.00,0.00,0.00,0.00,0.00,0.05,0.05,0.00,0.05
Mert Müldür,tr TUR,FW DF,Sassuolo,23,1999,2,1,13,0.1,0,0,0,0,0,0,0,0,0.0,0.0,0.0,0.0,0,0,0,0.00,0.00,0.00,0.00,0.00,0.00,0.00,0.00,0.00,0.00
Luis Muriel,co COL,FW MF,Atalanta,31,1991,29,10,1073,11.sept,3,3,6,2,1,1,2,2,02.août,2.0,03.mai,05.juin,53,71,124,0.25,0.25,0.50,0.17,0.42,0.24,0.30,0.53,0.17,0.47
Jeison Murillo,co COL,DF,Sampdoria,30,1992,20,12,1057,11.juil,0,0,0,0,0,0,6,1,0.2,0.2,0.0,0.2,8,35,3,0.00,0.00,0.00,0.00,0.00,0.02,0.00,0.02,0.02,0.02
Nicola Murru,it ITA,DF,Sampdoria,27,1994,20,5,784,08.juil,0,0,0,0,0,0,3,0,0.0,0.0,0.1,0.1,7,27,13,0.00,0.00,0.00,0.00,0.00,0.00,0.01,0.01,0.00,0.01
Juan Musso,ar ARG,GK,Atalanta,28,1994,24,24,2077,23.janv,0,0,0,0,0,0,1,0,0.0,0.0,0.1,0.1,0,0,0,0.00,0.00,0.00,0.00,0.00,0.00,0.00,0.00,0.00,0.00
Player,Nation,Pos,Squad,Age,Born,MP,Starts,Min,90s,Gls,Ast,G+A,G-PK,PK,PKatt,CrdY,CrdR,xG,npxG,xAG,npxG+xAG,PrgC,PrgP,PrgR,Gls,Ast,G+A,G-PK,G+A-PK,xG,xAG,xG+xAG,npxG,npxG+xAG
Joakim Mæhle,dk DEN,DF MF,Atalanta,25,1997,34,25,2209,24.mai,3,3,6,3,0,0,5,1,3.0,3.0,02.sept,05.sept,81,137,186,0.12,0.12,0.24,0.12,0.24,0.12,0.12,0.24,0.12,0.24
Herculano Nabian,pt POR,MF,Empoli,18,2004,1,0,1,0.0,0,0,0,0,0,0,0,0,0.0,0.0,0.0,0.0,0,0,0,0.00,0.00,0.00,0.00,0.00,0.00,0.00,0.00,0.00,0.00
Michel Ndary Adopo,fr FRA,MF DF,Torino,22,2000,9,3,264,02.sept,0,0,0,0,0,0,1,0,0.1,0.1,0.0,0.1,2,10,4,0.00,0.00,0.00,0.00,0.00,0.02,0.02,0.04,0.02,0.04
Tanguy Ndombele,fr FRA,MF,Napoli,25,1996,30,8,807,9.0,1,0,1,1,0,0,5,0,1.0,1.0,0.5,01.avr,27,52,33,0.11,0.00,0.11,0.11,0.11,0.11,0.05,0.16,0.11,0.16
Ilija Nestorovski,mk MKD,FW MF,Udinese,32,1990,21,5,638,07.janv,2,1,3,2,0,0,3,0,01.juin,01.juin,0.5,02.janv,1,19,29,0.28,0.14,0.42,0.28,0.42,0.23,0.07,0.29,0.23,0.29
Cyril Ngonge,be BEL,MF FW,Hellas Verona,22,2000,14,9,745,08.mars,3,1,4,3,0,0,2,0,2.0,2.0,0.6,02.mai,18,13,40,0.36,0.12,0.48,0.36,0.48,0.24,0.07,0.31,0.24,0.31
Hans Nicolussi Caviglia,it ITA,MF,Salernitana,22,2000,12,6,586,06.mai,1,0,1,1,0,0,2,0,0.4,0.4,0.0,0.5,4,19,2,0.15,0.00,0.15,0.15,0.15,0.07,0.01,0.07,0.07,0.07
Dimitris Nikolaou,gr GRE,DF,Spezia,23,1998,36,34,2958,32.9,1,0,1,1,0,0,9,1,0.8,0.8,0.9,01.juil,20,105,15,0.03,0.00,0.03,0.03,0.03,0.03,0.03,0.05,0.03,0.05
Samuel Ntanda,cd COD,MF,Sampdoria,17,2005,1,0,4,0.0,0,0,0,0,0,0,0,0,0.1,0.1,0.0,0.1,0,0,1,0.00,0.00,0.00,0.00,0.00,mars.77,0.00,mars.77,mars.77,mars.77
Bram Nuytinck,nl NED,DF,Udinese,32,1990,6,3,385,04.mars,0,0,0,0,0,0,1,0,0.0,0.0,0.0,0.0,1,4,0,0.00,0.00,0.00,0.00,0.00,0.01,0.00,0.01,0.01,0.01
Bram Nuytinck,nl NED,DF,Sampdoria,32,1990,19,19,1498,16.juin,0,1,1,0,0,0,4,0,0.3,0.3,0.3,0.5,4,23,3,0.00,0.06,0.06,0.00,0.06,0.02,0.02,0.03,0.02,0.03
M'Bala Nzola,ao ANG,FW,Spezia,25,1996,31,29,2653,29.mai,13,2,15,10,3,3,8,0,11.0,08.juin,02.mai,11.janv,50,50,215,0.44,0.07,0.51,0.34,0.41,0.37,0.09,0.46,0.29,0.38
Pedro Obiang,gq EQG,MF,Sassuolo,30,1992,17,11,876,09.juil,0,1,1,0,0,0,2,0,0.4,0.4,0.2,0.6,0,40,6,0.00,0.10,0.10,0.00,0.10,0.04,0.02,0.06,0.04,0.06
Guillermo Ochoa,mx MEX,GK,Salernitana,37,1985,20,20,18,20.0,0,0,0,0,0,0,1,0,0.0,0.0,0.0,0.0,0,0,0,0.00,0.00,0.00,0.00,0.00,0.00,0.00,0.00,0.00,0.00
Marios Oikonomou,gr GRE,DF,Sampdoria,29,1992,6,3,220,02.avr,0,0,0,0,0,0,3,0,0.3,0.3,0.0,0.3,0,2,0,0.00,0.00,0.00,0.00,0.00,0.13,0.00,0.13,0.13,0.13
David Okereke,ng NGA,FW MF,Cremonese,24,1997,33,25,2266,25.févr,7,0,7,6,1,1,4,0,05.sept,05.févr,01.janv,06.mars,56,70,144,0.28,0.00,0.28,0.24,0.24,0.24,0.04,0.28,0.20,0.25
Caleb Okoli,it ITA,DF,Atalanta,21,2001,17,9,960,10.juil,0,0,0,0,0,0,3,0,0.5,0.5,0.0,0.5,4,19,12,0.00,0.00,0.00,0.00,0.00,0.04,0.00,0.04,0.04,0.04
Mathías Olivera,uy URU,DF,Napoli,24,1997,30,17,1643,18.mars,2,2,4,2,0,0,2,0,0.7,0.7,02.janv,02.août,60,88,68,0.11,0.11,0.22,0.11,0.22,0.04,0.12,0.16,0.04,0.16
André Onana,cm CMR,GK,Inter,26,1996,24,24,216,24.0,0,0,0,0,0,0,1,0,0.0,0.0,0.1,0.1,0,2,0,0.00,0.00,0.00,0.00,0.00,0.00,0.00,0.00,0.00,0.00
Divock Origi,be BEL,FW,Milan,27,1995,27,10,1027,11.avr,2,1,3,2,0,0,1,0,02.janv,02.janv,01.févr,03.mars,24,18,79,0.18,0.09,0.26,0.18,0.26,0.19,0.10,0.29,0.19,0.29
Riccardo Orsolini,it ITA,FW,Bologna,25,1997,32,22,2124,23.juin,11,4,15,8,3,3,8,2,10.mai,08.janv,03.janv,11.févr,53,62,212,0.47,0.17,0.64,0.34,0.51,0.44,0.13,0.58,0.34,0.48
Victor Osimhen,ng NGA,FW,Napoli,23,1998,32,30,2566,28.mai,26,4,30,24,2,3,4,0,21.mars,18.sept,02.août,21.août,43,28,196,0.91,0.14,01.mai,0.84,0.98,0.75,0.10,0.85,0.66,0.76
Remi Oudin,fr FRA,FW MF,Lecce,25,1996,31,12,1321,14.juil,3,0,3,3,0,0,3,0,2.0,2.0,02.mars,04.mars,24,63,54,0.20,0.00,0.20,0.20,0.20,0.14,0.16,0.29,0.14,0.29
Adam Ounas,dz ALG,FW,Napoli,25,1996,2,0,15,0.2,0,0,0,0,0,0,0,0,0.0,0.0,0.0,0.0,3,4,1,0.00,0.00,0.00,0.00,0.00,0.23,0.00,0.23,0.23,0.23
Simone Pafundi,it ITA,MF FW,Udinese,16,2006,8,0,85,0.9,0,0,0,0,0,0,0,0,0.1,0.1,0.1,0.2,3,6,9,0.00,0.00,0.00,0.00,0.00,0.09,0.16,0.25,0.09,0.25
Player,Nation,Pos,Squad,Age,Born,MP,Starts,Min,90s,Gls,Ast,G+A,G-PK,PK,PKatt,CrdY,CrdR,xG,npxG,xAG,npxG+xAG,PrgC,PrgP,PrgR,Gls,Ast,G+A,G-PK,G+A-PK,xG,xAG,xG+xAG,npxG,npxG+xAG
Flavio Paoletti,it ITA,MF,Sampdoria,19,2003,12,1,284,03.févr,0,0,0,0,0,0,1,0,0.0,0.0,0.0,0.0,7,8,8,0.00,0.00,0.00,0.00,0.00,0.00,0.01,0.01,0.00,0.01
Leandro Paredes,ar ARG,MF,Juventus,28,1994,25,8,977,10.sept,1,0,1,1,0,0,7,1,0.6,0.6,01.sept,02.mai,11,72,11,0.09,0.00,0.09,0.09,0.09,0.06,0.18,0.23,0.06,0.23
Fabiano Parisi,it ITA,DF,Empoli,21,2000,33,33,283,31.4,2,0,2,2,0,0,10,1,01.août,01.août,2.0,03.août,102,154,68,0.06,0.00,0.06,0.06,0.06,0.06,0.06,0.12,0.06,0.12
Mario Pašalić,hr CRO,MF FW,Atalanta,27,1995,32,24,1769,19.juil,5,2,7,5,0,0,3,0,05.juil,05.juil,02.févr,07.sept,24,82,83,0.25,0.10,0.36,0.25,0.36,0.29,0.11,0.40,0.29,0.40
Patric,es ESP,DF,Lazio,29,1993,18,16,1413,15.juil,0,0,0,0,0,0,1,0,0.1,0.1,0.0,0.2,0,27,3,0.00,0.00,0.00,0.00,0.00,0.01,0.00,0.01,0.01,0.01
Rui Patrício,pt POR,GK,Roma,34,1988,35,35,315,35.0,0,0,0,0,0,0,1,0,0.0,0.0,0.0,0.0,0,0,0,0.00,0.00,0.00,0.00,0.00,0.00,0.00,0.00,0.00,0.00
Pedro,es ESP,FW,Lazio,35,1987,36,17,1898,21.janv,4,3,7,4,0,0,1,0,03.avr,03.avr,02.juin,06.janv,64,52,144,0.19,0.14,0.33,0.19,0.33,0.16,0.13,0.29,0.16,0.29
Gianluca Pegolo,it ITA,GK,Sassuolo,41,1981,2,2,180,2.0,0,0,0,0,0,0,0,0,0.0,0.0,0.0,0.0,0,0,0,0.00,0.00,0.00,0.00,0.00,0.00,0.00,0.00,0.00,0.00
Pietro Pellegri,it ITA,FW,Torino,21,2001,18,4,465,05.févr,2,0,2,2,0,0,3,0,01.mai,01.mai,0.5,2.0,4,8,50,0.39,0.00,0.39,0.39,0.39,0.29,0.10,0.39,0.29,0.39
Lorenzo Pellegrini,it ITA,MF,Roma,26,1996,32,29,2545,28.mars,4,5,9,2,2,3,5,0,8.0,05.juin,07.janv,12.juil,58,106,113,0.14,0.18,0.32,0.07,0.25,0.28,0.25,0.53,0.20,0.45
Luca Pellegrini,it ITA,DF,Lazio,23,1999,7,1,180,2.0,0,0,0,0,0,0,3,0,0.1,0.1,0.2,0.3,7,9,11,0.00,0.00,0.00,0.00,0.00,0.04,0.11,0.15,0.04,0.15
Pepín,gq EQG,MF,Monza,25,1996,25,11,1123,12.mai,0,2,2,0,0,0,4,0,0.5,0.5,01.mai,2.0,19,74,28,0.00,0.16,0.16,0.00,0.16,0.04,0.12,0.16,0.04,0.16
Roberto Pereyra,ar ARG,DF MF,Udinese,31,1991,34,33,282,31.mars,5,7,12,5,0,1,7,0,04.juil,03.sept,05.mai,09.mai,66,143,186,0.16,0.22,0.38,0.16,0.38,0.15,0.18,0.33,0.13,0.30
Nehuén Pérez,ar ARG,DF,Udinese,22,2000,34,33,2818,31.mars,2,0,2,2,0,0,7,1,1.0,1.0,0.5,01.mai,23,101,26,0.06,0.00,0.06,0.06,0.06,0.03,0.02,0.05,0.03,0.05
Simone Perilli,it ITA,GK,Hellas Verona,27,1995,1,1,90,1.0,0,0,0,0,0,0,0,0,0.0,0.0,0.0,0.0,0,0,0,0.00,0.00,0.00,0.00,0.00,0.00,0.00,0.00,0.00,0.00
Mattia Perin,it ITA,GK,Juventus,29,1992,11,10,948,10.mai,0,0,0,0,0,0,0,0,0.0,0.0,0.0,0.0,0,1,0,0.00,0.00,0.00,0.00,0.00,0.00,0.00,0.00,0.00,0.00
Samuele Perisan,it ITA,GK,Empoli,24,1997,7,7,630,7.0,0,0,0,0,0,0,0,0,0.0,0.0,0.0,0.0,0,0,0,0.00,0.00,0.00,0.00,0.00,0.00,0.00,0.00,0.00,0.00
Matteo Pessina,it ITA,MF,Monza,25,1997,35,34,2932,32.6,5,3,8,2,3,3,6,0,05.janv,02.août,02.janv,04.sept,77,193,88,0.15,0.09,0.25,0.06,0.15,0.16,0.06,0.22,0.08,0.15
Andrea Petagna,it ITA,FW,Monza,27,1995,31,19,1663,18.mai,4,5,9,3,1,1,2,0,05.juil,04.sept,04.avr,09.mars,23,34,132,0.22,0.27,0.49,0.16,0.43,0.31,0.24,0.54,0.26,0.50
Giuseppe Pezzella,it ITA,DF,Lecce,24,1997,16,10,918,10.févr,0,1,1,0,0,0,2,0,0.1,0.1,0.6,0.7,28,65,48,0.00,0.10,0.10,0.00,0.10,0.01,0.05,0.07,0.01,0.07
Krzysztof Piątek,pl POL,FW,Salernitana,27,1995,33,23,214,23.août,4,5,9,3,1,1,5,0,08.mars,07.juin,02.janv,09.juil,27,33,121,0.17,0.21,0.38,0.13,0.34,0.35,0.09,0.44,0.32,0.41
Roberto Piccoli,it ITA,FW,Hellas Verona,21,2001,7,2,192,02.janv,0,0,0,0,0,0,0,0,0.4,0.4,0.2,0.6,2,0,8,0.00,0.00,0.00,0.00,0.00,0.19,0.08,0.27,0.19,0.27
Roberto Piccoli,it ITA,FW,Empoli,21,2001,13,6,516,05.juil,2,0,2,2,0,0,0,0,01.mars,01.mars,0.4,01.juil,8,4,25,0.35,0.00,0.35,0.35,0.35,0.22,0.07,0.29,0.22,0.29
Charles Pickel,cd COD,MF,Cremonese,25,1997,33,30,2483,27.juin,1,0,1,1,0,0,8,1,01.juin,01.juin,01.févr,02.août,18,104,61,0.04,0.00,0.04,0.04,0.04,0.06,0.04,0.10,0.06,0.10
Andrea Pinamonti,it ITA,FW,Sassuolo,23,1999,32,25,2161,24.0,5,0,5,4,1,1,3,1,07.janv,06.mars,01.mai,07.août,17,29,166,0.21,0.00,0.21,0.17,0.17,0.30,0.06,0.36,0.26,0.32
Player,Nation,Pos,Squad,Age,Born,MP,Starts,Min,90s,Gls,Ast,G+A,G-PK,PK,PKatt,CrdY,CrdR,xG,npxG,xAG,npxG+xAG,PrgC,PrgP,PrgR,Gls,Ast,G+A,G-PK,G+A-PK,xG,xAG,xG+xAG,npxG,npxG+xAG
Lorenzo Pirola,it ITA,DF,Salernitana,20,2002,26,23,1941,21.juin,2,0,2,2,0,0,4,0,01.mai,01.mai,0.4,01.sept,13,43,4,0.09,0.00,0.09,0.09,0.09,0.07,0.02,0.09,0.07,0.09
Niccolò Pisilli,it ITA,MF,Roma,17,2004,1,0,1,0.0,0,0,0,0,0,0,0,0,0.0,0.0,0.0,0.0,0,0,0,0.00,0.00,0.00,0.00,0.00,0.00,0.00,0.00,0.00,0.00
Marko Pjaca,hr CRO,MF FW,Empoli,27,1995,17,5,525,05.août,0,0,0,0,0,0,1,0,0.7,0.7,0.4,01.janv,22,18,33,0.00,0.00,0.00,0.00,0.00,0.11,0.08,0.19,0.11,0.19
Tommaso Pobega,it ITA,MF,Milan,23,1999,19,9,883,09.août,2,0,2,2,0,0,4,0,01.avr,01.avr,0.3,01.juil,8,36,22,0.20,0.00,0.20,0.20,0.20,0.15,0.03,0.17,0.15,0.17
Paul Pogba,fr FRA,MF FW,Juventus,29,1993,6,1,111,01.févr,0,0,0,0,0,0,0,0,0.3,0.3,0.2,0.6,5,4,15,0.00,0.00,0.00,0.00,0.00,0.27,0.20,0.46,0.27,0.46
Matteo Politano,it ITA,FW,Napoli,28,1993,27,14,1166,13.0,3,3,6,1,2,3,1,0,04.janv,01.juil,03.juin,05.avr,81,72,138,0.23,0.23,0.46,0.08,0.31,0.32,0.28,0.60,0.13,0.41
Marin Pongračić,hr CRO,DF,Lecce,24,1997,9,9,790,08.août,0,0,0,0,0,0,2,0,0.0,0.0,0.1,0.1,3,19,1,0.00,0.00,0.00,0.00,0.00,0.00,0.01,0.01,0.00,0.01
Stefan Posch,at AUT,DF,Bologna,25,1997,30,30,2532,28.janv,6,2,8,6,0,0,6,0,03.mars,03.mars,2.0,05.mars,45,148,65,0.21,0.07,0.28,0.21,0.28,0.12,0.07,0.19,0.12,0.19
Ivan Provedel,it ITA,GK,Lazio,28,1994,38,37,3413,37.9,0,0,0,0,0,0,1,0,0.0,0.0,0.0,0.0,0,0,0,0.00,0.00,0.00,0.00,0.00,0.00,0.00,0.00,0.00,0.00
Ignacio Pussetto,ar ARG,MF DF,Sampdoria,26,1995,5,1,152,01.juil,0,0,0,0,0,0,1,0,0.2,0.2,0.2,0.3,2,1,17,0.00,0.00,0.00,0.00,0.00,0.09,0.11,0.20,0.09,0.20
Niklas Pyyhtiä,fi FIN,MF,Bologna,18,2003,6,0,110,01.févr,0,1,1,0,0,0,0,0,0.2,0.2,0.1,0.3,2,1,5,0.00,0.82,0.82,0.00,0.82,0.12,0.12,0.24,0.12,0.24
Fabio Quagliarella,it ITA,FW,Sampdoria,39,1983,23,7,800,08.sept,1,1,2,1,0,0,2,0,02.août,02.août,0.7,03.mai,5,25,72,0.11,0.11,0.23,0.11,0.23,0.31,0.08,0.40,0.31,0.40
Giacomo Quagliata,it ITA,DF,Cremonese,22,2000,20,6,699,07.août,0,1,1,0,0,0,0,1,0.5,0.5,1.0,01.mai,19,28,45,0.00,0.13,0.13,0.00,0.13,0.06,0.13,0.19,0.06,0.19
Adrien Rabiot,fr FRA,MF,Juventus,27,1995,32,31,2748,30.mai,8,4,12,8,0,0,9,0,06.févr,05.août,02.mars,08.févr,72,133,109,0.26,0.13,0.39,0.26,0.39,0.20,0.08,0.28,0.19,0.27
Nemanja Radonjić,rs SRB,MF FW,Torino,26,1996,28,16,1461,16.févr,2,2,4,2,0,0,1,0,5.0,5.0,01.juil,06.juin,86,42,163,0.12,0.12,0.25,0.12,0.25,0.31,0.10,0.41,0.31,0.41
Ivan Radovanović,rs SRB,MF DF,Salernitana,33,1988,10,7,671,07.mai,0,0,0,0,0,0,1,1,0.2,0.2,0.0,0.2,2,16,2,0.00,0.00,0.00,0.00,0.00,0.03,0.00,0.03,0.03,0.03
Ionuț Radu,ro ROU,GK,Cremonese,25,1997,9,9,810,9.0,0,0,0,0,0,0,0,0,0.0,0.0,0.4,0.4,0,0,0,0.00,0.00,0.00,0.00,0.00,0.00,0.04,0.04,0.00,0.04
Ștefan Radu,ro ROU,FW,Lazio,35,1986,1,0,1,0.0,0,0,0,0,0,0,1,0,0.0,0.0,0.0,0.0,0,1,0,0.00,0.00,0.00,0.00,0.00,0.00,0.00,0.00,0.00,0.00
Antonio Raimondo,it ITA,FW,Bologna,18,2004,2,0,15,0.2,0,0,0,0,0,0,0,0,0.0,0.0,0.0,0.0,1,0,3,0.00,0.00,0.00,0.00,0.00,0.00,0.00,0.00,0.00,0.00
Luca Ranieri,it ITA,DF,Fiorentina,23,1999,9,5,508,05.juin,0,0,0,0,0,0,1,0,0.1,0.1,0.1,0.2,4,11,0,0.00,0.00,0.00,0.00,0.00,0.01,0.02,0.03,0.01,0.03
Andrea Ranocchia,it ITA,DF,Monza,34,1988,1,1,47,0.5,0,0,0,0,0,0,0,0,0.0,0.0,0.0,0.0,0,0,0,0.00,0.00,0.00,0.00,0.00,0.00,0.00,0.00,0.00,0.00
Filippo Ranocchia,it ITA,MF,Monza,21,2001,14,5,530,05.sept,1,0,1,1,0,0,1,0,01.févr,01.févr,0.4,01.juin,13,26,15,0.17,0.00,0.17,0.17,0.17,0.21,0.06,0.27,0.21,0.27
Giacomo Raspadori,it ITA,FW MF,Napoli,22,2000,25,10,911,10.janv,2,2,4,2,0,0,1,0,03.mai,03.mai,01.mars,04.août,13,33,88,0.20,0.20,0.40,0.20,0.40,0.35,0.13,0.47,0.35,0.47
Giacomo Raspadori,it ITA,FW,Sassuolo,22,2000,1,0,45,0.5,0,0,0,0,0,0,0,0,0.0,0.0,0.0,0.0,0,2,4,0.00,0.00,0.00,0.00,0.00,0.00,0.00,0.00,0.00,0.00
Nicola Ravaglia,it ITA,GK,Sampdoria,33,1988,9,9,810,9.0,0,0,0,0,0,0,0,0,0.0,0.0,0.0,0.0,0,0,0,0.00,0.00,0.00,0.00,0.00,0.00,0.00,0.00,0.00,0.00
Player,Nation,Pos,Squad,Age,Born,MP,Starts,Min,90s,Gls,Ast,G+A,G-PK,PK,PKatt,CrdY,CrdR,xG,npxG,xAG,npxG+xAG,PrgC,PrgP,PrgR,Gls,Ast,G+A,G-PK,G+A-PK,xG,xAG,xG+xAG,npxG,npxG+xAG
Ante Rebić,hr CRO,FW MF,Milan,28,1993,23,10,980,10.sept,3,2,5,3,0,0,4,0,03.mai,03.mai,2.0,05.mai,17,29,92,0.28,0.18,0.46,0.28,0.46,0.32,0.19,0.50,0.32,0.50
Arkadiusz Reca,pl POL,DF,Spezia,27,1995,30,24,2173,24.janv,1,1,2,1,0,0,5,0,1.0,1.0,02.févr,03.févr,82,79,94,0.04,0.04,0.08,0.04,0.08,0.04,0.09,0.13,0.04,0.13
Panagiotis Retsos,gr GRE,DF,Hellas Verona,23,1998,2,1,122,01.avr,0,0,0,0,0,0,0,0,0.1,0.1,0.0,0.1,2,2,0,0.00,0.00,0.00,0.00,0.00,0.05,0.02,0.06,0.05,0.06
Franck Ribéry,fr FRA,MF,Salernitana,39,1983,1,0,37,0.4,0,0,0,0,0,0,0,0,0.0,0.0,0.0,0.0,1,1,4,0.00,0.00,0.00,0.00,0.00,0.00,0.00,0.00,0.00,0.00
Samuele Ricci,it ITA,MF,Torino,20,2001,28,23,207,23.0,2,1,3,2,0,0,6,0,01.juil,01.juil,01.août,03.mai,43,104,31,0.09,0.04,0.13,0.09,0.13,0.07,0.08,0.15,0.07,0.15
Tomás Rincón,ve VEN,MF,Sampdoria,34,1988,34,30,2555,28.avr,0,2,2,0,0,0,7,1,0.6,0.6,01.févr,01.août,27,122,35,0.00,0.07,0.07,0.00,0.07,0.02,0.04,0.06,0.02,0.06
Pablo Rodríguez,es ESP,FW MF,Lecce,20,2001,4,0,54,0.6,0,0,0,0,0,0,0,0,0.0,0.0,0.0,0.0,2,3,7,0.00,0.00,0.00,0.00,0.00,0.00,0.04,0.04,0.00,0.04
Ricardo Rodríguez,ch SUI,DF,Torino,29,1992,35,30,267,29.juil,0,0,0,0,0,0,3,0,0.4,0.4,01.sept,02.avr,49,133,51,0.00,0.00,0.00,0.00,0.00,0.01,0.07,0.08,0.01,0.08
Rogério,br BRA,DF,Sassuolo,24,1998,36,34,2996,33.3,0,3,3,0,0,0,5,1,0.5,0.5,02.juil,03.mars,110,185,115,0.00,0.09,0.09,0.00,0.09,0.02,0.08,0.10,0.02,0.10
Filippo Romagna,it ITA,DF,Sassuolo,25,1997,2,0,46,0.5,0,0,0,0,0,0,0,0,0.0,0.0,0.0,0.0,1,0,0,0.00,0.00,0.00,0.00,0.00,0.00,0.00,0.00,0.00,0.00
Alessio Romagnoli,it ITA,DF,Lazio,27,1995,34,33,2922,32.5,2,0,2,2,0,0,6,0,01.avr,01.avr,0.1,01.juin,3,62,3,0.06,0.00,0.06,0.06,0.06,0.04,0.00,0.05,0.04,0.05
Simone Romagnoli,it ITA,DF,Lecce,32,1990,7,1,167,01.sept,0,0,0,0,0,0,0,0,0.0,0.0,0.0,0.0,0,5,0,0.00,0.00,0.00,0.00,0.00,0.01,0.00,0.01,0.01,0.01
Luka Romero,ar ARG,FW,Lazio,17,2004,6,1,151,01.juil,1,0,1,1,0,0,0,0,0.9,0.9,0.1,0.9,4,4,21,0.60,0.00,0.60,0.60,0.60,0.52,0.04,0.55,0.52,0.55
Marten de Roon,nl NED,MF,Atalanta,31,1991,35,34,2964,32.9,3,1,4,3,0,0,7,0,01.janv,01.janv,01.août,02.sept,18,171,23,0.09,0.03,0.12,0.09,0.12,0.03,0.06,0.09,0.03,0.09
Francesco Rossi,it ITA,GK,Atalanta,31,1991,1,0,4,0.0,0,0,0,0,0,0,0,0,0.0,0.0,0.0,0.0,0,0,0,0.00,0.00,0.00,0.00,0.00,0.00,0.00,0.00,0.00,0.00
Nicolò Rovella,it ITA,MF,Monza,20,2001,25,21,174,19.mars,1,2,3,1,0,0,5,1,01.févr,01.févr,02.févr,03.avr,26,99,19,0.05,0.10,0.16,0.05,0.16,0.06,0.11,0.18,0.06,0.18
Nicolò Rovella,it ITA,MF,Juventus,20,2001,3,0,27,0.3,0,0,0,0,0,0,1,0,0.1,0.1,0.0,0.1,1,1,2,0.00,0.00,0.00,0.00,0.00,0.30,0.00,0.30,0.30,0.30
Amir Rrahmani,xk KVX,DF,Napoli,28,1994,29,27,2448,27.févr,2,1,3,2,0,0,2,0,01.août,01.août,1.0,02.sept,23,135,5,0.07,0.04,0.11,0.07,0.11,0.07,0.04,0.11,0.07,0.11
Ruan,br BRA,DF,Sassuolo,23,1999,23,21,1711,19.0,0,0,0,0,0,0,13,3,0.5,0.5,0.0,0.5,6,22,3,0.00,0.00,0.00,0.00,0.00,0.03,0.00,0.03,0.03,0.03
Daniele Rugani,it ITA,DF,Juventus,28,1994,9,6,564,06.mars,0,0,0,0,0,0,0,0,0.5,0.5,0.0,0.5,2,5,0,0.00,0.00,0.00,0.00,0.00,0.07,0.00,0.07,0.07,0.07
Matteo Ruggeri,it ITA,DF MF,Atalanta,20,2002,15,8,829,09.févr,0,1,1,0,0,0,3,0,0.6,0.6,0.9,01.mai,22,55,65,0.00,0.11,0.11,0.00,0.11,0.06,0.10,0.16,0.06,0.16
Mário Rui,pt POR,DF,Napoli,31,1991,22,21,1749,19.avr,0,6,6,0,0,0,2,1,0.6,0.6,4.0,04.juin,52,153,97,0.00,0.31,0.31,0.00,0.31,0.03,0.20,0.24,0.03,0.24
Alessandro Russo,it ITA,GK,Sassuolo,21,2001,1,1,90,1.0,0,0,0,0,0,0,0,0,0.0,0.0,0.0,0.0,0,0,0,0.00,0.00,0.00,0.00,0.00,0.00,0.00,0.00,0.00,0.00
Abdelhamid Sabiri,ma MAR,MF FW,Sampdoria,25,1996,18,12,1069,11.sept,2,0,2,1,1,2,5,0,3.0,01.avr,01.avr,02.août,7,49,54,0.17,0.00,0.17,0.08,0.08,0.26,0.12,0.38,0.11,0.23
Alexis Saelemaekers,be BEL,FW DF,Milan,23,1999,30,14,1403,15.juin,2,3,5,2,0,0,1,0,02.mai,02.mai,04.janv,06.juin,52,52,143,0.13,0.19,0.32,0.13,0.32,0.16,0.27,0.42,0.16,0.42
Player,Nation,Pos,Squad,Age,Born,MP,Starts,Min,90s,Gls,Ast,G+A,G-PK,PK,PKatt,CrdY,CrdR,xG,npxG,xAG,npxG+xAG,PrgC,PrgP,PrgR,Gls,Ast,G+A,G-PK,G+A-PK,xG,xAG,xG+xAG,npxG,npxG+xAG
Jacopo Sala,it ITA,MF,Spezia,30,1991,6,1,112,01.févr,0,0,0,0,0,0,1,0,0.0,0.0,0.0,0.0,2,6,3,0.00,0.00,0.00,0.00,0.00,0.00,0.01,0.01,0.00,0.01
Lazar Samardzic,rs SRB,MF,Udinese,20,2002,37,19,1848,20.mai,5,4,9,5,0,0,1,0,02.avr,02.avr,03.juil,06.janv,34,100,65,0.24,0.19,0.44,0.24,0.44,0.12,0.18,0.30,0.12,0.30
Junior Sambia,fr FRA,DF,Salernitana,25,1996,22,7,697,07.juil,0,1,1,0,0,0,3,0,0.6,0.6,01.juin,02.févr,23,27,38,0.00,0.13,0.13,0.00,0.13,0.08,0.21,0.29,0.08,0.29
Antonio Sanabria,py PAR,FW,Torino,26,1996,33,28,2433,27.0,12,4,16,11,1,1,4,0,09.mars,08.mai,3.0,11.mai,17,46,139,0.44,0.15,0.59,0.41,0.55,0.34,0.11,0.45,0.32,0.42
Leandro Sanca,gw GNB,FW MF,Spezia,22,2000,4,0,32,0.4,0,0,0,0,0,0,0,0,0.0,0.0,0.0,0.0,1,0,3,0.00,0.00,0.00,0.00,0.00,0.00,0.00,0.00,0.00,0.00
Alex Sandro,br BRA,DF,Juventus,31,1991,25,21,1787,19.sept,0,1,1,0,0,0,5,1,0.2,0.2,0.9,01.janv,51,97,25,0.00,0.05,0.05,0.00,0.05,0.01,0.05,0.05,0.01,0.05
Nicola Sansone,it ITA,FW,Bologna,30,1991,18,8,740,08.févr,4,2,6,4,0,0,2,0,02.août,02.août,1.0,03.juil,17,13,72,0.49,0.24,0.73,0.49,0.73,0.34,0.12,0.45,0.34,0.45
Riccardo Saponara,it ITA,FW,Fiorentina,30,1991,29,14,1208,13.avr,4,3,7,4,0,0,4,0,02.août,02.août,03.avr,06.févr,56,56,125,0.30,0.22,0.52,0.30,0.52,0.21,0.26,0.46,0.21,0.46
Mouhamadou Sarr,sn SEN,GK,Cremonese,25,1997,2,2,180,2.0,0,0,0,0,0,0,0,0,0.0,0.0,0.0,0.0,0,0,0,0.00,0.00,0.00,0.00,0.00,0.00,0.00,0.00,0.00,0.00
Martin Satriano,uy URU,FW,Empoli,21,2001,31,20,1705,18.sept,2,1,3,2,0,0,4,0,03.sept,03.sept,01.févr,05.janv,29,22,127,0.11,0.05,0.16,0.11,0.16,0.20,0.07,0.27,0.20,0.27
Giorgio Scalvini,it ITA,DF,Atalanta,18,2003,32,29,2335,25.sept,2,2,4,2,0,0,7,0,2.0,2.0,0.4,02.avr,22,158,34,0.08,0.08,0.15,0.08,0.15,0.08,0.01,0.09,0.08,0.09
Jerdy Schouten,nl NED,MF,Bologna,25,1997,33,29,2509,27.sept,0,2,2,0,0,0,3,0,0.4,0.4,01.mai,01.sept,15,139,29,0.00,0.07,0.07,0.00,0.07,0.02,0.05,0.07,0.02,0.07
Perr Schuurs,nl NED,DF,Torino,22,1999,30,28,2326,25.août,0,2,2,0,0,0,5,0,0.9,0.9,0.9,01.août,14,56,2,0.00,0.08,0.08,0.00,0.08,0.04,0.03,0.07,0.04,0.07
Demba Seck,sn SEN,MF FW,Torino,21,2001,19,6,519,05.août,0,0,0,0,0,0,0,0,0.6,0.6,0.6,01.févr,29,17,42,0.00,0.00,0.00,0.00,0.00,0.10,0.10,0.20,0.10,0.20
Telasco Segovia,ve VEN,MF,Sampdoria,19,2003,1,0,4,0.0,0,0,0,0,0,0,0,0,0.0,0.0,0.0,0.0,0,0,0,0.00,0.00,0.00,0.00,0.00,0.00,0.00,0.00,0.00,0.00
Jacopo Segre,it ITA,DF,Torino,25,1997,1,0,21,0.2,0,0,0,0,0,0,0,0,0.0,0.0,0.0,0.0,0,0,0,0.00,0.00,0.00,0.00,0.00,0.00,0.00,0.00,0.00,0.00
Vivaldo Semedo,pt POR,FW MF,Udinese,17,2005,5,0,36,0.4,0,0,0,0,0,0,0,0,0.1,0.1,0.0,0.1,0,1,3,0.00,0.00,0.00,0.00,0.00,0.25,0.00,0.25,0.25,0.25
Stefano Sensi,it ITA,MF,Monza,26,1995,28,21,1618,18.0,3,1,4,3,0,0,8,0,01.avr,01.avr,02.janv,03.mai,27,143,37,0.17,0.06,0.22,0.17,0.22,0.08,0.12,0.19,0.08,0.19
Luigi Sepe,it ITA,GK,Salernitana,31,1991,17,17,153,17.0,0,0,0,0,0,0,3,0,0.0,0.0,0.0,0.0,0,0,0,0.00,0.00,0.00,0.00,0.00,0.00,0.00,0.00,0.00,0.00
Leonardo Sernicola,it ITA,DF,Cremonese,25,1997,32,27,2317,25.juil,2,2,4,2,0,0,11,0,01.mars,01.mars,02.mars,03.juil,60,62,95,0.08,0.08,0.16,0.08,0.16,0.05,0.09,0.14,0.05,0.14
Stephan El Shaarawy,it ITA,DF MF,Roma,29,1992,29,14,1523,16.sept,7,2,9,7,0,0,3,0,05.juin,05.juin,01.avr,7.0,58,66,136,0.41,0.12,0.53,0.41,0.53,0.33,0.08,0.41,0.33,0.41
Eldor Shomurodov,uz UZB,FW,Spezia,27,1995,15,9,809,9.0,1,1,2,1,0,0,2,0,02.août,02.août,01.avr,04.févr,7,15,53,0.11,0.11,0.22,0.11,0.22,0.31,0.15,0.46,0.31,0.46
Eldor Shomurodov,uz UZB,FW,Roma,27,1995,6,1,119,01.mars,0,0,0,0,0,0,0,0,0.6,0.6,0.0,0.6,3,4,15,0.00,0.00,0.00,0.00,0.00,0.45,0.00,0.45,0.45,0.45
Marco Silvestri,it ITA,GK,Udinese,31,1991,38,38,342,38.0,0,0,0,0,0,0,0,0,0.0,0.0,0.0,0.0,0,0,0,0.00,0.00,0.00,0.00,0.00,0.00,0.00,0.00,0.00,0.00
Giovanni Simeone,ar ARG,FW,Napoli,27,1995,25,1,406,04.mai,4,1,5,4,0,0,1,0,01.avr,01.avr,01.févr,02.mai,11,9,34,0.89,0.22,01.nov,0.89,01.nov,0.30,0.26,0.56,0.30,0.56
Player,Nation,Pos,Squad,Age,Born,MP,Starts,Min,90s,Gls,Ast,G+A,G-PK,PK,PKatt,CrdY,CrdR,xG,npxG,xAG,npxG+xAG,PrgC,PrgP,PrgR,Gls,Ast,G+A,G-PK,G+A-PK,xG,xAG,xG+xAG,npxG,npxG+xAG
Wilfried Singo,ci CIV,DF,Torino,21,2000,31,24,2046,22.juil,2,1,3,2,0,0,8,0,02.juil,02.juil,01.sept,04.juin,54,67,93,0.09,0.04,0.13,0.09,0.13,0.12,0.08,0.20,0.12,0.20
Salvatore Sirigu,it ITA,GK,Fiorentina,35,1987,1,1,90,1.0,0,0,0,0,0,0,0,0,0.0,0.0,0.0,0.0,0,0,0,0.00,0.00,0.00,0.00,0.00,0.00,0.00,0.00,0.00,0.00
Leo Skiri Østigård,no NOR,DF,Napoli,22,1999,7,4,419,04.juil,0,0,0,0,0,0,1,0,0.1,0.1,0.0,0.1,5,23,1,0.00,0.00,0.00,0.00,0.00,0.02,0.00,0.02,0.02,0.02
Łukasz Skorupski,pl POL,GK,Bologna,31,1991,37,37,333,37.0,0,0,0,0,0,0,4,0,0.0,0.0,0.0,0.0,0,0,0,0.00,0.00,0.00,0.00,0.00,0.00,0.00,0.00,0.00,0.00
Milan Škriniar,sk SVK,DF,Inter,27,1995,21,20,1769,19.juil,0,0,0,0,0,0,5,1,0.8,0.8,0.3,01.janv,16,81,10,0.00,0.00,0.00,0.00,0.00,0.04,0.01,0.05,0.04,0.05
Chris Smalling,eng ENG,DF,Roma,32,1989,32,31,2808,31.2,3,1,4,3,0,0,7,0,01.juil,01.juil,0.4,02.janv,5,51,7,0.10,0.03,0.13,0.10,0.13,0.05,0.01,0.07,0.05,0.07
Ola Solbakken,no NOR,MF FW,Roma,23,1998,14,7,502,05.juin,1,2,3,1,0,0,2,0,0.6,0.6,01.juin,02.févr,5,14,35,0.18,0.36,0.54,0.18,0.54,0.11,0.29,0.40,0.11,0.40
Brandon Soppy,fr FRA,DF,Udinese,20,2002,1,1,90,1.0,0,0,0,0,0,0,1,0,0.1,0.1,0.2,0.3,4,4,4,0.00,0.00,0.00,0.00,0.00,0.07,0.19,0.27,0.07,0.27
Brandon Soppy,fr FRA,DF,Atalanta,20,2002,15,8,643,07.janv,0,3,3,0,0,0,2,0,0.3,0.3,01.juin,2.0,23,33,35,0.00,0.42,0.42,0.00,0.42,0.05,0.23,0.27,0.05,0.27
Roberto Soriano,it ITA,FW MF,Bologna,31,1991,27,15,1326,14.juil,1,3,4,1,0,0,1,0,0.6,0.6,02.mai,03.janv,30,56,66,0.07,0.20,0.27,0.07,0.27,0.04,0.17,0.21,0.04,0.21
Joaquin Sosa,uy URU,DF,Bologna,20,2002,10,7,688,07.juin,0,0,0,0,0,0,2,0,0.1,0.1,0.0,0.1,6,13,1,0.00,0.00,0.00,0.00,0.00,0.01,0.00,0.01,0.01,0.01
Riccardo Sottil,it ITA,FW,Fiorentina,23,1999,18,9,833,09.mars,0,2,2,0,0,0,1,0,1.0,1.0,01.janv,02.févr,65,27,123,0.00,0.22,0.22,0.00,0.22,0.11,0.12,0.23,0.11,0.23
Matìas Soulé,ar ARG,MF FW,Juventus,19,2003,13,4,420,04.juil,1,0,1,1,0,0,0,0,01.mai,01.mai,0.8,02.mars,12,15,33,0.21,0.00,0.21,0.21,0.21,0.33,0.18,0.50,0.33,0.50
Adama Soumaoro,fr FRA,DF,Bologna,30,1992,23,22,1867,20.juil,0,0,0,0,0,0,5,1,0.3,0.3,0.0,0.3,7,50,1,0.00,0.00,0.00,0.00,0.00,0.02,0.00,0.02,0.02,0.02
Leonardo Spinazzola,it ITA,DF,Roma,29,1993,26,18,1654,18.avr,1,4,5,1,0,0,3,0,1.0,1.0,2.0,3.0,107,63,87,0.05,0.22,0.27,0.05,0.27,0.06,0.11,0.16,0.06,0.16
Marco Sportiello,it ITA,GK,Atalanta,30,1992,15,14,1339,14.sept,0,0,0,0,0,0,0,0,0.0,0.0,0.0,0.0,0,2,0,0.00,0.00,0.00,0.00,0.00,0.00,0.00,0.00,0.00,0.00
Petar Stojanović,si SVN,DF,Empoli,26,1995,27,16,153,17.0,0,1,1,0,0,0,3,0,0.3,0.3,1.0,01.mars,50,91,51,0.00,0.06,0.06,0.00,0.06,0.02,0.06,0.08,0.02,0.08
Gabriel Strefezza,br BRA,FW MF,Lecce,25,1997,35,30,2442,27.janv,8,4,12,6,2,3,5,0,06.févr,03.sept,04.mars,08.févr,71,107,177,0.29,0.15,0.44,0.22,0.37,0.23,0.16,0.39,0.14,0.30
Dávid Strelec,sk SVK,FW,Spezia,21,2001,7,1,169,01.sept,0,0,0,0,0,0,0,0,0.5,0.5,0.1,0.6,2,1,14,0.00,0.00,0.00,0.00,0.00,0.28,0.05,0.33,0.28,0.33
Isaac Success,ng NGA,FW,Udinese,26,1996,30,21,1815,20.févr,1,6,7,1,0,0,4,0,03.mars,03.mars,4.0,07.mars,37,53,200,0.05,0.30,0.35,0.05,0.35,0.17,0.20,0.36,0.17,0.36
Ibrahim Sulemana,gh GHA,MF,Hellas Verona,19,2003,16,6,651,07.févr,0,0,0,0,0,0,4,0,0.3,0.3,0.2,0.6,4,18,5,0.00,0.00,0.00,0.00,0.00,0.05,0.03,0.08,0.05,0.08
Mile Svilar,rs SRB,GK,Roma,22,1999,3,3,270,3.0,0,0,0,0,0,0,1,0,0.0,0.0,0.0,0.0,0,0,0,0.00,0.00,0.00,0.00,0.00,0.00,0.00,0.00,0.00,0.00
Wojciech Szczęsny,pl POL,GK,Juventus,32,1990,28,28,2472,27.mai,0,0,0,0,0,0,0,0,0.0,0.0,0.0,0.0,0,0,0,0.00,0.00,0.00,0.00,0.00,0.00,0.00,0.00,0.00,0.00
Benjamin Tahirovic,ba BIH,MF,Roma,19,2003,11,4,355,03.sept,0,0,0,0,0,0,1,0,0.0,0.0,0.2,0.2,0,9,3,0.00,0.00,0.00,0.00,0.00,0.00,0.04,0.04,0.00,0.04
Adrien Tameze,cm CMR,MF,Hellas Verona,28,1994,37,35,3031,33.7,0,0,0,0,0,0,3,0,0.9,0.9,0.9,01.août,32,103,58,0.00,0.00,0.00,0.00,0.00,0.03,0.03,0.05,0.03,0.05
Player,Nation,Pos,Squad,Age,Born,MP,Starts,Min,90s,Gls,Ast,G+A,G-PK,PK,PKatt,CrdY,CrdR,xG,npxG,xAG,npxG+xAG,PrgC,PrgP,PrgR,Gls,Ast,G+A,G-PK,G+A-PK,xG,xAG,xG+xAG,npxG,npxG+xAG
Ciprian Tătărușanu,ro ROU,GK,Milan,36,1986,16,16,144,16.0,0,1,1,0,0,0,0,0,0.0,0.0,0.5,0.5,0,0,0,0.00,0.06,0.06,0.00,0.06,0.00,0.03,0.03,0.00,0.03
Filippo Terracciano,it ITA,DF MF,Hellas Verona,19,2003,20,7,821,09.janv,0,1,1,0,0,0,2,0,0.2,0.2,01.févr,01.avr,16,37,24,0.00,0.11,0.11,0.00,0.11,0.02,0.14,0.16,0.02,0.16
Pietro Terracciano,it ITA,GK,Fiorentina,32,1990,29,29,261,29.0,0,0,0,0,0,0,1,0,0.0,0.0,0.0,0.0,0,0,0,0.00,0.00,0.00,0.00,0.00,0.00,0.00,0.00,0.00,0.00
Aleksa Terzić,rs SRB,DF,Fiorentina,22,1999,22,8,935,10.avr,1,1,2,1,0,0,2,0,0.4,0.4,01.sept,02.mars,49,40,61,0.10,0.10,0.19,0.10,0.19,0.04,0.18,0.22,0.04,0.22
Florian Thauvin,fr FRA,FW MF,Udinese,29,1993,16,5,546,06.janv,0,0,0,0,0,0,1,0,0.7,0.7,01.janv,01.juil,19,24,49,0.00,0.00,0.00,0.00,0.00,0.11,0.17,0.29,0.11,0.29
Malick Thiaw,de GER,DF,Milan,20,2001,20,15,1362,15.janv,0,0,0,0,0,0,5,0,0.8,0.8,0.2,1.0,6,67,2,0.00,0.00,0.00,0.00,0.00,0.06,0.01,0.07,0.06,0.07
Kristian Thorstvedt,no NOR,MF,Sassuolo,23,1999,31,13,1136,12.juin,2,1,3,2,0,0,5,0,02.janv,02.janv,01.janv,03.févr,31,60,54,0.16,0.08,0.24,0.16,0.24,0.17,0.09,0.26,0.17,0.26
Jeremy Toljan,de GER,DF,Sassuolo,27,1994,31,29,2672,29.juil,0,1,1,0,0,0,3,0,0.5,0.5,02.avr,3.0,56,142,99,0.00,0.03,0.03,0.00,0.03,0.02,0.08,0.10,0.02,0.10
Rafael Tolói,it ITA,DF,Atalanta,31,1990,32,32,2784,30.sept,2,1,3,2,0,0,8,0,02.août,02.août,01.févr,4.0,21,148,29,0.06,0.03,0.10,0.06,0.10,0.09,0.04,0.13,0.09,0.13
Fikayo Tomori,eng ENG,DF,Milan,24,1997,33,32,276,30.juil,1,1,2,1,0,0,5,0,01.mars,01.mars,0.8,02.janv,26,122,10,0.03,0.03,0.07,0.03,0.07,0.04,0.03,0.07,0.04,0.07
Sandro Tonali,it ITA,MF,Milan,22,2000,34,30,2713,30.janv,2,7,9,2,0,0,7,0,02.avr,02.avr,05.juil,08.janv,61,159,86,0.07,0.23,0.30,0.07,0.30,0.08,0.19,0.27,0.08,0.27
Lorenzo Tonelli,it ITA,DF,Empoli,32,1990,1,0,19,0.2,0,0,0,0,0,0,0,1,0.0,0.0,0.0,0.0,0,0,0,0.00,0.00,0.00,0.00,0.00,0.00,0.00,0.00,0.00,0.00
William Troost-Ekong,ng NGA,DF,Salernitana,28,1993,9,4,444,04.sept,1,0,1,1,0,0,1,0,0.7,0.7,0.0,0.7,1,6,0,0.20,0.00,0.20,0.20,0.20,0.14,0.00,0.14,0.14,0.14
Frank Tsadjout,it ITA,FW,Cremonese,23,1999,20,14,1051,11.juil,3,1,4,3,0,0,1,0,2.0,2.0,0.5,02.juin,15,18,63,0.26,0.09,0.34,0.26,0.34,0.17,0.05,0.22,0.17,0.22
Alessandro Tuia,it ITA,DF,Lecce,32,1990,7,6,509,05.juil,0,0,0,0,0,0,1,0,0.1,0.1,0.0,0.1,1,20,0,0.00,0.00,0.00,0.00,0.00,0.02,0.01,0.02,0.02,0.02
Martin Turk,si SVN,GK,Sampdoria,18,2003,4,4,360,4.0,0,0,0,0,0,0,0,0,0.0,0.0,0.0,0.0,0,0,0,0.00,0.00,0.00,0.00,0.00,0.00,0.00,0.00,0.00,0.00
Destiny Udogie,it ITA,DF,Udinese,19,2002,33,31,2704,30.0,3,4,7,3,0,0,5,0,02.sept,02.sept,04.févr,07.janv,109,106,155,0.10,0.13,0.23,0.10,0.23,0.10,0.14,0.24,0.10,0.24
Samir Ujkani,xk KVX,GK,Empoli,34,1988,1,0,7,0.1,0,0,0,0,0,0,0,0,0.0,0.0,0.0,0.0,0,0,0,0.00,0.00,0.00,0.00,0.00,0.00,0.00,0.00,0.00,0.00
Samuel Umtiti,fr FRA,DF,Lecce,28,1993,25,24,2113,23.mai,0,0,0,0,0,0,8,0,0.8,0.8,0.1,0.9,12,56,2,0.00,0.00,0.00,0.00,0.00,0.03,0.00,0.04,0.03,0.04
Diego Valencia,cl CHI,MF FW,Salernitana,22,2000,12,0,231,02.juin,0,0,0,0,0,0,1,0,0.1,0.1,0.1,0.2,1,4,21,0.00,0.00,0.00,0.00,0.00,0.05,0.05,0.09,0.05,0.09
Emanuele Valeri,it ITA,DF,Cremonese,23,1998,37,31,2785,30.sept,2,3,5,2,0,0,3,0,02.févr,02.févr,04.juin,06.août,111,90,158,0.06,0.10,0.16,0.06,0.16,0.07,0.15,0.22,0.07,0.22
Mattia Valoti,it ITA,MF FW,Monza,28,1993,16,4,453,5.0,0,0,0,0,0,0,1,0,0.2,0.2,0.1,0.2,7,16,9,0.00,0.00,0.00,0.00,0.00,0.03,0.01,0.05,0.03,0.05
Johan Vásquez,mx MEX,DF,Cremonese,23,1998,25,19,1813,20.janv,1,0,1,1,0,0,7,0,0.7,0.7,0.3,1.0,18,48,12,0.05,0.00,0.05,0.05,0.05,0.04,0.02,0.05,0.04,0.05
Matías Vecino,uy URU,MF,Lazio,30,1991,32,17,1691,18.août,2,0,2,2,0,0,6,0,02.mai,02.mai,0.5,3.0,22,88,17,0.11,0.00,0.11,0.11,0.11,0.13,0.03,0.16,0.13,0.16
Miguel Veloso,pt POR,MF,Hellas Verona,36,1986,22,14,1163,12.sept,0,0,0,0,0,0,6,0,0.5,0.5,02.janv,02.juin,17,84,22,0.00,0.00,0.00,0.00,0.00,0.04,0.16,0.20,0.04,0.20
Player,Nation,Pos,Squad,Age,Born,MP,Starts,Min,90s,Gls,Ast,G+A,G-PK,PK,PKatt,CrdY,CrdR,xG,npxG,xAG,npxG+xAG,PrgC,PrgP,PrgR,Gls,Ast,G+A,G-PK,G+A-PK,xG,xAG,xG+xAG,npxG,npxG+xAG
Lorenzo Venuti,it ITA,DF,Fiorentina,27,1995,17,9,924,10.mars,0,1,1,0,0,0,2,0,0.4,0.4,0.5,0.9,24,44,43,0.00,0.10,0.10,0.00,0.10,0.04,0.05,0.09,0.04,0.09
Daniele Verde,it ITA,FW MF,Spezia,26,1996,25,11,998,11.janv,3,0,3,2,1,1,1,0,02.sept,02.janv,01.mars,03.avr,18,42,57,0.27,0.00,0.27,0.18,0.18,0.26,0.12,0.38,0.19,0.31
Simone Verdi,it ITA,MF FW,Hellas Verona,30,1992,24,12,1096,12.févr,5,0,5,4,1,1,3,0,02.juin,01.août,02.janv,03.sept,34,46,57,0.41,0.00,0.41,0.33,0.33,0.21,0.18,0.39,0.15,0.32
Valerio Verre,it ITA,MF,Sampdoria,28,1994,18,6,677,07.mai,0,0,0,0,0,0,5,0,0.6,0.6,01.janv,01.juil,16,45,27,0.00,0.00,0.00,0.00,0.00,0.08,0.14,0.22,0.08,0.22
Guglielmo Vicario,it ITA,GK,Empoli,25,1996,31,31,2783,30.sept,0,0,0,0,0,0,3,0,0.0,0.0,0.0,0.0,0,0,0,0.00,0.00,0.00,0.00,0.00,0.00,0.00,0.00,0.00,0.00
Ronaldo Vieira,gw GNB,MF,Torino,24,1998,2,0,16,0.2,0,0,0,0,0,0,0,0,0.0,0.0,0.0,0.0,0,1,0,0.00,0.00,0.00,0.00,0.00,0.00,0.00,0.00,0.00,0.00
Ronaldo Vieira,gw GNB,MF,Sampdoria,24,1998,16,8,815,09.janv,0,0,0,0,0,0,3,0,0.4,0.4,0.0,0.4,6,39,5,0.00,0.00,0.00,0.00,0.00,0.04,0.00,0.04,0.04,0.04
Emanuel Vignato,it ITA,MF FW,Bologna,21,2000,8,2,242,02.juil,0,1,1,0,0,0,1,0,0.1,0.1,0.4,0.5,3,9,4,0.00,0.37,0.37,0.00,0.37,0.03,0.14,0.17,0.03,0.17
Emanuel Vignato,it ITA,MF FW,Empoli,21,2000,5,0,57,0.6,1,0,1,1,0,0,0,0,0.2,0.2,0.1,0.3,1,7,5,janv.58,0.00,janv.58,janv.58,janv.58,0.30,0.19,0.49,0.30,0.49
Samuele Vignato,it ITA,MF FW,Monza,18,2004,5,0,62,0.7,0,1,1,0,0,0,0,0,0.1,0.1,0.3,0.4,4,1,6,0.00,janv.45,janv.45,0.00,janv.45,0.11,0.49,0.60,0.11,0.60
Tonny Vilhena,nl NED,MF,Salernitana,27,1995,33,27,2265,25.févr,4,1,5,4,0,0,5,0,02.avr,02.avr,01.juil,04.janv,30,80,59,0.16,0.04,0.20,0.16,0.20,0.10,0.07,0.16,0.10,0.16
Gonzalo Villar,es ESP,MF,Sampdoria,24,1998,15,8,696,07.juil,0,0,0,0,0,0,2,0,0.0,0.0,0.0,0.0,9,26,2,0.00,0.00,0.00,0.00,0.00,0.00,0.00,0.00,0.00,0.00
Matías Viña,uy URU,DF,Roma,24,1997,3,1,55,0.6,0,0,0,0,0,0,0,0,0.0,0.0,0.1,0.1,2,2,4,0.00,0.00,0.00,0.00,0.00,0.00,0.18,0.18,0.00,0.18
Dušan Vlahović,rs SRB,FW,Juventus,22,2000,27,22,1925,21.avr,10,2,12,8,2,3,1,0,09.juil,07.mars,02.avr,09.août,22,40,117,0.47,0.09,0.56,0.37,0.47,0.45,0.11,0.57,0.34,0.46
Nikola Vlašić,hr CRO,MF FW,Torino,24,1997,34,29,2728,30.mars,5,6,11,5,0,0,1,0,04.mars,04.mars,04.janv,08.avr,85,106,210,0.16,0.20,0.36,0.16,0.36,0.14,0.14,0.28,0.14,0.28
Joel Voelkerling Persson,se SWE,FW MF,Lecce,19,2003,9,0,99,01.janv,0,0,0,0,0,0,0,0,0.0,0.0,0.0,0.1,1,3,10,0.00,0.00,0.00,0.00,0.00,0.04,0.02,0.06,0.04,0.06
Mërgim Vojvoda,xk KVX,DF,Torino,27,1995,29,18,1719,19.janv,0,5,5,0,0,0,3,0,01.mai,01.mai,03.juil,05.mars,30,125,81,0.00,0.26,0.26,0.00,0.26,0.08,0.19,0.27,0.08,0.27
Cristian Volpato,it ITA,MF,Roma,18,2003,7,2,227,02.mai,1,1,2,1,0,0,0,0,0.4,0.4,01.févr,01.mai,8,18,24,0.40,0.40,0.79,0.40,0.79,0.14,0.47,0.61,0.14,0.61
Lukáš Vorlický,cz CZE,MF FW,Atalanta,20,2002,3,0,24,0.3,0,0,0,0,0,0,0,0,0.0,0.0,0.0,0.0,2,3,3,0.00,0.00,0.00,0.00,0.00,0.18,0.00,0.18,0.18,0.18
Aster Vranckx,be BEL,MF,Milan,19,2002,9,2,240,02.juil,0,0,0,0,0,0,1,0,0.1,0.1,0.3,0.3,2,4,5,0.00,0.00,0.00,0.00,0.00,0.02,0.11,0.12,0.02,0.12
Stefan de Vrij,nl NED,DF,Inter,30,1992,27,22,1945,21.juin,1,0,1,1,0,0,4,0,02.févr,02.févr,0.2,02.avr,13,55,0,0.05,0.00,0.05,0.05,0.05,0.10,0.01,0.11,0.10,0.11
Walace,br BRA,MF,Udinese,27,1995,37,37,319,35.4,0,1,1,0,0,0,6,0,01.janv,01.janv,01.juil,02.août,47,170,36,0.00,0.03,0.03,0.00,0.03,0.03,0.05,0.08,0.03,0.08
Sebastian Walukiewicz,pl POL,DF,Empoli,22,2000,11,6,603,06.juil,0,0,0,0,0,0,0,0,0.3,0.3,0.1,0.4,6,13,0,0.00,0.00,0.00,0.00,0.00,0.05,0.01,0.07,0.05,0.07
Georginio Wijnaldum,nl NED,MF,Roma,31,1990,14,10,769,08.mai,2,0,2,2,0,0,0,0,02.févr,02.févr,0.7,02.sept,16,18,33,0.23,0.00,0.23,0.23,0.23,0.26,0.08,0.34,0.26,0.34
Harry Winks,eng ENG,MF,Sampdoria,26,1996,20,19,1716,19.janv,0,0,0,0,0,0,2,0,0.6,0.6,01.mars,01.août,19,117,17,0.00,0.00,0.00,0.00,0.00,0.03,0.07,0.10,0.03,0.10
Player,Nation,Pos,Squad,Age,Born,MP,Starts,Min,90s,Gls,Ast,G+A,G-PK,PK,PKatt,CrdY,CrdR,xG,npxG,xAG,npxG+xAG,PrgC,PrgP,PrgR,Gls,Ast,G+A,G-PK,G+A-PK,xG,xAG,xG+xAG,npxG,npxG+xAG
Przemysław Wiśniewski,pl POL,DF,Spezia,24,1998,14,11,1003,11.janv,1,0,1,1,0,0,3,0,01.févr,01.févr,0.7,01.sept,2,24,1,0.09,0.00,0.09,0.09,0.09,0.11,0.06,0.17,0.11,0.17
Gerard Yepes,es ESP,MF,Sampdoria,19,2002,5,2,198,02.févr,0,0,0,0,0,0,2,0,0.1,0.1,0.0,0.1,3,7,6,0.00,0.00,0.00,0.00,0.00,0.03,0.01,0.04,0.03,0.04
Mattia Zaccagni,it ITA,FW,Lazio,27,1995,35,33,277,30.août,10,6,16,9,1,1,9,0,06.juil,05.sept,04.mai,10.avr,118,76,282,0.32,0.19,0.52,0.29,0.49,0.22,0.15,0.36,0.19,0.34
Denis Zakaria,ch SUI,MF,Juventus,25,1996,2,1,123,01.avr,0,0,0,0,0,0,0,0,0.0,0.0,0.0,0.0,2,3,3,0.00,0.00,0.00,0.00,0.00,0.00,0.00,0.00,0.00,0.00
Nicola Zalewski,pl POL,DF,Roma,20,2002,33,26,2197,24.avr,2,1,3,2,0,0,3,0,01.mars,01.mars,01.févr,02.mai,92,85,99,0.08,0.04,0.12,0.08,0.12,0.05,0.05,0.10,0.05,0.10
Andre-Frank Zambo Anguissa,cm CMR,MF,Napoli,26,1995,36,36,305,33.9,3,5,8,3,0,0,3,0,04.avr,04.avr,02.juin,7.0,58,181,140,0.09,0.15,0.24,0.09,0.24,0.13,0.08,0.21,0.13,0.21
Luca Zanimacchia,it ITA,MF FW,Cremonese,24,1998,15,9,746,08.mars,0,0,0,0,0,0,2,0,01.févr,01.févr,0.9,2.0,22,26,70,0.00,0.00,0.00,0.00,0.00,0.14,0.10,0.25,0.14,0.25
Nicolò Zaniolo,it ITA,MF FW,Roma,23,1999,13,12,890,09.sept,1,0,1,1,0,0,4,0,02.sept,02.sept,0.9,03.août,34,19,69,0.10,0.00,0.10,0.10,0.10,0.29,0.09,0.39,0.29,0.39
Alessandro Zanoli,it ITA,DF,Sampdoria,21,2000,22,16,154,17.janv,2,3,5,2,0,0,3,0,02.juin,02.juin,01.févr,03.août,50,36,60,0.12,0.18,0.29,0.12,0.29,0.15,0.07,0.22,0.15,0.22
Alessandro Zanoli,it ITA,DF,Napoli,21,2000,1,0,12,0.1,0,0,0,0,0,0,0,0,0.1,0.1,0.0,0.1,1,0,2,0.00,0.00,0.00,0.00,0.00,0.47,0.00,0.47,0.47,0.47
Mattia Zanotti,it ITA,DF,Inter,19,2003,2,0,27,0.3,0,0,0,0,0,0,0,0,0.0,0.0,0.1,0.1,1,1,2,0.00,0.00,0.00,0.00,0.00,0.00,0.23,0.23,0.00,0.23
Duván Zapata,co COL,FW,Atalanta,31,1991,25,16,139,15.avr,2,2,4,2,0,0,1,0,03.sept,03.sept,01.janv,05.janv,35,40,140,0.13,0.13,0.26,0.13,0.26,0.25,0.07,0.33,0.25,0.33
Davide Zappacosta,it ITA,DF,Atalanta,30,1992,21,18,1471,16.mars,4,2,6,4,0,0,4,0,01.mai,01.mai,01.juin,03.févr,48,55,101,0.24,0.12,0.37,0.24,0.37,0.09,0.10,0.20,0.09,0.20
Karim Zedadka,fr FRA,FW,Napoli,22,2000,3,0,20,0.2,0,0,0,0,0,0,0,0,0.0,0.0,0.0,0.0,1,0,4,0.00,0.00,0.00,0.00,0.00,0.00,0.00,0.00,0.00,0.00
Deyovaisio Zeefuik,nl NED,DF,Hellas Verona,24,1998,1,0,10,0.1,0,0,0,0,0,0,0,0,0.0,0.0,0.0,0.0,1,0,1,0.00,0.00,0.00,0.00,0.00,0.00,0.00,0.00,0.00,0.00
Marvin Zeegelaar,nl NED,DF,Udinese,31,1990,7,4,353,03.sept,1,0,1,1,0,0,3,1,0.2,0.2,0.2,0.4,6,9,11,0.25,0.00,0.25,0.25,0.25,0.05,0.04,0.09,0.05,0.09
Alessio Zerbin,it ITA,FW,Napoli,23,1999,10,2,198,02.févr,0,0,0,0,0,0,1,0,0.3,0.3,0.0,0.3,5,6,20,0.00,0.00,0.00,0.00,0.00,0.12,0.00,0.12,0.12,0.12
Piotr Zieliński,pl POL,MF,Napoli,28,1994,37,27,2287,25.avr,3,8,11,3,0,0,3,0,03.mai,03.mai,07.avr,10.sept,62,128,129,0.12,0.31,0.43,0.12,0.43,0.14,0.29,0.43,0.14,0.43
David Zima,cz CZE,DF,Torino,21,2000,9,4,406,04.mai,0,0,0,0,0,0,0,0,0.8,0.8,0.1,0.9,3,12,5,0.00,0.00,0.00,0.00,0.00,0.17,0.02,0.19,0.17,0.19
Joshua Zirkzee,nl NED,FW,Bologna,21,2001,19,5,822,09.janv,2,2,4,2,0,0,1,0,03.janv,03.janv,01.avr,04.mai,10,17,74,0.22,0.22,0.44,0.22,0.44,0.34,0.15,0.49,0.34,0.49
Jeroen Zoet,nl NED,GK,Spezia,31,1991,5,4,334,03.juil,0,0,0,0,0,0,1,0,0.0,0.0,0.0,0.0,0,0,0,0.00,0.00,0.00,0.00,0.00,0.00,0.00,0.00,0.00,0.00
Nadir Zortea,it ITA,DF MF,Atalanta,23,1999,9,1,222,02.mai,1,0,1,1,0,0,1,0,0.1,0.1,0.6,0.7,11,9,13,0.41,0.00,0.41,0.41,0.41,0.05,0.23,0.28,0.05,0.28
Nadir Zortea,it ITA,DF,Sassuolo,23,1999,10,7,657,07.mars,0,1,1,0,0,0,4,0,0.2,0.2,0.7,0.8,24,38,25,0.00,0.14,0.14,0.00,0.14,0.02,0.09,0.11,0.02,0.11
Petar Zovko,ba BIH,GK,Spezia,20,2002,1,0,74,0.8,0,0,0,0,0,0,0,0,0.0,0.0,0.0,0.0,0,0,0,0.00,0.00,0.00,0.00,0.00,0.00,0.00,0.00,0.00,0.00
Szymon Żurkowski,pl POL,MF,Fiorentina,24,1997,2,0,32,0.4,0,1,1,0,0,0,0,0,0.1,0.1,0.0,0.1,3,1,4,0.00,févr.81,févr.81,0.00,févr.81,0.33,0.06,0.40,0.33,0.40
Player,Nation,Pos,Squad,Age,Born,MP,Starts,Min,90s,Gls,Ast,G+A,G-PK,PK,PKatt,CrdY,CrdR,xG,npxG,xAG,npxG+xAG,PrgC,PrgP,PrgR,Gls,Ast,G+A,G-PK,G+A-PK,xG,xAG,xG+xAG,npxG,npxG+xAG
Szymon Żurkowski,pl POL,MF,Spezia,24,1997,10,3,427,04.juil,0,0,0,0,0,0,1,0,0.6,0.6,0.0,0.6,9,10,10,0.00,0.00,0.00,0.00,0.00,0.12,0.00,0.12,0.12,0.12
Milan Đurić,ba BIH,FW,Hellas Verona,32,1990,28,14,1366,15.févr,1,1,2,1,0,0,3,0,01.avr,01.avr,01.mars,02.juil,2,29,72,0.07,0.07,0.13,0.07,0.13,0.09,0.08,0.18,0.09,0.18
Filip Đuričić,rs SRB,MF FW,Sampdoria,30,1992,32,27,2171,24.janv,3,0,3,3,0,0,9,0,02.juil,02.juil,01.sept,04.juin,39,77,83,0.12,0.00,0.12,0.12,0.12,0.11,0.08,0.19,0.11,0.19
