Player,Nation,Pos,Squad,Age,Born,MP,Starts,Min,90s,Gls,Ast,G+A,G-PK,PK,PKatt,CrdY,CrdR,xG,npxG,xAG,npxG+xAG,PrgC,PrgP,PrgR,Gls,Ast,G+A,G-PK,G+A-PK,xG,xAG,xG+xAG,npxG,npxG+xAG
Ignazio Abate,it ITA,DF,Milan,31,1986,19,15,1 302,14.mai,0,0,0,0,0,0,4,0,0.1,0.1,0.4,0.4,27,88,43,0.00,0.00,0.00,0.00,0.00,0.01,0.02,0.03,0.01,0.03
Francesco Acerbi,it ITA,DF,Lazio,30,1988,37,37,3 309,36.8,3,1,4,3,0,0,4,1,03.avr,03.avr,1.0,04.mars,39,135,17,0.08,0.03,0.11,0.08,0.11,0.09,0.03,0.12,0.09,0.12
Afriyie Acquah,gh GHA,MF,Empoli,26,1992,28,19,1 51,16.août,2,0,2,2,0,0,4,0,01.avr,01.avr,0.8,02.févr,58,91,76,0.12,0.00,0.12,0.12,0.12,0.09,0.05,0.13,0.09,0.13
Claud Adjapong,it ITA,MF FW,Sassuolo,20,1998,5,3,270,3.0,1,0,1,1,0,0,1,0,0.7,0.7,0.1,0.8,6,4,19,0.33,0.00,0.33,0.33,0.33,0.24,0.02,0.26,0.24,0.26
Ali Adnan Kadhim,iq IRQ,DF,Atalanta,24,1993,3,2,166,01.août,0,0,0,0,0,0,0,0,0.2,0.2,0.1,0.4,7,8,11,0.00,0.00,0.00,0.00,0.00,0.13,0.06,0.20,0.13,0.20
Emmanuel Agyemang-Badu,gh GHA,MF,Udinese,27,1990,4,2,161,01.août,0,0,0,0,0,0,0,0,0.1,0.1,0.0,0.1,2,1,5,0.00,0.00,0.00,0.00,0.00,0.05,0.01,0.06,0.05,0.06
Ola Aina,ng NGA,DF,Torino,21,1996,30,22,2 16,24.0,1,3,4,1,0,0,5,1,01.avr,01.avr,02.mai,4.0,62,97,96,0.04,0.12,0.17,0.04,0.17,0.06,0.11,0.17,0.06,0.17
Luis Alberto,es ESP,MF FW,Lazio,25,1992,27,25,1 99,22.janv,4,5,9,3,1,1,5,1,04.févr,03.avr,05.sept,09.avr,100,200,132,0.18,0.23,0.41,0.14,0.36,0.19,0.27,0.46,0.16,0.42
Raúl Albiol,es ESP,DF,Napoli,32,1985,20,19,1 713,19.0,1,0,1,1,0,0,4,0,0.3,0.3,0.4,0.7,4,81,2,0.05,0.00,0.05,0.05,0.05,0.01,0.02,0.04,0.01,0.04
Allan,br BRA,MF,Napoli,27,1991,33,28,2 616,29.janv,1,3,4,1,0,0,10,0,1.0,1.0,02.mai,03.juin,49,236,45,0.03,0.10,0.14,0.03,0.14,0.03,0.09,0.12,0.03,0.12
Bruno Alves,pt POR,DF,Parma,36,1981,33,33,2 922,32.5,4,1,5,4,0,0,9,1,02.févr,02.févr,1.0,03.févr,4,72,5,0.12,0.03,0.15,0.12,0.15,0.07,0.03,0.10,0.07,0.10
Joachim Andersen,dk DEN,DF,Sampdoria,22,1996,32,32,2 88,32.0,0,1,1,0,0,0,7,0,1.0,1.0,0.7,01.juil,25,154,3,0.00,0.03,0.03,0.00,0.03,0.03,0.02,0.05,0.03,0.05
Marco Andreolli,it ITA,DF,Cagliari,32,1986,3,1,106,01.févr,0,0,0,0,0,0,1,0,0.0,0.0,0.0,0.0,0,6,0,0.00,0.00,0.00,0.00,0.00,0.03,0.00,0.03,0.03,0.03
Marco Andreolli,it ITA,DF,Chievo,32,1986,8,7,646,07.févr,0,0,0,0,0,0,2,0,0.1,0.1,0.0,0.1,1,8,0,0.00,0.00,0.00,0.00,0.00,0.02,0.00,0.02,0.02,0.02
Cristian Ansaldi,ar ARG,DF MF,Torino,31,1986,24,23,1 807,20.janv,3,2,5,3,0,0,3,0,01.avr,01.avr,02.sept,04.mars,96,93,108,0.15,0.10,0.25,0.15,0.25,0.07,0.14,0.21,0.07,0.21
Mirco Antenucci,it ITA,FW,SPAL,33,1984,35,22,2 133,23.juil,5,0,5,4,1,2,0,0,06.juin,5.0,01.juin,06.mai,41,50,172,0.21,0.00,0.21,0.17,0.17,0.28,0.07,0.34,0.21,0.28
Luca Antonelli,it ITA,DF,Empoli,31,1987,13,10,755,08.avr,0,1,1,0,0,0,1,0,0.3,0.3,0.7,1.0,26,39,28,0.00,0.12,0.12,0.00,0.12,0.04,0.08,0.12,0.04,0.12
Mauro Antonio Burruchaga,ar ARG,MF,Chievo,20,1998,1,0,58,0.6,0,0,0,0,0,0,0,0,0.0,0.0,0.0,0.0,0,3,0,0.00,0.00,0.00,0.00,0.00,0.03,0.00,0.03,0.03,0.03
Joaquín Ardaiz,uy URU,FW,Frosinone,19,1999,1,0,20,0.2,0,0,0,0,0,0,0,0,0.0,0.0,0.0,0.0,0,0,0,0.00,0.00,0.00,0.00,0.00,0.00,0.00,0.00,0.00,0.00
Lorenzo Ariaudo,it ITA,DF,Frosinone,29,1989,19,19,1 682,18.juil,0,0,0,0,0,0,2,0,0.9,0.9,0.3,01.févr,9,36,1,0.00,0.00,0.00,0.00,0.00,0.05,0.01,0.06,0.05,0.06
Nicolò Armini,it ITA,DF,Lazio,17,2001,1,0,38,0.4,0,0,0,0,0,0,0,0,0.0,0.0,0.0,0.0,0,2,0,0.00,0.00,0.00,0.00,0.00,0.00,0.00,0.00,0.00,0.00
Kwadwo Asamoah,gh GHA,DF,Inter,29,1988,32,30,2 671,29.juil,0,1,1,0,0,0,6,0,0.2,0.2,01.août,02.janv,90,189,153,0.00,0.03,0.03,0.00,0.03,0.01,0.06,0.07,0.01,0.07
Emil Audero,id IDN,GK,Sampdoria,21,1997,36,36,3 24,36.0,0,0,0,0,0,0,4,0,0.0,0.0,0.1,0.1,0,0,0,0.00,0.00,0.00,0.00,0.00,0.00,0.00,0.00,0.00,0.00
Khouma Babacar,sn SEN,FW,Sassuolo,25,1993,29,16,1 488,16.mai,7,2,9,5,2,2,0,0,07.juin,06.janv,0.9,06.sept,15,24,97,0.42,0.12,0.54,0.30,0.42,0.46,0.05,0.51,0.37,0.42
Milan Badelj,hr CRO,MF,Lazio,29,1989,23,14,1 141,12.juil,1,0,1,1,0,0,6,0,0.8,0.8,0.5,01.févr,19,101,12,0.08,0.00,0.08,0.08,0.08,0.06,0.04,0.10,0.06,0.10
Player,Nation,Pos,Squad,Age,Born,MP,Starts,Min,90s,Gls,Ast,G+A,G-PK,PK,PKatt,CrdY,CrdR,xG,npxG,xAG,npxG+xAG,PrgC,PrgP,PrgR,Gls,Ast,G+A,G-PK,G+A-PK,xG,xAG,xG+xAG,npxG,npxG+xAG
Tiemoué Bakayoko,fr FRA,MF,Milan,23,1994,31,26,2 301,25.juin,1,1,2,1,0,0,6,1,01.juil,01.juil,01.juin,03.févr,49,156,45,0.04,0.04,0.08,0.04,0.08,0.06,0.06,0.13,0.06,0.13
Keita Baldé,sn SEN,FW,Inter,23,1995,24,8,889,09.sept,5,2,7,5,0,0,2,1,03.sept,03.sept,02.févr,06.janv,57,27,98,0.51,0.20,0.71,0.51,0.71,0.39,0.22,0.61,0.39,0.61
Andrija Balić,hr CRO,FW MF,Udinese,20,1997,4,0,27,0.3,0,0,0,0,0,0,0,0,0.0,0.0,0.1,0.1,0,3,2,0.00,0.00,0.00,0.00,0.00,0.08,0.18,0.26,0.08,0.26
Mattia Bani,it ITA,DF,Chievo,24,1993,30,29,2 61,29.0,0,0,0,0,0,0,8,1,1.0,1.0,0.8,01.août,4,63,11,0.00,0.00,0.00,0.00,0.00,0.03,0.03,0.06,0.03,0.06
Antonín Barák,cz CZE,MF FW,Udinese,23,1994,8,4,329,03.juil,0,0,0,0,0,0,0,0,0.2,0.2,0.2,0.4,9,11,11,0.00,0.00,0.00,0.00,0.00,0.06,0.04,0.10,0.06,0.10
Federico Barba,it ITA,DF,Chievo,24,1993,30,29,2 483,27.juin,0,0,0,0,0,0,6,2,0.8,0.8,01.juin,02.mai,30,106,34,0.00,0.00,0.00,0.00,0.00,0.03,0.06,0.09,0.03,0.09
Francesco Bardi,it ITA,GK,Frosinone,26,1992,3,3,270,3.0,0,0,0,0,0,0,0,0,0.0,0.0,0.0,0.0,0,0,0,0.00,0.00,0.00,0.00,0.00,0.00,0.00,0.00,0.00,0.00
Nicolò Barella,it ITA,MF,Cagliari,21,1997,35,35,3 107,34.5,1,3,4,1,0,1,10,2,02.juin,01.août,03.janv,04.sept,112,206,139,0.03,0.09,0.12,0.03,0.12,0.07,0.09,0.17,0.05,0.14
Antonino Barillà,it ITA,MF,Parma,30,1988,31,30,2 618,29.janv,3,2,5,3,0,0,10,0,3.0,3.0,01.sept,04.sept,30,93,84,0.10,0.07,0.17,0.10,0.17,0.10,0.07,0.17,0.10,0.17
Édgar Barreto,py PAR,MF,Sampdoria,34,1984,12,9,785,08.juil,0,2,2,0,0,0,2,0,1.0,1.0,01.juin,02.mai,4,55,36,0.00,0.23,0.23,0.00,0.23,0.11,0.18,0.29,0.11,0.29
Musa Barrow,gm GAM,FW,Atalanta,19,1998,22,6,601,06.juil,1,2,3,1,0,0,0,0,02.sept,02.sept,01.avr,04.avr,33,25,79,0.15,0.30,0.45,0.15,0.45,0.44,0.21,0.65,0.44,0.65
Andrea Barzagli,it ITA,DF,Juventus,37,1981,7,4,260,02.sept,0,0,0,0,0,0,0,0,0.0,0.0,0.0,0.0,3,18,0,0.00,0.00,0.00,0.00,0.00,0.00,0.00,0.00,0.00,0.00
Daniele Baselli,it ITA,MF,Torino,26,1992,34,27,2 379,26.avr,4,1,5,4,0,0,5,0,02.avr,02.avr,04.févr,06.juin,50,143,73,0.15,0.04,0.19,0.15,0.19,0.09,0.16,0.25,0.09,0.25
Alessandro Bastoni,it ITA,DF,Parma,19,1999,24,18,1 69,18.août,1,0,1,1,0,0,2,0,0.6,0.6,0.4,0.9,7,32,1,0.05,0.00,0.05,0.05,0.05,0.03,0.02,0.05,0.03,0.05
Bastos,ao ANG,DF,Lazio,27,1991,18,11,1 139,12.juil,1,0,1,1,0,0,3,0,0.7,0.7,0.0,0.7,24,38,8,0.08,0.00,0.08,0.08,0.08,0.05,0.00,0.06,0.05,0.06
Andrea Beghetto,it ITA,DF,Frosinone,23,1994,27,25,2 226,24.juil,0,3,3,0,0,0,3,0,1.0,1.0,4.0,5.0,34,57,141,0.00,0.12,0.12,0.00,0.12,0.04,0.16,0.20,0.04,0.20
Valon Behrami,ch SUI,MF,Udinese,33,1985,19,17,1 361,15.janv,1,0,1,1,0,0,6,0,0.8,0.8,0.2,01.janv,4,19,5,0.07,0.00,0.07,0.07,0.07,0.06,0.02,0.07,0.06,0.07
Nicky Beloko,ch SUI,FW MF,Fiorentina,18,2000,1,0,45,0.5,0,0,0,0,0,0,1,0,0.0,0.0,0.0,0.0,0,0,2,0.00,0.00,0.00,0.00,0.00,0.00,0.00,0.00,0.00,0.00
Andrea Belotti,it ITA,FW,Torino,24,1993,37,37,3 299,36.7,15,3,18,10,5,6,5,0,17.mars,12.juin,04.mars,16.sept,82,68,267,0.41,0.08,0.49,0.27,0.35,0.47,0.12,0.59,0.34,0.46
Marco Benassi,it ITA,MF,Fiorentina,23,1994,32,29,2 282,25.avr,7,1,8,7,0,0,6,1,05.juin,05.juin,2.0,07.juin,58,112,148,0.28,0.04,0.32,0.28,0.32,0.22,0.08,0.30,0.22,0.30
Medhi Benatia,ma MAR,DF,Juventus,31,1987,5,5,450,5.0,0,0,0,0,0,0,2,0,0.1,0.1,0.0,0.1,3,13,0,0.00,0.00,0.00,0.00,0.00,0.03,0.00,0.03,0.03,0.03
Ismaël Bennacer,dz ALG,MF,Empoli,20,1997,37,32,2 961,32.9,0,5,5,0,0,0,7,0,0.6,0.6,03.janv,03.août,49,199,57,0.00,0.15,0.15,0.00,0.15,0.02,0.10,0.11,0.02,0.11
Rodrigo Bentancur,uy URU,MF,Juventus,21,1997,31,21,2 003,22.mars,2,3,5,2,0,0,8,1,01.mai,01.mai,02.janv,03.juin,36,128,65,0.09,0.13,0.22,0.09,0.22,0.07,0.10,0.16,0.07,0.16
Domenico Berardi,it ITA,FW MF,Sassuolo,23,1994,35,32,2 875,31.9,8,4,12,7,1,1,5,1,08.sept,08.janv,04.mai,12.juin,106,141,310,0.25,0.13,0.38,0.22,0.34,0.28,0.14,0.42,0.25,0.40
Álex Berenguer,es ESP,MF DF,Torino,23,1995,31,15,1 486,16.mai,2,3,5,2,0,0,4,0,1.0,1.0,03.juil,04.juil,63,45,166,0.12,0.18,0.30,0.12,0.30,0.06,0.23,0.28,0.06,0.28
Player,Nation,Pos,Squad,Age,Born,MP,Starts,Min,90s,Gls,Ast,G+A,G-PK,PK,PKatt,CrdY,CrdR,xG,npxG,xAG,npxG+xAG,PrgC,PrgP,PrgR,Gls,Ast,G+A,G-PK,G+A-PK,xG,xAG,xG+xAG,npxG,npxG+xAG
Bartosz Bereszyński,pl POL,DF,Sampdoria,26,1992,27,24,2 2,24.avr,0,2,2,0,0,0,6,1,0.3,0.3,0.7,1.0,51,150,97,0.00,0.08,0.08,0.00,0.08,0.01,0.03,0.04,0.01,0.04
Etrit Berisha,al ALB,GK,Atalanta,29,1989,18,18,1 62,18.0,0,0,0,0,0,0,1,0,0.0,0.0,0.0,0.0,0,0,0,0.00,0.00,0.00,0.00,0.00,0.00,0.00,0.00,0.00,0.00
Valon Berisha,xk KVX,MF FW,Lazio,25,1993,8,1,198,02.févr,0,0,0,0,0,0,0,0,0.0,0.0,0.2,0.2,6,8,9,0.00,0.00,0.00,0.00,0.00,0.01,0.08,0.09,0.01,0.09
Federico Bernardeschi,it ITA,MF FW,Juventus,24,1994,28,14,1 473,16.avr,2,3,5,2,0,0,5,1,03.août,03.août,03.avr,07.févr,58,66,153,0.12,0.18,0.31,0.12,0.31,0.23,0.21,0.44,0.23,0.44
Daniel Bessa,it ITA,MF,Genoa,25,1993,34,25,2 441,27.janv,1,3,4,1,0,0,8,0,03.juin,03.juin,02.juil,06.mars,81,122,142,0.04,0.11,0.15,0.04,0.15,0.13,0.10,0.23,0.13,0.23
Jonathan Biabiany,fr FRA,FW,Parma,30,1988,18,12,1 069,11.sept,0,0,0,0,0,0,4,0,0.4,0.4,01.mars,01.juil,27,23,52,0.00,0.00,0.00,0.00,0.00,0.03,0.11,0.14,0.03,0.14
Lucas Biglia,ar ARG,MF,Milan,32,1986,16,13,1 114,12.avr,1,0,1,1,0,0,3,0,0.2,0.2,0.4,0.7,11,67,4,0.08,0.00,0.08,0.08,0.08,0.02,0.03,0.05,0.02,0.05
Cristiano Biraghi,it ITA,DF,Fiorentina,25,1992,36,36,3 194,35.5,1,4,5,1,0,0,8,0,01.avr,01.avr,06.janv,07.mai,76,119,177,0.03,0.11,0.14,0.03,0.14,0.04,0.17,0.21,0.04,0.21
Davide Biraschi,it ITA,DF,Genoa,24,1994,34,32,2 841,31.6,0,0,0,0,0,0,3,1,0.4,0.4,1.0,01.mars,54,125,18,0.00,0.00,0.00,0.00,0.00,0.01,0.03,0.04,0.01,0.04
Valter Birsa,si SVN,MF FW,Cagliari,31,1986,12,4,353,03.sept,0,0,0,0,0,0,0,0,0.5,0.5,0.7,01.févr,14,20,23,0.00,0.00,0.00,0.00,0.00,0.12,0.19,0.31,0.12,0.31
Valter Birsa,si SVN,MF FW,Chievo,31,1986,17,12,1 101,12.févr,2,2,4,1,1,1,1,0,01.juil,0.9,02.févr,03.janv,40,78,72,0.16,0.16,0.33,0.08,0.25,0.14,0.18,0.32,0.08,0.26
Kevin-Prince Boateng,gh GHA,FW,Sassuolo,31,1987,13,11,938,10.avr,4,1,5,2,2,2,1,0,03.août,02.mars,0.8,03.janv,7,24,62,0.38,0.10,0.48,0.19,0.29,0.37,0.08,0.45,0.22,0.30
Jeremie Boga,ci CIV,FW MF,Sassuolo,21,1997,25,14,1 443,16.0,3,1,4,3,0,0,0,0,03.avr,03.avr,0.8,04.févr,79,29,105,0.19,0.06,0.25,0.19,0.25,0.21,0.05,0.26,0.21,0.26
Giacomo Bonaventura,it ITA,MF,Milan,28,1989,8,8,646,07.févr,3,1,4,3,0,0,0,0,02.sept,02.sept,0.8,03.juin,32,40,26,0.42,0.14,0.56,0.42,0.56,0.40,0.10,0.50,0.40,0.50
Kevin Bonifazi,it ITA,DF,SPAL,22,1996,27,26,2 301,25.juin,2,1,3,2,0,0,2,0,0.6,0.6,0.3,0.9,42,92,8,0.08,0.04,0.12,0.08,0.12,0.02,0.01,0.03,0.02,0.03
Leonardo Bonucci,it ITA,DF,Juventus,31,1987,29,27,2 472,27.mai,3,0,3,3,0,0,2,0,02.janv,02.janv,0.8,02.sept,6,101,4,0.11,0.00,0.11,0.11,0.11,0.08,0.03,0.10,0.08,0.10
Fabio Borini,it ITA,FW DF,Milan,27,1991,20,10,1 054,11.juil,2,2,4,2,0,0,3,0,02.mai,02.mai,01.févr,03.juin,13,26,96,0.17,0.17,0.34,0.17,0.34,0.21,0.10,0.31,0.21,0.31
Mehdi Bourabia,ma MAR,MF,Sassuolo,26,1991,32,21,2 01,22.mars,1,0,1,1,0,0,8,1,02.mars,02.mars,02.juil,04.sept,24,91,70,0.04,0.00,0.04,0.04,0.04,0.10,0.12,0.22,0.10,0.22
Filip Bradarić,hr CRO,MF,Cagliari,26,1992,27,17,1 494,16.juin,0,2,2,0,0,0,5,0,0.5,0.5,0.5,01.janv,11,94,11,0.00,0.12,0.12,0.00,0.12,0.03,0.03,0.06,0.03,0.06
Gleison Bremer,br BRA,DF,Torino,21,1997,5,2,183,2.0,0,0,0,0,0,0,1,0,0.0,0.0,0.0,0.1,1,9,0,0.00,0.00,0.00,0.00,0.00,0.02,0.02,0.04,0.02,0.04
Nicolò Brighenti,it ITA,DF,Frosinone,28,1989,11,11,990,11.0,0,0,0,0,0,0,4,0,0.4,0.4,0.3,0.6,15,76,10,0.00,0.00,0.00,0.00,0.00,0.03,0.02,0.06,0.03,0.06
Matteo Brighi,it ITA,MF,Empoli,37,1981,10,1,231,02.juin,1,0,1,1,0,0,1,0,0.7,0.7,0.1,0.8,0,13,4,0.39,0.00,0.39,0.39,0.39,0.28,0.04,0.32,0.28,0.32
Enrico Brignola,it ITA,FW MF,Sassuolo,19,1999,7,2,175,01.sept,1,0,1,1,0,0,2,0,0.6,0.6,0.1,0.7,8,10,15,0.51,0.00,0.51,0.51,0.51,0.30,0.04,0.34,0.30,0.34
Marcelo Brozović,hr CRO,MF,Inter,25,1992,32,31,2 65,29.avr,2,1,3,2,0,0,11,1,1.0,1.0,03.avr,04.avr,43,287,29,0.07,0.03,0.10,0.07,0.10,0.03,0.12,0.15,0.03,0.15
Rafael Cabral,br BRA,GK,Sampdoria,28,1990,2,2,180,2.0,0,0,0,0,0,0,0,0,0.0,0.0,0.0,0.0,0,0,0,0.00,0.00,0.00,0.00,0.00,0.00,0.00,0.00,0.00,0.00
Player,Nation,Pos,Squad,Age,Born,MP,Starts,Min,90s,Gls,Ast,G+A,G-PK,PK,PKatt,CrdY,CrdR,xG,npxG,xAG,npxG+xAG,PrgC,PrgP,PrgR,Gls,Ast,G+A,G-PK,G+A-PK,xG,xAG,xG+xAG,npxG,npxG+xAG
Fabrizio Cacciatore,it ITA,DF,Cagliari,31,1986,7,7,580,06.avr,0,2,2,0,0,0,2,0,0.2,0.2,0.8,1.0,4,24,19,0.00,0.31,0.31,0.00,0.31,0.03,0.12,0.16,0.03,0.16
Fabrizio Cacciatore,it ITA,DF,Chievo,31,1986,7,5,497,05.mai,0,0,0,0,0,0,1,0,0.0,0.0,0.6,0.7,8,20,25,0.00,0.00,0.00,0.00,0.00,0.00,0.12,0.12,0.00,0.12
Martín Cáceres,uy URU,DF,Lazio,31,1987,4,3,307,03.avr,0,0,0,0,0,0,0,0,0.1,0.1,0.0,0.1,1,17,10,0.00,0.00,0.00,0.00,0.00,0.03,0.00,0.03,0.03,0.03
Martín Cáceres,uy URU,DF,Juventus,31,1987,9,7,628,7.0,0,0,0,0,0,0,1,0,0.3,0.3,0.0,0.4,13,34,5,0.00,0.00,0.00,0.00,0.00,0.05,0.00,0.05,0.05,0.05
Felipe Caicedo,ec ECU,FW,Lazio,29,1988,28,17,1 371,15.févr,8,2,10,7,1,1,4,0,08.févr,07.avr,01.févr,08.juin,21,35,93,0.53,0.13,0.66,0.46,0.59,0.54,0.08,0.62,0.49,0.57
Arturo Calabresi,it ITA,DF,Bologna,22,1996,18,16,1 412,15.juil,1,0,1,1,0,0,8,0,0.4,0.4,0.4,0.8,13,63,11,0.06,0.00,0.06,0.06,0.06,0.03,0.02,0.05,0.03,0.05
Davide Calabria,it ITA,DF,Milan,21,1996,26,22,1 95,21.juil,1,2,3,1,0,0,5,0,0.4,0.4,2.0,02.avr,58,123,124,0.05,0.09,0.14,0.05,0.14,0.02,0.09,0.11,0.02,0.11
Hakan Çalhanoğlu,tr TUR,MF FW,Milan,24,1994,36,34,2 884,32.0,3,6,9,3,0,0,3,0,05.févr,05.févr,06.févr,11.avr,126,210,196,0.09,0.19,0.28,0.09,0.28,0.16,0.19,0.36,0.16,0.36
José Callejón,es ESP,MF FW,Napoli,31,1987,34,29,2 65,29.avr,3,10,13,3,0,0,1,0,05.juil,05.juil,08.mars,14.janv,54,135,247,0.10,0.34,0.44,0.10,0.44,0.20,0.28,0.48,0.20,0.48
Joel Campbell,cr CRC,FW MF,Frosinone,26,1992,17,11,891,09.sept,0,3,3,0,0,0,4,0,0.6,0.6,01.juin,02.févr,37,23,59,0.00,0.30,0.30,0.00,0.30,0.06,0.16,0.22,0.06,0.22
Emre Can,de GER,MF,Juventus,24,1994,29,20,1 811,20.janv,4,1,5,3,1,1,7,0,02.juil,01.sept,02.avr,04.avr,48,90,46,0.20,0.05,0.25,0.15,0.20,0.13,0.12,0.26,0.10,0.22
João Cancelo,pt POR,DF,Juventus,24,1994,25,22,1 968,21.sept,1,3,4,1,0,0,6,0,01.juil,01.juil,4.0,05.juil,109,143,152,0.05,0.14,0.18,0.05,0.18,0.08,0.18,0.26,0.08,0.26
Antonio Candreva,it ITA,FW MF,Inter,31,1987,18,5,502,05.juin,1,0,1,1,0,0,0,0,2.0,2.0,01.janv,03.janv,41,17,75,0.18,0.00,0.18,0.18,0.18,0.35,0.20,0.55,0.35,0.55
Luan Capanni,br BRA,FW,Lazio,18,2000,1,0,9,0.1,0,0,0,0,0,0,1,0,0.0,0.0,0.0,0.0,0,0,1,0.00,0.00,0.00,0.00,0.00,0.20,0.00,0.20,0.20,0.20
Leonardo Capezzi,it ITA,MF,Empoli,23,1995,12,9,772,08.juin,0,0,0,0,0,0,4,0,0.4,0.4,0.1,0.5,13,51,3,0.00,0.00,0.00,0.00,0.00,0.05,0.01,0.06,0.05,0.06
Gianluca Caprari,it ITA,FW MF,Sampdoria,25,1993,21,12,1 031,11.mai,6,2,8,6,0,0,1,0,02.févr,02.févr,01.avr,03.juin,37,37,110,0.52,0.17,0.70,0.52,0.70,0.19,0.12,0.31,0.19,0.31
Marco Capuano,it ITA,DF,Frosinone,26,1991,27,27,2 307,25.juin,0,0,0,0,0,0,5,1,0.5,0.5,0.4,0.9,20,90,5,0.00,0.00,0.00,0.00,0.00,0.02,0.01,0.03,0.02,0.03
Francesco Caputo,it ITA,FW,Empoli,30,1987,38,38,3 42,38.0,16,3,19,13,3,6,3,0,17.juin,12.sept,05.févr,18.janv,87,51,358,0.42,0.08,0.50,0.34,0.42,0.46,0.14,0.60,0.34,0.48
Francesco Cassata,it ITA,MF,Frosinone,21,1997,19,14,1 124,12.mai,2,2,4,2,0,0,9,1,0.6,0.6,0.5,01.janv,30,48,38,0.16,0.16,0.32,0.16,0.32,0.05,0.04,0.09,0.05,0.09
Timothy Castagne,be BEL,DF,Atalanta,22,1995,28,21,2 006,22.mars,4,3,7,4,0,0,3,0,02.août,02.août,02.juin,05.avr,61,82,159,0.18,0.13,0.31,0.18,0.31,0.13,0.12,0.24,0.13,0.24
Samu Castillejo,es ESP,FW MF,Milan,23,1995,31,8,1 023,11.avr,4,2,6,4,0,0,3,0,01.juil,01.juil,01.août,03.mai,56,42,124,0.35,0.18,0.53,0.35,0.53,0.15,0.16,0.31,0.15,0.31
Lucas Castro,ar ARG,MF,Cagliari,29,1989,12,10,896,10.0,1,3,4,1,0,0,1,0,01.janv,01.janv,02.févr,03.mars,22,46,61,0.10,0.30,0.40,0.10,0.40,0.11,0.22,0.33,0.11,0.33
Danilo Cataldi,it ITA,MF FW,Lazio,23,1994,12,4,578,06.avr,2,1,3,2,0,0,2,0,0.6,0.6,01.mai,02.janv,13,34,15,0.31,0.16,0.47,0.31,0.47,0.09,0.23,0.33,0.09,0.33
Federico Ceccherini,it ITA,DF,Fiorentina,26,1992,15,11,994,11.0,0,0,0,0,0,0,2,0,0.1,0.1,0.3,0.4,7,37,2,0.00,0.00,0.00,0.00,0.00,0.01,0.02,0.03,0.01,0.03
Žan Celar,si SVN,FW,Roma,19,1999,1,0,5,0.1,0,0,0,0,0,0,0,0,0.0,0.0,0.0,0.0,0,0,0,0.00,0.00,0.00,0.00,0.00,0.00,0.00,0.00,0.00,0.00
Player,Nation,Pos,Squad,Age,Born,MP,Starts,Min,90s,Gls,Ast,G+A,G-PK,PK,PKatt,CrdY,CrdR,xG,npxG,xAG,npxG+xAG,PrgC,PrgP,PrgR,Gls,Ast,G+A,G-PK,G+A-PK,xG,xAG,xG+xAG,npxG,npxG+xAG
Luca Ceppitelli,it ITA,DF,Cagliari,28,1989,24,24,2 051,22.août,1,1,2,1,0,0,6,2,02.avr,02.avr,0.9,03.mars,10,69,1,0.04,0.04,0.09,0.04,0.09,0.11,0.04,0.15,0.11,0.15
Fabio Ceravolo,it ITA,FW,Parma,31,1987,25,12,1 185,13.févr,2,0,2,1,1,2,1,0,03.juin,02.janv,0.5,02.mai,20,17,89,0.15,0.00,0.15,0.08,0.08,0.28,0.04,0.31,0.16,0.19
Alberto Cerri,it ITA,FW,Cagliari,22,1996,15,7,670,07.avr,0,0,0,0,0,0,3,0,2.0,2.0,1.0,03.janv,7,10,45,0.00,0.00,0.00,0.00,0.00,0.27,0.14,0.41,0.27,0.41
Boštjan Cesar,si SVN,DF,Chievo,36,1982,14,11,1 079,12.0,1,0,1,1,0,0,3,0,0.5,0.5,0.0,0.5,0,17,0,0.08,0.00,0.08,0.08,0.08,0.04,0.00,0.04,0.04,0.04
Raman Chibsah,gh GHA,MF,Frosinone,25,1993,32,30,2 622,29.janv,1,0,1,1,0,0,5,0,03.mars,03.mars,0.6,4.0,45,116,58,0.03,0.00,0.03,0.03,0.03,0.11,0.02,0.14,0.11,0.14
Giorgio Chiellini,it ITA,DF,Juventus,33,1984,25,22,1 991,22.janv,1,1,2,1,0,0,3,0,01.mai,01.mai,0.5,2.0,21,91,6,0.05,0.05,0.09,0.05,0.09,0.07,0.02,0.09,0.07,0.09
Federico Chiesa,it ITA,FW,Fiorentina,20,1997,37,34,3 034,33.7,6,3,9,6,0,0,4,0,08.août,08.août,05.juin,14.avr,158,106,357,0.18,0.09,0.27,0.18,0.27,0.26,0.17,0.43,0.26,0.43
Vlad Chiricheș,ro ROU,DF,Napoli,28,1989,3,3,147,01.juin,0,0,0,0,0,0,0,0,0.1,0.1,0.0,0.1,1,9,0,0.00,0.00,0.00,0.00,0.00,0.07,0.00,0.07,0.07,0.07
Camillo Ciano,it ITA,FW MF,Frosinone,28,1990,33,28,2 454,27.mars,7,4,11,5,2,3,12,0,06.sept,04.juin,7.0,11.juin,59,101,213,0.26,0.15,0.40,0.18,0.33,0.25,0.26,0.51,0.17,0.43
Amato Ciciretti,it ITA,FW MF,Parma,24,1993,6,1,139,01.mai,0,0,0,0,0,0,0,0,0.1,0.1,0.1,0.2,3,3,5,0.00,0.00,0.00,0.00,0.00,0.05,0.06,0.11,0.05,0.11
Luca Cigarini,it ITA,MF,Cagliari,32,1986,25,20,1 682,18.juil,0,2,2,0,0,0,9,0,0.6,0.6,02.sept,03.avr,24,149,7,0.00,0.11,0.11,0.00,0.11,0.03,0.15,0.18,0.03,0.18
Daniel Ciofani,it ITA,FW,Frosinone,33,1985,31,17,1 618,18.0,5,2,7,3,2,2,1,0,05.sept,04.mars,01.juil,05.sept,8,20,92,0.28,0.11,0.39,0.17,0.28,0.32,0.09,0.41,0.24,0.33
Thiago Cionek,pl POL,DF,SPAL,32,1986,31,29,2 542,28.févr,0,3,3,0,0,0,12,2,01.avr,01.avr,01.mai,02.sept,57,118,28,0.00,0.11,0.11,0.00,0.11,0.05,0.05,0.10,0.05,0.10
Omar Colley,gm GAM,DF,Sampdoria,25,1992,21,21,1 762,19.juin,0,0,0,0,0,0,1,1,0.6,0.6,0.2,0.8,4,41,3,0.00,0.00,0.00,0.00,0.00,0.03,0.01,0.04,0.03,0.04
Andrea Consigli,it ITA,GK,Sassuolo,31,1987,36,36,3 213,35.7,0,0,0,0,0,0,2,1,0.0,0.0,0.0,0.0,0,0,0,0.00,0.00,0.00,0.00,0.00,0.00,0.00,0.00,0.00,0.00
Andrea Conti,it ITA,DF,Milan,24,1994,12,4,500,05.juin,0,2,2,0,0,0,3,0,0.0,0.0,01.janv,01.janv,19,34,38,0.00,0.36,0.36,0.00,0.36,0.00,0.20,0.20,0.00,0.20
Gabriele Corbo,it ITA,DF,Bologna,18,2000,1,0,5,0.1,0,0,0,0,0,0,0,0,0.0,0.0,0.0,0.0,0,0,0,0.00,0.00,0.00,0.00,0.00,0.00,0.00,0.00,0.00,0.00
Ante Ćorić,hr CRO,MF,Roma,21,1997,2,0,24,0.3,0,0,0,0,0,0,0,0,0.0,0.0,0.0,0.0,1,2,1,0.00,0.00,0.00,0.00,0.00,0.08,0.00,0.08,0.08,0.08
Joaquín Correa,ar ARG,FW MF,Lazio,23,1994,34,18,1 927,21.avr,5,6,11,5,0,0,5,0,8.0,8.0,06.juin,14.juin,128,99,198,0.23,0.28,0.51,0.23,0.51,0.37,0.31,0.68,0.37,0.68
Douglas Costa,br BRA,FW MF,Juventus,27,1990,17,7,621,06.sept,1,0,1,1,0,0,2,1,0.7,0.7,02.avr,03.janv,47,31,83,0.14,0.00,0.14,0.14,0.14,0.11,0.34,0.45,0.11,0.45
Filippo Costa,it ITA,DF FW,SPAL,23,1995,9,6,564,06.mars,0,0,0,0,0,0,0,0,0.3,0.3,0.4,0.7,16,19,18,0.00,0.00,0.00,0.00,0.00,0.05,0.07,0.12,0.05,0.12
Alessio Cragno,it ITA,GK,Cagliari,24,1994,38,38,3 42,38.0,0,0,0,0,0,0,1,0,0.0,0.0,0.0,0.0,0,0,0,0.00,0.00,0.00,0.00,0.00,0.00,0.00,0.00,0.00,0.00
Domenico Criscito,it ITA,DF,Genoa,31,1986,35,35,3 07,34.1,2,4,6,1,1,1,12,1,01.août,01.janv,04.août,05.sept,72,181,67,0.06,0.12,0.18,0.03,0.15,0.05,0.14,0.20,0.03,0.17
Lorenzo Crisetig,it ITA,MF,Frosinone,25,1993,8,5,507,05.juin,0,0,0,0,0,0,3,0,0.0,0.0,0.1,0.1,7,11,0,0.00,0.00,0.00,0.00,0.00,0.00,0.01,0.01,0.00,0.01
Bryan Cristante,it ITA,MF,Roma,23,1995,35,26,2 425,26.sept,4,3,7,4,0,0,10,0,03.août,03.août,02.avr,06.févr,39,182,47,0.15,0.11,0.26,0.15,0.26,0.14,0.09,0.23,0.14,0.23
Player,Nation,Pos,Squad,Age,Born,MP,Starts,Min,90s,Gls,Ast,G+A,G-PK,PK,PKatt,CrdY,CrdR,xG,npxG,xAG,npxG+xAG,PrgC,PrgP,PrgR,Gls,Ast,G+A,G-PK,G+A-PK,xG,xAG,xG+xAG,npxG,npxG+xAG
Alessio da Cruz,cv CPV,FW MF,Parma,21,1997,3,1,144,01.juin,0,0,0,0,0,0,0,0,0.1,0.1,0.0,0.1,1,2,5,0.00,0.00,0.00,0.00,0.00,0.03,0.00,0.03,0.03,0.03
Juan Cuadrado,co COL,MF DF,Juventus,30,1988,18,14,1 22,13.juin,1,2,3,1,0,0,4,0,01.juin,01.juin,2.0,03.mai,55,86,109,0.07,0.15,0.22,0.07,0.22,0.11,0.15,0.26,0.11,0.26
Patrick Cutrone,it ITA,FW,Milan,20,1998,34,12,1 457,16.févr,3,2,5,3,0,0,2,0,3.0,3.0,01.juin,04.mai,26,13,142,0.19,0.12,0.31,0.19,0.31,0.18,0.10,0.28,0.18,0.28
Marco D'Alessandro,it ITA,DF,Udinese,27,1991,24,16,1 495,16.juin,0,2,2,0,0,0,3,0,01.janv,1.0,01.juin,02.juin,74,54,78,0.00,0.12,0.12,0.00,0.12,0.06,0.10,0.16,0.06,0.16
Danilo D'Ambrosio,it ITA,DF,Inter,29,1988,30,29,2 579,28.juil,2,5,7,2,0,0,6,0,02.juin,02.juin,5.0,07.juin,57,154,148,0.07,0.17,0.24,0.07,0.24,0.09,0.17,0.26,0.09,0.26
Bryan Dabo,bf BFA,MF DF,Fiorentina,26,1992,23,6,831,09.févr,1,1,2,1,0,0,4,0,1.0,1.0,0.6,01.juin,28,49,36,0.11,0.11,0.22,0.11,0.22,0.10,0.07,0.17,0.10,0.17
Felipe dal Belo,br BRA,DF,SPAL,34,1984,30,27,2 361,26.févr,3,2,5,3,0,0,13,0,02.juin,02.juin,01.janv,03.juil,15,67,6,0.11,0.08,0.19,0.11,0.19,0.10,0.04,0.14,0.10,0.14
Nicola Dalmonte,it ITA,FW MF,Genoa,20,1997,3,0,44,0.5,0,0,0,0,0,0,0,0,0.2,0.2,0.1,0.2,2,0,4,0.00,0.00,0.00,0.00,0.00,0.33,0.11,0.43,0.33,0.43
Vitalie Damașcan,md MDA,MF,Torino,19,1999,1,0,4,0.0,0,0,0,0,0,0,0,0,0.0,0.0,0.0,0.0,0,0,0,0.00,0.00,0.00,0.00,0.00,0.00,0.00,0.00,0.00,0.00
Sebastien De Maio,fr FRA,DF,Udinese,31,1987,16,13,1 173,13.0,1,0,1,1,0,0,1,1,0.9,0.9,0.1,1.0,9,20,3,0.08,0.00,0.08,0.08,0.08,0.07,0.01,0.08,0.07,0.08
Sebastien De Maio,fr FRA,DF,Bologna,31,1987,6,6,491,05.mai,0,1,1,0,0,0,3,0,0.2,0.2,0.0,0.3,10,17,1,0.00,0.18,0.18,0.00,0.18,0.05,0.01,0.05,0.05,0.05
Rodrigo De Paul,ar ARG,MF FW,Udinese,24,1994,36,36,3 189,35.4,9,9,18,6,3,6,7,0,09.juil,5.0,08.janv,13.janv,186,247,132,0.25,0.25,0.51,0.17,0.42,0.27,0.23,0.50,0.14,0.37
Daniele De Rossi,it ITA,MF,Roma,35,1983,18,15,1 27,14.janv,1,1,2,1,0,0,3,0,01.mai,01.mai,01.mars,02.août,16,115,9,0.07,0.07,0.14,0.07,0.14,0.11,0.10,0.20,0.11,0.20
Mattia De Sciglio,it ITA,DF,Juventus,25,1992,22,19,1 743,19.avr,0,1,1,0,0,0,2,0,0.3,0.3,01.janv,01.avr,40,86,91,0.00,0.05,0.05,0.00,0.05,0.01,0.06,0.07,0.01,0.07
Lorenzo De Silvestri,it ITA,DF,Torino,30,1988,32,30,2 415,26.août,2,4,6,2,0,0,3,0,02.août,02.août,02.juil,05.juin,59,102,139,0.07,0.15,0.22,0.07,0.22,0.11,0.10,0.21,0.11,0.21
Grégoire Defrel,mq MTQ,FW MF,Sampdoria,27,1991,36,26,2 339,26.0,11,3,14,11,0,0,2,0,08.janv,08.janv,02.juin,10.juil,44,51,246,0.42,0.12,0.54,0.42,0.54,0.31,0.10,0.41,0.31,0.41
Alessandro Deiola,it ITA,MF,Cagliari,22,1995,10,5,450,5.0,0,0,0,0,0,0,2,0,0.8,0.8,0.0,0.8,6,11,19,0.00,0.00,0.00,0.00,0.00,0.16,0.01,0.17,0.16,0.17
Alessandro Deiola,it ITA,MF FW,Parma,22,1995,10,5,545,06.janv,0,1,1,0,0,0,3,0,0.2,0.2,0.3,0.5,7,10,20,0.00,0.17,0.17,0.00,0.17,0.04,0.05,0.09,0.04,0.09
Cristian Dell'Orco,it ITA,DF,Empoli,24,1994,12,12,1 035,11.mai,1,0,1,1,0,0,1,0,0.8,0.8,0.5,01.mars,10,39,7,0.09,0.00,0.09,0.09,0.09,0.07,0.04,0.11,0.07,0.11
Cristian Dell'Orco,it ITA,DF,Sassuolo,24,1994,3,1,110,01.févr,0,1,1,0,0,0,0,0,0.1,0.1,0.3,0.3,4,6,8,0.00,0.82,0.82,0.00,0.82,0.05,0.22,0.27,0.05,0.27
Merih Demiral,tr TUR,DF,Sassuolo,20,1998,14,14,1 26,14.0,2,0,2,2,0,0,3,0,0.8,0.8,0.2,1.0,3,53,3,0.14,0.00,0.14,0.14,0.14,0.05,0.02,0.07,0.05,0.07
Fabio Depaoli,it ITA,DF,Chievo,21,1997,33,27,2 468,27.avr,0,4,4,0,0,0,12,2,01.mai,01.mai,03.juil,05.mars,63,97,110,0.00,0.15,0.15,0.00,0.15,0.06,0.14,0.19,0.06,0.19
Kiril Despodov,bg BUL,FW MF,Cagliari,21,1996,4,0,105,01.févr,0,0,0,0,0,0,0,0,0.0,0.0,0.0,0.0,2,0,8,0.00,0.00,0.00,0.00,0.00,0.00,0.00,0.00,0.00,0.00
Daniele Dessena,it ITA,MF,Cagliari,31,1987,11,3,352,03.sept,0,0,0,0,0,0,3,0,0.5,0.5,0.1,0.5,7,14,11,0.00,0.00,0.00,0.00,0.00,0.12,0.01,0.13,0.12,0.13
Mattia Destro,it ITA,FW,Bologna,27,1991,17,5,493,05.mai,4,1,5,4,0,0,3,0,02.avr,02.avr,0.6,3.0,5,5,27,0.73,0.18,0.91,0.73,0.91,0.43,0.12,0.55,0.43,0.55
Player,Nation,Pos,Squad,Age,Born,MP,Starts,Min,90s,Gls,Ast,G+A,G-PK,PK,PKatt,CrdY,CrdR,xG,npxG,xAG,npxG+xAG,PrgC,PrgP,PrgR,Gls,Ast,G+A,G-PK,G+A-PK,xG,xAG,xG+xAG,npxG,npxG+xAG
Jacopo Dezi,it ITA,MF,Parma,26,1992,1,1,90,1.0,0,0,0,0,0,0,0,0,0.1,0.1,0.0,0.1,0,6,3,0.00,0.00,0.00,0.00,0.00,0.07,0.00,0.07,0.07,0.07
Federico Di Francesco,it ITA,FW MF,Sassuolo,24,1994,19,14,1 074,11.sept,2,2,4,2,0,0,2,0,03.févr,03.févr,01.janv,04.avr,38,29,106,0.17,0.17,0.34,0.17,0.34,0.27,0.09,0.37,0.27,0.37
Antonio Di Gaudio,it ITA,FW,Parma,28,1989,12,9,699,07.août,0,1,1,0,0,0,0,0,01.avr,01.avr,0.3,01.juil,26,8,45,0.00,0.13,0.13,0.00,0.13,0.18,0.04,0.21,0.18,0.21
Giovanni Di Lorenzo,it ITA,DF FW,Empoli,24,1993,37,37,3 33,37.0,5,3,8,5,0,0,8,0,03.juin,03.mars,05.mars,08.juin,83,241,219,0.14,0.08,0.22,0.14,0.22,0.10,0.14,0.24,0.09,0.23
Amadou Diawara,gn GUI,MF,Napoli,21,1997,13,8,661,07.mars,0,0,0,0,0,0,4,0,0.4,0.4,0.2,0.6,3,40,6,0.00,0.00,0.00,0.00,0.00,0.06,0.02,0.08,0.06,0.08
Lorenzo Dickmann,it ITA,DF MF,SPAL,21,1996,6,2,175,01.sept,0,0,0,0,0,0,1,0,0.1,0.1,0.0,0.1,0,2,3,0.00,0.00,0.00,0.00,0.00,0.06,0.00,0.06,0.06,0.06
Mitchell Dijks,nl NED,DF,Bologna,25,1993,25,23,2 023,22.mai,1,0,1,1,0,0,5,1,0.4,0.4,1.0,01.avr,96,98,90,0.04,0.00,0.04,0.04,0.04,0.02,0.04,0.06,0.02,0.06
Federico Dimarco,it ITA,DF MF,Parma,20,1997,13,10,892,09.sept,1,0,1,1,0,0,4,0,0.5,0.5,01.janv,01.mai,21,38,33,0.10,0.00,0.10,0.10,0.10,0.05,0.11,0.15,0.05,0.15
Federico Dionisi,it ITA,FW MF,Frosinone,31,1987,9,1,204,02.mars,1,0,1,1,0,0,2,0,1.0,1.0,0.7,01.juil,2,9,22,0.44,0.00,0.44,0.44,0.44,0.43,0.31,0.73,0.43,0.73
Assane Dioussé,sn SEN,MF,Chievo,20,1997,14,9,892,09.sept,0,0,0,0,0,0,5,0,0.2,0.2,0.2,0.4,6,45,8,0.00,0.00,0.00,0.00,0.00,0.02,0.02,0.04,0.02,0.04
Koffi Djidji,ci CIV,DF,Torino,25,1992,17,16,1 387,15.avr,0,0,0,0,0,0,2,0,0.1,0.1,0.0,0.1,8,44,1,0.00,0.00,0.00,0.00,0.00,0.00,0.00,0.00,0.00,0.00
Berat Djimsiti,al ALB,DF,Atalanta,25,1993,24,20,1 807,20.janv,1,2,3,1,0,0,3,0,1.0,1.0,2.0,3.0,5,37,2,0.05,0.10,0.15,0.05,0.15,0.05,0.10,0.15,0.05,0.15
Johan Djourou,ch SUI,DF,SPAL,31,1987,5,3,279,03.janv,0,0,0,0,0,0,0,0,0.5,0.5,0.0,0.5,1,1,0,0.00,0.00,0.00,0.00,0.00,0.16,0.00,0.16,0.16,0.16
Gianluigi Donnarumma,it ITA,GK,Milan,19,1999,36,36,3 09,34.3,0,0,0,0,0,0,4,0,0.0,0.0,0.0,0.0,0,0,0,0.00,0.00,0.00,0.00,0.00,0.00,0.00,0.00,0.00,0.00
Godfred Donsah,gh GHA,MF,Bologna,22,1996,6,1,153,01.juil,0,0,0,0,0,0,0,0,0.1,0.1,0.0,0.1,4,10,3,0.00,0.00,0.00,0.00,0.00,0.04,0.01,0.05,0.04,0.05
Riccardo Doratiotto,it ITA,FW,Cagliari,19,1999,1,1,78,0.9,0,0,0,0,0,0,0,0,0.0,0.0,0.0,0.0,1,1,3,0.00,0.00,0.00,0.00,0.00,0.00,0.00,0.00,0.00,0.00
Bartłomiej Drągowski,pl POL,GK,Fiorentina,20,1997,3,2,225,02.mai,0,0,0,0,0,0,0,0,0.0,0.0,0.0,0.0,0,0,0,0.00,0.00,0.00,0.00,0.00,0.00,0.00,0.00,0.00,0.00
Bartłomiej Drągowski,pl POL,GK,Empoli,20,1997,14,14,1 26,14.0,0,0,0,0,0,0,2,0,0.0,0.0,0.0,0.0,0,0,0,0.00,0.00,0.00,0.00,0.00,0.00,0.00,0.00,0.00,0.00
Alfred Duncan,gh GHA,MF,Sassuolo,25,1993,26,21,1 848,20.mai,4,4,8,4,0,0,7,1,01.janv,01.janv,02.août,03.sept,45,109,59,0.19,0.19,0.39,0.19,0.39,0.05,0.14,0.19,0.05,0.19
Riza Durmisi,dk DEN,DF,Lazio,24,1994,10,2,326,03.juin,0,1,1,0,0,0,4,0,0.1,0.1,0.8,1.0,16,12,25,0.00,0.28,0.28,0.00,0.28,0.04,0.23,0.27,0.04,0.27
Paulo Dybala,ar ARG,FW MF,Juventus,24,1993,30,24,2 137,23.juil,5,4,9,4,1,1,2,0,5.0,04.févr,03.août,8.0,69,143,154,0.21,0.17,0.38,0.17,0.34,0.21,0.16,0.37,0.18,0.34
Edin Džeko,ba BIH,FW,Roma,32,1986,33,28,2 579,28.juil,9,6,15,9,0,0,9,0,14.mai,14.mai,04.févr,18.juin,64,94,246,0.31,0.21,0.52,0.31,0.52,0.50,0.15,0.65,0.50,0.65
Blerim Džemaili,ch SUI,MF,Bologna,32,1986,28,20,1 75,19.avr,1,1,2,1,0,0,4,0,01.août,01.août,01.mars,03.févr,55,105,69,0.05,0.05,0.10,0.05,0.10,0.09,0.07,0.16,0.09,0.16
Simone Edera,it ITA,MF,Torino,21,1997,3,1,77,0.9,0,0,0,0,0,0,0,0,0.1,0.1,0.1,0.2,3,1,4,0.00,0.00,0.00,0.00,0.00,0.06,0.14,0.21,0.06,0.21
Simone Edera,it ITA,FW,Bologna,21,1997,4,3,196,02.févr,0,0,0,0,0,0,1,0,0.7,0.7,0.2,0.9,5,2,11,0.00,0.00,0.00,0.00,0.00,0.32,0.09,0.41,0.32,0.41
Player,Nation,Pos,Squad,Age,Born,MP,Starts,Min,90s,Gls,Ast,G+A,G-PK,PK,PKatt,CrdY,CrdR,xG,npxG,xAG,npxG+xAG,PrgC,PrgP,PrgR,Gls,Ast,G+A,G-PK,G+A-PK,xG,xAG,xG+xAG,npxG,npxG+xAG
Albin Ekdal,se SWE,MF,Sampdoria,29,1989,32,30,2 646,29.avr,0,0,0,0,0,0,6,0,0.9,0.9,1.0,01.sept,39,129,25,0.00,0.00,0.00,0.00,0.00,0.03,0.03,0.07,0.03,0.07
Valentin Eysseric,fr FRA,FW MF,Fiorentina,26,1992,8,4,358,4.0,0,1,1,0,0,0,1,0,0.2,0.2,01.janv,01.févr,8,19,35,0.00,0.25,0.25,0.00,0.25,0.04,0.27,0.31,0.04,0.31
Diego Falcinelli,it ITA,FW,Bologna,27,1991,16,8,703,07.août,0,1,1,0,0,0,0,0,01.mars,01.mars,0.5,01.sept,8,11,55,0.00,0.13,0.13,0.00,0.13,0.17,0.07,0.24,0.17,0.24
Iago Falque,es ESP,FW MF,Torino,28,1990,26,19,1 612,17.sept,6,4,10,6,0,0,1,0,05.mars,05.mars,03.avr,08.août,76,88,168,0.33,0.22,0.56,0.33,0.56,0.30,0.19,0.49,0.30,0.49
Paolo Faragò,it ITA,MF DF,Cagliari,25,1993,26,17,1 703,18.sept,1,1,2,1,0,0,8,1,2.0,2.0,2.0,4.0,37,61,105,0.05,0.05,0.11,0.05,0.11,0.11,0.11,0.21,0.11,0.21
Mohamed Fares,dz ALG,DF,SPAL,22,1996,35,32,2 949,32.8,3,0,3,3,0,0,12,0,02.sept,02.sept,02.juin,05.mai,101,96,171,0.09,0.00,0.09,0.09,0.09,0.09,0.08,0.17,0.09,0.17
Diego Farias,br BRA,FW,Empoli,28,1990,16,16,1 193,13.mars,4,4,8,4,0,0,1,0,04.sept,04.sept,03.févr,08.janv,50,37,107,0.30,0.30,0.60,0.30,0.60,0.37,0.24,0.61,0.37,0.61
Diego Farias,br BRA,FW,Cagliari,28,1990,16,7,700,07.août,3,0,3,3,0,0,3,0,02.juin,02.juin,0.3,02.sept,19,20,67,0.39,0.00,0.39,0.39,0.39,0.34,0.04,0.37,0.34,0.37
Andrea Favilli,it ITA,FW DF,Genoa,21,1997,6,0,170,01.sept,0,2,2,0,0,0,0,0,0.3,0.3,0.7,1.0,7,3,21,0.00,01.juin,01.juin,0.00,01.juin,0.15,0.38,0.53,0.15,0.53
Federico Fazio,ar ARG,DF,Roma,31,1987,34,31,2 806,31.2,5,0,5,5,0,0,6,0,02.mai,02.mai,0.3,02.août,19,100,5,0.16,0.00,0.16,0.16,0.16,0.08,0.01,0.09,0.08,0.09
Luiz Felipe,it ITA,DF,Lazio,21,1997,17,15,1 289,14.mars,1,1,2,1,0,0,4,0,0.6,0.6,0.4,1.0,12,43,7,0.07,0.07,0.14,0.07,0.14,0.04,0.03,0.07,0.04,0.07
Edimilson Fernandes,ch SUI,MF,Fiorentina,22,1996,29,23,1 97,21.sept,2,0,2,2,0,0,9,1,01.févr,01.févr,01.mars,02.mai,35,100,51,0.09,0.00,0.09,0.09,0.09,0.06,0.06,0.12,0.05,0.11
Alex Ferrari,it ITA,DF,Sampdoria,24,1994,6,6,540,6.0,0,0,0,0,0,0,2,0,0.0,0.0,0.0,0.0,0,13,3,0.00,0.00,0.00,0.00,0.00,0.00,0.00,0.00,0.00,0.00
Sergio Floccari,it ITA,FW,SPAL,36,1981,20,11,976,10.août,3,1,4,3,0,0,3,0,02.févr,02.févr,0.3,02.mai,14,18,62,0.28,0.09,0.37,0.28,0.37,0.20,0.03,0.23,0.20,0.23
Alessandro Florenzi,it ITA,DF FW,Roma,27,1991,29,24,2 18,24.févr,3,2,5,3,0,0,5,1,02.févr,02.févr,04.avr,06.juin,66,154,101,0.12,0.08,0.21,0.12,0.21,0.09,0.18,0.27,0.09,0.27
Seko Fofana,ci CIV,MF,Udinese,23,1995,31,31,2 639,29.mars,2,4,6,2,0,0,5,0,03.janv,03.janv,03.mars,06.avr,67,62,116,0.07,0.14,0.20,0.07,0.20,0.11,0.11,0.22,0.11,0.22
Pierluigi Frattali,it ITA,GK,Parma,32,1985,1,1,90,1.0,0,0,0,0,0,0,0,0,0.0,0.0,0.0,0.0,0,0,0,0.00,0.00,0.00,0.00,0.00,0.00,0.00,0.00,0.00,0.00
Remo Freuler,ch SUI,MF,Atalanta,26,1992,35,35,3 022,33.6,2,6,8,2,0,0,4,0,03.févr,03.févr,03.sept,07.févr,100,276,77,0.06,0.18,0.24,0.06,0.24,0.10,0.12,0.21,0.10,0.21
Nicolas Frey,fr FRA,DF,Chievo,34,1984,5,3,227,02.mai,0,0,0,0,0,0,0,0,0.0,0.0,0.0,0.0,1,7,1,0.00,0.00,0.00,0.00,0.00,0.00,0.01,0.01,0.00,0.01
Manolo Gabbiadini,it ITA,FW,Sampdoria,26,1991,18,8,812,9.0,4,2,6,4,0,0,5,0,2.0,2.0,01.févr,03.févr,17,23,70,0.44,0.22,0.67,0.44,0.67,0.23,0.13,0.36,0.23,0.36
Gianluca Gaetano,it ITA,MF FW,Napoli,18,2000,2,0,8,0.1,0,0,0,0,0,0,0,0,0.0,0.0,0.1,0.1,1,0,3,0.00,0.00,0.00,0.00,0.00,0.32,0.78,01.nov,0.32,01.nov
Roberto Gagliardini,it ITA,MF,Inter,24,1994,19,13,1 087,12.janv,5,0,5,5,0,0,4,0,02.sept,02.sept,0.9,03.août,32,95,42,0.41,0.00,0.41,0.41,0.41,0.24,0.07,0.32,0.24,0.32
Riccardo Gagliolo,se SWE,DF,Parma,28,1990,34,34,3 045,33.8,0,2,2,0,0,0,7,0,01.avr,01.avr,02.avr,03.août,16,109,27,0.00,0.06,0.06,0.00,0.06,0.04,0.07,0.11,0.04,0.11
Marcello Gazzola,it ITA,DF MF,Parma,33,1985,20,9,921,10.févr,1,0,1,1,0,0,3,0,1.0,1.0,0.5,01.avr,13,30,36,0.10,0.00,0.10,0.10,0.10,0.09,0.05,0.14,0.09,0.14
Gerson,br BRA,MF FW,Fiorentina,21,1997,36,27,2 426,27.0,3,3,6,3,0,0,9,0,02.août,02.août,02.juil,05.mai,82,150,104,0.11,0.11,0.22,0.11,0.22,0.10,0.10,0.21,0.10,0.21
Player,Nation,Pos,Squad,Age,Born,MP,Starts,Min,90s,Gls,Ast,G+A,G-PK,PK,PKatt,CrdY,CrdR,xG,npxG,xAG,npxG+xAG,PrgC,PrgP,PrgR,Gls,Ast,G+A,G-PK,G+A-PK,xG,xAG,xG+xAG,npxG,npxG+xAG
Gervinho,ci CIV,FW,Parma,31,1987,30,27,2 304,25.juin,11,2,13,11,0,0,3,0,07.avr,07.avr,03.juil,11.janv,107,53,126,0.43,0.08,0.51,0.43,0.51,0.29,0.15,0.43,0.29,0.43
Paolo Ghiglione,it ITA,DF,Frosinone,21,1997,9,6,514,05.juil,1,0,1,1,0,0,4,0,0.5,0.5,0.6,1.0,11,10,39,0.18,0.00,0.18,0.18,0.18,0.08,0.10,0.18,0.08,0.18
Faouzi Ghoulam,dz ALG,DF,Napoli,27,1991,16,12,1 154,12.août,1,3,4,1,0,0,2,0,1.0,1.0,03.mars,04.avr,37,68,138,0.08,0.23,0.31,0.08,0.31,0.08,0.26,0.34,0.08,0.34
Emanuele Giaccherini,it ITA,MF FW,Chievo,33,1985,26,22,2 009,22.mars,3,1,4,2,1,2,8,0,3.0,01.avr,03.juin,5.0,76,106,193,0.13,0.04,0.18,0.09,0.13,0.14,0.16,0.30,0.06,0.22
Massimo Gobbi,it ITA,DF,Parma,37,1980,16,13,1 183,13.janv,0,1,1,0,0,0,3,0,0.2,0.2,0.4,0.5,27,60,27,0.00,0.08,0.08,0.00,0.08,0.01,0.03,0.04,0.01,0.04
Edoardo Goldaniga,it ITA,DF,Frosinone,24,1993,29,29,2 61,29.0,1,1,2,1,0,0,6,0,2.0,2.0,0.8,02.août,19,87,21,0.03,0.03,0.07,0.03,0.07,0.07,0.03,0.10,0.07,0.10
Pierluigi Gollini,it ITA,GK,Atalanta,23,1995,20,20,1 799,20.0,0,0,0,0,0,0,1,0,0.0,0.0,0.0,0.0,0,0,0,0.00,0.00,0.00,0.00,0.00,0.00,0.00,0.00,0.00,0.00
Papu Gómez,ar ARG,MF FW,Atalanta,30,1988,35,34,2 899,32.2,7,11,18,7,0,0,5,0,08.avr,08.avr,12.août,21.mars,239,238,264,0.22,0.34,0.56,0.22,0.56,0.26,0.40,0.66,0.26,0.66
Alfred Gomis,sn SEN,GK,SPAL,24,1993,20,19,1 724,19.févr,0,0,0,0,0,0,0,0,0.0,0.0,0.0,0.0,0,0,0,0.00,0.00,0.00,0.00,0.00,0.00,0.00,0.00,0.00,0.00
Giancarlo González,cr CRC,DF,Bologna,30,1988,12,8,746,08.mars,0,1,1,0,0,0,2,0,0.2,0.2,0.7,0.9,6,25,2,0.00,0.12,0.12,0.00,0.12,0.02,0.08,0.11,0.02,0.11
Mirko Gori,it ITA,MF,Frosinone,25,1993,10,2,329,03.juil,0,0,0,0,0,0,3,0,0.4,0.4,0.1,0.5,7,15,9,0.00,0.00,0.00,0.00,0.00,0.11,0.03,0.14,0.11,0.14
Robin Gosens,de GER,DF MF,Atalanta,24,1994,28,23,1 942,21.juin,3,2,5,3,0,0,2,0,02.janv,02.janv,02.juil,04.sept,96,133,153,0.14,0.09,0.23,0.14,0.23,0.10,0.13,0.22,0.10,0.22
Paolo Gozzi Iweru,it ITA,DF,Juventus,17,2001,1,1,90,1.0,0,0,0,0,0,0,0,0,0.0,0.0,0.0,0.0,5,5,0,0.00,0.00,0.00,0.00,0.00,0.00,0.00,0.00,0.00,0.00
Alberto Grassi,it ITA,MF,Parma,23,1995,7,5,462,05.janv,0,0,0,0,0,0,0,0,0.9,0.9,0.1,1.0,2,7,10,0.00,0.00,0.00,0.00,0.00,0.18,0.02,0.20,0.18,0.20
Sergej Grubac,me MNE,FW,Chievo,18,2000,3,2,157,01.juil,0,0,0,0,0,0,1,0,0.1,0.1,0.1,0.2,1,0,6,0.00,0.00,0.00,0.00,0.00,0.09,0.03,0.12,0.09,0.12
Guido Guerrieri,it ITA,GK,Lazio,22,1996,1,1,90,1.0,0,0,0,0,0,0,0,0,0.0,0.0,0.0,0.0,0,2,0,0.00,0.00,0.00,0.00,0.00,0.00,0.00,0.00,0.00,0.00
Koray Günter,de GER,DF,Genoa,23,1994,14,8,835,09.mars,0,0,0,0,0,0,1,0,0.4,0.4,0.5,0.9,3,20,2,0.00,0.00,0.00,0.00,0.00,0.04,0.05,0.09,0.04,0.09
Emil Hallfreðsson,is ISL,MF,Udinese,34,1984,3,1,137,01.mai,1,0,1,1,0,0,0,0,0.0,0.0,0.0,0.0,1,5,1,0.66,0.00,0.66,0.66,0.66,0.01,0.01,0.03,0.01,0.03
Emil Hallfreðsson,is ISL,MF,Frosinone,34,1984,6,5,392,04.avr,0,0,0,0,0,0,2,0,0.0,0.0,0.1,0.1,2,16,7,0.00,0.00,0.00,0.00,0.00,0.01,0.02,0.03,0.01,0.03
Marek Hamšík,sk SVK,MF,Napoli,31,1987,13,12,916,10.févr,0,0,0,0,0,0,1,0,0.5,0.5,0.5,1.0,22,86,28,0.00,0.00,0.00,0.00,0.00,0.05,0.05,0.10,0.05,0.10
Dávid Hancko,sk SVK,DF,Fiorentina,20,1997,5,3,282,03.janv,0,0,0,0,0,0,0,0,0.2,0.2,0.1,0.3,3,9,10,0.00,0.00,0.00,0.00,0.00,0.06,0.05,0.10,0.06,0.10
Samir Handanović,si SVN,GK,Inter,34,1984,38,38,3 42,38.0,0,0,0,0,0,0,0,0,0.0,0.0,0.0,0.0,0,0,0,0.00,0.00,0.00,0.00,0.00,0.00,0.00,0.00,0.00,0.00
Hans Hateboer,nl NED,DF,Atalanta,24,1994,35,33,2 973,33.0,5,5,10,5,0,0,5,0,05.févr,05.févr,5.0,10.janv,100,136,243,0.15,0.15,0.30,0.15,0.30,0.16,0.15,0.31,0.16,0.31
Filip Helander,se SWE,DF,Bologna,25,1993,20,19,1 713,19.0,0,0,0,0,0,0,6,0,0.7,0.7,0.2,0.9,10,55,4,0.00,0.00,0.00,0.00,0.00,0.04,0.01,0.05,0.04,0.05
Dalbert Henrique,br BRA,DF,Inter,24,1993,11,9,778,08.juin,0,1,1,0,0,0,2,0,0.2,0.2,01.janv,01.mars,23,30,43,0.00,0.12,0.12,0.00,0.12,0.02,0.12,0.15,0.02,0.15
Player,Nation,Pos,Squad,Age,Born,MP,Starts,Min,90s,Gls,Ast,G+A,G-PK,PK,PKatt,CrdY,CrdR,xG,npxG,xAG,npxG+xAG,PrgC,PrgP,PrgR,Gls,Ast,G+A,G-PK,G+A-PK,xG,xAG,xG+xAG,npxG,npxG+xAG
Përparim Hetemaj,fi FIN,MF,Chievo,31,1986,30,25,2 156,24.0,2,0,2,2,0,0,9,0,0.5,0.5,01.janv,01.juin,40,93,73,0.08,0.00,0.08,0.08,0.08,0.02,0.05,0.07,0.02,0.07
Gonzalo Higuaín,ar ARG,FW,Milan,30,1987,15,15,1 277,14.févr,6,1,7,6,0,1,3,1,06.juin,05.août,01.juil,07.mai,25,34,81,0.42,0.07,0.49,0.42,0.49,0.47,0.12,0.59,0.41,0.53
Oscar Hiljemark,se SWE,MF,Genoa,26,1992,17,15,1 196,13.mars,1,0,1,1,0,0,0,0,1.0,1.0,0.6,01.juin,15,49,41,0.08,0.00,0.08,0.08,0.08,0.07,0.05,0.12,0.07,0.12
Vitor Hugo,br BRA,DF,Fiorentina,27,1991,30,27,2 47,27.avr,0,2,2,0,0,0,7,1,01.févr,01.févr,01.avr,02.juin,11,95,2,0.00,0.07,0.07,0.00,0.07,0.05,0.05,0.10,0.05,0.10
Elseid Hysaj,al ALB,DF,Napoli,24,1994,27,24,2 107,23.avr,0,2,2,0,0,0,4,0,0.6,0.6,0.6,01.févr,67,123,98,0.00,0.09,0.09,0.00,0.09,0.02,0.03,0.05,0.02,0.05
Simone Iacoponi,it ITA,DF,Parma,31,1987,38,38,3 346,37.2,0,0,0,0,0,0,4,0,0.7,0.7,0.7,01.avr,14,89,44,0.00,0.00,0.00,0.00,0.00,0.02,0.02,0.04,0.02,0.04
Roger Ibanez,br BRA,DF FW,Atalanta,19,1998,1,0,2,0.0,0,0,0,0,0,0,0,0,0.0,0.0,0.0,0.0,0,1,0,0.00,0.00,0.00,0.00,0.00,0.00,0.00,0.00,0.00,0.00
Mauro Icardi,ar ARG,FW,Inter,25,1993,29,24,2 267,25.févr,11,4,15,6,5,6,0,0,15.févr,10.mai,03.mars,13.août,19,40,137,0.44,0.16,0.60,0.24,0.40,0.60,0.13,0.74,0.42,0.55
Salvador Ichazo,uy URU,GK,Torino,26,1992,3,2,251,02.août,0,0,0,0,0,0,0,0,0.0,0.0,0.0,0.0,0,0,0,0.00,0.00,0.00,0.00,0.00,0.00,0.00,0.00,0.00,0.00
Josip Iličić,si SVN,FW MF,Atalanta,30,1988,31,23,2 145,23.août,12,7,19,12,0,1,5,1,10.juin,09.sept,07.mai,17.avr,155,181,286,0.50,0.29,0.80,0.50,0.80,0.45,0.32,0.76,0.41,0.73
Ciro Immobile,it ITA,FW,Lazio,28,1990,36,31,2 859,31.août,15,6,21,11,4,4,6,0,15.sept,12.juil,6.0,18.juil,103,74,335,0.47,0.19,0.66,0.35,0.54,0.50,0.19,0.69,0.40,0.59
Svante Ingelsson,se SWE,DF MF,Udinese,20,1998,3,1,97,01.janv,0,0,0,0,0,0,0,0,0.1,0.1,0.0,0.1,1,1,8,0.00,0.00,0.00,0.00,0.00,0.05,0.00,0.05,0.05,0.05
Roberto Inglese,it ITA,FW,Parma,26,1991,25,23,1 965,21.août,9,0,9,7,2,2,3,0,08.févr,06.juil,01.mai,08.janv,29,24,99,0.41,0.00,0.41,0.32,0.32,0.38,0.07,0.44,0.30,0.37
Lorenzo Insigne,it ITA,FW MF,Napoli,27,1991,28,24,2 073,23.0,10,6,16,9,1,2,6,1,09.sept,08.mars,04.juil,13.0,76,133,258,0.43,0.26,0.69,0.39,0.65,0.43,0.20,0.63,0.36,0.56
Artur Ioniță,md MDA,MF,Cagliari,27,1990,37,34,2 968,33.0,3,2,5,3,0,0,4,1,03.juil,03.juil,01.mars,5.0,42,67,80,0.09,0.06,0.15,0.09,0.15,0.11,0.04,0.15,0.11,0.15
Armando Izzo,it ITA,DF,Torino,26,1992,37,37,3 271,36.3,4,1,5,4,0,0,6,0,02.sept,02.sept,01.janv,4.0,55,165,26,0.11,0.03,0.14,0.11,0.14,0.08,0.03,0.11,0.08,0.11
Jandrei,br BRA,GK,Genoa,25,1993,1,1,90,1.0,0,0,0,0,0,0,0,0,0.0,0.0,0.0,0.0,0,0,0,0.00,0.00,0.00,0.00,0.00,0.00,0.00,0.00,0.00,0.00
Marko Janković,me MNE,DF MF,SPAL,23,1995,4,0,54,0.6,0,0,0,0,0,0,1,0,0.1,0.1,0.1,0.2,2,2,0,0.00,0.00,0.00,0.00,0.00,0.14,0.17,0.31,0.14,0.31
Jakub Jankto,cz CZE,MF,Sampdoria,22,1996,25,7,963,10.juil,0,0,0,0,0,0,2,0,01.juil,01.juil,0.8,02.mai,32,52,80,0.00,0.00,0.00,0.00,0.00,0.16,0.07,0.23,0.16,0.23
Paweł Jaroszyński,pl POL,DF,Chievo,23,1994,19,15,1 348,15.0,0,0,0,0,0,0,2,0,0.2,0.2,01.juin,01.août,34,60,39,0.00,0.00,0.00,0.00,0.00,0.01,0.11,0.12,0.01,0.12
Juan Jesus,br BRA,DF,Roma,27,1991,20,15,1 403,15.juin,1,0,1,1,0,0,4,0,0.7,0.7,0.0,0.7,3,44,1,0.06,0.00,0.06,0.06,0.06,0.04,0.00,0.05,0.04,0.05
Bruno Jordão,pt POR,MF DF,Lazio,19,1998,3,1,88,1.0,0,0,0,0,0,0,0,0,0.0,0.0,0.0,0.0,3,1,8,0.00,0.00,0.00,0.00,0.00,0.02,0.03,0.05,0.02,0.05
Hamed Junior Traorè,ci CIV,MF,Empoli,18,2000,32,26,2 259,25.janv,2,2,4,2,0,0,4,0,02.sept,02.sept,02.sept,05.sept,87,136,93,0.08,0.08,0.16,0.08,0.16,0.12,0.12,0.23,0.12,0.23
Musa Juwara,gm GAM,FW,Chievo,16,2001,1,0,12,0.1,0,0,0,0,0,0,0,0,0.0,0.0,0.0,0.0,0,0,1,0.00,0.00,0.00,0.00,0.00,0.00,0.00,0.00,0.00,0.00
Yann Karamoh,fr FRA,FW MF,Inter,20,1998,1,0,5,0.1,0,0,0,0,0,0,0,0,0.0,0.0,0.0,0.0,0,1,3,0.00,0.00,0.00,0.00,0.00,0.00,0.00,0.00,0.00,0.00
Player,Nation,Pos,Squad,Age,Born,MP,Starts,Min,90s,Gls,Ast,G+A,G-PK,PK,PKatt,CrdY,CrdR,xG,npxG,xAG,npxG+xAG,PrgC,PrgP,PrgR,Gls,Ast,G+A,G-PK,G+A-PK,xG,xAG,xG+xAG,npxG,npxG+xAG
Ibrahim Karamoko,fr FRA,MF,Chievo,17,2001,2,0,65,0.7,0,0,0,0,0,0,0,0,0.1,0.1,0.0,0.1,1,2,2,0.00,0.00,0.00,0.00,0.00,0.13,0.04,0.17,0.13,0.17
Orestis Karnezis,gr GRE,GK,Napoli,33,1985,9,9,810,9.0,0,0,0,0,0,0,0,0,0.0,0.0,0.0,0.0,0,0,0,0.00,0.00,0.00,0.00,0.00,0.00,0.00,0.00,0.00,0.00
Rick Karsdorp,nl NED,DF,Roma,23,1995,11,7,593,06.juin,0,1,1,0,0,0,1,0,0.0,0.0,0.3,0.3,20,44,28,0.00,0.15,0.15,0.00,0.15,0.00,0.04,0.04,0.00,0.04
Grigoris Kastanos,cy CYP,MF,Juventus,20,1998,1,1,60,0.7,0,0,0,0,0,0,0,0,0.0,0.0,0.0,0.0,1,1,1,0.00,0.00,0.00,0.00,0.00,0.00,0.00,0.00,0.00,0.00
Moise Kean,it ITA,FW,Juventus,18,2000,13,5,541,6.0,6,0,6,6,0,0,2,0,03.juin,03.juin,0.3,03.sept,11,4,42,1.00,0.00,1.00,1.00,1.00,0.60,0.05,0.65,0.60,0.65
Franck Kessié,ci CIV,MF,Milan,21,1996,34,34,3 018,33.5,7,2,9,4,3,3,8,0,07.mai,05.févr,02.mars,07.avr,72,191,159,0.21,0.06,0.27,0.12,0.18,0.22,0.07,0.29,0.15,0.22
Sami Khedira,de GER,MF,Juventus,31,1987,10,8,706,07.août,2,1,3,2,0,0,0,0,3.0,3.0,01.janv,4.0,9,25,32,0.25,0.13,0.38,0.25,0.38,0.38,0.14,0.52,0.38,0.52
Sofian Kiyine,ma MAR,MF DF,Chievo,20,1997,23,9,816,09.janv,0,1,1,0,0,0,7,0,0.8,0.8,0.9,01.juil,35,40,42,0.00,0.11,0.11,0.00,0.11,0.09,0.09,0.19,0.09,0.19
Ragnar Klavan,ee EST,DF,Cagliari,32,1985,15,15,1 23,13.juil,0,0,0,0,0,0,2,0,0.1,0.1,0.5,0.6,14,47,3,0.00,0.00,0.00,0.00,0.00,0.01,0.04,0.05,0.01,0.05
Justin Kluivert,nl NED,FW,Roma,19,1999,29,14,1 341,14.sept,1,6,7,1,0,0,2,0,01.mars,01.mars,3.0,04.mars,68,35,168,0.07,0.40,0.47,0.07,0.47,0.09,0.20,0.29,0.09,0.29
Aleksandar Kolarov,rs SRB,DF,Roma,32,1985,33,32,2 906,32.3,8,2,10,5,3,3,7,1,5.0,02.juin,06.juin,09.févr,105,165,177,0.25,0.06,0.31,0.15,0.22,0.15,0.20,0.36,0.08,0.28
Christian Kouamé,ci CIV,FW,Genoa,20,1997,38,33,3 066,34.1,4,5,9,4,0,0,4,0,8.0,8.0,05.mars,13.févr,74,67,271,0.12,0.15,0.26,0.12,0.26,0.23,0.16,0.39,0.23,0.39
Kalidou Koulibaly,sn SEN,DF,Napoli,27,1991,35,35,3 132,34.8,2,2,4,2,0,0,10,1,02.avr,02.avr,0.3,02.juin,53,191,15,0.06,0.06,0.11,0.06,0.11,0.07,0.01,0.08,0.07,0.08
Dawid Kownacki,pl POL,FW,Sampdoria,21,1997,13,0,168,01.sept,1,1,2,0,1,2,0,0,01.sept,0.3,0.6,0.9,5,4,28,0.54,0.54,01.juil,0.00,0.54,0.99,0.33,janv.32,0.15,0.48
Luka Krajnc,si SVN,DF,Frosinone,23,1994,9,9,788,08.août,0,0,0,0,0,0,3,0,0.2,0.2,0.1,0.3,6,27,1,0.00,0.00,0.00,0.00,0.00,0.02,0.01,0.03,0.02,0.03
Ladislav Krejčí,cz CZE,DF MF,Bologna,26,1992,18,11,1 065,11.août,0,3,3,0,0,0,2,0,0.5,0.5,02.mars,02.juil,34,50,62,0.00,0.25,0.25,0.00,0.25,0.04,0.19,0.23,0.04,0.23
Rade Krunić,ba BIH,MF,Empoli,24,1993,33,33,2 772,30.août,5,7,12,5,0,0,7,1,05.janv,05.janv,06.févr,11.mars,130,180,191,0.16,0.23,0.39,0.16,0.39,0.17,0.20,0.37,0.17,0.37
Juraj Kucka,sk SVK,MF,Parma,31,1987,18,17,1 535,17.janv,4,3,7,3,1,1,5,1,02.mai,01.juil,01.août,03.mai,21,59,49,0.23,0.18,0.41,0.18,0.35,0.15,0.10,0.25,0.10,0.20
Dejan Kulusevski,se SWE,MF,Atalanta,18,2000,3,0,105,01.févr,0,0,0,0,0,0,0,0,0.1,0.1,0.0,0.1,9,7,11,0.00,0.00,0.00,0.00,0.00,0.12,0.00,0.12,0.12,0.12
Jasmin Kurtić,si SVN,MF,SPAL,29,1989,30,29,2 557,28.avr,6,5,11,6,0,0,9,0,03.sept,03.sept,03.janv,07.janv,103,112,111,0.21,0.18,0.39,0.21,0.39,0.14,0.11,0.25,0.14,0.25
Antonino La Gumina,it ITA,FW MF,Empoli,22,1996,22,12,1 09,12.janv,2,2,4,2,0,0,1,0,04.mars,04.mars,0.7,5.0,13,5,70,0.17,0.17,0.33,0.17,0.33,0.35,0.06,0.41,0.35,0.41
Alban Lafont,ci CIV,GK,Fiorentina,19,1999,34,34,3 015,33.5,0,0,0,0,0,0,2,0,0.0,0.0,0.4,0.4,0,1,0,0.00,0.00,0.00,0.00,0.00,0.00,0.01,0.01,0.00,0.01
Abdou Lahat Diakhate,sn SEN,MF,Parma,19,1998,1,0,1,0.0,0,0,0,0,0,0,0,0,0.0,0.0,0.0,0.0,0,0,0,0.00,0.00,0.00,0.00,0.00,0.00,0.00,0.00,0.00,0.00
Gianluca Lapadula,pe PER,FW,Genoa,28,1990,8,4,404,04.mai,1,0,1,1,0,0,1,0,02.mai,02.mai,0.2,02.juil,5,4,21,0.22,0.00,0.22,0.22,0.22,0.56,0.05,0.60,0.56,0.60
Danilo Larangeira,br BRA,DF,Bologna,34,1984,35,35,3 077,34.2,1,0,1,1,0,0,4,0,0.8,0.8,0.8,01.juin,18,104,6,0.03,0.00,0.03,0.03,0.03,0.02,0.02,0.05,0.02,0.05
Player,Nation,Pos,Squad,Age,Born,MP,Starts,Min,90s,Gls,Ast,G+A,G-PK,PK,PKatt,CrdY,CrdR,xG,npxG,xAG,npxG+xAG,PrgC,PrgP,PrgR,Gls,Ast,G+A,G-PK,G+A-PK,xG,xAG,xG+xAG,npxG,npxG+xAG
Kevin Lasagna,it ITA,FW,Udinese,25,1992,36,26,2 453,27.mars,6,2,8,6,0,1,2,0,08.mai,07.juin,2.0,09.juil,50,29,144,0.22,0.07,0.29,0.22,0.29,0.31,0.07,0.39,0.28,0.36
Vincent Laurini,fr FRA,DF,Fiorentina,29,1989,15,10,920,10.févr,0,0,0,0,0,0,4,0,0.1,0.1,0.5,0.6,29,60,21,0.00,0.00,0.00,0.00,0.00,0.01,0.05,0.06,0.01,0.06
Diego Laxalt,uy URU,DF MF,Milan,25,1993,20,6,651,07.févr,0,0,0,0,0,0,2,0,01.févr,01.févr,0.7,01.août,21,27,51,0.00,0.00,0.00,0.00,0.00,0.16,0.09,0.25,0.16,0.25
Darko Lazović,rs SRB,DF FW,Genoa,27,1990,33,30,2 542,28.févr,3,4,7,3,0,0,2,0,02.févr,02.févr,03.sept,6.0,120,104,169,0.11,0.14,0.25,0.11,0.25,0.08,0.14,0.21,0.08,0.21
Manuel Lazzari,it ITA,DF,SPAL,24,1993,33,33,2 835,31.mai,0,8,8,0,0,0,7,0,01.avr,01.avr,05.sept,07.avr,239,68,234,0.00,0.25,0.25,0.00,0.25,0.05,0.19,0.23,0.05,0.23
Lucas Leiva,br BRA,MF,Lazio,31,1987,27,22,1 987,22.janv,0,2,2,0,0,0,7,0,0.6,0.6,2.0,02.juin,18,170,15,0.00,0.09,0.09,0.00,0.09,0.03,0.09,0.12,0.03,0.12
Mauricio Lemos,uy URU,DF,Sassuolo,22,1995,3,3,179,2.0,0,0,0,0,0,0,0,0,0.0,0.0,0.0,0.0,0,4,0,0.00,0.00,0.00,0.00,0.00,0.00,0.00,0.00,0.00,0.00
Lukas Lerager,dk DEN,MF,Genoa,25,1993,14,13,1 122,12.mai,1,0,1,1,0,0,4,0,01.mars,01.mars,01.janv,02.avr,11,44,26,0.08,0.00,0.08,0.08,0.08,0.11,0.09,0.19,0.11,0.19
Mehdi Léris,dz ALG,MF DF,Chievo,20,1998,23,18,1 607,17.sept,0,2,2,0,0,0,5,0,01.juil,01.juil,0.9,02.juin,32,66,84,0.00,0.11,0.11,0.00,0.11,0.10,0.05,0.15,0.10,0.15
Karol Linetty,pl POL,MF,Sampdoria,23,1995,32,30,2 507,27.sept,3,3,6,3,0,0,11,0,02.janv,02.janv,02.août,04.sept,76,118,113,0.11,0.11,0.22,0.11,0.22,0.07,0.10,0.17,0.07,0.17
Pol Lirola,es ESP,DF MF,Sassuolo,20,1997,35,32,2 975,33.1,2,6,8,2,0,0,2,0,01.juin,01.juin,06.mars,07.août,120,129,202,0.06,0.18,0.24,0.06,0.24,0.05,0.19,0.24,0.05,0.24
Adem Ljajić,rs SRB,MF,Torino,26,1991,1,0,30,0.3,0,0,0,0,0,0,0,0,0.1,0.1,0.0,0.1,2,2,5,0.00,0.00,0.00,0.00,0.00,0.23,0.00,0.23,0.23,0.23
Manuel Locatelli,it ITA,MF,Sassuolo,20,1998,29,21,1 847,20.mai,2,4,6,2,0,0,7,0,02.mai,02.mai,03.mai,6.0,36,130,80,0.10,0.19,0.29,0.10,0.29,0.12,0.17,0.29,0.12,0.29
José Luis Palomino,ar ARG,DF,Atalanta,28,1990,30,25,2 261,25.janv,1,1,2,1,0,0,6,1,01.sept,01.sept,0.5,02.avr,5,63,4,0.04,0.04,0.08,0.04,0.08,0.08,0.02,0.10,0.08,0.10
Everton Luiz,br BRA,MF,SPAL,30,1988,10,2,317,03.mai,0,0,0,0,0,0,5,0,0.1,0.1,0.0,0.1,7,8,8,0.00,0.00,0.00,0.00,0.00,0.02,0.00,0.02,0.02,0.02
Jordan Lukaku,be BEL,DF MF,Lazio,24,1994,7,1,175,01.sept,0,0,0,0,0,0,1,0,0.0,0.0,0.0,0.0,10,5,15,0.00,0.00,0.00,0.00,0.00,0.00,0.02,0.02,0.00,0.02
Saša Lukić,rs SRB,MF,Torino,21,1996,24,11,989,11.0,2,0,2,2,0,0,7,0,01.mai,01.mai,0.7,02.mars,27,46,32,0.18,0.00,0.18,0.18,0.18,0.14,0.06,0.21,0.14,0.21
Senad Lulić,ba BIH,DF FW,Lazio,32,1986,35,34,2 923,32.5,4,1,5,4,0,0,5,0,02.mars,02.mars,04.juil,06.sept,131,154,241,0.12,0.03,0.15,0.12,0.15,0.07,0.14,0.21,0.07,0.21
Sebastiano Luperto,it ITA,DF,Napoli,21,1996,12,6,728,08.janv,0,0,0,0,0,0,0,0,0.1,0.1,0.0,0.1,7,20,3,0.00,0.00,0.00,0.00,0.00,0.01,0.00,0.01,0.01,0.01
Lyanco,br BRA,DF,Torino,21,1997,2,1,90,1.0,0,0,0,0,0,0,0,0,0.0,0.0,0.0,0.0,1,2,0,0.00,0.00,0.00,0.00,0.00,0.00,0.00,0.00,0.00,0.00
Lyanco,br BRA,DF,Bologna,21,1997,13,13,1 119,12.avr,1,0,1,1,0,0,2,1,0.4,0.4,0.3,0.7,11,39,1,0.08,0.00,0.08,0.08,0.08,0.04,0.02,0.06,0.04,0.06
Charalampos Lykogiannis,gr GRE,DF,Cagliari,24,1993,11,9,830,09.févr,0,1,1,0,0,0,1,0,0.3,0.3,01.juin,01.août,17,24,22,0.00,0.11,0.11,0.00,0.11,0.03,0.17,0.20,0.03,0.20
Darwin Machís,ve VEN,FW MF,Udinese,25,1993,13,4,463,05.janv,0,1,1,0,0,0,2,0,01.janv,01.janv,0.9,02.janv,37,17,46,0.00,0.19,0.19,0.00,0.19,0.22,0.18,0.40,0.22,0.40
Francesco Magnanelli,it ITA,MF,Sassuolo,33,1984,26,21,1 859,20.juil,0,0,0,0,0,0,4,1,0.3,0.3,0.2,0.4,12,114,13,0.00,0.00,0.00,0.00,0.00,0.01,0.01,0.02,0.01,0.02
Giangiacomo Magnani,it ITA,DF,Sassuolo,22,1995,19,17,1 516,16.août,0,1,1,0,0,0,2,0,0.2,0.2,0.2,0.4,11,48,0,0.00,0.06,0.06,0.00,0.06,0.01,0.01,0.02,0.01,0.02
Player,Nation,Pos,Squad,Age,Born,MP,Starts,Min,90s,Gls,Ast,G+A,G-PK,PK,PKatt,CrdY,CrdR,xG,npxG,xAG,npxG+xAG,PrgC,PrgP,PrgR,Gls,Ast,G+A,G-PK,G+A-PK,xG,xAG,xG+xAG,npxG,npxG+xAG
Raffaele Maiello,it ITA,MF,Frosinone,27,1991,29,22,2 043,22.juil,0,0,0,0,0,0,4,0,0.4,0.4,01.juin,2.0,30,129,21,0.00,0.00,0.00,0.00,0.00,0.02,0.07,0.09,0.02,0.09
Domenico Maietta,it ITA,DF,Empoli,35,1982,21,21,1 714,19.0,0,0,0,0,0,0,5,0,0.3,0.3,0.2,0.5,18,77,4,0.00,0.00,0.00,0.00,0.00,0.02,0.01,0.03,0.02,0.03
Nikola Maksimović,rs SRB,DF,Napoli,26,1991,17,15,1 375,15.mars,0,0,0,0,0,0,4,0,0.1,0.1,0.1,0.3,6,53,3,0.00,0.00,0.00,0.00,0.00,0.01,0.01,0.02,0.01,0.02
Kévin Malcuit,ma MAR,DF,Napoli,27,1991,24,20,1 805,20.janv,0,2,2,0,0,0,3,0,0.4,0.4,2.0,02.avr,82,88,138,0.00,0.10,0.10,0.00,0.10,0.02,0.10,0.12,0.02,0.12
Gianluca Mancini,it ITA,DF,Atalanta,22,1996,30,25,2 246,25.0,5,2,7,5,0,0,5,0,05.mars,05.mars,01.avr,06.juil,26,90,20,0.20,0.08,0.28,0.20,0.28,0.21,0.06,0.27,0.21,0.27
Rolando Mandragora,it ITA,MF,Udinese,21,1997,35,33,2 918,32.4,3,2,5,3,0,0,8,1,01.juil,01.juil,02.janv,03.juil,18,108,62,0.09,0.06,0.15,0.09,0.15,0.05,0.06,0.12,0.05,0.12
Mario Mandžukić,hr CRO,FW,Juventus,32,1986,25,23,2 014,22.avr,9,6,15,9,0,0,4,0,06.avr,06.avr,03.juil,10.janv,18,50,145,0.40,0.27,0.67,0.40,0.67,0.28,0.17,0.45,0.28,0.45
Kostas Manolas,gr GRE,DF,Roma,27,1991,27,27,2 324,25.août,1,1,2,1,0,0,6,0,01.août,01.août,0.4,02.févr,8,55,2,0.04,0.04,0.08,0.04,0.08,0.07,0.02,0.08,0.07,0.08
Juan Manuel Valencia,co COL,FW,Bologna,20,1998,1,0,28,0.3,0,0,0,0,0,0,1,0,0.0,0.0,0.0,0.0,0,0,0,0.00,0.00,0.00,0.00,0.00,0.08,0.00,0.08,0.08,0.08
Iván Marcano,es ESP,DF,Roma,31,1987,10,9,810,9.0,0,0,0,0,0,0,0,0,0.2,0.2,0.5,0.7,6,34,6,0.00,0.00,0.00,0.00,0.00,0.02,0.06,0.08,0.02,0.08
Federico Marchetti,it ITA,GK,Genoa,35,1983,4,4,360,4.0,0,0,0,0,0,0,1,0,0.0,0.0,0.0,0.0,0,0,0,0.00,0.00,0.00,0.00,0.00,0.00,0.00,0.00,0.00,0.00
Gian Marco Ferrari,it ITA,DF,Sassuolo,26,1992,31,31,2 79,31.0,4,0,4,4,0,0,9,0,02.févr,02.févr,0.2,02.mai,35,143,12,0.13,0.00,0.13,0.13,0.13,0.07,0.01,0.08,0.07,0.08
João Mário,pt POR,MF FW,Inter,25,1993,20,12,1 082,12.0,1,2,3,1,0,0,2,0,1.0,1.0,2.0,3.0,59,77,90,0.08,0.17,0.25,0.08,0.25,0.08,0.17,0.25,0.08,0.25
Marlon,br BRA,DF,Sassuolo,22,1995,18,18,1 508,16.août,1,0,1,1,0,0,4,1,0.4,0.4,0.1,0.5,8,79,9,0.06,0.00,0.06,0.06,0.06,0.02,0.01,0.03,0.02,0.03
Lautaro Martínez,ar ARG,FW MF,Inter,20,1997,27,13,1 344,14.sept,6,2,8,5,1,1,4,0,07.juil,06.sept,3.0,09.sept,26,31,92,0.40,0.13,0.54,0.33,0.47,0.52,0.20,0.72,0.46,0.66
Adam Marušić,me MNE,DF,Lazio,25,1992,26,24,2 111,23.mai,1,1,2,1,0,0,2,1,1.0,1.0,01.mars,02.mars,67,59,141,0.04,0.04,0.09,0.04,0.09,0.04,0.05,0.10,0.04,0.10
Andrea Masiello,it ITA,DF,Atalanta,32,1986,24,22,1 836,20.avr,0,2,2,0,0,0,5,0,01.avr,01.avr,0.6,2.0,17,107,17,0.00,0.10,0.10,0.00,0.10,0.07,0.03,0.10,0.07,0.10
Luca Matarese,it ITA,FW,Frosinone,20,1998,2,0,16,0.2,0,0,0,0,0,0,1,0,0.0,0.0,0.0,0.0,1,0,1,0.00,0.00,0.00,0.00,0.00,0.00,0.00,0.00,0.00,0.00
Alessandro Matri,it ITA,FW,Sassuolo,33,1984,19,6,603,06.juil,2,0,2,2,0,0,3,0,03.févr,03.févr,0.4,03.juin,7,6,49,0.30,0.00,0.30,0.30,0.30,0.49,0.05,0.54,0.49,0.54
Federico Mattiello,it ITA,DF FW,Bologna,23,1995,17,16,1 333,14.août,1,1,2,1,0,0,2,1,0.6,0.6,01.mai,02.janv,50,57,75,0.07,0.07,0.14,0.07,0.14,0.04,0.10,0.14,0.04,0.14
Blaise Matuidi,fr FRA,MF,Juventus,31,1987,31,29,2 418,26.sept,3,2,5,3,0,0,5,0,01.avr,01.avr,01.juil,3.0,23,157,118,0.11,0.07,0.19,0.11,0.19,0.05,0.06,0.11,0.05,0.11
José Mauri,it ITA,MF,Milan,22,1996,5,2,208,02.mars,0,0,0,0,0,0,0,0,0.1,0.1,0.1,0.2,1,11,2,0.00,0.00,0.00,0.00,0.00,0.04,0.05,0.10,0.04,0.10
Stephy Mavididi,eng ENG,FW,Juventus,20,1998,1,0,22,0.2,0,0,0,0,0,0,0,0,0.0,0.0,0.0,0.0,1,0,5,0.00,0.00,0.00,0.00,0.00,0.00,0.00,0.00,0.00,0.00
Luca Mazzitelli,it ITA,MF,Genoa,22,1995,10,3,323,03.juin,0,0,0,0,0,0,3,0,0.4,0.4,0.1,0.5,4,24,9,0.00,0.00,0.00,0.00,0.00,0.12,0.02,0.14,0.12,0.14
Ibrahima Mbaye,sn SEN,DF,Bologna,23,1994,23,22,2 01,22.mars,2,0,2,2,0,0,6,0,02.juil,02.juil,0.2,02.sept,13,75,20,0.09,0.00,0.09,0.09,0.09,0.12,0.01,0.13,0.12,0.13
Player,Nation,Pos,Squad,Age,Born,MP,Starts,Min,90s,Gls,Ast,G+A,G-PK,PK,PKatt,CrdY,CrdR,xG,npxG,xAG,npxG+xAG,PrgC,PrgP,PrgR,Gls,Ast,G+A,G-PK,G+A-PK,xG,xAG,xG+xAG,npxG,npxG+xAG
Levan Mchedlidze,ge GEO,FW,Empoli,28,1990,11,0,208,02.mars,0,1,1,0,0,0,1,0,0.2,0.2,0.1,0.3,4,4,23,0.00,0.43,0.43,0.00,0.43,0.08,0.05,0.14,0.08,0.14
Iuri Medeiros,pt POR,MF FW,Genoa,24,1994,2,2,106,01.févr,0,0,0,0,0,0,0,0,0.1,0.1,0.2,0.3,3,3,4,0.00,0.00,0.00,0.00,0.00,0.08,0.17,0.25,0.08,0.25
Riccardo Meggiorini,it ITA,FW,Chievo,32,1985,24,18,1 548,17.févr,3,1,4,2,1,1,6,0,03.mars,02.mai,01.mai,4.0,24,30,105,0.17,0.06,0.23,0.12,0.17,0.19,0.08,0.28,0.15,0.23
Soualiho Meïté,fr FRA,MF,Torino,24,1994,35,30,2 659,29.mai,2,4,6,2,0,0,7,1,01.févr,01.févr,02.mars,03.mai,57,152,64,0.07,0.14,0.20,0.07,0.20,0.04,0.08,0.12,0.04,0.12
Alex Meret,it ITA,GK,Napoli,21,1997,14,13,1 151,12.août,0,0,0,0,0,0,0,1,0.0,0.0,0.0,0.0,0,0,0,0.00,0.00,0.00,0.00,0.00,0.00,0.00,0.00,0.00,0.00
Dries Mertens,be BEL,FW,Napoli,31,1987,35,23,2 252,25.0,16,11,27,15,1,1,1,0,10.juil,09.sept,8.0,17.sept,71,96,261,0.64,0.44,01.août,0.60,01.avr,0.43,0.32,0.75,0.40,0.71
Petar Mićin,rs SRB,MF,Udinese,19,1998,1,0,3,0.0,0,0,0,0,0,0,0,0,0.0,0.0,0.0,0.0,0,0,0,0.00,0.00,0.00,0.00,0.00,0.00,0.00,0.00,0.00,0.00
Nikola Milenković,rs SRB,DF,Fiorentina,20,1997,34,34,3 008,33.4,3,0,3,3,0,0,8,1,02.juil,02.juil,0.2,02.sept,38,159,27,0.09,0.00,0.09,0.09,0.09,0.08,0.01,0.09,0.08,0.09
Arkadiusz Milik,pl POL,FW,Napoli,24,1994,35,27,2 396,26.juin,17,3,20,17,0,0,4,0,13.sept,13.sept,3.0,16.août,30,57,169,0.64,0.11,0.75,0.64,0.75,0.52,0.11,0.63,0.52,0.63
Sergej Milinković-Savić,rs SRB,MF,Lazio,23,1995,31,29,2 396,26.juin,5,3,8,5,0,0,7,1,06.avr,06.avr,04.mai,11.0,59,188,161,0.19,0.11,0.30,0.19,0.30,0.24,0.17,0.41,0.24,0.41
Vanja Milinković-Savić,rs SRB,GK,SPAL,21,1997,2,2,164,01.août,0,0,0,0,0,0,1,1,0.0,0.0,0.0,0.0,0,0,0,0.00,0.00,0.00,0.00,0.00,0.00,0.00,0.00,0.00,0.00
Vincenzo Millico,it ITA,MF,Torino,17,2000,1,0,1,0.0,0,0,0,0,0,0,0,0,0.0,0.0,0.0,0.0,0,0,0,0.00,0.00,0.00,0.00,0.00,0.00,0.00,0.00,0.00,0.00
Kevin Mirallas,be BEL,FW MF,Fiorentina,30,1987,27,15,1 299,14.avr,2,1,3,2,0,0,2,0,03.mars,03.mars,01.avr,04.juil,49,44,118,0.14,0.07,0.21,0.14,0.21,0.23,0.10,0.32,0.23,0.32
Miranda,br BRA,DF,Inter,33,1984,14,14,1 158,12.sept,0,0,0,0,0,0,3,0,0.3,0.3,0.1,0.4,5,48,5,0.00,0.00,0.00,0.00,0.00,0.03,0.01,0.03,0.03,0.03
Antonio Mirante,it ITA,GK,Roma,35,1983,11,11,990,11.0,0,0,0,0,0,0,0,0,0.0,0.0,0.0,0.0,0,0,0,0.00,0.00,0.00,0.00,0.00,0.00,0.00,0.00,0.00,0.00
Simone Missiroli,it ITA,MF,SPAL,32,1986,34,33,2 741,30.mai,0,0,0,0,0,0,9,0,0.6,0.6,01.mars,01.sept,71,171,72,0.00,0.00,0.00,0.00,0.00,0.02,0.04,0.06,0.02,0.06
Cristian Molinaro,it ITA,DF MF,Frosinone,35,1983,14,13,1 159,12.sept,0,0,0,0,0,0,2,0,0.0,0.0,01.janv,01.janv,28,52,41,0.00,0.00,0.00,0.00,0.00,0.00,0.08,0.09,0.00,0.09
Gabriele Moncini,it ITA,MF,SPAL,22,1996,1,0,8,0.1,0,0,0,0,0,0,0,0,0.0,0.0,0.0,0.0,0,0,0,0.00,0.00,0.00,0.00,0.00,0.00,0.46,0.46,0.00,0.46
Cristóbal Montiel,es ESP,FW,Fiorentina,18,2000,1,0,6,0.1,0,0,0,0,0,0,0,0,0.0,0.0,0.4,0.4,2,3,0,0.00,0.00,0.00,0.00,0.00,0.41,mai.55,mai.96,0.41,mai.96
Emiliano Moretti,it ITA,DF,Torino,37,1981,24,22,2 01,22.mars,0,0,0,0,0,0,5,0,0.0,0.0,0.1,0.1,16,118,3,0.00,0.00,0.00,0.00,0.00,0.00,0.00,0.00,0.00,0.00
Samuel Mráz,sk SVK,FW,Empoli,21,1997,6,2,170,01.sept,1,0,1,1,0,0,0,0,0.8,0.8,0.3,1.0,2,0,10,0.53,0.00,0.53,0.53,0.53,0.40,0.15,0.55,0.40,0.55
Gianni Munari,it ITA,MF,Parma,35,1983,1,0,3,0.0,0,0,0,0,0,0,0,0,0.0,0.0,0.0,0.0,0,0,0,0.00,0.00,0.00,0.00,0.00,0.00,0.00,0.00,0.00,0.00
Alessandro Murgia,it ITA,MF,SPAL,21,1996,15,11,1 072,11.sept,0,3,3,0,0,0,1,0,0.8,0.8,01.août,02.mai,13,40,18,0.00,0.25,0.25,0.00,0.25,0.06,0.15,0.21,0.06,0.21
Alessandro Murgia,it ITA,MF,Lazio,21,1996,1,0,9,0.1,0,0,0,0,0,0,0,0,0.0,0.0,0.0,0.0,0,0,0,0.00,0.00,0.00,0.00,0.00,0.00,0.00,0.00,0.00,0.00
Luis Muriel,co COL,FW,Fiorentina,27,1991,19,16,1 441,16.0,6,0,6,6,0,0,1,0,03.mai,03.mai,01.mai,5.0,56,33,100,0.37,0.00,0.37,0.37,0.37,0.22,0.10,0.31,0.22,0.31
Player,Nation,Pos,Squad,Age,Born,MP,Starts,Min,90s,Gls,Ast,G+A,G-PK,PK,PKatt,CrdY,CrdR,xG,npxG,xAG,npxG+xAG,PrgC,PrgP,PrgR,Gls,Ast,G+A,G-PK,G+A-PK,xG,xAG,xG+xAG,npxG,npxG+xAG
Nicola Murru,it ITA,DF,Sampdoria,23,1994,35,34,2 934,32.6,0,5,5,0,0,0,9,0,0.4,0.4,03.mai,4.0,66,203,113,0.00,0.15,0.15,0.00,0.15,0.01,0.11,0.12,0.01,0.12
Mateo Musacchio,ar ARG,DF,Milan,27,1990,29,29,2 61,29.0,1,0,1,1,0,0,2,0,2.0,2.0,0.4,02.avr,11,116,4,0.03,0.00,0.03,0.03,0.03,0.07,0.01,0.08,0.07,0.08
Juan Musso,ar ARG,GK,Udinese,24,1994,29,29,2 61,29.0,0,0,0,0,0,0,4,0,0.0,0.0,0.1,0.1,0,0,0,0.00,0.00,0.00,0.00,0.00,0.00,0.00,0.00,0.00,0.00
Ádám Nagy,hu HUN,MF,Bologna,23,1995,14,10,975,10.août,0,0,0,0,0,0,3,1,0.2,0.2,0.5,0.7,10,53,11,0.00,0.00,0.00,0.00,0.00,0.02,0.05,0.06,0.02,0.06
Radja Nainggolan,be BEL,MF,Inter,30,1988,29,22,1 967,21.sept,6,3,9,6,0,0,3,0,03.août,03.août,03.avr,07.févr,51,135,145,0.27,0.14,0.41,0.27,0.41,0.17,0.16,0.33,0.17,0.33
Angelo Ndrecka,al ALB,DF,Chievo,16,2001,1,1,90,1.0,0,0,0,0,0,0,0,0,0.0,0.0,0.1,0.1,0,3,3,0.00,0.00,0.00,0.00,0.00,0.02,0.08,0.10,0.02,0.10
Pedro Neto,pt POR,FW DF,Lazio,18,2000,4,0,46,0.5,0,0,0,0,0,0,1,0,0.0,0.0,0.1,0.1,1,1,8,0.00,0.00,0.00,0.00,0.00,0.05,0.10,0.15,0.05,0.15
Hans Nicolussi Caviglia,it ITA,MF,Juventus,18,2000,3,0,57,0.6,0,0,0,0,0,0,0,0,0.0,0.0,0.0,0.0,2,6,4,0.00,0.00,0.00,0.00,0.00,0.05,0.00,0.05,0.05,0.05
Dimitris Nikolaou,gr GRE,DF,Empoli,19,1998,4,4,348,03.sept,0,0,0,0,0,0,0,0,0.0,0.0,0.0,0.0,1,13,1,0.00,0.00,0.00,0.00,0.00,0.00,0.00,0.00,0.00,0.00
Nicolas Nkoulou,cm CMR,DF,Torino,28,1990,36,36,3 214,35.7,2,0,2,2,0,0,7,1,1.0,1.0,0.1,01.janv,1,42,2,0.06,0.00,0.06,0.06,0.06,0.03,0.00,0.03,0.03,0.03
Bram Nuytinck,nl NED,DF,Udinese,28,1990,27,24,2 127,23.juin,0,0,0,0,0,0,4,1,0.2,0.2,0.4,0.5,10,49,5,0.00,0.00,0.00,0.00,0.00,0.01,0.02,0.02,0.01,0.02
Steven Nzonzi,fr FRA,MF,Roma,29,1988,30,29,2 617,29.janv,1,2,3,1,0,0,7,0,01.juil,01.juil,02.janv,03.sept,21,180,21,0.03,0.07,0.10,0.03,0.10,0.06,0.07,0.13,0.06,0.13
Christian Nørgaard,dk DEN,MF,Fiorentina,24,1994,6,4,323,03.juin,0,0,0,0,0,0,0,0,0.0,0.0,0.1,0.1,5,15,5,0.00,0.00,0.00,0.00,0.00,0.00,0.03,0.03,0.00,0.03
Dimitri Oberlin,ch SUI,FW,Empoli,20,1997,5,0,139,01.mai,0,0,0,0,0,0,0,0,0.0,0.0,0.1,0.1,1,1,14,0.00,0.00,0.00,0.00,0.00,0.00,0.07,0.07,0.00,0.07
Joel Obi,ng NGA,MF,Chievo,27,1991,11,9,659,07.mars,1,0,1,1,0,0,1,0,1.0,1.0,1.0,02.janv,10,19,18,0.14,0.00,0.14,0.14,0.14,0.14,0.14,0.29,0.14,0.29
Jens Odgaard,dk DEN,FW,Sassuolo,19,1999,1,0,16,0.2,0,0,0,0,0,0,0,0,0.0,0.0,0.0,0.0,0,0,2,0.00,0.00,0.00,0.00,0.00,0.00,0.00,0.00,0.00,0.00
Stefano Okaka,it ITA,FW,Udinese,28,1989,16,11,970,10.août,6,1,7,6,0,0,4,0,02.juin,02.juin,0.9,03.mai,27,26,55,0.56,0.09,0.65,0.56,0.65,0.25,0.08,0.33,0.25,0.33
Orji Okwonkwo,ng NGA,FW,Bologna,20,1998,8,2,257,02.sept,0,0,0,0,0,0,2,0,0.4,0.4,0.1,0.5,9,4,18,0.00,0.00,0.00,0.00,0.00,0.14,0.03,0.18,0.14,0.18
Robin Olsen,se SWE,GK,Roma,28,1990,27,27,2 43,27.0,0,0,0,0,0,0,2,0,0.0,0.0,0.1,0.1,0,0,0,0.00,0.00,0.00,0.00,0.00,0.00,0.00,0.00,0.00,0.00
Stephane Omeonga,be BEL,MF,Genoa,22,1996,3,0,57,0.6,0,0,0,0,0,0,1,0,0.0,0.0,0.1,0.1,1,2,1,0.00,0.00,0.00,0.00,0.00,0.00,0.18,0.18,0.00,0.18
Nicholas Opoku,gh GHA,DF,Udinese,20,1997,12,9,910,10.janv,0,0,0,0,0,0,5,0,0.4,0.4,0.0,0.4,8,27,0,0.00,0.00,0.00,0.00,0.00,0.04,0.00,0.04,0.04,0.04
Riccardo Orsolini,it ITA,FW MF,Bologna,21,1997,35,19,1 964,21.août,8,5,13,8,0,0,2,0,05.janv,05.janv,02.août,07.sept,52,68,152,0.37,0.23,0.60,0.37,0.60,0.23,0.13,0.36,0.23,0.36
David Ospina,co COL,GK,Napoli,29,1988,17,16,1 457,16.févr,0,0,0,0,0,0,0,0,0.0,0.0,0.0,0.0,0,0,0,0.00,0.00,0.00,0.00,0.00,0.00,0.00,0.00,0.00,0.00
Adam Ounas,dz ALG,MF FW,Napoli,21,1996,18,6,538,6.0,3,0,3,3,0,0,0,0,01.avr,01.avr,01.sept,03.mars,45,30,77,0.50,0.00,0.50,0.50,0.50,0.24,0.32,0.56,0.24,0.56
Simone Padoin,it ITA,DF MF,Cagliari,34,1984,30,22,1 915,21.mars,0,2,2,0,0,0,2,0,0.1,0.1,01.janv,01.févr,58,80,55,0.00,0.09,0.09,0.00,0.09,0.01,0.05,0.06,0.01,0.06
Player,Nation,Pos,Squad,Age,Born,MP,Starts,Min,90s,Gls,Ast,G+A,G-PK,PK,PKatt,CrdY,CrdR,xG,npxG,xAG,npxG+xAG,PrgC,PrgP,PrgR,Gls,Ast,G+A,G-PK,G+A-PK,xG,xAG,xG+xAG,npxG,npxG+xAG
Luca Paganini,it ITA,DF MF,Frosinone,25,1993,14,12,1 123,12.mai,2,0,2,2,0,0,2,0,02.juil,02.juil,0.4,03.janv,20,36,67,0.16,0.00,0.16,0.16,0.16,0.21,0.03,0.25,0.21,0.25
Marko Pajač,hr CRO,FW DF,Empoli,25,1993,10,9,738,08.févr,2,2,4,2,0,0,5,0,0.4,0.4,01.mars,01.juil,26,17,46,0.24,0.24,0.49,0.24,0.49,0.04,0.16,0.21,0.04,0.21
Marko Pajač,hr CRO,DF,Cagliari,25,1993,3,0,100,01.janv,0,0,0,0,0,0,0,0,0.0,0.0,0.1,0.1,2,3,6,0.00,0.00,0.00,0.00,0.00,0.00,0.11,0.11,0.00,0.11
Rodrigo Palacio,ar ARG,FW,Bologna,36,1982,28,26,2 329,25.sept,3,6,9,3,0,0,6,0,05.mars,05.mars,04.févr,09.mai,113,71,265,0.12,0.23,0.35,0.12,0.35,0.21,0.16,0.37,0.21,0.37
Alberto Paloschi,it ITA,FW,SPAL,28,1990,23,8,863,09.juin,2,0,2,2,0,0,3,0,02.août,02.août,0.6,03.avr,3,11,33,0.21,0.00,0.21,0.21,0.21,0.30,0.06,0.36,0.30,0.36
Goran Pandev,mk MKD,FW MF,Genoa,35,1983,26,12,1 122,12.mai,4,2,6,4,0,0,6,0,03.févr,03.févr,01.juin,04.août,34,51,97,0.32,0.16,0.48,0.32,0.48,0.26,0.13,0.39,0.26,0.39
Lucas Paquetá,br BRA,MF,Milan,20,1997,13,12,842,09.avr,1,1,2,1,0,0,5,1,01.mars,01.mars,0.8,02.janv,21,48,49,0.11,0.11,0.21,0.11,0.21,0.14,0.08,0.22,0.14,0.22
Vittorio Parigini,it ITA,MF DF,Torino,22,1996,17,2,377,04.févr,0,0,0,0,0,0,2,0,0.7,0.7,01.janv,01.août,25,7,37,0.00,0.00,0.00,0.00,0.00,0.16,0.27,0.43,0.16,0.43
Marco Parolo,it ITA,MF,Lazio,33,1985,34,28,2 563,28.mai,4,3,7,4,0,0,7,0,05.mai,05.mai,03.août,09.mars,29,99,115,0.14,0.11,0.25,0.14,0.25,0.19,0.13,0.33,0.19,0.33
Mario Pašalić,hr CRO,MF,Atalanta,23,1995,33,17,1 618,18.0,5,3,8,5,0,0,1,0,04.févr,04.févr,01.août,6.0,34,82,62,0.28,0.17,0.44,0.28,0.44,0.24,0.10,0.33,0.24,0.33
Manuel Pasqual,it ITA,DF,Empoli,36,1982,22,13,1 342,14.sept,1,2,3,0,1,1,2,0,01.janv,0.3,02.mai,02.août,26,91,78,0.07,0.13,0.20,0.00,0.13,0.07,0.17,0.24,0.02,0.19
Javier Pastore,ar ARG,MF FW,Roma,29,1989,14,7,597,06.juin,3,0,3,3,0,0,0,0,02.juil,02.juil,0.9,03.juin,35,62,44,0.45,0.00,0.45,0.45,0.45,0.40,0.13,0.54,0.40,0.54
Patric,es ESP,DF,Lazio,25,1993,15,12,1 085,12.janv,0,0,0,0,0,0,1,0,01.févr,01.févr,01.févr,02.avr,25,58,67,0.00,0.00,0.00,0.00,0.00,0.10,0.10,0.20,0.10,0.20
Leonardo Pavoletti,it ITA,FW,Cagliari,29,1988,32,31,2 734,30.avr,16,1,17,16,0,0,6,0,11.mars,11.mars,01.juin,12.sept,5,40,191,0.53,0.03,0.56,0.53,0.56,0.37,0.05,0.42,0.37,0.42
Nehuén Paz,ar ARG,DF,Bologna,25,1993,2,1,114,01.mars,0,0,0,0,0,0,1,0,0.0,0.0,0.0,0.0,0,0,0,0.00,0.00,0.00,0.00,0.00,0.00,0.00,0.00,0.00,0.00
João Pedro,it ITA,FW MF,Cagliari,26,1992,34,30,2 555,28.avr,7,2,9,5,2,2,5,1,08.mai,06.sept,03.mai,10.avr,32,51,216,0.25,0.07,0.32,0.18,0.25,0.30,0.12,0.42,0.24,0.37
Gianluca Pegolo,it ITA,GK,Sassuolo,37,1981,3,2,203,02.mars,0,0,0,0,0,0,1,0,0.0,0.0,0.0,0.0,0,0,0,0.00,0.00,0.00,0.00,0.00,0.00,0.00,0.00,0.00,0.00
Lorenzo Pellegrini,it ITA,MF,Roma,22,1996,25,21,1 821,20.févr,2,3,5,2,0,0,6,0,04.févr,04.févr,04.juin,08.août,41,93,127,0.10,0.15,0.25,0.10,0.25,0.21,0.23,0.44,0.21,0.44
Luca Pellegrini,it ITA,DF,Cagliari,19,1999,12,11,940,10.avr,0,1,1,0,0,0,3,1,0.0,0.0,0.9,0.9,32,25,45,0.00,0.10,0.10,0.00,0.10,0.00,0.08,0.09,0.00,0.09
Luca Pellegrini,it ITA,DF,Roma,19,1999,4,2,161,01.août,0,1,1,0,0,0,2,0,0.0,0.0,0.4,0.4,5,12,9,0.00,0.56,0.56,0.00,0.56,0.00,0.21,0.21,0.00,0.21
Sergio Pellissier,it ITA,FW,Chievo,39,1979,19,12,953,10.juin,4,1,5,3,1,2,1,0,05.mai,03.sept,2.0,05.sept,12,13,90,0.38,0.09,0.47,0.28,0.38,0.52,0.19,0.70,0.37,0.55
Federico Peluso,it ITA,DF,Sassuolo,34,1984,16,14,1 356,15.janv,1,0,1,1,0,0,5,0,0.5,0.5,0.0,0.5,10,47,9,0.07,0.00,0.07,0.07,0.07,0.03,0.00,0.03,0.03,0.03
Pepín,gq EQG,MF,Parma,21,1996,2,1,77,0.9,0,1,1,0,0,0,0,0,0.1,0.1,0.2,0.3,0,2,2,0.00,janv.17,janv.17,0.00,janv.17,0.12,0.27,0.39,0.12,0.39
Pedro Pereira,pt POR,DF FW,Genoa,20,1998,26,15,1 384,15.avr,0,0,0,0,0,0,1,0,0.1,0.1,01.mars,01.avr,44,53,86,0.00,0.00,0.00,0.00,0.00,0.01,0.09,0.09,0.01,0.09
Stipe Perica,hr CRO,FW,Frosinone,23,1995,7,6,480,05.mars,0,0,0,0,0,0,3,0,1.0,1.0,0.0,1.0,3,11,28,0.00,0.00,0.00,0.00,0.00,0.20,0.00,0.20,0.20,0.20
Player,Nation,Pos,Squad,Age,Born,MP,Starts,Min,90s,Gls,Ast,G+A,G-PK,PK,PKatt,CrdY,CrdR,xG,npxG,xAG,npxG+xAG,PrgC,PrgP,PrgR,Gls,Ast,G+A,G-PK,G+A-PK,xG,xAG,xG+xAG,npxG,npxG+xAG
Mattia Perin,it ITA,GK,Juventus,25,1992,9,9,810,9.0,0,0,0,0,0,0,1,0,0.0,0.0,0.0,0.0,0,0,0,0.00,0.00,0.00,0.00,0.00,0.00,0.00,0.00,0.00,0.00
Ivan Perišić,hr CRO,FW,Inter,29,1989,34,30,2 701,30.0,8,3,11,6,2,2,5,0,09.août,08.févr,06.août,15.0,159,90,338,0.27,0.10,0.37,0.20,0.30,0.33,0.23,0.55,0.27,0.50
Diego Perotti,ar ARG,FW MF,Roma,30,1988,13,6,668,07.avr,5,0,5,2,3,3,3,0,03.juin,01.févr,02.avr,03.juin,52,30,56,0.67,0.00,0.67,0.27,0.27,0.49,0.32,0.80,0.17,0.48
Matteo Pessina,it ITA,MF FW,Atalanta,21,1997,12,1,235,02.juin,0,1,1,0,0,0,0,0,0.1,0.1,0.1,0.2,6,26,9,0.00,0.38,0.38,0.00,0.38,0.03,0.04,0.07,0.03,0.07
Andrea Petagna,it ITA,FW,SPAL,23,1995,36,35,3 031,33.7,16,1,17,10,6,6,8,0,13.mai,08.juil,02.févr,10.sept,84,68,202,0.48,0.03,0.50,0.30,0.33,0.40,0.06,0.46,0.26,0.32
Germán Pezzella,ar ARG,DF,Fiorentina,27,1991,32,32,2 85,31.juil,2,1,3,2,0,0,5,0,3.0,02.sept,0.6,03.mai,16,84,8,0.06,0.03,0.09,0.06,0.09,0.09,0.02,0.11,0.09,0.11
Giuseppe Pezzella,it ITA,DF,Udinese,20,1997,4,2,184,2.0,0,0,0,0,0,0,1,0,0.0,0.0,0.1,0.1,4,1,4,0.00,0.00,0.00,0.00,0.00,0.01,0.05,0.06,0.01,0.06
Giuseppe Pezzella,it ITA,DF MF,Genoa,20,1997,5,1,112,01.févr,0,0,0,0,0,0,0,1,0.0,0.0,0.1,0.1,0,4,6,0.00,0.00,0.00,0.00,0.00,0.02,0.06,0.08,0.02,0.08
Krzysztof Piątek,pl POL,FW,Genoa,23,1995,19,18,1 593,17.juil,13,0,13,11,2,2,5,0,09.janv,07.juin,01.avr,9.0,28,30,107,0.73,0.00,0.73,0.62,0.62,0.52,0.08,0.60,0.43,0.51
Krzysztof Piątek,pl POL,FW,Milan,23,1995,18,16,1 373,15.mars,9,0,9,9,0,0,0,0,06.sept,06.sept,01.févr,08.févr,12,16,107,0.59,0.00,0.59,0.59,0.59,0.46,0.08,0.54,0.46,0.54
Lucas Piazon,br BRA,MF FW,Chievo,24,1994,4,0,84,0.9,0,0,0,0,0,0,0,0,0.1,0.1,0.0,0.2,0,2,2,0.00,0.00,0.00,0.00,0.00,0.16,0.02,0.17,0.16,0.17
Roberto Piccoli,it ITA,FW MF,Atalanta,17,2001,2,0,48,0.5,0,0,0,0,0,0,0,0,0.1,0.1,0.0,0.1,0,0,5,0.00,0.00,0.00,0.00,0.00,0.27,0.00,0.27,0.27,0.27
Andrea Pinamonti,it ITA,FW,Frosinone,19,1999,27,17,1 625,18.janv,5,3,8,5,0,0,2,0,06.mai,06.mai,0.5,07.janv,21,31,113,0.28,0.17,0.44,0.28,0.44,0.36,0.03,0.39,0.36,0.39
Carlo Pinsoglio,it ITA,GK,Juventus,28,1990,1,1,90,1.0,0,0,0,0,0,0,0,0,0.0,0.0,0.0,0.0,0,0,0,0.00,0.00,0.00,0.00,0.00,0.00,0.00,0.00,0.00,0.00
Fabio Pisacane,it ITA,DF,Cagliari,32,1986,27,24,2 266,25.févr,1,1,2,1,0,0,6,0,0.8,0.8,01.févr,2.0,5,44,4,0.04,0.04,0.08,0.04,0.08,0.03,0.05,0.08,0.03,0.08
Marko Pjaca,hr CRO,FW MF,Fiorentina,23,1995,19,8,750,08.mars,1,1,2,1,0,0,1,0,01.juin,01.juin,1.0,02.juin,27,26,68,0.12,0.12,0.24,0.12,0.24,0.19,0.12,0.32,0.19,0.32
Miralem Pjanić,ba BIH,MF,Juventus,28,1990,31,27,2 28,25.mars,2,6,8,2,0,0,6,1,01.févr,01.févr,05.sept,07.janv,30,202,19,0.08,0.24,0.32,0.08,0.32,0.05,0.23,0.28,0.05,0.28
Andrea Poli,it ITA,MF,Bologna,28,1989,30,23,1 932,21.mai,4,1,5,4,0,0,5,0,03.juin,03.juin,0.9,04.avr,28,86,37,0.19,0.05,0.23,0.19,0.23,0.17,0.04,0.21,0.17,0.21
Matteo Politano,it ITA,FW,Inter,24,1993,36,31,2 549,28.mars,5,6,11,5,0,0,4,1,04.juin,04.juin,05.juin,10.févr,141,150,303,0.18,0.21,0.39,0.18,0.39,0.16,0.20,0.36,0.16,0.36
Giacomo Poluzzi,it ITA,GK,SPAL,30,1988,1,0,6,0.1,0,0,0,0,0,0,0,0,0.0,0.0,0.0,0.0,0,0,0,0.00,0.00,0.00,0.00,0.00,0.00,0.00,0.00,0.00,0.00
Manolo Portanova,it ITA,MF,Juventus,18,2000,1,0,33,0.4,0,0,0,0,0,0,1,0,0.0,0.0,0.0,0.0,1,2,2,0.00,0.00,0.00,0.00,0.00,0.00,0.00,0.00,0.00,0.00
Dennis Praet,be BEL,MF,Sampdoria,24,1994,34,33,2 89,32.1,2,3,5,2,0,0,6,0,02.mars,02.mars,5.0,07.avr,70,183,189,0.06,0.09,0.16,0.06,0.16,0.07,0.16,0.23,0.07,0.23
Silvio Proto,be BEL,GK,Lazio,35,1983,2,2,180,2.0,0,0,0,0,0,0,1,0,0.0,0.0,0.0,0.0,0,0,0,0.00,0.00,0.00,0.00,0.00,0.00,0.00,0.00,0.00,0.00
Ivan Provedel,it ITA,GK,Empoli,24,1994,16,16,1 44,16.0,0,0,0,0,0,0,0,0,0.0,0.0,0.1,0.1,0,0,0,0.00,0.00,0.00,0.00,0.00,0.00,0.01,0.01,0.00,0.01
Manuel Pucciarelli,it ITA,FW,Chievo,27,1991,10,3,302,03.avr,0,0,0,0,0,0,1,0,0.0,0.0,0.0,0.0,4,2,9,0.00,0.00,0.00,0.00,0.00,0.01,0.01,0.01,0.01,0.01
Player,Nation,Pos,Squad,Age,Born,MP,Starts,Min,90s,Gls,Ast,G+A,G-PK,PK,PKatt,CrdY,CrdR,xG,npxG,xAG,npxG+xAG,PrgC,PrgP,PrgR,Gls,Ast,G+A,G-PK,G+A-PK,xG,xAG,xG+xAG,npxG,npxG+xAG
Erick Pulgar,cl CHI,MF,Bologna,24,1994,28,27,2 357,26.févr,6,2,8,1,5,5,6,1,5.0,01.janv,03.août,04.sept,16,151,19,0.23,0.08,0.31,0.04,0.11,0.19,0.15,0.34,0.04,0.19
Ignacio Pussetto,ar ARG,FW MF,Udinese,22,1995,35,24,2 178,24.févr,4,4,8,4,0,0,8,0,05.sept,05.sept,02.mars,08.janv,75,45,165,0.17,0.17,0.33,0.17,0.33,0.24,0.09,0.34,0.24,0.34
Fabio Quagliarella,it ITA,FW,Sampdoria,35,1983,37,37,3 199,35.5,26,8,34,17,9,10,1,0,21.sept,14.juil,04.mai,19.févr,24,66,298,0.73,0.23,0.96,0.48,0.70,0.62,0.13,0.74,0.41,0.54
Ivan Radovanović,rs SRB,MF,Genoa,29,1988,16,15,1 278,14.févr,0,0,0,0,0,0,3,0,0.6,0.6,0.2,0.8,11,79,2,0.00,0.00,0.00,0.00,0.00,0.04,0.01,0.05,0.04,0.05
Ivan Radovanović,rs SRB,MF,Chievo,29,1988,19,19,1 706,19.0,0,0,0,0,0,0,6,0,0.7,0.7,0.5,01.févr,11,110,2,0.00,0.00,0.00,0.00,0.00,0.04,0.03,0.06,0.04,0.06
Ionuț Radu,ro ROU,GK,Genoa,21,1997,33,33,2 97,33.0,0,0,0,0,0,0,0,0,0.0,0.0,0.1,0.1,0,0,0,0.00,0.00,0.00,0.00,0.00,0.00,0.00,0.00,0.00,0.00
Ștefan Radu,ro ROU,DF,Lazio,31,1986,28,28,2 243,24.sept,0,1,1,0,0,0,5,0,0.6,0.6,01.mars,01.août,44,134,29,0.00,0.04,0.04,0.00,0.04,0.02,0.05,0.07,0.02,0.07
Gastón Ramírez,uy URU,MF,Sampdoria,27,1990,27,19,1 578,17.mai,4,4,8,4,0,0,7,1,01.août,01.août,03.juil,05.mai,24,70,96,0.23,0.23,0.46,0.23,0.46,0.10,0.21,0.31,0.10,0.31
Andrea Ranocchia,it ITA,DF FW,Inter,30,1988,4,0,62,0.7,0,0,0,0,0,0,1,0,0.1,0.1,0.0,0.1,0,1,1,0.00,0.00,0.00,0.00,0.00,0.17,0.00,0.17,0.17,0.17
Jacob Rasmussen,dk DEN,DF MF,Empoli,21,1997,14,10,1 016,11.mars,0,1,1,0,0,0,3,0,0.2,0.2,0.2,0.4,9,43,5,0.00,0.09,0.09,0.00,0.09,0.02,0.02,0.03,0.02,0.03
Giacomo Raspadori,it ITA,DF,Sassuolo,18,2000,1,0,1,0.0,0,0,0,0,0,0,0,0,0.0,0.0,0.0,0.0,0,0,0,0.00,0.00,0.00,0.00,0.00,0.00,0.00,0.00,0.00,0.00
Arkadiusz Reca,pl POL,DF,Atalanta,23,1995,3,0,49,0.5,0,0,0,0,0,0,0,0,0.0,0.0,0.3,0.3,1,1,5,0.00,0.00,0.00,0.00,0.00,0.00,0.61,0.61,0.00,0.61
Vasco Regini,it ITA,DF FW,SPAL,27,1990,4,1,81,0.9,0,0,0,0,0,0,0,0,0.0,0.0,0.0,0.0,5,4,0,0.00,0.00,0.00,0.00,0.00,0.00,0.00,0.00,0.00,0.00
Pepe Reina,es ESP,GK,Milan,35,1982,4,2,330,03.juil,0,0,0,0,0,0,0,0,0.0,0.0,0.0,0.0,0,0,0,0.00,0.00,0.00,0.00,0.00,0.00,0.00,0.00,0.00,0.00
Emiliano Rigoni,ar ARG,FW MF,Atalanta,25,1993,12,6,522,05.août,3,0,3,3,0,0,1,0,2.0,2.0,0.4,02.mars,28,29,80,0.52,0.00,0.52,0.52,0.52,0.34,0.06,0.40,0.34,0.40
Luca Rigoni,it ITA,MF,Parma,33,1984,23,20,1 761,19.juin,2,1,3,2,0,0,5,0,3.0,3.0,0.6,03.juin,17,65,36,0.10,0.05,0.15,0.10,0.15,0.15,0.03,0.18,0.15,0.18
Nicola Rigoni,it ITA,MF,Chievo,27,1990,24,23,1 951,21.juil,0,1,1,0,0,0,9,1,01.juin,01.juin,0.3,01.sept,10,106,18,0.00,0.05,0.05,0.00,0.05,0.07,0.01,0.09,0.07,0.09
Tomás Rincón,ve VEN,MF,Torino,30,1988,34,32,2 799,31.janv,3,1,4,3,0,0,15,0,01.févr,01.févr,01.mars,02.mai,55,144,41,0.10,0.03,0.13,0.10,0.13,0.04,0.04,0.08,0.04,0.08
Alejandro Rodríguez,es ESP,MF,Empoli,27,1991,1,0,25,0.3,0,0,0,0,0,0,0,0,0.1,0.1,0.0,0.1,0,0,4,0.00,0.00,0.00,0.00,0.00,0.40,0.00,0.40,0.40,0.40
Ricardo Rodríguez,ch SUI,DF,Milan,25,1992,35,35,3 047,33.9,0,3,3,0,0,0,5,0,0.6,0.6,01.avr,2.0,86,177,81,0.00,0.09,0.09,0.00,0.09,0.02,0.04,0.06,0.02,0.06
Marko Rog,hr CRO,MF,Napoli,23,1995,9,4,333,03.juil,1,0,1,1,0,0,3,0,0.2,0.2,0.0,0.2,2,11,4,0.27,0.00,0.27,0.27,0.27,0.05,0.00,0.05,0.05,0.05
Rogério,br BRA,DF MF,Sassuolo,20,1998,33,29,2 672,29.juil,1,2,3,1,0,0,9,1,02.avr,02.avr,02.mars,04.juil,76,102,125,0.03,0.07,0.10,0.03,0.10,0.08,0.08,0.16,0.08,0.16
Esteban Rolón,ar ARG,MF,Genoa,23,1995,19,10,1 046,11.juin,0,0,0,0,0,0,9,0,0.8,0.8,0.4,01.févr,13,34,18,0.00,0.00,0.00,0.00,0.00,0.07,0.04,0.11,0.07,0.11
Filippo Romagna,it ITA,DF,Cagliari,21,1997,18,16,1 474,16.avr,0,0,0,0,0,0,2,0,0.5,0.5,0.0,0.5,9,32,0,0.00,0.00,0.00,0.00,0.00,0.03,0.00,0.03,0.03,0.03
Alessio Romagnoli,it ITA,DF,Milan,23,1995,32,32,2 847,31.6,2,0,2,2,0,0,6,1,0.9,0.9,0.2,01.janv,11,86,3,0.06,0.00,0.06,0.06,0.06,0.03,0.01,0.03,0.03,0.03
Player,Nation,Pos,Squad,Age,Born,MP,Starts,Min,90s,Gls,Ast,G+A,G-PK,PK,PKatt,CrdY,CrdR,xG,npxG,xAG,npxG+xAG,PrgC,PrgP,PrgR,Gls,Ast,G+A,G-PK,G+A-PK,xG,xAG,xG+xAG,npxG,npxG+xAG
Cristian Romero,ar ARG,DF,Genoa,20,1998,27,27,2 336,26.0,2,2,4,2,0,0,12,2,01.sept,01.sept,0.5,02.avr,7,38,6,0.08,0.08,0.15,0.08,0.15,0.07,0.02,0.09,0.07,0.09
Rômulo,it ITA,MF FW,Genoa,31,1987,17,17,1 351,15.0,1,2,3,0,1,1,1,1,01.juil,0.9,2.0,02.sept,52,43,50,0.07,0.13,0.20,0.00,0.13,0.11,0.13,0.24,0.06,0.19
Rômulo,it ITA,DF,Lazio,31,1987,10,9,776,08.juin,0,1,1,0,0,0,1,0,0.4,0.4,01.mai,01.sept,36,12,57,0.00,0.12,0.12,0.00,0.12,0.04,0.17,0.22,0.04,0.22
Cristiano Ronaldo,pt POR,FW,Juventus,33,1985,31,30,2 688,29.sept,21,8,29,16,5,6,3,0,22.févr,17.mai,04.juin,22.janv,145,130,358,0.70,0.27,0.97,0.54,0.80,0.74,0.15,0.90,0.58,0.74
Marten de Roon,nl NED,MF,Atalanta,27,1991,35,34,2 975,33.1,2,3,5,1,1,1,8,0,01.août,1.0,2.0,3.0,33,254,40,0.06,0.09,0.15,0.03,0.12,0.05,0.06,0.11,0.03,0.09
Luca Rossettini,it ITA,DF,Chievo,33,1985,21,20,1 823,20.mars,0,0,0,0,0,0,5,0,0.5,0.5,0.3,0.8,3,30,4,0.00,0.00,0.00,0.00,0.00,0.03,0.01,0.04,0.03,0.04
Francesco Rossi,it ITA,GK,Atalanta,27,1991,1,0,1,0.0,0,0,0,0,0,0,0,0,0.0,0.0,0.0,0.0,0,0,0,0.00,0.00,0.00,0.00,0.00,0.00,0.00,0.00,0.00,0.00
Daniele Rugani,it ITA,DF,Juventus,24,1994,15,15,1 35,15.0,2,0,2,2,0,0,3,0,01.juin,01.juin,0.0,01.juin,6,39,1,0.13,0.00,0.13,0.13,0.13,0.11,0.00,0.11,0.11,0.11
Mário Rui,pt POR,DF,Napoli,27,1991,20,17,1 417,15.juil,1,1,2,1,0,0,5,1,0.6,0.6,02.janv,02.juil,69,105,134,0.06,0.06,0.13,0.06,0.13,0.04,0.13,0.17,0.04,0.17
Fabián Ruiz Peña,es ESP,MF,Napoli,22,1996,27,20,1 992,22.janv,5,4,9,5,0,0,3,1,03.janv,03.janv,04.janv,07.févr,70,204,116,0.23,0.18,0.41,0.23,0.41,0.14,0.18,0.33,0.14,0.33
Jacopo Sala,it ITA,DF,Sampdoria,26,1991,21,16,1 518,16.sept,0,1,1,0,0,0,5,0,0.3,0.3,01.juin,01.sept,54,123,66,0.00,0.06,0.06,0.00,0.06,0.02,0.10,0.11,0.02,0.11
Bartosz Salamon,pl POL,DF,Frosinone,27,1991,20,19,1 725,19.févr,0,0,0,0,0,0,3,0,0.8,0.8,0.0,0.9,5,38,2,0.00,0.00,0.00,0.00,0.00,0.04,0.00,0.05,0.04,0.05
Paolo Sammarco,it ITA,MF,Frosinone,35,1983,8,6,553,06.janv,1,0,1,1,0,0,1,0,0.2,0.2,0.3,0.5,7,49,7,0.16,0.00,0.16,0.16,0.16,0.03,0.04,0.08,0.03,0.08
Antonio Sanabria,py PAR,FW,Genoa,22,1996,15,9,766,08.mai,3,0,3,3,0,1,1,0,05.janv,04.mars,0.3,04.juil,14,20,42,0.35,0.00,0.35,0.35,0.35,0.60,0.04,0.64,0.51,0.55
Sandro,br BRA,MF,Udinese,29,1989,12,7,594,06.juin,0,0,0,0,0,0,5,0,0.3,0.3,0.1,0.4,1,22,3,0.00,0.00,0.00,0.00,0.00,0.04,0.02,0.06,0.04,0.06
Sandro,br BRA,MF,Genoa,29,1989,13,9,711,07.sept,0,1,1,0,0,0,3,0,0.2,0.2,0.5,0.7,4,31,2,0.00,0.13,0.13,0.00,0.13,0.02,0.06,0.09,0.02,0.09
Alex Sandro,br BRA,DF,Juventus,27,1991,31,28,2 387,26.mai,1,2,3,1,0,0,7,0,01.mai,01.mai,02.avr,03.sept,104,163,163,0.04,0.08,0.11,0.04,0.11,0.06,0.09,0.15,0.06,0.15
Nicola Sansone,it ITA,FW,Bologna,26,1991,15,13,1 139,12.juil,2,4,6,2,0,0,4,1,01.juil,01.juil,02.mars,04.janv,40,35,108,0.16,0.32,0.47,0.16,0.47,0.14,0.18,0.32,0.14,0.32
Federico Santander,py PAR,FW,Bologna,27,1991,32,23,2 065,22.sept,8,3,11,8,0,0,5,0,08.juin,08.juin,3.0,11.juin,16,36,137,0.35,0.13,0.48,0.35,0.48,0.37,0.13,0.51,0.37,0.51
Davide Santon,it ITA,DF,Roma,27,1991,17,11,1 009,11.févr,0,1,1,0,0,0,0,0,0.1,0.1,0.7,0.8,51,61,45,0.00,0.09,0.09,0.00,0.09,0.01,0.06,0.07,0.01,0.07
Samir Santos,br BRA,DF,Udinese,23,1994,21,21,1 797,20.0,2,0,2,2,0,0,7,0,0.9,0.9,01.mars,02.févr,24,54,27,0.10,0.00,0.10,0.10,0.10,0.05,0.06,0.11,0.05,0.11
Riccardo Saponara,it ITA,MF,Sampdoria,26,1991,22,11,905,10.janv,2,4,6,2,0,0,2,0,01.mai,01.mai,2.0,03.mai,36,64,82,0.20,0.40,0.60,0.20,0.60,0.15,0.20,0.35,0.15,0.35
Marco Sau,it ITA,MF FW,Sampdoria,30,1987,5,0,55,0.6,0,0,0,0,0,0,0,0,0.0,0.0,0.0,0.0,2,3,9,0.00,0.00,0.00,0.00,0.00,0.00,0.00,0.00,0.00,0.00
Marco Sau,it ITA,FW MF,Cagliari,30,1987,14,5,558,06.févr,1,0,1,1,0,0,4,0,01.janv,01.janv,0.4,01.mai,17,10,40,0.16,0.00,0.16,0.16,0.16,0.18,0.06,0.24,0.18,0.24
Ezequiel Schelotto,it ITA,DF,Chievo,29,1989,4,2,143,01.juin,0,0,0,0,0,0,0,0,0.1,0.1,0.1,0.1,6,8,6,0.00,0.00,0.00,0.00,0.00,0.03,0.06,0.09,0.03,0.09
Player,Nation,Pos,Squad,Age,Born,MP,Starts,Min,90s,Gls,Ast,G+A,G-PK,PK,PKatt,CrdY,CrdR,xG,npxG,xAG,npxG+xAG,PrgC,PrgP,PrgR,Gls,Ast,G+A,G-PK,G+A-PK,xG,xAG,xG+xAG,npxG,npxG+xAG
Nicolás Schiappacasse,uy URU,FW MF,Parma,19,1999,3,1,81,0.9,0,0,0,0,0,0,0,0,0.0,0.0,0.0,0.0,0,0,4,0.00,0.00,0.00,0.00,0.00,0.05,0.00,0.05,0.05,0.05
Pasquale Schiattarella,it ITA,MF,SPAL,31,1987,28,20,1 841,20.mai,0,4,4,0,0,0,10,0,0.6,0.6,02.mai,03.févr,45,125,32,0.00,0.20,0.20,0.00,0.20,0.03,0.12,0.16,0.03,0.16
Patrik Schick,cz CZE,FW MF,Roma,22,1996,24,15,1 314,14.juin,3,0,3,3,0,0,4,0,05.avr,05.avr,01.mai,06.sept,13,21,90,0.21,0.00,0.21,0.21,0.21,0.37,0.10,0.47,0.37,0.47
Matteo Scozzarella,it ITA,MF,Parma,30,1988,22,17,1 459,16.févr,0,3,3,0,0,0,8,0,0.3,0.3,02.juin,02.août,14,67,9,0.00,0.19,0.19,0.00,0.19,0.02,0.16,0.17,0.02,0.17
Simone Scuffet,it ITA,GK,Udinese,22,1996,9,9,810,9.0,0,0,0,0,0,0,0,0,0.0,0.0,0.0,0.0,0,1,0,0.00,0.00,0.00,0.00,0.00,0.00,0.00,0.00,0.00,0.00
Andrea Seculin,it ITA,GK,Chievo,28,1990,2,1,91,1.0,0,0,0,0,0,0,0,0,0.0,0.0,0.0,0.0,0,0,0,0.00,0.00,0.00,0.00,0.00,0.00,0.00,0.00,0.00,0.00
Adrian Šemper,hr CRO,GK,Chievo,20,1998,6,6,540,6.0,0,0,0,0,0,0,0,0,0.0,0.0,0.0,0.0,0,0,0,0.00,0.00,0.00,0.00,0.00,0.00,0.00,0.00,0.00,0.00
Stefano Sensi,it ITA,MF,Sassuolo,22,1995,28,23,1 972,21.sept,2,4,6,2,0,0,8,0,01.sept,01.sept,05.juin,07.avr,35,133,73,0.09,0.18,0.27,0.09,0.27,0.09,0.25,0.34,0.09,0.34
Luigi Sepe,it ITA,GK,Parma,27,1991,37,37,3 33,37.0,0,0,0,0,0,0,1,0,0.0,0.0,0.1,0.1,0,0,0,0.00,0.00,0.00,0.00,0.00,0.00,0.00,0.00,0.00,0.00
Leonardo Sernicola,it ITA,FW,Sassuolo,21,1997,1,0,6,0.1,0,0,0,0,0,0,0,0,0.0,0.0,0.0,0.0,0,0,0,0.00,0.00,0.00,0.00,0.00,0.00,0.00,0.00,0.00,0.00
Stephan El Shaarawy,it ITA,FW MF,Roma,25,1992,28,23,2 104,23.avr,11,3,14,11,0,0,2,0,07.juin,07.juin,5.0,12.juin,104,96,185,0.47,0.13,0.60,0.47,0.60,0.32,0.22,0.54,0.32,0.54
Francisco Sierralta,cl CHI,DF,Parma,21,1997,6,2,269,3.0,0,0,0,0,0,0,2,0,0.1,0.1,0.4,0.5,4,6,2,0.00,0.00,0.00,0.00,0.00,0.03,0.14,0.17,0.03,0.17
Luca Siligardi,it ITA,FW,Parma,30,1988,29,19,1 639,18.févr,1,2,3,1,0,0,2,0,02.févr,02.févr,02.févr,04.mars,40,34,99,0.05,0.11,0.16,0.05,0.16,0.12,0.12,0.24,0.12,0.24
Matheus Pereira da Silva,br BRA,MF,Juventus,20,1998,3,1,92,1.0,0,0,0,0,0,0,0,0,0.1,0.1,0.1,0.2,2,6,10,0.00,0.00,0.00,0.00,0.00,0.11,0.08,0.19,0.11,0.19
Matías Silvestre,ar ARG,DF,Empoli,33,1984,34,34,3 06,34.0,2,0,2,2,0,0,6,0,01.mai,01.mai,0.3,01.sept,4,68,2,0.06,0.00,0.06,0.06,0.06,0.04,0.01,0.05,0.04,0.05
Giovanni Simeone,ar ARG,FW,Fiorentina,23,1995,36,27,2 454,27.mars,6,3,9,6,0,0,2,0,11.févr,11.févr,02.avr,13.mai,38,26,173,0.22,0.11,0.33,0.22,0.33,0.41,0.09,0.50,0.41,0.50
Lorenco Šimić,hr CRO,DF,SPAL,22,1996,8,2,238,02.juin,0,0,0,0,0,0,0,0,0.8,0.8,0.3,01.févr,3,10,1,0.00,0.00,0.00,0.00,0.00,0.32,0.13,0.45,0.32,0.45
Salvatore Sirigu,it ITA,GK,Torino,31,1987,36,36,3 169,35.2,0,0,0,0,0,0,1,0,0.0,0.0,0.0,0.0,0,1,0,0.00,0.00,0.00,0.00,0.00,0.00,0.00,0.00,0.00,0.00
Łukasz Skorupski,pl POL,GK,Bologna,27,1991,38,38,3 42,38.0,0,0,0,0,0,0,1,0,0.0,0.0,0.0,0.0,0,0,0,0.00,0.00,0.00,0.00,0.00,0.00,0.00,0.00,0.00,0.00
Milan Škriniar,sk SVK,DF,Inter,23,1995,35,35,3 15,35.0,0,1,1,0,0,0,4,0,01.mai,01.mai,0.4,01.sept,26,143,5,0.00,0.03,0.03,0.00,0.03,0.04,0.01,0.05,0.04,0.05
Cédric Soares,pt POR,DF,Inter,26,1991,4,3,259,02.sept,0,1,1,0,0,0,0,0,0.1,0.1,0.5,0.6,2,14,15,0.00,0.35,0.35,0.00,0.35,0.05,0.17,0.22,0.05,0.22
Danilo Soddimo,it ITA,MF FW,Frosinone,30,1987,10,1,252,02.août,0,1,1,0,0,0,2,0,0.2,0.2,0.8,01.janv,5,16,21,0.00,0.36,0.36,0.00,0.36,0.09,0.29,0.38,0.09,0.38
Roberto Soriano,it ITA,MF,Torino,27,1991,11,6,468,05.févr,0,2,2,0,0,0,1,0,0.2,0.2,0.4,0.6,14,22,47,0.00,0.38,0.38,0.00,0.38,0.04,0.08,0.12,0.04,0.12
Roberto Soriano,it ITA,MF,Bologna,27,1991,17,17,1 489,16.mai,2,2,4,2,0,0,5,0,03.avr,03.avr,01.sept,05.mars,44,78,93,0.12,0.12,0.24,0.12,0.24,0.20,0.11,0.32,0.20,0.32
Stefano Sorrentino,it ITA,GK,Chievo,39,1979,31,31,2 789,31.0,0,0,0,0,0,0,2,0,0.0,0.0,0.0,0.0,0,0,0,0.00,0.00,0.00,0.00,0.00,0.00,0.00,0.00,0.00,0.00
Player,Nation,Pos,Squad,Age,Born,MP,Starts,Min,90s,Gls,Ast,G+A,G-PK,PK,PKatt,CrdY,CrdR,xG,npxG,xAG,npxG+xAG,PrgC,PrgP,PrgR,Gls,Ast,G+A,G-PK,G+A-PK,xG,xAG,xG+xAG,npxG,npxG+xAG
Riccardo Sottil,it ITA,FW MF,Fiorentina,19,1999,2,0,20,0.2,0,0,0,0,0,0,0,0,0.1,0.1,0.0,0.1,2,0,5,0.00,0.00,0.00,0.00,0.00,0.31,0.00,0.31,0.31,0.31
Leonardo Spinazzola,it ITA,DF,Juventus,25,1993,10,6,601,06.juil,0,1,1,0,0,0,0,0,0.3,0.3,0.8,01.janv,60,33,65,0.00,0.15,0.15,0.00,0.15,0.05,0.12,0.17,0.05,0.17
Nicolás Spolli,ar ARG,DF,Genoa,35,1983,7,7,538,6.0,0,0,0,0,0,0,2,0,0.3,0.3,0.3,0.6,1,4,0,0.00,0.00,0.00,0.00,0.00,0.05,0.06,0.11,0.05,0.11
Marco Sportiello,it ITA,GK,Frosinone,26,1992,35,35,3 15,35.0,0,0,0,0,0,0,5,0,0.0,0.0,0.0,0.0,0,0,0,0.00,0.00,0.00,0.00,0.00,0.00,0.00,0.00,0.00,0.00
Mattia Sprocati,it ITA,FW MF,Parma,25,1993,16,5,644,07.févr,1,0,1,1,0,0,0,0,0.5,0.5,0.8,01.mars,21,26,57,0.14,0.00,0.14,0.14,0.14,0.07,0.11,0.18,0.07,0.18
Darijo Srna,hr CRO,DF,Cagliari,36,1982,26,24,2 087,23.févr,0,3,3,0,0,0,5,1,0.5,0.5,4.0,04.mai,44,130,85,0.00,0.13,0.13,0.00,0.13,0.02,0.17,0.19,0.02,0.19
Mariusz Stępiński,pl POL,FW,Chievo,23,1995,35,27,2 476,27.mai,6,2,8,6,0,0,5,0,07.août,07.août,01.juin,09.avr,23,39,178,0.22,0.07,0.29,0.22,0.29,0.28,0.06,0.34,0.28,0.34
Thomas Strakosha,al ALB,GK,Lazio,23,1995,35,35,3 15,35.0,0,0,0,0,0,0,4,0,0.0,0.0,0.0,0.0,0,1,0,0.00,0.00,0.00,0.00,0.00,0.00,0.00,0.00,0.00,0.00
Kevin Strootman,nl NED,MF,Roma,28,1990,1,1,90,1.0,0,0,0,0,0,0,0,0,0.0,0.0,0.1,0.1,0,4,2,0.00,0.00,0.00,0.00,0.00,0.00,0.11,0.11,0.00,0.11
Jens Stryger Larsen,dk DEN,DF,Udinese,27,1991,36,36,3 234,35.9,1,4,5,1,0,0,6,0,01.août,01.août,03.janv,04.sept,68,172,101,0.03,0.11,0.14,0.03,0.14,0.05,0.08,0.14,0.05,0.14
Leo Štulac,si SVN,MF,Parma,23,1994,26,17,1 452,16.janv,0,2,2,0,0,0,3,1,0.8,0.8,02.mai,03.févr,16,55,10,0.00,0.12,0.12,0.00,0.12,0.05,0.15,0.20,0.05,0.20
Stefano Sturaro,it ITA,MF FW,Genoa,25,1993,5,4,213,02.avr,1,0,1,1,0,0,0,1,0.1,0.1,0.3,0.4,2,10,15,0.42,0.00,0.42,0.42,0.42,0.06,0.11,0.16,0.06,0.16
Suso,es ESP,FW MF,Milan,24,1993,35,35,3 018,33.5,7,10,17,7,0,0,9,1,04.févr,04.févr,09.sept,14.févr,138,215,368,0.21,0.30,0.51,0.21,0.51,0.13,0.30,0.42,0.13,0.42
Mattias Svanberg,se SWE,MF,Bologna,19,1999,23,13,1 176,13.janv,0,3,3,0,0,0,2,0,01.févr,01.févr,01.avr,02.juin,9,30,35,0.00,0.23,0.23,0.00,0.23,0.09,0.10,0.20,0.09,0.20
Wojciech Szczęsny,pl POL,GK,Juventus,28,1990,28,28,2 52,28.0,0,0,0,0,0,0,0,0,0.0,0.0,0.0,0.0,0,0,0,0.00,0.00,0.00,0.00,0.00,0.00,0.00,0.00,0.00,0.00
Strahinja Tanasijević,rs SRB,DF MF,Chievo,21,1997,1,0,17,0.2,0,0,0,0,0,0,2,1,0.1,0.1,0.0,0.1,0,0,0,0.00,0.00,0.00,0.00,0.00,0.31,0.00,0.31,0.31,0.31
Júnior Tavares,br BRA,DF,Sampdoria,21,1996,3,2,184,2.0,0,0,0,0,0,0,1,0,0.0,0.0,0.3,0.3,9,22,9,0.00,0.00,0.00,0.00,0.00,0.01,0.13,0.13,0.01,0.13
Łukasz Teodorczyk,pl POL,FW,Udinese,27,1991,16,2,400,04.avr,1,0,1,1,0,1,1,0,02.mars,01.avr,0.1,01.avr,4,5,25,0.23,0.00,0.23,0.23,0.23,0.51,0.02,0.53,0.31,0.33
Hidde ter Avest,nl NED,DF FW,Udinese,21,1997,13,12,973,10.août,0,1,1,0,0,0,0,0,0.2,0.2,0.4,0.6,13,28,37,0.00,0.09,0.09,0.00,0.09,0.01,0.04,0.05,0.01,0.05
Pietro Terracciano,it ITA,GK,Fiorentina,28,1990,2,2,180,2.0,0,0,0,0,0,0,0,0,0.0,0.0,0.0,0.0,0,0,0,0.00,0.00,0.00,0.00,0.00,0.00,0.00,0.00,0.00,0.00
Pietro Terracciano,it ITA,GK,Empoli,28,1990,8,8,720,8.0,0,0,0,0,0,0,0,0,0.0,0.0,0.0,0.0,0,0,0,0.00,0.00,0.00,0.00,0.00,0.00,0.00,0.00,0.00,0.00
Cyril Théréau,fr FRA,FW MF,Fiorentina,35,1983,2,0,30,0.3,0,0,0,0,0,0,1,0,0.1,0.1,0.0,0.1,0,1,2,0.00,0.00,0.00,0.00,0.00,0.18,0.00,0.18,0.18,0.18
Cyril Théréau,fr FRA,FW,Cagliari,35,1983,5,1,131,01.mai,0,0,0,0,0,0,0,0,0.1,0.1,0.0,0.1,2,4,16,0.00,0.00,0.00,0.00,0.00,0.08,0.00,0.08,0.08,0.08
Rafael Tolói,it ITA,DF,Atalanta,27,1990,21,20,1 746,19.avr,1,3,4,1,0,0,1,1,01.août,01.août,02.mars,04.janv,40,94,25,0.05,0.15,0.21,0.05,0.21,0.09,0.12,0.21,0.09,0.21
Nenad Tomović,rs SRB,DF,Chievo,30,1987,10,9,739,08.févr,1,0,1,1,0,0,1,0,0.3,0.3,0.0,0.4,7,25,8,0.12,0.00,0.12,0.12,0.12,0.04,0.01,0.05,0.04,0.05
Player,Nation,Pos,Squad,Age,Born,MP,Starts,Min,90s,Gls,Ast,G+A,G-PK,PK,PKatt,CrdY,CrdR,xG,npxG,xAG,npxG+xAG,PrgC,PrgP,PrgR,Gls,Ast,G+A,G-PK,G+A-PK,xG,xAG,xG+xAG,npxG,npxG+xAG
Lorenzo Tonelli,it ITA,DF,Sampdoria,28,1990,19,17,1 655,18.avr,1,0,1,1,0,0,6,0,0.9,0.9,0.0,0.9,7,91,1,0.05,0.00,0.05,0.05,0.05,0.05,0.00,0.05,0.05,0.05
William Troost-Ekong,ng NGA,DF,Udinese,24,1993,35,35,3 064,34.0,0,0,0,0,0,0,4,0,0.6,0.6,0.4,1.0,3,50,6,0.00,0.00,0.00,0.00,0.00,0.02,0.01,0.03,0.02,0.03
Marcello Trotta,it ITA,FW,Frosinone,25,1992,12,4,398,04.avr,0,0,0,0,0,0,0,0,0.7,0.7,0.3,01.janv,6,6,28,0.00,0.00,0.00,0.00,0.00,0.16,0.08,0.24,0.16,0.24
Marcello Trotta,it ITA,MF,Sassuolo,25,1992,1,0,6,0.1,0,0,0,0,0,0,0,0,0.0,0.0,0.0,0.0,0,0,0,0.00,0.00,0.00,0.00,0.00,0.00,0.00,0.00,0.00,0.00
Marco Tumminello,it ITA,FW DF,Atalanta,19,1998,2,0,9,0.1,0,0,0,0,0,0,1,0,0.0,0.0,0.0,0.0,0,1,3,0.00,0.00,0.00,0.00,0.00,0.38,0.00,0.38,0.38,0.38
Salih Uçan,tr TUR,MF,Empoli,24,1994,14,1,259,02.sept,1,1,2,1,0,0,1,0,01.mars,01.mars,0.8,02.janv,11,21,27,0.35,0.35,0.69,0.35,0.69,0.45,0.29,0.73,0.45,0.73
Cengiz Ünder,tr TUR,FW,Roma,21,1997,26,17,1 375,15.mars,3,7,10,3,0,0,1,0,02.avr,02.avr,03.sept,06.avr,53,45,164,0.20,0.46,0.65,0.20,0.65,0.16,0.26,0.42,0.16,0.42
Joel Untersee,ch SUI,DF,Empoli,24,1994,3,1,126,01.avr,0,0,0,0,0,0,0,0,0.0,0.0,0.0,0.0,2,8,1,0.00,0.00,0.00,0.00,0.00,0.00,0.00,0.00,0.00,0.00
Mirko Valdifiori,it ITA,MF,SPAL,32,1986,15,8,668,07.avr,0,1,1,0,0,0,3,0,0.3,0.3,01.sept,02.févr,8,62,7,0.00,0.13,0.13,0.00,0.13,0.04,0.26,0.30,0.04,0.30
Borja Valero,es ESP,MF,Inter,33,1985,27,12,1 231,13.juil,0,1,1,0,0,0,4,0,0.5,0.5,01.juin,02.févr,33,132,31,0.00,0.07,0.07,0.00,0.07,0.04,0.12,0.16,0.04,0.16
Mattia Valoti,it ITA,MF,SPAL,24,1993,24,14,1 222,13.juin,2,0,2,2,0,0,6,0,2.0,2.0,0.4,02.avr,31,59,62,0.15,0.00,0.15,0.15,0.15,0.15,0.03,0.18,0.15,0.18
Luca Valzania,it ITA,MF,Frosinone,22,1996,13,11,897,10.0,2,1,3,2,0,0,4,0,01.juil,01.juil,02.mars,4.0,14,29,34,0.20,0.10,0.30,0.20,0.30,0.17,0.23,0.40,0.17,0.40
Luca Valzania,it ITA,MF,Atalanta,22,1996,2,1,73,0.8,0,0,0,0,0,0,0,0,0.0,0.0,0.0,0.0,1,0,0,0.00,0.00,0.00,0.00,0.00,0.02,0.00,0.02,0.02,0.02
Matías Vecino,uy URU,MF,Inter,26,1991,30,23,2 015,22.avr,3,1,4,3,0,0,8,0,06.janv,06.janv,01.mars,07.mars,55,125,102,0.13,0.04,0.18,0.13,0.18,0.27,0.06,0.33,0.27,0.33
Miguel Veloso,pt POR,MF,Genoa,32,1986,21,14,1 257,14.0,0,1,1,0,0,0,7,0,01.janv,01.janv,02.janv,03.févr,17,71,21,0.00,0.07,0.07,0.00,0.07,0.08,0.15,0.23,0.08,0.23
Francesco Verde,it ITA,FW,Cagliari,19,1999,1,0,12,0.1,0,0,0,0,0,0,0,0,0.0,0.0,0.0,0.0,0,0,0,0.00,0.00,0.00,0.00,0.00,0.00,0.00,0.00,0.00,0.00
Simone Verdi,it ITA,MF FW,Napoli,26,1992,22,9,704,07.août,3,3,6,2,1,1,0,0,02.juil,01.sept,2.0,03.sept,32,37,74,0.38,0.38,0.77,0.26,0.64,0.35,0.25,0.60,0.25,0.50
Jordan Veretout,fr FRA,MF,Fiorentina,25,1993,33,33,2 941,32.7,5,3,8,0,5,6,12,1,05.sept,01.févr,06.janv,07.mars,69,293,60,0.15,0.09,0.24,0.00,0.09,0.18,0.19,0.37,0.04,0.22
Freddie Veseli,al ALB,DF,Empoli,25,1992,31,28,2 539,28.févr,0,0,0,0,0,0,4,0,0.5,0.5,0.4,0.8,48,86,33,0.00,0.00,0.00,0.00,0.00,0.02,0.01,0.03,0.02,0.03
Francesco Vicari,it ITA,DF,SPAL,23,1994,28,26,2 335,25.sept,2,1,3,2,0,0,6,0,0.5,0.5,0.3,0.8,9,56,0,0.08,0.04,0.12,0.08,0.12,0.02,0.01,0.03,0.02,0.03
Ronaldo Vieira,gw GNB,MF,Sampdoria,20,1998,14,6,599,06.juil,0,0,0,0,0,0,3,0,0.5,0.5,0.1,0.6,4,33,2,0.00,0.00,0.00,0.00,0.00,0.08,0.02,0.10,0.08,0.10
Emanuel Vignato,it ITA,MF FW,Chievo,17,2000,10,8,655,07.mars,1,1,2,1,0,0,0,0,0.5,0.5,0.5,1.0,12,24,32,0.14,0.14,0.27,0.14,0.27,0.07,0.07,0.13,0.07,0.13
Federico Viviani,it ITA,MF,Frosinone,26,1992,5,5,337,03.juil,0,0,0,0,0,0,1,0,0.1,0.1,0.2,0.3,6,20,2,0.00,0.00,0.00,0.00,0.00,0.03,0.05,0.09,0.03,0.09
Emiliano Viviano,it ITA,GK,SPAL,32,1985,17,17,1 524,16.sept,0,0,0,0,0,0,0,0,0.0,0.0,0.0,0.0,0,0,0,0.00,0.00,0.00,0.00,0.00,0.00,0.00,0.00,0.00,0.00
Felipe Vizeu,br BRA,FW DF,Udinese,21,1997,5,0,32,0.4,0,0,0,0,0,0,0,0,0.1,0.1,0.0,0.1,0,0,3,0.00,0.00,0.00,0.00,0.00,0.15,0.14,0.29,0.15,0.29
Player,Nation,Pos,Squad,Age,Born,MP,Starts,Min,90s,Gls,Ast,G+A,G-PK,PK,PKatt,CrdY,CrdR,xG,npxG,xAG,npxG+xAG,PrgC,PrgP,PrgR,Gls,Ast,G+A,G-PK,G+A-PK,xG,xAG,xG+xAG,npxG,npxG+xAG
Dušan Vlahović,rs SRB,FW,Fiorentina,18,2000,10,1,160,01.août,0,0,0,0,0,0,0,0,01.mai,01.mai,0.1,01.juin,4,3,20,0.00,0.00,0.00,0.00,0.00,0.83,0.08,0.91,0.83,0.91
Rai Vloet,nl NED,MF,Frosinone,23,1995,5,1,122,01.avr,0,0,0,0,0,0,0,0,0.2,0.2,0.2,0.4,1,2,8,0.00,0.00,0.00,0.00,0.00,0.18,0.15,0.33,0.18,0.33
Stefan de Vrij,nl NED,DF,Inter,26,1992,28,28,2 52,28.0,2,0,2,2,0,0,2,0,01.juin,01.juin,01.janv,02.juil,15,93,4,0.07,0.00,0.07,0.07,0.07,0.06,0.04,0.10,0.06,0.10
Šime Vrsaljko,hr CRO,DF,Inter,26,1992,10,8,727,08.janv,0,2,2,0,0,0,2,0,0.0,0.0,01.mars,01.avr,20,38,48,0.00,0.25,0.25,0.00,0.25,0.00,0.16,0.17,0.00,0.17
Molla Wagué,ml MLI,DF,Udinese,27,1991,2,1,95,01.janv,0,0,0,0,0,0,0,0,0.4,0.4,0.0,0.4,0,2,0,0.00,0.00,0.00,0.00,0.00,0.38,0.00,0.38,0.38,0.38
Wallace,br BRA,DF,Lazio,23,1994,16,14,1 233,13.juil,0,0,0,0,0,0,3,0,0.9,0.9,0.4,01.mars,7,55,3,0.00,0.00,0.00,0.00,0.00,0.07,0.03,0.09,0.07,0.09
Ben Wilmot,eng ENG,DF MF,Udinese,18,1999,5,2,199,02.févr,0,0,0,0,0,0,1,0,0.0,0.0,0.1,0.1,3,14,1,0.00,0.00,0.00,0.00,0.00,0.02,0.03,0.04,0.02,0.04
Amin Younes,de GER,MF FW,Napoli,24,1993,12,6,498,05.mai,3,2,5,3,0,0,1,0,01.juil,01.juil,0.9,02.juin,19,37,66,0.54,0.36,0.90,0.54,0.90,0.30,0.17,0.47,0.30,0.47
Miha Zajc,si SVN,MF FW,Empoli,24,1994,20,12,1 166,13.0,3,2,5,3,0,0,2,1,04.mai,04.mai,3.0,07.mai,43,56,95,0.23,0.15,0.39,0.23,0.39,0.35,0.23,0.58,0.35,0.58
Francesco Zampano,it ITA,DF MF,Frosinone,24,1993,27,24,2 102,23.avr,0,1,1,0,0,0,1,0,0.8,0.8,1.0,01.août,62,59,118,0.00,0.04,0.04,0.00,0.04,0.03,0.04,0.08,0.03,0.08
Nicolò Zaniolo,it ITA,MF FW,Roma,19,1999,27,20,1 766,19.juin,4,2,6,4,0,0,8,0,04.avr,04.avr,01.juil,06.févr,48,50,130,0.20,0.10,0.31,0.20,0.31,0.23,0.09,0.31,0.23,0.31
Cristián Zapata,co COL,DF,Milan,31,1986,13,12,1 026,11.avr,0,0,0,0,0,0,4,0,0.2,0.2,0.3,0.6,6,39,0,0.00,0.00,0.00,0.00,0.00,0.02,0.03,0.05,0.02,0.05
Duván Zapata,co COL,FW,Atalanta,27,1991,37,32,2 896,32.2,23,7,30,22,1,2,5,0,18.sept,17.mars,09.mai,26.août,108,68,374,0.71,0.22,0.93,0.68,0.90,0.59,0.30,0.88,0.54,0.83
Simone Zaza,it ITA,FW MF,Torino,27,1991,29,11,1 437,16.0,4,3,7,4,0,0,8,1,06.juin,06.juin,1.0,07.juin,17,16,108,0.25,0.19,0.44,0.25,0.44,0.41,0.06,0.48,0.41,0.48
Marvin Zeegelaar,nl NED,DF,Udinese,27,1990,12,10,956,10.juin,0,0,0,0,0,0,6,1,0.1,0.1,0.2,0.3,15,15,27,0.00,0.00,0.00,0.00,0.00,0.01,0.02,0.03,0.01,0.03
Piotr Zieliński,pl POL,MF,Napoli,24,1994,36,33,2 875,31.9,6,2,8,6,0,0,6,0,05.mai,05.mai,04.août,10.mars,134,249,197,0.19,0.06,0.25,0.19,0.25,0.17,0.15,0.32,0.17,0.32
Ervin Zukanović,ba BIH,DF,Genoa,31,1987,25,22,1 96,21.août,0,0,0,0,0,0,5,0,01.mai,01.mai,0.4,01.sept,11,58,13,0.00,0.00,0.00,0.00,0.00,0.07,0.02,0.09,0.07,0.09
Filip Đorđević,rs SRB,FW,Chievo,30,1987,13,6,634,7.0,1,1,2,1,0,0,1,0,3.0,3.0,0.6,03.juin,6,7,41,0.14,0.14,0.28,0.14,0.28,0.42,0.09,0.51,0.42,0.51
Filip Đuričić,rs SRB,FW MF,Sassuolo,26,1992,23,16,1 252,13.sept,2,1,3,2,0,0,2,1,01.avr,01.avr,01.mai,02.sept,36,56,76,0.14,0.07,0.22,0.14,0.22,0.10,0.11,0.21,0.10,0.21
